date,open,high,low,close,volume
2002-07-01,21.367000579833984,22.466999053955078,21.367000579833984,22.28700065612793,87810
2002-07-02,21.3700008392334,22.783000946044922,21.3700008392334,22.520000457763672,588615
2002-07-03,22.267000198364258,22.799999237060547,21.933000564575195,22.732999801635742,162075
2002-07-04,22.66699981689453,23.33300018310547,22.66699981689453,22.966999053955078,266625
2002-07-05,23.399999618530273,25.0,23.33300018310547,24.05699920654297,408600
2002-07-08,24.003000259399414,24.867000579833984,24.003000259399414,24.503000259399414,165600
2002-07-09,24.399999618530273,24.639999389648438,24.0,24.30699920654297,74835
2002-07-10,24.003000259399414,24.600000381469727,23.746999740600586,24.46299934387207,93675
2002-07-11,24.267000198364258,24.267000198364258,22.399999618530273,24.05699920654297,61380
2002-07-12,24.33300018310547,24.33300018310547,23.66699981689453,23.80699920654297,63405
2002-07-15,24.132999420166016,24.132999420166016,23.05299949645996,23.232999801635742,42795
2002-07-16,23.65999984741211,23.65999984741211,23.0,23.177000045776367,107070
2002-07-17,22.933000564575195,22.982999801635742,22.020000457763672,22.44300079345703,114600
2002-07-18,23.33300018310547,23.33300018310547,21.466999053955078,22.51300048828125,88500
2002-07-19,22.132999420166016,22.66699981689453,20.732999801635742,22.027000427246094,104325
2002-07-22,22.0,22.533000946044922,21.66699981689453,22.226999282836914,86790
2002-07-23,22.33300018310547,22.65999984741211,22.0,22.26300048828125,52935
2002-07-24,20.799999237060547,22.933000564575195,20.799999237060547,22.37299919128418,34530
2002-07-25,21.867000579833984,23.600000381469727,21.867000579833984,23.05699920654297,188115
2002-07-26,23.0,23.433000564575195,22.33300018310547,22.753000259399414,420480
2002-07-29,22.867000579833984,23.600000381469727,22.066999435424805,22.23699951171875,235215
2002-07-30,22.360000610351562,22.66699981689453,21.33300018310547,21.520000457763672,70515
2002-07-31,20.132999420166016,22.799999237060547,20.132999420166016,21.91699981689453,247245
2002-08-01,22.382999420166016,22.382999420166016,21.402999877929688,21.69700050354004,36225
2002-08-02,20.66699981689453,21.993000030517578,20.66699981689453,21.683000564575195,18165
2002-08-05,21.299999237060547,22.1200008392334,21.299999237060547,22.017000198364258,95790
2002-08-06,21.982999801635742,22.299999237060547,21.982999801635742,22.003000259399414,72615
2002-08-07,21.399999618530273,22.459999084472656,21.399999618530273,22.253000259399414,64575
2002-08-08,22.260000228881836,22.533000946044922,22.07699966430664,22.40999984741211,130245
2002-08-09,21.767000198364258,22.533000946044922,21.767000198364258,22.413000106811523,62790
2002-08-12,22.066999435424805,22.663000106811523,22.066999435424805,22.243000030517578,31755
2002-08-13,22.08300018310547,22.600000381469727,22.08300018310547,22.367000579833984,64410
2002-08-14,21.466999053955078,25.267000198364258,21.466999053955078,22.30699920654297,71940
2002-08-15,22.30699920654297,22.30699920654297,22.30699920654297,22.30699920654297,0
2002-08-16,22.207000732421875,22.579999923706055,22.093000411987305,22.207000732421875,44520
2002-08-19,21.969999313354492,22.533000946044922,21.3700008392334,21.700000762939453,203220
2002-08-20,21.927000045776367,22.933000564575195,21.799999237060547,22.702999114990234,137910
2002-08-21,22.966999053955078,23.0,22.200000762939453,22.350000381469727,95760
2002-08-22,22.336999893188477,22.66699981689453,21.68000030517578,22.542999267578125,73305
2002-08-23,22.367000579833984,22.6200008392334,22.33300018310547,22.466999053955078,118755
2002-08-26,22.270000457763672,22.799999237060547,22.270000457763672,22.527000427246094,83790
2002-08-27,22.799999237060547,22.933000564575195,22.533000946044922,22.549999237060547,57975
2002-08-28,23.09000015258789,23.09000015258789,22.533000946044922,22.566999435424805,96015
2002-08-29,22.533000946044922,22.867000579833984,22.347000122070312,22.670000076293945,147930
2002-08-30,22.66699981689453,22.792999267578125,22.600000381469727,22.683000564575195,30945
2002-09-02,22.732999801635742,23.0,22.469999313354492,22.69300079345703,48225
2002-09-03,22.993000030517578,23.0,22.33300018310547,22.913000106811523,133830
2002-09-04,22.799999237060547,22.933000564575195,22.670000076293945,22.767000198364258,12720
2002-09-05,23.466999053955078,24.933000564575195,23.200000762939453,23.35700035095215,324420
2002-09-06,23.360000610351562,23.726999282836914,23.200000762939453,23.440000534057617,104160
2002-09-09,24.933000564575195,24.933000564575195,22.732999801635742,22.906999588012695,44100
2002-09-10,22.906999588012695,22.906999588012695,22.906999588012695,22.906999588012695,0
2002-09-11,23.132999420166016,23.229999542236328,22.66699981689453,22.729999542236328,318075
2002-09-12,23.299999237060547,23.299999237060547,22.670000076293945,22.85700035095215,75300
2002-09-13,22.066999435424805,23.066999435424805,22.066999435424805,22.966999053955078,22545
2002-09-16,22.66699981689453,23.059999465942383,22.66699981689453,22.8700008392334,72045
2002-09-17,22.867000579833984,22.96299934387207,22.746999740600586,22.867000579833984,31845
2002-09-18,22.867000579833984,23.0,22.816999435424805,22.966999053955078,57960
2002-09-19,23.0,23.132999420166016,22.60700035095215,23.023000717163086,287775
2002-09-20,24.0,24.0,22.739999771118164,22.80699920654297,25680
2002-09-23,22.716999053955078,22.982999801635742,22.639999389648438,22.66699981689453,18975
2002-09-24,22.700000762939453,23.33300018310547,22.60700035095215,23.246999740600586,503745
2002-09-25,22.966999053955078,23.0,22.75,22.809999465942383,10275
2002-09-26,24.66699981689453,24.66699981689453,22.670000076293945,22.84000015258789,7785
2002-09-27,23.260000228881836,23.260000228881836,22.83300018310547,22.927000045776367,15315
2002-09-30,24.0,24.0,22.670000076293945,22.783000946044922,27465
2002-10-01,22.670000076293945,22.920000076293945,22.66699981689453,22.677000045776367,12840
2002-10-02,22.677000045776367,22.677000045776367,22.677000045776367,22.677000045776367,0
2002-10-03,22.66699981689453,23.059999465942383,22.66699981689453,22.98699951171875,46560
2002-10-04,23.0,23.267000198364258,22.707000732421875,23.086999893188477,42345
2002-10-07,21.66699981689453,23.066999435424805,21.66699981689453,23.05299949645996,82650
2002-10-08,22.267000198364258,23.32699966430664,22.267000198364258,22.940000534057617,769245
2002-10-09,22.867000579833984,23.0,22.69300079345703,22.80699920654297,85935
2002-10-10,22.933000564575195,23.0,22.767000198364258,22.797000885009766,76920
2002-10-11,22.783000946044922,23.049999237060547,22.739999771118164,22.959999084472656,28455
2002-10-14,23.299999237060547,23.299999237060547,22.632999420166016,22.700000762939453,80130
2002-10-15,22.700000762939453,22.700000762939453,22.700000762939453,22.700000762939453,0
2002-10-16,23.0,23.0,22.66699981689453,22.716999053955078,1001205
2002-10-17,23.267000198364258,23.267000198364258,22.812999725341797,22.957000732421875,486090
2002-10-18,23.239999771118164,23.239999771118164,22.610000610351562,22.68000030517578,80985
2002-10-21,22.707000732421875,22.92300033569336,22.33300018310547,22.700000762939453,319500
2002-10-22,23.132999420166016,23.132999420166016,22.132999420166016,22.702999114990234,449505
2002-10-23,22.33300018310547,23.062999725341797,22.33300018310547,22.69700050354004,105795
2002-10-24,22.466999053955078,22.976999282836914,22.466999053955078,22.64299964904785,121560
2002-10-25,22.863000869750977,22.863000869750977,22.33300018310547,22.610000610351562,396735
2002-10-28,22.33300018310547,22.459999084472656,22.0,22.222999572753906,348720
2002-10-29,22.010000228881836,22.267000198364258,22.010000228881836,22.086999893188477,37365
2002-10-30,22.0,22.0,21.533000946044922,21.726999282836914,182820
2002-10-31,21.867000579833984,22.0,21.767000198364258,21.89699935913086,33030
2002-11-01,22.0,22.0,21.33300018310547,21.547000885009766,67995
2002-11-04,21.799999237060547,22.399999618530273,21.799999237060547,22.3700008392334,11865
2002-11-05,22.10700035095215,22.466999053955078,22.097000122070312,22.42300033569336,26295
2002-11-06,22.42300033569336,22.42300033569336,22.42300033569336,22.42300033569336,0
2002-11-07,22.726999282836914,22.726999282836914,21.466999053955078,21.56999969482422,234735
2002-11-08,21.799999237060547,21.799999237060547,21.613000869750977,21.66699981689453,131475
2002-11-11,21.799999237060547,21.933000564575195,21.207000732421875,21.479999542236328,161295
2002-11-12,21.5,21.533000946044922,21.299999237060547,21.32699966430664,20775
2002-11-13,21.523000717163086,21.732999801635742,21.329999923706055,21.709999084472656,33360
2002-11-14,21.66699981689453,22.399999618530273,21.66699981689453,22.14299964904785,60870
2002-11-15,22.139999389648438,22.297000885009766,21.732999801635742,21.90999984741211,13110
2002-11-18,21.799999237060547,21.966999053955078,21.533000946044922,21.579999923706055,27525
2002-11-19,21.579999923706055,21.579999923706055,21.579999923706055,21.579999923706055,0
2002-11-20,21.549999237060547,21.726999282836914,21.399999618530273,21.42300033569336,46080
2002-11-21,21.533000946044922,22.0,21.533000946044922,21.767000198364258,45675
2002-11-22,22.0,22.100000381469727,21.996999740600586,22.006999969482422,19215
2002-11-25,22.003000259399414,22.132999420166016,22.0,22.023000717163086,34650
2002-11-26,22.132999420166016,22.26300048828125,22.0,22.100000381469727,27495
2002-11-27,22.200000762939453,22.267000198364258,22.006999969482422,22.040000915527344,24015
2002-11-28,22.003000259399414,22.08300018310547,21.969999313354492,22.042999267578125,21945
2002-11-29,21.80299949645996,22.062999725341797,21.533000946044922,21.729999542236328,194625
2002-12-02,21.933000564575195,22.017000198364258,21.670000076293945,21.85700035095215,171555
2002-12-03,22.0,22.0,21.677000045776367,21.790000915527344,925215
2002-12-04,21.799999237060547,22.0,21.700000762939453,21.906999588012695,6705
2002-12-05,22.399999618530273,25.33300018310547,21.889999389648438,22.023000717163086,23775
2002-12-06,22.16699981689453,22.200000762939453,21.937000274658203,22.030000686645508,61455
2002-12-09,22.0,22.25,21.933000564575195,22.049999237060547,35655
2002-12-10,21.610000610351562,22.100000381469727,21.610000610351562,22.0,2556705
2002-12-11,22.08300018310547,22.33300018310547,21.87700080871582,22.003000259399414,1027050
2002-12-12,21.937000274658203,22.33300018310547,21.799999237060547,22.113000869750977,281640
2002-12-13,22.0,22.799999237060547,21.8700008392334,22.256999969482422,179070
2002-12-16,22.132999420166016,22.200000762939453,21.83300018310547,21.996999740600586,49470
2002-12-17,21.899999618530273,22.100000381469727,21.867000579833984,21.96299934387207,23265
2002-12-18,22.600000381469727,22.600000381469727,22.0,22.132999420166016,33705
2002-12-19,22.0,22.226999282836914,22.0,22.132999420166016,662415
2002-12-20,21.03700065612793,22.232999801635742,21.03700065612793,21.952999114990234,25080
2002-12-23,22.0,22.033000946044922,21.66699981689453,21.68000030517578,36885
2002-12-24,21.979999542236328,21.979999542236328,21.466999053955078,21.506999969482422,147645
2002-12-25,21.506999969482422,21.506999969482422,21.506999969482422,21.506999969482422,0
2002-12-26,21.600000381469727,22.0,21.33300018310547,21.790000915527344,83250
2002-12-27,21.67300033569336,21.867000579833984,21.566999435424805,21.709999084472656,9375
2002-12-30,21.933000564575195,21.972999572753906,21.67300033569336,21.69300079345703,26310
2002-12-31,21.732999801635742,21.867000579833984,21.652999877929688,21.683000564575195,82995
2003-01-01,21.66699981689453,21.75,21.66699981689453,21.677000045776367,12885
2003-01-02,21.66699981689453,21.867000579833984,21.66699981689453,21.80299949645996,15960
2003-01-03,21.8700008392334,22.132999420166016,21.83300018310547,21.84000015258789,21945
2003-01-06,21.933000564575195,21.982999801635742,21.732999801635742,21.94300079345703,25155
2003-01-07,21.933000564575195,22.093000411987305,21.867000579833984,22.062999725341797,33825
2003-01-08,22.066999435424805,22.09000015258789,21.94300079345703,22.05699920654297,114570
2003-01-09,22.066999435424805,22.132999420166016,21.847000122070312,22.066999435424805,51555
2003-01-10,22.062999725341797,22.132999420166016,21.933000564575195,22.110000610351562,30540
2003-01-13,24.66699981689453,24.66699981689453,21.799999237060547,21.993000030517578,59040
2003-01-14,22.26300048828125,22.466999053955078,22.136999130249023,22.39299964904785,45600
2003-01-15,22.267000198364258,22.62700080871582,21.652999877929688,21.906999588012695,50295
2003-01-16,20.66699981689453,22.466999053955078,20.66699981689453,22.42300033569336,150120
2003-01-17,22.33300018310547,22.433000564575195,22.267000198364258,22.297000885009766,89235
2003-01-20,22.406999588012695,22.406999588012695,22.136999130249023,22.309999465942383,29775
2003-01-21,20.732999801635742,22.533000946044922,20.66699981689453,22.30699920654297,31245
2003-01-22,22.46299934387207,22.46299934387207,22.267000198364258,22.37700080871582,207600
2003-01-23,22.527000427246094,22.527000427246094,22.06999969482422,22.229999542236328,61650
2003-01-24,22.132999420166016,22.33300018310547,22.132999420166016,22.299999237060547,60285
2003-01-27,22.06999969482422,22.31999969482422,21.799999237060547,22.097000122070312,23250
2003-01-28,22.033000946044922,22.399999618530273,22.033000946044922,22.187000274658203,60855
2003-01-29,22.200000762939453,22.26300048828125,21.756999969482422,21.979999542236328,33105
2003-01-30,22.010000228881836,22.079999923706055,21.732999801635742,22.020000457763672,17520
2003-01-31,21.80699920654297,22.066999435424805,21.66699981689453,21.729999542236328,26985
2003-02-03,21.399999618530273,22.15999984741211,21.399999618530273,21.597000122070312,54750
2003-02-04,21.533000946044922,21.933000564575195,21.533000946044922,21.85300064086914,18540
2003-02-05,21.64699935913086,22.10700035095215,21.64699935913086,22.0,108795
2003-02-06,21.8700008392334,22.0,21.83300018310547,22.0,49860
2003-02-07,21.739999771118164,21.92300033569336,21.739999771118164,21.886999130249023,24570
2003-02-10,21.66699981689453,21.94700050354004,21.466999053955078,21.687000274658203,20490
2003-02-11,22.01300048828125,22.01300048828125,21.66699981689453,21.709999084472656,22020
2003-02-12,21.863000869750977,21.863000869750977,21.66699981689453,21.777000427246094,4545
2003-02-13,21.777000427246094,21.777000427246094,21.777000427246094,21.777000427246094,0
2003-02-14,21.66699981689453,21.700000762939453,21.399999618530273,21.617000579833984,46095
2003-02-17,21.542999267578125,21.85700035095215,21.367000579833984,21.510000228881836,21525
2003-02-18,21.66699981689453,21.863000869750977,21.336999893188477,21.399999618530273,66765
2003-02-19,21.649999618530273,21.649999618530273,21.363000869750977,21.5,47265
2003-02-20,21.466999053955078,21.66699981689453,21.399999618530273,21.60300064086914,149370
2003-02-21,21.600000381469727,21.732999801635742,21.55699920654297,21.67300033569336,34065
2003-02-24,21.783000946044922,21.797000885009766,21.433000564575195,21.479999542236328,13755
2003-02-25,21.466999053955078,21.600000381469727,21.466999053955078,21.586999893188477,22545
2003-02-26,21.66699981689453,21.66699981689453,21.33300018310547,21.34000015258789,16515
2003-02-27,21.350000381469727,21.600000381469727,21.34000015258789,21.42300033569336,10200
2003-02-28,21.472999572753906,21.64699935913086,21.003000259399414,21.177000045776367,45405
2003-03-03,21.549999237060547,21.549999237060547,20.933000564575195,21.023000717163086,122715
2003-03-04,21.66699981689453,21.66699981689453,20.732999801635742,20.83300018310547,58515
2003-03-05,21.299999237060547,21.299999237060547,20.66699981689453,20.773000717163086,212100
2003-03-06,20.899999618530273,21.006999969482422,20.8700008392334,20.93000030517578,16500
2003-03-07,20.933000564575195,21.450000762939453,20.867000579833984,21.343000411987305,49020
2003-03-10,21.66699981689453,22.066999435424805,21.399999618530273,21.902999877929688,97065
2003-03-11,21.66699981689453,22.200000762939453,21.66699981689453,22.163000106811523,568125
2003-03-12,22.0,22.100000381469727,21.933000564575195,22.049999237060547,31560
2003-03-13,21.993000030517578,22.200000762939453,21.867000579833984,22.139999389648438,41265
2003-03-14,22.139999389648438,22.139999389648438,22.139999389648438,22.139999389648438,0
2003-03-17,22.033000946044922,22.329999923706055,21.770000457763672,22.040000915527344,76605
2003-03-18,22.040000915527344,22.040000915527344,22.040000915527344,22.040000915527344,0
2003-03-19,22.33300018310547,23.933000564575195,22.0,22.617000579833984,314415
2003-03-20,22.33300018310547,23.0,22.280000686645508,22.933000564575195,142350
2003-03-21,22.933000564575195,23.062999725341797,22.816999435424805,23.027000427246094,190095
2003-03-24,22.33300018310547,23.290000915527344,22.33300018310547,23.219999313354492,279615
2003-03-25,22.993000030517578,23.132999420166016,22.533000946044922,22.790000915527344,229980
2003-03-26,22.783000946044922,22.783000946044922,22.476999282836914,22.58300018310547,19845
2003-03-27,22.399999618530273,22.66699981689453,22.367000579833984,22.566999435424805,30765
2003-03-28,22.367000579833984,22.367000579833984,22.079999923706055,22.207000732421875,12105
2003-03-31,22.132999420166016,22.33300018310547,21.886999130249023,22.0,179940
2003-04-01,21.533000946044922,21.966999053955078,21.367000579833984,21.91699981689453,23235
2003-04-02,21.933000564575195,22.059999465942383,21.799999237060547,21.982999801635742,4500
2003-04-03,21.979999542236328,22.059999465942383,21.867000579833984,21.966999053955078,6915
2003-04-04,21.933000564575195,22.10300064086914,21.87700080871582,22.01300048828125,12075
2003-04-07,22.0,22.267000198364258,21.67300033569336,21.913000106811523,26325
2003-04-08,22.0,22.466999053955078,21.732999801635742,21.816999435424805,23265
2003-04-09,22.0,22.066999435424805,21.732999801635742,21.80299949645996,13515
2003-04-10,21.600000381469727,22.0,21.399999618530273,21.562999725341797,57330
2003-04-11,21.632999420166016,21.867000579833984,21.533000946044922,21.593000411987305,18165
2003-04-15,21.867000579833984,21.867000579833984,21.600000381469727,21.683000564575195,22275
2003-04-16,21.600000381469727,21.933000564575195,21.466999053955078,21.632999420166016,438645
2003-04-17,22.132999420166016,22.132999420166016,21.613000869750977,21.860000610351562,62925
2003-04-18,21.860000610351562,21.860000610351562,21.860000610351562,21.860000610351562,0
2003-04-21,21.726999282836914,22.260000228881836,21.533000946044922,21.547000885009766,63705
2003-04-22,21.860000610351562,22.33300018310547,21.670000076293945,21.96299934387207,63855
2003-04-23,21.933000564575195,21.933000564575195,21.67300033569336,21.709999084472656,20715
2003-04-24,21.66699981689453,21.867000579833984,21.60300064086914,21.809999465942383,15945
2003-04-25,21.503000259399414,21.760000228881836,21.503000259399414,21.6200008392334,74355
2003-04-28,21.66699981689453,21.799999237060547,21.66699981689453,21.726999282836914,15270
2003-04-29,21.799999237060547,22.200000762939453,21.770000457763672,21.950000762939453,116415
2003-04-30,22.0,22.14699935913086,22.0,22.079999923706055,413175
2003-05-01,22.079999923706055,22.079999923706055,22.079999923706055,22.079999923706055,0
2003-05-02,22.0,24.66699981689453,22.0,23.729999542236328,136125
2003-05-05,23.933000564575195,24.0,22.670000076293945,22.780000686645508,78720
2003-05-06,23.0,23.0,22.466999053955078,22.610000610351562,63255
2003-05-07,22.732999801635742,23.0,22.66699981689453,22.920000076293945,282525
2003-05-08,22.816999435424805,22.816999435424805,22.649999618530273,22.739999771118164,53295
2003-05-09,22.670000076293945,22.847000122070312,22.600000381469727,22.756999969482422,71700
2003-05-12,22.66699981689453,22.850000381469727,22.632999420166016,22.677000045776367,82605
2003-05-13,22.867000579833984,22.867000579833984,22.427000045776367,22.542999267578125,20355
2003-05-14,22.593000411987305,22.670000076293945,22.399999618530273,22.452999114990234,62280
2003-05-15,22.466999053955078,22.867000579833984,22.466999053955078,22.790000915527344,53535
2003-05-16,22.799999237060547,26.65999984741211,22.799999237060547,24.683000564575195,2249550
2003-05-19,25.097000122070312,25.600000381469727,24.533000946044922,24.66699981689453,555705
2003-05-20,24.982999801635742,24.982999801635742,24.450000762939453,24.520000457763672,221070
2003-05-21,24.799999237060547,24.83300018310547,23.87700080871582,24.0,190545
2003-05-22,24.33300018310547,24.559999465942383,23.94700050354004,24.12700080871582,189105
2003-05-23,24.273000717163086,24.899999618530273,24.14699935913086,24.816999435424805,182670
2003-05-26,25.25,25.66699981689453,25.132999420166016,25.363000869750977,284715
2003-05-27,25.65999984741211,25.65999984741211,24.600000381469727,24.732999801635742,394035
2003-05-28,25.0,25.84000015258789,24.89299964904785,25.413000106811523,797115
2003-05-29,26.600000381469727,26.600000381469727,24.902999877929688,25.253000259399414,604125
2003-05-30,25.33300018310547,25.33300018310547,25.0,25.177000045776367,201765
2003-06-02,25.386999130249023,25.65999984741211,24.87299919128418,25.183000564575195,147870
2003-06-03,25.386999130249023,25.420000076293945,25.0,25.243000030517578,102840
2003-06-04,25.33300018310547,25.527000427246094,25.200000762939453,25.46299934387207,774795
2003-06-05,25.533000946044922,25.600000381469727,25.28700065612793,25.459999084472656,158595
2003-06-06,25.466999053955078,25.722999572753906,25.343000411987305,25.542999267578125,147435
2003-06-09,25.66699981689453,25.732999801635742,25.30699920654297,25.503000259399414,164475
2003-06-10,24.8700008392334,25.559999465942383,24.549999237060547,24.68000030517578,242505
2003-06-11,25.18000030517578,25.26300048828125,25.0,25.042999267578125,68595
2003-06-12,25.593000411987305,25.593000411987305,25.07699966430664,25.1200008392334,99360
2003-06-13,25.26300048828125,25.322999954223633,24.882999420166016,25.093000411987305,65265
2003-06-16,25.0,25.30699920654297,24.777000427246094,24.87700080871582,104565
2003-06-17,25.066999435424805,25.46299934387207,25.066999435424805,25.19300079345703,144405
2003-06-18,25.10700035095215,25.559999465942383,25.10700035095215,25.48699951171875,120420
2003-06-19,25.399999618530273,25.600000381469727,25.3700008392334,25.427000045776367,53400
2003-06-20,25.33300018310547,25.533000946044922,25.202999114990234,25.44700050354004,71700
2003-06-23,25.399999618530273,25.533000946044922,23.732999801635742,25.30299949645996,82275
2003-06-24,25.367000579833984,25.457000732421875,25.270000457763672,25.399999618530273,37845
2003-06-25,25.489999771118164,25.489999771118164,25.267000198364258,25.347000122070312,33255
2003-06-26,25.466999053955078,25.533000946044922,25.200000762939453,25.277000427246094,74235
2003-06-27,25.232999801635742,25.399999618530273,25.01300048828125,25.202999114990234,161685
2003-06-30,25.32699966430664,25.600000381469727,25.14699935913086,25.309999465942383,167025
2003-07-01,25.527000427246094,25.66699981689453,25.267000198364258,25.48699951171875,115755
2003-07-02,25.360000610351562,25.60700035095215,25.350000381469727,25.523000717163086,332415
2003-07-03,25.566999435424805,26.927000045776367,25.566999435424805,26.482999801635742,301605
2003-07-04,27.059999465942383,27.059999465942383,26.132999420166016,26.44300079345703,181125
2003-07-07,26.66699981689453,26.867000579833984,26.41699981689453,26.67300033569336,116925
2003-07-08,26.66699981689453,27.0,26.542999267578125,26.792999267578125,179265
2003-07-09,26.597000122070312,26.597000122070312,25.767000198364258,26.136999130249023,69390
2003-07-10,26.132999420166016,26.33300018310547,25.799999237060547,25.98699951171875,92085
2003-07-11,26.066999435424805,27.533000946044922,26.066999435424805,26.457000732421875,145980
2003-07-14,26.799999237060547,26.867000579833984,26.402999877929688,26.75,129375
2003-07-15,26.799999237060547,26.799999237060547,26.466999053955078,26.732999801635742,252870
2003-07-16,26.799999237060547,26.799999237060547,26.41699981689453,26.559999465942383,262140
2003-07-17,26.66699981689453,26.867000579833984,26.33300018310547,26.41699981689453,63255
2003-07-18,26.617000579833984,26.920000076293945,26.533000946044922,26.790000915527344,202980
2003-07-21,24.3799991607666,26.790000915527344,24.3799991607666,26.55299949645996,69765
2003-07-22,26.5,26.663000106811523,26.336999893188477,26.469999313354492,46455
2003-07-23,26.466999053955078,26.632999420166016,26.202999114990234,26.39299964904785,29625
2003-07-24,26.232999801635742,26.33300018310547,25.700000762939453,26.270000457763672,85785
2003-07-25,26.78700065612793,26.78700065612793,26.132999420166016,26.25,103485
2003-07-28,26.66699981689453,26.66699981689453,26.437000274658203,26.540000915527344,47220
2003-07-29,26.66699981689453,26.732999801635742,26.43000030517578,26.690000534057617,84915
2003-07-30,26.66699981689453,26.933000564575195,26.66699981689453,26.743000030517578,85485
2003-07-31,26.993000030517578,26.993000030517578,26.132999420166016,26.566999435424805,110070
2003-08-01,26.66699981689453,27.0,26.399999618530273,26.940000534057617,1740705
2003-08-04,27.260000228881836,27.66699981689453,26.64299964904785,26.867000579833984,237840
2003-08-05,27.66699981689453,27.66699981689453,26.882999420166016,26.976999282836914,245820
2003-08-06,26.80699920654297,27.33300018310547,26.799999237060547,26.90999984741211,212835
2003-08-07,27.66699981689453,27.66699981689453,26.920000076293945,26.976999282836914,278445
2003-08-08,27.260000228881836,27.399999618530273,27.170000076293945,27.28700065612793,186285
2003-08-11,27.33300018310547,27.732999801635742,27.267000198364258,27.343000411987305,255195
2003-08-12,27.33300018310547,28.33300018310547,27.33300018310547,27.81999969482422,255045
2003-08-13,27.933000564575195,28.399999618530273,27.867000579833984,28.33300018310547,194340
2003-08-14,28.399999618530273,29.33300018310547,28.283000946044922,29.190000534057617,314325
2003-08-15,29.190000534057617,29.190000534057617,29.190000534057617,29.190000534057617,0
2003-08-18,29.132999420166016,30.799999237060547,29.132999420166016,30.60700035095215,355650
2003-08-19,32.0,32.400001525878906,29.690000534057617,30.239999771118164,324015
2003-08-20,29.066999435424805,30.65999984741211,28.67300033569336,29.273000717163086,512505
2003-08-21,29.3799991607666,29.993000030517578,28.80699920654297,29.05699920654297,613995
2003-08-22,28.799999237060547,29.905000686645508,27.200000762939453,29.395000457763672,866350
2003-08-25,28.260000228881836,30.299999237060547,28.260000228881836,29.53499984741211,698550
2003-08-26,29.600000381469727,30.575000762939453,29.600000381469727,30.44499969482422,418790
2003-08-27,30.5,30.700000762939453,30.200000762939453,30.434999465942383,510090
2003-08-28,30.399999618530273,30.799999237060547,30.225000381469727,30.4950008392334,985060
2003-08-29,30.950000762939453,30.950000762939453,30.334999084472656,30.75,841230
2003-09-01,30.899999618530273,30.899999618530273,30.0049991607666,30.25,318830
2003-09-02,30.594999313354492,30.600000381469727,29.899999618530273,30.0049991607666,254850
2003-09-03,30.3799991607666,30.799999237060547,29.700000762939453,30.030000686645508,368240
2003-09-04,30.0,30.700000762939453,29.799999237060547,30.475000381469727,756980
2003-09-05,30.600000381469727,30.600000381469727,29.799999237060547,30.100000381469727,175970
2003-09-08,30.5,30.600000381469727,30.290000915527344,30.479999542236328,275670
2003-09-09,30.5,30.700000762939453,30.0,30.594999313354492,418640
2003-09-10,30.299999237060547,30.799999237060547,30.200000762939453,30.56999969482422,606180
2003-09-11,30.700000762939453,31.5,30.700000762939453,31.024999618530273,540430
2003-09-12,31.489999771118164,32.400001525878906,31.100000381469727,31.329999923706055,801660
2003-09-15,31.5,31.5,30.600000381469727,30.7450008392334,890410
2003-09-16,30.104999542236328,31.0,30.104999542236328,30.895000457763672,810680
2003-09-17,30.600000381469727,31.100000381469727,30.30500030517578,30.7450008392334,355900
2003-09-18,30.600000381469727,30.799999237060547,30.25,30.364999771118164,60100
2003-09-19,30.200000762939453,30.799999237060547,29.899999618530273,30.200000762939453,106600
2003-09-22,30.010000228881836,30.700000762939453,30.010000228881836,30.59000015258789,199530
2003-09-23,30.600000381469727,30.649999618530273,30.100000381469727,30.459999084472656,143870
2003-09-24,30.5,30.600000381469727,30.325000762939453,30.485000610351562,203100
2003-09-25,30.200000762939453,30.5,30.149999618530273,30.235000610351562,57500
2003-09-26,30.479999542236328,30.899999618530273,30.235000610351562,30.53499984741211,245540
2003-09-29,29.850000381469727,30.799999237060547,29.850000381469727,30.18000030517578,204920
2003-09-30,30.200000762939453,30.600000381469727,30.18000030517578,30.360000610351562,250440
2003-10-01,30.299999237060547,30.5,30.204999923706055,30.3700008392334,95330
2003-10-02,30.3700008392334,30.3700008392334,30.3700008392334,30.3700008392334,0
2003-10-03,30.110000610351562,30.5,30.110000610351562,30.479999542236328,205510
2003-10-06,30.479999542236328,30.5,30.010000228881836,30.059999465942383,229530
2003-10-07,30.200000762939453,30.5,30.100000381469727,30.325000762939453,395390
2003-10-08,30.299999237060547,30.5,30.200000762939453,30.46500015258789,204610
2003-10-09,30.5,30.5,30.204999923706055,30.34000015258789,205130
2003-10-10,30.489999771118164,30.5,30.30500030517578,30.450000762939453,294850
2003-10-13,30.600000381469727,31.3799991607666,30.299999237060547,31.229999542236328,376790
2003-10-14,31.200000762939453,31.200000762939453,30.799999237060547,30.875,577020
2003-10-15,30.719999313354492,30.899999618530273,30.299999237060547,30.530000686645508,407450
2003-10-16,30.5,30.795000076293945,30.0049991607666,30.2450008392334,310910
2003-10-17,30.110000610351562,30.5,30.104999542236328,30.469999313354492,431020
2003-10-20,30.399999618530273,30.5,29.610000610351562,29.700000762939453,772350
2003-10-21,29.700000762939453,29.989999771118164,29.0,29.075000762939453,172940
2003-10-22,32.29999923706055,32.29999923706055,28.760000228881836,28.975000381469727,160360
2003-10-23,29.989999771118164,29.989999771118164,28.309999465942383,28.479999542236328,278100
2003-10-24,28.25,29.200000762939453,28.21500015258789,28.94499969482422,158570
2003-10-27,28.9950008392334,29.100000381469727,28.25,28.34000015258789,125440
2003-10-28,28.850000381469727,28.889999389648438,28.200000762939453,28.280000686645508,117530
2003-10-29,28.5,28.600000381469727,28.200000762939453,28.329999923706055,597950
2003-10-30,28.299999237060547,28.399999618530273,28.100000381469727,28.315000534057617,356230
2003-10-31,28.40999984741211,28.40999984741211,27.299999237060547,27.440000534057617,1111650
2003-11-03,27.75,28.5,27.75,28.219999313354492,404740
2003-11-04,28.364999771118164,29.0,28.200000762939453,28.674999237060547,372160
2003-11-05,28.575000762939453,29.649999618530273,28.575000762939453,29.44499969482422,397700
2003-11-06,29.700000762939453,31.25,29.600000381469727,30.920000076293945,783700
2003-11-07,30.200000762939453,31.395000457763672,28.114999771118164,30.68000030517578,577800
2003-11-10,29.5049991607666,30.889999389648438,29.5049991607666,30.424999237060547,396190
2003-11-11,30.700000762939453,30.709999084472656,30.165000915527344,30.440000534057617,497660
2003-11-12,30.700000762939453,30.799999237060547,30.325000762939453,30.53499984741211,219260
2003-11-13,30.760000228881836,30.799999237060547,30.30500030517578,30.655000686645508,211960
2003-11-14,30.700000762939453,30.739999771118164,30.200000762939453,30.649999618530273,389880
2003-11-17,30.5,30.899999618530273,30.299999237060547,30.645000457763672,219580
2003-11-18,30.899999618530273,30.899999618530273,30.405000686645508,30.635000228881836,152970
2003-11-19,30.399999618530273,30.59000015258789,30.299999237060547,30.53499984741211,349760
2003-11-20,30.5,30.56999969482422,30.200000762939453,30.459999084472656,129080
2003-11-21,30.21500015258789,30.600000381469727,29.30500030517578,30.510000228881836,171020
2003-11-24,30.25,30.790000915527344,30.110000610351562,30.69499969482422,200900
2003-11-25,30.899999618530273,30.899999618530273,30.325000762939453,30.69499969482422,150150
2003-11-26,30.69499969482422,30.69499969482422,30.69499969482422,30.69499969482422,0
2003-11-27,30.600000381469727,30.989999771118164,30.399999618530273,30.770000457763672,741340
2003-11-28,31.0,31.299999237060547,30.55500030517578,30.954999923706055,262930
2003-12-01,30.899999618530273,31.174999237060547,30.670000076293945,30.905000686645508,727640
2003-12-02,30.899999618530273,31.075000762939453,30.799999237060547,30.985000610351562,312450
2003-12-03,30.899999618530273,31.395000457763672,30.815000534057617,31.135000228881836,602760
2003-12-04,31.125,31.5,30.90999984741211,31.31999969482422,812320
2003-12-05,31.479999542236328,31.934999465942383,31.299999237060547,31.709999084472656,605890
2003-12-08,31.700000762939453,33.0,31.5,31.985000610351562,454460
2003-12-09,32.4900016784668,32.9900016784668,31.799999237060547,32.02000045776367,375160
2003-12-10,32.0099983215332,32.54499816894531,32.0099983215332,32.415000915527344,362580
2003-12-11,32.400001525878906,32.900001525878906,32.400001525878906,32.79999923706055,472900
2003-12-12,32.849998474121094,33.0,32.400001525878906,32.75,200750
2003-12-15,32.9900016784668,33.2599983215332,32.80500030517578,32.959999084472656,546900
2003-12-16,32.75,32.994998931884766,32.25,32.439998626708984,213420
2003-12-17,32.5,32.97999954223633,32.5,32.61000061035156,196640
2003-12-18,32.939998626708984,33.21500015258789,31.899999618530273,32.525001525878906,339600
2003-12-19,32.79999923706055,32.900001525878906,31.94499969482422,31.979999542236328,549840
2003-12-22,32.525001525878906,32.790000915527344,32.130001068115234,32.404998779296875,230900
2003-12-23,32.790000915527344,32.790000915527344,32.099998474121094,32.15999984741211,137650
2003-12-24,32.349998474121094,32.5,32.11000061035156,32.35499954223633,182310
2003-12-25,32.35499954223633,32.35499954223633,32.35499954223633,32.35499954223633,0
2003-12-26,32.599998474121094,32.70000076293945,32.125,32.560001373291016,241890
2003-12-29,32.79999923706055,33.25,32.55500030517578,32.665000915527344,589810
2003-12-30,32.900001525878906,32.900001525878906,32.29999923706055,32.345001220703125,194050
2003-12-31,32.5,33.75,32.5,33.47999954223633,985760
2004-01-01,33.099998474121094,34.29999923706055,33.099998474121094,33.6150016784668,476740
2004-01-02,33.90999984741211,34.0,33.20000076293945,33.5099983215332,334800
2004-01-05,33.89500045776367,34.599998474121094,33.5,34.04499816894531,773080
2004-01-06,34.0,34.380001068115234,32.349998474121094,32.82500076293945,542030
2004-01-07,33.20000076293945,33.349998474121094,32.599998474121094,32.89500045776367,371970
2004-01-08,32.650001525878906,33.79999923706055,32.650001525878906,33.66999816894531,393620
2004-01-09,35.0,36.095001220703125,32.0099983215332,33.94499969482422,383270
2004-01-12,34.0,34.20000076293945,33.099998474121094,34.005001068115234,869400
2004-01-13,34.20000076293945,34.45000076293945,33.20000076293945,34.14500045776367,535740
2004-01-14,34.099998474121094,34.400001525878906,34.099998474121094,34.275001525878906,160590
2004-01-15,34.5,34.5,34.0,34.32500076293945,557770
2004-01-16,34.29999923706055,34.29999923706055,33.5,34.005001068115234,244230
2004-01-19,34.005001068115234,34.005001068115234,33.099998474121094,33.70000076293945,149410
2004-01-20,34.0,34.189998626708984,33.01499938964844,33.584999084472656,303760
2004-01-21,33.0,34.0,31.799999237060547,32.834999084472656,341760
2004-01-22,32.099998474121094,33.5,31.43000030517578,32.064998626708984,230530
2004-01-23,31.510000228881836,34.60499954223633,31.510000228881836,34.20500183105469,415200
2004-01-26,34.20500183105469,34.20500183105469,34.20500183105469,34.20500183105469,0
2004-01-27,34.0,34.59000015258789,33.400001525878906,34.13999938964844,128410
2004-01-28,34.63999938964844,34.70000076293945,33.314998626708984,33.540000915527344,311890
2004-01-29,32.20000076293945,34.0,31.975000381469727,33.2599983215332,554630
2004-01-30,32.900001525878906,33.88999938964844,32.0099983215332,32.25,213150
2004-02-02,32.25,32.25,32.25,32.25,0
2004-02-03,32.0,32.20000076293945,32.0,32.005001068115234,773870
2004-02-04,32.099998474121094,32.29999923706055,31.899999618530273,32.005001068115234,495840
2004-02-05,32.29999923706055,32.39500045776367,32.0,32.01499938964844,67590
2004-02-06,32.005001068115234,32.20000076293945,31.924999237060547,32.025001525878906,505590
2004-02-09,32.20000076293945,32.20000076293945,32.0,32.02000045776367,166540
2004-02-10,32.4900016784668,32.4900016784668,32.0,32.03499984741211,126190
2004-02-11,32.19499969482422,32.29999923706055,32.0,32.1150016784668,510810
2004-02-12,32.099998474121094,32.2599983215332,31.979999542236328,32.029998779296875,607430
2004-02-13,32.099998474121094,32.45000076293945,31.979999542236328,32.0099983215332,689160
2004-02-16,32.099998474121094,32.5,32.0,32.05500030517578,115300
2004-02-17,32.05500030517578,32.20000076293945,31.860000610351562,31.989999771118164,184150
2004-02-18,32.0,32.1349983215332,31.924999237060547,32.0,346460
2004-02-19,32.0,32.150001525878906,31.700000762939453,32.0,122190
2004-02-20,31.514999389648438,32.25,31.510000228881836,32.060001373291016,503620
2004-02-23,32.099998474121094,32.19499969482422,31.0,31.639999389648438,1287390
2004-02-24,31.5,31.700000762939453,31.049999237060547,31.264999389648438,128820
2004-02-25,32.5,32.5,30.204999923706055,30.315000534057617,101190
2004-02-26,30.600000381469727,30.899999618530273,29.809999465942383,30.094999313354492,215190
2004-02-27,30.299999237060547,30.5,29.450000762939453,30.114999771118164,203400
2004-03-01,35.400001525878906,35.400001525878906,29.5,30.594999313354492,169890
2004-03-02,30.594999313354492,30.594999313354492,30.594999313354492,30.594999313354492,0
2004-03-03,30.5,30.5,29.899999618530273,30.014999389648438,228830
2004-03-04,30.104999542236328,30.700000762939453,30.104999542236328,30.559999465942383,130390
2004-03-05,30.225000381469727,31.739999771118164,30.225000381469727,31.639999389648438,274090
2004-03-08,32.0,32.0,30.81999969482422,31.360000610351562,151350
2004-03-09,31.69499969482422,32.0,30.825000762939453,31.485000610351562,153000
2004-03-10,31.5,31.5,31.0,31.239999771118164,68760
2004-03-11,31.450000762939453,31.5,31.0,31.43000030517578,64090
2004-03-12,30.954999923706055,31.600000381469727,30.954999923706055,31.549999237060547,79920
2004-03-15,31.600000381469727,32.0,31.200000762939453,31.53499984741211,148920
2004-03-16,30.5049991607666,31.5,30.5049991607666,31.454999923706055,101540
2004-03-17,31.600000381469727,31.899999618530273,31.014999389648438,31.424999237060547,84530
2004-03-18,31.5,31.600000381469727,31.225000381469727,31.469999313354492,51260
2004-03-19,31.21500015258789,31.649999618530273,31.0,31.440000534057617,652110
2004-03-22,30.905000686645508,31.399999618530273,30.905000686645508,31.30500030517578,215550
2004-03-23,31.100000381469727,31.399999618530273,30.5,31.350000381469727,295380
2004-03-24,31.399999618530273,31.399999618530273,31.0,31.21500015258789,274050
2004-03-25,31.5,31.5,30.5,30.59000015258789,64150
2004-03-26,30.604999542236328,31.0,30.469999313354492,30.809999465942383,380530
2004-03-29,30.75,31.489999771118164,30.399999618530273,30.46500015258789,113740
2004-03-30,30.81999969482422,30.8799991607666,30.1200008392334,30.315000534057617,137150
2004-03-31,30.59000015258789,30.700000762939453,29.950000762939453,30.149999618530273,279160
2004-04-01,30.989999771118164,30.989999771118164,29.915000915527344,30.079999923706055,2046090
2004-04-02,30.889999389648438,30.889999389648438,30.0049991607666,30.485000610351562,371010
2004-04-05,30.950000762939453,30.950000762939453,30.204999923706055,30.395000457763672,133470
2004-04-06,30.510000228881836,30.510000228881836,30.299999237060547,30.424999237060547,90090
2004-04-07,30.899999618530273,30.899999618530273,30.30500030517578,30.40999984741211,542370
2004-04-08,30.46500015258789,30.59000015258789,30.100000381469727,30.399999618530273,160430
2004-04-09,30.399999618530273,30.399999618530273,30.399999618530273,30.399999618530273,0
2004-04-12,30.209999084472656,30.5,30.200000762939453,30.3700008392334,157480
2004-04-13,30.4950008392334,30.559999465942383,30.299999237060547,30.424999237060547,697490
2004-04-14,30.424999237060547,30.424999237060547,30.424999237060547,30.424999237060547,0
2004-04-15,30.5,30.5,30.350000381469727,30.420000076293945,250480
2004-04-16,30.5,30.549999237060547,30.200000762939453,30.479999542236328,120620
2004-04-19,30.600000381469727,30.700000762939453,30.399999618530273,30.5049991607666,1591490
2004-04-20,30.5,30.850000381469727,30.25,30.424999237060547,627010
2004-04-21,30.510000228881836,31.799999237060547,30.510000228881836,31.149999618530273,500590
2004-04-22,31.399999618530273,32.29499816894531,31.299999237060547,32.0099983215332,503240
2004-04-23,31.899999618530273,32.494998931884766,31.125,31.670000076293945,169400
2004-04-27,30.899999618530273,31.399999618530273,30.100000381469727,30.725000381469727,260050
2004-04-28,30.875,31.190000534057617,30.100000381469727,30.4950008392334,824690
2004-04-29,30.309999465942383,31.0,30.309999465942383,30.510000228881836,134610
2004-04-30,30.510000228881836,31.09000015258789,30.405000686645508,30.84000015258789,132380
2004-05-03,30.53499984741211,30.799999237060547,30.450000762939453,30.55500030517578,112600
2004-05-04,32.38999938964844,32.38999938964844,30.514999389648438,30.56999969482422,86190
2004-05-05,30.600000381469727,31.399999618530273,30.510000228881836,30.940000534057617,539180
2004-05-06,31.0,31.5,30.635000228881836,31.229999542236328,124020
2004-05-07,31.399999618530273,31.399999618530273,30.799999237060547,31.065000534057617,83420
2004-05-10,31.200000762939453,31.200000762939453,30.299999237060547,30.469999313354492,897980
2004-05-11,30.450000762939453,30.450000762939453,30.0,30.145000457763672,128920
2004-05-12,30.43000030517578,30.450000762939453,29.799999237060547,29.959999084472656,263220
2004-05-13,29.815000534057617,30.5,29.014999389648438,29.71500015258789,322620
2004-05-14,30.5,30.5,29.110000610351562,29.594999313354492,300910
2004-05-17,29.100000381469727,29.149999618530273,24.5,27.290000915527344,457590
2004-05-18,28.0,30.46500015258789,27.200000762939453,29.200000762939453,571320
2004-05-19,30.200000762939453,30.200000762939453,28.0,29.040000915527344,704270
2004-05-20,29.950000762939453,29.950000762939453,28.799999237060547,29.18000030517578,304810
2004-05-21,29.299999237060547,29.299999237060547,28.5049991607666,29.09000015258789,254260
2004-05-24,29.010000228881836,29.600000381469727,29.010000228881836,29.3700008392334,233540
2004-05-25,29.170000076293945,30.299999237060547,29.149999618530273,30.06999969482422,198010
2004-05-26,30.0,30.0049991607666,29.299999237060547,29.969999313354492,314010
2004-05-27,29.5049991607666,30.299999237060547,29.5,30.114999771118164,212790
2004-05-28,30.0,30.5,29.0,29.209999084472656,267290
2004-05-31,28.204999923706055,29.850000381469727,28.204999923706055,29.5049991607666,153030
2004-06-01,29.100000381469727,30.045000076293945,29.0,29.399999618530273,425110
2004-06-02,29.399999618530273,29.75,29.200000762939453,29.274999618530273,27040
2004-06-03,29.844999313354492,29.844999313354492,29.299999237060547,29.405000686645508,103500
2004-06-04,29.0,29.5,29.0,29.06999969482422,37800
2004-06-07,29.600000381469727,29.75,29.200000762939453,29.5,78710
2004-06-08,29.5,29.7450008392334,29.299999237060547,29.684999465942383,92550
2004-06-09,29.600000381469727,29.799999237060547,29.30500030517578,29.649999618530273,157870
2004-06-10,29.399999618530273,29.5,28.75,28.93000030517578,102530
2004-06-11,29.200000762939453,29.399999618530273,28.75,28.815000534057617,53360
2004-06-14,29.399999618530273,29.475000381469727,28.2549991607666,29.364999771118164,135180
2004-06-15,29.3799991607666,29.920000076293945,29.200000762939453,29.850000381469727,130610
2004-06-16,29.31999969482422,29.69499969482422,29.190000534057617,29.46500015258789,184500
2004-06-17,29.5,30.084999084472656,29.489999771118164,30.0,742100
2004-06-18,30.0,30.540000915527344,29.6200008392334,30.479999542236328,308280
2004-06-21,30.389999389648438,31.100000381469727,30.209999084472656,30.950000762939453,381910
2004-06-22,30.75,31.594999313354492,30.75,31.469999313354492,242490
2004-06-23,30.90999984741211,31.5,30.799999237060547,31.344999313354492,176050
2004-06-24,31.399999618530273,31.5,31.014999389648438,31.459999084472656,236160
2004-06-25,31.5,31.56999969482422,31.079999923706055,31.479999542236328,100310
2004-06-28,31.110000610351562,31.5,31.110000610351562,31.459999084472656,83460
2004-06-29,31.524999618530273,31.549999237060547,31.024999618530273,31.299999237060547,874930
2004-06-30,31.485000610351562,31.485000610351562,31.200000762939453,31.350000381469727,34430
2004-07-01,31.170000076293945,31.30500030517578,31.0,31.065000534057617,49150
2004-07-02,31.0,31.25,31.0,31.010000228881836,24360
2004-07-05,31.0,31.100000381469727,30.600000381469727,31.020000457763672,55790
2004-07-06,30.7450008392334,31.299999237060547,30.7450008392334,31.014999389648438,37560
2004-07-07,31.100000381469727,31.295000076293945,30.920000076293945,31.049999237060547,41210
2004-07-08,31.190000534057617,31.600000381469727,30.885000228881836,31.485000610351562,216770
2004-07-09,31.299999237060547,31.59000015258789,29.5,31.5049991607666,2159550
2004-07-12,31.479999542236328,31.479999542236328,31.149999618530273,31.3700008392334,73560
2004-07-13,31.010000228881836,31.399999618530273,31.0,31.184999465942383,62140
2004-07-14,31.200000762939453,31.200000762939453,30.5,30.6299991607666,150440
2004-07-15,30.700000762939453,31.0,30.700000762939453,30.90999984741211,17140
2004-07-16,30.799999237060547,31.075000762939453,30.799999237060547,31.010000228881836,49020
2004-07-19,31.0,31.5,30.809999465942383,31.010000228881836,220530
2004-07-20,31.0,31.5,31.0,31.440000534057617,66390
2004-07-21,31.600000381469727,31.600000381469727,30.899999618530273,31.0,284050
2004-07-22,31.2450008392334,31.389999389648438,30.899999618530273,30.9950008392334,42700
2004-07-23,31.0,31.280000686645508,30.905000686645508,31.0,42390
2004-07-26,30.670000076293945,31.145000457763672,30.670000076293945,31.020000457763672,26540
2004-07-27,31.0,31.200000762939453,30.899999618530273,30.96500015258789,125640
2004-07-28,31.0049991607666,31.100000381469727,31.0,31.020000457763672,45380
2004-07-29,31.125,32.09000015258789,31.100000381469727,31.985000610351562,388040
2004-07-30,31.524999618530273,32.20000076293945,31.510000228881836,31.934999465942383,176030
2004-08-02,32.0,32.189998626708984,31.924999237060547,32.01499938964844,70230
2004-08-03,31.799999237060547,32.20000076293945,31.799999237060547,32.005001068115234,474470
2004-08-04,32.17499923706055,32.189998626708984,32.0,32.0,140210
2004-08-05,31.510000228881836,33.0,31.510000228881836,32.54999923706055,256910
2004-08-06,32.20000076293945,32.20000076293945,32.02000045776367,32.119998931884766,30470
2004-08-09,32.0,32.25,32.0,32.02000045776367,161380
2004-08-10,32.005001068115234,32.185001373291016,32.0,32.005001068115234,163680
2004-08-11,32.005001068115234,32.20000076293945,32.0,32.084999084472656,429080
2004-08-12,32.0099983215332,32.099998474121094,31.799999237060547,32.099998474121094,316550
2004-08-13,32.095001220703125,32.25,31.899999618530273,32.06999969482422,63270
2004-08-16,31.834999084472656,32.244998931884766,31.834999084472656,32.064998626708984,40120
2004-08-17,32.0,32.20000076293945,31.905000686645508,32.040000915527344,66140
2004-08-18,32.099998474121094,32.099998474121094,32.0,32.0,51720
2004-08-19,31.719999313354492,32.0,31.5,31.545000076293945,43180
2004-08-20,31.524999618530273,31.9950008392334,31.225000381469727,31.30500030517578,40250
2004-08-23,31.5,31.5,31.135000228881836,31.219999313354492,26840
2004-08-24,31.645000457763672,31.645000457763672,31.0,31.03499984741211,38750
2004-08-25,31.020000457763672,31.350000381469727,30.899999618530273,31.059999465942383,34800
2004-08-26,31.05500030517578,31.200000762939453,30.950000762939453,31.0,104630
2004-08-27,31.100000381469727,31.225000381469727,30.96500015258789,31.139999389648438,93270
2004-08-30,30.899999618530273,31.989999771118164,30.799999237060547,31.5049991607666,71200
2004-08-31,31.5,31.799999237060547,31.030000686645508,31.68000030517578,178120
2004-09-01,31.0,31.989999771118164,31.0,31.600000381469727,161680
2004-09-02,31.399999618530273,31.844999313354492,31.299999237060547,31.709999084472656,114830
2004-09-03,31.5049991607666,31.899999618530273,31.5049991607666,31.809999465942383,63930
2004-09-06,31.950000762939453,31.9950008392334,31.354999542236328,31.774999618530273,40650
2004-09-07,31.799999237060547,32.0,31.799999237060547,31.93000030517578,40060
2004-09-08,31.799999237060547,32.099998474121094,31.799999237060547,31.905000686645508,47920
2004-09-09,31.850000381469727,31.979999542236328,31.799999237060547,31.80500030517578,38960
2004-09-10,31.700000762939453,31.799999237060547,31.420000076293945,31.579999923706055,39100
2004-09-13,31.979999542236328,31.979999542236328,31.649999618530273,31.80500030517578,76150
2004-09-14,31.579999923706055,31.899999618530273,31.5,31.645000457763672,89520
2004-09-15,31.600000381469727,31.639999389648438,31.219999313354492,31.350000381469727,63080
2004-09-16,31.299999237060547,31.850000381469727,31.05500030517578,31.334999084472656,111900
2004-09-17,31.200000762939453,31.600000381469727,31.200000762939453,31.5049991607666,132830
2004-09-20,31.69499969482422,31.69499969482422,31.0,31.290000915527344,135430
2004-09-21,31.850000381469727,31.850000381469727,30.799999237060547,30.915000915527344,251680
2004-09-22,31.100000381469727,31.540000915527344,31.100000381469727,31.239999771118164,169220
2004-09-23,31.299999237060547,31.4950008392334,31.104999542236328,31.21500015258789,56830
2004-09-24,31.024999618530273,31.399999618530273,31.024999618530273,31.309999465942383,126890
2004-09-27,31.31999969482422,31.520000457763672,31.114999771118164,31.399999618530273,135180
2004-09-28,31.5,31.594999313354492,31.049999237060547,31.09000015258789,56620
2004-09-29,31.21500015258789,34.0,31.100000381469727,32.51499938964844,628200
2004-09-30,32.900001525878906,33.0,32.10499954223633,32.35499954223633,244330
2004-10-01,31.899999618530273,32.5,31.600000381469727,31.71500015258789,90940
2004-10-04,32.470001220703125,32.470001220703125,31.610000610351562,31.704999923706055,154870
2004-10-05,32.290000915527344,32.290000915527344,31.5,31.545000076293945,138550
2004-10-06,32.20000076293945,32.20000076293945,31.405000686645508,31.489999771118164,130190
2004-10-07,31.600000381469727,31.690000534057617,30.950000762939453,31.1299991607666,396120
2004-10-08,31.15999984741211,31.469999313354492,30.5,30.6200008392334,802020
2004-10-11,31.290000915527344,31.295000076293945,29.649999618530273,29.860000610351562,875390
2004-10-12,30.209999084472656,30.600000381469727,30.0,30.125,298720
2004-10-14,30.100000381469727,30.5,29.600000381469727,29.860000610351562,338300
2004-10-15,30.010000228881836,30.274999618530273,30.0,30.184999465942383,97280
2004-10-18,30.489999771118164,30.489999771118164,29.200000762939453,29.424999237060547,307300
2004-10-19,29.600000381469727,30.0,29.5049991607666,29.75,360360
2004-10-20,29.895000457763672,29.899999618530273,29.700000762939453,29.729999542236328,60270
2004-10-21,29.75,29.934999465942383,29.600000381469727,29.6299991607666,125590
2004-10-22,29.6299991607666,29.6299991607666,29.6299991607666,29.6299991607666,0
2004-10-25,29.649999618530273,30.190000534057617,29.4950008392334,29.834999084472656,287760
2004-10-26,29.989999771118164,30.0,29.325000762939453,29.514999389648438,142240
2004-10-27,29.850000381469727,29.899999618530273,29.485000610351562,29.5049991607666,2008220
2004-10-28,29.649999618530273,30.0,29.469999313354492,29.600000381469727,270740
2004-10-29,29.510000228881836,30.0,29.399999618530273,29.53499984741211,248260
2004-11-01,29.200000762939453,30.899999618530273,29.200000762939453,30.334999084472656,325980
2004-11-02,30.399999618530273,30.399999618530273,29.299999237060547,29.90999984741211,89260
2004-11-03,29.649999618530273,29.950000762939453,29.0,29.079999923706055,551270
2004-11-04,29.774999618530273,29.774999618530273,29.399999618530273,29.514999389648438,167010
2004-11-05,29.790000915527344,29.790000915527344,28.899999618530273,29.0049991607666,523020
2004-11-08,29.899999618530273,29.899999618530273,29.0,29.040000915527344,394360
2004-11-09,29.0,29.399999618530273,28.799999237060547,28.885000228881836,649120
2004-11-10,29.149999618530273,29.690000534057617,28.899999618530273,29.209999084472656,646940
2004-11-11,29.489999771118164,29.549999237060547,29.25,29.44499969482422,190380
2004-11-12,28.924999237060547,29.790000915527344,28.924999237060547,29.469999313354492,66890
2004-11-15,29.469999313354492,29.469999313354492,29.469999313354492,29.469999313354492,0
2004-11-16,29.700000762939453,29.700000762939453,29.40999984741211,29.479999542236328,104270
2004-11-17,29.739999771118164,29.739999771118164,29.0,29.030000686645508,350760
2004-11-18,29.299999237060547,29.3799991607666,29.049999237060547,29.190000534057617,617460
2004-11-19,29.0,29.299999237060547,29.0,29.059999465942383,506750
2004-11-22,29.0,29.350000381469727,29.0,29.200000762939453,156000
2004-11-23,29.30500030517578,29.30500030517578,29.0,29.020000457763672,404420
2004-11-24,29.489999771118164,29.864999771118164,29.110000610351562,29.2549991607666,1051380
2004-11-25,30.0,30.0,29.0,29.040000915527344,690340
2004-11-26,29.040000915527344,29.040000915527344,29.040000915527344,29.040000915527344,0
2004-11-29,29.209999084472656,29.75,29.0,29.594999313354492,1425790
2004-11-30,30.299999237060547,30.799999237060547,29.799999237060547,30.059999465942383,2613780
2004-12-01,30.290000915527344,30.5,29.655000686645508,29.809999465942383,465720
2004-12-02,30.0,30.5,30.0,30.43000030517578,702940
2004-12-03,30.399999618530273,31.170000076293945,30.329999923706055,30.809999465942383,1173150
2004-12-06,31.15999984741211,31.399999618530273,30.854999542236328,30.989999771118164,551640
2004-12-07,30.989999771118164,32.9900016784668,30.5,32.654998779296875,2917440
2004-12-08,32.70000076293945,32.79999923706055,31.110000610351562,32.22999954223633,438070
2004-12-09,32.29999923706055,32.5,31.899999618530273,32.435001373291016,300890
2004-12-10,32.5,32.939998626708984,32.400001525878906,32.404998779296875,351590
2004-12-13,32.0,32.689998626708984,32.0,32.4900016784668,311640
2004-12-14,32.70000076293945,32.79999923706055,32.400001525878906,32.53499984741211,274440
2004-12-15,32.5,32.525001525878906,32.29999923706055,32.459999084472656,278810
2004-12-16,32.5,32.70000076293945,32.29999923706055,32.45500183105469,344660
2004-12-17,32.5,32.5,32.29999923706055,32.415000915527344,179820
2004-12-20,32.400001525878906,32.599998474121094,32.20500183105469,32.404998779296875,228590
2004-12-21,32.400001525878906,32.70000076293945,32.400001525878906,32.57500076293945,308670
2004-12-22,32.400001525878906,32.689998626708984,32.400001525878906,32.400001525878906,243090
2004-12-23,32.04999923706055,32.599998474121094,32.04999923706055,32.43000030517578,138080
2004-12-24,33.5,33.5,32.25,32.3849983215332,124150
2004-12-27,32.11000061035156,32.44499969482422,32.05500030517578,32.20500183105469,67930
2004-12-28,32.220001220703125,32.599998474121094,32.0,32.45000076293945,178620
2004-12-29,33.279998779296875,33.279998779296875,32.1150016784668,32.404998779296875,300090
2004-12-30,32.400001525878906,32.5,32.400001525878906,32.404998779296875,125600
2004-12-31,32.400001525878906,32.400001525878906,31.7549991607666,32.005001068115234,205120
2005-01-03,32.0099983215332,32.5,31.860000610351562,31.90999984741211,172730
2005-01-04,32.20000076293945,32.4900016784668,32.0,32.404998779296875,322400
2005-01-05,32.404998779296875,32.494998931884766,32.0,32.185001373291016,305000
2005-01-06,32.70000076293945,32.70000076293945,30.2549991607666,30.94499969482422,389850
2005-01-07,31.0,32.20000076293945,30.90999984741211,32.005001068115234,176210
2005-01-10,32.29999923706055,32.400001525878906,31.704999923706055,32.18000030517578,173630
2005-01-11,31.809999465942383,32.19499969482422,31.80500030517578,32.029998779296875,243220
2005-01-12,32.0,32.0,31.200000762939453,31.690000534057617,142800
2005-01-13,30.700000762939453,31.8799991607666,30.700000762939453,31.665000915527344,193680
2005-01-14,31.5,32.04999923706055,31.010000228881836,31.940000534057617,89360
2005-01-17,31.43000030517578,32.0,31.43000030517578,31.885000228881836,90720
2005-01-18,31.309999465942383,32.0,31.299999237060547,31.815000534057617,430170
2005-01-19,31.799999237060547,32.5,31.600000381469727,32.08000183105469,701480
2005-01-20,32.5,32.9900016784668,32.11000061035156,32.349998474121094,289400
2005-01-24,32.5,33.70000076293945,32.30500030517578,32.94499969482422,352040
2005-01-25,33.38999938964844,33.689998626708984,32.849998474121094,33.54499816894531,292670
2005-01-27,33.689998626708984,35.0,33.599998474121094,34.77000045776367,450600
2005-01-28,35.0,35.189998626708984,34.70000076293945,34.810001373291016,404030
2005-01-31,35.400001525878906,36.0,33.95000076293945,35.98500061035156,562330
2005-02-01,36.5,36.900001525878906,35.0099983215332,35.529998779296875,201220
2005-02-02,33.0099983215332,35.9900016784668,33.0099983215332,34.89500045776367,144240
2005-02-03,35.994998931884766,35.994998931884766,34.5,34.685001373291016,92360
2005-02-04,34.900001525878906,35.099998474121094,34.07500076293945,34.525001525878906,183120
2005-02-07,35.880001068115234,35.880001068115234,34.650001525878906,34.7400016784668,199690
2005-02-08,34.75,35.29999923706055,34.1349983215332,35.154998779296875,223010
2005-02-09,35.25,35.880001068115234,35.005001068115234,35.52000045776367,656990
2005-02-10,35.84000015258789,35.84000015258789,35.400001525878906,35.540000915527344,92220
2005-02-11,35.54999923706055,36.0,35.5,35.875,165950
2005-02-14,34.5,36.2400016784668,34.5,36.005001068115234,324560
2005-02-15,36.0,36.165000915527344,35.97999954223633,36.064998626708984,223190
2005-02-16,36.165000915527344,36.290000915527344,36.0,36.0,168190
2005-02-17,36.20000076293945,36.20000076293945,35.8650016784668,36.005001068115234,79240
2005-02-18,36.04499816894531,36.279998779296875,36.0,36.084999084472656,154150
2005-02-21,36.0099983215332,36.04499816894531,34.099998474121094,35.09000015258789,176220
2005-02-22,35.775001525878906,36.29999923706055,34.5,36.025001525878906,273590
2005-02-23,36.0,36.04499816894531,35.415000915527344,35.73500061035156,56180
2005-02-24,35.790000915527344,36.099998474121094,35.0,35.685001373291016,222710
2005-02-25,35.31999969482422,35.79999923706055,35.31999969482422,35.55500030517578,129360
2005-02-28,34.599998474121094,35.98500061035156,34.599998474121094,35.54499816894531,212360
2005-03-01,35.599998474121094,35.970001220703125,35.34000015258789,35.8849983215332,46590
2005-03-02,35.5099983215332,36.290000915527344,35.5099983215332,36.21500015258789,154510
2005-03-03,36.20000076293945,36.20000076293945,35.849998474121094,36.005001068115234,175420
2005-03-04,35.900001525878906,36.0,35.279998779296875,35.345001220703125,70460
2005-03-07,35.345001220703125,35.9900016784668,35.099998474121094,35.30500030517578,157600
2005-03-08,35.400001525878906,36.54999923706055,35.400001525878906,36.32500076293945,145890
2005-03-09,36.0,36.5,35.5099983215332,35.810001373291016,234440
2005-03-10,35.599998474121094,36.099998474121094,35.599998474121094,35.904998779296875,502580
2005-03-11,36.20000076293945,37.89500045776367,35.099998474121094,35.71500015258789,114100
2005-03-14,36.29999923706055,36.599998474121094,35.79999923706055,36.26499938964844,289700
2005-03-15,36.5,37.599998474121094,36.29999923706055,37.334999084472656,581070
2005-03-16,37.29999923706055,37.834999084472656,37.29999923706055,37.599998474121094,202430
2005-03-17,37.54999923706055,39.29999923706055,37.54999923706055,38.959999084472656,527560
2005-03-18,35.5099983215332,39.345001220703125,35.5099983215332,39.17499923706055,586920
2005-03-21,39.400001525878906,39.5,39.099998474121094,39.23500061035156,522890
2005-03-22,39.119998931884766,39.279998779296875,39.0,39.150001525878906,121400
2005-03-23,39.099998474121094,39.400001525878906,39.0,39.099998474121094,203340
2005-03-24,39.099998474121094,39.20000076293945,39.005001068115234,39.1150016784668,217100
2005-03-28,39.099998474121094,39.29999923706055,38.79999923706055,39.1349983215332,299500
2005-03-29,39.099998474121094,39.20000076293945,38.310001373291016,38.5099983215332,1027150
2005-03-30,38.11000061035156,39.29999923706055,38.11000061035156,39.130001068115234,421360
2005-03-31,38.70000076293945,39.28499984741211,38.70000076293945,39.19499969482422,383890
2005-04-01,39.5,39.79999923706055,39.29999923706055,39.345001220703125,81880
2005-04-04,39.79999923706055,39.79999923706055,39.099998474121094,39.10499954223633,193290
2005-04-05,39.099998474121094,39.3650016784668,39.0,39.099998474121094,174290
2005-04-06,39.45000076293945,39.48500061035156,39.099998474121094,39.10499954223633,45060
2005-04-07,39.900001525878906,39.900001525878906,39.025001525878906,39.099998474121094,96180
2005-04-08,39.20000076293945,39.79999923706055,39.099998474121094,39.540000915527344,145450
2005-04-11,39.099998474121094,39.29999923706055,39.099998474121094,39.1150016784668,63760
2005-04-12,39.20000076293945,39.25,39.04999923706055,39.1150016784668,173300
2005-04-13,39.10499954223633,39.29999923706055,39.099998474121094,39.13999938964844,245140
2005-04-15,39.099998474121094,39.10499954223633,38.70000076293945,38.994998931884766,850080
2005-04-18,39.099998474121094,39.189998626708984,39.0,39.11000061035156,177950
2005-04-19,39.29999923706055,39.400001525878906,39.099998474121094,39.25,317460
2005-04-20,39.5,39.5,39.0,39.099998474121094,413040
2005-04-21,39.099998474121094,39.29499816894531,39.005001068115234,39.099998474121094,396200
2005-04-22,39.125,39.38999938964844,39.099998474121094,39.224998474121094,18680
2005-04-25,39.209999084472656,39.494998931884766,38.79999923706055,38.98500061035156,168580
2005-04-26,39.0,39.290000915527344,38.5099983215332,38.630001068115234,87330
2005-04-27,39.0,39.0,37.0,37.869998931884766,190750
2005-04-28,37.79999923706055,38.400001525878906,36.20000076293945,36.779998779296875,74830
2005-04-29,37.4900016784668,37.4900016784668,36.5,37.20500183105469,36470
2005-05-02,37.0,37.97999954223633,37.0,37.04499816894531,42880
2005-05-03,37.20000076293945,38.25,37.0,37.95000076293945,86010
2005-05-04,38.47999954223633,38.47999954223633,37.29999923706055,37.724998474121094,188740
2005-05-05,38.099998474121094,38.099998474121094,37.39500045776367,37.45500183105469,33830
2005-05-06,38.0,38.0,37.599998474121094,37.900001525878906,118240
2005-05-09,38.5,38.5,37.5,37.875,121380
2005-05-10,38.099998474121094,38.494998931884766,37.79999923706055,38.02000045776367,202600
2005-05-11,39.279998779296875,39.474998474121094,37.51499938964844,38.47999954223633,578190
2005-05-12,38.70000076293945,38.70000076293945,37.80500030517578,38.029998779296875,169310
2005-05-13,38.20500183105469,38.79999923706055,38.20000076293945,38.474998474121094,154660
2005-05-16,38.97999954223633,39.20000076293945,38.20000076293945,39.07500076293945,191470
2005-05-17,39.5,39.70000076293945,38.45000076293945,39.459999084472656,121150
2005-05-18,39.5,39.5,38.505001068115234,38.86000061035156,37410
2005-05-19,39.29999923706055,39.29999923706055,38.81999969482422,39.005001068115234,68030
2005-05-20,39.099998474121094,39.099998474121094,38.505001068115234,39.01499938964844,35800
2005-05-23,39.25,39.25,38.400001525878906,38.41999816894531,265770
2005-05-24,38.5,38.900001525878906,38.5,38.61000061035156,37600
2005-05-25,38.599998474121094,39.099998474121094,38.599998474121094,38.900001525878906,40320
2005-05-26,39.0,40.599998474121094,38.404998779296875,39.685001373291016,226260
2005-05-27,40.290000915527344,40.290000915527344,39.099998474121094,39.71500015258789,131560
2005-05-30,39.9900016784668,39.9900016784668,38.5,39.0099983215332,67780
2005-05-31,39.04999923706055,39.29999923706055,38.400001525878906,38.415000915527344,89100
2005-06-01,38.70000076293945,39.099998474121094,38.5,38.8849983215332,129630
2005-06-02,39.19499969482422,39.19499969482422,38.505001068115234,38.60499954223633,28630
2005-06-03,39.0,39.150001525878906,38.61000061035156,39.08000183105469,126380
2005-06-06,39.0,39.29999923706055,38.900001525878906,39.04999923706055,23660
2005-06-07,39.38999938964844,40.0,38.70000076293945,39.6349983215332,90300
2005-06-08,39.79999923706055,39.79999923706055,38.95000076293945,39.08000183105469,53870
2005-06-09,39.45000076293945,39.45000076293945,39.09000015258789,39.1150016784668,44650
2005-06-10,39.209999084472656,39.435001373291016,39.099998474121094,39.27000045776367,47490
2005-06-13,39.3849983215332,39.3849983215332,38.70000076293945,39.11000061035156,79000
2005-06-14,39.11000061035156,40.0,39.099998474121094,39.540000915527344,134340
2005-06-15,39.900001525878906,39.900001525878906,39.29999923706055,39.54999923706055,201950
2005-06-16,39.54999923706055,39.68000030517578,39.224998474121094,39.415000915527344,135220
2005-06-17,39.10499954223633,39.5,39.0,39.1349983215332,243340
2005-06-20,39.5,39.5,38.494998931884766,38.71500015258789,264640
2005-06-21,39.5,41.599998474121094,38.70500183105469,40.349998474121094,697450
2005-06-22,39.9900016784668,40.900001525878906,39.29999923706055,40.3849983215332,298320
2005-06-23,40.150001525878906,40.5,39.709999084472656,40.2599983215332,170220
2005-06-24,40.150001525878906,41.0,39.849998474121094,40.08000183105469,217520
2005-06-27,40.0,40.79999923706055,40.0,40.525001525878906,130820
2005-06-28,40.5,40.5,39.75,40.119998931884766,68110
2005-06-29,40.029998779296875,41.5,40.025001525878906,41.20500183105469,301700
2005-06-30,41.38999938964844,41.5,41.0,41.099998474121094,340330
2005-07-01,41.54999923706055,41.54999923706055,41.005001068115234,41.255001068115234,69520
2005-07-04,41.900001525878906,42.07500076293945,41.29999923706055,41.95000076293945,847210
2005-07-05,41.900001525878906,42.099998474121094,41.599998474121094,42.04999923706055,210910
2005-07-06,42.5,42.79999923706055,41.54499816894531,42.650001525878906,518230
2005-07-07,43.0,43.20000076293945,41.22999954223633,42.125,204380
2005-07-08,42.099998474121094,43.0,42.099998474121094,42.97999954223633,78770
2005-07-11,43.5,43.599998474121094,43.0,43.55500030517578,329190
2005-07-12,43.099998474121094,43.599998474121094,41.4900016784668,42.029998779296875,197130
2005-07-13,43.0,43.0,41.814998626708984,42.04499816894531,181880
2005-07-14,42.599998474121094,42.70000076293945,41.70000076293945,41.8849983215332,121730
2005-07-15,42.0,42.380001068115234,41.61000061035156,41.83000183105469,31340
2005-07-18,42.0,43.5,42.0,43.33000183105469,310560
2005-07-19,42.875,44.744998931884766,42.875,44.40999984741211,395280
2005-07-20,44.0,46.0,44.0,45.85499954223633,259910
2005-07-21,46.20000076293945,46.79999923706055,45.2400016784668,45.80500030517578,140570
2005-07-22,45.099998474121094,46.20000076293945,45.005001068115234,45.7400016784668,441700
2005-07-25,45.900001525878906,45.900001525878906,44.025001525878906,44.51499938964844,105840
2005-07-26,44.70000076293945,46.099998474121094,44.70000076293945,45.650001525878906,385390
2005-07-27,45.11000061035156,46.0,45.11000061035156,45.869998931884766,78210
2005-07-28,45.869998931884766,45.869998931884766,45.869998931884766,45.869998931884766,0
2005-07-29,45.099998474121094,46.29499816894531,42.5,45.55500030517578,95540
2005-08-01,45.849998474121094,46.29999923706055,45.5099983215332,46.040000915527344,176810
2005-08-02,45.849998474121094,46.400001525878906,45.849998474121094,46.154998779296875,497320
2005-08-03,46.23500061035156,46.685001373291016,45.70000076293945,46.3849983215332,1878520
2005-08-04,46.404998779296875,46.95500183105469,46.209999084472656,46.474998474121094,256850
2005-08-05,46.5,46.5,45.71500015258789,45.845001220703125,2390180
2005-08-08,46.470001220703125,47.189998626708984,45.849998474121094,46.814998626708984,520180
2005-08-09,46.005001068115234,46.790000915527344,45.6150016784668,45.86000061035156,217150
2005-08-10,45.86000061035156,46.20000076293945,45.79999923706055,46.0099983215332,161360
2005-08-11,45.86000061035156,46.5,45.86000061035156,46.275001525878906,89440
2005-08-12,46.005001068115234,46.54999923706055,45.849998474121094,46.494998931884766,197390
2005-08-16,46.0099983215332,46.4900016784668,45.10499954223633,45.68000030517578,59500
2005-08-17,46.20000076293945,46.70000076293945,46.0,46.4900016784668,73960
2005-08-18,46.5,47.375,46.20000076293945,46.935001373291016,130170
2005-08-19,46.0,46.70000076293945,46.0,46.52000045776367,37350
2005-08-22,45.849998474121094,46.900001525878906,45.849998474121094,46.79999923706055,118000
2005-08-23,46.345001220703125,48.599998474121094,46.25,47.244998931884766,278700
2005-08-24,46.79999923706055,47.599998474121094,46.79999923706055,47.439998626708984,81840
2005-08-25,47.29999923706055,47.29999923706055,46.599998474121094,46.869998931884766,51780
2005-08-26,47.0,47.349998474121094,46.599998474121094,46.79999923706055,35770
2005-08-29,47.849998474121094,48.7400016784668,46.4900016784668,48.32500076293945,123790
2005-08-30,48.5,48.75,47.310001373291016,48.494998931884766,679860
2005-08-31,48.47999954223633,48.5,47.6349983215332,48.459999084472656,328660
2005-09-01,48.5,48.5,47.70000076293945,47.900001525878906,555080
2005-09-02,48.099998474121094,48.20000076293945,47.505001068115234,47.834999084472656,43910
2005-09-05,48.5,48.5,48.0,48.0099983215332,93810
2005-09-06,45.849998474121094,49.0,45.79999923706055,48.540000915527344,304270
2005-09-08,48.70000076293945,49.5,48.20000076293945,49.125,256990
2005-09-09,49.20000076293945,49.494998931884766,48.994998931884766,49.19499969482422,257760
2005-09-12,49.29999923706055,49.5,48.150001525878906,49.470001220703125,262000
2005-09-13,49.5,50.099998474121094,49.130001068115234,49.939998626708984,329680
2005-09-14,50.0,50.70000076293945,49.5,49.94499969482422,747500
2005-09-15,50.099998474121094,50.900001525878906,50.0,50.165000915527344,188110
2005-09-16,50.599998474121094,50.79999923706055,49.900001525878906,50.26499938964844,114900
2005-09-19,50.0,51.5,50.0,50.595001220703125,316440
2005-09-20,51.0,51.0,50.0,50.45000076293945,180620
2005-09-21,50.70000076293945,51.0,48.81999969482422,49.79999923706055,241070
2005-09-22,50.20000076293945,50.5,47.494998931884766,47.849998474121094,1388210
2005-09-23,48.5,49.79999923706055,47.81999969482422,48.47999954223633,79370
2005-09-26,49.0,50.0,48.70500183105469,49.85499954223633,56850
2005-09-27,50.09000015258789,51.5,50.0,50.994998931884766,1989040
2005-09-28,52.900001525878906,52.900001525878906,50.29999923706055,50.900001525878906,352750
2005-09-29,51.20000076293945,51.994998931884766,48.5,49.54499816894531,194310
2005-09-30,51.689998626708984,51.689998626708984,49.10499954223633,50.470001220703125,1312860
2005-10-03,50.20000076293945,51.0,50.20000076293945,50.939998626708984,166520
2005-10-04,51.66999816894531,52.0,50.849998474121094,51.095001220703125,593460
2005-10-05,51.0,52.599998474121094,50.40999984741211,51.94499969482422,537070
2005-10-06,51.900001525878906,52.900001525878906,51.209999084472656,52.48500061035156,221050
2005-10-07,52.5,53.099998474121094,51.599998474121094,51.84000015258789,279070
2005-10-10,52.29999923706055,52.900001525878906,50.0,50.2599983215332,454680
2005-10-11,51.400001525878906,51.400001525878906,49.599998474121094,50.16999816894531,388130
2005-10-13,50.95000076293945,50.95000076293945,49.599998474121094,50.10499954223633,485750
2005-10-14,50.099998474121094,50.5,48.900001525878906,49.939998626708984,3375950
2005-10-17,50.0,52.0,49.27000045776367,51.279998779296875,4986900
2005-10-18,51.994998931884766,52.0,49.005001068115234,50.14500045776367,327110
2005-10-19,50.25,51.0,49.20000076293945,50.05500030517578,203120
2005-10-20,53.4900016784668,53.4900016784668,49.900001525878906,50.35499954223633,287480
2005-10-21,51.0,51.0,49.915000915527344,50.494998931884766,1514370
2005-10-24,51.20000076293945,51.20000076293945,49.72999954223633,49.94499969482422,47910
2005-10-25,50.98500061035156,50.98500061035156,49.9900016784668,50.14500045776367,92930
2005-10-26,50.70000076293945,50.70000076293945,49.025001525878906,49.435001373291016,129900
2005-10-27,54.84000015258789,54.84000015258789,42.55500030517578,48.97999954223633,183280
2005-10-28,49.5,51.79999923706055,46.5,47.29999923706055,257460
2005-10-31,47.29999923706055,48.54999923706055,45.30500030517578,48.39500045776367,233010
2005-11-02,50.689998626708984,50.689998626708984,49.0,49.70000076293945,268450
2005-11-04,49.70000076293945,49.70000076293945,49.70000076293945,49.70000076293945,0
2005-11-07,50.599998474121094,51.099998474121094,49.90999984741211,50.3849983215332,541100
2005-11-08,50.494998931884766,50.70000076293945,50.20000076293945,50.5099983215332,221310
2005-11-09,50.599998474121094,52.0,50.0,51.209999084472656,908530
2005-11-10,51.5,51.5,50.650001525878906,50.994998931884766,518350
2005-11-11,51.0,51.099998474121094,50.32500076293945,50.564998626708984,163090
2005-11-14,52.5,52.5,49.70000076293945,49.935001373291016,2376600
2005-11-16,50.0,50.79999923706055,50.0,50.3849983215332,158060
2005-11-17,50.3849983215332,50.4900016784668,49.60499954223633,50.25,233860
2005-11-18,50.85499954223633,50.85499954223633,49.79999923706055,50.334999084472656,66060
2005-11-21,50.20500183105469,50.959999084472656,50.20000076293945,50.689998626708984,81880
2005-11-22,50.5,51.09000015258789,50.1150016784668,50.88999938964844,63130
2005-11-23,51.04999923706055,51.20000076293945,50.494998931884766,50.52000045776367,128580
2005-11-24,50.79999923706055,52.099998474121094,50.46500015258789,51.345001220703125,183430
2005-11-25,51.89500045776367,52.5,51.505001068115234,52.435001373291016,192670
2005-11-28,51.79999923706055,52.79999923706055,51.79999923706055,52.56999969482422,440130
2005-11-29,52.599998474121094,53.810001373291016,52.599998474121094,53.64500045776367,223550
2005-11-30,53.79999923706055,54.599998474121094,52.459999084472656,52.525001525878906,730790
2005-12-01,53.0,54.5099983215332,52.81999969482422,54.01499938964844,591910
2005-12-02,54.5,55.41999816894531,53.29999923706055,55.025001525878906,988030
2005-12-05,54.974998474121094,54.974998474121094,53.619998931884766,54.16999816894531,576380
2005-12-06,53.31999969482422,54.3650016784668,52.6349983215332,53.755001068115234,133320
2005-12-07,53.79999923706055,54.20000076293945,53.79999923706055,53.94499969482422,352870
2005-12-08,54.5,54.5,53.5099983215332,53.689998626708984,416330
2005-12-09,53.599998474121094,54.20000076293945,53.5,54.02000045776367,741680
2005-12-12,53.70000076293945,54.5,53.5,53.959999084472656,2693780
2005-12-13,54.400001525878906,55.599998474121094,54.400001525878906,55.01499938964844,309760
2005-12-14,55.599998474121094,55.599998474121094,54.154998779296875,55.20000076293945,2635130
2005-12-15,54.5,55.189998626708984,54.0,54.244998931884766,48700
2005-12-16,54.0,54.994998931884766,53.79999923706055,54.65999984741211,64230
2005-12-19,55.0,55.810001373291016,54.70000076293945,55.595001220703125,2178510
2005-12-20,55.810001373291016,56.474998474121094,55.30500030517578,56.13999938964844,830000
2005-12-21,56.400001525878906,56.9900016784668,55.529998779296875,55.70000076293945,92160
2005-12-22,55.70000076293945,56.29999923706055,55.70000076293945,56.005001068115234,1580200
2005-12-23,56.5,56.5,55.209999084472656,55.529998779296875,52960
2005-12-26,56.244998931884766,56.244998931884766,54.130001068115234,55.470001220703125,96060
2005-12-27,55.59000015258789,56.5,55.5,56.375,242170
2005-12-28,56.70000076293945,57.0,55.70000076293945,56.36000061035156,191320
2005-12-29,56.29999923706055,57.599998474121094,56.29999923706055,57.244998931884766,154440
2005-12-30,57.04999923706055,58.20000076293945,56.685001373291016,57.875,222400
2006-01-02,58.38999938964844,59.5,57.900001525878906,58.994998931884766,134740
2006-01-03,59.5,59.70000076293945,58.5,59.435001373291016,157310
2006-01-04,61.099998474121094,61.099998474121094,58.994998931884766,59.04499816894531,261830
2006-01-05,59.994998931884766,60.0,58.599998474121094,59.0,83160
2006-01-06,59.689998626708984,60.0,58.56999969482422,59.060001373291016,85640
2006-01-09,59.474998474121094,59.70000076293945,58.79999923706055,58.814998626708984,33690
2006-01-10,59.79999923706055,59.79999923706055,57.505001068115234,57.939998626708984,164220
2006-01-12,59.0,59.099998474121094,57.79999923706055,58.55500030517578,113840
2006-01-13,58.79999923706055,59.099998474121094,58.5,58.68000030517578,80070
2006-01-16,58.70000076293945,59.099998474121094,58.25,58.599998474121094,414570
2006-01-17,59.29499816894531,59.29499816894531,57.349998474121094,57.529998779296875,39120
2006-01-18,57.5,59.0,57.400001525878906,58.65999984741211,137890
2006-01-19,58.849998474121094,59.5,58.665000915527344,59.20000076293945,185420
2006-01-20,59.20000076293945,59.790000915527344,56.70000076293945,59.08000183105469,608520
2006-01-23,59.0,60.095001220703125,58.5,59.974998474121094,805060
2006-01-24,60.0099983215332,60.5,59.79999923706055,59.81999969482422,127590
2006-01-25,59.79999923706055,60.5,59.29999923706055,59.70000076293945,470490
2006-01-27,56.70000076293945,62.494998931884766,56.70000076293945,60.59000015258789,225450
2006-01-30,60.73500061035156,61.099998474121094,59.79999923706055,59.814998626708984,107280
2006-01-31,60.79999923706055,62.099998474121094,60.310001373291016,61.435001373291016,326040
2006-02-01,62.0,62.5,61.005001068115234,62.040000915527344,278780
2006-02-02,61.994998931884766,65.5,61.994998931884766,65.01000213623047,594350
2006-02-03,65.0999984741211,67.5,65.0,66.66000366210938,518750
2006-02-06,67.01000213623047,72.0999984741211,67.01000213623047,70.87999725341797,452380
2006-02-07,74.0,80.0,68.5,69.55500030517578,657960
2006-02-08,71.5,71.5,68.0,68.23500061035156,150750
2006-02-10,68.23500061035156,70.19999694824219,67.1500015258789,67.7750015258789,299040
2006-02-13,69.67500305175781,69.9000015258789,67.0999984741211,67.5250015258789,247310
2006-02-14,68.4749984741211,68.4749984741211,67.0,67.04000091552734,131760
2006-02-15,67.55000305175781,68.0,66.80000305175781,67.46499633789062,253540
2006-02-16,68.0,68.0,67.0,67.41500091552734,70030
2006-02-17,67.5,67.69999694824219,66.30000305175781,66.55000305175781,109900
2006-02-20,66.5,66.5999984741211,65.30000305175781,66.26499938964844,62790
2006-02-21,66.0,67.2699966430664,65.69999694824219,66.66999816894531,555960
2006-02-22,67.0,67.0,65.70500183105469,65.94000244140625,116000
2006-02-23,66.3949966430664,68.5,65.02999877929688,66.24500274658203,203440
2006-02-24,67.0999984741211,67.24500274658203,66.0999984741211,66.46499633789062,81190
2006-02-27,66.5,67.4000015258789,61.54999923706055,66.49500274658203,408920
2006-02-28,65.79499816894531,68.0,65.19999694824219,66.95500183105469,202630
2006-03-01,67.99500274658203,70.0,66.2249984741211,68.24500274658203,774970
2006-03-02,68.26499938964844,69.5,67.0,67.53500366210938,149670
2006-03-03,67.51000213623047,68.9000015258789,67.5,67.9800033569336,287340
2006-03-06,68.0999984741211,68.0999984741211,66.0999984741211,67.24500274658203,96470
2006-03-07,67.80000305175781,67.99500274658203,65.55000305175781,66.16999816894531,99370
2006-03-08,67.48500061035156,67.9800033569336,65.0,65.17500305175781,162860
2006-03-09,65.49500274658203,65.49500274658203,63.0,64.76499938964844,408270
2006-03-10,64.69999694824219,66.69999694824219,64.69999694824219,65.88500213623047,357900
2006-03-13,66.5,66.5,65.00499725341797,65.58000183105469,40720
2006-03-14,65.5,66.0,65.0999984741211,65.55000305175781,23090
2006-03-16,66.0,66.49500274658203,65.0,66.08999633789062,191070
2006-03-17,66.5,66.5,65.22000122070312,65.9800033569336,141270
2006-03-20,64.5999984741211,66.0,64.5999984741211,65.9000015258789,97480
2006-03-21,66.0999984741211,66.80000305175781,65.81999969482422,66.36000061035156,191960
2006-03-22,66.36000061035156,67.80000305175781,65.0999984741211,66.92500305175781,180730
2006-03-23,67.55000305175781,67.55000305175781,65.62000274658203,66.44999694824219,375650
2006-03-24,66.01000213623047,67.0999984741211,66.01000213623047,66.30999755859375,112830
2006-03-27,66.5,67.69999694824219,66.0,67.08499908447266,359510
2006-03-28,63.220001220703125,66.80500030517578,63.0,63.790000915527344,459000
2006-03-29,65.98999786376953,66.80000305175781,64.49500274658203,66.49500274658203,240930
2006-03-30,67.5,67.5,65.51499938964844,66.06999969482422,76720
2006-03-31,66.5,66.5,64.51000213623047,64.6050033569336,121500
2006-04-03,66.4000015258789,66.4000015258789,64.19999694824219,64.45999908447266,296320
2006-04-04,65.0,65.0,63.5,63.720001220703125,804850
2006-04-05,64.69999694824219,65.0,63.400001525878906,64.13999938964844,511370
2006-04-07,65.0,66.50499725341797,64.45999908447266,64.68000030517578,1206830
2006-04-10,65.5999984741211,65.99500274658203,64.18499755859375,64.58499908447266,149350
2006-04-12,65.5,65.98999786376953,63.20000076293945,63.345001220703125,141240
2006-04-13,62.709999084472656,64.0,62.0,62.51499938964844,190030
2006-04-17,62.2599983215332,63.900001525878906,61.099998474121094,61.41999816894531,447600
2006-04-18,62.25,62.400001525878906,61.400001525878906,61.650001525878906,308280
2006-04-19,62.39500045776367,63.5,61.61000061035156,62.845001220703125,78140
2006-04-20,63.0,63.60499954223633,61.60499954223633,62.165000915527344,59950
2006-04-21,61.70000076293945,63.0,61.005001068115234,62.5099983215332,551030
2006-04-24,62.5,63.5,62.0,62.404998779296875,179840
2006-04-25,62.88999938964844,63.849998474121094,62.21500015258789,63.040000915527344,236840
2006-04-26,63.4900016784668,63.70000076293945,61.0099983215332,62.125,144940
2006-04-27,62.97999954223633,63.290000915527344,61.599998474121094,62.10499954223633,79780
2006-04-28,59.9900016784668,64.0,59.9900016784668,63.61000061035156,123830
2006-05-02,64.9000015258789,65.0,63.54999923706055,63.875,195890
2006-05-03,64.0,64.0,63.29999923706055,63.72999954223633,255720
2006-05-04,64.0999984741211,64.80000305175781,63.75,64.69499969482422,349510
2006-05-05,65.0,65.08999633789062,63.709999084472656,64.98999786376953,195150
2006-05-08,65.0999984741211,65.79000091552734,65.0,65.04000091552734,78980
2006-05-09,65.88999938964844,66.5,64.9000015258789,65.69499969482422,148080
2006-05-10,66.5,69.3550033569336,64.30000305175781,66.33000183105469,1140340
2006-05-11,66.25,66.25,63.099998474121094,63.64500045776367,289670
2006-05-12,65.9000015258789,65.9000015258789,63.11000061035156,63.974998474121094,4098050
2006-05-15,62.03499984741211,64.79000091552734,61.400001525878906,62.38999938964844,75300
2006-05-16,61.599998474121094,63.9900016784668,59.5,61.119998931884766,124910
2006-05-17,62.41999816894531,62.900001525878906,61.79999923706055,62.439998626708984,46560
2006-05-18,63.0,63.0,58.130001068115234,60.76499938964844,178200
2006-05-19,62.400001525878906,62.400001525878906,56.005001068115234,57.404998779296875,184010
2006-05-22,64.99500274658203,64.99500274658203,53.0099983215332,54.775001525878906,173040
2006-05-23,55.0099983215332,55.0099983215332,51.0,54.47999954223633,107850
2006-05-24,63.47999954223633,63.47999954223633,53.1349983215332,54.775001525878906,208030
2006-05-25,56.0,56.0,54.02000045776367,54.630001068115234,37340
2006-05-26,55.0,56.5,54.29999923706055,55.119998931884766,94540
2006-05-29,56.25,59.994998931884766,55.1150016784668,57.20500183105469,85260
2006-05-30,58.994998931884766,58.994998931884766,57.0,57.040000915527344,85430
2006-05-31,56.79999923706055,57.5,53.20000076293945,57.060001373291016,140260
2006-06-01,57.20000076293945,58.189998626708984,56.70000076293945,57.05500030517578,63160
2006-06-02,55.255001068115234,60.400001525878906,55.255001068115234,59.21500015258789,652460
2006-06-05,59.0,59.0,57.54999923706055,58.0,392540
2006-06-06,57.0,58.099998474121094,57.0,58.0,367410
2006-06-07,54.18000030517578,58.599998474121094,54.18000030517578,58.0,407150
2006-06-08,55.599998474121094,56.29999923706055,51.0,51.43000030517578,150970
2006-06-09,51.599998474121094,56.099998474121094,50.0,55.68000030517578,127080
2006-06-12,54.0,58.0,51.5,57.36000061035156,124080
2006-06-13,53.5,55.20000076293945,53.5,54.60499954223633,287360
2006-06-14,56.900001525878906,56.900001525878906,53.10499954223633,53.974998474121094,781860
2006-06-15,54.20000076293945,55.5,54.20000076293945,54.54999923706055,162050
2006-06-16,55.70000076293945,56.994998931884766,55.0,56.415000915527344,80510
2006-06-19,52.650001525878906,57.5,52.650001525878906,56.52000045776367,43820
2006-06-20,55.599998474121094,57.5,55.599998474121094,57.150001525878906,38150
2006-06-21,63.69499969482422,63.69499969482422,55.0,55.53499984741211,1006330
2006-06-22,55.599998474121094,57.5,53.400001525878906,55.720001220703125,389800
2006-06-23,55.5,57.494998931884766,55.5,57.30500030517578,34030
2006-06-26,57.39500045776367,57.70000076293945,56.400001525878906,57.34000015258789,122250
2006-06-27,57.20000076293945,59.0,56.1150016784668,58.04999923706055,4494040
2006-06-28,58.0,59.0,55.720001220703125,57.994998931884766,73690
2006-06-29,58.04999923706055,58.4900016784668,57.29999923706055,57.51499938964844,35300
2006-06-30,58.790000915527344,59.98500061035156,58.0099983215332,59.20500183105469,1019280
2006-07-03,59.20500183105469,59.20500183105469,57.55500030517578,57.94499969482422,66900
2006-07-04,58.5,58.5,57.5,57.625,329490
2006-07-05,56.650001525878906,58.189998626708984,56.650001525878906,57.72999954223633,130710
2006-07-06,56.0099983215332,58.29999923706055,56.0099983215332,58.084999084472656,245670
2006-07-07,58.599998474121094,60.0,56.79999923706055,58.40999984741211,648100
2006-07-10,58.20000076293945,58.5,57.0,57.5,56010
2006-07-11,58.0,58.0,57.119998931884766,57.189998626708984,30870
2006-07-12,57.0,58.0,56.599998474121094,57.005001068115234,300420
2006-07-13,57.0,58.5,56.900001525878906,57.994998931884766,265570
2006-07-14,57.8849983215332,57.9900016784668,56.5,57.244998931884766,238790
2006-07-17,56.0,57.494998931884766,54.13999938964844,57.02000045776367,157290
2006-07-18,56.900001525878906,60.20000076293945,56.255001068115234,57.5,2119520
2006-07-19,56.90999984741211,59.29999923706055,56.90999984741211,57.82500076293945,111020
2006-07-20,58.0,59.0,57.5,58.32500076293945,99320
2006-07-21,59.0,59.0,58.099998474121094,58.369998931884766,139940
2006-07-24,57.130001068115234,58.19499969482422,57.0,57.25,96210
2006-07-25,57.005001068115234,58.25,57.005001068115234,57.9900016784668,88410
2006-07-26,58.0,58.5,57.900001525878906,58.31999969482422,284510
2006-07-27,58.400001525878906,59.5,57.71500015258789,58.95000076293945,468610
2006-07-28,59.0,60.0,58.0,58.51499938964844,184130
2006-07-31,59.70000076293945,61.48500061035156,58.70000076293945,61.025001525878906,344540
2006-08-01,59.5,60.79999923706055,59.5,60.48500061035156,1056690
2006-08-02,61.095001220703125,61.095001220703125,59.505001068115234,60.915000915527344,48890
2006-08-03,61.09000015258789,62.5,60.5,61.7400016784668,683850
2006-08-04,62.3849983215332,62.3849983215332,61.099998474121094,61.7400016784668,310010
2006-08-07,62.5,63.0,61.70000076293945,62.06999969482422,127470
2006-08-08,62.5,63.20000076293945,62.07500076293945,63.07500076293945,306180
2006-08-09,61.75,63.20000076293945,61.75,62.91999816894531,65540
2006-08-10,61.20500183105469,63.84000015258789,61.20500183105469,63.630001068115234,154750
2006-08-11,63.5,65.5999984741211,63.0099983215332,65.05999755859375,379060
2006-08-14,63.119998931884766,65.19999694824219,63.119998931884766,64.99500274658203,91390
2006-08-16,64.5,65.3949966430664,64.5,64.98999786376953,122540
2006-08-17,66.0,66.0,63.709999084472656,64.98999786376953,107700
2006-08-18,64.0199966430664,65.4000015258789,64.0199966430664,64.41500091552734,324890
2006-08-21,64.5,64.5,61.0,63.244998931884766,279390
2006-08-22,64.29499816894531,64.30500030517578,61.904998779296875,62.29999923706055,392890
2006-08-23,62.5,62.5,61.5,61.96500015258789,272750
2006-08-24,60.599998474121094,62.790000915527344,60.560001373291016,61.564998626708984,56810
2006-08-25,61.70000076293945,63.79999923706055,61.19499969482422,62.77000045776367,203620
2006-08-28,62.709999084472656,63.5,62.0,63.290000915527344,65300
2006-08-29,64.5,64.5,62.880001068115234,63.40999984741211,1979620
2006-08-30,64.5,64.5,62.5,63.32500076293945,76040
2006-08-31,63.400001525878906,63.79999923706055,62.900001525878906,63.59000015258789,91790
2006-09-01,63.505001068115234,64.47000122070312,63.20000076293945,63.79999923706055,126950
2006-09-04,64.4000015258789,65.5,63.5,64.29499816894531,1577400
2006-09-05,65.5,65.5,63.20000076293945,63.77000045776367,86700
2006-09-06,63.79999923706055,64.5,63.5,64.43000030517578,95160
2006-09-07,64.0,65.5,64.0,65.33499908447266,240220
2006-09-08,65.9000015258789,65.98999786376953,64.80000305175781,65.45500183105469,116100
2006-09-11,65.0999984741211,66.19999694824219,64.5250015258789,65.36499786376953,92590
2006-09-12,65.20500183105469,66.0,64.90499877929688,65.66500091552734,57480
2006-09-13,65.4000015258789,66.0999984741211,65.25499725341797,65.94999694824219,92860
2006-09-14,66.30000305175781,66.67500305175781,65.25499725341797,66.55999755859375,110770
2006-09-15,65.30000305175781,66.9000015258789,65.30000305175781,66.63500213623047,125280
2006-09-18,66.69999694824219,66.98999786376953,66.00499725341797,66.44499969482422,320700
2006-09-19,66.5999984741211,66.5999984741211,66.01000213623047,66.12000274658203,62810
2006-09-20,66.19999694824219,66.95999908447266,66.0250015258789,66.68000030517578,45410
2006-09-21,66.5,66.83999633789062,66.4000015258789,66.54000091552734,369060
2006-09-22,66.19999694824219,66.9000015258789,66.00499725341797,66.44499969482422,166120
2006-09-25,66.01499938964844,66.5999984741211,66.01499938964844,66.12000274658203,55020
2006-09-26,64.25499725341797,66.66999816894531,64.25499725341797,66.5250015258789,66010
2006-09-27,68.5999984741211,68.5999984741211,66.5,66.69999694824219,277860
2006-09-28,67.0,67.5,66.51499938964844,66.67500305175781,72810
2006-09-29,66.51000213623047,68.5,66.51000213623047,67.61000061035156,147100
2006-10-03,68.00499725341797,68.69999694824219,67.0,67.33499908447266,86550
2006-10-04,67.51000213623047,68.48999786376953,67.0,67.47000122070312,4746600
2006-10-05,69.0,73.5,67.9000015258789,68.09500122070312,99530
2006-10-06,68.5999984741211,68.6500015258789,67.30000305175781,67.51000213623047,146540
2006-10-09,67.5,69.99500274658203,67.0999984741211,67.31999969482422,111100
2006-10-10,67.73500061035156,69.0,67.26000213623047,67.62000274658203,83540
2006-10-11,68.0,68.58999633789062,66.80000305175781,67.4000015258789,86860
2006-10-12,67.4000015258789,67.4000015258789,65.9000015258789,66.47000122070312,89170
2006-10-13,68.80000305175781,68.9000015258789,65.80000305175781,66.42500305175781,104660
2006-10-16,68.99500274658203,68.99500274658203,65.5,66.20999908447266,207310
2006-10-17,66.0,66.0,65.45500183105469,65.83499908447266,349370
2006-10-18,66.0999984741211,66.5,65.30500030517578,65.5199966430664,817300
2006-10-19,65.51000213623047,65.99500274658203,56.529998779296875,64.98500061035156,200950
2006-10-20,66.88999938964844,66.88999938964844,65.0199966430664,65.78500366210938,100060
2006-10-23,66.01000213623047,66.77999877929688,65.5999984741211,66.18499755859375,101270
2006-10-26,66.69000244140625,66.80000305175781,66.0,66.53500366210938,40910
2006-10-27,66.5,67.4800033569336,66.30000305175781,67.26499938964844,142620
2006-10-30,67.0,80.0,66.4000015258789,66.7249984741211,177230
2006-10-31,67.0,68.0,66.4000015258789,66.875,214670
2006-11-01,67.70999908447266,69.69999694824219,67.25499725341797,69.44000244140625,328130
2006-11-02,69.5999984741211,69.5999984741211,68.5,69.16999816894531,155790
2006-11-03,69.0,69.69000244140625,68.20999908447266,69.21499633789062,113770
2006-11-06,69.30000305175781,70.18000030517578,68.61000061035156,69.98999786376953,786950
2006-11-07,70.79000091552734,73.4000015258789,70.0,70.02999877929688,135920
2006-11-08,70.9000015258789,71.36499786376953,69.0999984741211,70.16500091552734,150370
2006-11-09,71.0,71.0,69.55000305175781,69.65499877929688,47110
2006-11-10,70.0,70.5,68.58499908447266,70.06500244140625,131660
2006-11-13,70.5,70.80000305175781,69.18000030517578,70.04000091552734,35010
2006-11-14,69.1449966430664,71.88500213623047,69.1449966430664,71.18499755859375,223740
2006-11-15,71.0,71.93499755859375,70.0999984741211,71.68499755859375,146030
2006-11-16,71.5,72.0999984741211,70.5,71.49500274658203,256610
2006-11-17,71.69999694824219,72.0999984741211,69.70500183105469,70.375,210860
2006-11-20,67.0,70.0999984741211,67.0,68.16000366210938,121090
2006-11-21,68.1050033569336,69.66999816894531,68.02999877929688,68.67500305175781,200910
2006-11-22,69.4000015258789,70.7750015258789,69.00499725341797,70.38500213623047,235860
2006-11-23,71.30000305175781,71.30000305175781,68.5,69.02999877929688,43050
2006-11-24,69.5,70.4000015258789,69.5,70.17500305175781,66560
2006-11-27,70.9000015258789,70.9000015258789,70.0,70.25,69190
2006-11-28,70.25,70.75,69.05000305175781,70.0999984741211,427660
2006-11-29,70.5,70.69999694824219,70.05000305175781,70.26499938964844,47990
2006-11-30,71.4000015258789,72.4800033569336,70.4000015258789,71.30500030517578,1679160
2006-12-01,76.5,76.5,71.5,71.51000213623047,81090
2006-12-04,71.5,72.80000305175781,71.3499984741211,71.54499816894531,752050
2006-12-05,67.43000030517578,72.79000091552734,67.43000030517578,72.47000122070312,114030
2006-12-06,72.80000305175781,73.9000015258789,71.0,71.93499755859375,1146220
2006-12-07,72.0999984741211,72.19999694824219,69.4000015258789,69.91000366210938,219670
2006-12-08,70.19999694824219,70.5,70.0,70.19999694824219,128950
2006-12-11,71.5,71.5,70.0,70.25499725341797,196300
2006-12-12,70.26499938964844,71.08999633789062,70.00499725341797,70.48500061035156,124590
2006-12-13,68.0999984741211,71.5,68.0999984741211,71.37999725341797,354150
2006-12-14,71.80000305175781,72.9000015258789,71.69999694824219,72.01000213623047,126250
2006-12-15,71.80999755859375,72.4000015258789,71.5,72.13500213623047,71540
2006-12-18,71.69999694824219,71.98500061035156,71.5,71.52999877929688,42020
2006-12-19,71.5,73.30000305175781,70.5,72.61000061035156,932410
2006-12-20,73.69999694824219,76.2699966430664,71.50499725341797,71.73500061035156,46480
2006-12-21,72.80000305175781,72.80000305175781,71.5,71.58999633789062,43210
2006-12-22,71.6449966430664,71.98500061035156,71.5,71.7300033569336,12000
2006-12-26,71.69999694824219,72.41999816894531,71.5,71.68000030517578,316780
2006-12-27,72.5,73.0,71.5,71.53500366210938,54030
2006-12-28,71.56500244140625,73.9800033569336,71.50499725341797,72.52999877929688,75360
2006-12-29,72.30000305175781,74.2249984741211,72.03500366210938,73.6500015258789,155350
2007-01-02,74.4000015258789,74.9000015258789,73.69999694824219,74.05999755859375,139410
2007-01-03,74.1050033569336,74.88999938964844,73.73500061035156,74.08000183105469,75150
2007-01-04,73.30000305175781,75.48999786376953,73.19999694824219,74.93499755859375,144250
2007-01-05,75.34500122070312,75.34500122070312,73.7300033569336,74.88500213623047,49620
2007-01-08,74.80000305175781,74.80000305175781,72.5999984741211,72.875,251550
2007-01-09,72.5,73.84500122070312,72.0,72.00499725341797,106700
2007-01-10,72.12000274658203,73.0,72.0,72.06500244140625,66860
2007-01-11,74.80000305175781,74.80000305175781,71.69999694824219,72.79000091552734,39330
2007-01-12,73.9000015258789,74.4000015258789,70.0,71.37000274658203,135350
2007-01-15,74.0,84.79000091552734,71.9000015258789,78.0,552910
2007-01-16,78.98999786376953,80.0999984741211,76.0,78.83000183105469,364280
2007-01-17,79.0,80.80000305175781,78.98999786376953,80.4749984741211,566320
2007-01-18,81.19999694824219,81.4000015258789,78.5250015258789,80.81999969482422,380310
2007-01-19,80.19999694824219,80.29499816894531,78.5,79.93499755859375,53570
2007-01-22,80.80000305175781,80.8949966430664,79.21499633789062,79.8550033569336,42770
2007-01-23,80.97000122070312,80.97000122070312,78.5,78.83000183105469,49110
2007-01-24,78.5,79.79499816894531,78.0,79.04499816894531,23160
2007-01-25,79.5,80.9000015258789,79.0,80.25,112320
2007-01-29,80.4000015258789,81.5,78.5,79.99500274658203,137970
2007-01-31,76.50499725341797,80.80000305175781,76.50499725341797,79.58999633789062,656840
2007-02-01,78.5,80.18000030517578,78.1500015258789,79.50499725341797,542260
2007-02-02,78.1050033569336,79.98999786376953,78.0,78.75499725341797,307820
2007-02-05,79.19999694824219,79.19999694824219,77.5,77.83499908447266,231080
2007-02-06,79.30000305175781,79.80000305175781,77.0,77.11000061035156,790990
2007-02-07,77.5,77.9800033569336,76.0,76.7249984741211,649380
2007-02-08,76.98500061035156,82.5,76.13999938964844,80.0199966430664,562480
2007-02-09,80.0,80.5,77.51000213623047,79.16999816894531,97430
2007-02-12,77.61000061035156,79.98999786376953,75.50499725341797,78.69000244140625,73170
2007-02-13,75.0,78.84500122070312,74.19999694824219,78.44999694824219,98300
2007-02-14,78.0,78.5,75.33000183105469,77.81999969482422,123670
2007-02-15,78.19999694824219,80.69999694824219,77.0,78.92500305175781,183170
2007-02-19,79.0999984741211,79.5,77.61000061035156,79.0,174750
2007-02-20,79.19999694824219,79.5,75.01499938964844,76.16000366210938,211510
2007-02-21,76.98999786376953,77.0,75.53500366210938,75.77999877929688,167300
2007-02-22,76.5,76.5,74.66999816894531,75.51000213623047,348980
2007-02-23,75.0,75.80000305175781,72.5999984741211,73.25,456720
2007-02-26,73.19999694824219,73.47000122070312,70.5999984741211,73.16500091552734,170410
2007-02-27,74.48999786376953,80.0,72.625,73.19499969482422,1933070
2007-02-28,69.5,75.05999755859375,69.4000015258789,73.70500183105469,259450
2007-03-01,75.0999984741211,75.0999984741211,71.0,71.7300033569336,256470
2007-03-02,73.0,73.5,69.80000305175781,70.19499969482422,143830
2007-03-05,68.5,69.80000305175781,63.51499938964844,65.57499694824219,243620
2007-03-06,65.55000305175781,69.94499969482422,55.099998474121094,68.31999969482422,165460
2007-03-07,69.0,69.5,65.12000274658203,66.125,193290
2007-03-08,66.20999908447266,70.0,64.5,69.33499908447266,1621870
2007-03-09,68.61000061035156,69.99500274658203,67.19999694824219,68.42500305175781,73500
2007-03-12,68.98999786376953,72.0,67.5999984741211,69.75,118270
2007-03-13,71.69999694824219,71.80000305175781,68.8550033569336,69.66500091552734,80890
2007-03-14,69.01000213623047,69.9000015258789,68.9000015258789,69.0,770250
2007-03-15,68.0,70.0,68.0,69.13999938964844,717250
2007-03-16,69.0,69.29000091552734,68.0,68.54499816894531,1118850
2007-03-19,69.87999725341797,69.9749984741211,68.51499938964844,69.55999755859375,69810
2007-03-20,69.5,72.5,67.86000061035156,71.0,782320
2007-03-21,70.5,70.9000015258789,69.25499725341797,70.69999694824219,37390
2007-03-22,71.0,72.19499969482422,71.0,71.6500015258789,169740
2007-03-23,70.12000274658203,72.0,70.12000274658203,71.62999725341797,141160
2007-03-26,71.61499786376953,73.36000061035156,71.61499786376953,73.16000366210938,55590
2007-03-28,72.25,74.9000015258789,72.0,74.22000122070312,2655220
2007-03-29,75.0,77.0,74.0,75.7300033569336,225750
2007-03-30,76.0,78.0,75.0,76.26000213623047,244180
2007-04-02,75.0,75.4000015258789,72.45999908447266,74.0250015258789,133460
2007-04-03,74.5999984741211,75.4000015258789,73.19999694824219,74.7300033569336,114300
2007-04-04,75.48999786376953,84.87000274658203,75.0,76.83999633789062,55160
2007-04-05,76.01000213623047,79.88999938964844,76.01000213623047,79.01499938964844,132970
2007-04-09,79.0,79.68000030517578,78.0999984741211,78.76499938964844,80580
2007-04-10,78.5,80.20500183105469,77.5,79.91999816894531,161150
2007-04-11,79.80000305175781,80.99500274658203,79.5,80.7249984741211,79680
2007-04-12,79.99500274658203,81.5999984741211,78.51000213623047,80.37999725341797,324840
2007-04-13,79.70500183105469,81.9000015258789,78.9000015258789,81.1449966430664,379880
2007-04-16,81.5,81.5,80.0999984741211,80.80999755859375,289450
2007-04-17,81.0,81.19999694824219,79.4000015258789,79.7249984741211,235550
2007-04-18,80.0,80.0,77.4000015258789,78.19999694824219,39380
2007-04-19,77.26000213623047,80.4000015258789,76.1050033569336,79.84500122070312,281640
2007-04-20,79.5,80.88999938964844,78.9000015258789,80.6050033569336,116720
2007-04-23,79.55500030517578,80.5,78.5,79.06999969482422,281790
2007-04-24,75.19999694824219,80.0999984741211,75.0999984741211,80.03500366210938,65810
2007-04-25,81.0,81.0,79.4000015258789,80.43499755859375,123010
2007-04-26,80.30000305175781,80.69499969482422,80.0,80.0,173270
2007-04-27,80.5,80.5,78.5,78.71499633789062,280920
2007-04-30,78.80000305175781,79.88999938964844,78.5,79.08999633789062,341750
2007-05-03,79.4000015258789,81.19999694824219,79.4000015258789,80.875,410840
2007-05-04,80.79000091552734,81.36000061035156,80.3499984741211,80.71499633789062,105250
2007-05-07,80.13500213623047,80.9800033569336,79.5,80.48500061035156,126540
2007-05-08,80.0,80.30000305175781,78.0,78.44000244140625,165250
2007-05-09,79.4000015258789,79.4000015258789,77.0999984741211,77.33499908447266,163110
2007-05-10,79.5,79.98999786376953,77.47000122070312,78.24500274658203,814800
2007-05-11,78.30000305175781,78.80000305175781,73.62999725341797,77.56999969482422,1436740
2007-05-14,78.4749984741211,79.3949966430664,77.0,79.17500305175781,1018850
2007-05-15,79.8949966430664,80.0,78.72000122070312,79.46499633789062,99870
2007-05-16,80.0,84.0,79.11499786376953,81.87000274658203,460250
2007-05-17,82.0,82.99500274658203,81.0,81.56500244140625,151870
2007-05-18,80.5,82.49500274658203,80.5,81.61499786376953,60150
2007-05-21,81.69999694824219,82.19999694824219,80.6500015258789,81.9749984741211,101500
2007-05-22,80.94000244140625,83.5,80.94000244140625,82.0,729690
2007-05-23,82.5,82.5,81.69999694824219,81.8499984741211,64930
2007-05-24,81.54000091552734,83.0,81.20500183105469,82.43499755859375,107530
2007-05-25,81.9000015258789,82.8949966430664,81.12999725341797,82.5250015258789,53260
2007-05-28,89.5999984741211,89.87000274658203,81.84500122070312,82.34500122070312,183510
2007-05-29,82.5,83.47000122070312,82.00499725341797,83.19499969482422,82850
2007-05-30,81.80500030517578,83.3949966430664,81.80500030517578,82.48999786376953,838160
2007-05-31,83.41999816894531,83.41999816894531,82.11499786376953,83.01499938964844,1477050
2007-06-01,84.0,87.375,83.19999694824219,86.70999908447266,555520
2007-06-04,86.0,89.9000015258789,86.0,86.24500274658203,383050
2007-06-05,87.4000015258789,87.4000015258789,84.5,84.9000015258789,181250
2007-06-06,84.5,85.19999694824219,83.0199966430664,84.09500122070312,119600
2007-06-07,85.49500274658203,85.86499786376953,83.0,84.95999908447266,140780
2007-06-08,84.1050033569336,95.15499877929688,84.00499725341797,85.31999969482422,134440
2007-06-11,86.4000015258789,87.5999984741211,83.50499725341797,83.9800033569336,81490
2007-06-12,86.5,87.4000015258789,84.19999694824219,86.55000305175781,215970
2007-06-13,86.4000015258789,86.4000015258789,84.75,85.80500030517578,265310
2007-06-14,85.61000061035156,85.9800033569336,84.69999694824219,84.79000091552734,273780
2007-06-15,87.5,88.80000305175781,84.5,86.80999755859375,140980
2007-06-18,85.26000213623047,87.5,85.26000213623047,86.3949966430664,212910
2007-06-19,87.0,87.9000015258789,84.69999694824219,84.8499984741211,473760
2007-06-20,86.0,86.69999694824219,84.30000305175781,84.77999877929688,155430
2007-06-21,86.0,86.0,84.19999694824219,85.00499725341797,2506840
2007-06-22,84.69999694824219,85.5,80.19999694824219,83.73999786376953,137030
2007-06-25,84.0,84.5,83.0,83.2249984741211,59190
2007-06-26,83.30000305175781,83.9000015258789,82.0999984741211,82.38500213623047,158750
2007-06-27,83.80000305175781,84.25,82.19999694824219,83.04499816894531,160540
2007-06-28,81.5,83.69499969482422,81.5,83.0,179230
2007-06-29,83.4000015258789,84.19499969482422,79.9000015258789,81.01499938964844,249440
2007-07-02,82.87000274658203,83.9000015258789,81.80000305175781,82.99500274658203,36440
2007-07-03,83.69999694824219,84.0,82.5,83.0199966430664,81940
2007-07-04,82.5,83.38999938964844,82.5,83.01000213623047,48540
2007-07-05,83.4000015258789,84.25,83.00499725341797,84.05999755859375,43680
2007-07-06,84.30000305175781,85.98999786376953,84.00499725341797,84.8499984741211,215560
2007-07-09,84.70500183105469,86.3949966430664,84.70500183105469,85.73500061035156,157810
2007-07-10,86.0,86.19999694824219,84.69999694824219,85.25,98700
2007-07-11,85.5,85.98999786376953,84.22000122070312,85.45999908447266,181430
2007-07-12,84.4000015258789,86.23999786376953,84.4000015258789,85.33000183105469,32810
2007-07-13,84.4000015258789,87.5999984741211,83.9000015258789,86.54000091552734,2194310
2007-07-16,86.5999984741211,88.88500213623047,85.4000015258789,87.48999786376953,2533610
2007-07-17,88.0,89.8499984741211,87.48999786376953,88.59500122070312,165190
2007-07-18,89.4000015258789,89.5,87.5,87.94000244140625,115840
2007-07-19,89.30000305175781,89.30000305175781,86.04000091552734,88.62999725341797,177480
2007-07-20,89.0,89.19999694824219,86.50499725341797,87.95500183105469,296690
2007-07-23,88.30000305175781,89.11499786376953,86.69999694824219,88.2249984741211,171360
2007-07-24,88.2249984741211,90.0999984741211,87.80000305175781,89.70500183105469,256340
2007-07-25,88.0,89.0,86.19999694824219,87.1449966430664,41600
2007-07-26,87.30000305175781,87.79499816894531,86.0999984741211,86.62999725341797,85890
2007-07-27,87.0,88.75,85.31999969482422,86.66000366210938,82480
2007-07-30,81.13500213623047,88.0999984741211,81.13500213623047,85.72000122070312,91210
2007-07-31,86.88999938964844,89.0,86.0999984741211,88.58999633789062,130980
2007-08-01,86.30000305175781,88.80000305175781,86.01499938964844,86.0999984741211,83730
2007-08-02,86.5,88.80000305175781,86.5,88.20999908447266,112150
2007-08-03,88.0,90.0,88.0,89.67500305175781,575810
2007-08-06,89.0,90.0,86.82499694824219,88.55500030517578,78770
2007-08-07,89.9000015258789,90.69999694824219,89.0,90.0250015258789,118070
2007-08-08,90.5,92.9000015258789,89.21499633789062,92.3949966430664,165440
2007-08-09,91.91500091552734,94.76000213623047,91.91500091552734,93.91000366210938,357710
2007-08-10,93.91000366210938,95.5999984741211,88.0,94.57499694824219,108490
2007-08-13,92.50499725341797,99.5,92.50499725341797,98.12000274658203,217890
2007-08-14,98.9000015258789,99.0999984741211,96.22000122070312,98.76000213623047,227650
2007-08-16,93.0,98.4000015258789,92.0250015258789,93.80999755859375,127180
2007-08-17,93.80999755859375,96.5,91.0,92.48999786376953,109370
2007-08-20,96.4000015258789,96.4000015258789,93.19999694824219,93.53500366210938,31340
2007-08-21,95.19000244140625,95.19000244140625,92.51000213623047,93.75499725341797,113350
2007-08-22,93.0,95.0,92.0999984741211,92.67500305175781,86120
2007-08-23,93.0,94.47000122070312,92.5,92.80000305175781,70980
2007-08-24,92.69999694824219,93.5,92.69999694824219,93.25,232430
2007-08-27,95.0,95.0,93.4000015258789,93.99500274658203,188660
2007-08-28,94.86000061035156,95.0,93.00499725341797,93.05000305175781,226310
2007-08-29,90.50499725341797,93.8949966430664,90.50499725341797,93.58499908447266,20730
2007-08-30,94.83000183105469,95.48500061035156,94.0,94.79499816894531,188490
2007-08-31,94.0,94.9000015258789,92.0999984741211,94.30000305175781,103690
2007-09-03,94.5,96.0,94.1050033569336,95.07499694824219,48530
2007-09-04,95.80000305175781,95.9000015258789,94.51499938964844,94.61499786376953,123140
2007-09-05,95.0999984741211,95.0999984741211,93.4000015258789,94.38500213623047,673350
2007-09-06,94.3499984741211,95.0,93.625,94.0,2540260
2007-09-07,94.25,94.86499786376953,93.0,93.76000213623047,35550
2007-09-10,93.80000305175781,95.0,92.625,94.93499755859375,411760
2007-09-11,94.99500274658203,94.99500274658203,92.94999694824219,93.16999816894531,38780
2007-09-12,93.0999984741211,94.0,93.0,93.4000015258789,112970
2007-09-13,93.51000213623047,95.19999694824219,93.5,94.98500061035156,698240
2007-09-14,94.9000015258789,97.5,94.5999984741211,95.0,3118710
2007-09-17,95.5,96.4000015258789,94.01000213623047,94.54499816894531,52360
2007-09-18,93.02999877929688,94.69999694824219,93.0,93.50499725341797,39490
2007-09-19,94.5,96.0,93.0999984741211,93.25499725341797,128430
2007-09-20,93.5,95.46499633789062,93.5,94.91999816894531,271750
2007-09-21,94.75,94.75,92.5,93.5,101960
2007-09-24,93.30000305175781,95.5,93.00499725341797,95.0,2078870
2007-09-25,95.5,99.4000015258789,95.0,98.1449966430664,159960
2007-09-26,98.1449966430664,100.0999984741211,97.5,98.18000030517578,135040
2007-09-27,97.5,99.88999938964844,93.5,95.6449966430664,127260
2007-09-28,97.5,99.9000015258789,95.15499877929688,98.83499908447266,2714390
2007-10-01,96.00499725341797,99.99500274658203,96.00499725341797,96.6449966430664,136300
2007-10-03,98.0,100.50499725341797,95.19999694824219,99.08999633789062,166220
2007-10-04,95.79000091552734,99.5999984741211,95.79000091552734,98.54000091552734,200230
2007-10-05,99.0,99.0,94.12000274658203,94.61499786376953,488410
2007-10-08,96.0,96.0,91.4000015258789,94.4800033569336,167700
2007-10-09,96.0,98.48999786376953,93.0,96.94000244140625,148170
2007-10-10,97.0,97.0,94.19999694824219,94.91000366210938,67950
2007-10-11,93.20500183105469,99.0,93.20500183105469,98.2699966430664,208510
2007-10-12,96.80500030517578,97.96499633789062,95.0999984741211,96.54499816894531,669960
2007-10-15,97.0,98.0999984741211,95.30000305175781,97.20500183105469,402590
2007-10-16,97.4800033569336,99.69999694824219,95.0,97.01499938964844,129130
2007-10-17,92.69999694824219,96.25499725341797,92.5,94.79499816894531,83650
2007-10-18,95.9000015258789,97.80000305175781,94.95999908447266,95.04000091552734,105470
2007-10-19,92.0999984741211,94.9000015258789,92.0999984741211,92.74500274658203,162360
2007-10-22,101.73999786376953,101.73999786376953,91.05000305175781,97.69499969482422,195560
2007-10-23,99.97000122070312,99.97000122070312,96.19999694824219,97.3550033569336,6209380
2007-10-24,99.5,102.0999984741211,98.40499877929688,101.33000183105469,470290
2007-10-25,102.5,111.0999984741211,100.19999694824219,109.86499786376953,3995220
2007-10-26,108.4000015258789,108.47000122070312,100.50499725341797,100.93499755859375,596260
2007-10-29,107.5,108.0,100.62999725341797,103.13500213623047,1144530
2007-10-30,105.0,105.0,101.0,101.44000244140625,1911930
2007-10-31,101.9000015258789,103.99500274658203,101.9000015258789,103.2300033569336,49740
2007-11-01,104.5,109.9000015258789,102.5,108.625,233140
2007-11-02,103.5999984741211,107.98999786376953,103.5,105.77999877929688,212990
2007-11-05,112.5,112.5,103.00499725341797,105.19999694824219,185880
2007-11-06,104.51000213623047,106.5,102.0,104.23999786376953,133030
2007-11-07,103.0,106.0,102.0999984741211,105.15499877929688,177330
2007-11-08,102.4000015258789,105.4000015258789,101.9000015258789,102.50499725341797,33330
2007-11-12,102.4000015258789,102.4000015258789,95.0,96.88500213623047,192170
2007-11-13,100.5,100.69000244140625,98.0,100.46499633789062,271600
2007-11-14,100.69000244140625,102.0,97.6500015258789,99.75499725341797,87370
2007-11-15,100.9000015258789,100.9000015258789,99.0,100.0250015258789,243330
2007-11-16,100.0250015258789,100.69000244140625,99.0999984741211,100.00499725341797,208630
2007-11-19,100.69999694824219,101.9000015258789,100.5,100.5,207770
2007-11-20,100.5,101.5,100.20999908447266,100.5,46310
2007-11-21,97.0999984741211,101.19999694824219,97.0999984741211,100.0,180900
2007-11-22,98.5250015258789,100.69000244140625,98.5250015258789,100.30000305175781,140600
2007-11-23,100.69000244140625,100.69000244140625,97.5,99.11499786376953,58200
2007-11-26,97.66500091552734,100.49500274658203,97.66500091552734,99.84500122070312,87450
2007-11-27,100.0,100.5,99.1050033569336,100.0999984741211,68740
2007-11-28,96.0999984741211,101.0,96.0999984741211,100.6449966430664,2763840
2007-11-29,101.0,101.0,95.4000015258789,99.80999755859375,1534180
2007-11-30,99.9000015258789,100.67500305175781,98.00499725341797,99.0,3959270
2007-12-03,99.0999984741211,100.0,98.00499725341797,98.66000366210938,157990
2007-12-04,99.5999984741211,100.0,99.18499755859375,99.52999877929688,26660
2007-12-05,99.52999877929688,100.69499969482422,99.1050033569336,100.2300033569336,48290
2007-12-06,100.0,100.4000015258789,98.50499725341797,99.44000244140625,66800
2007-12-07,100.29499816894531,100.29499816894531,98.30000305175781,99.48999786376953,674400
2007-12-10,99.30000305175781,100.29499816894531,98.5,99.50499725341797,187360
2007-12-11,99.5999984741211,100.58999633789062,99.0999984741211,99.95500183105469,573110
2007-12-12,100.0999984741211,100.58499908447266,99.5,99.66000366210938,196020
2007-12-13,100.69000244140625,100.69999694824219,98.0999984741211,98.3949966430664,102560
2007-12-14,98.69999694824219,100.69499969482422,98.69999694824219,100.2699966430664,47470
2007-12-17,99.5,100.5,99.0999984741211,99.5999984741211,36900
2007-12-18,100.4000015258789,100.4000015258789,98.54000091552734,98.80000305175781,32790
2007-12-19,99.19999694824219,100.69999694824219,99.1050033569336,100.48999786376953,33330
2007-12-20,100.00499725341797,102.4000015258789,100.0,101.16500091552734,95140
2007-12-24,107.22000122070312,107.22000122070312,101.0,105.20999908447266,126910
2007-12-26,112.19999694824219,112.19999694824219,104.5,110.01499938964844,363010
2007-12-27,111.5,112.5,108.4000015258789,108.51499938964844,79620
2007-12-28,105.5,111.9000015258789,102.55500030517578,109.98999786376953,2826410
2007-12-31,118.0,118.0,109.5250015258789,109.95500183105469,65810
2008-01-01,113.9000015258789,114.5999984741211,109.1050033569336,113.41000366210938,105560
2008-01-02,113.5,116.5,111.20500183105469,113.62999725341797,191880
2008-01-03,114.0999984741211,114.88999938964844,112.30000305175781,113.90499877929688,133510
2008-01-04,115.0,115.79000091552734,111.0999984741211,114.08999633789062,208380
2008-01-07,114.08999633789062,122.0999984741211,107.7699966430664,121.23999786376953,222280
2008-01-08,121.19999694824219,129.99000549316406,117.9000015258789,124.81999969482422,403670
2008-01-09,124.81999969482422,129.89999389648438,118.5999984741211,120.29000091552734,1437040
2008-01-10,120.69499969482422,120.69499969482422,115.12000274658203,117.2249984741211,68440
2008-01-11,117.5,117.5,112.25,115.72000122070312,49530
2008-01-14,109.06500244140625,115.9000015258789,109.06500244140625,112.41000366210938,51850
2008-01-15,118.0,118.0,109.0,109.95999908447266,84430
2008-01-16,109.9000015258789,111.19999694824219,107.5,108.62000274658203,364870
2008-01-17,108.0,109.9000015258789,106.0,108.67500305175781,91120
2008-01-18,105.19999694824219,109.0,101.5,104.0,217260
2008-01-21,107.99500274658203,107.99500274658203,103.1050033569336,104.55999755859375,1040430
2008-01-22,96.30000305175781,119.9000015258789,90.30000305175781,95.0,358100
2008-01-23,104.0,104.5,97.0999984741211,100.26499938964844,1102060
2008-01-24,101.1050033569336,105.98999786376953,99.0,101.61499786376953,2792830
2008-01-25,101.5,111.01000213623047,101.5,104.69499969482422,274530
2008-01-28,104.0,113.98999786376953,100.19999694824219,112.71499633789062,235940
2008-01-29,112.69999694824219,114.98999786376953,106.69999694824219,110.77999877929688,88070
2008-01-30,111.0,120.0,110.0,118.0,252020
2008-01-31,117.80000305175781,131.9949951171875,110.19999694824219,124.61499786376953,537940
2008-02-01,126.0,126.0,113.30999755859375,117.0,186080
2008-02-04,120.12999725341797,123.80000305175781,117.5999984741211,119.6050033569336,747470
2008-02-05,120.5,123.0,119.5,121.63999938964844,212330
2008-02-06,116.0,121.4000015258789,116.0,120.7750015258789,2718600
2008-02-07,118.0,120.5,111.96499633789062,114.05500030517578,327970
2008-02-08,115.0,119.0,110.5,118.0,1520360
2008-02-11,118.0,120.0,113.0,115.16500091552734,79230
2008-02-12,115.5,116.0,110.05500030517578,115.16000366210938,117070
2008-02-13,115.4000015258789,118.0,113.0,114.7699966430664,107020
2008-02-14,116.69999694824219,116.9000015258789,115.0,115.36499786376953,63320
2008-02-15,115.5,116.69999694824219,115.0,115.36000061035156,41160
2008-02-18,116.80000305175781,117.0,114.125,115.03500366210938,20900
2008-02-19,115.69999694824219,116.29000091552734,110.5,111.16000366210938,85520
2008-02-20,112.0,114.49500274658203,107.9000015258789,108.7300033569336,43270
2008-02-21,110.0,112.44999694824219,104.0,105.38500213623047,111780
2008-02-22,105.0999984741211,111.5,104.0999984741211,109.62000274658203,38830
2008-02-25,113.5,118.9000015258789,109.0,113.49500274658203,108640
2008-02-26,114.0,114.0,112.0,113.09500122070312,68870
2008-02-27,113.5,120.3949966430664,113.0999984741211,119.84500122070312,452810
2008-02-28,119.0,119.0,110.13999938964844,113.62999725341797,219470
2008-02-29,114.9000015258789,114.9000015258789,110.0,111.5,90510
2008-03-03,110.0,117.80000305175781,109.19999694824219,116.0250015258789,134990
2008-03-04,112.0,117.9000015258789,112.0,116.58999633789062,87700
2008-03-05,116.80000305175781,116.80000305175781,112.50499725341797,113.5999984741211,217150
2008-03-07,112.5,113.98999786376953,110.12000274658203,112.3949966430664,633930
2008-03-10,111.0199966430664,117.0,109.80000305175781,115.97000122070312,2251280
2008-03-11,114.69999694824219,120.0,114.0,116.4749984741211,177140
2008-03-12,116.0999984741211,118.5,114.4000015258789,115.66999816894531,82340
2008-03-13,115.0999984741211,115.5999984741211,112.5999984741211,113.31999969482422,375560
2008-03-14,114.80000305175781,118.0,113.19999694824219,114.08000183105469,5044210
2008-03-17,110.5,114.0,105.19999694824219,110.57499694824219,502990
2008-03-18,110.0,114.0,109.0,113.38500213623047,108130
2008-03-19,111.19999694824219,120.80000305175781,110.0,117.50499725341797,12180790
2008-03-24,117.5,119.5,115.0,116.7750015258789,284490
2008-03-25,117.80000305175781,117.80000305175781,115.05000305175781,115.7750015258789,108820
2008-03-26,116.0,116.0,115.0,115.70999908447266,56880
2008-03-27,115.0,117.49500274658203,114.9000015258789,116.47000122070312,1740100
2008-03-28,117.19999694824219,118.5,115.5,117.8949966430664,121070
2008-03-31,117.0,120.5,116.0,119.98999786376953,188480
2008-04-01,120.0,123.0,118.80000305175781,119.81500244140625,129880
2008-04-02,120.80000305175781,123.80000305175781,116.5,118.69499969482422,52140
2008-04-03,119.0,119.48999786376953,116.30500030517578,118.29499816894531,85020
2008-04-04,118.69999694824219,119.0,115.06999969482422,118.41000366210938,35510
2008-04-07,118.5,118.80000305175781,117.0,118.34500122070312,26520
2008-04-08,117.41999816894531,119.79499816894531,117.0,118.20999908447266,113640
2008-04-09,118.30000305175781,123.5,118.30000305175781,122.25499725341797,348320
2008-04-10,123.4000015258789,123.4000015258789,120.0,121.50499725341797,139070
2008-04-11,117.5,122.69999694824219,112.68499755859375,119.98999786376953,378790
2008-04-15,119.19999694824219,121.0,119.19999694824219,120.04000091552734,16010
2008-04-16,120.19999694824219,122.99500274658203,119.0,120.13999938964844,48660
2008-04-17,122.0,122.98999786376953,120.0,121.8949966430664,114830
2008-04-21,121.4000015258789,124.69999694824219,121.0,124.09500122070312,91220
2008-04-22,123.9000015258789,123.99500274658203,121.30000305175781,123.47000122070312,41370
2008-04-23,122.80000305175781,123.80000305175781,121.69999694824219,122.87000274658203,32820
2008-04-24,122.87000274658203,123.5,121.5,122.04000091552734,211510
2008-04-25,122.80000305175781,123.80000305175781,122.00499725341797,122.9749984741211,17430
2008-04-28,123.19999694824219,125.0,122.80500030517578,124.37000274658203,56350
2008-04-29,123.30000305175781,126.19000244140625,123.26499938964844,125.54499816894531,75670
2008-04-30,125.80000305175781,128.5,125.20500183105469,128.02999877929688,112990
2008-05-02,128.0,129.89999389648438,126.0,127.58499908447266,215770
2008-05-05,127.5,129.5,126.0,128.48500061035156,69380
2008-05-06,128.39999389648438,129.6999969482422,126.50499725341797,128.35499572753906,78290
2008-05-07,128.5,133.39999389648438,126.51000213623047,127.44499969482422,38620
2008-05-08,124.0999984741211,127.4000015258789,121.5,123.37999725341797,102440
2008-05-09,126.0,126.0,121.0250015258789,122.25,110860
2008-05-12,122.19999694824219,122.19999694824219,119.5,120.32499694824219,106690
2008-05-13,120.9000015258789,124.0,120.0,123.49500274658203,64880
2008-05-14,122.80000305175781,123.80000305175781,121.4000015258789,122.83000183105469,62570
2008-05-15,122.75,123.90499877929688,121.0,121.72000122070312,38770
2008-05-16,121.69999694824219,125.0,121.00499725341797,121.38500213623047,20380
2008-05-20,121.5999984741211,123.5,120.16999816894531,122.56999969482422,84280
2008-05-21,121.80000305175781,122.80000305175781,119.50499725341797,122.07499694824219,53870
2008-05-22,120.69999694824219,123.44999694824219,120.69999694824219,122.59500122070312,48210
2008-05-23,122.5,123.30000305175781,122.5,122.63500213623047,30880
2008-05-26,121.5,123.4000015258789,120.0999984741211,122.57499694824219,127620
2008-05-27,122.4000015258789,127.5999984741211,121.5,124.12999725341797,282310
2008-05-28,123.80000305175781,125.29000091552734,123.0199966430664,123.80000305175781,139470
2008-05-29,123.69999694824219,126.88999938964844,123.0,125.94000244140625,130410
2008-05-30,125.9000015258789,129.10000610351562,125.0,128.58999633789062,98320
2008-06-02,129.0050048828125,129.89999389648438,125.19999694824219,126.12999725341797,58680
2008-06-03,124.5,125.48999786376953,123.5,124.375,142070
2008-06-04,124.30000305175781,125.4800033569336,121.0999984741211,125.0,50280
2008-06-05,125.0,126.0,123.51499938964844,125.66500091552734,19570
2008-06-06,124.25499725341797,127.9000015258789,124.25499725341797,126.08000183105469,34840
2008-06-09,125.0,126.98999786376953,120.0,125.6050033569336,330370
2008-06-10,124.0999984741211,126.30000305175781,124.0,125.66500091552734,372820
2008-06-11,125.5999984741211,129.39999389648438,124.04499816894531,128.78500366210938,68330
2008-06-12,128.64999389648438,130.0,125.30000305175781,125.90499877929688,592430
2008-06-13,127.0999984741211,127.9000015258789,123.41999816894531,126.83999633789062,59760
2008-06-16,126.5,128.47500610351562,126.44999694824219,127.8499984741211,709850
2008-06-17,127.5,127.5,125.0999984741211,125.91500091552734,50310
2008-06-18,126.49500274658203,126.80000305175781,124.9000015258789,125.32499694824219,606470
2008-06-19,126.9000015258789,131.97000122070312,122.80000305175781,126.01499938964844,571340
2008-06-20,126.0,127.30000305175781,125.19999694824219,126.02999877929688,463090
2008-06-23,127.5,127.5,122.5,124.69999694824219,1284930
2008-06-24,124.0,124.5,121.0,122.48999786376953,190180
2008-06-25,121.0,122.69999694824219,115.0,116.03500366210938,213730
2008-06-26,119.0,120.0,116.5,117.68499755859375,149350
2008-06-27,116.30000305175781,118.98999786376953,110.55500030517578,115.6050033569336,78590
2008-06-30,115.6050033569336,119.69999694824219,114.0,114.92500305175781,178630
2008-07-01,115.20999908447266,116.08999633789062,106.00499725341797,108.1449966430664,121530
2008-07-02,107.9000015258789,107.9000015258789,100.21499633789062,104.6449966430664,157450
2008-07-03,104.69999694824219,105.87999725341797,101.80000305175781,102.6449966430664,108150
2008-07-04,102.9000015258789,104.0,101.01000213623047,103.22000122070312,51750
2008-07-07,103.0999984741211,105.99500274658203,103.0199966430664,105.13999938964844,20480
2008-07-08,103.0,105.9000015258789,102.0999984741211,102.51499938964844,75860
2008-07-09,104.0999984741211,104.82499694824219,102.5,103.38500213623047,63550
2008-07-10,104.0,104.0,103.0,103.55999755859375,46000
2008-07-11,104.0,105.5999984741211,103.00499725341797,105.18499755859375,61020
2008-07-14,104.0,107.0,103.02999877929688,105.18000030517578,118590
2008-07-15,105.4000015258789,105.5999984741211,103.5,103.95999908447266,1358780
2008-07-16,104.0,104.0,99.99500274658203,100.19499969482422,78050
2008-07-17,102.80000305175781,105.0,101.0,103.41000366210938,414170
2008-07-18,103.0,105.77999877929688,102.80000305175781,104.9800033569336,45570
2008-07-21,103.9000015258789,106.51000213623047,103.9000015258789,106.2750015258789,30490
2008-07-22,106.19999694824219,109.30000305175781,105.80000305175781,106.31999969482422,56800
2008-07-23,107.30000305175781,118.45999908447266,107.30000305175781,111.08499908447266,156950
2008-07-24,111.5,114.5999984741211,111.5,112.25,62560
2008-07-25,112.0,112.80000305175781,110.5,111.70500183105469,31200
2008-07-28,112.5,114.6500015258789,111.0,113.83000183105469,286520
2008-07-29,112.80000305175781,115.5,112.01000213623047,115.0,39720
2008-07-30,117.58999633789062,120.0,115.0,119.00499725341797,98030
2008-07-31,119.5999984741211,123.0,118.1050033569336,120.44499969482422,564360
2008-08-01,120.0,122.5,120.0,121.03500366210938,667920
2008-08-04,122.5,124.87000274658203,121.5,122.5199966430664,94710
2008-08-05,122.5,124.4000015258789,122.5,123.63999938964844,275580
2008-08-06,123.69999694824219,124.98999786376953,123.1050033569336,123.75,167340
2008-08-07,126.0,126.0,123.3949966430664,124.125,359270
2008-08-08,123.5,124.0,122.62000274658203,123.875,118350
2008-08-11,124.00499725341797,125.98999786376953,124.0,125.46499633789062,201570
2008-08-12,125.50499725341797,126.0999984741211,123.9800033569336,125.59500122070312,230200
2008-08-13,125.80000305175781,129.99000549316406,125.80000305175781,127.42500305175781,189470
2008-08-14,128.0,128.6750030517578,124.01000213623047,124.4800033569336,34540
2008-08-18,124.4800033569336,125.50499725341797,123.5,125.11000061035156,29830
2008-08-19,125.0,125.5,118.0,118.41000366210938,61650
2008-08-20,120.50499725341797,122.0,118.5,120.20500183105469,36100
2008-08-21,122.5,122.5,118.5,120.0,314680
2008-08-22,124.0,124.0,118.04000091552734,120.61499786376953,54350
2008-08-25,120.5,121.98999786376953,120.0,120.44499969482422,18540
2008-08-26,120.0,120.5999984741211,118.00499725341797,120.05500030517578,42320
2008-08-27,119.5,120.5999984741211,119.01499938964844,119.46499633789062,19330
2008-08-28,118.30000305175781,120.19999694824219,118.30000305175781,119.94000244140625,30330
2008-08-29,120.0,123.5,120.0,122.92500305175781,82290
2008-09-01,121.0999984741211,122.80000305175781,119.33999633789062,119.86000061035156,27400
2008-09-02,120.0199966430664,122.80000305175781,119.80000305175781,121.9749984741211,23350
2008-09-04,122.0,122.0,120.06999969482422,121.93499755859375,216410
2008-09-05,121.80500030517578,121.9000015258789,119.5999984741211,120.30999755859375,352740
2008-09-08,124.9000015258789,124.9000015258789,118.30000305175781,120.01499938964844,321830
2008-09-09,118.69999694824219,120.0,118.69999694824219,119.56500244140625,15500
2008-09-10,118.80000305175781,120.76499938964844,118.80000305175781,120.48500061035156,22360
2008-09-11,119.0,121.5,119.0,121.24500274658203,26080
2008-09-12,119.5999984741211,122.0,119.5999984741211,121.07499694824219,55270
2008-09-15,120.0,121.0,116.68499755859375,120.69999694824219,1082590
2008-09-16,117.5,120.29000091552734,116.0,119.87999725341797,150850
2008-09-17,118.0,120.98999786376953,118.0,120.0,370040
2008-09-18,117.0,119.0,116.0,116.98500061035156,67800
2008-09-19,119.5,119.79000091552734,115.5,115.98500061035156,102740
2008-09-22,117.0,117.9000015258789,113.8550033569336,115.1500015258789,83660
2008-09-23,116.5,117.19999694824219,115.30000305175781,116.93499755859375,87310
2008-09-24,117.4000015258789,119.80000305175781,116.0,118.81999969482422,90840
2008-09-25,119.9000015258789,120.75,117.0250015258789,120.04499816894531,111660
2008-09-26,117.50499725341797,119.9000015258789,117.50499725341797,118.93499755859375,48130
2008-09-29,119.0,119.5999984741211,116.0,118.31500244140625,255280
2008-09-30,116.00499725341797,119.0,113.0,118.71499633789062,197360
2008-10-01,118.0,118.5,116.51000213623047,118.41999816894531,65300
2008-10-03,118.11000061035156,118.5,114.5,115.1050033569336,55560
2008-10-06,114.0,115.0,109.0,110.0,125150
2008-10-07,109.0,110.0,104.1500015258789,105.11499786376953,85100
2008-10-08,104.5,104.5,95.5999984741211,100.73999786376953,317490
2008-10-10,98.0,98.0,92.5,96.86499786376953,264770
2008-10-13,97.0,98.0,96.4000015258789,97.62999725341797,233750
2008-10-14,100.5,104.80000305175781,98.55000305175781,102.33499908447266,2882090
2008-10-15,100.0,102.5,95.30000305175781,96.08000183105469,109240
2008-10-16,95.0,96.05000305175781,88.5,94.45500183105469,2163570
2008-10-17,100.0,100.0,94.51000213623047,95.4800033569336,1021360
2008-10-20,96.19999694824219,96.79499816894531,93.50499725341797,96.38500213623047,101550
2008-10-21,96.69999694824219,106.0,96.19999694824219,103.36000061035156,140750
2008-10-22,112.0,112.0,100.6050033569336,103.01499938964844,606810
2008-10-23,100.0,102.0,97.00499725341797,97.81999969482422,163970
2008-10-24,98.0,98.5,92.94000244140625,95.58499908447266,210370
2008-10-27,89.0,95.58499908447266,82.55000305175781,92.62999725341797,160780
2008-10-29,93.5,97.5,92.51000213623047,96.80000305175781,62340
2008-10-31,97.5,98.30000305175781,95.02999877929688,95.48500061035156,111250
2008-11-03,98.0,99.19999694824219,94.5,95.37999725341797,92280
2008-11-04,95.5,96.9749984741211,94.0,95.43499755859375,600810
2008-11-05,96.0,99.0,96.0,97.6050033569336,436100
2008-11-06,95.0,95.0,92.19999694824219,94.34500122070312,104780
2008-11-07,92.4000015258789,96.0,92.4000015258789,95.34500122070312,563940
2008-11-10,96.0,96.98999786376953,94.50499725341797,95.78500366210938,26000
2008-11-11,94.5,96.25,94.5,95.68499755859375,1256230
2008-11-12,95.8499984741211,95.8499984741211,94.0,95.01499938964844,1044000
2008-11-14,96.00499725341797,98.93000030517578,95.5,96.9800033569336,184650
2008-11-17,99.5,99.5,94.70999908447266,97.21499633789062,184110
2008-11-18,97.9000015258789,98.5,95.66000366210938,96.16500091552734,39230
2008-11-19,96.0,96.58999633789062,94.0,94.57499694824219,1311920
2008-11-20,93.99500274658203,93.99500274658203,89.0,90.20999908447266,303670
2008-11-21,90.0,90.5,88.02999877929688,89.86499786376953,38170
2008-11-24,86.5,90.30000305175781,86.5,89.99500274658203,450240
2008-11-25,89.69999694824219,92.27999877929688,88.80000305175781,89.48999786376953,94240
2008-11-26,89.19999694824219,90.0999984741211,87.5,89.30000305175781,206140
2008-11-27,89.30000305175781,89.30000305175781,89.30000305175781,89.30000305175781,0
2008-11-28,91.5,91.5,88.5,88.95500183105469,173210
2008-12-01,91.0,91.0,85.12000274658203,87.53500366210938,415720
2008-12-02,85.0999984741211,87.5,83.0199966430664,87.05500030517578,84900
2008-12-03,87.0999984741211,87.44499969482422,86.0,86.31999969482422,430110
2008-12-04,87.0,90.80000305175781,85.44999694824219,89.58999633789062,395580
2008-12-05,90.0,90.3949966430664,88.0,88.61000061035156,58870
2008-12-08,90.4000015258789,90.4000015258789,87.5199966430664,88.08499908447266,47390
2008-12-10,90.30000305175781,90.4000015258789,85.625,86.94499969482422,57010
2008-12-11,86.0,87.5,86.0,86.9800033569336,133750
2008-12-12,86.5,87.5,85.5,86.0,232810
2008-12-15,87.0,87.5,84.0,84.78500366210938,147630
2008-12-16,84.80000305175781,86.5,84.30000305175781,86.30500030517578,1461620
2008-12-17,86.80000305175781,88.5,86.5,86.61000061035156,546460
2008-12-18,86.5999984741211,86.6500015258789,85.4000015258789,86.05999755859375,680070
2008-12-19,86.0999984741211,91.5,86.05000305175781,89.94499969482422,356360
2008-12-22,89.0,91.0199966430664,87.5,87.66500091552734,277100
2008-12-23,86.69999694824219,88.69999694824219,86.69999694824219,87.25,138970
2008-12-24,86.69999694824219,88.5,86.0,86.06999969482422,74820
2008-12-26,86.0,87.5,86.0,86.7300033569336,78480
2008-12-29,87.0,87.5,86.19999694824219,87.00499725341797,81340
2008-12-30,86.30999755859375,88.0,86.12999725341797,87.33499908447266,24460
2008-12-31,86.5,90.0,86.5,89.49500274658203,62850
2009-01-02,89.91000366210938,90.5,88.51000213623047,90.25,45390
2009-01-05,91.5,91.69999694824219,89.5999984741211,91.52999877929688,83290
2009-01-06,91.98999786376953,92.0,90.06999969482422,91.83000183105469,25430
2009-01-07,92.0,92.4000015258789,86.69999694824219,89.22000122070312,107380
2009-01-09,89.5,89.69999694824219,87.5,88.03500366210938,155750
2009-01-12,88.0999984741211,89.19999694824219,88.0,88.91000366210938,36040
2009-01-13,88.5,91.69999694824219,88.5,91.23500061035156,65800
2009-01-14,91.9000015258789,93.80000305175781,91.19999694824219,91.55000305175781,14680
2009-01-15,91.0,93.79000091552734,88.51000213623047,92.98999786376953,60110
2009-01-16,94.30000305175781,94.4000015258789,90.5,91.74500274658203,92050
2009-01-19,92.61000061035156,93.57499694824219,90.69999694824219,93.31999969482422,142740
2009-01-20,91.5250015258789,93.30000305175781,91.0999984741211,92.87000274658203,26710
2009-01-21,92.0,94.0,91.8499984741211,92.77999877929688,143830
2009-01-22,92.9000015258789,93.19999694824219,89.0,90.2699966430664,52220
2009-01-23,90.5,93.4000015258789,88.9000015258789,92.07499694824219,364160
2009-01-27,91.0199966430664,91.0199966430664,79.61000061035156,80.13999938964844,1681590
2009-01-28,83.5,84.0,76.32499694824219,78.05999755859375,5750990
2009-01-29,78.4000015258789,78.4000015258789,70.00499725341797,74.9800033569336,2835410
2009-01-30,74.5,81.0,72.62000274658203,78.875,493390
2009-02-02,78.1050033569336,78.99500274658203,70.20999908447266,77.58499908447266,850000
2009-02-03,76.5999984741211,78.58999633789062,76.18000030517578,76.9000015258789,96390
2009-02-04,77.0999984741211,77.88999938964844,75.6500015258789,77.0999984741211,2144760
2009-02-05,78.19999694824219,78.80000305175781,76.11499786376953,78.2249984741211,70000
2009-02-06,79.19999694824219,80.19999694824219,77.5999984741211,79.20500183105469,117090
2009-02-09,78.4000015258789,79.80000305175781,78.4000015258789,79.40499877929688,49210
2009-02-10,78.97000122070312,84.0999984741211,78.62999725341797,83.08000183105469,152800
2009-02-11,82.0,82.0999984741211,78.0999984741211,80.43499755859375,50480
2009-02-12,80.9000015258789,81.9800033569336,80.0999984741211,80.3550033569336,45670
2009-02-13,79.6050033569336,83.9000015258789,79.6050033569336,83.01000213623047,42500
2009-02-16,83.30000305175781,83.30000305175781,80.5,80.70999908447266,549580
2009-02-17,79.38500213623047,81.0,78.23999786376953,79.94999694824219,38810
2009-02-18,79.94999694824219,80.5,79.0,79.5,41080
2009-02-19,80.0,80.6500015258789,78.19999694824219,80.0,639680
2009-02-20,80.38999938964844,80.38999938964844,78.34500122070312,79.81500244140625,27530
2009-02-24,80.0,80.0,78.5999984741211,79.0999984741211,57420
2009-02-25,79.0999984741211,79.84500122070312,78.75,79.04000091552734,111900
2009-02-26,79.30000305175781,79.30000305175781,77.7249984741211,78.7300033569336,39550
2009-02-27,79.0,79.19999694824219,78.0,78.63999938964844,31940
2009-03-02,78.5,78.94000244140625,77.0999984741211,77.33499908447266,48490
2009-03-03,77.5,77.5,73.57499694824219,74.2300033569336,47450
2009-03-04,73.5,74.80000305175781,73.5,73.6050033569336,1535020
2009-03-05,74.0,74.87999725341797,72.0,72.84500122070312,31750
2009-03-06,70.19999694824219,74.80000305175781,70.19999694824219,73.6449966430664,42190
2009-03-09,74.0,74.0,71.5,71.9800033569336,22420
2009-03-12,72.88999938964844,72.9800033569336,70.00499725341797,70.91500091552734,4724350
2009-03-13,72.0,72.9000015258789,71.0,72.6500015258789,42960
2009-03-16,72.69999694824219,73.42500305175781,71.69999694824219,72.52999877929688,42410
2009-03-17,72.80000305175781,74.5,72.5,74.1449966430664,46520
2009-03-18,72.5,76.5,72.5,75.51499938964844,100670
2009-03-19,75.0,76.0999984741211,74.0,74.66999816894531,33580
2009-03-20,70.80999755859375,75.0,70.80999755859375,74.50499725341797,491490
2009-03-23,73.52999877929688,75.2750015258789,73.52999877929688,74.98999786376953,247690
2009-03-24,75.0,77.0,75.0,76.04000091552734,443700
2009-03-25,76.04000091552734,78.94999694824219,74.0,75.84500122070312,184670
2009-03-26,75.9749984741211,77.4000015258789,74.80000305175781,77.01499938964844,212460
2009-03-27,76.0999984741211,78.5999984741211,76.00499725341797,77.71499633789062,79320
2009-03-30,77.71499633789062,80.98999786376953,76.0,79.55000305175781,116090
2009-03-31,80.0,80.80000305175781,75.80000305175781,78.63500213623047,101730
2009-04-01,79.30000305175781,79.83000183105469,78.4000015258789,78.6050033569336,31480
2009-04-02,79.98999786376953,80.0999984741211,78.5,79.95500183105469,936970
2009-04-06,80.0,81.0,77.80000305175781,78.3499984741211,40410
2009-04-08,78.0,78.8949966430664,76.50499725341797,78.11499786376953,217720
2009-04-09,78.98999786376953,80.0,78.19999694824219,78.74500274658203,34330
2009-04-13,78.74500274658203,82.98999786376953,78.69999694824219,82.07499694824219,87470
2009-04-15,80.0,87.80000305175781,80.0,87.5250015258789,350920
2009-04-16,90.0,93.0,89.23999786376953,90.40499877929688,969400
2009-04-17,90.40499877929688,92.0,89.80000305175781,91.77999877929688,172510
2009-04-20,92.0,94.80000305175781,91.0,92.90499877929688,306670
2009-04-21,91.54000091552734,92.0,88.1500015258789,88.83499908447266,83820
2009-04-22,89.5,90.8499984741211,88.9000015258789,89.42500305175781,155250
2009-04-23,88.36499786376953,91.5,87.1050033569336,89.8499984741211,246400
2009-04-24,89.0,90.44999694824219,88.5,89.03500366210938,49620
2009-04-27,88.5999984741211,92.3499984741211,86.0,87.9000015258789,713920
2009-04-28,88.0,89.19999694824219,87.0250015258789,87.55500030517578,82650
2009-04-29,86.5999984741211,89.19999694824219,86.5999984741211,88.82499694824219,81130
2009-04-30,89.18000030517578,89.18000030517578,89.18000030517578,89.18000030517578,0
2009-05-04,90.0,90.0,88.0,88.55000305175781,205060
2009-05-05,89.0,89.80000305175781,88.1500015258789,89.44999694824219,187080
2009-05-06,88.30000305175781,90.5,88.0250015258789,88.83999633789062,84930
2009-05-07,89.0,90.5,88.625,90.18000030517578,45230
2009-05-08,90.0999984741211,91.5,89.2750015258789,90.79000091552734,109180
2009-05-11,91.3499984741211,92.4800033569336,90.0,91.5,161750
2009-05-12,91.5,91.98999786376953,88.80999755859375,89.7300033569336,775800
2009-05-13,91.98999786376953,95.5,91.3499984741211,94.94499969482422,437800
2009-05-14,92.30000305175781,96.0,92.0,95.09500122070312,241260
2009-05-15,95.19999694824219,96.4000015258789,95.19999694824219,96.0199966430664,162130
2009-05-18,98.0,101.11000061035156,98.0,99.24500274658203,250
2009-05-19,101.0,102.18000030517578,98.0,100.05500030517578,1147320
2009-05-20,100.0,103.0,100.0,102.23500061035156,1057370
2009-05-21,102.98999786376953,117.4800033569336,102.98999786376953,109.91500091552734,201390
2009-05-22,109.0999984741211,110.0,105.5,106.45999908447266,49460
2009-05-25,109.52999877929688,109.52999877929688,104.19999694824219,104.61000061035156,117150
2009-05-26,106.4000015258789,107.0,102.0,105.54000091552734,103830
2009-05-27,105.54000091552734,110.0,105.54000091552734,109.20999908447266,1947660
2009-05-28,109.0,110.0,105.69999694824219,106.24500274658203,43340
2009-05-29,106.0,108.44000244140625,102.5999984741211,108.0,154400
2009-06-01,108.80000305175781,114.4000015258789,108.0,112.70999908447266,221460
2009-06-02,115.3949966430664,116.80000305175781,110.30999755859375,112.0,188580
2009-06-03,111.0999984741211,114.9000015258789,110.30000305175781,113.7249984741211,101800
2009-06-04,111.0999984741211,114.5,111.0999984741211,112.08499908447266,81140
2009-06-05,113.5,113.5,111.80000305175781,112.31500244140625,84260
2009-06-08,112.5,114.77999877929688,111.5999984741211,112.51000213623047,44680
2009-06-09,113.48999786376953,115.0,111.5,114.23500061035156,98520
2009-06-10,113.5999984741211,117.0999984741211,112.0,115.13999938964844,101030
2009-06-11,115.0199966430664,119.0,114.98999786376953,117.7699966430664,672200
2009-06-12,117.5,118.9000015258789,115.5,115.73500061035156,529480
2009-06-15,114.5999984741211,118.5999984741211,108.0999984741211,116.875,56960
2009-06-16,112.19999694824219,117.5,111.0,111.0,50520
2009-06-17,115.4749984741211,115.4749984741211,110.0,111.30000305175781,70790
2009-06-18,110.30000305175781,112.0,105.5,108.92500305175781,53730
2009-06-19,108.0,112.19999694824219,108.0,111.77999877929688,37520
2009-06-22,112.0,112.77999877929688,108.19999694824219,109.125,22130
2009-06-23,107.5,110.0999984741211,106.03500366210938,108.69000244140625,75670
2009-06-24,107.5999984741211,113.19999694824219,107.5,112.9800033569336,82180
2009-06-25,112.0199966430664,113.5,112.0199966430664,112.70500183105469,99130
2009-06-26,104.95999908447266,116.3949966430664,104.95999908447266,115.46499633789062,180210
2009-06-29,116.94999694824219,118.4000015258789,115.19999694824219,117.25499725341797,105300
2009-06-30,118.5,119.62999725341797,116.0999984741211,118.77999877929688,251610
2009-07-01,117.56999969482422,118.9000015258789,117.5,118.47000122070312,72420
2009-07-02,118.19999694824219,119.0,118.0,118.5,66410
2009-07-03,118.5,119.94999694824219,117.5,119.33999633789062,239870
2009-07-06,119.5,121.0,118.42500305175781,119.36499786376953,127550
2009-07-07,119.99500274658203,121.19999694824219,118.69999694824219,120.7699966430664,1591560
2009-07-08,120.0,120.0,118.80000305175781,119.27999877929688,47500
2009-07-09,119.5,119.76000213623047,116.25,117.73500061035156,221520
2009-07-10,119.0,119.0,116.0,117.12999725341797,35080
2009-07-13,118.0,118.0,110.19999694824219,112.41999816894531,702740
2009-07-14,113.55000305175781,117.0999984741211,113.55000305175781,116.5,432250
2009-07-15,117.48999786376953,129.44000244140625,115.0999984741211,117.00499725341797,35700
2009-07-16,121.0,121.0,117.0,119.09500122070312,61180
2009-07-17,119.0,119.80000305175781,118.30000305175781,118.93499755859375,38180
2009-07-20,119.0,121.47000122070312,117.8499984741211,121.08000183105469,321300
2009-07-21,120.5,125.69999694824219,119.80000305175781,125.04499816894531,101540
2009-07-22,124.99500274658203,130.0,124.01000213623047,129.65499877929688,240120
2009-07-23,129.60000610351562,132.0,127.0999984741211,128.81500244140625,420690
2009-07-24,130.0,132.99000549316406,128.6199951171875,130.97000122070312,1238050
2009-07-27,134.0,139.0,132.0050048828125,135.33999633789062,515920
2009-07-28,137.7949981689453,139.97500610351562,134.5050048828125,138.4550018310547,300380
2009-07-29,139.5,142.1999969482422,134.60000610351562,139.73500061035156,253980
2009-07-30,140.0,140.5,137.8000030517578,139.60499572753906,147410
2009-07-31,139.6999969482422,142.0,138.11000061035156,141.13999938964844,107850
2009-08-03,141.10000610351562,141.97999572753906,138.1199951171875,141.42999267578125,92730
2009-08-04,143.0,143.10000610351562,140.21499633789062,141.22999572753906,156960
2009-08-05,140.0,144.7949981689453,140.0,142.84500122070312,385260
2009-08-06,142.8000030517578,144.39999389648438,133.0,138.47500610351562,2057630
2009-08-07,138.10000610351562,141.6699981689453,133.0,133.8350067138672,119550
2009-08-10,137.99000549316406,139.39999389648438,129.5,133.02000427246094,191500
2009-08-11,133.10499572753906,139.00999450683594,130.60000610351562,134.97000122070312,264780
2009-08-12,135.0,135.0,133.10000610351562,134.0800018310547,68670
2009-08-13,135.0,139.83999633789062,135.0,138.4499969482422,284200
2009-08-14,137.0,138.69000244140625,135.8000030517578,136.56500244140625,128170
2009-08-17,133.1999969482422,140.1999969482422,110.0,135.1649932861328,48810
2009-08-18,132.10000610351562,136.49000549316406,132.10000610351562,134.89999389648438,48740
2009-08-19,134.82000732421875,135.0,130.0,130.56500244140625,115110
2009-08-20,132.0,135.10000610351562,130.05499267578125,131.1999969482422,62560
2009-08-21,131.5,132.0,129.0050048828125,130.8000030517578,154040
2009-08-24,131.11000061035156,134.89999389648438,131.11000061035156,133.4499969482422,284220
2009-08-25,134.49000549316406,136.8000030517578,130.2100067138672,135.96499633789062,179470
2009-08-26,136.5,137.5,132.53500366210938,137.0749969482422,99640
2009-08-27,138.0,138.0,135.39999389648438,136.98500061035156,65510
2009-08-28,137.1999969482422,140.52999877929688,135.5,139.97500610351562,562900
2009-08-31,136.5,141.0,134.5500030517578,140.02999877929688,508350
2009-09-01,141.5,141.5,137.1199951171875,137.6999969482422,52150
2009-09-02,138.31500244140625,139.0,134.89999389648438,135.19500732421875,114540
2009-09-03,135.61000061035156,137.60000610351562,134.52499389648438,135.1999969482422,101350
2009-09-04,136.0,138.8000030517578,133.5,137.47500610351562,64240
2009-09-07,138.00999450683594,139.99000549316406,137.00999450683594,138.0050048828125,728220
2009-09-08,138.1999969482422,138.9949951171875,137.0,137.55999755859375,107150
2009-09-09,137.5,138.78500366210938,135.8000030517578,136.625,39110
2009-09-10,138.0,138.47999572753906,135.99000549316406,137.72500610351562,110100
2009-09-11,136.19000244140625,137.99000549316406,135.1750030517578,136.0050048828125,137570
2009-09-14,136.0,136.88999938964844,135.23500061035156,136.27000427246094,153820
2009-09-15,137.3000030517578,137.89999389648438,135.5,137.4149932861328,135250
2009-09-16,138.3000030517578,138.89999389648438,136.5050048828125,137.47999572753906,204430
2009-09-17,138.8000030517578,142.9949951171875,134.5399932861328,136.44500732421875,1917020
2009-09-18,137.0,138.81500244140625,135.25,137.58999633789062,164070
2009-09-22,136.0,139.0,135.0,135.75999450683594,536880
2009-09-23,136.1999969482422,137.5,135.40499877929688,136.5500030517578,440300
2009-09-24,136.1999969482422,137.0,135.0,136.5449981689453,461310
2009-09-25,137.39999389648438,138.60000610351562,135.0500030517578,137.93499755859375,1075790
2009-09-29,138.99000549316406,142.39999389648438,138.0,139.61500549316406,584490
2009-09-30,139.8000030517578,141.6999969482422,137.60000610351562,140.5749969482422,994060
2009-10-01,140.5749969482422,141.8800048828125,138.1999969482422,141.35000610351562,138370
2009-10-05,141.35000610351562,141.38999938964844,138.5050048828125,140.44000244140625,191080
2009-10-06,140.97500610351562,142.7899932861328,138.0,142.0050048828125,1214270
2009-10-07,143.97500610351562,151.8000030517578,143.0,149.02999877929688,920180
2009-10-08,151.8000030517578,151.8000030517578,146.10000610351562,149.88999938964844,449070
2009-10-09,149.0399932861328,150.89999389648438,147.6199951171875,150.21499633789062,184700
2009-10-12,149.0,155.5,148.60499572753906,154.86500549316406,349800
2009-10-13,154.8000030517578,154.8000030517578,154.8000030517578,154.8000030517578,0
2009-10-14,170.0,170.0,156.9149932861328,158.60000610351562,360440
2009-10-15,159.89999389648438,159.9949951171875,155.51499938964844,156.3249969482422,112380
2009-10-16,158.97500610351562,158.97999572753906,155.5,156.55499267578125,94680
2009-10-20,158.5,159.3000030517578,156.22000122070312,157.52499389648438,138920
2009-10-21,155.3000030517578,158.38999938964844,152.10000610351562,153.63999938964844,254860
2009-10-22,155.60000610351562,156.0,152.39999389648438,153.0749969482422,125920
2009-10-23,156.0,170.8000030517578,156.0,167.86000061035156,1683470
2009-10-26,169.66000366210938,172.2899932861328,165.0,166.73500061035156,619030
2009-10-27,163.99000549316406,165.0,161.89999389648438,163.81500244140625,204550
2009-10-28,164.0,164.0,159.25,162.97500610351562,157260
2009-10-29,162.1999969482422,163.5,157.14999389648438,159.3000030517578,147990
2009-10-30,162.5,170.0,162.5,164.22500610351562,249210
2009-11-03,165.89999389648438,168.5,162.1999969482422,166.05999755859375,206100
2009-11-04,168.39999389648438,169.5,167.0,168.5050048828125,478980
2009-11-05,173.97500610351562,173.97500610351562,167.00999450683594,168.30499267578125,426920
2009-11-06,169.0,169.5,168.5,168.78500366210938,345340
2009-11-09,169.60000610351562,169.60000610351562,168.55499267578125,168.99000549316406,390820
2009-11-10,167.0,173.0,166.14999389648438,167.59500122070312,399360
2009-11-11,169.38999938964844,171.4949951171875,162.85000610351562,168.47000122070312,380000
2009-11-12,167.5,169.10000610351562,165.1999969482422,165.86500549316406,112680
2009-11-13,167.39999389648438,169.0,166.0,166.75,202070
2009-11-16,166.75,168.10000610351562,166.3000030517578,167.58999633789062,1129760
2009-11-17,168.0,168.89999389648438,166.80499267578125,167.77999877929688,50910
2009-11-18,167.5,171.0,166.5050048828125,167.7449951171875,1880380
2009-11-19,167.7449951171875,171.5,167.5,168.97999572753906,532170
2009-11-20,167.5,170.0,167.5,169.10000610351562,920400
2009-11-23,168.67999267578125,170.89999389648438,168.0,170.02999877929688,289640
2009-11-24,169.9949951171875,171.0,168.56500244140625,169.98500061035156,1512170
2009-11-25,169.0,170.34500122070312,167.91000366210938,168.1699981689453,78070
2009-11-26,169.0,170.0,167.0,168.4499969482422,280200
2009-11-27,167.0,168.89999389648438,161.5,164.01499938964844,150240
2009-11-30,167.6999969482422,168.7949981689453,164.2449951171875,167.97000122070312,102050
2009-12-01,166.5,171.0,164.60000610351562,170.7449951171875,104200
2009-12-02,171.0,171.8000030517578,167.50999450683594,169.7050018310547,69340
2009-12-03,170.6999969482422,170.6999969482422,168.0,168.7100067138672,57850
2009-12-04,169.0,169.0,167.25,167.75999450683594,77020
2009-12-07,168.89999389648438,169.25,166.5,167.10499572753906,81170
2009-12-08,167.5,170.0,165.10000610351562,169.72000122070312,49090
2009-12-09,168.10000610351562,171.49000549316406,168.00999450683594,170.0050048828125,648110
2009-12-10,168.21499633789062,172.5,168.21499633789062,169.8350067138672,195360
2009-12-11,172.38999938964844,172.38999938964844,169.60000610351562,170.73500061035156,87140
2009-12-14,170.5,172.0,170.5,171.2449951171875,80400
2009-12-15,172.3800048828125,176.0,171.0,173.4550018310547,686080
2009-12-16,174.0,177.77499389648438,172.0,176.88999938964844,809100
2009-12-17,179.47500610351562,179.47500610351562,176.1699981689453,177.0749969482422,170110
2009-12-18,178.5,182.0,176.10000610351562,180.0050048828125,567290
2009-12-21,178.10000610351562,180.69500732421875,172.15499877929688,173.7899932861328,189660
2009-12-22,181.89999389648438,181.89999389648438,156.0,173.65499877929688,137570
2009-12-23,170.00999450683594,176.99000549316406,170.00999450683594,175.7899932861328,981780
2009-12-24,175.1999969482422,176.9949951171875,175.0,175.6699981689453,68360
2009-12-29,180.0,180.0,174.5,176.5800018310547,134570
2009-12-30,176.5800018310547,178.0,175.5,176.5500030517578,94750
2009-12-31,179.39999389648438,180.5,176.5,179.72000122070312,176710
2010-01-04,179.10000610351562,179.99000549316406,178.0,178.86500549316406,80350
2010-01-05,179.8000030517578,180.4949951171875,178.5,179.42999267578125,849100
2010-01-06,181.47500610351562,181.47500610351562,178.10000610351562,178.88999938964844,73450
2010-01-07,179.875,179.875,176.89999389648438,177.06500244140625,240320
2010-01-08,177.4499969482422,183.39999389648438,177.06500244140625,179.99000549316406,711310
2010-01-11,178.0,181.99000549316406,177.5050048828125,179.68499755859375,173420
2010-01-12,179.0,187.89999389648438,179.0,184.375,1148010
2010-01-13,177.0,187.6999969482422,171.16000366210938,185.8249969482422,432050
2010-01-14,187.3000030517578,192.8000030517578,186.52000427246094,188.1699981689453,230890
2010-01-15,187.125,192.6999969482422,186.52000427246094,187.19500732421875,372180
2010-01-18,188.88999938964844,191.10000610351562,186.0,186.66000366210938,125790
2010-01-19,189.47500610351562,189.47500610351562,182.5,184.47999572753906,199220
2010-01-20,183.80499267578125,186.2550048828125,182.10000610351562,182.69500732421875,120360
2010-01-21,182.69500732421875,183.7949981689453,179.61000061035156,181.2050018310547,108870
2010-01-22,179.0,181.0,174.5,176.5050048828125,334690
2010-01-25,177.5,181.5,176.6999969482422,177.63999938964844,263830
2010-01-27,176.5,181.89999389648438,174.93499755859375,176.4600067138672,372840
2010-01-28,178.0,182.38999938964844,177.10499572753906,180.27999877929688,373290
2010-01-29,179.8000030517578,186.5,177.5,185.22000122070312,275390
2010-02-01,186.9949951171875,193.5,183.0,191.7550048828125,367220
2010-02-02,192.5,193.05499267578125,187.0,187.56500244140625,302690
2010-02-03,189.38999938964844,192.5,187.99000549316406,191.4600067138672,419240
2010-02-04,191.39999389648438,192.5500030517578,188.5,191.82000732421875,148690
2010-02-05,186.5,199.5,186.5,193.625,1872490
2010-02-08,196.0,198.5,194.5,194.77499389648438,407370
2010-02-09,194.40499877929688,198.3000030517578,194.40499877929688,196.27000427246094,508880
2010-02-10,198.0,202.5,194.5,197.9600067138672,514110
2010-02-11,199.3699951171875,199.89999389648438,193.0,194.47500610351562,371620
2010-02-15,198.97500610351562,198.97500610351562,190.5,193.4499969482422,385570
2010-02-16,203.10000610351562,203.10000610351562,189.26499938964844,191.1999969482422,239100
2010-02-17,192.0,192.6999969482422,187.8000030517578,188.97000122070312,414590
2010-02-18,189.97000122070312,189.97000122070312,185.10000610351562,185.78500366210938,884210
2010-02-19,185.0050048828125,186.8000030517578,184.00999450683594,185.91000366210938,72790
2010-02-22,187.5,187.97999572753906,182.0,182.5500030517578,119950
2010-02-23,185.10000610351562,185.10000610351562,176.0,178.52000427246094,621410
2010-02-24,182.5,182.5,174.25,176.14500427246094,722660
2010-02-25,175.10000610351562,177.4949951171875,171.21499633789062,176.53500366210938,1812350
2010-02-26,174.60000610351562,182.5,174.1999969482422,180.9949951171875,243720
2010-03-02,175.60000610351562,188.30499267578125,175.60000610351562,186.9949951171875,287840
2010-03-03,187.9949951171875,200.0449981689453,186.5,198.1199951171875,1213080
2010-03-04,198.8000030517578,199.55499267578125,192.5500030517578,196.82000732421875,498000
2010-03-05,197.39999389648438,199.0,195.14999389648438,196.2050018310547,154450
2010-03-08,198.0,198.0,193.6999969482422,194.27000427246094,108280
2010-03-09,193.5,195.9949951171875,193.5,194.47000122070312,106080
2010-03-10,193.23500061035156,195.94500732421875,192.5,193.98500061035156,344470
2010-03-11,185.3699951171875,195.8000030517578,185.3699951171875,194.1999969482422,95630
2010-03-12,194.5,195.89999389648438,190.2050018310547,191.81500244140625,125790
2010-03-15,192.0,192.89999389648438,188.5,189.73500061035156,154890
2010-03-16,189.6999969482422,199.03500366210938,187.5,190.50999450683594,987590
2010-03-17,191.11000061035156,197.8000030517578,191.01499938964844,196.94000244140625,1124780
2010-03-18,198.49000549316406,200.10000610351562,195.5,199.4600067138672,2050090
2010-03-19,200.09500122070312,202.38499450683594,198.5,199.44000244140625,218830
2010-03-22,199.44000244140625,201.4499969482422,196.10499572753906,196.85499572753906,156960
2010-03-23,198.5,199.5500030517578,196.13999938964844,196.80999755859375,246090
2010-03-25,196.0,198.5,196.0,196.21499633789062,648090
2010-03-26,197.5,205.99000549316406,196.21499633789062,200.5850067138672,1433570
2010-03-29,200.89999389648438,209.60000610351562,199.48500061035156,203.49000549316406,1566560
2010-03-30,202.10000610351562,208.0,202.08999633789062,207.01499938964844,817780
2010-03-31,205.0,209.0,202.61000061035156,203.88499450683594,453620
2010-04-01,206.89999389648438,206.89999389648438,200.60499572753906,202.125,340100
2010-04-05,204.1999969482422,209.10000610351562,202.0,205.7100067138672,177860
2010-04-06,206.0,206.5,202.5,204.2899932861328,75260
2010-04-07,206.8800048828125,206.8800048828125,204.0,204.4600067138672,240430
2010-04-08,205.0,205.89999389648438,200.8000030517578,203.33999633789062,367290
2010-04-09,200.8000030517578,205.0,200.8000030517578,204.4550018310547,377180
2010-04-12,204.3000030517578,204.99000549316406,201.58999633789062,204.5399932861328,1331360
2010-04-13,203.00999450683594,207.5,201.1999969482422,205.92999267578125,150760
2010-04-15,203.89999389648438,207.5,202.5,204.8699951171875,223290
2010-04-16,205.8000030517578,207.5,202.5,205.18499755859375,117490
2010-04-19,202.6199951171875,205.8699951171875,201.22500610351562,204.23500061035156,196480
2010-04-20,205.6999969482422,209.97999572753906,204.51499938964844,208.1750030517578,541050
2010-04-21,209.0,211.8000030517578,203.60000610351562,205.0,292940
2010-04-22,206.0,208.46499633789062,204.0,207.50999450683594,154350
2010-04-23,206.5,209.89999389648438,206.5,209.60000610351562,185130
2010-04-26,209.14999389648438,210.5,205.80999755859375,206.78500366210938,142880
2010-04-27,206.8000030517578,209.48500061035156,205.1999969482422,206.31500244140625,130190
2010-04-28,205.10000610351562,209.9949951171875,205.10000610351562,208.9550018310547,1245140
2010-04-29,209.88999938964844,209.88999938964844,207.0050048828125,207.52499389648438,759470
2010-04-30,207.60000610351562,209.9499969482422,207.39999389648438,207.8800048828125,88670
2010-05-03,207.0,209.5,206.36000061035156,208.4250030517578,56800
2010-05-04,209.77999877929688,209.99000549316406,207.60000610351562,208.80999755859375,62470
2010-05-05,205.39999389648438,207.49000549316406,204.7899932861328,206.05999755859375,103590
2010-05-06,205.21499633789062,206.9499969482422,201.1999969482422,203.3699951171875,644620
2010-05-07,201.02999877929688,209.47999572753906,201.02999877929688,208.625,346130
2010-05-10,209.1999969482422,213.9600067138672,209.1999969482422,211.78500366210938,368460
2010-05-11,211.1199951171875,212.30999755859375,206.5,206.85000610351562,104680
2010-05-12,221.3000030517578,221.3000030517578,204.1999969482422,205.4499969482422,164870
2010-05-13,205.11500549316406,212.0,205.11500549316406,211.2949981689453,315460
2010-05-14,211.5,215.0,210.5,214.10000610351562,399760
2010-05-17,212.0,213.7949981689453,210.01499938964844,212.4499969482422,133780
2010-05-18,215.89999389648438,217.2899932861328,211.89999389648438,215.68499755859375,377830
2010-05-19,214.6999969482422,217.5,210.10000610351562,210.97500610351562,446460
2010-05-20,212.01499938964844,213.99000549316406,204.8000030517578,206.86000061035156,809830
2010-05-21,202.3000030517578,207.60000610351562,201.22000122070312,202.16000366210938,263630
2010-05-24,204.49000549316406,208.8000030517578,201.1649932861328,206.88999938964844,260960
2010-05-25,206.32000732421875,209.0,202.66000366210938,207.39999389648438,179730
2010-05-26,211.3000030517578,211.47500610351562,206.02499389648438,208.5850067138672,164170
2010-05-27,207.5050048828125,213.5,203.3000030517578,210.64500427246094,116860
2010-05-28,214.89999389648438,214.89999389648438,209.35000610351562,210.02999877929688,179270
2010-05-31,210.5,213.5,207.5,208.61000061035156,311830
2010-06-01,209.5,209.77999877929688,204.5,207.72500610351562,705470
2010-06-02,206.14500427246094,209.8000030517578,202.3000030517578,207.98500061035156,555470
2010-06-03,213.14999389648438,213.14999389648438,209.10499572753906,211.49000549316406,551300
2010-06-04,211.49000549316406,215.60000610351562,209.5500030517578,214.6750030517578,293020
2010-06-07,213.23500061035156,220.89999389648438,211.1999969482422,218.52499389648438,789190
2010-06-08,218.89999389648438,224.39999389648438,218.89999389648438,223.8000030517578,479970
2010-06-09,223.8000030517578,229.39999389648438,222.6999969482422,228.3699951171875,899740
2010-06-10,229.8000030517578,232.6999969482422,226.5,231.15499877929688,324610
2010-06-11,231.10000610351562,232.10000610351562,227.60000610351562,229.1699981689453,339890
2010-06-14,231.10000610351562,231.47500610351562,228.0050048828125,229.625,874310
2010-06-15,229.1999969482422,231.89999389648438,228.5,229.47000122070312,155840
2010-06-16,230.60000610351562,233.8000030517578,229.39999389648438,231.76499938964844,231420
2010-06-17,233.5,239.8000030517578,230.5,236.8350067138672,752690
2010-06-18,236.8000030517578,239.8000030517578,234.1999969482422,238.375,326490
2010-06-21,238.89999389648438,245.6999969482422,238.0,242.96499633789062,487170
2010-06-22,240.5050048828125,244.1999969482422,236.02499389648438,237.07000732421875,653670
2010-06-23,237.1999969482422,242.35000610351562,236.0,240.875,777480
2010-06-24,241.5,246.8800048828125,241.4499969482422,245.9949951171875,438840
2010-06-25,243.89999389648438,245.49000549316406,238.38999938964844,239.94500732421875,2180370
2010-06-28,240.1999969482422,240.1999969482422,235.6999969482422,236.60499572753906,458730
2010-06-29,236.60499572753906,240.0,234.1999969482422,236.05499267578125,686280
2010-06-30,237.0,238.8000030517578,229.5050048828125,230.17999267578125,723800
2010-07-01,232.9949951171875,233.8000030517578,227.52999877929688,232.97500610351562,465110
2010-07-02,233.9949951171875,235.77999877929688,231.1999969482422,232.0800018310547,294440
2010-07-05,233.0,234.97000122070312,231.6999969482422,232.9550018310547,104120
2010-07-06,233.0,235.1999969482422,232.55499267578125,234.52000427246094,193200
2010-07-07,234.52000427246094,236.39999389648438,232.1199951171875,233.6750030517578,379790
2010-07-08,234.52499389648438,236.0,233.3000030517578,235.0399932861328,785690
2010-07-09,236.0,239.8000030517578,234.0,238.4250030517578,1908510
2010-07-12,237.89999389648438,242.0,234.5,235.9499969482422,2511790
2010-07-13,237.1999969482422,240.5,236.0,236.97000122070312,1946560
2010-07-14,237.55499267578125,242.5,230.27000427246094,241.5,795640
2010-07-15,241.8000030517578,245.77999877929688,240.78500366210938,244.01499938964844,1345680
2010-07-16,244.85000610351562,256.0,244.14999389648438,247.39999389648438,1417360
2010-07-19,248.51499938964844,248.51499938964844,243.0,247.40499877929688,115330
2010-07-20,247.5,248.41000366210938,245.0,247.8699951171875,195450
2010-07-21,247.5,250.0,245.89999389648438,247.9550018310547,6369580
2010-07-22,247.8000030517578,252.88999938964844,244.5,252.19000244140625,260450
2010-07-23,252.19000244140625,254.8000030517578,251.0,252.05499267578125,462690
2010-07-26,251.6999969482422,254.39999389648438,251.60000610351562,252.4199981689453,1444310
2010-07-27,253.51499938964844,254.8000030517578,242.02499389648438,243.8350067138672,596400
2010-07-28,246.0,260.8999938964844,246.0,258.614990234375,1286440
2010-07-29,258.614990234375,270.3999938964844,258.0,261.3800048828125,1675340
2010-07-30,262.19500732421875,267.885009765625,257.5,260.3349914550781,514130
2010-08-02,260.6000061035156,263.8999938964844,259.0849914550781,262.3349914550781,251800
2010-08-03,262.30999755859375,266.9949951171875,259.2099914550781,259.82501220703125,207560
2010-08-04,262.9949951171875,262.9949951171875,258.010009765625,259.19500732421875,213570
2010-08-05,259.20001220703125,266.20001220703125,259.20001220703125,260.0799865722656,1838460
2010-08-06,260.79998779296875,263.8900146484375,259.6000061035156,260.7149963378906,246310
2010-08-09,264.79998779296875,268.0,261.29998779296875,266.1700134277344,622000
2010-08-10,267.0,268.2950134277344,263.0,266.69500732421875,359090
2010-08-11,266.69500732421875,271.0,266.0,268.05499267578125,272810
2010-08-12,267.4949951171875,269.5,262.760009765625,267.5899963378906,281910
2010-08-13,268.0,271.0,264.5199890136719,265.4549865722656,203220
2010-08-16,265.0,268.3999938964844,263.29998779296875,264.1050109863281,88160
2010-08-17,267.1000061035156,267.79998779296875,260.5,263.1099853515625,4668280
2010-08-18,261.5,268.5,261.5,265.1099853515625,214540
2010-08-19,265.1099853515625,282.7300109863281,265.1099853515625,270.4100036621094,1310520
2010-08-20,274.8999938964844,281.8949890136719,270.20001220703125,276.7300109863281,1051590
2010-08-23,277.79998779296875,281.79998779296875,275.010009765625,275.8349914550781,319050
2010-08-24,276.20001220703125,280.989990234375,272.5,276.9200134277344,1480250
2010-08-25,276.5,282.2900085449219,273.79998779296875,275.0299987792969,1247380
2010-08-26,276.0,278.54998779296875,273.0,274.2900085449219,1117550
2010-08-27,276.9949951171875,277.0,270.3999938964844,272.7099914550781,1652160
2010-08-30,275.95001220703125,275.95001220703125,268.5,271.2900085449219,320730
2010-08-31,268.5249938964844,279.20001220703125,268.5249938964844,276.2650146484375,2265380
2010-09-01,279.30999755859375,279.30999755859375,272.79998779296875,273.875,519330
2010-09-02,276.8999938964844,281.5,274.6000061035156,279.75,990660
2010-09-03,281.0,283.1000061035156,278.20001220703125,280.9700012207031,2269470
2010-09-06,283.20001220703125,286.3999938964844,281.4049987792969,284.9700012207031,1713330
2010-09-07,286.3999938964844,289.1499938964844,283.5249938964844,285.3949890136719,4366780
2010-09-08,285.3349914550781,287.79998779296875,283.0,283.6000061035156,318320
2010-09-09,285.5899963378906,287.0,280.0,280.875,405370
2010-09-13,283.44000244140625,285.0,278.885009765625,279.7749938964844,435250
2010-09-14,290.0,290.0,278.79998779296875,286.05499267578125,4211520
2010-09-15,284.8800048828125,291.489990234375,283.5299987792969,285.55999755859375,1696090
2010-09-16,285.55999755859375,287.7250061035156,279.1000061035156,280.07000732421875,784380
2010-09-17,282.0,285.81500244140625,280.79998779296875,284.7049865722656,808770
2010-09-20,284.7049865722656,287.8500061035156,283.1499938964844,285.3599853515625,634870
2010-09-21,282.5249938964844,287.3550109863281,280.0,281.6099853515625,413550
2010-09-22,282.1000061035156,284.1000061035156,275.510009765625,276.885009765625,484040
2010-09-23,277.1700134277344,278.3500061035156,272.6600036621094,274.30999755859375,733660
2010-09-24,275.5,281.3999938964844,273.5,278.93499755859375,4227280
2010-09-27,280.5,282.44000244140625,276.8999938964844,277.8399963378906,511040
2010-09-28,279.0,280.5,275.70001220703125,277.7850036621094,1170270
2010-09-29,278.70001220703125,279.95001220703125,273.3500061035156,274.93499755859375,2886170
2010-09-30,272.5,276.989990234375,265.0,266.32000732421875,1020300
2010-10-01,269.79998779296875,271.79998779296875,265.5,266.45001220703125,1074990
2010-10-04,269.8999938964844,270.989990234375,264.010009765625,264.6300048828125,837210
2010-10-05,265.010009765625,268.9800109863281,265.0,265.44000244140625,1005370
2010-10-06,295.5,295.5,267.1000061035156,270.3949890136719,1501560
2010-10-07,270.5,274.79998779296875,267.0,270.06500244140625,1002540
2010-10-08,273.3999938964844,273.3999938964844,267.0,267.57501220703125,528650
2010-10-11,265.0,270.8999938964844,265.0,266.125,560190
2010-10-12,268.2950134277344,268.2950134277344,264.5,266.06500244140625,516310
2010-10-13,268.79998779296875,268.79998779296875,265.5,266.25,567020
2010-10-14,266.5199890136719,272.19000244140625,266.5199890136719,269.9049987792969,688440
2010-10-15,270.0,272.5,265.5,265.7799987792969,2046760
2010-10-18,266.5799865722656,271.5,263.0,265.8949890136719,629320
2010-10-19,272.0,272.0,262.79998779296875,263.57000732421875,550900
2010-10-20,263.0,263.3999938964844,259.5,260.44000244140625,377650
2010-10-21,261.2200012207031,264.364990234375,261.0249938964844,263.5350036621094,248890
2010-10-22,264.3299865722656,265.989990234375,261.7250061035156,262.3599853515625,505670
2010-10-25,262.29998779296875,264.79998779296875,261.29998779296875,262.07000732421875,208310
2010-10-26,262.510009765625,264.0,258.989990234375,259.19500732421875,788170
2010-10-27,262.0,262.0,249.0,250.25999450683594,3048540
2010-10-28,261.20001220703125,269.79998779296875,250.26499938964844,264.8450012207031,2595310
2010-10-29,265.0,270.989990234375,265.0,268.7749938964844,921330
2010-11-01,270.1000061035156,271.20001220703125,267.79998779296875,270.5050048828125,403850
2010-11-02,271.0050048828125,279.8999938964844,269.5,279.2799987792969,1019880
2010-11-03,282.20001220703125,282.20001220703125,268.19500732421875,269.489990234375,1119490
2010-11-04,269.9049987792969,273.0,265.0,266.30499267578125,1016060
2010-11-08,268.70001220703125,275.2699890136719,268.70001220703125,274.0849914550781,575620
2010-11-09,274.32000732421875,275.9849853515625,268.79998779296875,275.5400085449219,378020
2010-11-10,275.5,277.5,273.385009765625,274.7449951171875,460770
2010-11-11,274.7449951171875,274.7449951171875,262.0,265.0849914550781,1187270
2010-11-12,266.5,269.8999938964844,262.0,263.92999267578125,735520
2010-11-15,266.0,268.8999938964844,262.0,266.3599853515625,1520250
2010-11-16,266.3550109863281,267.5,262.5950012207031,265.8450012207031,751010
2010-11-18,266.0,269.5,258.5,265.2300109863281,544410
2010-11-19,267.3999938964844,268.010009765625,261.010009765625,263.6600036621094,409590
2010-11-22,265.114990234375,268.5,261.1000061035156,265.93499755859375,940390
2010-11-23,264.8999938964844,264.8999938964844,260.1000061035156,263.93499755859375,1129610
2010-11-24,264.0,266.8999938964844,258.79998779296875,260.4100036621094,474270
2010-11-25,263.44500732421875,263.44500732421875,245.0,252.0399932861328,842470
2010-11-26,257.5,262.1199951171875,247.0,254.77000427246094,1318640
2010-11-29,255.11000061035156,261.6549987792969,255.11000061035156,258.57501220703125,1395800
2010-11-30,255.9949951171875,265.9949951171875,255.9949951171875,264.8900146484375,498590
2010-12-01,263.5350036621094,272.3999938964844,263.5350036621094,268.0400085449219,769630
2010-12-02,268.0400085449219,272.0,264.20001220703125,265.18499755859375,177150
2010-12-03,269.0,269.0,263.8999938964844,267.0050048828125,239010
2010-12-06,267.06500244140625,269.25,267.06500244140625,268.2099914550781,155110
2010-12-07,268.2099914550781,271.885009765625,266.3999938964844,270.7650146484375,378240
2010-12-08,268.6199951171875,271.7900085449219,265.1050109863281,265.80499267578125,295600
2010-12-09,262.5050048828125,268.5,261.04998779296875,264.3599853515625,380440
2010-12-10,264.1050109863281,267.3999938964844,263.5,266.4649963378906,306640
2010-12-13,266.010009765625,270.6499938964844,266.010009765625,269.7250061035156,151230
2010-12-14,269.82501220703125,274.7300109863281,269.82501220703125,274.0950012207031,254230
2010-12-15,274.1000061035156,274.8999938964844,270.0,271.1199951171875,102440
2010-12-16,272.9949951171875,273.3349914550781,268.3999938964844,270.614990234375,871300
2010-12-20,270.0,277.4949951171875,270.0,276.4800109863281,479770
2010-12-21,276.4800109863281,293.6000061035156,273.0249938964844,291.6199951171875,1723330
2010-12-22,293.0,297.3999938964844,292.1000061035156,294.1499938964844,1031220
2010-12-23,290.29998779296875,302.7300109863281,287.25,296.3900146484375,1661630
2010-12-24,296.0,296.5,287.510009765625,288.7749938964844,649270
2010-12-27,286.6499938964844,289.9599914550781,282.29998779296875,283.9700012207031,379800
2010-12-28,283.5450134277344,284.6499938964844,280.20001220703125,281.25,250590
2010-12-29,281.31500244140625,285.5,281.0050048828125,281.7749938964844,399750
2010-12-30,282.3399963378906,284.3999938964844,280.67498779296875,282.2900085449219,574180
2010-12-31,281.1000061035156,289.29998779296875,281.1000061035156,287.8699951171875,480390
2011-01-03,289.79998779296875,293.739990234375,286.0050048828125,287.4549865722656,454300
2011-01-04,289.8999938964844,289.8999938964844,282.6000061035156,283.6199951171875,249220
2011-01-05,288.0,289.5,283.0249938964844,288.04998779296875,710350
2011-01-06,288.20001220703125,289.3999938964844,284.25,284.95001220703125,149280
2011-01-07,284.9549865722656,286.7900085449219,276.135009765625,277.57501220703125,498710
2011-01-10,278.5050048828125,278.5050048828125,264.79998779296875,267.7749938964844,443160
2011-01-11,267.7749938964844,272.8999938964844,261.29998779296875,270.3349914550781,481380
2011-01-12,272.0,274.3999938964844,267.6000061035156,272.6300048828125,213110
2011-01-13,273.8999938964844,276.489990234375,270.010009765625,271.375,179330
2011-01-14,268.5050048828125,273.45001220703125,268.4849853515625,272.5899963378906,215480
2011-01-17,269.55499267578125,269.55499267578125,265.5,266.2850036621094,2088300
2011-01-18,269.0,269.0,263.6000061035156,265.4750061035156,2624210
2011-01-19,266.0,269.8500061035156,265.6000061035156,266.8349914550781,170210
2011-01-20,265.70001220703125,268.489990234375,264.0199890136719,267.42999267578125,927100
2011-01-21,263.6000061035156,268.8999938964844,263.6000061035156,266.3500061035156,769560
2011-01-24,266.3500061035156,270.989990234375,260.114990234375,262.0950012207031,1504870
2011-01-25,262.0950012207031,264.3900146484375,259.5,259.9849853515625,1601180
2011-01-27,259.5,266.4100036621094,259.5,260.0050048828125,749710
2011-01-28,264.69000244140625,264.69000244140625,255.0,257.9100036621094,2734200
2011-01-31,256.5,259.8999938964844,248.2050018310547,257.75,2249850
2011-02-01,257.4949951171875,258.0050048828125,244.5,248.7899932861328,1738540
2011-02-02,248.3000030517578,252.5050048828125,244.56500244140625,248.5449981689453,751250
2011-02-03,245.0050048828125,253.39999389648438,243.9949951171875,247.16000366210938,737380
2011-02-04,245.0050048828125,250.69000244140625,245.0050048828125,248.625,1617390
2011-02-07,248.7050018310547,253.10000610351562,248.10000610351562,250.15499877929688,526160
2011-02-08,250.6999969482422,256.5,247.11000061035156,247.9600067138672,722100
2011-02-09,247.75,249.27999877929688,242.80499267578125,247.52000427246094,994890
2011-02-10,246.0050048828125,251.39999389648438,245.50999450683594,248.375,649160
2011-02-11,249.93499755859375,252.10499572753906,245.60000610351562,249.85499572753906,2277190
2011-02-14,248.16000366210938,262.3800048828125,244.5500030517578,260.0,946210
2011-02-15,258.20001220703125,262.5050048828125,257.5,258.7900085449219,340780
2011-02-16,258.5,261.75,255.0,256.44500732421875,337740
2011-02-17,259.69500732421875,260.0199890136719,254.60000610351562,259.4800109863281,326200
2011-02-18,258.5,261.2699890136719,258.5,259.9100036621094,1486590
2011-02-21,260.0,262.3999938964844,250.52000427246094,257.0799865722656,399940
2011-02-22,256.2049865722656,256.2049865722656,250.0,251.00999450683594,350370
2011-02-23,248.0050048828125,249.89999389648438,245.22000122070312,247.80499267578125,1136200
2011-02-24,246.6999969482422,248.5,239.8000030517578,241.13499450683594,1850230
2011-02-25,240.5,247.0,239.52999877929688,240.64999389648438,1803780
2011-02-28,236.39999389648438,245.0,236.39999389648438,240.07000732421875,1149580
2011-03-01,242.47500610351562,254.7899932861328,241.0,253.27999877929688,512760
2011-03-03,250.11000061035156,256.364990234375,248.5,253.7949981689453,618850
2011-03-04,257.4949951171875,259.70001220703125,249.11000061035156,250.8249969482422,1322350
2011-03-07,250.0050048828125,252.69500732421875,244.22000122070312,250.52000427246094,414940
2011-03-08,252.39999389648438,252.55999755859375,250.0,250.00999450683594,632510
2011-03-09,252.19500732421875,252.69000244140625,250.0,250.10000610351562,812960
2011-03-10,249.50999450683594,251.39999389648438,249.0,250.0050048828125,699360
2011-03-11,249.89999389648438,253.97000122070312,248.5,252.96499633789062,515120
2011-03-14,252.1999969482422,255.5,250.63499450683594,252.81500244140625,314810
2011-03-15,250.10000610351562,255.0,250.0,253.1199951171875,360200
2011-03-16,258.7950134277344,258.7950134277344,253.57000732421875,255.32000732421875,218810
2011-03-17,252.39999389648438,259.5,250.5,257.9200134277344,1134550
2011-03-18,258.79998779296875,260.5050048828125,250.10000610351562,254.6300048828125,1905090
2011-03-21,253.01499938964844,253.01499938964844,250.90499877929688,252.36500549316406,423130
2011-03-22,253.4250030517578,255.3699951171875,250.60000610351562,250.97999572753906,123290
2011-03-23,250.7899932861328,255.5,250.7899932861328,254.5749969482422,343430
2011-03-24,254.0,255.81500244140625,250.0,250.28500366210938,580510
2011-03-25,251.15499877929688,264.29998779296875,251.15499877929688,252.9250030517578,389990
2011-03-28,253.10000610351562,255.69500732421875,251.5,252.74000549316406,354530
2011-03-29,252.2050018310547,254.43499755859375,251.11500549316406,251.5850067138672,212750
2011-03-30,251.5850067138672,257.4949951171875,248.52499389648438,253.6199951171875,1299430
2011-03-31,252.89999389648438,256.8900146484375,251.10499572753906,252.5800018310547,648870
2011-04-01,256.8949890136719,256.8949890136719,251.10000610351562,252.05499267578125,573840
2011-04-04,255.0,255.0,252.22000122070312,252.96499633789062,1021200
2011-04-05,253.30499267578125,259.8999938964844,253.30499267578125,256.67999267578125,666060
2011-04-06,256.5,259.20001220703125,254.24000549316406,254.97000122070312,675370
2011-04-07,257.8999938964844,257.8999938964844,254.58999633789062,255.1699981689453,598320
2011-04-08,256.989990234375,261.2850036621094,255.02499389648438,256.0350036621094,1077600
2011-04-11,255.5,257.9049987792969,254.02499389648438,256.6499938964844,370720
2011-04-13,256.5,263.3949890136719,255.1300048828125,261.7749938964844,1735420
2011-04-15,261.70001220703125,263.489990234375,257.614990234375,262.0849914550781,372290
2011-04-18,263.7650146484375,263.7650146484375,256.5050048828125,258.1650085449219,242020
2011-04-19,258.7749938964844,258.7749938964844,255.0,256.9150085449219,180150
2011-04-20,259.9949951171875,262.0,255.51499938964844,256.8800048828125,137050
2011-04-21,259.45001220703125,259.8999938964844,257.1300048828125,259.1300048828125,98270
2011-04-25,259.70001220703125,267.4800109863281,259.010009765625,266.2099914550781,587080
2011-04-26,266.5,269.20001220703125,264.6099853515625,265.5899963378906,362950
2011-04-27,267.7950134277344,267.8999938964844,265.1099853515625,266.7850036621094,770530
2011-04-28,267.5,272.31500244140625,265.2250061035156,269.0849914550781,893770
2011-04-29,269.0849914550781,278.0,269.0400085449219,277.4599914550781,2035230
2011-05-02,277.5,281.8999938964844,272.5,274.30999755859375,400330
2011-05-03,274.989990234375,279.8999938964844,271.04998779296875,277.29998779296875,1040070
2011-05-04,281.44000244140625,281.44000244140625,268.0199890136719,269.80999755859375,466290
2011-05-05,269.81500244140625,272.0,266.0,266.7799987792969,171100
2011-05-06,267.510009765625,271.20001220703125,265.1600036621094,270.0150146484375,925470
2011-05-09,272.2449951171875,276.79998779296875,271.70001220703125,274.29998779296875,367520
2011-05-10,272.125,277.989990234375,265.6000061035156,269.1050109863281,327500
2011-05-11,269.1000061035156,272.5,263.7099914550781,267.2099914550781,2182870
2011-05-12,269.0,276.5,267.5,275.04998779296875,1419540
2011-05-13,274.5,279.8500061035156,274.5,276.8399963378906,862830
2011-05-16,277.4949951171875,282.0,275.989990234375,279.3500061035156,1346020
2011-05-17,280.5,289.2950134277344,280.20001220703125,284.885009765625,2560160
2011-05-18,285.05499267578125,288.79998779296875,283.7449951171875,286.4549865722656,1457400
2011-05-19,287.8999938964844,288.7950134277344,282.79998779296875,284.7699890136719,538730
2011-05-20,281.6000061035156,292.0199890136719,281.1000061035156,290.9750061035156,963070
2011-05-23,291.20001220703125,294.8999938964844,289.3999938964844,291.4150085449219,1412520
2011-05-24,293.0,299.20001220703125,290.3349914550781,296.3450012207031,2414310
2011-05-25,295.010009765625,302.489990234375,295.010009765625,300.6499938964844,3773100
2011-05-26,301.8900146484375,304.5,296.25,299.32501220703125,3693410
2011-05-27,295.6000061035156,302.0,295.6000061035156,300.635009765625,1397460
2011-05-30,300.135009765625,310.8999938964844,300.135009765625,308.2250061035156,4304990
2011-05-31,309.20001220703125,338.70001220703125,305.0,313.3399963378906,18717210
2011-06-01,314.510009765625,319.3999938964844,306.1499938964844,316.93499755859375,1923490
2011-06-02,315.8999938964844,317.17999267578125,308.70001220703125,310.5050048828125,2116970
2011-06-03,310.5050048828125,319.0,309.9949951171875,316.7799987792969,833550
2011-06-06,316.0199890136719,318.885009765625,314.125,317.0050048828125,462910
2011-06-07,317.010009765625,322.9800109863281,315.5,320.614990234375,820140
2011-06-08,319.0,323.0,313.3349914550781,320.42999267578125,791990
2011-06-09,319.8999938964844,319.8999938964844,308.6199951171875,309.5950012207031,1273370
2011-06-10,310.0,313.5,306.04998779296875,310.0849914550781,641430
2011-06-13,309.69500732421875,311.8999938964844,305.30999755859375,306.5150146484375,1181500
2011-06-14,309.69500732421875,309.69500732421875,305.5,306.8949890136719,642460
2011-06-15,307.8949890136719,308.9849853515625,306.0,306.4599914550781,561910
2011-06-16,305.3949890136719,306.20001220703125,301.5,301.92498779296875,1250440
2011-06-17,302.614990234375,304.0,299.3999938964844,300.2799987792969,432330
2011-06-20,300.5050048828125,301.385009765625,290.5,294.75,572400
2011-06-21,295.0150146484375,297.989990234375,292.70001220703125,295.1449890136719,342000
2011-06-22,298.8999938964844,298.8999938964844,291.70001220703125,293.239990234375,326890
2011-06-23,290.1000061035156,297.489990234375,290.1000061035156,295.6700134277344,307630
2011-06-24,296.3999938964844,302.4949951171875,296.2149963378906,297.9800109863281,948010
2011-06-27,296.8699951171875,312.6050109863281,293.04998779296875,311.4200134277344,1043350
2011-06-28,311.8999938964844,318.19000244140625,309.125,316.0899963378906,1161890
2011-06-29,317.0150146484375,318.7749938964844,311.1050109863281,314.19500732421875,499550
2011-06-30,315.20001220703125,322.70001220703125,313.2099914550781,318.510009765625,1469430
2011-07-01,318.5,335.0,317.5350036621094,331.3949890136719,1605550
2011-07-04,334.114990234375,336.8800048828125,328.3550109863281,329.6650085449219,945650
2011-07-05,325.0,331.20001220703125,323.4100036621094,324.0,489870
2011-07-06,323.5,328.8399963378906,321.1000061035156,323.92999267578125,537230
2011-07-07,325.79998779296875,326.5,317.1099853515625,320.1099853515625,1240290
2011-07-08,320.5799865722656,324.3999938964844,315.0150146484375,315.8599853515625,663540
2011-07-11,315.79998779296875,318.5,314.1000061035156,315.55999755859375,511820
2011-07-12,314.875,314.875,308.25,309.4750061035156,514690
2011-07-13,311.989990234375,315.6000061035156,309.0,312.44500732421875,1469670
2011-07-14,312.5,317.1700134277344,309.1600036621094,313.0199890136719,788910
2011-07-15,314.0,319.4800109863281,311.54998779296875,318.05499267578125,676300
2011-07-18,319.0050048828125,319.7650146484375,315.7149963378906,316.80999755859375,221130
2011-07-19,317.70001220703125,318.9700012207031,313.6050109863281,314.114990234375,286700
2011-07-20,317.0950012207031,317.0950012207031,309.5150146484375,312.3500061035156,525470
2011-07-21,311.2950134277344,313.04998779296875,309.54998779296875,311.2449951171875,231070
2011-07-22,311.80499267578125,314.4549865722656,310.0,311.0899963378906,348660
2011-07-25,313.70001220703125,313.70001220703125,309.2099914550781,311.3949890136719,391410
2011-07-26,309.5450134277344,315.8999938964844,306.0,313.9100036621094,2020170
2011-07-27,314.5,316.75,311.80499267578125,314.29998779296875,1635240
2011-07-28,310.5849914550781,314.29998779296875,310.5849914550781,312.0849914550781,1552000
2011-07-29,312.239990234375,314.0050048828125,311.5,313.3999938964844,285780
2011-08-01,314.19500732421875,316.29998779296875,305.3500061035156,306.7850036621094,363320
2011-08-02,306.7850036621094,306.8999938964844,300.1099853515625,305.2149963378906,1771890
2011-08-03,301.5,306.8599853515625,301.0,302.32000732421875,668410
2011-08-04,301.114990234375,311.9949951171875,301.114990234375,309.1650085449219,537830
2011-08-05,309.1650085449219,309.5,301.20001220703125,305.8900146484375,1293720
2011-08-08,301.5050048828125,310.8999938964844,301.0,308.07000732421875,467250
2011-08-09,307.0,316.3999938964844,298.79998779296875,314.79998779296875,887490
2011-08-10,312.5,319.5,312.5,315.4849853515625,527200
2011-08-11,315.5,318.69500732421875,313.0350036621094,314.864990234375,255130
2011-08-12,317.9649963378906,324.4700012207031,315.3599853515625,322.9100036621094,1418620
2011-08-16,324.0,328.8999938964844,320.29998779296875,326.010009765625,699590
2011-08-17,326.5050048828125,328.8949890136719,321.93499755859375,324.45001220703125,1185290
2011-08-18,325.9949951171875,325.9949951171875,319.3949890136719,321.67498779296875,357200
2011-08-19,320.0,322.4949951171875,315.94500732421875,317.5350036621094,527920
2011-08-22,317.31500244140625,331.0,315.5950012207031,329.125,484660
2011-08-23,330.0050048828125,333.29998779296875,325.8999938964844,327.43499755859375,475920
2011-08-24,327.5,329.20001220703125,321.1000061035156,322.8399963378906,515090
2011-08-25,324.0050048828125,328.5,319.1700134277344,326.4800109863281,365180
2011-08-26,324.7950134277344,330.7650146484375,324.7950134277344,326.32000732421875,225950
2011-08-29,326.5799865722656,331.0,323.1000061035156,329.67999267578125,352570
2011-08-30,331.8900146484375,332.489990234375,325.1000061035156,328.6050109863281,388860
2011-09-02,326.0,332.7900085449219,324.5,326.0150146484375,889390
2011-09-05,324.5050048828125,332.18499755859375,324.5,327.1549987792969,1431550
2011-09-06,327.5,328.0,321.010009765625,325.8299865722656,859080
2011-09-07,325.82501220703125,327.8949890136719,321.125,322.125,350070
2011-09-08,322.1000061035156,323.19500732421875,315.6000061035156,318.1700134277344,653830
2011-09-09,319.1000061035156,322.70001220703125,316.2200012207031,318.864990234375,326490
2011-09-12,317.9949951171875,321.70001220703125,315.6050109863281,317.5950012207031,389660
2011-09-13,318.0050048828125,320.0,313.20001220703125,314.68499755859375,493860
2011-09-14,315.7850036621094,315.7850036621094,311.20001220703125,312.8349914550781,318930
2011-09-15,313.739990234375,314.5,310.8550109863281,312.635009765625,276010
2011-09-16,313.0,315.1000061035156,300.1300048828125,303.885009765625,785250
2011-09-19,304.0050048828125,306.79998779296875,302.80999755859375,305.0799865722656,367370
2011-09-20,303.1600036621094,310.5,303.1600036621094,307.7900085449219,385630
2011-09-21,308.7950134277344,310.8949890136719,307.0150146484375,309.3500061035156,228100
2011-09-22,305.0150146484375,313.0,305.0150146484375,310.1400146484375,428710
2011-09-23,309.9949951171875,315.0,307.5,309.0400085449219,731850
2011-09-26,309.0050048828125,312.2850036621094,304.1000061035156,308.1300048828125,268400
2011-09-27,312.5,312.5,307.5,309.69000244140625,254850
2011-09-28,311.9800109863281,314.5,309.1199951171875,313.4100036621094,416720
2011-09-29,312.6050109863281,317.0,310.5,315.42999267578125,1037900
2011-09-30,315.9949951171875,316.5,312.7049865722656,315.7550048828125,805400
2011-10-03,313.3450012207031,315.8999938964844,307.510009765625,312.94000244140625,509000
2011-10-04,311.114990234375,317.3999938964844,306.20001220703125,307.8500061035156,445760
2011-10-05,308.20001220703125,309.8949890136719,299.489990234375,302.8399963378906,690000
2011-10-07,308.4800109863281,315.489990234375,303.0050048828125,312.885009765625,721310
2011-10-10,312.7950134277344,318.79998779296875,311.2250061035156,317.29998779296875,562840
2011-10-11,319.8949890136719,320.989990234375,315.5,317.239990234375,271250
2011-10-12,318.68499755859375,320.0,316.0,317.5249938964844,335010
2011-10-13,319.79998779296875,320.79998779296875,316.5050048828125,317.17498779296875,796350
2011-10-14,310.1099853515625,317.95001220703125,262.68499755859375,314.6400146484375,174110
2011-10-17,317.9949951171875,319.3999938964844,312.5,313.6700134277344,215590
2011-10-18,314.0,314.0,309.70001220703125,310.30499267578125,167130
2011-10-19,311.9849853515625,314.45001220703125,308.8999938964844,312.68499755859375,263340
2011-10-20,311.5050048828125,317.0,311.5050048828125,315.70001220703125,224110
2011-10-21,321.5,321.5,300.0,301.54998779296875,1284980
2011-10-24,302.5050048828125,305.8999938964844,302.0,305.010009765625,443100
2011-10-25,304.5150146484375,309.8999938964844,300.0050048828125,306.55999755859375,470520
2011-10-28,303.0050048828125,319.8999938964844,303.0050048828125,306.1199951171875,2075940
2011-10-31,309.385009765625,317.70001220703125,303.20001220703125,315.9549865722656,1024170
2011-11-01,312.0,316.3999938964844,312.0,313.31500244140625,343500
2011-11-02,310.19000244140625,315.3999938964844,310.18499755859375,314.8999938964844,520090
2011-11-03,314.8999938964844,317.9700012207031,312.1000061035156,315.9549865722656,333770
2011-11-04,314.0249938964844,327.0,314.0249938964844,322.6000061035156,1366000
2011-11-08,321.5050048828125,325.6000061035156,315.20001220703125,316.0199890136719,691400
2011-11-09,317.8800048828125,321.4599914550781,310.04998779296875,311.6499938964844,413030
2011-11-11,311.7900085449219,316.79998779296875,304.6000061035156,305.7149963378906,664540
2011-11-14,309.69500732421875,314.5,307.29998779296875,309.8349914550781,559300
2011-11-15,309.8399963378906,312.3999938964844,301.0,303.6000061035156,235430
2011-11-16,302.1000061035156,312.0,299.20001220703125,309.55499267578125,665880
2011-11-17,310.4700012207031,311.0,302.1400146484375,304.17999267578125,540870
2011-11-18,304.5,309.885009765625,300.5150146484375,304.9150085449219,848100
2011-11-21,304.79998779296875,306.7699890136719,291.0,293.7799987792969,312320
2011-11-22,295.0050048828125,298.0,291.0,295.43499755859375,522600
2011-11-23,291.80999755859375,295.79998779296875,282.625,289.2699890136719,579200
2011-11-24,288.0,289.0,283.3999938964844,287.5350036621094,361640
2011-11-25,288.5,296.9949951171875,287.5,294.2799987792969,334250
2011-11-28,298.5,302.29998779296875,292.30499267578125,294.0,232790
2011-11-29,295.68499755859375,297.3900146484375,290.2049865722656,293.8500061035156,1102210
2011-11-30,292.8999938964844,294.79998779296875,286.1199951171875,287.93499755859375,823270
2011-12-01,290.0350036621094,298.0,275.70001220703125,279.6050109863281,1198300
2011-12-02,281.30499267578125,286.3399963378906,278.5,285.8450012207031,657450
2011-12-05,283.6099853515625,288.8999938964844,283.6099853515625,285.4049987792969,730820
2011-12-07,283.0,288.1000061035156,283.0,285.5950012207031,1069980
2011-12-08,283.0050048828125,287.4949951171875,281.79998779296875,283.2699890136719,1595270
2011-12-09,283.489990234375,285.8550109863281,281.0249938964844,283.0249938964844,543120
2011-12-12,284.3999938964844,285.8599853515625,279.1000061035156,282.82000732421875,624690
2011-12-13,280.7099914550781,285.8500061035156,278.2149963378906,280.3699951171875,1145990
2011-12-14,280.05499267578125,285.0,274.5,278.2950134277344,953480
2011-12-15,277.9750061035156,280.0,275.67999267578125,278.6199951171875,807780
2011-12-16,278.9200134277344,278.9200134277344,269.1099853515625,271.2699890136719,482820
2011-12-19,269.0050048828125,271.2650146484375,263.0050048828125,265.95001220703125,334960
2011-12-20,269.989990234375,274.8999938964844,264.5249938964844,264.95001220703125,531340
2011-12-21,269.9849853515625,271.8949890136719,265.1099853515625,268.75,393670
2011-12-22,272.0,277.5,265.20001220703125,275.82501220703125,240710
2011-12-23,276.0249938964844,276.9200134277344,264.0950012207031,266.32501220703125,540940
2011-12-26,264.7149963378906,269.5,264.1050109863281,266.30499267578125,280860
2011-12-27,265.5050048828125,269.20001220703125,265.5050048828125,267.0950012207031,777460
2011-12-28,267.0,271.80999755859375,255.0,259.9200134277344,891340
2011-12-29,261.4800109863281,264.0,256.0,262.6700134277344,1014870
2011-12-30,260.5,263.4549865722656,257.7099914550781,259.2349853515625,225310
2012-01-02,256.0,261.7950134277344,256.0,259.0299987792969,182450
2012-01-03,260.0199890136719,266.0,260.0150146484375,265.2300109863281,174850
2012-01-04,261.9049987792969,269.989990234375,261.9049987792969,267.4949951171875,341860
2012-01-05,267.3900146484375,269.0950012207031,266.0,267.1700134277344,719580
2012-01-06,264.80499267578125,268.4949951171875,264.510009765625,266.05999755859375,3815540
2012-01-09,266.6650085449219,270.0,266.6549987792969,267.57501220703125,430720
2012-01-10,268.8550109863281,269.5,264.5,265.6549987792969,338040
2012-01-11,268.8550109863281,272.989990234375,264.0,272.0299987792969,1111290
2012-01-12,273.8599853515625,279.8299865722656,272.0299987792969,273.6300048828125,676690
2012-01-13,271.80499267578125,279.7950134277344,271.80499267578125,277.2049865722656,570680
2012-01-16,276.29998779296875,277.8999938964844,273.6199951171875,274.8550109863281,179230
2012-01-17,273.0899963378906,277.5,272.20001220703125,273.55999755859375,528730
2012-01-18,274.95001220703125,275.6000061035156,271.0,272.3800048828125,205430
2012-01-19,276.67498779296875,276.67498779296875,271.5050048828125,273.2900085449219,191140
2012-01-20,273.29998779296875,275.0,271.0,273.2449951171875,660940
2012-01-23,276.0400085449219,283.4750061035156,275.0,281.875,1106890
2012-01-24,283.5,285.79998779296875,277.0,280.42999267578125,1114090
2012-01-25,282.8800048828125,286.30499267578125,279.5350036621094,284.8450012207031,2868410
2012-01-27,287.5,294.8999938964844,287.5,291.635009765625,1870510
2012-01-30,291.9700012207031,301.5050048828125,291.9599914550781,298.80999755859375,1515850
2012-01-31,292.4100036621094,304.0,292.4100036621094,299.5299987792969,638760
2012-02-01,303.0,303.0,291.29998779296875,293.5199890136719,1463970
2012-02-02,297.0,299.3999938964844,294.0,296.79998779296875,898140
2012-02-03,296.9849853515625,297.0,290.0,295.0299987792969,685600
2012-02-06,292.5050048828125,301.54998779296875,292.5,299.3599853515625,1137650
2012-02-07,299.5,300.7300109863281,294.7049865722656,295.8949890136719,668170
2012-02-08,294.0150146484375,301.5,294.0150146484375,297.06500244140625,2582610
2012-02-09,301.0400085449219,306.5,297.2049865722656,305.82000732421875,1357500
2012-02-10,306.5,312.79998779296875,306.5,309.94500732421875,1391900
2012-02-13,304.3999938964844,310.0,303.29998779296875,305.44500732421875,328260
2012-02-14,305.44500732421875,306.9800109863281,302.0050048828125,302.7200012207031,409890
2012-02-15,303.489990234375,310.4949951171875,301.79998779296875,303.1400146484375,466600
2012-02-16,304.0,308.489990234375,302.510009765625,306.82000732421875,991920
2012-02-17,308.0,311.3999938964844,304.5050048828125,305.44500732421875,992440
2012-02-21,303.44500732421875,307.8800048828125,302.7950134277344,304.5400085449219,301830
2012-02-22,304.5400085449219,311.0,304.5,307.42498779296875,986070
2012-02-23,305.239990234375,310.95001220703125,302.0,305.93499755859375,799050
2012-02-24,306.29998779296875,308.70001220703125,304.3550109863281,306.7099914550781,530130
2012-02-27,305.0,311.5,304.239990234375,309.7300109863281,2250620
2012-02-28,312.5,319.1300048828125,309.0,315.864990234375,1623880
2012-02-29,315.0,320.0,314.1000061035156,317.05499267578125,1154250
2012-03-01,317.0,319.0,312.5,314.9649963378906,707510
2012-03-02,316.3900146484375,318.989990234375,312.6099853515625,315.875,1839750
2012-03-05,314.864990234375,324.9800109863281,314.2900085449219,323.4700012207031,1301960
2012-03-06,323.8949890136719,325.0,314.010009765625,316.0450134277344,711040
2012-03-07,313.5199890136719,315.9750061035156,305.6000061035156,309.17498779296875,430770
2012-03-09,312.0,319.8999938964844,310.9599914550781,317.1499938964844,1397870
2012-03-12,312.5050048828125,321.20001220703125,312.5050048828125,316.0249938964844,1380880
2012-03-13,315.0050048828125,320.79998779296875,315.0050048828125,318.6650085449219,145490
2012-03-14,320.5,323.8999938964844,319.1099853515625,320.4200134277344,323340
2012-03-15,322.5,334.0,320.0050048828125,321.4949951171875,611970
2012-03-16,325.0,325.0,317.510009765625,321.010009765625,2442480
2012-03-19,323.0,324.0,305.4100036621094,307.31500244140625,832210
2012-03-20,307.1000061035156,307.1000061035156,300.1000061035156,301.57000732421875,2624650
2012-03-21,302.385009765625,309.8999938964844,302.0,306.2850036621094,994040
2012-03-22,307.0,310.989990234375,306.0,307.125,574010
2012-03-23,307.7099914550781,314.5,306.44500732421875,311.1600036621094,704070
2012-03-26,310.9949951171875,314.0,304.6000061035156,306.07000732421875,316300
2012-03-27,306.07000732421875,312.29998779296875,304.1099853515625,309.6650085449219,811010
2012-03-28,307.5400085449219,319.1000061035156,307.5400085449219,310.44500732421875,865590
2012-03-29,310.0,324.8999938964844,305.0199890136719,318.8500061035156,991760
2012-03-30,320.0199890136719,325.5,319.9949951171875,324.20001220703125,1292640
2012-04-02,324.44000244140625,329.5,320.3999938964844,326.3399963378906,383640
2012-04-03,327.135009765625,337.5,327.0,335.6400146484375,1661100
2012-04-04,330.0,339.989990234375,329.30999755859375,332.3500061035156,761140
2012-04-09,331.9949951171875,332.0,327.0,327.9049987792969,445740
2012-04-10,328.510009765625,329.20001220703125,324.5,325.6549987792969,522050
2012-04-11,324.8949890136719,325.9750061035156,322.2049865722656,323.68499755859375,565060
2012-04-12,323.68499755859375,328.864990234375,322.32000732421875,325.56500244140625,465980
2012-04-13,327.0,331.5,325.4049987792969,330.1099853515625,596740
2012-04-16,332.0,336.7900085449219,330.5,335.4549865722656,505180
2012-04-17,335.3999938964844,337.5,331.0150146484375,332.82501220703125,380400
2012-04-18,334.989990234375,335.0,329.0,331.114990234375,247670
2012-04-19,331.5,335.0,330.0050048828125,332.885009765625,239800
2012-04-20,333.6000061035156,335.5,331.1050109863281,334.05499267578125,577960
2012-04-23,334.5,348.5400085449219,331.2049865722656,347.1000061035156,1561580
2012-04-24,347.1050109863281,349.739990234375,343.0,346.20001220703125,1282660
2012-04-25,346.5,346.70001220703125,340.510009765625,342.2300109863281,609440
2012-04-26,342.0,352.5,341.1549987792969,348.20001220703125,3350750
2012-04-27,345.1000061035156,355.20001220703125,343.0050048828125,352.3299865722656,1037650
2012-04-30,352.6000061035156,354.9649963378906,350.0,352.67999267578125,1109870
2012-05-02,352.70001220703125,354.8999938964844,348.2449951171875,353.0799865722656,572410
2012-05-03,351.29998779296875,362.6000061035156,347.1000061035156,360.3599853515625,947470
2012-05-04,360.29998779296875,365.0,358.0,361.5350036621094,1359200
2012-05-07,359.8999938964844,371.70001220703125,354.55499267578125,364.44000244140625,1432850
2012-05-08,367.3999938964844,369.8999938964844,362.1499938964844,365.55499267578125,1132290
2012-05-09,369.8999938964844,374.5,363.1099853515625,370.875,1961510
2012-05-10,367.1000061035156,374.3999938964844,363.1000061035156,365.385009765625,771880
2012-05-11,363.29998779296875,367.3999938964844,358.3399963378906,362.385009765625,724140
2012-05-14,360.5050048828125,373.489990234375,357.5,369.7250061035156,965470
2012-05-15,369.9949951171875,378.0,367.6300048828125,376.80499267578125,1094620
2012-05-16,374.79998779296875,378.6000061035156,373.0,375.43499755859375,964750
2012-05-17,377.0,378.4949951171875,368.1000061035156,369.5050048828125,824840
2012-05-18,366.79998779296875,372.5,365.0199890136719,370.1050109863281,847440
2012-05-21,371.0,377.0,369.1600036621094,375.42498779296875,481580
2012-05-22,375.3999938964844,375.3999938964844,365.6000061035156,367.70001220703125,563920
2012-05-23,369.4949951171875,369.6600036621094,363.79998779296875,367.75,482750
2012-05-24,367.8949890136719,375.94000244140625,366.6000061035156,374.9750061035156,746560
2012-05-25,374.9949951171875,377.9700012207031,371.5,376.5849914550781,363680
2012-05-28,377.5,384.0,375.5249938964844,382.2749938964844,646970
2012-05-29,383.0,385.20001220703125,380.1000061035156,384.2550048828125,571380
2012-05-30,385.7950134277344,385.7950134277344,380.5,381.6449890136719,716730
2012-05-31,380.0,419.1000061035156,378.1099853515625,402.1549987792969,3861160
2012-06-01,399.8999938964844,400.0,376.4649963378906,377.9800109863281,1599420
2012-06-04,376.7900085449219,377.3999938964844,366.04998779296875,368.4200134277344,1108680
2012-06-05,373.3999938964844,379.8999938964844,369.2250061035156,371.8949890136719,954970
2012-06-06,374.989990234375,384.3699951171875,374.989990234375,382.4049987792969,1268240
2012-06-07,381.0,386.5,380.510009765625,384.7699890136719,993880
2012-06-08,383.0299987792969,384.8900146484375,376.5050048828125,382.5299987792969,436580
2012-06-11,382.6050109863281,389.4700012207031,381.79998779296875,383.6199951171875,578730
2012-06-12,380.79998779296875,389.8999938964844,378.3999938964844,388.3800048828125,551600
2012-06-13,386.364990234375,392.0950012207031,386.20001220703125,387.7650146484375,483950
2012-06-14,386.20001220703125,391.3999938964844,385.7650146484375,387.05999755859375,425710
2012-06-15,389.0,390.0,384.3999938964844,388.614990234375,523980
2012-06-18,390.0,398.0,383.1499938964844,386.3999938964844,508560
2012-06-19,387.3999938964844,390.489990234375,383.8900146484375,388.6099853515625,451290
2012-06-20,389.5,391.989990234375,385.68499755859375,388.5050048828125,485790
2012-06-21,388.9949951171875,390.8500061035156,384.5,389.6700134277344,924560
2012-06-22,388.1000061035156,391.29998779296875,386.3399963378906,389.125,398890
2012-06-25,391.4949951171875,391.4949951171875,378.9549865722656,380.79998779296875,573860
2012-06-26,380.79998779296875,382.67999267578125,372.6000061035156,375.8999938964844,1026500
2012-06-27,376.5,379.70001220703125,376.2049865722656,377.614990234375,514730
2012-06-28,378.0,381.70001220703125,373.79998779296875,374.9049987792969,825040
2012-06-29,377.0050048828125,390.04998779296875,377.0050048828125,388.8550109863281,1040430
2012-07-02,387.79998779296875,394.8999938964844,386.0050048828125,392.114990234375,605310
2012-07-03,392.1000061035156,396.5950012207031,390.2250061035156,394.0249938964844,1355040
2012-07-04,394.0950012207031,396.3949890136719,386.30499267578125,387.2449951171875,1118120
2012-07-05,386.29998779296875,389.4949951171875,377.5,378.114990234375,1452820
2012-07-06,377.1000061035156,377.7099914550781,368.0199890136719,371.44500732421875,1431720
2012-07-09,369.3999938964844,370.8800048828125,366.0,368.3450012207031,747410
2012-07-10,369.8999938964844,374.5,367.45001220703125,369.30999755859375,1188560
2012-07-11,367.5,372.20001220703125,367.5,369.3900146484375,595220
2012-07-12,369.3900146484375,375.70001220703125,368.3299865722656,372.32000732421875,811760
2012-07-13,371.20001220703125,375.19500732421875,369.5,370.82501220703125,348430
2012-07-16,367.20001220703125,373.56500244140625,367.20001220703125,369.2950134277344,339110
2012-07-17,369.70001220703125,371.82000732421875,364.0,366.2699890136719,538510
2012-07-18,367.8999938964844,367.8999938964844,361.0,366.489990234375,598460
2012-07-19,367.20001220703125,369.489990234375,361.489990234375,361.91497802734375,1053770
2012-07-20,362.1050109863281,383.44500732421875,362.1050109863281,371.7250061035156,4206590
2012-07-23,367.7650146484375,368.0,359.0400085449219,360.2550048828125,1637610
2012-07-24,360.0,362.6499938964844,355.1000061035156,356.67999267578125,1129990
2012-07-25,356.4949951171875,358.3999938964844,351.5150146484375,352.83502197265625,641710
2012-07-26,354.9949951171875,355.2650146484375,345.0,346.9100036621094,1221300
2012-07-27,352.8999938964844,354.7900085449219,347.1050109863281,350.6100158691406,633580
2012-07-30,352.0,359.4750061035156,351.0,357.6549987792969,468970
2012-07-31,358.1000061035156,366.8699951171875,356.05999755859375,364.2300109863281,744190
2012-08-01,362.760009765625,367.79998779296875,361.1099853515625,362.69500732421875,324300
2012-08-02,361.5,369.8800048828125,359.5,365.1300048828125,756250
2012-08-03,362.5,376.8949890136719,362.5,375.7250061035156,1126450
2012-08-06,378.5,378.9949951171875,372.4949951171875,374.80999755859375,1003450
2012-08-07,374.0249938964844,376.8299865722656,372.010009765625,374.3800048828125,814570
2012-08-08,373.20001220703125,375.79998779296875,372.0,373.1399841308594,522180
2012-08-09,375.0,376.79998779296875,373.0849914550781,375.0050048828125,926090
2012-08-10,372.5,375.385009765625,369.6199951171875,371.3399963378906,843770
2012-08-13,369.6000061035156,378.5,369.1000061035156,377.2649841308594,290330
2012-08-14,377.0,381.70001220703125,376.20001220703125,378.19500732421875,586760
2012-08-16,376.5150146484375,378.6199951171875,369.5,371.19500732421875,655810
2012-08-17,369.5,373.05999755859375,366.32501220703125,367.8550109863281,1033540
2012-08-21,367.1499938964844,371.3999938964844,364.635009765625,369.4100036621094,895170
2012-08-22,369.0,372.7799987792969,366.8999938964844,369.2049865722656,504670
2012-08-23,370.0,371.989990234375,368.2449951171875,370.0,387880
2012-08-24,369.18499755859375,369.18499755859375,365.1050109863281,367.6549987792969,303450
2012-08-27,368.2749938964844,370.989990234375,365.2049865722656,366.2250061035156,423870
2012-08-28,365.0,374.9849853515625,365.0,372.5950012207031,1165820
2012-08-29,373.0,373.8900146484375,367.114990234375,370.2250061035156,395020
2012-08-30,369.8999938964844,380.6650085449219,365.0,369.635009765625,1127310
2012-08-31,370.1000061035156,375.9549865722656,363.0249938964844,364.07000732421875,770560
2012-09-03,365.0249938964844,368.125,363.0,365.1000061035156,580650
2012-09-04,364.8999938964844,369.9949951171875,363.6499938964844,369.32000732421875,412670
2012-09-05,367.20001220703125,368.0,364.6600036621094,365.135009765625,256670
2012-09-06,364.1099853515625,371.9649963378906,362.5199890136719,370.0249938964844,400490
2012-09-07,372.3349914550781,377.55499267578125,371.1000061035156,377.04998779296875,527240
2012-09-10,377.9949951171875,377.9949951171875,372.1000061035156,373.864990234375,427150
2012-09-11,372.0,378.0,372.0,377.614990234375,283050
2012-09-12,376.5050048828125,385.70001220703125,376.5050048828125,384.53997802734375,625690
2012-09-13,386.19000244140625,387.5,383.1050109863281,384.95001220703125,463350
2012-09-14,389.8999938964844,391.70001220703125,386.2349853515625,390.1399841308594,645200
2012-09-17,392.0,392.5950012207031,386.0,388.4549865722656,418010
2012-09-18,388.5,392.5,387.1700134277344,390.04998779296875,439200
2012-09-20,385.0,393.8299865722656,385.0,389.57501220703125,614350
2012-09-21,390.2200012207031,396.8500061035156,389.1050109863281,394.6600036621094,1257940
2012-09-24,394.70001220703125,399.8999938964844,393.2799987792969,397.989990234375,773590
2012-09-25,397.0,402.0,391.9949951171875,393.6499938964844,836030
2012-09-26,390.25,395.5,387.1000061035156,389.31500244140625,908400
2012-09-27,390.0,392.7149963378906,385.29998779296875,387.0299987792969,1049260
2012-09-28,391.3999938964844,396.6400146484375,390.0,393.4800109863281,822900
2012-10-01,395.79998779296875,396.0,390.0,393.9649963378906,720100
2012-10-03,393.9949951171875,395.5849914550781,387.79998779296875,390.80499267578125,746950
2012-10-04,390.5,395.0,385.1050109863281,387.3999938964844,807190
2012-10-05,389.489990234375,389.8999938964844,343.239990234375,381.125,1765020
2012-10-08,383.45001220703125,390.7900085449219,382.0899963378906,388.9850158691406,655820
2012-10-09,390.0,391.79998779296875,386.1000061035156,389.1600036621094,508650
2012-10-10,386.125,393.4649963378906,386.125,389.6000061035156,866190
2012-10-11,390.1000061035156,392.8999938964844,387.3999938964844,389.5299987792969,512730
2012-10-12,388.6000061035156,392.4599914550781,387.20001220703125,389.8999938964844,463590
2012-10-15,390.0950012207031,391.79998779296875,382.54998779296875,387.385009765625,309520
2012-10-16,388.79998779296875,390.79998779296875,386.25,388.5050048828125,336440
2012-10-17,389.5,394.20001220703125,388.5450134277344,390.8800048828125,505580
2012-10-18,391.3999938964844,394.79998779296875,390.1000061035156,392.3699951171875,300500
2012-10-19,390.0,392.3699951171875,387.5,388.1700134277344,478790
2012-10-22,388.4700012207031,393.9949951171875,384.29998779296875,392.91497802734375,392130
2012-10-23,394.3999938964844,394.3999938964844,389.5,391.0199890136719,385570
2012-10-25,391.0,392.0,387.135009765625,389.614990234375,1313130
2012-10-29,394.70001220703125,394.70001220703125,389.20001220703125,393.1549987792969,241760
2012-10-30,392.1000061035156,394.5,387.260009765625,388.7950134277344,156350
2012-10-31,389.4849853515625,390.989990234375,385.1050109863281,387.1199951171875,247300
2012-11-01,386.5,388.7950134277344,384.135009765625,387.8600158691406,282210
2012-11-02,390.9949951171875,392.0,387.989990234375,390.3299865722656,374440
2012-11-05,389.29998779296875,397.0,388.1199951171875,395.70001220703125,492210
2012-11-06,396.9949951171875,410.8999938964844,395.0050048828125,409.5350036621094,1475370
2012-11-07,410.510009765625,414.5,409.18499755859375,412.0450134277344,799130
2012-11-08,407.3999938964844,419.9849853515625,407.3999938964844,417.80999755859375,871030
2012-11-09,416.125,419.5,410.010009765625,411.42999267578125,415070
2012-11-12,413.0,416.0,408.2699890136719,408.96002197265625,388480
2012-11-15,405.0249938964844,410.7950134277344,399.0249938964844,401.4949951171875,1038430
2012-11-16,402.5,403.885009765625,393.6050109863281,395.1050109863281,440200
2012-11-19,396.0,396.0,385.0,387.67498779296875,684050
2012-11-20,387.0050048828125,392.8949890136719,383.20001220703125,384.9949951171875,514810
2012-11-21,385.3999938964844,393.5,383.6050109863281,391.989990234375,961050
2012-11-22,393.0,398.8999938964844,392.8550109863281,396.80499267578125,686100
2012-11-23,396.79998779296875,406.79998779296875,396.79998779296875,405.4100036621094,758030
2012-11-26,409.4949951171875,412.19000244140625,405.0,408.3399963378906,497240
2012-11-27,407.125,413.3900146484375,407.125,412.3900146484375,510620
2012-11-29,411.5,437.44500732421875,411.5,431.9800109863281,2186930
2012-11-30,430.5050048828125,437.5950012207031,429.0400085449219,433.0350036621094,2510700
2012-12-03,432.0299987792969,438.2950134277344,430.5,434.6650085449219,631600
2012-12-04,437.19000244140625,438.75,432.20001220703125,435.20001220703125,832250
2012-12-05,435.1000061035156,441.44000244140625,435.1000061035156,437.7850036621094,1481090
2012-12-06,437.20001220703125,438.4800109863281,433.5,435.6549987792969,607840
2012-12-07,433.70001220703125,436.70001220703125,430.1000061035156,431.2550048828125,417720
2012-12-10,433.0,434.5450134277344,430.0249938964844,431.58502197265625,366760
2012-12-11,434.3999938964844,434.3999938964844,427.510009765625,430.02001953125,462050
2012-12-12,432.6000061035156,434.0,428.3949890136719,432.04998779296875,1204090
2012-12-13,433.7950134277344,434.2950134277344,429.5,430.96002197265625,638300
2012-12-14,432.69000244140625,432.69000244140625,426.29998779296875,428.0799865722656,671250
2012-12-17,425.0050048828125,427.4150085449219,422.5,424.94000244140625,407780
2012-12-18,426.0,431.8949890136719,425.3599853515625,429.54998779296875,606600
2012-12-19,429.54998779296875,444.7950134277344,429.54998779296875,442.9849853515625,806400
2012-12-20,443.5,449.75,441.0,444.4200134277344,823270
2012-12-21,443.6000061035156,443.6000061035156,434.0400085449219,435.6199951171875,451660
2012-12-24,437.5,438.5,433.5,436.1000061035156,364270
2012-12-26,437.1099853515625,444.3999938964844,437.0249938964844,442.364990234375,382830
2012-12-27,443.6000061035156,444.6000061035156,433.010009765625,434.6400146484375,743630
2012-12-28,435.6000061035156,440.864990234375,435.6000061035156,439.4700012207031,292430
2012-12-31,439.4700012207031,445.989990234375,438.17999267578125,443.2550048828125,379160
2013-01-01,444.5,445.4800109863281,441.0,442.30499267578125,299620
2013-01-02,442.6050109863281,445.70001220703125,436.0,437.19500732421875,614960
2013-01-03,439.760009765625,442.79998779296875,437.0,439.6700134277344,508860
2013-01-04,440.8900146484375,442.0,438.0,440.20001220703125,713090
2013-01-07,443.7950134277344,443.7950134277344,438.0,439.43499755859375,519650
2013-01-08,438.5,440.70001220703125,435.239990234375,439.4100036621094,672700
2013-01-09,439.5,440.8999938964844,435.5,436.41497802734375,393240
2013-01-10,438.010009765625,441.7099914550781,435.0,436.2699890136719,832720
2013-01-11,436.32501220703125,438.8500061035156,428.5,429.94500732421875,530530
2013-01-14,431.0,437.8999938964844,429.510009765625,436.55499267578125,302470
2013-01-15,436.55499267578125,436.55999755859375,428.0050048828125,431.30999755859375,535140
2013-01-16,429.79998779296875,433.79998779296875,426.3500061035156,427.8299865722656,421340
2013-01-17,427.5,434.0,427.5,433.32000732421875,1190180
2013-01-18,434.1000061035156,435.7900085449219,427.5,431.1050109863281,736430
2013-01-21,431.2049865722656,434.8999938964844,427.55999755859375,428.7900085449219,445250
2013-01-22,433.0,445.42999267578125,431.1000061035156,441.30499267578125,1862370
2013-01-23,441.30499267578125,448.9750061035156,441.010009765625,444.25,1239080
2013-01-24,444.3999938964844,447.6000061035156,439.0,440.510009765625,579610
2013-01-25,441.8800048828125,446.9599914550781,437.2699890136719,440.57000732421875,296880
2013-01-28,440.5050048828125,441.79998779296875,434.55999755859375,439.9200134277344,579060
2013-01-29,438.6000061035156,444.25,436.6000061035156,443.1600036621094,609480
2013-01-30,443.9949951171875,449.0,443.1700134277344,447.375,702210
2013-01-31,449.75,456.94000244140625,448.25,450.114990234375,1377750
2013-02-01,453.79998779296875,455.5,450.5050048828125,454.2550048828125,469130
2013-02-04,454.79998779296875,466.70001220703125,454.0,464.2950134277344,1578080
2013-02-05,462.5,467.70001220703125,461.5299987792969,463.8900146484375,581760
2013-02-06,464.45001220703125,466.5,461.2749938964844,462.41497802734375,722520
2013-02-07,461.0050048828125,464.5,459.3450012207031,460.385009765625,410770
2013-02-08,461.79998779296875,463.69500732421875,451.17498779296875,452.3500061035156,555190
2013-02-11,453.0,457.42498779296875,447.510009765625,453.3500061035156,462880
2013-02-12,454.0,454.0,447.69000244140625,450.95001220703125,208800
2013-02-13,452.3999938964844,452.489990234375,446.05499267578125,447.1050109863281,330480
2013-02-14,447.510009765625,454.7799987792969,445.20001220703125,452.6099853515625,1626580
2013-02-15,451.19500732421875,457.5,451.19500732421875,454.239990234375,384090
2013-02-18,451.5,453.7699890136719,448.3450012207031,450.4100036621094,393310
2013-02-19,449.0,459.8999938964844,448.0199890136719,455.8900146484375,407070
2013-02-20,457.989990234375,459.7699890136719,453.3399963378906,455.54998779296875,856240
2013-02-21,454.875,456.0450134277344,448.2149963378906,451.364990234375,548690
2013-02-22,450.2099914550781,455.2699890136719,447.5450134277344,453.7300109863281,684190
2013-02-25,455.79998779296875,455.79998779296875,449.1000061035156,450.2149963378906,477940
2013-02-26,449.70001220703125,449.8999938964844,437.0199890136719,440.010009765625,597970
2013-02-27,438.1099853515625,442.3999938964844,433.5899963378906,435.80499267578125,587380
2013-02-28,438.0,443.4700012207031,422.5,427.2200012207031,1592310
2013-03-01,429.8999938964844,438.5,427.010009765625,435.9100036621094,772430
2013-03-04,433.1000061035156,436.0,427.5,432.989990234375,721440
2013-03-05,434.70001220703125,445.0,429.20001220703125,443.489990234375,785270
2013-03-06,444.2250061035156,448.0,441.79998779296875,446.32000732421875,591600
2013-03-07,442.5050048828125,461.2099914550781,442.5050048828125,458.5450134277344,977840
2013-03-08,459.2149963378906,468.79998779296875,459.2149963378906,466.6600036621094,608210
2013-03-11,466.5,477.5,464.7900085449219,475.67498779296875,1244470
2013-03-12,476.1000061035156,477.0,472.3450012207031,475.239990234375,787720
2013-03-13,472.5,482.9649963378906,472.0150146484375,479.0799865722656,1453120
2013-03-14,478.1300048828125,494.5,478.0,489.6449890136719,1590670
2013-03-15,489.0,502.5,486.0299987792969,500.7300109863281,3093410
2013-03-18,498.0,503.0,494.5,500.25,2528290
2013-03-19,500.4949951171875,500.4949951171875,490.0,490.93499755859375,2170700
2013-03-20,489.8999938964844,501.93499755859375,486.6050109863281,499.260009765625,1901160
2013-03-21,500.010009765625,505.0,488.5,491.2699890136719,1570570
2013-03-22,489.8999938964844,500.0,487.79998779296875,495.3699951171875,1153710
2013-03-25,497.5,500.1300048828125,485.79998779296875,487.9049987792969,1665560
2013-03-26,488.0,492.67498779296875,487.5,490.32501220703125,1162070
2013-03-28,489.4649963378906,492.5,484.7099914550781,491.7250061035156,1029400
2013-04-01,492.20001220703125,498.20001220703125,488.1000061035156,495.4950256347656,688780
2013-04-02,495.4949951171875,496.989990234375,487.5799865722656,489.0350036621094,520130
2013-04-03,489.0,491.3949890136719,484.0849914550781,488.510009765625,758590
2013-04-04,484.29998779296875,489.67999267578125,477.5,478.8599853515625,574890
2013-04-05,478.5,483.0,473.2300109863281,476.7549743652344,734940
2013-04-08,477.0,478.7950134277344,461.1000061035156,462.2449951171875,906040
2013-04-09,463.79998779296875,466.7550048828125,451.1600036621094,453.1600036621094,935710
2013-04-10,458.8599853515625,458.8599853515625,447.6549987792969,453.6199951171875,700260
2013-04-11,458.6000061035156,459.7900085449219,451.114990234375,455.4649963378906,713140
2013-04-12,457.79998779296875,471.885009765625,454.1000061035156,466.20001220703125,963060
2013-04-15,465.20001220703125,470.5050048828125,462.0,464.2099914550781,527360
2013-04-16,463.5,471.8900146484375,463.5,468.7699890136719,855260
2013-04-17,469.0,470.70001220703125,464.0,465.0350036621094,1930760
2013-04-18,465.1000061035156,468.9599914550781,459.4750061035156,464.95001220703125,540750
2013-04-22,466.010009765625,474.0,461.25,464.7149963378906,655860
2013-04-23,469.4750061035156,469.4750061035156,461.5350036621094,464.94500732421875,421830
2013-04-25,466.20001220703125,468.8500061035156,464.0,465.2149963378906,1946230
2013-04-26,470.20001220703125,478.44500732421875,469.2200012207031,470.55499267578125,2005270
2013-04-29,471.0,476.70001220703125,467.70001220703125,471.375,1219140
2013-04-30,471.5899963378906,471.6499938964844,463.1050109863281,468.125,494960
2013-05-02,467.0,474.989990234375,467.0,472.7350158691406,1284490
2013-05-03,472.79998779296875,473.9049987792969,467.8900146484375,469.5249938964844,438070
2013-05-06,470.5249938964844,489.3999938964844,470.5249938964844,485.59503173828125,894460
2013-05-07,489.0,494.8999938964844,486.5050048828125,490.0,1010350
2013-05-08,493.8999938964844,493.8999938964844,484.114990234375,485.3550109863281,686830
2013-05-09,487.0,492.5150146484375,459.0,467.0950012207031,3269420
2013-05-10,466.70001220703125,466.70001220703125,460.3999938964844,463.875,1607860
2013-05-13,472.010009765625,478.8949890136719,468.5199890136719,469.95001220703125,745550
2013-05-14,471.29998779296875,478.5,470.3500061035156,474.8999938964844,908190
2013-05-15,475.29998779296875,484.79998779296875,475.29998779296875,482.44500732421875,895580
2013-05-16,480.0,490.8999938964844,480.0,486.1499938964844,853000
2013-05-17,486.70001220703125,489.8999938964844,478.6000061035156,481.2799987792969,675110
2013-05-20,484.8949890136719,484.8949890136719,476.57000732421875,477.3600158691406,445210
2013-05-21,475.20001220703125,482.5,472.3999938964844,478.4949951171875,523650
2013-05-22,479.5249938964844,485.1499938964844,476.0450134277344,483.56500244140625,403560
2013-05-23,475.5,483.0199890136719,475.5,480.0,597040
2013-05-24,481.0050048828125,482.5,476.2300109863281,480.4949951171875,505090
2013-05-27,480.70001220703125,484.0249938964844,477.1000061035156,482.6050109863281,785040
2013-05-28,483.0,487.5,480.2349853515625,482.1700134277344,663290
2013-05-29,485.3999938964844,486.0,477.989990234375,481.52996826171875,339930
2013-05-30,479.1000061035156,494.8999938964844,479.1000061035156,491.3599853515625,693880
2013-05-31,491.0,492.989990234375,485.0199890136719,486.30999755859375,582840
2013-06-03,484.30999755859375,485.989990234375,465.5,469.42999267578125,928510
2013-06-04,470.0,475.6199951171875,466.0150146484375,468.0299987792969,702350
2013-06-05,469.3999938964844,471.1199951171875,464.20001220703125,467.5249938964844,428150
2013-06-06,464.19000244140625,465.94500732421875,460.5,462.0049743652344,478640
2013-06-07,459.20001220703125,465.80999755859375,456.0,457.67999267578125,514400
2013-06-10,458.5150146484375,461.385009765625,452.5,453.7250061035156,1006600
2013-06-11,453.0,454.5,446.635009765625,448.9700012207031,1084780
2013-06-12,448.5,452.0,444.010009765625,449.6099853515625,726820
2013-06-13,446.55499267578125,452.2349853515625,442.6600036621094,444.4200134277344,585410
2013-06-14,446.5,459.4849853515625,446.3999938964844,455.95001220703125,586880
2013-06-17,454.1000061035156,463.4800109863281,452.5,457.5350036621094,609850
2013-06-18,455.2099914550781,460.70001220703125,453.30999755859375,457.5249938964844,637000
2013-06-19,455.32501220703125,462.0,455.32501220703125,461.05499267578125,538200
2013-06-20,456.6000061035156,459.5,451.5,457.364990234375,957840
2013-06-21,454.0,460.57501220703125,451.2200012207031,455.7699890136719,882670
2013-06-24,452.010009765625,455.95001220703125,437.010009765625,439.32000732421875,869780
2013-06-25,437.30999755859375,442.7200012207031,429.4700012207031,436.1499938964844,1410210
2013-06-26,437.0,452.8999938964844,436.6000061035156,449.29998779296875,934730
2013-06-27,455.8999938964844,469.989990234375,450.7749938964844,453.80999755859375,1677620
2013-06-28,456.20001220703125,465.20001220703125,454.5,463.6499938964844,1249300
2013-07-01,460.6099853515625,474.0249938964844,460.0,471.25,1020000
2013-07-02,468.2099914550781,473.5,466.5,467.760009765625,530990
2013-07-03,466.0,468.25,454.70001220703125,457.1299743652344,630880
2013-07-04,460.3349914550781,462.0,452.7349853515625,456.52001953125,303550
2013-07-05,460.0,468.94500732421875,457.0,466.8799743652344,353290
2013-07-08,466.6300048828125,469.8999938964844,463.0,467.2950134277344,653300
2013-07-09,468.0299987792969,477.3999938964844,468.0299987792969,476.2550048828125,533050
2013-07-10,478.3999938964844,484.8800048828125,477.0050048828125,478.27996826171875,712580
2013-07-11,481.0,488.7650146484375,481.0,487.45001220703125,468740
2013-07-12,489.94500732421875,489.94500732421875,479.1700134277344,482.6700134277344,646070
2013-07-15,480.510009765625,483.79998779296875,478.6050109863281,481.2650146484375,333500
2013-07-16,475.5199890136719,485.8800048828125,475.5199890136719,483.5849914550781,336360
2013-07-17,483.0,503.2349853515625,481.5950012207031,501.1549987792969,1478710
2013-07-18,501.6000061035156,522.9000244140625,500.6099853515625,521.3099975585938,1825930
2013-07-19,522.1099853515625,524.7750244140625,515.0050048828125,516.5399780273438,846650
2013-07-22,518.989990234375,522.4949951171875,496.7250061035156,505.02996826171875,1718900
2013-07-23,502.3999938964844,505.5950012207031,490.1000061035156,494.1050109863281,2053240
2013-07-24,491.0,501.4949951171875,489.5,498.6050109863281,1079600
2013-07-25,500.7799987792969,511.79998779296875,497.69000244140625,508.03997802734375,1638100
2013-07-26,511.5,517.364990234375,503.8999938964844,507.55499267578125,1259820
2013-07-29,507.5,513.75,505.4949951171875,511.82000732421875,420570
2013-07-30,521.5,522.4000244140625,502.6499938964844,510.75,898758
2013-07-31,512.0,513.5499877929688,495.1499938964844,507.6000061035156,800891
2013-08-01,515.0,515.0,486.29998779296875,498.20001220703125,841361
2013-08-02,499.0,504.1499938964844,492.0,497.45001220703125,986501
2013-08-05,498.1000061035156,500.45001220703125,469.0,472.79998779296875,1753463
2013-08-06,470.0,470.0,434.1499938964844,437.3500061035156,1513183
2013-08-07,435.29998779296875,439.45001220703125,412.0,423.20001220703125,2441631
2013-08-08,423.20001220703125,435.0,423.20001220703125,430.79998779296875,1000667
2013-08-12,431.45001220703125,439.79998779296875,418.5,436.8999938964844,1050655
2013-08-13,438.8999938964844,441.79998779296875,431.0,439.95001220703125,576780
2013-08-14,442.1000061035156,443.95001220703125,430.0,434.75,808688
2013-08-16,434.45001220703125,437.0,414.1000061035156,418.70001220703125,1875723
2013-08-19,418.70001220703125,430.8500061035156,398.1499938964844,427.20001220703125,1450144
2013-08-20,420.8999938964844,423.95001220703125,411.0,417.79998779296875,1339308
2013-08-21,423.0,427.6499938964844,411.0,415.1499938964844,1405177
2013-08-22,413.0,424.5,412.0,420.29998779296875,715086
2013-08-23,419.0,425.70001220703125,415.0,420.04998779296875,986872
2013-08-26,421.5,434.45001220703125,421.0,427.8500061035156,813600
2013-08-27,422.70001220703125,430.5,405.0,410.0,1618168
2013-08-28,400.6000061035156,402.8500061035156,373.3999938964844,392.0,2461413
2013-08-29,389.70001220703125,409.5,389.70001220703125,403.20001220703125,1479215
2013-08-30,408.20001220703125,424.95001220703125,393.75,420.95001220703125,1514956
2013-09-02,420.0,427.8999938964844,418.29998779296875,422.3999938964844,533907
2013-09-03,422.0,424.95001220703125,395.0,398.1499938964844,1313672
2013-09-04,403.0,409.5,399.0,403.29998779296875,668024
2013-09-05,410.0,413.1000061035156,402.8500061035156,405.6000061035156,1025465
2013-09-06,406.79998779296875,426.79998779296875,406.5,425.1000061035156,1558392
2013-09-10,429.79998779296875,450.29998779296875,428.04998779296875,445.79998779296875,1598104
2013-09-11,448.70001220703125,448.70001220703125,435.0,444.6000061035156,875515
2013-09-12,446.54998779296875,451.8500061035156,435.5,438.5,1740100
2013-09-13,437.0,445.8999938964844,436.0,442.3500061035156,596005
2013-09-16,450.0,458.70001220703125,436.5,441.3500061035156,1263167
2013-09-17,441.04998779296875,443.8999938964844,437.45001220703125,441.70001220703125,463021
2013-09-18,442.0,448.5,438.5,445.5,618855
2013-09-19,452.0,486.45001220703125,450.0,479.1000061035156,1571260
2013-09-20,480.25,491.29998779296875,469.3999938964844,488.1499938964844,1366454
2013-09-23,485.0,494.95001220703125,479.75,486.1000061035156,1698587
2013-09-24,486.0,504.79998779296875,483.1000061035156,485.29998779296875,1854893
2013-09-25,489.5,489.79998779296875,471.54998779296875,477.8500061035156,1269349
2013-09-26,476.79998779296875,484.29998779296875,476.45001220703125,479.79998779296875,1423622
2013-09-27,484.0,486.29998779296875,468.1000061035156,469.79998779296875,1022869
2013-09-30,470.0,470.20001220703125,456.3999938964844,459.25,1184167
2013-10-01,462.0,464.0,451.0,454.3500061035156,1194903
2013-10-03,457.0,477.20001220703125,457.0,470.79998779296875,1872476
2013-10-04,467.95001220703125,476.1000061035156,466.0,467.1000061035156,1105813
2013-10-07,469.79998779296875,469.79998779296875,456.20001220703125,463.5,1246791
2013-10-08,465.0,471.3500061035156,457.5,459.70001220703125,1062402
2013-10-09,455.0,472.20001220703125,453.6000061035156,469.8999938964844,1219033
2013-10-10,467.0,483.5,467.0,479.6499938964844,1241962
2013-10-11,485.04998779296875,487.8999938964844,476.20001220703125,485.04998779296875,732464
2013-10-14,481.5,481.5,468.54998779296875,470.6000061035156,922169
2013-10-15,473.8999938964844,483.3999938964844,470.6000061035156,480.79998779296875,984845
2013-10-17,484.3999938964844,489.95001220703125,481.70001220703125,486.3999938964844,963435
2013-10-18,484.1000061035156,494.6000061035156,476.29998779296875,486.8999938964844,2524634
2013-10-21,490.0,529.7999877929688,488.25,515.7999877929688,4416370
2013-10-22,530.0,531.2000122070312,510.29998779296875,523.2000122070312,3048277
2013-10-23,526.0,526.4000244140625,515.25,522.1500244140625,978398
2013-10-24,520.25,533.5,518.4500122070312,521.5,1415249
2013-10-25,517.0,522.3499755859375,512.0999755859375,513.7000122070312,702992
2013-10-28,517.9000244140625,519.0,500.0,501.54998779296875,1054082
2013-10-29,502.0,521.0,495.5,519.0,1519476
2013-10-30,521.0,529.4000244140625,517.0999755859375,528.25,1579868
2013-10-31,529.5,541.9500122070312,526.5999755859375,539.4500122070312,1791990
2013-11-01,539.0,544.9500122070312,532.6500244140625,542.7999877929688,1033935
2013-11-05,535.3499755859375,551.3499755859375,535.2999877929688,548.2000122070312,1376974
2013-11-06,550.0,555.75,541.2999877929688,552.3499755859375,1527805
2013-11-07,552.0,558.4500122070312,547.5499877929688,551.4000244140625,880347
2013-11-08,550.0,561.75,546.6500244140625,556.5999755859375,896874
2013-11-11,551.1500244140625,556.5499877929688,545.2000122070312,546.5,942969
2013-11-12,548.0,550.9500122070312,528.0999755859375,530.4500122070312,886182
2013-11-13,523.0999755859375,531.7999877929688,518.2000122070312,522.8499755859375,922754
2013-11-14,525.25,530.25,511.1000061035156,513.1500244140625,1141064
2013-11-18,518.2000122070312,527.9000244140625,515.0499877929688,526.2999877929688,1208180
2013-11-19,528.0,534.2999877929688,528.0,531.2999877929688,840508
2013-11-20,531.9000244140625,537.0,521.4000244140625,524.2999877929688,869675
2013-11-21,520.9000244140625,520.9000244140625,506.20001220703125,509.25,617352
2013-11-22,512.0,514.9000244140625,505.1499938964844,508.1000061035156,654192
2013-11-25,510.1499938964844,519.5,510.1499938964844,516.2999877929688,559626
2013-11-26,513.5,515.8499755859375,505.0,506.70001220703125,889816
2013-11-27,506.8999938964844,506.95001220703125,499.6000061035156,504.75,522030
2013-11-28,509.8999938964844,513.2000122070312,499.45001220703125,504.8500061035156,1494607
2013-11-29,505.04998779296875,508.79998779296875,502.20001220703125,503.6499938964844,1045856
2013-12-02,506.0,508.95001220703125,503.0,505.1000061035156,957110
2013-12-03,504.0,514.4500122070312,502.20001220703125,504.45001220703125,2162803
2013-12-04,506.04998779296875,507.5,501.0,502.3500061035156,740212
2013-12-05,507.8999938964844,508.8999938964844,503.1000061035156,504.8500061035156,966233
2013-12-06,504.95001220703125,510.95001220703125,501.45001220703125,504.75,877218
2013-12-09,516.0,516.25,503.0,504.6499938964844,945168
2013-12-10,505.0,508.0,496.75,504.70001220703125,1079003
2013-12-11,504.1000061035156,506.1499938964844,499.04998779296875,501.75,457572
2013-12-12,498.0,505.5,495.45001220703125,497.79998779296875,460920
2013-12-13,494.1000061035156,499.25,490.04998779296875,494.1000061035156,560652
2013-12-16,492.20001220703125,496.1000061035156,484.04998779296875,485.8500061035156,465539
2013-12-17,486.70001220703125,494.3999938964844,482.0,490.6499938964844,706788
2013-12-18,490.0,498.79998779296875,486.5,497.1499938964844,879699
2013-12-19,498.5,499.70001220703125,485.1000061035156,485.95001220703125,879048
2013-12-20,485.1499938964844,492.1000061035156,482.1000061035156,489.6000061035156,848785
2013-12-23,489.95001220703125,492.0,484.5,486.70001220703125,619218
2013-12-24,488.79998779296875,491.70001220703125,486.0,487.3999938964844,510114
2013-12-26,487.0,491.1499938964844,485.95001220703125,489.8500061035156,1213677
2013-12-27,490.6499938964844,491.25,482.5,485.1000061035156,516613
2013-12-30,486.04998779296875,490.75,483.45001220703125,487.8500061035156,493062
2013-12-31,486.5,492.6000061035156,486.5,490.0,608388
2014-01-01,494.3999938964844,503.8999938964844,492.0,499.75,1866326
2014-01-02,501.3999938964844,505.1000061035156,483.0,485.54998779296875,952911
2014-01-03,483.0,491.5,480.0,489.5,994043
2014-01-06,491.3500061035156,492.5,482.6000061035156,490.6499938964844,833555
2014-01-07,491.0,493.5,484.0,489.95001220703125,708829
2014-01-08,490.54998779296875,493.0,487.5,490.5,703600
2014-01-09,488.3500061035156,491.8999938964844,485.54998779296875,490.1000061035156,639802
2014-01-10,488.0,498.0,488.0,492.0,610335
2014-01-13,488.70001220703125,499.3999938964844,488.0,494.04998779296875,1093710
2014-01-14,492.0,496.5,486.04998779296875,487.3999938964844,448596
2014-01-15,486.0,494.70001220703125,486.0,493.5,597708
2014-01-16,495.0,496.8500061035156,490.70001220703125,495.6000061035156,738459
2014-01-17,497.45001220703125,500.0,488.1000061035156,491.54998779296875,827389
2014-01-20,491.5,492.5,483.75,490.0,1396371
2014-01-21,478.0,482.8999938964844,472.29998779296875,479.25,1628124
2014-01-22,478.8500061035156,478.8500061035156,466.8500061035156,472.6000061035156,2795089
2014-01-23,473.8999938964844,474.5,468.1499938964844,473.0,941667
2014-01-24,469.25,479.54998779296875,465.0,478.1000061035156,1170322
2014-01-27,474.0,478.8999938964844,470.5,476.3999938964844,941676
2014-01-28,475.25,480.70001220703125,471.0,476.79998779296875,902422
2014-01-29,478.1000061035156,484.75,473.75,482.8999938964844,1046075
2014-01-30,478.0,480.0,463.95001220703125,477.5,2915597
2014-01-31,474.1499938964844,478.8999938964844,467.04998779296875,471.70001220703125,1681719
2014-02-03,468.25,479.0,467.54998779296875,469.8999938964844,651775
2014-02-04,465.04998779296875,477.3999938964844,464.04998779296875,476.0,969792
2014-02-05,473.20001220703125,485.1000061035156,470.1000061035156,484.45001220703125,1254256
2014-02-06,485.54998779296875,488.0,478.0,484.04998779296875,978103
2014-02-07,487.0,491.29998779296875,484.04998779296875,490.5,596025
2014-02-10,492.79998779296875,495.0,485.0,487.0,2209585
2014-02-11,489.1000061035156,489.25,480.70001220703125,484.3500061035156,1058522
2014-02-12,479.0,483.0,474.1000061035156,477.3500061035156,856522
2014-02-13,477.3500061035156,479.75,466.6499938964844,468.79998779296875,318431
2014-02-14,469.6499938964844,475.45001220703125,469.25,472.79998779296875,323567
2014-02-17,474.8500061035156,476.20001220703125,470.6000061035156,473.25,274976
2014-02-18,473.5,477.0,463.6499938964844,473.1000061035156,403429
2014-02-19,472.0,473.1000061035156,467.5,468.5,292623
2014-02-20,466.6499938964844,467.5,460.20001220703125,461.6000061035156,694901
2014-02-21,462.25,468.8500061035156,461.29998779296875,464.0,562640
2014-02-24,464.5,471.79998779296875,464.04998779296875,470.79998779296875,303887
2014-02-25,471.5,474.8500061035156,470.1000061035156,472.04998779296875,806751
2014-02-26,470.5,479.8999938964844,470.5,477.1499938964844,604265
2014-02-28,477.75,482.5,470.54998779296875,473.0,673369
2014-03-03,471.5,476.3500061035156,468.5,472.95001220703125,431296
2014-03-04,471.54998779296875,477.5,471.54998779296875,475.6000061035156,1001089
2014-03-05,477.3999938964844,478.8999938964844,472.0,474.6000061035156,436618
2014-03-06,476.5,477.20001220703125,472.54998779296875,474.54998779296875,437306
2014-03-07,475.8999938964844,484.29998779296875,473.5,481.0,930496
2014-03-10,482.0,490.0,480.6000061035156,484.8500061035156,993946
2014-03-11,487.6000061035156,489.5,478.54998779296875,480.70001220703125,535386
2014-03-12,481.0,495.95001220703125,478.6000061035156,494.29998779296875,907392
2014-03-13,498.0,504.20001220703125,491.70001220703125,493.75,772560
2014-03-14,491.0,499.8500061035156,490.95001220703125,495.5,711413
2014-03-18,496.5,504.6000061035156,494.20001220703125,501.6000061035156,621330
2014-03-19,503.0,514.4500122070312,503.0,513.0499877929688,939626
2014-03-20,513.5,519.7000122070312,513.0,515.5999755859375,1196743
2014-03-21,516.1500244140625,518.0,504.95001220703125,510.1000061035156,955311
2014-03-24,507.5,525.0,506.04998779296875,523.9000244140625,985612
2014-03-25,524.5,533.5999755859375,522.0,525.2999877929688,655035
2014-03-26,526.5499877929688,533.25,523.4500122070312,529.0999755859375,577241
2014-03-27,527.4500122070312,544.0,527.4500122070312,539.0499877929688,1514253
2014-03-28,542.0,543.0,533.9000244140625,539.8499755859375,559627
2014-03-31,540.0,550.0,535.0,547.9500122070312,545531
2014-04-01,547.75,547.75,532.0,536.6500244140625,590285
2014-04-02,536.0,542.7999877929688,521.0,522.7999877929688,1296369
2014-04-03,523.5499877929688,542.0,523.5499877929688,538.5999755859375,960789
2014-04-04,543.0,543.0,527.5,530.7000122070312,757681
2014-04-07,531.0,544.8499755859375,526.5,539.5499877929688,1064991
2014-04-09,542.3499755859375,549.5,538.8499755859375,547.7000122070312,620888
2014-04-10,544.2999877929688,550.0,539.4000244140625,541.5,740700
2014-04-11,540.0,546.8499755859375,535.4000244140625,543.7000122070312,513869
2014-04-15,544.0,545.0,530.8499755859375,534.5,403358
2014-04-16,537.6500244140625,538.5,532.5,534.9000244140625,750909
2014-04-17,537.9000244140625,546.5,533.2000122070312,543.75,697395
2014-04-21,547.0,547.0,533.1500244140625,539.2000122070312,1250718
2014-04-22,540.2000122070312,542.0,534.5,536.4000244140625,405176
2014-04-23,532.25,540.0499877929688,528.5499877929688,529.5999755859375,866527
2014-04-24,529.5999755859375,529.5999755859375,529.5999755859375,529.5999755859375,0
2014-04-25,534.5,534.5,513.0499877929688,514.9500122070312,512656
2014-04-28,515.0,518.6500244140625,498.54998779296875,500.54998779296875,1434257
2014-04-29,502.0,504.95001220703125,494.70001220703125,497.6000061035156,871746
2014-04-30,498.20001220703125,511.95001220703125,498.20001220703125,505.1499938964844,642019
2014-05-02,505.0,518.5,505.0,511.45001220703125,521441
2014-05-05,510.25,519.75,507.45001220703125,518.5999755859375,507852
2014-05-06,521.0,524.4500122070312,513.25,514.75,346381
2014-05-07,510.0,515.0,504.0,505.6499938964844,492771
2014-05-08,504.29998779296875,511.8999938964844,503.0,504.3999938964844,473377
2014-05-09,504.45001220703125,522.5,503.0,521.1500244140625,503574
2014-05-12,520.25,540.0,518.0999755859375,538.2000122070312,896112
2014-05-13,539.2999877929688,551.0,534.9500122070312,540.3499755859375,1114150
2014-05-14,544.9000244140625,560.0,542.0,556.9000244140625,1212854
2014-05-15,563.9000244140625,563.9000244140625,523.5,529.0499877929688,1907311
2014-05-16,540.0,550.0,527.0,536.5,2066679
2014-05-19,542.0,542.0,522.5,527.4500122070312,885764
2014-05-20,535.0,535.7000122070312,515.7000122070312,528.9000244140625,1025384
2014-05-21,528.0,549.5,528.0,546.2999877929688,1843991
2014-05-22,549.5,549.8499755859375,536.75,537.7999877929688,1296696
2014-05-23,538.5,542.25,533.0,540.5499877929688,495348
2014-05-26,532.0,538.75,520.0499877929688,523.5999755859375,687589
2014-05-27,526.0,529.5,515.0,523.75,601376
2014-05-28,522.5999755859375,524.5,506.5,510.20001220703125,959457
2014-05-29,510.0,514.9000244140625,504.0,506.3500061035156,1727396
2014-05-30,507.0,513.1500244140625,501.75,507.6000061035156,1629445
2014-06-02,504.3500061035156,515.0,503.3500061035156,509.8500061035156,887646
2014-06-03,511.0,512.5999755859375,506.1499938964844,509.1000061035156,586753
2014-06-04,507.70001220703125,510.8999938964844,504.3999938964844,509.0,676269
2014-06-05,509.6000061035156,516.0,507.1000061035156,510.1000061035156,1230823
2014-06-06,512.0,512.8499755859375,503.5,505.3500061035156,1632891
2014-06-09,507.8999938964844,530.0,507.1000061035156,528.0999755859375,4290170
2014-06-10,530.0,539.7999877929688,523.0,536.25,2579465
2014-06-11,538.0499877929688,547.7999877929688,536.6500244140625,543.6500244140625,1993349
2014-06-12,541.0,552.4500122070312,539.3499755859375,549.2999877929688,860725
2014-06-13,549.2999877929688,555.0,540.0,542.2000122070312,573503
2014-06-16,535.9000244140625,543.5,533.2999877929688,539.8499755859375,472781
2014-06-17,540.0,565.0,540.0,560.5999755859375,1580095
2014-06-18,560.0,569.0,552.25,557.9000244140625,2003001
2014-06-19,559.5999755859375,570.0,551.2000122070312,568.0,1112449
2014-06-20,570.0,573.75,557.0,568.4500122070312,1086913
2014-06-23,568.4500122070312,577.0,567.2999877929688,574.0999755859375,610166
2014-06-24,574.0999755859375,582.0,571.5999755859375,579.9000244140625,816172
2014-06-25,580.0999755859375,589.0,573.0,586.5,796312
2014-06-26,589.9000244140625,590.0,577.7999877929688,584.7999877929688,838466
2014-06-27,586.2000122070312,594.0,581.5999755859375,584.7000122070312,738734
2014-06-30,585.0,597.9000244140625,584.7000122070312,594.0,785106
2014-07-01,593.2999877929688,598.7999877929688,580.3499755859375,583.8499755859375,696050
2014-07-02,586.5499877929688,596.0,582.0,584.0499877929688,816714
2014-07-03,585.0999755859375,587.75,576.2999877929688,581.7000122070312,511556
2014-07-04,584.9000244140625,592.8499755859375,584.0,588.6500244140625,374126
2014-07-07,588.6500244140625,596.5,584.0499877929688,593.5999755859375,713824
2014-07-08,590.4000244140625,604.0,584.7000122070312,590.0999755859375,809330
2014-07-09,590.0999755859375,602.4000244140625,586.5,594.6500244140625,653792
2014-07-10,595.0,597.7999877929688,580.0,587.0,525220
2014-07-11,581.25,589.5,565.1500244140625,568.8499755859375,811989
2014-07-14,571.1500244140625,597.9000244140625,568.0999755859375,589.5,672433
2014-07-15,594.5,595.7000122070312,577.0,582.5,574018
2014-07-16,580.5,588.5999755859375,577.0,579.8499755859375,675645
2014-07-17,580.0,585.0,577.2999877929688,579.6500244140625,356143
2014-07-18,580.9000244140625,589.9500122070312,578.3499755859375,580.4500122070312,925055
2014-07-21,587.9500122070312,595.0,582.0,593.6500244140625,593459
2014-07-22,597.9000244140625,610.9000244140625,592.7000122070312,603.5999755859375,1929744
2014-07-23,606.0,610.0,595.5999755859375,603.3499755859375,1050820
2014-07-24,602.75,625.0499877929688,599.6500244140625,620.0999755859375,934022
2014-07-25,620.2000122070312,639.9500122070312,617.75,637.4000244140625,1129698
2014-07-28,640.0,644.9000244140625,627.5,636.0,878389
2014-07-30,632.0,649.0,625.0,643.9000244140625,641494
2014-07-31,644.0,644.9500122070312,625.0999755859375,628.6500244140625,1019233
2014-08-01,620.0999755859375,630.9000244140625,620.0999755859375,624.5,508437
2014-08-04,625.0999755859375,633.7000122070312,620.75,629.8499755859375,613756
2014-08-05,629.9000244140625,636.0,624.0,633.4000244140625,509925
2014-08-06,628.25,651.6500244140625,627.6500244140625,640.6500244140625,1057573
2014-08-07,640.0,642.25,630.25,631.9500122070312,467998
2014-08-08,628.0,628.0,614.25,617.9500122070312,732145
2014-08-11,617.0,622.9500122070312,609.1500244140625,613.7999877929688,500617
2014-08-12,618.0,618.0,606.0499877929688,614.2000122070312,757120
2014-08-13,614.0,628.0,610.5499877929688,615.75,1091498
2014-08-14,620.0,625.0,615.2000122070312,617.7999877929688,644135
2014-08-18,622.7999877929688,626.4000244140625,617.5499877929688,619.3499755859375,674655
2014-08-19,620.5,625.6500244140625,613.0,615.2999877929688,640905
2014-08-20,614.0,619.4000244140625,605.0999755859375,612.5,1083389
2014-08-21,614.0,624.5499877929688,611.1500244140625,613.9000244140625,827640
2014-08-22,613.0,619.0,609.0499877929688,610.2000122070312,662770
2014-08-25,615.9000244140625,617.25,602.0,604.5999755859375,873238
2014-08-26,604.0,612.0,603.3499755859375,608.0,780261
2014-08-27,606.5,619.5499877929688,606.5,617.4500122070312,1286406
2014-08-28,620.1500244140625,631.9000244140625,620.0499877929688,624.2000122070312,2298792
2014-09-01,627.0999755859375,634.9000244140625,627.0999755859375,629.7999877929688,744728
2014-09-02,629.75,635.7999877929688,622.0499877929688,624.25,750353
2014-09-03,630.0,631.9500122070312,622.7000122070312,626.3499755859375,1140665
2014-09-04,625.25,636.75,622.0999755859375,632.3499755859375,1322883
2014-09-05,634.9000244140625,649.8499755859375,634.9000244140625,647.0499877929688,1563632
2014-09-08,650.0,680.8499755859375,650.0,676.0,2284209
2014-09-09,674.7999877929688,680.9500122070312,663.0499877929688,665.1500244140625,939947
2014-09-10,663.0,664.4000244140625,652.0999755859375,653.9000244140625,788175
2014-09-11,655.0,664.0,655.0,656.5999755859375,710191
2014-09-12,655.1500244140625,675.7000122070312,655.1500244140625,671.7999877929688,1101264
2014-09-15,667.0,669.9500122070312,658.0999755859375,661.4500122070312,1104474
2014-09-16,662.0,663.9500122070312,643.0,646.7999877929688,896478
2014-09-17,647.2000122070312,653.8499755859375,641.1500244140625,645.9500122070312,1158609
2014-09-18,641.25,663.9000244140625,641.25,659.5499877929688,811042
2014-09-19,662.4000244140625,674.0,662.0,669.5,1293093
2014-09-22,665.7999877929688,667.1500244140625,645.7000122070312,652.75,1317978
2014-09-23,652.5,656.9000244140625,628.2999877929688,634.7999877929688,1416455
2014-09-24,630.0,641.6500244140625,625.0,637.8499755859375,1688958
2014-09-25,641.5,643.0,618.0999755859375,620.6500244140625,1269854
2014-09-26,618.0,630.9500122070312,612.0,627.4000244140625,1411716
2014-09-29,629.0,634.0499877929688,623.3499755859375,625.5,1331626
2014-09-30,625.0,638.7000122070312,622.4000244140625,629.5499877929688,2073763
2014-10-01,630.0,639.5,626.4500122070312,631.7000122070312,580366
2014-10-07,625.5,637.5499877929688,625.2000122070312,629.0999755859375,1431462
2014-10-08,625.0,640.7999877929688,623.4000244140625,635.2999877929688,1066246
2014-10-09,639.9500122070312,657.8499755859375,639.7999877929688,655.1500244140625,1160688
2014-10-10,648.5999755859375,673.2000122070312,643.3499755859375,663.25,1533600
2014-10-13,661.9000244140625,665.0,649.0,655.6500244140625,1041522
2014-10-14,663.9000244140625,663.9000244140625,644.4500122070312,646.0999755859375,784209
2014-10-15,646.0999755859375,646.0999755859375,646.0999755859375,646.0999755859375,0
2014-10-16,646.0999755859375,647.4500122070312,621.6500244140625,625.9000244140625,1335184
2014-10-17,632.0,644.0,630.0,640.0999755859375,1194425
2014-10-20,646.0,657.0,645.25,647.5999755859375,1135010
2014-10-21,652.0,653.2000122070312,638.5,644.25,1320367
2014-10-22,649.7999877929688,658.2999877929688,633.5499877929688,644.0,3318551
2014-10-27,657.5,658.7999877929688,647.2000122070312,648.75,1828483
2014-10-28,648.8499755859375,653.5999755859375,644.0999755859375,646.7000122070312,974665
2014-10-29,653.9500122070312,653.9500122070312,642.0,646.4000244140625,1472338
2014-10-30,644.6500244140625,647.5,641.0999755859375,644.7000122070312,1961313
2014-10-31,647.0999755859375,658.0,647.0999755859375,657.0,1568966
2014-11-03,660.9000244140625,663.0,650.6500244140625,653.5999755859375,1127612
2014-11-05,660.9000244140625,664.7999877929688,655.0,657.2999877929688,2038028
2014-11-07,660.0,660.0499877929688,637.0,646.0999755859375,1491347
2014-11-10,646.1500244140625,654.0,643.0,648.9000244140625,1507972
2014-11-11,648.25,655.9000244140625,644.5,649.2999877929688,1412600
2014-11-12,649.0,654.7000122070312,642.0,644.0,864869
2014-11-13,646.0,651.0,640.0,644.7999877929688,1113887
2014-11-14,646.9000244140625,674.4000244140625,642.4500122070312,672.2000122070312,5337199
2014-11-17,675.4000244140625,694.9500122070312,675.0,691.9500122070312,2528265
2014-11-18,695.0,703.5999755859375,683.0999755859375,700.9000244140625,1356980
2014-11-19,699.7000122070312,700.5999755859375,675.0999755859375,683.0999755859375,1515771
2014-11-20,684.7999877929688,693.5,680.0,690.5499877929688,647552
2014-11-21,691.7999877929688,696.7999877929688,685.0,692.1500244140625,1211218
2014-11-24,693.7999877929688,694.7999877929688,680.7000122070312,691.0999755859375,1103930
2014-11-25,688.9500122070312,694.7000122070312,682.3499755859375,691.75,1054109
2014-11-26,693.9000244140625,709.5,692.0999755859375,704.75,1470743
2014-11-27,709.4000244140625,718.0,702.7999877929688,705.7000122070312,1821915
2014-11-28,716.0999755859375,749.2000122070312,715.5999755859375,744.7000122070312,3400152
2014-12-01,753.9500122070312,802.2000122070312,753.0999755859375,797.0499877929688,3291847
2014-12-02,796.7999877929688,796.7999877929688,767.2000122070312,770.0499877929688,2476843
2014-12-03,774.7999877929688,794.9500122070312,773.0,789.4000244140625,1711464
2014-12-04,791.9500122070312,798.7999877929688,777.9500122070312,791.7000122070312,1376036
2014-12-05,794.9000244140625,797.5,781.75,784.6500244140625,588459
2014-12-08,794.0,809.5999755859375,786.2000122070312,793.5,1413437
2014-12-09,797.0,801.2999877929688,771.0999755859375,781.7999877929688,1457128
2014-12-10,779.9500122070312,779.9500122070312,764.4500122070312,775.6500244140625,1267394
2014-12-11,782.5999755859375,790.4500122070312,765.0,769.5,1437194
2014-12-12,774.5,785.3499755859375,770.0,774.2999877929688,1232250
2014-12-15,770.0,777.5999755859375,761.6500244140625,767.25,784332
2014-12-16,765.0,767.0,752.0,758.8499755859375,910901
2014-12-17,755.0999755859375,761.6500244140625,719.0,731.2999877929688,2346032
2014-12-18,737.2000122070312,748.7999877929688,735.2000122070312,744.9500122070312,1127699
2014-12-19,756.9500122070312,759.6500244140625,728.0,733.0,1902149
2014-12-22,731.2000122070312,747.7000122070312,731.2000122070312,745.5499877929688,1029222
2014-12-23,747.0,751.0,735.4000244140625,739.25,669484
2014-12-24,740.0999755859375,743.2000122070312,725.1500244140625,728.4500122070312,2337291
2014-12-26,732.0,738.0,722.0,727.0499877929688,525701
2014-12-29,728.8499755859375,759.2999877929688,728.8499755859375,757.5499877929688,865233
2014-12-30,761.0,762.9000244140625,745.0,749.9500122070312,732669
2014-12-31,749.75,757.9500122070312,749.0999755859375,752.2999877929688,648847
2015-01-01,751.0999755859375,754.5,747.0,749.1500244140625,284935
2015-01-02,751.25,781.4500122070312,751.25,775.0499877929688,2080850
2015-01-05,779.9000244140625,787.9000244140625,772.7000122070312,775.0,1326999
2015-01-06,775.0,783.0,750.4000244140625,756.5,1510720
2015-01-07,763.4000244140625,778.3499755859375,759.25,771.7000122070312,1427667
2015-01-08,783.7999877929688,822.9000244140625,778.0999755859375,820.3499755859375,2769416
2015-01-09,828.4500122070312,829.0,804.0499877929688,812.5,1708427
2015-01-12,813.0499877929688,818.4000244140625,800.2000122070312,807.75,1320557
2015-01-13,813.0,842.4500122070312,812.0999755859375,833.8499755859375,3835281
2015-01-14,840.0,850.0,830.2000122070312,842.6500244140625,2320114
2015-01-15,849.0,850.0,833.0,839.3499755859375,1308063
2015-01-16,844.9000244140625,859.0,840.0,843.4500122070312,1568660
2015-01-19,846.0,848.0,829.5499877929688,831.9000244140625,1041563
2015-01-20,835.0,847.0,835.0,839.2000122070312,1314139
2015-01-21,845.0,855.9000244140625,839.2000122070312,851.2999877929688,1663391
2015-01-22,856.5,881.6500244140625,852.8499755859375,867.1500244140625,1995155
2015-01-23,870.7999877929688,879.9500122070312,860.0999755859375,862.0999755859375,1531430
2015-01-27,868.9000244140625,892.7999877929688,865.5,890.5,1831293
2015-01-28,893.0499877929688,921.0,891.0499877929688,910.25,2895714
2015-01-29,913.7999877929688,922.5,867.2000122070312,881.2999877929688,5326269
2015-01-30,888.5,888.5,854.0999755859375,857.75,3291034
2015-02-02,850.0,851.0999755859375,803.5,808.0999755859375,4808585
2015-02-03,809.7999877929688,826.5,802.0,814.7000122070312,3048559
2015-02-04,819.7999877929688,823.2000122070312,800.7999877929688,803.8499755859375,912365
2015-02-05,812.0,826.4000244140625,808.0,810.8499755859375,1668101
2015-02-06,810.0,815.0,788.7999877929688,797.6500244140625,1668283
2015-02-09,790.0,822.0,783.4000244140625,803.6500244140625,1910672
2015-02-10,801.9000244140625,829.9000244140625,799.8499755859375,822.2000122070312,2235687
2015-02-11,830.0,845.0,828.0,840.75,1227804
2015-02-12,847.0,849.9000244140625,819.3499755859375,823.75,1974102
2015-02-13,824.3499755859375,834.9500122070312,815.0499877929688,826.75,1323475
2015-02-16,834.0,842.5,818.0,834.1500244140625,1584956
2015-02-18,839.0999755859375,842.0,819.7000122070312,821.0499877929688,1448399
2015-02-19,826.0,838.0,826.0,834.0999755859375,1216904
2015-02-20,834.25,836.0999755859375,823.2000122070312,825.7000122070312,699111
2015-02-23,829.5,833.0,806.0999755859375,809.5999755859375,1434240
2015-02-24,810.0,813.5,798.0,799.5499877929688,1141027
2015-02-25,805.2000122070312,816.0,805.0,813.8499755859375,1537365
2015-02-26,818.7999877929688,819.9000244140625,787.2000122070312,791.9000244140625,1600594
2015-02-27,799.0999755859375,809.0999755859375,796.0999755859375,807.1500244140625,1272026
2015-03-02,823.7999877929688,830.5999755859375,806.0,825.5999755859375,1383141
2015-03-03,829.8499755859375,842.0,827.2000122070312,838.2999877929688,1617826
2015-03-04,844.5,848.2000122070312,832.4000244140625,836.7999877929688,1600601
2015-03-05,837.0,841.5499877929688,828.0,833.9000244140625,694150
2015-03-09,832.5,832.5,808.8499755859375,812.6500244140625,626456
2015-03-10,813.0,818.0,802.0,807.9500122070312,691298
2015-03-11,818.0,819.9500122070312,806.75,809.0,942306
2015-03-12,814.7999877929688,815.0,805.2000122070312,808.0999755859375,979686
2015-03-13,811.9000244140625,818.7000122070312,805.5999755859375,808.4000244140625,837992
2015-03-16,813.0,835.8499755859375,809.0,831.8499755859375,1287189
2015-03-17,839.3499755859375,841.9500122070312,823.0,831.4000244140625,1384999
2015-03-18,835.8499755859375,835.8499755859375,810.0,814.2000122070312,1172762
2015-03-19,824.0,847.8499755859375,821.7000122070312,834.7999877929688,2037801
2015-03-20,836.0,837.0,805.5999755859375,809.9500122070312,1245311
2015-03-23,816.0,816.0,805.5,811.5999755859375,759196
2015-03-24,809.6500244140625,819.5,807.5999755859375,813.2999877929688,755974
2015-03-25,813.7999877929688,817.3499755859375,802.5,808.5,834390
2015-03-26,803.0,815.9000244140625,788.0,793.0999755859375,1516627
2015-03-27,793.0,793.0,768.0999755859375,778.1500244140625,1557785
2015-03-30,780.0999755859375,809.75,780.0499877929688,807.4500122070312,847421
2015-03-31,807.9000244140625,817.0,802.0499877929688,811.2999877929688,947718
2015-04-01,810.0,825.9000244140625,803.5,821.7000122070312,898480
2015-04-06,829.0,831.4000244140625,819.0,824.5,687263
2015-04-07,824.3499755859375,838.7999877929688,821.0,835.2000122070312,769528
2015-04-08,841.0,854.0,840.0,846.8499755859375,982733
2015-04-09,855.0,856.0,841.0,853.1500244140625,1019655
2015-04-10,853.0,861.7000122070312,843.2000122070312,859.4500122070312,802074
2015-04-13,860.0,865.5499877929688,852.4000244140625,862.0499877929688,805167
2015-04-15,861.6500244140625,863.0,835.0,839.0499877929688,1279621
2015-04-16,835.0,836.8499755859375,810.5999755859375,822.25,1366075
2015-04-17,822.25,829.5999755859375,815.0,816.7999877929688,685338
2015-04-20,818.0,819.2999877929688,800.0,808.9500122070312,920198
2015-04-21,813.4500122070312,816.9000244140625,792.0,796.5,652649
2015-04-22,800.0,806.0,769.2000122070312,785.4500122070312,1779318
2015-04-23,793.0999755859375,810.0,785.0,786.4000244140625,1275295
2015-04-24,792.5,792.5,765.0499877929688,771.3499755859375,1123939
2015-04-27,775.0,775.0,740.5499877929688,744.7999877929688,1625216
2015-04-28,741.9500122070312,768.6500244140625,730.0,765.4500122070312,2052761
2015-04-29,763.0999755859375,763.0999755859375,750.0,754.4000244140625,1445757
2015-04-30,749.2999877929688,770.8499755859375,747.2000122070312,762.4500122070312,2260678
2015-05-04,769.8499755859375,781.5,764.0,779.4000244140625,1071772
2015-05-05,780.0,784.8499755859375,768.6500244140625,781.4000244140625,952716
2015-05-06,779.0,779.0,750.1500244140625,760.8499755859375,1616619
2015-05-07,753.2999877929688,773.4500122070312,734.8499755859375,765.75,1718402
2015-05-08,773.0,774.4000244140625,752.75,759.4000244140625,1127201
2015-05-11,768.0,776.2000122070312,751.9000244140625,771.6500244140625,976348
2015-05-12,772.7999877929688,772.8499755859375,754.0,758.3499755859375,1137027
2015-05-13,759.0499877929688,775.0,759.0,762.5,839420
2015-05-14,762.0,803.0,755.0,796.4500122070312,1975784
2015-05-15,802.0,818.0,785.0,790.2999877929688,1503598
2015-05-18,796.8499755859375,818.0,762.0,766.75,6759860
2015-05-19,758.0,779.2999877929688,750.0,774.75,3903935
2015-05-20,775.6500244140625,777.9500122070312,764.1500244140625,771.2000122070312,1793967
2015-05-21,770.0,779.7999877929688,766.0499877929688,777.2000122070312,1678041
2015-05-22,775.0,779.7999877929688,771.2000122070312,775.4000244140625,1039136
2015-05-25,775.9500122070312,778.75,754.4000244140625,761.9000244140625,1282826
2015-05-26,762.0999755859375,769.0,755.5499877929688,763.5,906103
2015-05-27,762.0,762.0499877929688,754.4000244140625,759.25,792609
2015-05-28,760.1500244140625,771.0,758.5,767.3499755859375,1051538
2015-05-29,768.5,795.0,768.0,787.0499877929688,2583950
2015-06-01,787.7999877929688,794.7000122070312,786.2999877929688,789.75,713447
2015-06-02,789.0999755859375,794.2999877929688,756.0,759.2000122070312,1014316
2015-06-03,763.0,767.0,750.0,762.7000122070312,867736
2015-06-04,763.9000244140625,766.0,751.7999877929688,759.5999755859375,820596
2015-06-05,759.0,765.5999755859375,752.0,758.7999877929688,830300
2015-06-08,759.0,760.0,745.0,748.0,795683
2015-06-09,744.7999877929688,751.2000122070312,730.0,735.7000122070312,998511
2015-06-10,736.0,745.0999755859375,734.5999755859375,739.1500244140625,803748
2015-06-11,739.2000122070312,743.7000122070312,702.5,708.4000244140625,1453089
2015-06-12,709.0,722.7999877929688,702.0,705.6500244140625,1168519
2015-06-15,714.75,719.4000244140625,696.4000244140625,698.5499877929688,1244078
2015-06-16,700.9500122070312,706.0,693.0,704.9500122070312,2765685
2015-06-17,708.0,719.2000122070312,705.0,710.6500244140625,2215497
2015-06-18,718.9500122070312,734.3499755859375,718.9500122070312,728.9500122070312,1908157
2015-06-19,733.7999877929688,744.9000244140625,729.75,740.0,1783890
2015-06-22,744.6500244140625,751.5499877929688,732.5,747.7000122070312,1350579
2015-06-23,750.0,760.0,741.6500244140625,756.5,980083
2015-06-24,751.9000244140625,759.7999877929688,739.2000122070312,753.6500244140625,2982650
2015-06-25,753.0,759.7999877929688,745.0999755859375,750.2000122070312,1858338
2015-06-26,744.0999755859375,754.9000244140625,743.7999877929688,750.25,764357
2015-06-29,743.0,743.0,727.5,736.7000122070312,1100309
2015-06-30,737.0,759.5,737.0,755.3499755859375,1348105
2015-07-01,757.4500122070312,765.5999755859375,755.0999755859375,760.7999877929688,1025215
2015-07-02,763.0999755859375,772.5,761.0999755859375,762.9000244140625,973819
2015-07-03,762.0,778.4000244140625,758.4000244140625,772.7000122070312,1068877
2015-07-06,765.0,786.1500244140625,762.0,783.5499877929688,652931
2015-07-07,793.0,827.9000244140625,790.0499877929688,824.5999755859375,2464459
2015-07-08,819.7999877929688,835.0,797.3499755859375,802.25,1933525
2015-07-09,810.0,814.9000244140625,795.0,796.9500122070312,613555
2015-07-10,806.0,806.0,781.7000122070312,795.2999877929688,1027281
2015-07-13,805.2000122070312,821.2000122070312,803.2999877929688,817.6500244140625,1275702
2015-07-14,823.0,827.7999877929688,810.2999877929688,822.7000122070312,780973
2015-07-15,826.5,840.5,823.25,837.8499755859375,1095558
2015-07-16,853.0,854.2999877929688,843.2999877929688,848.0499877929688,1169553
2015-07-17,851.7999877929688,852.4000244140625,823.75,825.4000244140625,1089597
2015-07-20,830.0,855.9500122070312,827.25,852.2999877929688,1437246
2015-07-21,853.0,869.7000122070312,811.0999755859375,816.0499877929688,4611552
2015-07-22,820.0,845.0,820.0,843.2999877929688,2035530
2015-07-23,846.0,851.7999877929688,836.0999755859375,846.5,1188579
2015-07-24,852.0,856.0,845.0,849.0,1132540
2015-07-27,847.0,859.5999755859375,836.0,853.1500244140625,1153262
2015-07-28,857.0,858.2000122070312,825.0,835.1500244140625,1009835
2015-07-29,834.4000244140625,852.7999877929688,826.25,846.8499755859375,1010065
2015-07-30,848.0,866.4500122070312,847.5,857.5499877929688,1318726
2015-07-31,864.5,885.0,855.1500244140625,882.7999877929688,1842105
2015-08-03,880.0,888.0,875.0,877.5,763822
2015-08-04,884.0,908.8499755859375,878.1500244140625,905.7000122070312,2178289
2015-08-05,905.0,926.7999877929688,885.75,923.2999877929688,2003128
2015-08-06,920.0,924.5,910.0999755859375,916.0999755859375,923303
2015-08-07,911.0,924.4000244140625,895.2000122070312,898.6500244140625,1416068
2015-08-10,903.5,916.25,895.4000244140625,902.1500244140625,732357
2015-08-11,905.0,906.9500122070312,881.0,883.4000244140625,1091087
2015-08-12,890.0,895.5,867.0,871.3499755859375,721554
2015-08-13,872.1500244140625,886.9500122070312,862.3499755859375,874.3499755859375,1251179
2015-08-14,880.0,900.0,879.5499877929688,895.25,880842
2015-08-17,903.5,907.25,895.0,900.0499877929688,577133
2015-08-18,906.9500122070312,914.9000244140625,891.9000244140625,901.3499755859375,622790
2015-08-19,898.5,902.5999755859375,881.5999755859375,899.75,618923
2015-08-20,905.0,914.25,879.5499877929688,883.2000122070312,1404599
2015-08-21,875.0,893.0,864.0,886.75,905933
2015-08-24,858.0,877.2000122070312,825.5,837.5,1176140
2015-08-25,850.0,866.0,811.75,852.1500244140625,1329631
2015-08-26,851.0,868.0999755859375,847.0,851.9000244140625,1265081
2015-08-27,860.0,865.0,850.5,855.0,1335712
2015-08-28,866.8499755859375,874.0999755859375,850.0,858.25,1077558
2015-08-31,857.0,862.75,845.0499877929688,848.5999755859375,1260477
2015-09-01,844.0,844.0999755859375,802.7999877929688,819.0999755859375,1438466
2015-09-02,829.9000244140625,830.0,799.1500244140625,806.0,1500676
2015-09-03,815.0,833.0,806.5,826.5999755859375,887079
2015-09-04,824.0,824.0,792.0,812.8499755859375,1101752
2015-09-07,815.0,819.9500122070312,785.0499877929688,788.0,874378
2015-09-08,791.0999755859375,800.0,778.0,791.5,1489813
2015-09-09,800.0,822.9000244140625,796.0,821.1500244140625,1412900
2015-09-10,817.0,817.0,800.2999877929688,807.9500122070312,887236
2015-09-11,815.0,824.9000244140625,810.5499877929688,816.1500244140625,1034469
2015-09-14,822.0,842.4000244140625,819.0,840.25,1115176
2015-09-15,840.0999755859375,848.0,823.5999755859375,831.0999755859375,832597
2015-09-16,840.0,840.0,818.0999755859375,823.9500122070312,665278
2015-09-18,826.0,849.9000244140625,824.0,841.0499877929688,1139255
2015-09-21,838.2999877929688,838.2999877929688,824.0,829.7000122070312,688544
2015-09-22,831.2000122070312,839.4000244140625,802.0999755859375,804.7000122070312,826254
2015-09-23,795.0999755859375,804.0,786.0999755859375,794.0999755859375,1281278
2015-09-24,794.9000244140625,814.0,785.3499755859375,806.3499755859375,1503108
2015-09-28,810.0,813.0,790.0499877929688,794.4500122070312,739132
2015-09-29,783.0,809.9000244140625,780.0,804.7999877929688,1366194
2015-09-30,808.0,844.9000244140625,807.9000244140625,841.5999755859375,1734244
2015-10-01,845.7999877929688,849.0,836.1500244140625,839.6500244140625,633622
2015-10-05,843.0,856.9500122070312,842.4000244140625,855.4000244140625,882680
2015-10-06,859.9000244140625,864.0999755859375,849.7000122070312,853.7000122070312,779669
2015-10-07,855.0,868.0,852.2000122070312,865.0499877929688,983606
2015-10-08,865.0,879.9500122070312,860.0,874.1500244140625,952597
2015-10-09,876.5,884.2999877929688,846.2000122070312,853.7999877929688,1362132
2015-10-12,857.0,865.0,846.0499877929688,859.25,773525
2015-10-13,862.7000122070312,867.7999877929688,857.25,865.3499755859375,800729
2015-10-14,863.9000244140625,869.5,860.0499877929688,862.25,404366
2015-10-15,866.0,878.25,864.2000122070312,870.0499877929688,623054
2015-10-16,871.9500122070312,885.2000122070312,865.5999755859375,882.5,658119
2015-10-19,882.5,892.4000244140625,867.0,879.25,1247569
2015-10-20,874.0,888.9000244140625,872.5499877929688,875.4500122070312,1806905
2015-10-21,874.0,881.5499877929688,847.9500122070312,856.25,1442218
2015-10-23,863.0,866.0999755859375,850.4000244140625,858.5999755859375,2540806
2015-10-26,830.0499877929688,844.0,811.2000122070312,817.7000122070312,3455887
2015-10-27,818.0,829.9000244140625,818.0,827.0999755859375,1247705
2015-10-28,829.5,838.0,823.5999755859375,828.3499755859375,1108455
2015-10-29,831.0,834.7999877929688,820.4000244140625,829.3499755859375,1500496
2015-10-30,835.5999755859375,840.0,826.4000244140625,830.6500244140625,810491
2015-11-02,831.0,837.0,825.5,830.0999755859375,716702
2015-11-03,832.0,832.7000122070312,812.0499877929688,814.2000122070312,1599110
2015-11-04,814.5,822.5,800.5499877929688,802.2000122070312,1783909
2015-11-05,807.0,811.5,797.1500244140625,805.8499755859375,1016171
2015-11-06,808.5499877929688,816.0,800.0,801.2000122070312,918564
2015-11-09,790.9000244140625,818.4000244140625,784.25,816.4000244140625,1163084
2015-11-10,814.7000122070312,816.0,796.7999877929688,797.7999877929688,751899
2015-11-13,807.0,808.0,792.5,800.4000244140625,765985
2015-11-16,796.0,809.9500122070312,795.2000122070312,800.9500122070312,604535
2015-11-17,807.4500122070312,813.25,800.3499755859375,807.6500244140625,500272
2015-11-18,807.9500122070312,824.5,807.0,821.75,1253226
2015-11-19,827.0,833.7999877929688,819.0999755859375,823.7000122070312,1038035
2015-11-20,821.4000244140625,831.7999877929688,818.5499877929688,829.2000122070312,712339
2015-11-23,838.2000122070312,852.0,835.0,850.2999877929688,1475762
2015-11-24,850.0,861.75,846.2000122070312,856.5999755859375,771337
2015-11-26,861.0,865.9500122070312,851.7999877929688,861.8499755859375,678200
2015-11-27,862.5999755859375,864.0,852.0,859.0999755859375,444323
2015-11-30,859.0,859.0,834.0,838.5,1679737
2015-12-01,843.0,848.0,831.6500244140625,844.5999755859375,720255
2015-12-02,847.9500122070312,867.2000122070312,844.7999877929688,848.5499877929688,980956
2015-12-03,849.0,849.2000122070312,839.0,842.4000244140625,540473
2015-12-04,841.5,841.5,829.4500122070312,834.7000122070312,779530
2015-12-07,842.0,873.8499755859375,841.0,871.4500122070312,1602605
2015-12-08,874.0499877929688,877.4000244140625,857.2000122070312,860.75,1058074
2015-12-09,866.4500122070312,866.4500122070312,836.9500122070312,840.0,751034
2015-12-10,844.5,861.2000122070312,842.2000122070312,859.2000122070312,636140
2015-12-11,860.9500122070312,863.5499877929688,848.75,858.4000244140625,780634
2015-12-14,860.0,878.4000244140625,853.0,875.4500122070312,889790
2015-12-15,878.5,880.0,866.4500122070312,878.5499877929688,861784
2015-12-16,880.0,883.9500122070312,859.0999755859375,866.5,900351
2015-12-17,871.5,878.5,864.0,876.0999755859375,716229
2015-12-18,874.5,885.9000244140625,868.0,879.4500122070312,1098597
2015-12-21,879.0,884.0,866.7000122070312,873.5,896692
2015-12-22,874.0,887.0,873.5499877929688,880.9500122070312,663204
2015-12-23,882.9500122070312,883.9500122070312,874.75,878.9500122070312,350212
2015-12-24,880.5,883.9000244140625,873.5499877929688,881.7999877929688,403140
2015-12-28,882.0,886.25,876.75,881.0499877929688,633270
2015-12-29,883.7000122070312,885.0,878.5999755859375,880.0999755859375,602111
2015-12-30,881.1500244140625,883.0,875.0,878.1500244140625,450359
2015-12-31,879.9500122070312,886.9500122070312,875.0,883.5499877929688,526825
2016-01-01,882.0,885.5999755859375,876.9000244140625,878.75,294006
2016-01-04,876.2000122070312,892.4500122070312,871.7000122070312,880.7999877929688,709103
2016-01-05,881.2999877929688,905.0,881.2999877929688,900.6500244140625,1372748
2016-01-06,904.5,911.9000244140625,884.0,886.4000244140625,1716479
2016-01-07,883.0,891.5499877929688,869.0,872.3499755859375,990333
2016-01-08,879.0,881.9500122070312,866.5999755859375,874.5999755859375,886022
2016-01-11,870.0,884.0,861.5999755859375,873.8499755859375,801102
2016-01-12,882.0,885.5,870.2000122070312,872.9000244140625,998419
2016-01-13,879.9500122070312,883.5,850.0499877929688,868.5499877929688,901426
2016-01-14,863.5,897.0,851.0999755859375,889.4000244140625,2296682
2016-01-15,893.0,894.9500122070312,874.2999877929688,879.25,1301590
2016-01-18,890.0,893.0,841.6500244140625,850.2999877929688,2335330
2016-01-19,867.9000244140625,868.4000244140625,826.0,845.5499877929688,2443365
2016-01-20,834.0,856.0,830.0,840.3499755859375,2247202
2016-01-21,850.0,856.0,841.0,844.4500122070312,1138753
2016-01-22,853.0,873.4000244140625,849.2000122070312,869.9500122070312,1774017
2016-01-25,870.0,882.0,868.1500244140625,878.5999755859375,1794107
2016-01-27,880.0,881.7999877929688,855.1500244140625,858.5499877929688,969509
2016-01-28,854.0,865.0,852.1500244140625,858.9500122070312,1392051
2016-01-29,864.0,875.0,859.0,869.9000244140625,1320575
2016-02-01,874.2000122070312,890.0,871.2999877929688,887.4000244140625,786217
2016-02-02,889.9000244140625,894.75,878.0,882.5,920875
2016-02-03,876.2000122070312,883.9500122070312,859.0499877929688,863.7000122070312,540771
2016-02-04,865.0,895.9500122070312,865.0,889.3499755859375,1658831
2016-02-05,889.0,903.4500122070312,886.4000244140625,899.25,1739178
2016-02-08,903.0,907.5,886.0,888.5999755859375,783143
2016-02-09,884.9000244140625,894.2999877929688,878.5,884.2000122070312,636386
2016-02-10,888.5,889.0,866.5,876.5499877929688,707101
2016-02-11,874.75,874.75,852.0,855.7000122070312,1004015
2016-02-12,860.0,873.25,846.5,854.9000244140625,1089266
2016-02-15,866.0,872.2000122070312,853.0,858.7000122070312,703958
2016-02-16,855.0499877929688,860.1500244140625,836.0999755859375,840.2999877929688,985215
2016-02-17,844.0,858.9500122070312,827.0999755859375,856.0,1171983
2016-02-18,862.0,863.7999877929688,830.5999755859375,835.25,997874
2016-02-19,834.9500122070312,856.9000244140625,829.0,854.7000122070312,799360
2016-02-22,856.0,873.2000122070312,854.0,870.8499755859375,609601
2016-02-23,871.0,879.9000244140625,866.1500244140625,877.0999755859375,1438921
2016-02-24,879.0,885.75,875.0,881.7999877929688,1289097
2016-02-25,880.5,884.9000244140625,858.7000122070312,861.7000122070312,1326303
2016-02-26,868.0,874.0,854.2000122070312,862.5499877929688,536753
2016-02-29,864.0999755859375,868.9500122070312,841.5999755859375,846.0999755859375,890886
2016-03-01,852.5999755859375,874.6500244140625,850.0,871.9500122070312,1161059
2016-03-02,876.0,880.9500122070312,866.5,871.8499755859375,808137
2016-03-03,874.4000244140625,896.5,871.75,880.25,1061326
2016-03-04,886.5999755859375,890.0999755859375,858.4000244140625,865.7999877929688,1039977
2016-03-08,867.9000244140625,881.7999877929688,858.0499877929688,875.7000122070312,1174011
2016-03-09,876.0,888.7999877929688,869.8499755859375,876.2000122070312,1401934
2016-03-10,870.0,896.0,870.0,894.75,810951
2016-03-11,900.0,903.7000122070312,891.5499877929688,898.3499755859375,1043602
2016-03-14,898.0,903.2000122070312,888.5999755859375,899.3499755859375,788258
2016-03-15,903.0,906.5,876.1500244140625,884.5999755859375,954046
2016-03-16,880.2999877929688,882.0,862.0999755859375,864.9000244140625,1456263
2016-03-17,870.0,876.0,865.0999755859375,872.5499877929688,965277
2016-03-18,871.0,877.9000244140625,859.9500122070312,875.3499755859375,1072444
2016-03-21,873.25,875.0,852.4000244140625,859.6500244140625,1484160
2016-03-22,860.0,860.0,846.0499877929688,853.3499755859375,1746522
2016-03-23,853.3499755859375,856.9000244140625,846.25,850.0,917099
2016-03-28,850.0,857.4500122070312,842.7000122070312,845.4000244140625,1722071
2016-03-29,847.4000244140625,860.0,845.0,856.0999755859375,1101097
2016-03-30,864.0,885.0,861.8499755859375,881.8499755859375,1470782
2016-03-31,880.5,884.25,865.0999755859375,868.4000244140625,1682214
2016-04-01,871.0,883.9500122070312,865.0,870.0,853331
2016-04-04,874.0,888.5,865.25,886.1500244140625,662760
2016-04-05,885.4000244140625,885.4000244140625,862.0,869.8499755859375,762479
2016-04-06,869.7000122070312,875.0,860.6500244140625,863.2999877929688,451307
2016-04-07,864.0,869.0,855.0499877929688,858.25,449770
2016-04-08,860.0,861.4500122070312,849.5999755859375,851.5499877929688,448087
2016-04-11,850.0,861.9000244140625,842.75,860.0,651373
2016-04-12,861.7999877929688,870.0,859.5,866.9000244140625,433486
2016-04-13,870.5,876.0,866.0,874.3499755859375,692424
2016-04-18,884.25,886.5499877929688,875.0,885.2000122070312,685762
2016-04-20,885.0,887.75,875.25,885.7999877929688,778272
2016-04-21,890.0,895.0,885.0999755859375,889.1500244140625,702226
2016-04-22,885.7000122070312,893.7000122070312,869.4000244140625,871.5499877929688,692414
2016-04-25,870.4000244140625,870.4000244140625,856.0,861.75,587700
2016-04-26,864.2000122070312,880.0,859.0499877929688,876.9000244140625,694778
2016-04-27,875.7000122070312,891.0,871.0,889.8499755859375,553126
2016-04-28,889.8499755859375,894.5,870.0,873.0999755859375,1013142
2016-04-29,873.0,876.0,861.6500244140625,866.25,955985
2016-05-02,864.0,867.5,860.6500244140625,864.7999877929688,199724
2016-05-03,869.5,886.9000244140625,865.4000244140625,872.0,1073196
2016-05-04,872.0,879.0,864.0,873.5999755859375,469904
2016-05-05,874.0999755859375,875.4500122070312,862.4500122070312,867.0499877929688,402567
2016-05-06,863.9500122070312,890.0,861.5,889.0499877929688,1249025
2016-05-09,894.9500122070312,913.9000244140625,893.6500244140625,906.5999755859375,1355429
2016-05-10,904.9500122070312,908.25,893.4500122070312,898.3499755859375,1034271
2016-05-11,892.0,919.0,887.5,907.8499755859375,2228431
2016-05-12,920.0,933.9000244140625,917.2000122070312,928.7999877929688,2382775
2016-05-13,928.75,948.0,927.5999755859375,943.6500244140625,2285317
2016-05-16,948.9500122070312,957.7999877929688,945.0,952.6500244140625,1913343
2016-05-17,953.5,972.0,947.75,969.6500244140625,1770437
2016-05-18,969.0,971.0,952.4500122070312,963.25,1273835
2016-05-19,968.8499755859375,968.8499755859375,952.0499877929688,956.7999877929688,1251713
2016-05-20,956.0,963.0,950.75,956.0,972841
2016-05-23,959.9000244140625,960.0,943.6500244140625,946.5999755859375,726047
2016-05-24,952.4000244140625,962.4000244140625,941.7000122070312,956.25,490332
2016-05-25,963.1500244140625,985.0,962.7999877929688,982.25,815313
2016-05-26,988.5499877929688,999.5,973.4500122070312,991.8499755859375,1410903
2016-05-27,991.9000244140625,1001.7999877929688,986.4500122070312,998.25,1105534
2016-05-30,994.0,1004.25,978.4500122070312,984.9000244140625,1487177
2016-05-31,988.0,995.5,980.7000122070312,984.8499755859375,1151373
2016-06-01,989.0499877929688,1025.0,989.0499877929688,1021.7000122070312,2068760
2016-06-02,1007.0,1029.0,996.5499877929688,1024.050048828125,2420319
2016-06-03,1023.5,1032.0999755859375,1013.5,1025.300048828125,2045789
2016-06-06,1017.0999755859375,1032.3499755859375,1016.5999755859375,1026.300048828125,1574228
2016-06-07,1025.3499755859375,1037.449951171875,1024.5999755859375,1032.75,755934
2016-06-08,1029.0,1029.0,1011.25,1018.0499877929688,933533
2016-06-09,1018.0,1019.0,995.7000122070312,998.7999877929688,1024252
2016-06-10,994.9500122070312,999.0,989.5999755859375,992.0499877929688,1313970
2016-06-13,987.0,996.5,985.0999755859375,994.9000244140625,808571
2016-06-14,995.0,999.0,978.5999755859375,986.5,699283
2016-06-15,986.0,1002.0,986.0,998.4000244140625,731016
2016-06-16,993.75,1009.0,986.2000122070312,1006.5499877929688,740810
2016-06-17,1010.0,1014.8499755859375,994.0,999.5999755859375,365441
2016-06-20,994.9500122070312,997.0,986.25,991.5,627622
2016-06-21,990.0,991.0,977.2000122070312,982.0499877929688,712870
2016-06-22,980.0,989.4500122070312,978.5,985.4500122070312,507154
2016-06-23,986.0999755859375,990.0,980.2999877929688,984.0999755859375,678141
2016-06-24,974.0999755859375,993.0,963.5999755859375,989.5499877929688,777600
2016-06-27,970.25,992.9500122070312,970.25,974.2999877929688,662651
2016-06-28,981.0,985.0,975.3499755859375,980.2000122070312,822749
2016-06-29,978.25,999.2999877929688,978.25,994.2000122070312,711457
2016-06-30,1004.8499755859375,1009.0,996.0499877929688,1003.2999877929688,1039352
2016-07-01,1002.7999877929688,1011.0999755859375,995.4500122070312,1002.5,1314022
2016-07-04,1008.0,1017.0499877929688,998.2000122070312,1000.4000244140625,884699
2016-07-05,1003.0,1004.8499755859375,983.3499755859375,985.0999755859375,523870
2016-07-07,989.3499755859375,997.0,985.0,987.7000122070312,757053
2016-07-08,992.9000244140625,1013.9000244140625,988.1500244140625,1010.7000122070312,1200518
2016-07-11,1020.0,1033.0,1017.8499755859375,1026.800048828125,1082293
2016-07-12,1028.800048828125,1037.9000244140625,1016.7999877929688,1020.4500122070312,1259777
2016-07-13,1029.0,1029.0,1006.4500122070312,1009.5,1319911
2016-07-14,1010.2000122070312,1025.5,1009.0,1017.5999755859375,754274
2016-07-15,1018.2000122070312,1031.5,1018.2000122070312,1025.9000244140625,671924
2016-07-18,1027.0999755859375,1044.9000244140625,1025.25,1028.5,721547
2016-07-19,1031.0,1037.5,1021.2000122070312,1030.699951171875,541334
2016-07-20,1029.25,1036.4000244140625,1020.0,1028.550048828125,529012
2016-07-21,1029.800048828125,1048.0,1026.550048828125,1042.699951171875,706661
2016-07-22,1047.8499755859375,1054.0,1042.050048828125,1047.050048828125,502766
2016-07-25,1049.300048828125,1074.4000244140625,1047.1500244140625,1070.6500244140625,734354
2016-07-26,1072.0999755859375,1074.949951171875,1055.0,1060.75,562982
2016-07-27,1069.9000244140625,1073.800048828125,1052.199951171875,1061.800048828125,765267
2016-07-28,1074.0,1153.800048828125,1068.0,1128.0,5831636
2016-07-29,1127.5,1137.699951171875,1102.25,1114.1500244140625,1152956
2016-08-01,1119.5999755859375,1134.0,1115.050048828125,1120.9000244140625,864041
2016-08-02,1129.699951171875,1142.5,1118.6500244140625,1123.3499755859375,832931
2016-08-03,1132.449951171875,1147.1500244140625,1124.050048828125,1143.4000244140625,1130691
2016-08-04,1152.050048828125,1154.5999755859375,1116.699951171875,1127.300048828125,1075876
2016-08-05,1131.0,1145.300048828125,1128.75,1143.3499755859375,543090
2016-08-08,1153.0,1153.0,1136.0,1148.3499755859375,407801
2016-08-09,1153.5999755859375,1154.949951171875,1134.0,1146.5,541100
2016-08-10,1142.0999755859375,1148.449951171875,1128.0999755859375,1129.949951171875,788849
2016-08-11,1130.0,1147.5,1118.5999755859375,1145.0999755859375,651399
2016-08-12,1143.0,1161.25,1125.4000244140625,1137.5,795382
2016-08-16,1135.5,1147.800048828125,1126.9000244140625,1129.6500244140625,921462
2016-08-17,1115.0,1127.699951171875,1108.1500244140625,1113.550048828125,742834
2016-08-18,1119.75,1119.75,1102.550048828125,1107.3499755859375,1263890
2016-08-19,1101.3499755859375,1126.9000244140625,1101.3499755859375,1113.5,864966
2016-08-22,1121.0,1121.0,1105.0,1113.9000244140625,827995
2016-08-23,1112.699951171875,1129.6500244140625,1108.1500244140625,1126.25,684493
2016-08-24,1130.0,1130.199951171875,1115.5999755859375,1118.8499755859375,417969
2016-08-25,1120.0999755859375,1126.5,1102.800048828125,1105.9000244140625,554850
2016-08-26,1106.25,1127.550048828125,1091.050048828125,1123.300048828125,869672
2016-08-29,1123.300048828125,1124.6500244140625,1104.1500244140625,1111.8499755859375,452947
2016-08-30,1115.0,1148.0,1110.0,1146.199951171875,674826
2016-08-31,1157.0,1173.9000244140625,1149.0,1157.9000244140625,1668417
2016-09-01,1159.8499755859375,1164.050048828125,1142.0,1156.949951171875,621894
2016-09-02,1158.949951171875,1172.0,1151.300048828125,1167.550048828125,710106
2016-09-06,1175.0,1213.9000244140625,1170.5999755859375,1204.1500244140625,1131704
2016-09-07,1208.0,1209.0,1170.699951171875,1177.199951171875,1092266
2016-09-08,1179.0,1190.0,1171.0,1182.5999755859375,888245
2016-09-09,1181.9000244140625,1181.9000244140625,1168.0,1171.75,575102
2016-09-12,1156.3499755859375,1163.0,1137.0,1154.5999755859375,465079
2016-09-14,1150.0999755859375,1178.949951171875,1150.0999755859375,1163.5999755859375,704633
2016-09-15,1170.0,1175.5,1160.0,1173.550048828125,616127
2016-09-16,1173.5999755859375,1181.25,1152.0,1155.1500244140625,1136226
2016-09-19,1157.199951171875,1172.0,1157.199951171875,1163.5999755859375,550698
2016-09-20,1164.0,1173.699951171875,1162.5999755859375,1165.050048828125,966451
2016-09-21,1165.9000244140625,1176.0,1165.9000244140625,1170.5999755859375,615798
2016-09-22,1182.300048828125,1197.0,1175.0,1192.0,913747
2016-09-23,1201.0,1203.5,1185.0,1191.199951171875,668223
2016-09-26,1195.0,1195.0,1174.9000244140625,1183.0,817715
2016-09-27,1184.199951171875,1203.0,1184.199951171875,1192.550048828125,532323
2016-09-28,1193.0,1201.0,1188.0999755859375,1193.5,566690
2016-09-29,1194.3499755859375,1203.3499755859375,1160.0,1167.3499755859375,1125599
2016-09-30,1167.0,1179.949951171875,1156.0,1160.699951171875,478253
2016-10-03,1170.0,1199.0,1165.4000244140625,1193.0,747111
2016-10-04,1202.0,1203.0,1179.4000244140625,1192.550048828125,503642
2016-10-05,1188.0,1224.0,1185.0,1208.75,1080751
2016-10-06,1210.0999755859375,1222.4000244140625,1201.699951171875,1209.5,746006
2016-10-07,1208.0,1210.0,1180.800048828125,1184.5999755859375,873434
2016-10-10,1189.0,1219.0,1189.0,1212.6500244140625,570180
2016-10-13,1227.0,1227.300048828125,1208.8499755859375,1216.5999755859375,1391322
2016-10-14,1216.0999755859375,1220.0,1202.25,1205.75,354200
2016-10-17,1208.0999755859375,1208.4000244140625,1178.5,1182.300048828125,365921
2016-10-18,1186.4000244140625,1193.3499755859375,1165.550048828125,1174.5,1339044
2016-10-19,1180.0,1184.1500244140625,1163.25,1169.300048828125,1201677
2016-10-20,1175.0,1177.0,1163.25,1165.75,448785
2016-10-21,1172.9000244140625,1172.9000244140625,1144.4000244140625,1153.5,948987
2016-10-24,1161.1500244140625,1162.0,1124.0999755859375,1127.5,1287073
2016-10-25,1131.949951171875,1158.300048828125,1117.0999755859375,1139.75,3014876
2016-10-26,1153.300048828125,1157.0,1113.9000244140625,1123.0999755859375,1323248
2016-10-27,1133.0,1134.4000244140625,1081.0,1085.449951171875,1764517
2016-10-28,1081.0,1096.949951171875,1066.050048828125,1069.9000244140625,1732990
2016-11-01,1077.0999755859375,1088.199951171875,1072.0,1076.699951171875,983171
2016-11-02,1067.9000244140625,1083.3499755859375,1055.3499755859375,1062.75,872573
2016-11-03,1058.300048828125,1075.0,1033.449951171875,1037.1500244140625,1075107
2016-11-04,1039.199951171875,1054.800048828125,1035.0999755859375,1043.050048828125,976222
2016-11-07,1048.0,1059.5999755859375,1027.9000244140625,1037.3499755859375,829767
2016-11-08,1044.75,1060.0,1040.0,1057.0,780312
2016-11-09,999.0,1058.0999755859375,952.0,1050.949951171875,2005884
2016-11-10,1056.0,1060.0,1008.0,1011.2999877929688,1719037
2016-11-11,1000.0,1004.9500122070312,958.0,962.2999877929688,2665967
2016-11-15,970.9500122070312,970.9500122070312,869.0,890.7999877929688,5354021
2016-11-16,917.5,945.9000244140625,903.0,935.7000122070312,3032067
2016-11-17,946.0,947.1500244140625,917.0,918.4500122070312,1310176
2016-11-18,925.9000244140625,928.9500122070312,899.8499755859375,908.2000122070312,1335202
2016-11-21,918.0,918.0,891.75,900.0,1639425
2016-11-22,908.0,912.9500122070312,895.0,907.75,1678288
2016-11-23,915.9000244140625,946.4000244140625,912.0,942.0499877929688,2371811
2016-11-24,938.25,965.75,932.0499877929688,936.0999755859375,2908165
2016-11-25,943.9000244140625,953.2999877929688,938.7999877929688,945.4500122070312,1460489
2016-11-28,950.0,968.6500244140625,933.5,936.0999755859375,1335539
2016-11-29,940.4000244140625,967.0,935.2000122070312,958.5499877929688,2507536
2016-11-30,967.9500122070312,974.9000244140625,952.5499877929688,969.9000244140625,4460941
2016-12-01,967.0,968.0,936.0,939.1500244140625,1517103
2016-12-02,936.0,936.5,902.0,904.8499755859375,2139914
2016-12-05,910.0,941.5999755859375,895.25,937.6500244140625,1881935
2016-12-06,940.9000244140625,944.7000122070312,924.1500244140625,934.1500244140625,889147
2016-12-07,936.0,948.5,928.2000122070312,932.2000122070312,809152
2016-12-08,941.9500122070312,947.5499877929688,929.7999877929688,936.1500244140625,1024529
2016-12-09,942.0,953.9500122070312,935.0499877929688,941.75,1600112
2016-12-12,931.2999877929688,937.1500244140625,909.0,910.25,1531811
2016-12-13,915.0,915.0,895.0,906.75,1572248
2016-12-14,908.0,923.2000122070312,908.0,914.3499755859375,944657
2016-12-15,909.6500244140625,916.75,901.7000122070312,903.0,958978
2016-12-16,911.9500122070312,911.9500122070312,898.0,899.9000244140625,1041676
2016-12-19,901.4000244140625,902.0,875.0999755859375,878.4000244140625,1905631
2016-12-20,875.5,882.0,860.0499877929688,865.7000122070312,1811388
2016-12-21,867.2000122070312,876.5,861.5499877929688,865.5499877929688,1321988
2016-12-22,865.5499877929688,874.2999877929688,851.0999755859375,870.2999877929688,1472349
2016-12-23,875.0,885.0,861.5,874.0,1325637
2016-12-26,874.0,885.0,860.0,867.7999877929688,1313467
2016-12-27,871.9000244140625,877.7999877929688,863.4000244140625,876.0,846898
2016-12-28,876.0,890.0,869.5499877929688,875.7000122070312,1093720
2016-12-29,879.0,887.0,877.0,880.0499877929688,1203203
2016-12-30,884.9500122070312,895.0,882.5,891.0499877929688,935476
2017-01-02,893.0,907.5,882.25,904.6500244140625,1031421
2017-01-03,910.0,910.0,893.4500122070312,896.5999755859375,2068282
2017-01-04,901.9000244140625,914.5,897.0,906.5999755859375,1408241
2017-01-05,913.9000244140625,919.9000244140625,901.5,916.5,2569365
2017-01-06,918.0,932.5,914.5999755859375,929.5,1717545
2017-01-09,932.0,933.0499877929688,906.0,910.0999755859375,1356124
2017-01-10,915.0,929.0,907.9500122070312,923.5999755859375,1735052
2017-01-11,926.5,940.5999755859375,921.5,934.6500244140625,1236472
2017-01-12,935.0,939.3499755859375,926.2999877929688,933.5499877929688,955700
2017-01-13,935.5499877929688,938.2000122070312,927.1500244140625,933.25,770385
2017-01-16,930.0,941.5499877929688,926.9000244140625,935.25,889759
2017-01-17,940.0,963.5,937.0,960.1500244140625,1742445
2017-01-18,960.1500244140625,972.4500122070312,960.0,963.3499755859375,1216887
2017-01-19,965.0999755859375,965.75,954.4000244140625,962.7000122070312,770727
2017-01-20,960.2999877929688,977.8499755859375,954.1500244140625,967.2000122070312,2190366
2017-01-23,967.4000244140625,973.5499877929688,957.75,964.7000122070312,1206139
2017-01-24,963.5,979.8499755859375,953.5999755859375,973.4500122070312,1748158
2017-01-25,979.0,981.3499755859375,971.1500244140625,977.7000122070312,1128224
2017-01-27,979.7999877929688,989.5999755859375,964.0999755859375,969.5999755859375,1043635
2017-01-30,969.0,979.0,963.0,973.2000122070312,572175
2017-01-31,972.7999877929688,977.5,964.0,970.7000122070312,603928
2017-02-01,970.7000122070312,1001.0499877929688,970.2000122070312,991.0,1241463
2017-02-02,989.4500122070312,995.0,981.9500122070312,989.0,1365514
2017-02-03,990.0,993.9000244140625,981.0499877929688,985.9000244140625,465754
2017-02-06,990.0999755859375,1004.9500122070312,985.5,992.5,744278
2017-02-07,992.0,1003.9500122070312,990.2000122070312,999.2999877929688,577723
2017-02-08,999.2999877929688,1009.9000244140625,981.0,997.7000122070312,1192386
2017-02-09,999.0,1005.0,991.0,1002.8499755859375,493191
2017-02-10,1005.9000244140625,1009.0,990.5,993.0499877929688,479738
2017-02-13,995.0,1000.0,981.5,984.75,643641
2017-02-14,988.0,988.0499877929688,970.0,980.7999877929688,604108
2017-02-15,981.2000122070312,986.9500122070312,976.0,981.7000122070312,600970
2017-02-16,985.0,989.5499877929688,967.75,969.9000244140625,932357
2017-02-17,973.0,973.4000244140625,955.5999755859375,960.7999877929688,1142332
2017-02-20,961.0,979.9500122070312,953.8499755859375,975.75,1092302
2017-02-21,977.7000122070312,993.9500122070312,976.2999877929688,991.5,885074
2017-02-22,995.0999755859375,1025.75,993.9000244140625,1020.2999877929688,2809160
2017-02-23,1030.0,1030.0,1005.3499755859375,1009.0,1580357
2017-02-27,1010.0,1018.5499877929688,999.0,1001.9500122070312,738246
2017-02-28,1003.0999755859375,1026.800048828125,998.1500244140625,1024.199951171875,1368244
2017-03-01,1030.0,1040.0,1026.050048828125,1032.75,1124115
2017-03-02,1037.9000244140625,1044.75,1026.4000244140625,1028.75,1037442
2017-03-03,1027.050048828125,1027.050048828125,1006.0,1013.7000122070312,596208
2017-03-06,1020.0,1033.800048828125,1016.0,1029.4000244140625,559268
2017-03-07,1030.550048828125,1032.5999755859375,1020.5,1023.9500122070312,429279
2017-03-08,1024.0,1034.75,1015.0,1022.5499877929688,1164247
2017-03-09,1028.5,1040.800048828125,1025.0,1031.0999755859375,827512
2017-03-10,1024.0999755859375,1037.199951171875,1024.0999755859375,1030.25,579487
2017-03-14,1049.800048828125,1077.800048828125,1040.5999755859375,1071.4000244140625,1640301
2017-03-15,1068.0,1075.5,1061.0999755859375,1064.050048828125,619852
2017-03-16,1071.25,1089.5,1068.25,1087.550048828125,1382416
2017-03-17,1090.25,1092.199951171875,1075.0,1079.449951171875,782439
2017-03-20,1081.800048828125,1083.0,1067.1500244140625,1079.699951171875,423077
2017-03-21,1081.949951171875,1084.949951171875,1063.449951171875,1068.699951171875,1431610
2017-03-22,1058.0,1064.1500244140625,1048.550048828125,1057.8499755859375,661176
2017-03-23,1060.0,1070.0,1054.0,1061.5999755859375,466635
2017-03-24,1062.800048828125,1073.0,1061.050048828125,1064.25,435183
2017-03-27,1068.0,1068.0,1039.949951171875,1042.9000244140625,833514
2017-03-28,1045.0,1061.949951171875,1045.0,1057.8499755859375,452398
2017-03-29,1062.0,1079.0,1057.8499755859375,1068.0999755859375,1345902
2017-03-30,1068.0999755859375,1074.699951171875,1062.0,1070.0999755859375,1171200
2017-03-31,1070.0,1079.5,1065.0,1073.5,937954
2017-04-03,1074.699951171875,1098.449951171875,1068.5,1089.8499755859375,790370
2017-04-05,1094.0,1094.6500244140625,1068.800048828125,1082.550048828125,927397
2017-04-06,1078.4000244140625,1089.0,1071.5,1086.9000244140625,690411
2017-04-07,1077.0,1089.9000244140625,1073.0999755859375,1082.949951171875,837821
2017-04-10,1078.4000244140625,1080.449951171875,1057.050048828125,1059.199951171875,757492
2017-04-11,1063.699951171875,1076.75,1056.550048828125,1072.5,731062
2017-04-12,1075.5,1081.9000244140625,1063.0999755859375,1070.449951171875,719256
2017-04-13,1070.449951171875,1081.4000244140625,1066.1500244140625,1078.300048828125,328677
2017-04-17,1079.550048828125,1080.0,1056.449951171875,1059.3499755859375,506747
2017-04-18,1062.4000244140625,1068.949951171875,1037.300048828125,1040.449951171875,722855
2017-04-19,1044.0,1056.0,1033.699951171875,1048.9000244140625,398732
2017-04-20,1056.0,1062.75,1042.5,1058.800048828125,493562
2017-04-21,1065.9000244140625,1071.5,1054.199951171875,1065.449951171875,701515
2017-04-24,1066.0999755859375,1074.3499755859375,1063.699951171875,1069.949951171875,363436
2017-04-25,1074.699951171875,1101.949951171875,1070.0,1097.9000244140625,1060527
2017-04-26,1104.9000244140625,1122.0,1092.75,1104.6500244140625,1870316
2017-04-27,1104.9000244140625,1109.550048828125,1092.0,1105.3499755859375,666287
2017-04-28,1106.5999755859375,1124.949951171875,1105.3499755859375,1120.449951171875,1012065
2017-05-02,1123.0999755859375,1137.5,1100.0,1112.0999755859375,1031522
2017-05-03,1116.0,1123.949951171875,1113.0,1118.9000244140625,476101
2017-05-04,1118.9000244140625,1135.0,1117.5999755859375,1132.5999755859375,878814
2017-05-05,1135.0,1160.0,1134.0,1146.800048828125,1518367
2017-05-08,1150.0,1173.0,1143.4000244140625,1167.3499755859375,672001
2017-05-09,1172.449951171875,1176.8499755859375,1160.0999755859375,1165.300048828125,734416
2017-05-10,1167.0999755859375,1182.0,1148.1500244140625,1158.300048828125,1004939
2017-05-11,1159.0,1178.9000244140625,1152.300048828125,1166.449951171875,1003768
2017-05-12,1170.199951171875,1179.0,1127.0,1132.949951171875,2500503
2017-05-15,1142.9000244140625,1149.9000244140625,1135.0,1148.050048828125,729473
2017-05-16,1148.9000244140625,1149.699951171875,1129.5999755859375,1142.8499755859375,913600
2017-05-17,1143.0,1159.0,1136.550048828125,1154.949951171875,579709
2017-05-18,1147.1500244140625,1159.800048828125,1140.0,1151.3499755859375,702003
2017-05-19,1139.8499755859375,1144.800048828125,1098.800048828125,1123.1500244140625,1732673
2017-05-22,1124.25,1137.8499755859375,1104.0,1112.550048828125,1058940
2017-05-23,1119.949951171875,1126.550048828125,1091.449951171875,1098.9000244140625,1374392
2017-05-24,1095.0,1107.050048828125,1080.5,1091.199951171875,1551698
2017-05-25,1095.550048828125,1125.0,1090.050048828125,1113.199951171875,1226634
2017-05-26,1124.949951171875,1148.800048828125,1124.0,1132.449951171875,915210
2017-05-29,1125.0,1150.0,1125.0,1146.550048828125,460152
2017-05-30,1150.0,1166.0999755859375,1147.0,1159.449951171875,460978
2017-05-31,1159.0,1165.0,1144.550048828125,1151.199951171875,1488564
2017-06-01,1150.0,1162.0,1133.0999755859375,1160.449951171875,578030
2017-06-02,1161.199951171875,1174.9000244140625,1160.199951171875,1164.300048828125,437401
2017-06-05,1165.0,1176.4000244140625,1159.5,1161.550048828125,425935
2017-06-06,1162.1500244140625,1165.300048828125,1141.050048828125,1153.1500244140625,787798
2017-06-07,1154.0,1168.0,1146.0,1161.5,531046
2017-06-08,1174.800048828125,1174.800048828125,1140.199951171875,1143.300048828125,1202971
2017-06-09,1145.0,1157.5999755859375,1132.1500244140625,1155.75,559008
2017-06-12,1154.4000244140625,1158.6500244140625,1142.5999755859375,1150.699951171875,649908
2017-06-13,1151.199951171875,1154.25,1142.25,1149.699951171875,855507
2017-06-14,1151.0,1152.8499755859375,1126.25,1149.5999755859375,931530
2017-06-15,1148.0,1150.0,1133.3499755859375,1140.300048828125,1003963
2017-06-16,1142.699951171875,1149.800048828125,1128.449951171875,1145.4000244140625,1184164
2017-06-19,1149.0,1158.0,1137.949951171875,1154.1500244140625,808994
2017-06-20,1155.0999755859375,1156.8499755859375,1144.5,1149.449951171875,804319
2017-06-21,1158.0,1160.4000244140625,1149.9000244140625,1155.4000244140625,553929
2017-06-22,1157.0,1171.0,1156.5999755859375,1162.550048828125,651018
2017-06-23,1163.0,1164.5,1146.0999755859375,1153.6500244140625,596082
2017-06-27,1157.0,1168.3499755859375,1130.0,1134.1500244140625,484244
2017-06-28,1125.0,1128.8499755859375,1099.0,1109.1500244140625,930404
2017-06-29,1112.0,1126.949951171875,1100.0,1104.550048828125,460382
2017-06-30,1099.949951171875,1112.0,1083.300048828125,1102.949951171875,617697
2017-07-03,1107.0,1123.449951171875,1104.199951171875,1120.25,512386
2017-07-04,1123.800048828125,1126.449951171875,1106.800048828125,1108.550048828125,549148
2017-07-05,1108.550048828125,1135.0,1108.550048828125,1126.6500244140625,837353
2017-07-06,1135.0,1144.0,1127.8499755859375,1132.1500244140625,532283
2017-07-07,1135.0,1135.4000244140625,1112.050048828125,1115.449951171875,364301
2017-07-10,1120.25,1160.949951171875,1116.050048828125,1127.75,70264
2017-07-11,1125.0,1135.0,1122.5999755859375,1131.75,532133
2017-07-12,1136.0,1137.4000244140625,1124.0999755859375,1133.699951171875,373345
2017-07-13,1139.800048828125,1144.25,1121.25,1125.5,764694
2017-07-14,1128.25,1128.949951171875,1112.050048828125,1117.3499755859375,872831
2017-07-17,1120.5999755859375,1128.699951171875,1115.25,1125.449951171875,1260921
2017-07-18,1118.0,1150.0,1117.0,1146.5999755859375,648737
2017-07-19,1154.949951171875,1158.0,1146.050048828125,1155.8499755859375,964588
2017-07-20,1156.9000244140625,1157.8499755859375,1133.949951171875,1155.550048828125,1287749
2017-07-21,1156.0,1172.5,1148.0,1156.0999755859375,2017663
2017-07-24,1151.5999755859375,1159.5,1140.0,1155.75,2063340
2017-07-25,1160.050048828125,1165.0,1140.0,1150.0999755859375,2963793
2017-07-26,1134.0,1144.800048828125,1126.0,1134.0,1973462
2017-07-27,1136.550048828125,1153.0,1136.050048828125,1148.800048828125,1033335
2017-07-28,1148.0,1156.9000244140625,1139.0,1153.25,616845
2017-07-31,1154.1500244140625,1164.0,1146.0999755859375,1161.699951171875,777721
2017-08-01,1162.0,1163.0,1140.5,1148.199951171875,1176561
2017-08-02,1150.0,1152.0,1135.0,1144.5,848781
2017-08-03,1143.0,1148.9000244140625,1127.0999755859375,1146.0999755859375,997619
2017-08-04,1144.0,1159.949951171875,1140.6500244140625,1157.300048828125,529318
2017-08-07,1160.0,1160.75,1142.4000244140625,1149.6500244140625,576280
2017-08-08,1146.0,1151.5,1139.0999755859375,1147.3499755859375,600256
2017-08-09,1147.800048828125,1158.9000244140625,1140.0999755859375,1155.550048828125,530763
2017-08-10,1154.0,1160.300048828125,1146.0,1151.0999755859375,649594
2017-08-11,1135.6500244140625,1148.75,1121.199951171875,1143.9000244140625,843233
2017-08-14,1149.449951171875,1163.699951171875,1145.0,1154.0,511994
2017-08-16,1154.3499755859375,1155.300048828125,1129.0,1141.300048828125,857454
2017-08-17,1141.300048828125,1142.800048828125,1132.0,1134.949951171875,494638
2017-08-18,1131.949951171875,1142.449951171875,1123.0,1140.0,357491
2017-08-21,1141.800048828125,1141.800048828125,1128.5,1134.449951171875,456594
2017-08-22,1140.0999755859375,1142.5999755859375,1125.949951171875,1129.449951171875,568911
2017-08-23,1131.800048828125,1144.5,1114.0,1141.300048828125,513036
2017-08-24,1140.4000244140625,1145.0,1131.0,1135.5999755859375,483362
2017-08-28,1131.5,1159.75,1126.0999755859375,1155.9000244140625,751938
2017-08-29,1155.0,1155.0,1139.300048828125,1151.699951171875,578071
2017-08-30,1149.9000244140625,1160.3499755859375,1144.300048828125,1153.3499755859375,674280
2017-08-31,1146.3499755859375,1174.0,1144.300048828125,1168.550048828125,1131097
2017-09-01,1174.199951171875,1219.0,1166.0,1215.9000244140625,1523879
2017-09-04,1215.9000244140625,1215.9000244140625,1192.0,1197.050048828125,682612
2017-09-05,1201.25,1223.050048828125,1200.4000244140625,1206.3499755859375,714964
2017-09-06,1198.3499755859375,1213.449951171875,1198.0,1206.050048828125,370400
2017-09-07,1218.0,1218.800048828125,1193.949951171875,1198.6500244140625,832839
2017-09-08,1195.0,1206.0,1190.0,1203.949951171875,477517
2017-09-11,1206.0,1241.0,1199.5999755859375,1238.050048828125,843302
2017-09-12,1242.0,1259.949951171875,1236.050048828125,1256.3499755859375,1461215
2017-09-13,1250.050048828125,1262.0,1249.0,1254.949951171875,913364
2017-09-14,1258.0,1262.0,1241.0,1246.050048828125,754072
2017-09-15,1230.5,1249.6500244140625,1226.199951171875,1245.5,912016
2017-09-18,1250.0,1261.0,1248.800048828125,1255.949951171875,419287
2017-09-19,1262.0,1262.0,1249.199951171875,1253.300048828125,464997
2017-09-20,1256.5,1256.9000244140625,1235.0,1237.300048828125,473176
2017-09-21,1238.0,1247.25,1224.949951171875,1229.0999755859375,772766
2017-09-22,1218.050048828125,1230.199951171875,1204.9000244140625,1213.25,896125
2017-09-25,1205.1500244140625,1213.449951171875,1192.0,1196.949951171875,917093
2017-09-26,1187.0,1189.75,1164.0,1174.0,740276
2017-09-27,1173.0999755859375,1178.550048828125,1152.8499755859375,1160.0,786410
2017-09-28,1155.0,1165.0,1123.0,1130.0,2353175
2017-09-29,1130.0,1144.949951171875,1127.0,1131.699951171875,791548
2017-10-03,1141.300048828125,1160.0,1135.5,1148.800048828125,834092
2017-10-04,1154.0,1167.0999755859375,1147.550048828125,1154.050048828125,626750
2017-10-05,1149.6500244140625,1161.5,1147.5999755859375,1153.25,327057
2017-10-06,1155.0,1169.699951171875,1153.0,1157.300048828125,344962
2017-10-09,1169.800048828125,1169.800048828125,1152.800048828125,1158.5999755859375,363972
2017-10-10,1156.0,1166.949951171875,1154.0,1163.0,316767
2017-10-11,1170.0,1175.75,1155.0,1160.5999755859375,602214
2017-10-12,1156.5,1162.0,1146.050048828125,1158.800048828125,658884
2017-10-13,1158.800048828125,1177.0999755859375,1154.1500244140625,1174.25,417081
2017-10-16,1181.0,1185.0,1166.0,1171.050048828125,689380
2017-10-17,1170.0,1200.0,1170.0,1197.1500244140625,979278
2017-10-18,1197.800048828125,1197.800048828125,1170.0,1179.6500244140625,523048
2017-10-19,1175.0,1183.25,1171.1500244140625,1178.5,77085
2017-10-23,1184.449951171875,1191.8499755859375,1159.0,1174.1500244140625,698954
2017-10-24,1175.0,1234.0,1175.0,1222.9000244140625,2345084
2017-10-25,1222.9000244140625,1232.050048828125,1195.0,1201.699951171875,1015698
2017-10-26,1194.0,1203.6500244140625,1180.699951171875,1191.1500244140625,808543
2017-10-27,1193.9000244140625,1195.0,1178.5999755859375,1184.550048828125,346755
2017-10-30,1185.0,1198.800048828125,1179.550048828125,1182.550048828125,280643
2017-10-31,1182.0,1188.8499755859375,1176.1500244140625,1180.8499755859375,279632
2017-11-01,1185.0,1188.550048828125,1174.0,1175.949951171875,260543
2017-11-02,1176.4000244140625,1181.949951171875,1166.0,1178.4000244140625,245949
2017-11-03,1182.449951171875,1183.0999755859375,1167.300048828125,1172.449951171875,258595
2017-11-06,1168.0,1173.0999755859375,1155.0,1162.3499755859375,314729
2017-11-07,1158.0,1164.6500244140625,1132.5,1141.449951171875,758497
2017-11-08,1147.0999755859375,1179.4000244140625,1145.050048828125,1172.199951171875,691775
2017-11-09,1177.8499755859375,1198.449951171875,1173.5999755859375,1195.5999755859375,884722
2017-11-10,1194.9000244140625,1194.9000244140625,1160.0,1178.5999755859375,1130647
2017-11-13,1184.0,1189.5,1168.8499755859375,1174.949951171875,363501
2017-11-14,1174.949951171875,1176.0,1152.4000244140625,1155.050048828125,547558
2017-11-15,1155.0,1190.0,1151.050048828125,1181.550048828125,829732
2017-11-16,1183.0,1189.0,1175.0,1179.550048828125,429230
2017-11-17,1186.0,1193.9000244140625,1166.0,1171.300048828125,454013
2017-11-20,1173.0,1176.449951171875,1159.6500244140625,1166.3499755859375,255840
2017-11-21,1168.5999755859375,1175.0,1156.0,1160.300048828125,421268
2017-11-22,1162.5,1176.5,1155.0,1174.300048828125,731572
2017-11-23,1175.5,1177.9000244140625,1157.050048828125,1159.5999755859375,482632
2017-11-24,1164.0,1164.0,1148.1500244140625,1159.5999755859375,406704
2017-11-27,1158.0,1160.0,1146.0999755859375,1156.5,373156
2017-11-28,1157.5,1174.9000244140625,1150.1500244140625,1171.0,445227
2017-11-29,1166.0,1176.3499755859375,1148.25,1153.8499755859375,516698
2017-11-30,1150.25,1158.0,1141.3499755859375,1146.75,1433116
2017-12-01,1147.199951171875,1154.0,1130.25,1133.75,397188
2017-12-04,1145.449951171875,1145.449951171875,1117.0,1121.0,455769
2017-12-05,1122.0,1124.1500244140625,1108.050048828125,1115.0,702853
2017-12-06,1114.800048828125,1114.949951171875,1099.0,1104.3499755859375,723473
2017-12-07,1108.0,1151.0,1106.8499755859375,1144.4000244140625,986078
2017-12-08,1144.949951171875,1153.5,1130.0999755859375,1135.5,593327
2017-12-11,1142.0,1142.699951171875,1123.4000244140625,1125.8499755859375,551772
2017-12-12,1131.8499755859375,1131.8499755859375,1101.0,1117.4000244140625,1060836
2017-12-13,1117.9000244140625,1137.5,1110.0,1116.550048828125,646677
2017-12-14,1122.0,1129.550048828125,1115.4000244140625,1123.449951171875,543059
2017-12-15,1129.0,1134.699951171875,1116.0,1118.699951171875,897594
2017-12-18,1120.0,1139.949951171875,1110.0,1137.1500244140625,622558
2017-12-19,1149.0,1149.5,1130.949951171875,1137.699951171875,459494
2017-12-20,1137.5,1141.949951171875,1125.0,1135.5,458160
2017-12-21,1140.949951171875,1144.0,1130.4000244140625,1137.9000244140625,460388
2017-12-22,1137.0,1142.5,1132.5,1138.0,377780
2017-12-26,1142.0,1155.5999755859375,1140.199951171875,1150.75,820589
2017-12-27,1150.0,1157.0,1142.0,1149.050048828125,611258
2017-12-28,1146.0,1154.3499755859375,1138.3499755859375,1144.4000244140625,536350
2017-12-29,1145.0999755859375,1172.5,1142.050048828125,1158.5,965848
2018-01-01,1163.0,1165.0,1138.0999755859375,1143.6500244140625,591349
2018-01-02,1146.0,1150.0,1134.050048828125,1142.75,516171
2018-01-03,1149.0,1149.0,1135.300048828125,1141.9000244140625,593809
2018-01-04,1149.0,1178.0,1145.9000244140625,1172.050048828125,729965
2018-01-05,1178.0,1192.0,1167.449951171875,1185.25,1151320
2018-01-08,1190.0,1190.8499755859375,1173.5,1182.0,928875
2018-01-09,1183.0999755859375,1197.199951171875,1175.0999755859375,1193.050048828125,699621
2018-01-10,1186.0,1189.0999755859375,1171.0999755859375,1177.4000244140625,1102382
2018-01-11,1179.9000244140625,1189.949951171875,1170.0,1188.949951171875,475476
2018-01-12,1187.0,1192.550048828125,1176.0,1189.699951171875,390841
2018-01-15,1189.6500244140625,1208.199951171875,1182.449951171875,1204.050048828125,723833
2018-01-16,1204.050048828125,1204.050048828125,1184.0,1188.75,557253
2018-01-17,1186.800048828125,1196.4000244140625,1178.4000244140625,1193.75,506648
2018-01-18,1195.0,1204.0999755859375,1181.0,1188.25,500762
2018-01-19,1183.0999755859375,1195.0,1177.9000244140625,1189.9000244140625,722692
2018-01-22,1192.0,1193.699951171875,1164.0999755859375,1176.0,942542
2018-01-23,1176.0,1177.8499755859375,1156.199951171875,1169.9000244140625,1841634
2018-01-24,1170.0,1171.6500244140625,1145.050048828125,1151.050048828125,1122469
2018-01-25,1148.0,1161.4000244140625,1143.449951171875,1150.449951171875,1563047
2018-01-29,1154.0,1164.25,1147.5999755859375,1152.050048828125,1538762
2018-01-30,1151.0,1152.0,1123.449951171875,1126.699951171875,1404578
2018-01-31,1128.0,1139.800048828125,1124.0,1128.300048828125,961596
2018-02-01,1126.0,1157.3499755859375,1126.0,1153.0,1103162
2018-02-02,1148.0,1148.0,1123.949951171875,1137.9000244140625,872105
2018-02-05,1121.199951171875,1140.0,1114.300048828125,1134.0999755859375,1263378
2018-02-06,1110.0,1127.0,1090.0999755859375,1110.25,1055719
2018-02-07,1115.0,1125.199951171875,1106.550048828125,1121.0999755859375,854461
2018-02-08,1128.0,1131.300048828125,1110.0,1124.050048828125,1185917
2018-02-09,1101.0,1142.25,1101.0,1130.75,666922
2018-02-12,1138.0,1150.0,1135.9000244140625,1144.4000244140625,646362
2018-02-14,1144.0,1144.0,1127.0,1139.1500244140625,691596
2018-02-15,1135.0,1139.9000244140625,1123.0,1135.449951171875,471072
2018-02-16,1136.5,1147.0,1130.0,1143.8499755859375,734476
2018-02-19,1145.0,1145.800048828125,1111.550048828125,1120.3499755859375,443677
2018-02-20,1123.949951171875,1136.0,1112.75,1126.4000244140625,662281
2018-02-21,1132.3499755859375,1133.25,1115.0,1127.199951171875,720563
2018-02-22,1122.699951171875,1126.4000244140625,1101.0,1118.0999755859375,1559398
2018-02-23,1117.050048828125,1117.050048828125,1098.9000244140625,1101.800048828125,1140118
2018-02-26,1110.0,1110.0,1095.4000244140625,1104.800048828125,1170283
2018-02-27,1104.800048828125,1113.0,1098.949951171875,1110.3499755859375,610498
2018-02-28,1104.0,1124.0,1099.25,1117.75,1006756
2018-03-01,1120.0,1124.199951171875,1108.0,1118.9000244140625,736217
2018-03-05,1110.25,1114.8499755859375,1100.0,1105.949951171875,529677
2018-03-06,1112.5999755859375,1112.5999755859375,1100.0,1101.5999755859375,702294
2018-03-07,1105.699951171875,1109.949951171875,1095.25,1107.25,669686
2018-03-08,1114.800048828125,1130.0,1107.5999755859375,1127.5999755859375,751329
2018-03-09,1133.0,1140.0,1124.4000244140625,1129.0999755859375,1158526
2018-03-12,1131.0999755859375,1134.0,1120.0,1131.5,527293
2018-03-13,1125.199951171875,1143.0,1125.199951171875,1140.300048828125,711550
2018-03-14,1139.949951171875,1144.449951171875,1131.0999755859375,1137.0,1360578
2018-03-15,1132.1500244140625,1163.75,1132.1500244140625,1160.800048828125,1146702
2018-03-16,1159.9000244140625,1159.9000244140625,1118.4000244140625,1122.75,1946844
2018-03-19,1121.1500244140625,1124.0,1097.9000244140625,1102.550048828125,855444
2018-03-20,1102.0,1117.0,1092.1500244140625,1106.5,720303
2018-03-21,1106.5,1116.0,1100.0,1103.550048828125,612237
2018-03-22,1102.5,1110.0,1100.0,1107.0999755859375,478426
2018-03-23,1094.8499755859375,1120.0,1093.050048828125,1112.6500244140625,828523
2018-03-26,1112.0,1119.0,1101.0,1117.550048828125,479675
2018-03-27,1119.0,1138.0,1116.4000244140625,1131.0999755859375,672158
2018-03-28,1130.8499755859375,1130.8499755859375,1115.0,1120.4000244140625,699839
2018-04-02,1120.4000244140625,1153.949951171875,1111.5,1150.1500244140625,428944
2018-04-03,1145.050048828125,1156.699951171875,1138.949951171875,1152.0999755859375,561118
2018-04-04,1156.9000244140625,1157.699951171875,1126.0,1136.0,607619
2018-04-05,1151.800048828125,1156.800048828125,1137.550048828125,1142.9000244140625,549137
2018-04-06,1142.9000244140625,1152.800048828125,1135.0,1143.5,395626
2018-04-09,1145.0,1171.5,1139.949951171875,1157.449951171875,837112
2018-04-10,1159.0,1167.699951171875,1152.9000244140625,1156.75,546269
2018-04-11,1157.0,1158.5999755859375,1141.199951171875,1155.8499755859375,419140
2018-04-12,1149.5,1169.9000244140625,1144.9000244140625,1165.199951171875,360744
2018-04-13,1170.0,1176.8499755859375,1157.8499755859375,1162.199951171875,639579
2018-04-16,1160.0,1188.5,1155.0,1178.8499755859375,550645
2018-04-17,1180.0,1187.4000244140625,1169.0,1176.0,432543
2018-04-18,1179.0,1185.0,1168.0,1172.300048828125,465763
2018-04-19,1172.0,1187.0,1162.5999755859375,1165.0,620949
2018-04-20,1165.0,1165.949951171875,1142.25,1159.3499755859375,727517
2018-04-23,1160.9000244140625,1181.4000244140625,1145.4000244140625,1178.699951171875,554353
2018-04-24,1177.5,1182.449951171875,1161.9000244140625,1170.0999755859375,484112
2018-04-25,1167.0,1168.800048828125,1156.050048828125,1163.050048828125,280574
2018-04-26,1164.0,1177.050048828125,1149.550048828125,1155.699951171875,1638937
2018-04-27,1165.25,1199.0999755859375,1164.25,1181.5999755859375,803227
2018-04-30,1189.699951171875,1207.0,1182.4000244140625,1201.699951171875,505974
2018-05-02,1200.25,1230.5999755859375,1197.4000244140625,1222.300048828125,2011978
2018-05-03,1220.300048828125,1230.0,1201.0,1206.75,641515
2018-05-04,1212.0,1212.0,1178.0999755859375,1190.449951171875,743905
2018-05-07,1192.0,1220.800048828125,1180.0,1215.25,728801
2018-05-08,1219.0,1224.0,1205.0,1209.9000244140625,627060
2018-05-09,1197.5999755859375,1229.0999755859375,1197.5999755859375,1222.550048828125,729538
2018-05-10,1232.0,1238.0,1207.5,1217.699951171875,1904962
2018-05-11,1237.0,1291.9000244140625,1229.8499755859375,1286.449951171875,4723019
2018-05-14,1285.0,1305.0,1268.5999755859375,1297.3499755859375,1553283
2018-05-15,1291.0,1323.449951171875,1288.800048828125,1314.6500244140625,1368261
2018-05-16,1305.1500244140625,1332.0,1300.8499755859375,1323.699951171875,736281
2018-05-17,1313.1500244140625,1330.0,1303.550048828125,1309.449951171875,751423
2018-05-18,1305.0,1316.4000244140625,1287.5999755859375,1308.3499755859375,939743
2018-05-21,1305.0,1314.699951171875,1290.8499755859375,1301.699951171875,692442
2018-05-22,1298.0,1302.0,1279.0,1286.8499755859375,708573
2018-05-23,1281.0,1292.1500244140625,1269.5999755859375,1278.5999755859375,509522
2018-05-24,1277.0999755859375,1302.9000244140625,1263.0,1293.5999755859375,774173
2018-05-25,1300.0,1310.0,1280.0,1292.3499755859375,773652
2018-05-28,1294.5,1331.9000244140625,1291.550048828125,1321.8499755859375,657272
2018-05-29,1326.0,1330.0,1289.0,1299.5,769331
2018-05-30,1290.0,1300.949951171875,1283.3499755859375,1293.8499755859375,478025
2018-05-31,1300.199951171875,1311.699951171875,1287.0,1304.6500244140625,1400776
2018-06-01,1307.0,1310.0,1290.800048828125,1293.050048828125,368820
2018-06-04,1295.0,1297.5,1265.0,1284.449951171875,939794
2018-06-05,1276.25,1293.300048828125,1270.550048828125,1273.5999755859375,524237
2018-06-06,1270.9000244140625,1270.9000244140625,1245.050048828125,1262.800048828125,1211557
2018-06-07,1270.1500244140625,1297.0,1256.0,1290.800048828125,701247
2018-06-08,1275.0,1288.550048828125,1272.0,1278.8499755859375,442333
2018-06-11,1279.0,1295.9000244140625,1275.199951171875,1283.300048828125,373098
2018-06-12,1278.550048828125,1292.0,1275.199951171875,1287.699951171875,401090
2018-06-13,1290.0,1292.75,1281.949951171875,1286.4000244140625,566241
2018-06-14,1280.449951171875,1289.6500244140625,1270.0,1286.0999755859375,507824
2018-06-15,1284.9000244140625,1286.6500244140625,1268.0999755859375,1282.199951171875,1048699
2018-06-18,1289.4000244140625,1289.6500244140625,1271.0,1282.050048828125,512049
2018-06-19,1273.0,1287.6500244140625,1265.0,1269.199951171875,572488
2018-06-20,1275.0,1275.0,1260.0,1271.300048828125,484907
2018-06-21,1272.0,1279.9000244140625,1246.0,1253.0,1179247
2018-06-22,1261.5,1273.550048828125,1240.199951171875,1267.699951171875,646452
2018-06-25,1268.0,1272.0999755859375,1249.300048828125,1253.449951171875,936253
2018-06-26,1255.0,1279.8499755859375,1253.0,1274.5999755859375,1262632
2018-06-27,1279.1500244140625,1285.0,1263.0,1267.1500244140625,857951
2018-06-28,1267.1500244140625,1273.449951171875,1250.0,1268.4000244140625,729637
2018-06-29,1268.25,1271.0999755859375,1252.1500244140625,1264.449951171875,622680
2018-07-02,1266.5,1297.949951171875,1261.0,1293.050048828125,1437438
2018-07-03,1298.5999755859375,1308.5999755859375,1288.0999755859375,1291.8499755859375,1399979
2018-07-04,1296.0,1299.949951171875,1282.75,1289.800048828125,619316
2018-07-05,1294.800048828125,1330.0,1278.300048828125,1321.4000244140625,1733903
2018-07-06,1325.0,1335.4000244140625,1309.050048828125,1323.1500244140625,1662920
2018-07-09,1330.0,1367.9000244140625,1325.25,1363.0999755859375,1391869
2018-07-10,1362.800048828125,1375.5,1355.0,1370.449951171875,796987
2018-07-11,1360.0,1384.75,1357.3499755859375,1359.800048828125,784238
2018-07-12,1370.0,1379.0,1346.0,1357.9000244140625,953054
2018-07-13,1359.5,1374.4000244140625,1358.699951171875,1367.800048828125,655594
2018-07-16,1370.0,1394.9000244140625,1351.0999755859375,1359.550048828125,1234066
2018-07-17,1365.4000244140625,1383.5,1353.0999755859375,1376.25,1166581
2018-07-18,1386.0,1399.949951171875,1377.550048828125,1393.0,1085504
2018-07-19,1395.0,1408.5,1393.949951171875,1403.0,848175
2018-07-20,1403.0,1404.75,1381.5,1396.449951171875,575194
2018-07-23,1425.0999755859375,1464.4000244140625,1396.5999755859375,1433.199951171875,1975242
2018-07-24,1443.0,1476.199951171875,1425.5,1467.75,2171087
2018-07-25,1453.0,1490.5999755859375,1421.3499755859375,1450.1500244140625,4310816
2018-07-26,1448.0999755859375,1457.8499755859375,1422.25,1433.8499755859375,1732715
2018-07-27,1437.0,1454.0,1425.3499755859375,1434.8499755859375,630981
2018-07-30,1434.25,1451.8499755859375,1427.0,1430.199951171875,750392
2018-07-31,1430.0,1456.5999755859375,1426.0,1451.4000244140625,1221636
2018-08-01,1458.0,1459.949951171875,1430.800048828125,1437.199951171875,1121286
2018-08-02,1437.199951171875,1443.9000244140625,1414.8499755859375,1418.4000244140625,836564
2018-08-03,1424.0,1426.25,1407.0,1411.8499755859375,1002287
2018-08-06,1420.0,1420.9000244140625,1394.699951171875,1397.4000244140625,795996
2018-08-07,1399.0,1438.0,1399.0,1424.25,1915936
2018-08-08,1430.949951171875,1447.6500244140625,1417.0,1425.75,1063862
2018-08-09,1431.9000244140625,1433.949951171875,1414.0999755859375,1417.3499755859375,903734
2018-08-10,1420.0,1439.9000244140625,1409.25,1418.5999755859375,997053
2018-08-13,1414.0,1421.5999755859375,1397.0,1399.25,875198
2018-08-14,1407.9000244140625,1416.699951171875,1391.550048828125,1395.0999755859375,729379
2018-08-16,1401.0,1410.0,1387.0,1394.800048828125,1050412
2018-08-17,1403.0,1405.1500244140625,1390.0,1400.6500244140625,537229
2018-08-20,1406.0,1431.0,1398.0,1409.0999755859375,1259905
2018-08-21,1416.449951171875,1425.949951171875,1395.4000244140625,1403.300048828125,1520772
2018-08-23,1410.0,1412.0,1390.699951171875,1394.75,859955
2018-08-24,1395.0,1411.0,1385.050048828125,1393.5,919355
2018-08-27,1397.5,1407.0,1396.5,1399.800048828125,785772
2018-08-28,1402.0,1419.6500244140625,1401.0,1407.5,1290318
2018-08-29,1413.75,1413.75,1391.0,1394.0,743529
2018-08-30,1394.0999755859375,1398.699951171875,1373.550048828125,1378.699951171875,1062266
2018-08-31,1383.0,1392.0,1364.199951171875,1372.449951171875,1006329
2018-09-03,1384.0,1387.5,1355.0,1361.5999755859375,817733
2018-09-04,1360.0,1364.5999755859375,1302.5,1311.300048828125,1789240
2018-09-05,1314.5,1330.0,1302.449951171875,1321.300048828125,1222703
2018-09-06,1327.949951171875,1331.949951171875,1308.0,1314.5,726455
2018-09-07,1322.800048828125,1322.800048828125,1310.0,1316.0,912914
2018-09-10,1314.5999755859375,1318.0,1280.5,1293.0999755859375,1121083
2018-09-11,1295.0,1313.300048828125,1286.699951171875,1297.8499755859375,1676544
2018-09-12,1303.5,1303.5,1280.0,1291.0,1111171
2018-09-14,1298.800048828125,1336.550048828125,1297.550048828125,1333.9000244140625,1498792
2018-09-17,1329.949951171875,1329.949951171875,1302.0,1308.6500244140625,965321
2018-09-18,1306.0,1331.75,1285.0,1292.0999755859375,1088372
2018-09-19,1304.199951171875,1319.199951171875,1287.0,1291.3499755859375,929673
2018-09-21,1292.0999755859375,1324.8499755859375,1211.9000244140625,1304.75,1867297
2018-09-24,1300.0,1316.6500244140625,1256.0,1271.949951171875,1691456
2018-09-25,1271.800048828125,1304.8499755859375,1257.1500244140625,1289.9000244140625,1262738
2018-09-26,1300.0,1303.5,1274.0,1282.0,1338324
2018-09-27,1294.800048828125,1314.0,1276.449951171875,1287.5,1901166
2018-09-28,1293.0,1315.0,1286.0,1293.300048828125,1549540
2018-10-01,1299.0,1307.9000244140625,1269.0,1279.800048828125,1143818
2018-10-03,1264.9000244140625,1269.0,1246.1500244140625,1251.75,1236645
2018-10-04,1228.0,1239.199951171875,1214.0,1224.699951171875,1557441
2018-10-05,1221.449951171875,1240.0,1191.8499755859375,1209.5,1344685
2018-10-08,1210.0,1254.0,1201.0999755859375,1247.800048828125,1050759
2018-10-09,1254.0,1255.9000244140625,1191.0,1201.4000244140625,1088738
2018-10-10,1205.9000244140625,1240.8499755859375,1180.9000244140625,1225.949951171875,803576
2018-10-11,1201.0,1221.5,1190.449951171875,1219.050048828125,781348
2018-10-12,1233.9000244140625,1265.949951171875,1233.9000244140625,1261.199951171875,1000950
2018-10-15,1255.0,1257.199951171875,1241.5,1250.300048828125,728514
2018-10-16,1257.0,1282.9000244140625,1252.550048828125,1267.5999755859375,908616
2018-10-17,1282.199951171875,1282.25,1255.0,1259.0,698043
2018-10-19,1264.0,1287.0,1220.449951171875,1235.4000244140625,1449043
2018-10-22,1245.0,1247.1500244140625,1191.0,1200.4000244140625,1949683
2018-10-23,1135.199951171875,1190.0,1118.0,1138.449951171875,8272850
2018-10-24,1160.0,1199.0,1150.1500244140625,1186.9000244140625,2370198
2018-10-25,1180.5,1208.949951171875,1175.0,1200.050048828125,1995349
2018-10-26,1200.0,1202.0,1168.3499755859375,1190.300048828125,1440249
2018-10-29,1194.800048828125,1213.699951171875,1186.5,1196.050048828125,1186190
2018-10-30,1194.800048828125,1208.0,1175.550048828125,1196.300048828125,1075337
2018-10-31,1205.5999755859375,1234.949951171875,1183.8499755859375,1230.4000244140625,1561884
2018-11-01,1233.0,1244.800048828125,1213.800048828125,1217.800048828125,1200280
2018-11-02,1242.0,1291.550048828125,1241.25,1247.0,2235848
2018-11-05,1252.0,1260.6500244140625,1232.5,1244.050048828125,756887
2018-11-06,1242.199951171875,1255.0,1235.0,1238.5,815046
2018-11-07,1250.0,1254.0,1239.199951171875,1250.949951171875,100134
2018-11-09,1259.800048828125,1308.9000244140625,1256.8499755859375,1295.5999755859375,2026920
2018-11-12,1295.0,1314.9000244140625,1275.1500244140625,1278.800048828125,1100286
2018-11-13,1277.449951171875,1295.5999755859375,1277.449951171875,1284.9000244140625,1632176
2018-11-14,1312.0,1337.949951171875,1302.0,1320.550048828125,1631802
2018-11-15,1320.0,1331.8499755859375,1313.4000244140625,1318.300048828125,1065640
2018-11-16,1320.0,1329.800048828125,1313.199951171875,1321.300048828125,1113304
2018-11-19,1329.0,1329.8499755859375,1305.0,1312.1500244140625,784645
2018-11-20,1317.0,1331.050048828125,1304.699951171875,1306.8499755859375,867729
2018-11-21,1329.0,1342.5,1313.75,1324.199951171875,1374789
2018-11-22,1330.0,1330.699951171875,1308.75,1314.4000244140625,691593
2018-11-26,1329.949951171875,1357.550048828125,1323.5999755859375,1349.5,2149117
2018-11-27,1346.800048828125,1346.800048828125,1326.050048828125,1339.5999755859375,1130756
2018-11-28,1352.9000244140625,1354.550048828125,1319.1500244140625,1324.25,1205630
2018-11-29,1336.0,1355.0,1330.699951171875,1350.300048828125,3556169
2018-11-30,1352.800048828125,1361.75,1342.1500244140625,1345.949951171875,1030541
2018-12-03,1345.0,1359.0,1335.050048828125,1338.699951171875,710748
2018-12-04,1336.550048828125,1354.699951171875,1326.449951171875,1329.449951171875,830261
2018-12-05,1328.5,1343.0,1323.5999755859375,1329.5,864628
2018-12-06,1324.0,1324.949951171875,1286.5999755859375,1295.0999755859375,896350
2018-12-07,1306.5,1324.0,1298.4000244140625,1318.6500244140625,1037026
2018-12-10,1280.0,1306.25,1262.300048828125,1274.199951171875,1074399
2018-12-11,1268.0,1336.449951171875,1252.1500244140625,1323.5999755859375,1746513
2018-12-12,1323.0,1337.199951171875,1311.8499755859375,1330.9000244140625,986580
2018-12-13,1338.449951171875,1343.199951171875,1316.0,1320.199951171875,1175211
2018-12-14,1332.800048828125,1351.0,1320.0,1340.949951171875,1869410
2018-12-17,1340.0,1344.949951171875,1330.0,1335.8499755859375,665295
2018-12-18,1338.449951171875,1361.0,1327.550048828125,1355.699951171875,1581385
2018-12-19,1370.0,1406.800048828125,1370.0,1400.25,3334213
2018-12-20,1389.9000244140625,1431.550048828125,1389.050048828125,1425.800048828125,2578234
2018-12-21,1433.9000244140625,1433.9000244140625,1382.300048828125,1388.199951171875,2098064
2018-12-24,1388.0,1388.949951171875,1351.0999755859375,1357.050048828125,1649577
2018-12-26,1367.949951171875,1374.9000244140625,1347.4000244140625,1363.0,1790087
2018-12-27,1360.050048828125,1384.75,1354.300048828125,1372.5,2174090
2018-12-28,1383.0,1383.0,1359.0,1366.0,1705033
2018-12-31,1375.0,1378.0,1367.300048828125,1373.050048828125,698593
2019-01-01,1373.199951171875,1379.699951171875,1358.5999755859375,1371.550048828125,664707
2019-01-02,1367.0,1386.8499755859375,1361.5999755859375,1383.300048828125,1233780
2019-01-03,1381.800048828125,1393.8499755859375,1378.0,1388.300048828125,1636293
2019-01-04,1388.0,1401.4000244140625,1381.4000244140625,1385.8499755859375,1202397
2019-01-07,1386.0,1405.4000244140625,1383.75,1396.0,1074373
2019-01-08,1401.0,1412.699951171875,1395.5,1401.25,1232440
2019-01-09,1402.5,1414.0,1397.1500244140625,1402.0,973687
2019-01-10,1390.0,1400.0,1388.6500244140625,1396.3499755859375,1004783
2019-01-11,1399.75,1406.199951171875,1392.4000244140625,1403.6500244140625,473391
2019-01-14,1404.0,1410.5999755859375,1385.449951171875,1388.5999755859375,1360800
2019-01-15,1388.5999755859375,1414.449951171875,1388.5999755859375,1405.949951171875,1355920
2019-01-16,1410.0,1412.949951171875,1387.699951171875,1389.75,1189597
2019-01-17,1390.0,1398.5,1383.800048828125,1389.5999755859375,853829
2019-01-18,1391.0,1404.75,1383.0,1400.449951171875,1092189
2019-01-21,1395.199951171875,1424.800048828125,1395.199951171875,1422.0999755859375,2513582
2019-01-22,1423.9000244140625,1432.050048828125,1375.25,1406.949951171875,5483768
2019-01-23,1429.0,1429.449951171875,1390.0,1396.550048828125,2702265
2019-01-24,1400.0,1413.5,1396.5,1401.8499755859375,1562800
2019-01-25,1408.4000244140625,1413.699951171875,1353.300048828125,1372.1500244140625,1613548
2019-01-28,1375.0,1391.0,1366.8499755859375,1379.5,1590764
2019-01-29,1377.0,1400.0,1373.199951171875,1393.300048828125,1061762
2019-01-30,1394.0,1416.800048828125,1372.0999755859375,1390.4000244140625,1313152
2019-01-31,1400.0,1415.0,1391.050048828125,1412.5999755859375,1256050
2019-02-01,1412.4000244140625,1469.6500244140625,1408.199951171875,1457.199951171875,2077539
2019-02-04,1444.0,1452.800048828125,1434.0,1446.3499755859375,735159
2019-02-05,1444.949951171875,1466.9000244140625,1443.0999755859375,1450.3499755859375,786962
2019-02-06,1457.8499755859375,1476.199951171875,1452.300048828125,1469.4000244140625,1088914
2019-02-07,1467.050048828125,1476.800048828125,1457.0,1472.449951171875,697412
2019-02-08,1468.0,1480.0,1445.0,1448.800048828125,1018518
2019-02-11,1447.9000244140625,1457.300048828125,1427.0,1437.0999755859375,728051
2019-02-12,1438.5,1456.9000244140625,1435.25,1452.0999755859375,947583
2019-02-14,1417.6500244140625,1423.1500244140625,1396.5,1399.199951171875,915441
2019-02-15,1400.800048828125,1404.949951171875,1372.0999755859375,1393.5999755859375,1113223
2019-02-18,1401.699951171875,1401.699951171875,1345.0,1380.050048828125,1460282
2019-02-19,1372.050048828125,1396.949951171875,1371.0,1377.8499755859375,697530
2019-02-20,1380.0,1398.800048828125,1376.0,1396.9000244140625,843469
2019-02-21,1399.0,1407.8499755859375,1390.300048828125,1397.800048828125,677142
2019-02-22,1399.0,1407.75,1384.199951171875,1397.800048828125,801380
2019-02-25,1399.949951171875,1405.800048828125,1391.3499755859375,1398.25,711217
2019-02-26,1396.9000244140625,1407.0,1378.5999755859375,1402.0,1147218
2019-02-27,1404.0,1430.8499755859375,1395.0,1405.699951171875,1462017
2019-02-28,1414.800048828125,1415.0,1401.449951171875,1405.199951171875,1230935
2019-03-01,1409.0,1417.949951171875,1388.0999755859375,1392.3499755859375,783876
2019-03-05,1393.5,1409.75,1382.699951171875,1403.8499755859375,1214257
2019-03-06,1408.0,1410.0,1386.550048828125,1393.699951171875,720335
2019-03-07,1398.5999755859375,1405.5,1392.0,1395.449951171875,746742
2019-03-08,1393.75,1394.6500244140625,1380.0,1382.3499755859375,524331
2019-03-11,1389.199951171875,1423.0,1385.0,1419.800048828125,1342007
2019-03-12,1422.0,1445.3499755859375,1421.199951171875,1428.0999755859375,1333909
2019-03-13,1439.4000244140625,1439.4000244140625,1417.0,1428.300048828125,708227
2019-03-14,1437.5999755859375,1446.949951171875,1420.0,1434.75,1113700
2019-03-15,1434.0,1457.0,1428.6500244140625,1432.550048828125,1667627
2019-03-18,1446.0,1460.5999755859375,1436.5999755859375,1445.5999755859375,1148000
2019-03-19,1442.0,1459.8499755859375,1440.0,1453.9000244140625,886660
2019-03-20,1462.0,1466.0,1448.5,1456.1500244140625,764625
2019-03-22,1459.0,1479.9000244140625,1452.5999755859375,1471.25,1380404
2019-03-25,1465.0999755859375,1475.5999755859375,1451.5,1457.550048828125,848078
2019-03-26,1460.5,1492.25,1460.5,1485.050048828125,1630147
2019-03-27,1494.0,1496.949951171875,1463.5,1472.050048828125,1387002
2019-03-28,1473.5,1508.949951171875,1473.5,1497.0,1353947
2019-04-01,1496.75,1504.0,1490.0,1492.75,707570
2019-04-02,1493.0,1523.449951171875,1484.550048828125,1519.300048828125,1326634
2019-04-03,1521.25,1529.8499755859375,1493.0,1497.5999755859375,1606692
2019-04-04,1504.800048828125,1525.0,1503.0,1519.0,1409222
2019-04-05,1520.0,1523.6500244140625,1503.0,1514.449951171875,1129222
2019-04-08,1514.0,1514.0,1486.0,1496.3499755859375,925518
2019-04-09,1464.699951171875,1474.9000244140625,1437.199951171875,1444.8499755859375,2642226
2019-04-10,1449.800048828125,1451.0,1405.3499755859375,1409.8499755859375,2608319
2019-04-11,1409.699951171875,1431.949951171875,1408.0,1423.1500244140625,1494450
2019-04-12,1432.75,1444.800048828125,1425.800048828125,1438.6500244140625,1510649
2019-04-15,1447.949951171875,1451.449951171875,1427.0,1431.550048828125,791389
2019-04-16,1442.75,1464.9000244140625,1440.25,1459.0,1463057
2019-04-18,1464.0,1479.9000244140625,1460.300048828125,1469.5999755859375,1425676
2019-04-22,1459.949951171875,1459.949951171875,1435.0,1443.3499755859375,737603
2019-04-23,1449.0,1454.9000244140625,1425.9000244140625,1431.0,601653
2019-04-24,1436.0,1459.4000244140625,1431.0,1450.050048828125,1154712
2019-04-25,1450.0,1460.0,1438.0999755859375,1447.949951171875,1161847
2019-04-26,1450.0,1459.3499755859375,1436.0,1448.75,704193
2019-04-30,1456.0,1477.0,1455.300048828125,1463.1500244140625,1525776
2019-05-02,1465.0,1472.9000244140625,1430.0999755859375,1436.5999755859375,774788
2019-05-03,1443.800048828125,1456.0,1432.199951171875,1438.550048828125,1020007
2019-05-06,1434.949951171875,1448.5999755859375,1408.550048828125,1412.800048828125,1161960
2019-05-07,1426.800048828125,1426.800048828125,1376.3499755859375,1387.800048828125,2863939
2019-05-08,1382.0,1395.0,1362.5999755859375,1385.699951171875,1414591
2019-05-09,1384.949951171875,1393.6500244140625,1346.550048828125,1354.199951171875,2628463
2019-05-10,1314.0999755859375,1350.0,1314.0999755859375,1341.050048828125,3476379
2019-05-13,1341.050048828125,1345.25,1323.6500244140625,1332.5,862130
2019-05-14,1330.0,1334.75,1302.0999755859375,1320.25,2167873
2019-05-15,1326.0,1329.0,1301.699951171875,1305.949951171875,996276
2019-05-16,1312.0,1314.0,1295.8499755859375,1304.4000244140625,726485
2019-05-17,1305.0,1330.75,1301.0,1320.0,860934
2019-05-20,1340.0,1378.4000244140625,1335.0,1373.949951171875,976630
2019-05-21,1384.0,1384.0,1352.699951171875,1357.75,1166297
2019-05-22,1360.5,1373.75,1348.050048828125,1368.449951171875,840075
2019-05-23,1389.0,1389.0,1357.699951171875,1367.75,1527569
2019-05-24,1392.0,1400.449951171875,1376.1500244140625,1384.5,980933
2019-05-27,1386.9000244140625,1390.699951171875,1362.699951171875,1366.8499755859375,782730
2019-05-28,1369.949951171875,1388.8499755859375,1360.0,1364.3499755859375,1562891
2019-05-29,1360.800048828125,1366.949951171875,1347.0999755859375,1358.25,582768
2019-05-30,1365.0,1392.0,1353.9000244140625,1374.5999755859375,1032259
2019-05-31,1381.0,1428.0,1381.0,1407.300048828125,2559888
2019-06-03,1431.949951171875,1464.949951171875,1430.0,1459.25,2867897
2019-06-04,1455.0,1455.0,1417.050048828125,1421.5,1493226
2019-06-06,1434.949951171875,1461.8499755859375,1424.9000244140625,1428.550048828125,1985857
2019-06-07,1429.0,1439.8499755859375,1413.050048828125,1418.3499755859375,878470
2019-06-10,1429.0,1442.0,1418.5,1422.5999755859375,800967
2019-06-11,1428.0,1433.3499755859375,1409.5,1425.5,743047
2019-06-12,1429.949951171875,1439.9000244140625,1421.0,1425.449951171875,874293
2019-06-13,1429.0,1438.9000244140625,1422.199951171875,1429.449951171875,1572720
2019-06-14,1430.0,1431.75,1411.0,1412.75,546091
2019-06-17,1417.0,1425.0,1398.9000244140625,1401.949951171875,962166
2019-06-18,1405.0,1410.4000244140625,1376.050048828125,1380.050048828125,1177437
2019-06-19,1382.0,1396.4000244140625,1372.0,1381.1500244140625,692212
2019-06-20,1365.550048828125,1404.9000244140625,1360.699951171875,1392.050048828125,991210
2019-06-21,1379.949951171875,1394.6500244140625,1372.0,1383.0,1242165
2019-06-24,1386.0,1398.0,1368.25,1376.1500244140625,757055
2019-06-25,1371.0,1372.449951171875,1360.3499755859375,1363.0999755859375,1388994
2019-06-26,1360.0,1369.550048828125,1352.0,1359.949951171875,960174
2019-06-27,1361.0999755859375,1369.6500244140625,1358.1500244140625,1361.4000244140625,2113899
2019-06-28,1365.0,1371.9000244140625,1350.0999755859375,1358.1500244140625,1131371
2019-07-01,1368.0,1374.5,1351.050048828125,1353.8499755859375,739182
2019-07-02,1356.0,1360.0,1340.699951171875,1345.75,1171118
2019-07-03,1356.050048828125,1371.0,1349.5,1352.0,1378288
2019-07-04,1356.0,1366.3499755859375,1351.1500244140625,1359.699951171875,902077
2019-07-05,1363.9000244140625,1373.449951171875,1351.449951171875,1358.699951171875,966162
2019-07-08,1358.0,1358.4000244140625,1332.699951171875,1340.25,866416
2019-07-09,1344.9000244140625,1344.9000244140625,1291.25,1321.0,2037332
2019-07-10,1317.800048828125,1340.3499755859375,1312.050048828125,1322.949951171875,1115080
2019-07-11,1317.0,1337.0,1311.050048828125,1332.449951171875,757323
2019-07-12,1332.449951171875,1369.550048828125,1325.449951171875,1361.949951171875,1050985
2019-07-15,1362.8499755859375,1367.0,1347.050048828125,1353.1500244140625,666533
2019-07-16,1352.0,1375.0,1345.0,1372.300048828125,782642
2019-07-17,1377.0,1404.8499755859375,1375.5,1395.9000244140625,1599926
2019-07-18,1395.0,1395.3499755859375,1377.199951171875,1384.949951171875,802222
2019-07-19,1390.0999755859375,1399.4000244140625,1365.0,1369.0999755859375,842552
2019-07-22,1367.800048828125,1410.0,1359.050048828125,1404.199951171875,1279369
2019-07-23,1409.0,1443.949951171875,1401.8499755859375,1429.3499755859375,2262423
2019-07-24,1430.5,1493.5,1395.1500244140625,1483.4000244140625,7400250
2019-07-25,1481.300048828125,1503.8499755859375,1459.050048828125,1495.8499755859375,4194809
2019-07-26,1488.0999755859375,1530.800048828125,1485.5999755859375,1526.449951171875,2420636
2019-07-29,1524.9000244140625,1538.25,1506.5999755859375,1513.25,1634196
2019-07-30,1511.0999755859375,1527.0,1502.699951171875,1508.75,1436383
2019-07-31,1507.0,1525.0,1495.1500244140625,1521.0999755859375,1249734
2019-08-01,1515.0,1531.449951171875,1493.6500244140625,1504.699951171875,2263295
2019-08-02,1509.0,1550.0,1504.5,1545.199951171875,3044783
2019-08-05,1533.199951171875,1551.0,1521.699951171875,1525.4000244140625,1443728
2019-08-06,1530.0,1569.8499755859375,1524.050048828125,1565.8499755859375,2056715
2019-08-07,1563.300048828125,1575.0,1551.9000244140625,1559.199951171875,1583322
2019-08-08,1565.75,1569.699951171875,1540.300048828125,1565.9000244140625,1579565
2019-08-09,1569.199951171875,1581.9000244140625,1561.0,1575.5,1154542
2019-08-13,1573.5,1594.0,1568.0,1573.3499755859375,1612748
2019-08-14,1574.5,1575.5,1552.5,1569.699951171875,1113095
2019-08-16,1571.0,1600.8499755859375,1561.0,1597.449951171875,1682359
2019-08-19,1599.0,1609.550048828125,1582.199951171875,1586.449951171875,1322246
2019-08-20,1585.0,1599.5,1582.699951171875,1595.1500244140625,1024331
2019-08-21,1585.25,1595.0,1578.550048828125,1589.1500244140625,704009
2019-08-22,1585.199951171875,1593.9000244140625,1566.300048828125,1570.199951171875,985590
2019-08-23,1569.9000244140625,1583.3499755859375,1555.6500244140625,1580.4000244140625,984637
2019-08-26,1590.0,1600.0,1577.1500244140625,1597.550048828125,1153556
2019-08-27,1600.0,1607.449951171875,1585.5,1599.449951171875,1581449
2019-08-28,1599.199951171875,1606.75,1590.5999755859375,1603.1500244140625,565676
2019-08-29,1602.8499755859375,1619.9000244140625,1589.0,1615.25,861692
2019-08-30,1616.0,1622.5,1595.0999755859375,1616.199951171875,1181516
2019-09-03,1608.0,1609.5999755859375,1573.550048828125,1576.75,1289263
2019-09-04,1579.0,1582.5999755859375,1527.800048828125,1535.1500244140625,2381389
2019-09-05,1537.0,1545.9000244140625,1515.25,1519.75,1506173
2019-09-06,1524.0,1539.449951171875,1519.75,1532.4000244140625,801338
2019-09-09,1530.550048828125,1545.0,1524.199951171875,1540.5999755859375,812836
2019-09-11,1545.0,1565.0,1542.6500244140625,1561.449951171875,1541300
2019-09-12,1570.0,1570.0,1537.1500244140625,1540.300048828125,753116
2019-09-13,1540.0,1553.1500244140625,1528.0,1548.199951171875,547381
2019-09-16,1510.0,1526.949951171875,1502.0999755859375,1521.300048828125,1811073
2019-09-17,1527.4000244140625,1543.300048828125,1518.5999755859375,1530.9000244140625,1353034
2019-09-18,1542.1500244140625,1560.949951171875,1535.0,1547.75,1057300
2019-09-19,1553.9000244140625,1563.5,1545.0,1553.9000244140625,879908
2019-09-20,1559.0,1725.25,1542.0999755859375,1671.0,3962166
2019-09-23,1697.8499755859375,1820.0,1697.8499755859375,1802.75,4253004
2019-09-24,1802.800048828125,1802.949951171875,1752.0,1765.9000244140625,2028042
2019-09-25,1784.0,1784.0,1728.25,1751.800048828125,1794074
2019-09-26,1761.800048828125,1780.0,1751.9000244140625,1770.949951171875,1674004
2019-09-27,1770.0,1781.4000244140625,1735.3499755859375,1776.300048828125,1115289
2019-09-30,1768.0,1770.0,1737.050048828125,1762.1500244140625,1041807
2019-10-01,1768.949951171875,1799.9000244140625,1757.0,1766.0999755859375,1317945
2019-10-03,1765.0,1768.25,1732.199951171875,1748.949951171875,1010826
2019-10-04,1753.9000244140625,1761.699951171875,1717.0999755859375,1724.4000244140625,1231811
2019-10-07,1724.949951171875,1742.949951171875,1717.8499755859375,1725.1500244140625,562559
2019-10-09,1725.699951171875,1778.0,1725.699951171875,1773.449951171875,1777552
2019-10-10,1765.0,1793.0,1756.5,1778.5999755859375,1599166
2019-10-11,1787.5999755859375,1801.800048828125,1764.050048828125,1790.25,1442236
2019-10-14,1790.0,1806.300048828125,1784.699951171875,1798.699951171875,881724
2019-10-15,1807.699951171875,1825.0,1796.0,1803.0999755859375,1204392
2019-10-16,1808.5,1814.0,1756.550048828125,1765.699951171875,1403020
2019-10-17,1772.0,1816.6500244140625,1756.0,1812.300048828125,1722055
2019-10-18,1815.0,1824.449951171875,1786.699951171875,1816.75,1682488
2019-10-22,1822.699951171875,1825.0,1775.0,1780.199951171875,2135313
2019-10-23,1762.4000244140625,1800.0,1762.0,1767.4000244140625,3369253
2019-10-24,1778.0,1794.949951171875,1753.050048828125,1790.5,1497854
2019-10-25,1797.0,1808.4000244140625,1785.050048828125,1796.300048828125,1202154
2019-10-27,1802.0,1807.550048828125,1788.0999755859375,1792.5999755859375,124919
2019-10-29,1792.0999755859375,1820.0,1772.550048828125,1814.25,1050123
2019-10-30,1830.0,1830.0,1804.0,1821.300048828125,1133258
2019-10-31,1826.300048828125,1834.800048828125,1803.5,1809.5999755859375,1297114
2019-11-01,1816.0,1821.0,1762.0,1766.3499755859375,1527660
2019-11-04,1775.0,1790.0,1766.199951171875,1785.9000244140625,821893
2019-11-05,1780.0,1797.800048828125,1767.5999755859375,1793.8499755859375,1251974
2019-11-06,1789.0,1815.0,1780.5999755859375,1797.5999755859375,1136777
2019-11-07,1810.0,1830.9000244140625,1798.199951171875,1826.949951171875,1380635
2019-11-08,1826.0,1826.800048828125,1790.800048828125,1794.8499755859375,1077136
2019-11-11,1789.949951171875,1793.949951171875,1768.0,1773.949951171875,860384
2019-11-13,1773.75,1787.0,1756.699951171875,1770.449951171875,983760
2019-11-14,1778.0,1800.0,1766.449951171875,1771.8499755859375,1116800
2019-11-15,1780.8499755859375,1784.0,1756.300048828125,1760.699951171875,729613
2019-11-18,1760.699951171875,1765.449951171875,1734.5,1739.0,1273055
2019-11-19,1747.949951171875,1748.0,1718.5,1721.3499755859375,1187377
2019-11-20,1729.9000244140625,1748.8499755859375,1715.449951171875,1723.5,1374382
2019-11-21,1727.9000244140625,1734.8499755859375,1711.0,1720.3499755859375,913095
2019-11-22,1710.0,1713.949951171875,1676.0,1682.75,1275334
2019-11-25,1684.0,1718.0,1666.1500244140625,1710.699951171875,1320689
2019-11-26,1718.0,1728.8499755859375,1687.5999755859375,1710.300048828125,2714721
2019-11-27,1714.0,1731.0,1704.5999755859375,1715.3499755859375,883771
2019-11-28,1718.25,1727.550048828125,1701.75,1714.5999755859375,691147
2019-11-29,1715.0,1720.4000244140625,1677.3499755859375,1706.1500244140625,1890290
2019-12-02,1706.199951171875,1742.5,1698.3499755859375,1738.25,1476972
2019-12-03,1740.0,1750.949951171875,1725.0,1736.449951171875,1374317
2019-12-04,1731.199951171875,1734.4000244140625,1710.25,1720.300048828125,853421
2019-12-05,1717.4000244140625,1738.1500244140625,1707.0,1715.8499755859375,971984
2019-12-06,1722.9000244140625,1747.5999755859375,1712.8499755859375,1716.6500244140625,1031777
2019-12-09,1725.0,1732.9000244140625,1711.0,1726.3499755859375,751290
2019-12-10,1726.0,1732.0,1709.0,1713.1500244140625,686580
2019-12-11,1718.0,1741.5999755859375,1713.25,1738.199951171875,827804
2019-12-12,1740.3499755859375,1754.0,1728.0999755859375,1750.6500244140625,802332
2019-12-13,1751.0,1757.699951171875,1735.550048828125,1743.949951171875,960033
2019-12-16,1744.0,1752.0,1728.050048828125,1731.449951171875,707437
2019-12-17,1735.199951171875,1748.949951171875,1730.25,1745.4000244140625,873024
2019-12-18,1749.25,1782.0,1733.6500244140625,1778.449951171875,1476506
2019-12-19,1778.800048828125,1807.800048828125,1775.5999755859375,1803.0999755859375,2554245
2019-12-20,1804.949951171875,1809.0,1795.0,1799.25,1419128
2019-12-23,1795.800048828125,1814.5999755859375,1786.199951171875,1807.550048828125,659899
2019-12-24,1812.0,1826.0,1799.050048828125,1803.449951171875,896574
2019-12-26,1799.4000244140625,1819.699951171875,1797.050048828125,1809.5999755859375,1161570
2019-12-27,1811.0,1826.0,1800.5999755859375,1812.25,930468
2019-12-30,1810.0,1818.449951171875,1798.699951171875,1802.300048828125,562492
2019-12-31,1805.0,1805.0,1781.0999755859375,1784.949951171875,928396
2020-01-01,1790.199951171875,1802.550048828125,1783.199951171875,1793.199951171875,397285
2020-01-02,1791.0,1799.9000244140625,1783.4000244140625,1790.6500244140625,411266
2020-01-03,1779.800048828125,1779.800048828125,1747.050048828125,1751.4000244140625,1318628
2020-01-06,1737.949951171875,1738.0,1694.0,1707.1500244140625,1871804
2020-01-07,1711.0,1740.5,1711.0,1724.4000244140625,1033650
2020-01-08,1696.0,1736.0,1695.0,1728.800048828125,1006057
2020-01-09,1763.0,1775.0,1741.0,1772.550048828125,1781733
2020-01-10,1772.0,1797.300048828125,1760.0,1792.550048828125,1256612
2020-01-13,1799.0,1807.949951171875,1794.3499755859375,1804.9000244140625,823821
2020-01-14,1805.0,1821.6500244140625,1804.800048828125,1819.1500244140625,775629
2020-01-15,1817.5,1845.0,1810.0999755859375,1842.25,1252925
2020-01-16,1835.949951171875,1848.0,1828.75,1835.1500244140625,1031569
2020-01-17,1835.5999755859375,1838.9000244140625,1815.0,1830.050048828125,862204
2020-01-20,1838.0,1862.25,1833.5999755859375,1848.75,1091453
2020-01-21,1839.949951171875,1842.550048828125,1793.8499755859375,1810.75,2101561
2020-01-22,1815.0,1818.699951171875,1766.8499755859375,1779.25,3415306
2020-01-23,1779.0,1789.0,1757.0999755859375,1776.0999755859375,1885275
2020-01-24,1783.6500244140625,1799.9000244140625,1780.25,1786.800048828125,1195596
2020-01-27,1787.0,1805.75,1780.0,1788.3499755859375,969054
2020-01-28,1794.0,1794.0,1773.0,1779.0999755859375,873291
2020-01-29,1787.0,1803.8499755859375,1781.0,1796.949951171875,873805
2020-01-30,1800.0,1808.9000244140625,1786.0,1805.0,1005975
2020-01-31,1810.0,1824.0,1788.699951171875,1795.6500244140625,1169614
2020-02-03,1768.800048828125,1872.9000244140625,1765.0,1867.6500244140625,2854532
2020-02-04,1870.0,1896.75,1855.050048828125,1891.300048828125,1830049
2020-02-05,1889.0,1890.0,1866.1500244140625,1873.5,1344016
2020-02-06,1878.0,1882.4000244140625,1845.0,1856.800048828125,995386
2020-02-07,1856.800048828125,1876.5,1850.5999755859375,1858.699951171875,632858
2020-02-10,1867.0,1872.75,1837.199951171875,1869.5,747711
2020-02-11,1880.0,1894.5,1872.75,1878.0999755859375,1093021
2020-02-12,1880.0,1916.699951171875,1878.199951171875,1893.699951171875,1616826
2020-02-13,1889.0,1901.949951171875,1868.050048828125,1874.050048828125,638878
2020-02-14,1876.5,1899.6500244140625,1870.0,1877.050048828125,771464
2020-02-17,1879.9000244140625,1893.5,1870.5999755859375,1881.4000244140625,676579
2020-02-18,1879.9000244140625,1879.9000244140625,1861.0,1863.6500244140625,683421
2020-02-19,1870.0999755859375,1892.75,1851.3499755859375,1884.9000244140625,723351
2020-02-20,1883.0,1886.0,1839.050048828125,1842.25,1401879
2020-02-24,1845.25,1853.0,1814.0,1818.949951171875,1310832
2020-02-25,1838.4000244140625,1843.550048828125,1820.199951171875,1826.0999755859375,897257
2020-02-26,1826.0,1845.0,1820.0,1826.6500244140625,1909619
2020-02-27,1829.8499755859375,1852.0,1810.449951171875,1843.800048828125,1643273
2020-02-28,1820.0,1842.0999755859375,1783.1500244140625,1797.949951171875,2964119
2020-03-02,1815.0999755859375,1837.449951171875,1769.25,1786.800048828125,1219296
2020-03-03,1780.050048828125,1818.0,1767.0,1800.550048828125,1392463
2020-03-04,1804.050048828125,1857.449951171875,1804.050048828125,1847.949951171875,3050469
2020-03-05,1854.0,1882.0,1852.0999755859375,1874.449951171875,2062439
2020-03-06,1840.0,1884.4000244140625,1835.0,1877.449951171875,1393659
2020-03-09,1888.0,1915.9000244140625,1848.0,1867.1500244140625,3420741
2020-03-11,1874.949951171875,1905.0,1851.5,1882.8499755859375,3194186
2020-03-12,1864.949951171875,1874.800048828125,1815.0,1843.3499755859375,6254349
2020-03-13,1785.0,1843.75,1669.8499755859375,1797.699951171875,3878300
2020-03-16,1777.0,1777.0,1678.1500244140625,1683.4000244140625,2867336
2020-03-17,1699.0,1779.800048828125,1670.0,1731.5999755859375,2643189
2020-03-18,1732.0,1758.550048828125,1608.0,1618.199951171875,3676437
2020-03-19,1540.0,1653.949951171875,1431.199951171875,1601.199951171875,4906644
2020-03-20,1610.0,1757.4000244140625,1570.550048828125,1742.949951171875,3128629
2020-03-23,1578.5999755859375,1650.0,1490.75,1498.449951171875,2155326
2020-03-24,1556.550048828125,1598.0,1453.25,1524.8499755859375,3910566
2020-03-25,1446.550048828125,1605.3499755859375,1446.0,1593.1500244140625,2196415
2020-03-26,1605.0,1650.0,1574.0,1616.949951171875,2622118
2020-03-27,1664.800048828125,1665.25,1550.199951171875,1604.1500244140625,2102479
2020-03-30,1591.1500244140625,1619.5,1559.050048828125,1594.949951171875,1844011
2020-03-31,1625.0,1690.0,1601.800048828125,1666.5,2789174
2020-04-01,1650.050048828125,1655.0,1584.25,1603.199951171875,1559455
2020-04-03,1615.0999755859375,1616.0,1517.25,1520.9000244140625,2925847
2020-04-07,1540.0,1635.0,1538.0,1623.800048828125,2733586
2020-04-08,1623.800048828125,1687.800048828125,1600.0,1608.949951171875,2382213
2020-04-09,1640.0,1678.9000244140625,1618.949951171875,1651.3499755859375,1489539
2020-04-13,1646.0,1703.6500244140625,1602.8499755859375,1680.8499755859375,2586159
2020-04-15,1703.6500244140625,1736.75,1683.800048828125,1718.199951171875,2508270
2020-04-16,1691.0,1752.300048828125,1684.75,1743.0999755859375,1821296
2020-04-17,1763.0,1783.699951171875,1727.0999755859375,1756.25,1398686
2020-04-20,1758.25,1758.6500244140625,1705.6500244140625,1730.449951171875,1431055
2020-04-21,1710.0,1753.949951171875,1700.0,1726.0,1594930
2020-04-22,1717.0999755859375,1822.0,1712.25,1813.0,3727805
2020-04-23,1807.0,1845.4000244140625,1801.050048828125,1821.6500244140625,2573552
2020-04-24,1815.050048828125,1842.800048828125,1814.0,1827.550048828125,2744768
2020-04-27,1840.0,1859.800048828125,1818.0999755859375,1851.3499755859375,1770889
2020-04-28,1847.199951171875,1864.0,1806.300048828125,1824.4000244140625,1934910
2020-04-29,1846.9000244140625,1847.0,1755.9000244140625,1767.5,2931120
2020-04-30,1795.0,1797.0,1741.0,1758.699951171875,2926333
2020-05-04,1718.0,1751.0,1671.5,1676.800048828125,2942397
2020-05-05,1681.0,1692.9000244140625,1578.25,1619.1500244140625,5867890
2020-05-06,1615.0,1638.699951171875,1577.0,1610.6500244140625,3937921
2020-05-07,1609.949951171875,1628.699951171875,1545.199951171875,1594.300048828125,5256213
2020-05-08,1611.800048828125,1638.0,1570.0,1578.4000244140625,5644426
2020-05-11,1583.0,1599.0,1555.0,1569.5999755859375,3767646
2020-05-12,1539.0,1543.75,1512.0,1523.3499755859375,4504073
2020-05-13,1579.800048828125,1579.800048828125,1533.3499755859375,1563.300048828125,2940514
2020-05-14,1553.300048828125,1557.5999755859375,1517.0,1522.4000244140625,2592264
2020-05-15,1529.0,1560.0,1510.0,1552.949951171875,2860493
2020-05-18,1558.0,1558.550048828125,1498.0999755859375,1501.0999755859375,2871905
2020-05-19,1510.0,1516.949951171875,1482.949951171875,1503.949951171875,3164137
2020-05-20,1503.949951171875,1514.0,1492.6500244140625,1500.050048828125,2057402
2020-05-21,1503.0,1583.5,1501.0,1574.300048828125,3845743
2020-05-22,1568.800048828125,1625.0,1555.4000244140625,1617.9000244140625,5203736
2020-05-26,1625.0,1656.949951171875,1620.0,1629.8499755859375,3552636
2020-05-27,1631.0,1636.8499755859375,1595.949951171875,1619.449951171875,2260057
2020-05-28,1622.0,1656.949951171875,1615.25,1643.5999755859375,3138915
2020-05-29,1639.0,1699.0,1633.0999755859375,1683.0999755859375,3532977
2020-06-01,1706.5,1711.9000244140625,1681.5,1693.25,2529255
2020-06-02,1693.25,1733.0,1680.0,1709.300048828125,2440552
2020-06-03,1724.0,1744.0,1705.8499755859375,1716.550048828125,3088817
2020-06-04,1716.449951171875,1719.5999755859375,1627.0,1633.75,4388930
2020-06-05,1650.0,1659.3499755859375,1621.0,1638.550048828125,2884206
2020-06-08,1657.0,1666.0,1629.0,1634.25,2046505
2020-06-09,1640.0,1695.0,1636.75,1642.050048828125,3671930
2020-06-10,1648.0,1675.0999755859375,1627.9000244140625,1635.949951171875,2069280
2020-06-11,1635.949951171875,1646.0,1607.0,1610.5999755859375,1888420
2020-06-12,1580.0,1642.949951171875,1577.5,1637.3499755859375,2391556
2020-06-15,1629.0,1650.6500244140625,1602.0999755859375,1618.199951171875,1681166
2020-06-16,1639.0,1640.25,1607.6500244140625,1621.699951171875,1497691
2020-06-17,1607.550048828125,1622.6500244140625,1590.4000244140625,1595.4000244140625,1812788
2020-06-18,1595.4000244140625,1612.199951171875,1587.300048828125,1597.800048828125,1417273
2020-06-19,1597.800048828125,1630.0,1591.050048828125,1622.5,2714342
2020-06-22,1633.0,1673.5,1624.0,1652.1500244140625,2034739
2020-06-23,1659.8499755859375,1689.0,1641.0,1683.9000244140625,2334863
2020-06-24,1684.0,1813.75,1684.0,1747.25,11545923
2020-06-25,1740.0,1747.0,1683.1500244140625,1689.0,4054785
2020-06-26,1710.0,1710.3499755859375,1670.699951171875,1686.75,2129986
2020-06-29,1687.0,1708.449951171875,1674.050048828125,1691.949951171875,2753482
2020-06-30,1708.9000244140625,1718.0,1681.6500244140625,1687.449951171875,1960731
2020-07-01,1698.0,1698.0,1680.050048828125,1688.0,1661296
2020-07-02,1700.0,1704.0,1660.0999755859375,1686.449951171875,2038399
2020-07-03,1695.4000244140625,1720.0,1690.0,1695.6500244140625,1988941
2020-07-06,1708.949951171875,1712.0,1692.1500244140625,1708.8499755859375,1236670
2020-07-07,1708.949951171875,1749.9000244140625,1705.8499755859375,1745.75,2983260
2020-07-08,1750.0,1761.800048828125,1680.050048828125,1686.25,2725937
2020-07-09,1694.0,1722.0,1692.0999755859375,1717.25,1904661
2020-07-10,1707.949951171875,1711.0,1695.199951171875,1703.5,1156043
2020-07-13,1708.0,1732.9000244140625,1700.0,1705.6500244140625,1289791
2020-07-14,1705.6500244140625,1718.0,1682.0999755859375,1688.4000244140625,1347120
2020-07-15,1700.0,1713.5999755859375,1663.300048828125,1671.6500244140625,1611341
2020-07-16,1679.800048828125,1697.0999755859375,1645.0999755859375,1693.199951171875,1442725
2020-07-17,1695.0,1742.5,1689.75,1717.9000244140625,2308792
2020-07-20,1727.0,1757.3499755859375,1720.25,1751.5999755859375,1848600
2020-07-21,1761.0,1771.75,1719.0,1724.25,2088461
2020-07-22,1724.25,1736.4000244140625,1691.0,1695.75,1300409
2020-07-23,1690.0,1740.0,1687.0,1727.800048828125,2375218
2020-07-24,1724.0,1727.0,1682.0,1712.050048828125,3971563
2020-07-27,1717.199951171875,1788.0,1717.199951171875,1778.1500244140625,6470525
2020-07-28,1779.0,1792.6500244140625,1751.050048828125,1759.6500244140625,2534092
2020-07-29,1770.0,1779.9000244140625,1730.0,1740.1500244140625,1530981
2020-07-30,1752.0,1778.0,1728.0999755859375,1743.3499755859375,2113975
2020-07-31,1754.0,1770.9000244140625,1710.4000244140625,1715.5,1678643
2020-08-03,1729.0,1735.0,1697.5,1705.5,1437425
2020-08-04,1719.0,1735.0,1708.550048828125,1713.949951171875,1815396
2020-08-05,1718.0,1741.949951171875,1712.5,1716.300048828125,1416803
2020-08-06,1732.050048828125,1752.0999755859375,1720.0999755859375,1727.550048828125,1914507
2020-08-07,1727.550048828125,1816.9000244140625,1725.699951171875,1806.25,5166075
2020-08-10,1810.0,1824.300048828125,1777.0,1782.3499755859375,1892614
2020-08-11,1800.0,1837.800048828125,1780.0,1789.550048828125,3039662
2020-08-12,1789.949951171875,1806.0,1772.0,1797.25,1679096
2020-08-13,1806.4000244140625,1815.0,1788.0,1802.550048828125,1192375
2020-08-14,1818.699951171875,1830.0,1795.5,1802.550048828125,1868376
2020-08-17,1820.0,1842.5,1801.8499755859375,1836.699951171875,1634180
2020-08-18,1831.0,1884.0,1831.0,1874.0999755859375,2586298
2020-08-19,1890.0,1902.4000244140625,1872.550048828125,1885.699951171875,1947114
2020-08-20,1867.949951171875,1880.0,1857.050048828125,1874.9000244140625,1538879
2020-08-21,1887.9000244140625,1973.25,1880.75,1958.0,5688228
2020-08-24,1958.0,1996.0,1940.0,1962.1500244140625,3996329
2020-08-25,1964.25,2016.8499755859375,1964.0,2000.5999755859375,3544399
2020-08-26,2000.949951171875,2009.0,1955.5,1971.4000244140625,2245810
2020-08-27,1980.9000244140625,2009.0,1970.050048828125,1982.5,3116305
2020-08-28,1994.0,1997.0,1953.300048828125,1958.0999755859375,1842536
2020-08-31,1977.0,1983.9000244140625,1881.25,1899.0999755859375,2738522
2020-09-01,1925.0,1988.0,1907.75,1979.300048828125,3068285
2020-09-02,1977.949951171875,1997.0,1925.0,1943.949951171875,2569603
2020-09-03,1950.199951171875,1987.8499755859375,1945.0,1978.0,1931667
2020-09-04,1958.0,1993.699951171875,1951.0,1956.3499755859375,1930422
2020-09-07,1965.0,2003.6500244140625,1948.0999755859375,1982.0999755859375,2855392
2020-09-08,1987.5,2001.949951171875,1952.0,1960.3499755859375,2401034
2020-09-09,1960.3499755859375,1993.9000244140625,1958.0,1979.050048828125,2776804
2020-09-10,1985.050048828125,2069.699951171875,1981.0,2056.550048828125,5081252
2020-09-11,2063.0,2069.949951171875,2022.0,2035.949951171875,2599475
2020-09-14,2050.0,2054.0,2005.0,2031.199951171875,2142458
2020-09-15,2045.0,2049.550048828125,2009.050048828125,2017.550048828125,1997383
2020-09-16,2027.0,2027.0,1994.1500244140625,2012.0999755859375,1717740
2020-09-17,2000.0,2045.0,2000.0,2007.949951171875,2416918
2020-09-18,2026.300048828125,2044.3499755859375,2015.0,2028.4000244140625,3021436
2020-09-21,2036.4000244140625,2057.0,1962.300048828125,1972.550048828125,2518361
2020-09-22,1990.199951171875,1995.699951171875,1926.3499755859375,1937.5,1974860
2020-09-23,1940.0,1990.0,1928.300048828125,1946.550048828125,2732912
2020-09-24,1941.550048828125,1945.0,1907.75,1918.3499755859375,1906183
2020-09-25,1925.25,1955.0,1908.0,1925.5999755859375,1939316
2020-09-28,1938.0,1958.0,1930.0,1945.5999755859375,1137313
2020-09-29,1960.0,1989.949951171875,1954.0,1959.949951171875,1965383
2020-09-30,1966.0999755859375,2004.0,1958.1500244140625,1986.4000244140625,2518982
2020-10-01,2007.0,2049.35009765625,1992.050048828125,2040.449951171875,2014003
2020-10-05,2040.449951171875,2042.699951171875,2011.0,2028.0,1554873
2020-10-06,2050.0,2097.89990234375,2045.0999755859375,2090.0,3152378
2020-10-07,2080.0,2118.800048828125,2073.949951171875,2105.0,2429595
2020-10-08,2104.5,2107.949951171875,2072.050048828125,2088.64990234375,1427493
2020-10-09,2094.0,2108.89990234375,2045.1500244140625,2050.60009765625,1636939
2020-10-12,2067.89990234375,2086.449951171875,2041.25,2077.85009765625,2182836
2020-10-13,2077.0,2114.0,2054.050048828125,2064.64990234375,2619233
2020-10-14,2070.0,2085.5,2055.0,2071.35009765625,1530471
2020-10-15,2070.0,2124.0,2066.050048828125,2090.449951171875,4001883
2020-10-16,2089.949951171875,2090.0,2055.550048828125,2061.199951171875,2017706
2020-10-19,2079.949951171875,2079.949951171875,2056.5,2070.10009765625,1338404
2020-10-20,2077.89990234375,2131.800048828125,2067.35009765625,2118.5,2377713
2020-10-21,2130.0,2143.85009765625,2081.25,2114.300048828125,2895432
2020-10-22,2114.199951171875,2116.85009765625,2076.800048828125,2099.89990234375,2755686
2020-10-23,2113.5,2129.39990234375,2096.0,2120.25,3070714
2020-10-26,2116.35009765625,2116.35009765625,2070.050048828125,2080.449951171875,1278139
2020-10-27,2085.0,2207.35009765625,2085.0,2197.800048828125,4964874
2020-10-28,2199.800048828125,2218.550048828125,2150.14990234375,2159.550048828125,3166047
2020-10-29,2162.0,2233.25,2161.10009765625,2225.449951171875,4795796
2020-10-30,2210.10009765625,2242.85009765625,2195.5,2211.5,3006197
2020-11-02,2198.0,2225.89990234375,2166.10009765625,2172.85009765625,1772571
2020-11-03,2193.89990234375,2193.89990234375,2146.75,2154.64990234375,1781465
2020-11-04,2160.0,2213.85009765625,2156.0,2169.449951171875,2189957
2020-11-05,2190.0,2245.699951171875,2183.64990234375,2238.300048828125,2671841
2020-11-06,2233.949951171875,2248.0,2202.5,2209.050048828125,2395965
2020-11-09,2249.0,2249.0,2214.14990234375,2225.199951171875,1691773
2020-11-10,2225.199951171875,2238.550048828125,2189.0,2199.75,1879561
2020-11-11,2205.0,2223.0,2157.300048828125,2181.699951171875,2387398
2020-11-12,2172.0,2201.75,2162.0,2171.800048828125,1626054
2020-11-13,2180.5,2206.550048828125,2172.0,2179.949951171875,1560060
2020-11-14,2192.0,2193.39990234375,2180.35009765625,2184.60009765625,146991
2020-11-17,2206.39990234375,2221.89990234375,2182.0,2187.64990234375,1699293
2020-11-18,2185.0,2210.0,2166.10009765625,2195.75,1817170
2020-11-19,2175.0,2195.0,2156.699951171875,2161.699951171875,2669522
2020-11-20,2163.35009765625,2190.050048828125,2160.550048828125,2166.550048828125,2196113
2020-11-23,2160.550048828125,2196.949951171875,2138.800048828125,2186.25,4002609
2020-11-24,2192.89990234375,2231.0,2191.0,2207.89990234375,2954306
2020-11-25,2197.25,2208.699951171875,2150.0,2154.300048828125,1682365
2020-11-26,2160.0,2177.449951171875,2117.14990234375,2155.300048828125,2247478
2020-11-27,2170.0,2244.60009765625,2165.0,2215.300048828125,10036402
2020-12-01,2275.0,2275.0,2206.199951171875,2230.050048828125,2235498
2020-12-02,2241.0,2325.949951171875,2236.0,2315.85009765625,3305952
2020-12-03,2340.0,2421.85009765625,2316.25,2411.39990234375,4334658
2020-12-04,2400.0,2445.0,2375.0,2438.75,2789953
2020-12-07,2440.0,2478.800048828125,2437.0,2472.550048828125,1762501
2020-12-08,2470.550048828125,2484.199951171875,2427.949951171875,2438.89990234375,2090950
2020-12-09,2450.0,2532.10009765625,2447.0,2522.300048828125,2022370
2020-12-10,2515.949951171875,2552.0,2501.0,2526.050048828125,2372909
2020-12-11,2516.0,2536.89990234375,2495.0,2520.949951171875,2171653
2020-12-14,2530.0,2553.89990234375,2521.0,2548.14990234375,1280339
2020-12-15,2535.0,2538.60009765625,2502.5,2527.449951171875,1283286
2020-12-16,2540.0,2587.89990234375,2537.60009765625,2582.449951171875,1920875
2020-12-17,2569.0,2603.35009765625,2557.0,2575.050048828125,1750663
2020-12-18,2577.0,2636.0,2575.550048828125,2601.5,4402604
2020-12-21,2595.449951171875,2602.300048828125,2539.10009765625,2554.64990234375,1383048
2020-12-22,2541.0,2613.60009765625,2496.199951171875,2600.800048828125,1993090
2020-12-23,2604.0,2650.0,2604.0,2642.550048828125,1339307
2020-12-24,2658.0,2658.0,2613.0,2648.25,1143202
2020-12-28,2654.25,2689.5,2629.550048828125,2683.89990234375,1226254
2020-12-29,2685.0,2712.449951171875,2673.0,2696.800048828125,1562853
2020-12-30,2694.0,2742.85009765625,2680.35009765625,2734.39990234375,1614643
2020-12-31,2734.39990234375,2772.0,2725.050048828125,2764.5,1526325
2021-01-01,2759.0,2792.0,2750.0,2775.550048828125,1246698
2021-01-04,2781.10009765625,2791.10009765625,2745.0,2753.699951171875,1360486
2021-01-05,2753.699951171875,2804.60009765625,2732.0,2793.85009765625,1299589
2021-01-06,2801.300048828125,2822.449951171875,2780.0,2805.35009765625,1697884
2021-01-07,2801.0,2831.85009765625,2781.5,2792.25,1142806
2021-01-08,2818.0,2849.800048828125,2789.050048828125,2844.699951171875,1660967
2021-01-11,2845.0,2873.449951171875,2824.60009765625,2849.300048828125,1517995
2021-01-12,2849.60009765625,2850.0,2712.14990234375,2720.550048828125,6674890
2021-01-13,2760.0,2763.0,2678.0,2703.699951171875,2862676
2021-01-14,2713.0,2736.64990234375,2648.0,2663.89990234375,2124950
2021-01-15,2660.89990234375,2661.85009765625,2580.550048828125,2590.89990234375,2570436
2021-01-18,2592.0,2619.85009765625,2555.39990234375,2588.199951171875,2395168
2021-01-19,2615.0,2676.60009765625,2590.0,2645.050048828125,2558693
2021-01-20,2654.0,2707.14990234375,2645.050048828125,2697.25,2065439
2021-01-21,2726.949951171875,2816.949951171875,2695.0,2716.35009765625,5015712
2021-01-22,2750.0,2768.85009765625,2590.0,2596.64990234375,4945564
2021-01-25,2612.85009765625,2631.5,2501.0,2513.949951171875,3520087
2021-01-27,2525.0,2525.0,2430.550048828125,2436.60009765625,2700415
2021-01-28,2420.0,2453.949951171875,2401.050048828125,2441.699951171875,3035457
2021-01-29,2456.0,2484.0,2400.0,2407.35009765625,2768673
2021-02-01,2426.60009765625,2467.75,2376.89990234375,2447.800048828125,1797359
2021-02-02,2460.0,2520.0,2425.10009765625,2463.64990234375,2679428
2021-02-03,2503.85009765625,2503.85009765625,2438.35009765625,2453.64990234375,2409356
2021-02-04,2456.0,2456.0,2398.0,2401.800048828125,3478562
2021-02-05,2420.0,2423.89990234375,2370.800048828125,2376.75,3303319
2021-02-08,2394.0,2434.89990234375,2373.39990234375,2416.85009765625,3666313
2021-02-09,2432.5,2532.449951171875,2423.64990234375,2506.85009765625,7178572
2021-02-10,2529.0,2555.0,2475.0,2510.60009765625,4473123
2021-02-11,2524.949951171875,2540.0,2495.10009765625,2505.5,1446286
2021-02-12,2518.0,2523.0,2464.199951171875,2486.10009765625,1376085
2021-02-15,2495.0,2517.5,2448.550048828125,2456.75,1634576
2021-02-16,2472.0,2475.10009765625,2422.0,2450.25,1615849
2021-02-17,2436.0,2455.050048828125,2382.0,2388.14990234375,3178784
2021-02-18,2424.0,2479.60009765625,2395.25,2470.75,4253843
2021-02-19,2470.89990234375,2470.89990234375,2400.0,2416.449951171875,2244567
2021-02-22,2428.75,2448.0,2380.0,2387.050048828125,2002642
2021-02-23,2375.0,2400.0,2315.0,2372.199951171875,3267268
2021-02-24,2373.0,2409.35009765625,2347.199951171875,2361.35009765625,1708526
2021-02-25,2375.0,2386.25,2336.199951171875,2373.75,2839515
2021-02-26,2338.050048828125,2360.0,2260.0,2277.199951171875,3933813
2021-03-01,2300.0,2369.89990234375,2300.0,2362.300048828125,2545806
2021-03-02,2386.0,2402.550048828125,2359.0,2390.39990234375,2033586
2021-03-03,2406.0,2417.699951171875,2375.800048828125,2402.10009765625,1591567
2021-03-04,2380.0,2435.0,2350.0,2417.10009765625,2149984
2021-03-05,2399.0,2423.89990234375,2377.10009765625,2387.10009765625,1953642
2021-03-08,2383.0,2413.5,2360.050048828125,2382.699951171875,1593838
2021-03-09,2400.0,2444.0,2396.14990234375,2422.699951171875,1800442
2021-03-10,2446.0,2446.0,2415.550048828125,2431.949951171875,1056102
2021-03-12,2442.800048828125,2464.64990234375,2397.0,2401.35009765625,1279203
2021-03-15,2402.550048828125,2427.550048828125,2343.050048828125,2355.0,1524449
2021-03-16,2379.199951171875,2480.0,2375.35009765625,2468.60009765625,4230564
2021-03-17,2460.0,2460.0,2411.10009765625,2422.949951171875,1623187
2021-03-18,2468.85009765625,2468.85009765625,2390.0,2404.550048828125,1851739
2021-03-19,2393.0,2434.0,2355.35009765625,2411.25,3738079
2021-03-22,2390.0,2438.10009765625,2390.0,2425.699951171875,1489853
2021-03-23,2430.0,2433.949951171875,2398.199951171875,2410.300048828125,1745466
2021-03-24,2410.300048828125,2470.0,2410.0,2443.550048828125,4132092
2021-03-25,2450.949951171875,2469.0,2392.0,2402.199951171875,2272545
2021-03-26,2425.0,2513.949951171875,2409.10009765625,2505.14990234375,3084607
2021-03-30,2539.10009765625,2583.449951171875,2521.5,2578.050048828125,2332884
2021-03-31,2578.050048828125,2582.949951171875,2531.0,2537.39990234375,1616044
2021-04-01,2532.0,2564.550048828125,2532.0,2551.75,1219588
2021-04-05,2558.0,2558.0,2484.5,2510.64990234375,1268939
2021-04-06,2526.0,2620.0,2504.5,2611.60009765625,3372846
2021-04-07,2605.0,2668.050048828125,2600.10009765625,2628.60009765625,1937977
2021-04-08,2630.0,2658.39990234375,2628.0,2650.64990234375,897483
2021-04-09,2635.0,2655.0,2610.14990234375,2630.800048828125,1185017
2021-04-12,2578.199951171875,2610.0,2555.0,2602.199951171875,1427691
2021-04-13,2600.0,2626.0,2564.300048828125,2570.699951171875,1200230
2021-04-15,2590.0,2593.550048828125,2537.0,2587.699951171875,1209829
2021-04-16,2587.60009765625,2693.5,2581.699951171875,2663.699951171875,2760777
2021-04-19,2650.0,2650.0,2566.85009765625,2571.89990234375,1552036
2021-04-20,2600.0,2604.699951171875,2528.800048828125,2553.64990234375,1489287
2021-04-22,2555.64990234375,2557.0,2488.0,2511.25,1690758
2021-04-23,2527.10009765625,2565.0,2496.199951171875,2517.949951171875,1614593
2021-04-26,2530.0,2575.0,2530.0,2557.89990234375,1103980
2021-04-27,2545.0,2579.89990234375,2534.0,2574.35009765625,866331
2021-04-28,2588.0,2620.25,2575.0,2614.550048828125,1065561
2021-04-29,2630.0,2642.0,2570.0,2613.449951171875,1295346
2021-04-30,2595.0,2605.800048828125,2524.050048828125,2536.39990234375,1384907
2021-05-03,2510.0,2595.10009765625,2505.60009765625,2582.14990234375,1034774
2021-05-04,2605.0,2617.949951171875,2571.550048828125,2587.14990234375,1058140
2021-05-05,2617.0,2617.0,2546.10009765625,2567.64990234375,1220186
2021-05-06,2579.85009765625,2581.85009765625,2528.0,2549.050048828125,1518119
2021-05-07,2555.0,2590.0,2541.5,2551.64990234375,1416102
2021-05-10,2589.0,2589.0,2542.14990234375,2556.949951171875,1526814
2021-05-11,2533.0,2562.0,2521.300048828125,2556.25,1168363
2021-05-12,2577.0,2588.949951171875,2530.0,2556.199951171875,2085630
2021-05-14,2620.0,2835.25,2601.550048828125,2774.5,10543708
2021-05-17,2782.0,2824.199951171875,2747.550048828125,2782.75,2134352
2021-05-18,2797.0,2845.0,2789.0,2821.800048828125,1328605
2021-05-19,2805.14990234375,2849.0,2798.64990234375,2815.85009765625,1219067
2021-05-20,2814.0,2845.0,2778.5,2794.10009765625,1211975
2021-05-21,2807.0,2854.0,2795.0,2832.5,1328308
2021-05-24,2846.0,2849.0,2808.199951171875,2819.199951171875,813091
2021-05-25,2836.89990234375,2922.64990234375,2822.75,2914.39990234375,2730112
2021-05-26,2939.85009765625,2947.89990234375,2910.39990234375,2941.60009765625,1250531
2021-05-27,2950.0,2965.0,2902.25,2949.35009765625,2415085
2021-05-28,2958.14990234375,2963.800048828125,2931.14990234375,2940.699951171875,711383
2021-05-31,2938.0,2989.949951171875,2936.10009765625,2977.5,2093635
2021-06-01,2965.0,2982.60009765625,2915.10009765625,2931.0,1194073
2021-06-02,2918.85009765625,2933.75,2877.14990234375,2903.699951171875,2067842
2021-06-03,2919.60009765625,2942.0,2904.050048828125,2935.35009765625,1404434
2021-06-04,2953.0,2990.0,2908.0,2924.89990234375,1509084
2021-06-07,2930.0,2941.0,2903.949951171875,2933.10009765625,802415
2021-06-08,2928.0,2944.25,2907.5,2926.25,762931
2021-06-09,2930.800048828125,2965.0,2919.60009765625,2943.550048828125,1340352
2021-06-10,2945.0,2959.300048828125,2920.64990234375,2950.60009765625,1344559
2021-06-11,2960.0,2971.60009765625,2938.60009765625,2956.25,878445
2021-06-14,2955.10009765625,2970.0,2916.5,2949.89990234375,746823
2021-06-15,2970.0,3050.0,2960.949951171875,3042.199951171875,2262031
2021-06-16,3029.0,3042.199951171875,3005.5,3018.699951171875,859505
2021-06-17,3017.949951171875,3073.949951171875,3000.5,3060.300048828125,1533864
2021-06-18,3061.550048828125,3077.800048828125,3016.050048828125,3047.199951171875,2293860
2021-06-21,3024.199951171875,3079.14990234375,3021.050048828125,3068.550048828125,720491
2021-06-22,3085.0,3092.85009765625,3004.199951171875,3010.800048828125,1199238
2021-06-23,3030.0,3030.0,2983.5,2987.35009765625,1009007
2021-06-24,2987.35009765625,3049.699951171875,2975.449951171875,3043.25,985596
2021-06-25,3030.199951171875,3053.5,2985.0,3003.89990234375,786964
2021-06-28,3024.0,3038.85009765625,2976.25,2982.949951171875,891695
2021-06-29,2989.0,3023.85009765625,2973.050048828125,3001.5,1242734
2021-06-30,2999.0,3030.0,2985.64990234375,2992.699951171875,924522
2021-07-01,3008.0,3026.89990234375,2997.0,3021.60009765625,848235
2021-07-02,3032.949951171875,3038.800048828125,2999.75,3005.0,805542
2021-07-05,3020.0,3050.0,3007.10009765625,3014.800048828125,863343
2021-07-06,3003.0,3029.5,2996.0,3002.5,762630
2021-07-07,3065.0,3069.0,3011.25,3040.10009765625,1234865
2021-07-08,3050.0,3059.0,3018.800048828125,3028.300048828125,907391
2021-07-09,3022.0,3039.14990234375,3007.0,3010.60009765625,547082
2021-07-12,3034.89990234375,3042.85009765625,2991.050048828125,2999.39990234375,765566
2021-07-13,3020.0,3021.10009765625,2985.35009765625,2993.85009765625,703484
2021-07-14,3003.0,3007.75,2984.199951171875,3001.949951171875,470744
2021-07-15,3010.0,3011.0,2971.10009765625,2983.60009765625,635535
2021-07-16,2994.0,3006.0,2965.0,2989.300048828125,1062548
2021-07-19,2989.300048828125,2999.699951171875,2965.0,2981.949951171875,837836
2021-07-20,2996.0,3179.5,2979.550048828125,3159.050048828125,6755922
2021-07-22,3130.0,3165.0,3090.0,3106.75,1982572
2021-07-23,3106.0,3129.60009765625,3078.050048828125,3083.75,815329
2021-07-26,3079.949951171875,3119.0,3051.199951171875,3061.199951171875,1136884
2021-07-27,3079.39990234375,3081.5,3021.300048828125,3028.64990234375,904289
2021-07-28,3030.35009765625,3033.0,2984.0,3004.10009765625,996594
2021-07-29,3004.10009765625,3039.949951171875,2990.300048828125,2997.449951171875,762683
2021-07-30,3008.0,3008.64990234375,2951.89990234375,2958.449951171875,1067423
2021-08-02,2985.60009765625,2986.800048828125,2960.64990234375,2974.050048828125,832285
2021-08-03,3020.0,3065.0,2994.199951171875,3027.0,2433031
2021-08-04,3040.60009765625,3053.300048828125,3012.0,3018.60009765625,659295
2021-08-05,3034.0,3040.0,2980.050048828125,2988.39990234375,693694
2021-08-06,2995.0,3001.0,2961.449951171875,2966.449951171875,744159
2021-08-09,2994.64990234375,3015.0,2973.050048828125,2992.550048828125,825462
2021-08-10,2998.0,3008.300048828125,2960.550048828125,2977.14990234375,724335
2021-08-11,2987.39990234375,3001.449951171875,2952.550048828125,2972.60009765625,987941
2021-08-12,2974.0,2985.25,2958.0,2975.5,438552
2021-08-13,2980.89990234375,3002.0,2973.10009765625,2988.699951171875,572250
2021-08-16,2980.0,2984.14990234375,2960.0,2971.39990234375,461742
2021-08-17,2974.0,3044.0,2973.10009765625,3015.300048828125,2036757
2021-08-18,3048.0,3048.0,2992.550048828125,3001.550048828125,1375320
2021-08-20,3001.5,3124.050048828125,3001.5,3112.949951171875,3931334
2021-08-23,3159.050048828125,3163.85009765625,3051.0,3077.449951171875,1578949
2021-08-24,3092.800048828125,3092.800048828125,3034.550048828125,3045.949951171875,763704
2021-08-25,3026.0,3070.0,3012.60009765625,3038.050048828125,797870
2021-08-26,3064.0,3084.5,3026.199951171875,3039.64990234375,1319516
2021-08-27,3040.449951171875,3057.949951171875,3020.5,3036.800048828125,634375
2021-08-30,3056.699951171875,3114.25,3048.050048828125,3108.75,1051747
2021-08-31,3108.75,3210.0,3103.050048828125,3201.35009765625,2283290
2021-09-01,3230.050048828125,3333.0,3215.0,3302.75,2423168
2021-09-02,3312.949951171875,3319.0,3266.64990234375,3301.60009765625,847517
2021-09-03,3301.60009765625,3344.949951171875,3286.5,3338.800048828125,832039
2021-09-06,3342.0,3347.699951171875,3305.89990234375,3315.550048828125,664394
2021-09-07,3333.5,3394.60009765625,3323.85009765625,3336.25,1285818
2021-09-08,3345.0,3361.550048828125,3297.0,3336.60009765625,702598
2021-09-09,3305.0,3359.0,3305.0,3346.35009765625,591745
2021-09-13,3346.60009765625,3374.0,3330.35009765625,3367.050048828125,610920
2021-09-14,3384.89990234375,3388.60009765625,3356.85009765625,3362.5,569412
2021-09-15,3361.85009765625,3383.949951171875,3346.949951171875,3352.300048828125,587855
2021-09-16,3350.0,3371.0,3335.0,3342.10009765625,516746
2021-09-17,3352.0,3382.0,3285.050048828125,3303.050048828125,1545695
2021-09-20,3299.949951171875,3315.0,3265.0,3271.550048828125,689288
2021-09-21,3271.550048828125,3335.0,3271.0,3309.199951171875,922057
2021-09-22,3328.5,3329.949951171875,3288.25,3317.5,825945
2021-09-23,3340.0,3340.0,3315.0,3320.64990234375,694716
2021-09-24,3330.0,3505.0,3320.85009765625,3448.60009765625,2775975
2021-09-27,3461.60009765625,3470.0,3417.64990234375,3430.64990234375,902449
2021-09-28,3424.89990234375,3429.699951171875,3350.0,3379.699951171875,961271
2021-09-29,3365.0,3381.699951171875,3310.0,3323.050048828125,973387
2021-09-30,3329.89990234375,3347.699951171875,3220.0,3244.64990234375,2077896
2021-10-01,3248.0,3252.949951171875,3170.0,3177.85009765625,1512332
2021-10-04,3202.800048828125,3230.5,3178.0,3201.60009765625,921241
2021-10-05,3208.550048828125,3260.0,3191.64990234375,3254.75,909337
2021-10-06,3262.0,3280.0,3200.64990234375,3212.25,786378
2021-10-07,3220.0,3318.0,3220.0,3290.85009765625,1177283
2021-10-08,3307.0,3329.0,3264.10009765625,3306.89990234375,882436
2021-10-11,3326.39990234375,3344.35009765625,3297.75,3306.050048828125,460197
2021-10-12,3280.0,3335.0,3280.0,3323.25,564524
2021-10-13,3343.0,3358.89990234375,3291.39990234375,3323.5,770144
2021-10-14,3342.0,3352.949951171875,3290.0,3297.800048828125,648597
2021-10-18,3252.5,3283.949951171875,3232.0,3241.5,1576121
2021-10-19,3260.89990234375,3269.10009765625,3176.10009765625,3183.75,1042069
2021-10-20,3190.0,3219.949951171875,3136.64990234375,3169.60009765625,1205540
2021-10-21,3194.0,3195.449951171875,2920.449951171875,3002.0,5103543
2021-10-22,2975.0,3002.949951171875,2912.14990234375,2982.39990234375,2855592
2021-10-25,2950.0,2950.0,2857.25,2918.050048828125,2161537
2021-10-26,2918.050048828125,3024.0,2898.0,2969.800048828125,1988263
2021-10-27,3029.199951171875,3145.0,3029.199951171875,3094.64990234375,4609951
2021-10-28,3103.0,3147.60009765625,3062.0,3116.300048828125,1791065
2021-10-29,3125.0,3144.699951171875,3083.300048828125,3100.10009765625,1118903
2021-11-01,3128.0,3142.25,3091.64990234375,3121.800048828125,750393
2021-11-02,3120.0,3139.800048828125,3080.0,3103.35009765625,881916
2021-11-03,3102.10009765625,3182.89990234375,3095.0,3170.64990234375,879227
2021-11-04,3179.0,3190.0,3145.0,3159.25,263595
2021-11-08,3165.0,3181.0,3095.14990234375,3138.0,787824
2021-11-09,3140.0,3155.0,3120.0,3145.14990234375,668840
2021-11-10,3132.0,3136.64990234375,3080.5,3108.300048828125,872975
2021-11-11,3090.0,3106.64990234375,3052.0,3063.5,958143
2021-11-12,3089.0,3128.0,3075.800048828125,3122.89990234375,682344
2021-11-15,3126.0,3180.0,3126.0,3168.699951171875,696377
2021-11-16,3165.0,3209.0,3120.10009765625,3151.699951171875,1400107
2021-11-17,3170.0,3239.89990234375,3165.050048828125,3230.25,1616452
2021-11-18,3249.85009765625,3260.0,3214.0,3226.85009765625,1609821
2021-11-22,3241.0,3308.35009765625,3215.050048828125,3261.25,2146970
2021-11-23,3261.25,3288.300048828125,3171.550048828125,3185.550048828125,1482618
2021-11-24,3186.050048828125,3208.89990234375,3150.0,3157.0,1056213
2021-11-25,3156.5,3173.35009765625,3113.0,3144.25,728825
2021-11-26,3101.0,3167.35009765625,3091.0,3143.10009765625,1029110
2021-11-29,3131.0,3178.89990234375,3071.89990234375,3144.300048828125,876651
2021-11-30,3116.14990234375,3189.0,3116.14990234375,3143.64990234375,2340489
2021-12-01,3155.89990234375,3199.75,3124.10009765625,3138.14990234375,1741820
2021-12-02,3160.0,3194.0,3152.25,3180.60009765625,939320
2021-12-03,3185.0,3187.449951171875,3106.0,3110.449951171875,1216263
2021-12-06,3115.0,3115.0,3028.25,3038.300048828125,1107363
2021-12-07,3040.0,3069.0,3016.449951171875,3030.35009765625,2056459
2021-12-08,3031.89990234375,3123.0,3031.0,3108.5,1171484
2021-12-09,3152.39990234375,3183.050048828125,3111.0,3178.699951171875,1287243
2021-12-10,3184.0,3292.0,3178.699951171875,3283.14990234375,2554394
2021-12-13,3285.10009765625,3341.0,3270.949951171875,3279.85009765625,1265832
2021-12-14,3274.0,3305.0,3249.0,3297.5,863179
2021-12-15,3278.14990234375,3313.949951171875,3266.5,3301.949951171875,811946
2021-12-16,3325.0,3325.0,3270.60009765625,3298.60009765625,502930
2021-12-17,3275.0,3293.300048828125,3227.699951171875,3243.699951171875,1019403
2021-12-20,3227.0,3275.0,3181.0,3239.449951171875,948872
2021-12-21,3247.0,3296.0,3240.0,3271.35009765625,712026
2021-12-22,3275.699951171875,3285.64990234375,3241.0,3280.10009765625,619865
2021-12-23,3290.0,3307.89990234375,3250.0,3267.89990234375,1051596
2021-12-24,3280.0,3300.0,3261.0,3284.800048828125,651404
2021-12-27,3280.10009765625,3284.75,3226.199951171875,3272.39990234375,640701
2021-12-28,3275.949951171875,3375.0,3273.0,3368.199951171875,1211648
2021-12-29,3372.199951171875,3386.0,3346.199951171875,3367.449951171875,598421
2021-12-30,3363.25,3390.0,3350.300048828125,3365.699951171875,691223
2021-12-31,3390.0,3405.0,3361.39990234375,3382.949951171875,570671
2022-01-03,3383.0,3440.89990234375,3383.0,3422.39990234375,696276
2022-01-04,3434.0,3472.449951171875,3415.050048828125,3459.300048828125,790886
2022-01-05,3470.0,3540.0,3452.050048828125,3526.800048828125,1024506
2022-01-06,3491.14990234375,3537.550048828125,3452.14990234375,3514.64990234375,1312743
2022-01-07,3514.64990234375,3582.0,3496.550048828125,3576.300048828125,964364
2022-01-10,3580.0,3590.0,3527.0,3553.5,657511
2022-01-11,3550.60009765625,3564.0,3495.050048828125,3538.75,734344
2022-01-12,3556.89990234375,3582.449951171875,3534.0,3543.800048828125,594543
2022-01-13,3560.0,3560.0,3450.0,3456.25,1153984
2022-01-14,3462.0,3462.0,3346.0,3364.39990234375,1558978
2022-01-17,3364.39990234375,3399.0,3321.0,3378.64990234375,1103159
2022-01-18,3379.050048828125,3396.449951171875,3351.0,3373.699951171875,558543
2022-01-19,3370.0,3370.0,3267.75,3280.39990234375,1495218
2022-01-20,3282.0,3364.89990234375,3222.0,3306.39990234375,3075678
2022-01-21,3300.050048828125,3324.949951171875,3241.75,3274.85009765625,1441694
2022-01-24,3268.0,3270.0,3135.0,3155.14990234375,1575665
2022-01-25,3100.0,3156.949951171875,3010.75,3147.10009765625,2699779
2022-01-27,3140.10009765625,3143.0,3071.25,3116.949951171875,1834684
2022-01-28,3130.0,3170.0,3103.0,3110.85009765625,892060
2022-01-31,3140.0,3193.449951171875,3136.39990234375,3152.25,944530
2022-02-01,3194.0,3212.35009765625,3141.60009765625,3196.25,1008915
2022-02-02,3204.800048828125,3244.14990234375,3192.14990234375,3197.699951171875,667265
2022-02-03,3212.85009765625,3241.60009765625,3190.199951171875,3203.0,899753
2022-02-04,3188.0,3248.800048828125,3176.050048828125,3236.64990234375,705765
2022-02-07,3234.0,3251.199951171875,3143.10009765625,3174.699951171875,860393
2022-02-08,3179.0,3223.5,3166.199951171875,3216.35009765625,799206
2022-02-09,3230.0,3259.0,3222.75,3228.35009765625,472725
2022-02-10,3220.0,3248.0,3176.0,3238.75,728666
2022-02-11,3229.949951171875,3229.949951171875,3182.5,3216.300048828125,587840
2022-02-14,3140.0,3182.699951171875,3120.0,3143.449951171875,681236
2022-02-15,3140.0,3270.0,3132.85009765625,3264.60009765625,676844
2022-02-16,3280.0,3285.10009765625,3223.0,3252.85009765625,624320
2022-02-17,3273.0,3294.949951171875,3236.39990234375,3265.85009765625,636735
2022-02-18,3236.14990234375,3272.0,3230.050048828125,3258.449951171875,423801
2022-02-21,3235.0,3278.449951171875,3204.14990234375,3251.64990234375,547472
2022-02-22,3120.0,3236.800048828125,3120.0,3227.14990234375,1147209
2022-02-23,3236.89990234375,3296.89990234375,3230.0,3237.199951171875,935896
2022-02-24,3130.0,3197.800048828125,3051.5,3069.050048828125,1823450
2022-02-25,3105.0,3141.449951171875,3083.050048828125,3119.199951171875,1239456
2022-02-28,3090.0,3190.5,3015.0,3174.64990234375,1678348
2022-03-02,3107.0,3111.199951171875,2991.10009765625,3028.949951171875,3014206
2022-03-03,3029.0,3051.0,2862.0,2871.89990234375,4406840
2022-03-04,2863.800048828125,2863.800048828125,2662.050048828125,2738.14990234375,6979253
2022-03-07,2649.89990234375,2727.949951171875,2599.35009765625,2708.449951171875,3233760
2022-03-08,2690.0,2736.949951171875,2638.0,2723.39990234375,2611102
2022-03-09,2750.0,2890.0,2665.050048828125,2874.949951171875,4076068
2022-03-10,3000.0,3040.0,2891.199951171875,2912.800048828125,3971987
2022-03-11,2917.0,2939.949951171875,2882.35009765625,2932.0,1265493
2022-03-14,2950.0,2972.35009765625,2917.300048828125,2962.800048828125,1214217
2022-03-15,2998.0,3032.0,2966.0,2987.14990234375,1857685
2022-03-16,3043.0,3050.0,3010.75,3042.0,1287234
2022-03-17,3113.5,3163.300048828125,3076.5,3136.60009765625,2867519
2022-03-21,3117.300048828125,3117.300048828125,3030.10009765625,3045.75,1259015
2022-03-22,3024.0,3062.699951171875,2975.0,3051.14990234375,1515772
2022-03-23,3060.0,3079.89990234375,3005.0,3016.800048828125,948403
2022-03-24,2969.5,3038.949951171875,2950.550048828125,3025.35009765625,1243917
2022-03-25,3025.35009765625,3064.550048828125,2991.0,3046.949951171875,1083275
2022-03-28,3046.949951171875,3058.60009765625,2995.64990234375,3027.449951171875,680332
2022-03-29,3069.0,3087.699951171875,3012.699951171875,3042.60009765625,1120936
2022-03-30,3078.0,3094.35009765625,3055.89990234375,3081.550048828125,849545
2022-03-31,3115.0,3129.25,3066.10009765625,3079.949951171875,1464862
2022-04-01,3110.0,3121.0,3087.64990234375,3114.14990234375,637392
2022-04-04,3124.949951171875,3143.0,3093.5,3118.0,873264
2022-04-05,3110.0,3157.0,3080.0,3140.800048828125,805874
2022-04-06,3137.0,3165.0,3113.0,3154.0,736379
2022-04-07,3154.0,3208.949951171875,3145.5,3155.0,1025244
2022-04-08,3168.0,3220.0,3151.199951171875,3206.25,678898
2022-04-11,3184.0,3222.0,3150.0,3157.449951171875,672652
2022-04-12,3154.699951171875,3162.10009765625,3114.14990234375,3128.64990234375,794265
2022-04-13,3117.199951171875,3121.89990234375,3066.10009765625,3080.64990234375,1121350
2022-04-18,3056.0,3058.0,3013.0,3021.550048828125,1032504
2022-04-19,3030.0,3059.199951171875,2970.0,2991.199951171875,749782
2022-04-20,2991.300048828125,3089.5,2980.0,3083.0,838182
2022-04-21,3089.800048828125,3174.39990234375,3086.050048828125,3158.25,1069035
2022-04-22,3121.5,3173.300048828125,3113.25,3164.39990234375,681191
2022-04-25,3134.0,3155.10009765625,3095.10009765625,3130.60009765625,1096774
2022-04-26,3130.0,3148.699951171875,3105.800048828125,3125.64990234375,1703441
2022-04-27,3096.0,3164.0,3085.949951171875,3148.35009765625,963536
2022-04-28,3190.0,3268.0,3170.0,3247.699951171875,2001838
2022-04-29,3249.0,3278.0,3221.300048828125,3237.199951171875,1088970
2022-05-02,3195.0,3211.5,3154.050048828125,3200.0,595522
2022-05-04,3178.0,3194.699951171875,3081.449951171875,3100.85009765625,1120002
2022-05-05,3104.75,3126.949951171875,3070.0,3076.550048828125,724601
2022-05-06,3020.0,3052.39990234375,3003.89990234375,3016.25,923941
2022-05-09,3000.85009765625,3038.800048828125,2975.0,3005.25,998324
2022-05-10,3051.0,3138.75,3036.0,3086.35009765625,2460016
2022-05-11,3090.39990234375,3109.550048828125,2979.0,3053.64990234375,1883969
2022-05-12,3042.0,3078.0,2988.0,3039.949951171875,1254245
2022-05-13,3074.39990234375,3116.25,3035.300048828125,3064.0,1121729
2022-05-16,3089.89990234375,3089.89990234375,2985.199951171875,2999.89990234375,733044
2022-05-17,2998.89990234375,3056.60009765625,2951.0,3050.0,1179081
2022-05-18,3030.0,3128.800048828125,3026.0,3100.10009765625,1379763
2022-05-19,3000.5,3071.699951171875,3000.449951171875,3046.89990234375,772390
2022-05-20,3080.0,3125.0,3070.0,3109.949951171875,778957
2022-05-23,3143.949951171875,3188.0,3130.050048828125,3174.199951171875,813294
2022-05-24,3174.75,3183.64990234375,3070.0,3086.85009765625,691307
2022-05-25,3039.0,3039.0,2826.300048828125,2838.050048828125,3381427
2022-05-26,2850.0,2860.0,2718.550048828125,2840.14990234375,3212196
2022-05-27,2868.0,2869.0,2781.0,2834.85009765625,1879534
2022-05-30,2880.0,2884.0,2817.0,2844.0,2525482
2022-05-31,2844.0,2878.0,2811.0,2859.64990234375,2408221
2022-06-01,2859.64990234375,2939.89990234375,2832.050048828125,2852.5,1770795
2022-06-02,2870.199951171875,2919.0,2848.0,2908.550048828125,1164197
2022-06-03,2905.0,2919.449951171875,2856.0,2886.89990234375,1228489
2022-06-06,2871.10009765625,2872.0,2807.699951171875,2817.449951171875,1193698
2022-06-07,2800.0,2804.0,2731.0,2744.699951171875,1403598
2022-06-08,2771.89990234375,2775.0,2700.0,2705.199951171875,1743575
2022-06-09,2680.0,2697.60009765625,2633.75,2686.800048828125,1857501
2022-06-10,2665.0,2736.0,2652.0,2708.75,1592920
2022-06-13,2669.949951171875,2683.0,2642.5,2660.75,1674206
2022-06-14,2617.0,2666.35009765625,2585.0,2635.39990234375,2296040
2022-06-15,2650.0,2683.60009765625,2627.10009765625,2661.14990234375,928842
2022-06-16,2694.949951171875,2725.449951171875,2640.0,2657.449951171875,1280628
2022-06-17,2650.10009765625,2657.0,2560.0,2580.199951171875,2043251
2022-06-20,2600.0,2673.35009765625,2588.35009765625,2660.699951171875,1595360
2022-06-21,2674.949951171875,2710.0,2640.0,2678.35009765625,1042074
2022-06-22,2688.0,2707.949951171875,2626.35009765625,2666.35009765625,1871760
2022-06-23,2674.949951171875,2767.949951171875,2674.949951171875,2758.199951171875,1612872
2022-06-24,2775.0,2784.800048828125,2726.0,2760.89990234375,2215583
2022-06-27,2779.89990234375,2827.64990234375,2765.0,2820.949951171875,1295734
2022-06-28,2780.0,2784.800048828125,2704.300048828125,2726.5,1838358
2022-06-29,2706.5,2719.0,2678.0,2697.800048828125,1066354
2022-06-30,2714.85009765625,2726.949951171875,2680.0,2695.199951171875,1291447
2022-07-01,2704.89990234375,2780.0,2685.0,2773.14990234375,1477191
2022-07-04,2775.14990234375,2798.0,2744.800048828125,2790.300048828125,653147
2022-07-05,2785.0,2812.300048828125,2760.0,2766.60009765625,1073043
2022-07-06,2830.550048828125,2869.0,2805.14990234375,2861.39990234375,2085735
2022-07-07,2901.39990234375,2932.0,2876.800048828125,2891.39990234375,1469087
2022-07-08,2880.0,2888.0,2840.5,2879.800048828125,1274148
2022-07-11,2874.0,2940.550048828125,2851.35009765625,2933.050048828125,1081885
2022-07-12,2920.0,2923.25,2885.39990234375,2893.199951171875,1115524
2022-07-13,2949.0,2968.949951171875,2926.050048828125,2941.199951171875,2153712
2022-07-14,2952.10009765625,2954.85009765625,2912.39990234375,2939.14990234375,882479
2022-07-15,2949.949951171875,2985.0,2940.449951171875,2978.14990234375,1668006
2022-07-18,2994.75,3025.0,2988.39990234375,3017.85009765625,823390
2022-07-19,2983.449951171875,3023.0,2978.14990234375,3019.10009765625,638171
2022-07-20,3033.0,3044.699951171875,3000.0,3006.449951171875,867436
2022-07-21,2981.0,3084.949951171875,2981.0,3066.10009765625,1184060
2022-07-22,3066.10009765625,3092.75,3048.0,3067.39990234375,1268141
2022-07-25,3069.5,3117.199951171875,3051.64990234375,3104.949951171875,985844
2022-07-26,3096.0,3149.800048828125,3053.0,3108.5,2876310
2022-07-27,3118.949951171875,3193.0,3096.0,3186.050048828125,1976407
2022-07-28,3198.0,3280.0,3182.0,3272.39990234375,1332572
2022-07-29,3285.39990234375,3354.35009765625,3275.0,3333.75,1836550
2022-08-01,3340.050048828125,3355.0,3314.5,3324.550048828125,1076122
2022-08-02,3331.0,3404.75,3325.60009765625,3396.14990234375,1650536
2022-08-03,3404.0,3448.0,3371.25,3439.64990234375,1169005
2022-08-04,3455.0,3476.949951171875,3410.89990234375,3460.5,981434
2022-08-05,3475.0,3491.949951171875,3451.550048828125,3473.89990234375,792478
2022-08-08,3465.0,3476.949951171875,3436.550048828125,3458.449951171875,724644
2022-08-10,3441.0,3449.85009765625,3396.0,3411.64990234375,1089295
2022-08-11,3450.0,3477.949951171875,3390.0,3405.199951171875,1410533
2022-08-12,3399.0,3434.800048828125,3383.0,3427.85009765625,548472
2022-08-16,3470.0,3509.449951171875,3455.300048828125,3501.0,911189
2022-08-17,3517.949951171875,3545.64990234375,3504.60009765625,3523.699951171875,817912
2022-08-18,3525.0,3542.699951171875,3515.550048828125,3535.35009765625,599877
2022-08-19,3520.0,3538.5,3464.0,3482.550048828125,581829
2022-08-22,3462.10009765625,3485.550048828125,3333.199951171875,3349.75,2336567
2022-08-23,3333.0,3383.949951171875,3316.85009765625,3356.60009765625,831446
2022-08-24,3339.60009765625,3385.0,3302.0,3378.85009765625,1182154
2022-08-25,3375.0,3405.14990234375,3351.199951171875,3362.5,615392
2022-08-26,3379.35009765625,3384.5,3305.64990234375,3323.550048828125,1384783
2022-08-29,3247.0,3348.35009765625,3236.699951171875,3343.25,1031166
2022-08-30,3331.0,3409.75,3331.0,3391.60009765625,1426459
2022-09-01,3315.0,3474.39990234375,3315.0,3446.550048828125,1417762
2022-09-02,3489.0,3489.0,3425.0,3431.050048828125,740821
2022-09-05,3425.050048828125,3450.0,3405.550048828125,3424.800048828125,518438
2022-09-06,3420.0,3434.550048828125,3384.0,3395.25,540937
2022-09-07,3392.0,3435.0,3385.949951171875,3400.35009765625,682921
2022-09-08,3450.0,3484.64990234375,3427.39990234375,3450.14990234375,1143090
2022-09-09,3483.699951171875,3483.699951171875,3433.449951171875,3441.85009765625,702805
2022-09-12,3441.85009765625,3453.64990234375,3423.0,3432.199951171875,641280
2022-09-13,3432.0,3459.0,3414.64990234375,3422.199951171875,776044
2022-09-14,3380.0,3448.5,3380.0,3438.949951171875,816678
2022-09-15,3440.0,3458.75,3389.10009765625,3395.39990234375,590182
2022-09-16,3412.39990234375,3420.0,3309.550048828125,3322.550048828125,1598265
2022-09-19,3320.64990234375,3342.10009765625,3231.300048828125,3316.25,1013563
2022-09-20,3335.60009765625,3410.0,3334.0,3393.199951171875,708184
2022-09-21,3405.0,3424.89990234375,3348.0,3356.050048828125,605378
2022-09-22,3356.050048828125,3440.0,3315.64990234375,3436.0,829396
2022-09-23,3435.0,3437.949951171875,3382.699951171875,3395.25,513370
2022-09-26,3370.0,3468.0,3354.0,3438.050048828125,1429914
2022-09-27,3454.85009765625,3500.0,3431.050048828125,3470.64990234375,1455383
2022-09-28,3451.0,3582.89990234375,3420.0,3570.64990234375,1843428
2022-09-29,3563.449951171875,3563.449951171875,3372.39990234375,3384.800048828125,2624894
2022-09-30,3402.0,3411.89990234375,3285.25,3342.449951171875,2159720
2022-10-03,3348.0,3352.5,3285.75,3302.89990234375,934543
2022-10-04,3330.0,3368.35009765625,3312.050048828125,3337.75,994382
2022-10-06,3337.75,3366.75,3311.699951171875,3328.949951171875,922770
2022-10-07,3318.0,3359.60009765625,3287.25,3343.699951171875,774544
2022-10-10,3280.0,3299.0,3260.199951171875,3277.949951171875,734377
2022-10-11,3290.5,3360.0,3274.0,3298.699951171875,1411316
2022-10-12,3335.0,3339.5,3206.0,3248.199951171875,1812549
2022-10-13,3230.10009765625,3258.199951171875,3193.89990234375,3209.0,779890
2022-10-14,3235.0,3246.0,3180.0,3185.5,845765
2022-10-17,3185.5,3218.0,3170.10009765625,3197.60009765625,1067773
2022-10-18,3218.0,3250.0,3212.0,3225.85009765625,1015424
2022-10-19,3242.0,3245.699951171875,3196.35009765625,3212.75,943543
2022-10-20,3198.0,3241.85009765625,3101.800048828125,3140.89990234375,2284352
2022-10-21,3140.0,3164.75,3072.64990234375,3092.39990234375,1738731
2022-10-24,3150.0,3159.0,3116.0,3121.64990234375,178709
2022-10-25,3134.0,3135.0,3079.89990234375,3084.89990234375,1016316
2022-10-27,3123.0,3123.0,3033.0,3043.449951171875,2005709
2022-10-28,3058.699951171875,3071.60009765625,3040.0,3053.39990234375,715736
2022-10-31,3082.0,3113.0,3061.050048828125,3107.699951171875,814364
2022-11-01,3110.5,3164.39990234375,3110.5,3159.39990234375,939335
2022-11-02,3158.0,3159.949951171875,3122.10009765625,3131.89990234375,787012
2022-11-03,3105.0,3148.75,3105.0,3141.300048828125,563798
2022-11-04,3148.0,3185.0,3125.89990234375,3181.35009765625,609757
2022-11-07,3186.0,3198.0,3097.449951171875,3103.550048828125,1669943
2022-11-09,3146.0,3146.0,3080.0,3086.5,1391333
2022-11-10,3086.0,3086.0,3033.5,3045.14990234375,1375007
2022-11-11,3090.699951171875,3098.0,3048.0,3055.39990234375,810288
2022-11-14,3056.0,3077.949951171875,3041.050048828125,3053.199951171875,811702
2022-11-15,3068.5,3095.0,3042.0,3079.300048828125,873840
2022-11-16,3079.300048828125,3093.0,3051.0,3083.050048828125,770953
2022-11-17,3092.0,3096.550048828125,3060.0,3071.60009765625,706271
2022-11-18,3095.0,3114.85009765625,3055.75,3095.5,1258576
2022-11-21,3105.0,3110.35009765625,3066.199951171875,3095.300048828125,612194
2022-11-22,3104.0,3119.5,3072.300048828125,3103.85009765625,764079
2022-11-23,3111.0,3114.800048828125,3090.0,3100.800048828125,488341
2022-11-24,3117.949951171875,3120.25,3092.0,3115.300048828125,571872
2022-11-25,3115.300048828125,3119.800048828125,3075.25,3108.14990234375,898769
2022-11-28,3108.14990234375,3159.0,3096.699951171875,3151.199951171875,914689
2022-11-29,3157.0,3169.0,3127.14990234375,3135.050048828125,877720
2022-11-30,3139.89990234375,3199.949951171875,3133.300048828125,3175.14990234375,2547283
2022-12-01,3191.0,3197.0,3161.25,3179.35009765625,761717
2022-12-02,3173.14990234375,3174.300048828125,3134.0,3143.449951171875,932259
2022-12-05,3130.0,3168.699951171875,3112.5,3156.89990234375,926122
2022-12-06,3125.0,3169.0,3125.0,3161.699951171875,958365
2022-12-07,3180.0,3234.699951171875,3176.39990234375,3226.5,1832282
2022-12-08,3230.0,3240.89990234375,3202.64990234375,3221.449951171875,851312
2022-12-09,3235.0,3242.35009765625,3206.0,3226.949951171875,847879
2022-12-12,3227.0,3230.0,3141.89990234375,3166.35009765625,1323816
2022-12-13,3185.0,3185.0,3142.64990234375,3178.5,886601
2022-12-14,3179.0,3195.0,3125.0,3145.949951171875,1103870
2022-12-15,3142.0,3161.199951171875,3116.699951171875,3130.60009765625,799124
2022-12-16,3115.0,3117.0,3050.300048828125,3055.89990234375,1192821
2022-12-19,3062.0,3088.0,3041.0,3080.949951171875,655594
2022-12-20,3075.050048828125,3088.64990234375,3018.0,3082.14990234375,739257
2022-12-21,3085.0,3112.449951171875,3050.050048828125,3069.64990234375,616324
2022-12-22,3074.0,3093.5,3038.050048828125,3088.550048828125,663202
2022-12-23,3078.949951171875,3086.85009765625,3036.0,3057.89990234375,1230858
2022-12-26,3057.89990234375,3071.89990234375,3028.800048828125,3056.050048828125,536884
2022-12-27,3060.0,3129.0,3056.300048828125,3112.60009765625,729041
2022-12-28,3109.949951171875,3143.800048828125,3105.0,3123.699951171875,972274
2022-12-29,3101.0,3125.0,3092.550048828125,3115.14990234375,596265
2022-12-30,3130.75,3130.75,3071.300048828125,3087.89990234375,836220
2023-01-02,3087.89990234375,3087.89990234375,3021.0,3047.25,1015990
2023-01-03,3047.0,3059.949951171875,3025.0,3028.25,860367
2023-01-04,3035.0,3050.0,3001.550048828125,3016.85009765625,836382
2023-01-05,3039.550048828125,3046.60009765625,2995.39990234375,3004.35009765625,1113920
2023-01-06,3010.0,3023.5,2952.0,2978.39990234375,1045526
2023-01-09,2993.300048828125,3017.64990234375,2951.0,2984.14990234375,808263
2023-01-10,2984.14990234375,2985.0,2952.199951171875,2960.35009765625,864325
2023-01-11,2974.89990234375,2974.89990234375,2935.0,2940.39990234375,890426
2023-01-12,2939.0,2939.85009765625,2896.0,2915.949951171875,1558620
2023-01-13,2925.0,2925.0,2871.75,2909.14990234375,1507864
2023-01-16,2925.0,2929.60009765625,2896.0,2916.050048828125,644073
2023-01-17,2925.0,2944.85009765625,2911.14990234375,2940.89990234375,716489
2023-01-18,2947.949951171875,2960.0,2929.35009765625,2945.25,893808
2023-01-19,2954.89990234375,2973.60009765625,2843.60009765625,2866.14990234375,2379947
2023-01-20,2848.0,2848.0,2781.0,2787.800048828125,3171005
2023-01-23,2800.0,2800.0,2767.85009765625,2784.449951171875,1402260
2023-01-24,2795.0,2827.10009765625,2784.449951171875,2810.60009765625,1061471
2023-01-25,2810.89990234375,2811.0,2767.10009765625,2775.0,857953
2023-01-27,2766.60009765625,2772.85009765625,2685.85009765625,2722.64990234375,1801498
2023-01-30,2724.0,2776.0,2696.25,2766.199951171875,1171912
2023-01-31,2760.0,2779.949951171875,2718.050048828125,2725.85009765625,1961805
2023-02-01,2749.800048828125,2778.0,2704.800048828125,2743.75,1176872
2023-02-02,2741.0,2741.0,2694.0,2705.64990234375,1308570
2023-02-03,2705.64990234375,2763.89990234375,2700.0,2760.39990234375,1278409
2023-02-06,2760.39990234375,2765.0,2718.0,2754.199951171875,1120284
2023-02-07,2762.0,2774.5,2748.14990234375,2758.050048828125,732250
2023-02-08,2768.0,2784.0,2744.300048828125,2765.60009765625,811956
2023-02-09,2781.949951171875,2820.35009765625,2766.14990234375,2814.60009765625,946372
2023-02-10,2830.0,2830.949951171875,2793.0,2804.60009765625,700072
2023-02-13,2814.5,2829.0,2780.0,2790.75,467228
2023-02-14,2804.75,2804.75,2765.0,2777.0,524746
2023-02-15,2777.0,2798.300048828125,2754.0,2786.14990234375,817717
2023-02-16,2797.0,2834.35009765625,2790.10009765625,2805.949951171875,788964
2023-02-17,2802.949951171875,2845.85009765625,2785.5,2833.60009765625,840526
2023-02-20,2845.0,2852.0,2812.10009765625,2825.550048828125,646218
2023-02-21,2837.0,2838.699951171875,2805.0,2817.10009765625,631934
2023-02-22,2809.949951171875,2813.949951171875,2780.0,2795.949951171875,580270
2023-02-23,2805.0,2805.550048828125,2700.10009765625,2705.949951171875,1790570
2023-02-24,2712.10009765625,2762.0,2710.0,2738.5,1429040
2023-02-27,2740.39990234375,2758.64990234375,2725.050048828125,2749.89990234375,561317
2023-02-28,2750.0,2839.0,2727.449951171875,2828.800048828125,1815923
2023-03-01,2828.0,2853.300048828125,2816.050048828125,2840.89990234375,816598
2023-03-02,2831.0,2849.0,2811.0,2833.89990234375,604523
2023-03-03,2837.050048828125,2852.0,2810.64990234375,2828.85009765625,679295
2023-03-06,2843.0,2884.0,2830.25,2864.550048828125,1050267
2023-03-08,2870.0,2870.0,2827.0,2859.550048828125,580250
2023-03-09,2862.0,2872.449951171875,2836.85009765625,2853.550048828125,774224
2023-03-10,2844.0,2844.0,2807.0,2830.199951171875,489978
2023-03-13,2823.5,2849.449951171875,2772.199951171875,2784.199951171875,813217
2023-03-14,2782.949951171875,2786.949951171875,2740.050048828125,2745.60009765625,1060450
2023-03-15,2772.199951171875,2866.35009765625,2765.199951171875,2827.39990234375,2170346
2023-03-16,2850.0,2900.0,2828.699951171875,2893.25,1755487
2023-03-17,2923.949951171875,2923.949951171875,2855.050048828125,2862.64990234375,1848073
2023-03-20,2915.0,2915.0,2831.050048828125,2855.14990234375,1074367
2023-03-21,2858.14990234375,2887.0,2835.0,2839.10009765625,691891
2023-03-22,2825.0,2853.14990234375,2814.85009765625,2839.85009765625,731807
2023-03-23,2817.10009765625,2823.0,2767.75,2797.800048828125,1016581
2023-03-24,2797.800048828125,2815.64990234375,2772.85009765625,2798.5,784111
2023-03-27,2798.5,2820.0,2786.5,2803.75,791560
2023-03-28,2791.0,2810.60009765625,2765.0,2784.449951171875,558581
2023-03-29,2784.449951171875,2793.75,2755.0,2770.5,1087648
2023-03-31,2756.050048828125,2775.0,2747.5,2761.64990234375,1967803
2023-04-03,2746.949951171875,2781.64990234375,2708.64990234375,2777.0,1035295
2023-04-05,2760.0,2811.550048828125,2752.25,2808.5,668643
2023-04-06,2807.449951171875,2825.0,2786.800048828125,2809.85009765625,627554
2023-04-10,2810.0,2810.0,2755.10009765625,2776.35009765625,1215461
2023-04-11,2790.0,2790.0,2750.050048828125,2753.800048828125,1246379
2023-04-12,2755.550048828125,2806.199951171875,2751.0,2786.75,2235399
2023-04-13,2786.699951171875,2813.300048828125,2782.0,2809.75,602597
2023-04-17,2825.0,2845.60009765625,2806.0,2843.10009765625,754555
2023-04-18,2848.0,2858.449951171875,2830.10009765625,2854.60009765625,717724
2023-04-19,2836.35009765625,2852.699951171875,2800.64990234375,2809.699951171875,799624
2023-04-20,2820.0,2851.0,2813.14990234375,2843.85009765625,761101
2023-04-21,2847.10009765625,2887.0,2847.10009765625,2882.10009765625,894930
2023-04-24,2882.10009765625,2898.0,2852.0,2891.10009765625,782967
2023-04-25,2891.050048828125,2901.75,2864.14990234375,2898.0,636120
2023-04-26,2896.949951171875,2916.449951171875,2888.050048828125,2910.0,569221
2023-04-27,2915.5,2920.0,2893.85009765625,2899.949951171875,599461
2023-04-28,2919.949951171875,2919.949951171875,2846.60009765625,2902.35009765625,1080665
2023-05-02,2910.949951171875,2933.699951171875,2893.0,2899.550048828125,663800
2023-05-03,2918.0,2962.39990234375,2897.0,2929.699951171875,1237193
2023-05-04,2948.0,2986.14990234375,2922.14990234375,2982.85009765625,1008540
2023-05-05,2971.0,3025.0,2951.050048828125,3012.949951171875,1326561
2023-05-08,3015.0,3035.699951171875,2993.0,3019.449951171875,941879
2023-05-09,3016.050048828125,3074.800048828125,3010.75,3034.800048828125,1025850
2023-05-10,3042.949951171875,3057.0,3018.89990234375,3041.39990234375,751851
2023-05-11,3052.050048828125,3156.14990234375,3031.5,3139.75,3229605
2023-05-12,3139.0,3179.75,3086.0,3131.10009765625,1998170
2023-05-15,3134.199951171875,3168.0,3121.050048828125,3132.0,810281
2023-05-16,3132.0,3165.699951171875,3122.35009765625,3138.10009765625,822404
2023-05-17,3136.0,3147.949951171875,3075.550048828125,3092.449951171875,835371
2023-05-18,3105.64990234375,3125.0,3093.25,3109.050048828125,498067
2023-05-19,3124.0,3127.949951171875,3068.050048828125,3084.449951171875,633262
2023-05-22,3070.0,3105.60009765625,3046.0,3084.89990234375,659425
2023-05-23,3087.0,3127.949951171875,3085.0,3120.60009765625,581204
2023-05-24,3115.0,3133.14990234375,3098.0,3101.5,439465
2023-05-25,3101.5,3129.0,3086.0,3123.550048828125,500313
2023-05-26,3123.0,3136.949951171875,3111.75,3128.39990234375,568249
2023-05-29,3147.199951171875,3155.0,3116.050048828125,3137.39990234375,535712
2023-05-30,3146.89990234375,3155.0,3127.550048828125,3144.39990234375,506026
2023-05-31,3151.949951171875,3219.35009765625,3136.449951171875,3192.949951171875,2349066
2023-06-01,3235.35009765625,3249.89990234375,3207.0,3240.699951171875,1104861
2023-06-02,3239.39990234375,3249.949951171875,3219.0,3237.25,781973
2023-06-05,3239.949951171875,3239.949951171875,3195.0,3199.75,492565
2023-06-06,3207.75,3238.89990234375,3195.0,3212.75,577698
2023-06-07,3217.0,3229.25,3206.25,3224.800048828125,470038
2023-06-08,3220.0,3247.0,3193.0,3212.25,561161
2023-06-09,3209.800048828125,3238.89990234375,3168.550048828125,3180.550048828125,1239045
2023-06-12,3185.199951171875,3202.35009765625,3151.14990234375,3194.75,1029156
2023-06-13,3210.0,3272.0,3205.14990234375,3262.85009765625,1598821
2023-06-14,3265.0,3289.89990234375,3253.0,3270.199951171875,741615
2023-06-15,3276.0,3304.0,3273.35009765625,3294.35009765625,806994
2023-06-16,3291.75,3322.0,3286.550048828125,3316.85009765625,984671
2023-06-19,3318.85009765625,3344.949951171875,3303.25,3309.699951171875,516915
2023-06-20,3315.0,3326.85009765625,3277.10009765625,3318.699951171875,866290
2023-06-21,3318.699951171875,3333.0,3300.0,3316.10009765625,742456
2023-06-22,3325.0,3326.85009765625,3242.449951171875,3248.050048828125,871640
2023-06-23,3265.0,3304.14990234375,3253.050048828125,3297.699951171875,1260659
2023-06-26,3295.0,3315.35009765625,3271.39990234375,3308.14990234375,592801
2023-06-27,3275.0,3344.5,3273.35009765625,3326.0,914141
2023-06-28,3331.0,3355.25,3323.5,3348.25,713110
2023-06-30,3353.0,3449.60009765625,3343.75,3362.050048828125,1436363
2023-07-03,3365.0,3379.949951171875,3337.199951171875,3358.699951171875,474224
2023-07-04,3358.699951171875,3387.0,3331.0,3347.699951171875,473663
2023-07-05,3351.35009765625,3400.0,3340.75,3374.39990234375,632406
2023-07-06,3410.0,3410.0,3367.800048828125,3399.39990234375,693995
2023-07-07,3385.0,3414.0,3337.14990234375,3343.699951171875,620761
2023-07-10,3345.0,3372.050048828125,3293.949951171875,3343.14990234375,548838
2023-07-11,3349.949951171875,3399.949951171875,3345.0,3392.550048828125,772158
2023-07-12,3408.0,3414.39990234375,3362.25,3406.75,1025127
2023-07-13,3425.0,3425.0,3384.35009765625,3398.550048828125,750126
2023-07-14,3398.550048828125,3439.0,3387.0,3429.75,832843
2023-07-17,3429.75,3473.0,3425.0,3460.39990234375,817694
2023-07-18,3460.0,3523.0,3455.60009765625,3513.449951171875,962485
2023-07-19,3520.0,3530.0,3482.5,3514.64990234375,620289
2023-07-20,3510.050048828125,3535.0,3494.949951171875,3526.0,589848
2023-07-21,3535.949951171875,3537.949951171875,3505.0,3517.699951171875,857975
2023-07-24,3506.0,3568.0,3498.5,3543.699951171875,680246
2023-07-25,3547.89990234375,3547.89990234375,3350.0,3400.39990234375,2555630
2023-07-26,3399.85009765625,3413.0,3365.0,3373.0,959076
2023-07-27,3390.0,3414.0,3351.0,3369.39990234375,874078
2023-07-28,3375.0,3399.0,3364.5,3390.699951171875,553750
2023-07-31,3323.199951171875,3388.0,3323.14990234375,3377.35009765625,933890
2023-08-01,3372.0,3385.0,3338.0,3342.949951171875,698667
2023-08-02,3341.199951171875,3371.949951171875,3330.64990234375,3362.89990234375,857218
2023-08-03,3370.0,3379.949951171875,3317.949951171875,3336.35009765625,711067
2023-08-04,3338.14990234375,3373.300048828125,3323.0,3339.64990234375,519248
2023-08-07,3316.050048828125,3350.0,3316.0,3343.0,360358
2023-08-08,3343.0,3359.949951171875,3332.64990234375,3348.050048828125,500258
2023-08-09,3332.550048828125,3356.949951171875,3303.0,3331.0,643222
2023-08-10,3310.0,3320.0,3230.0,3237.89990234375,1253219
2023-08-11,3237.89990234375,3248.949951171875,3180.0,3185.35009765625,919023
2023-08-14,3185.35009765625,3209.89990234375,3152.25,3202.60009765625,815534
2023-08-16,3194.89990234375,3208.85009765625,3176.89990234375,3194.050048828125,597686
2023-08-17,3223.89990234375,3224.0,3162.0,3183.25,873392
2023-08-18,3174.89990234375,3185.5,3155.0,3163.550048828125,592652
2023-08-21,3159.89990234375,3187.5,3152.14990234375,3182.300048828125,353330
2023-08-22,3198.60009765625,3198.60009765625,3171.0,3179.699951171875,377068
2023-08-23,3186.0,3196.0,3165.25,3168.800048828125,370811
2023-08-24,3185.0,3232.89990234375,3170.89990234375,3225.60009765625,1167742
2023-08-25,3224.89990234375,3265.0,3216.199951171875,3259.300048828125,1363431
2023-08-28,3264.949951171875,3272.0,3231.050048828125,3259.699951171875,707315
2023-08-29,3261.0,3289.0,3255.050048828125,3285.699951171875,533163
2023-08-30,3301.300048828125,3302.85009765625,3276.39990234375,3294.699951171875,599080
2023-08-31,3300.050048828125,3302.0,3220.0,3256.10009765625,1601967
2023-09-01,3241.10009765625,3264.199951171875,3217.10009765625,3259.550048828125,650131
2023-09-04,3259.550048828125,3266.25,3216.10009765625,3235.550048828125,696213
2023-09-05,3245.0,3248.85009765625,3220.0,3223.300048828125,597022
2023-09-06,3209.0,3230.0,3195.0,3225.300048828125,754106
2023-09-07,3225.300048828125,3253.75,3201.25,3246.35009765625,923108
2023-09-08,3250.550048828125,3263.050048828125,3232.0,3238.050048828125,395918
2023-09-11,3242.0,3265.0,3242.0,3259.39990234375,359345
2023-09-12,3260.0,3279.800048828125,3243.0,3256.85009765625,554905
2023-09-13,3245.0,3284.64990234375,3225.300048828125,3277.75,880907
2023-09-14,3282.0,3294.199951171875,3223.25,3240.25,1102554
2023-09-15,3235.0,3240.0,3185.0,3196.64990234375,1568607
2023-09-18,3200.0,3229.89990234375,3190.0,3206.300048828125,673602
2023-09-20,3206.300048828125,3228.0,3195.0,3214.35009765625,901084
2023-09-21,3210.0,3261.199951171875,3180.550048828125,3244.199951171875,845739
2023-09-22,3234.949951171875,3283.60009765625,3221.14990234375,3274.85009765625,896521
2023-09-25,3272.300048828125,3334.800048828125,3271.14990234375,3323.25,1422084
2023-09-26,3323.0,3324.89990234375,3260.35009765625,3292.800048828125,834560
2023-09-27,3288.0,3309.0,3271.699951171875,3301.800048828125,516326
2023-09-28,3281.800048828125,3289.0,3155.0,3170.35009765625,2104381
2023-09-29,3195.0,3195.0,3134.0,3161.050048828125,1550585
2023-10-03,3166.10009765625,3227.800048828125,3162.0,3166.85009765625,1219145
2023-10-04,3164.949951171875,3189.0,3151.35009765625,3169.89990234375,892584
2023-10-05,3210.0,3232.10009765625,3174.300048828125,3206.25,1002610
2023-10-06,3214.75,3217.0,3190.0,3195.75,814257
2023-10-09,3140.050048828125,3163.0,3132.699951171875,3152.800048828125,700012
2023-10-10,3150.0,3164.89990234375,3140.050048828125,3151.5,847367
2023-10-11,3169.0,3185.0,3152.050048828125,3163.89990234375,1025317
2023-10-12,3186.0,3188.5,3150.050048828125,3159.10009765625,992531
2023-10-13,3150.0,3172.0,3128.25,3148.800048828125,854688
2023-10-16,3124.0,3128.0,3096.10009765625,3112.050048828125,853011
2023-10-17,3137.0,3137.0,3091.800048828125,3113.550048828125,792640
2023-10-18,3110.0,3115.199951171875,3090.0,3096.449951171875,481985
2023-10-19,3087.699951171875,3110.89990234375,3076.10009765625,3101.800048828125,568124
2023-10-20,3092.5,3115.10009765625,3064.550048828125,3105.85009765625,711434
2023-10-23,3096.050048828125,3108.89990234375,3064.0,3072.0,374476
2023-10-25,3093.39990234375,3108.0,3052.0,3060.800048828125,669290
2023-10-26,3051.10009765625,3055.0,2940.0,2960.300048828125,1834111
2023-10-27,2932.800048828125,2974.64990234375,2931.0,2955.14990234375,1708185
2023-10-30,2974.0,2991.949951171875,2939.10009765625,2967.10009765625,878885
2023-10-31,2969.0,3012.75,2966.0,2995.699951171875,1152306
2023-11-01,2997.949951171875,3008.89990234375,2930.0,2934.550048828125,1029990
2023-11-02,2961.050048828125,2962.0,2934.0,2955.39990234375,900125
2023-11-03,2957.0,2982.89990234375,2942.0,2977.85009765625,715997
2023-11-06,2998.0,3034.050048828125,2983.85009765625,3029.300048828125,620959
2023-11-07,3029.300048828125,3038.949951171875,3002.199951171875,3033.35009765625,757998
2023-11-08,3058.0,3098.949951171875,3046.199951171875,3095.25,783400
2023-11-09,3100.0,3111.39990234375,3074.050048828125,3080.199951171875,849702
2023-11-10,3070.0,3085.0,3040.10009765625,3076.449951171875,364232
2023-11-13,3098.0,3098.0,3065.0,3085.60009765625,405941
2023-11-15,3085.699951171875,3118.85009765625,3078.699951171875,3116.199951171875,700017
2023-11-16,3119.0,3140.89990234375,3097.60009765625,3130.300048828125,675454
2023-11-17,3150.0,3228.25,3145.64990234375,3168.89990234375,1430175
2023-11-20,3168.89990234375,3171.89990234375,3132.0,3140.35009765625,406431
2023-11-21,3156.89990234375,3156.89990234375,3127.0,3133.25,409069
2023-11-22,3140.0,3157.0,3121.199951171875,3133.0,489889
2023-11-23,3148.0,3171.39990234375,3115.14990234375,3122.949951171875,792460
2023-11-24,3118.0,3139.800048828125,3111.0,3136.14990234375,756329
2023-11-28,3141.14990234375,3160.0,3136.14990234375,3148.35009765625,647883
2023-11-29,3148.35009765625,3170.0,3142.0,3148.35009765625,620725
2023-11-30,3148.35009765625,3153.949951171875,3108.35009765625,3119.89990234375,1793116
2023-12-01,3146.949951171875,3190.60009765625,3140.25,3173.39990234375,960196
2023-12-04,3190.0,3204.449951171875,3166.5,3194.550048828125,1018189
2023-12-05,3197.0,3247.64990234375,3180.0,3226.25,1005550
2023-12-06,3265.0,3289.0,3232.949951171875,3252.550048828125,1229158
2023-12-07,3284.0,3299.949951171875,3246.85009765625,3251.800048828125,1071725
2023-12-08,3255.0,3269.800048828125,3227.800048828125,3232.0,895852
2023-12-11,3230.0,3245.0,3185.5,3233.0,910426
2023-12-12,3228.0,3257.050048828125,3210.0,3224.75,1019030
2023-12-13,3240.0,3254.949951171875,3190.300048828125,3243.64990234375,1052079
2023-12-14,3255.0,3258.60009765625,3218.0,3241.35009765625,923107
2023-12-15,3250.0,3326.35009765625,3242.0,3313.89990234375,1631687
2023-12-18,3313.0,3335.800048828125,3296.0,3332.050048828125,911936
2023-12-19,3335.949951171875,3353.89990234375,3300.14990234375,3336.050048828125,780448
2023-12-20,3336.050048828125,3359.949951171875,3282.64990234375,3297.14990234375,979762
2023-12-21,3280.0,3320.0,3271.85009765625,3302.949951171875,1585879
2023-12-22,3309.89990234375,3350.800048828125,3287.0,3341.300048828125,930563
2023-12-26,3349.949951171875,3391.89990234375,3345.199951171875,3383.35009765625,600190
2023-12-27,3381.050048828125,3409.949951171875,3354.0,3404.449951171875,837182
2023-12-28,3405.0,3419.949951171875,3373.050048828125,3397.25,779250
2023-12-29,3410.0,3422.949951171875,3383.89990234375,3402.39990234375,615676
2024-01-01,3403.0,3411.800048828125,3389.14990234375,3396.10009765625,283951
2024-01-02,3396.0,3398.89990234375,3345.0,3391.35009765625,552394
2024-01-03,3391.35009765625,3399.0,3365.0,3373.60009765625,379131
2024-01-04,3372.0,3401.25,3363.800048828125,3379.949951171875,777127
2024-01-05,3379.949951171875,3380.39990234375,3348.0,3355.550048828125,416956
2024-01-08,3355.0,3376.5,3294.85009765625,3298.39990234375,545884
2024-01-09,3310.0,3315.0,3262.25,3267.5,670704
2024-01-10,3292.0,3293.0,3258.199951171875,3286.85009765625,691087
2024-01-11,3286.85009765625,3309.199951171875,3270.699951171875,3288.199951171875,537469
2024-01-12,3294.949951171875,3294.949951171875,3244.0,3277.800048828125,673004
2024-01-15,3282.199951171875,3287.199951171875,3258.60009765625,3273.89990234375,728116
2024-01-16,3274.949951171875,3320.0,3273.89990234375,3296.89990234375,748215
2024-01-17,3294.10009765625,3304.35009765625,3193.050048828125,3242.300048828125,2239241
2024-01-18,3257.949951171875,3257.949951171875,3048.60009765625,3163.85009765625,1979174
2024-01-19,3177.800048828125,3201.550048828125,3148.60009765625,3165.85009765625,936201
2024-01-23,3087.550048828125,3109.0,3021.550048828125,3054.699951171875,2365225
2024-01-24,3055.0,3055.0,2976.10009765625,2999.449951171875,2665932
2024-01-25,3010.050048828125,3016.0,2942.300048828125,2949.199951171875,2001961
2024-01-29,2940.050048828125,2988.449951171875,2940.050048828125,2976.050048828125,1862723
2024-01-30,2990.0,3005.0,2951.050048828125,2954.10009765625,1273188
2024-01-31,2966.0,2971.89990234375,2948.050048828125,2957.85009765625,1771244
2024-02-01,2961.0,2972.85009765625,2919.949951171875,2929.35009765625,3006472
2024-02-02,2950.0,2962.35009765625,2924.050048828125,2936.300048828125,1881911
2024-02-05,2950.0,2965.0,2912.0,2917.35009765625,923435
2024-02-06,2931.0,2947.0,2902.64990234375,2930.949951171875,1471312
2024-02-07,2957.0,3002.949951171875,2936.050048828125,2981.14990234375,1134012
2024-02-08,2999.75,2999.75,2919.800048828125,2929.60009765625,1633654
2024-02-09,2930.0,2959.0,2910.550048828125,2951.64990234375,1144765
2024-02-12,2951.64990234375,2964.949951171875,2920.050048828125,2953.800048828125,614469
2024-02-13,2964.949951171875,2981.25,2945.699951171875,2971.60009765625,717118
2024-02-14,2969.89990234375,2980.800048828125,2936.050048828125,2976.39990234375,750339
2024-02-15,2980.0,3024.5,2967.449951171875,3016.550048828125,1068730
2024-02-16,3035.0,3035.0,3000.0,3007.89990234375,1179473
2024-02-19,3007.89990234375,3018.699951171875,2987.5,2998.10009765625,560700
2024-02-20,2998.10009765625,3017.10009765625,2972.10009765625,3011.64990234375,729371
2024-02-21,3012.050048828125,3026.75,2983.5,3001.800048828125,927130
2024-02-22,2983.0,3027.199951171875,2932.10009765625,3017.39990234375,2615821
2024-02-23,2999.0,3005.0,2966.199951171875,2985.949951171875,1650523
2024-02-26,2920.0,2930.0,2847.800048828125,2868.449951171875,3524491
2024-02-27,2855.0,2870.0,2850.10009765625,2859.550048828125,1296180
2024-02-28,2850.14990234375,2859.39990234375,2785.5,2794.35009765625,2472196
2024-02-29,2785.0,2838.0,2776.75,2821.89990234375,2284424
2024-03-01,2832.89990234375,2845.949951171875,2815.050048828125,2831.75,978174
2024-03-04,2860.0,2860.949951171875,2828.0,2831.75,971299
2024-03-05,2834.0,2834.85009765625,2805.0,2820.39990234375,736381
2024-03-06,2827.949951171875,2839.0,2777.75,2827.300048828125,1723066
2024-03-07,2825.0,2894.0,2825.0,2870.550048828125,1564364
2024-03-11,2895.550048828125,2896.550048828125,2853.10009765625,2876.85009765625,866546
2024-03-12,2880.0,2899.89990234375,2865.449951171875,2876.14990234375,663186
2024-03-13,2878.60009765625,2887.25,2835.0,2860.14990234375,955841
2024-03-14,2860.0,2898.050048828125,2841.0,2892.25,1381741
2024-03-15,2895.0,2896.949951171875,2850.0,2867.550048828125,1356226
2024-03-18,2866.0,2866.0,2817.25,2846.5,940424
2024-03-19,2840.0,2840.0,2801.0,2815.10009765625,1199135
2024-03-20,2815.10009765625,2837.050048828125,2797.550048828125,2824.89990234375,818910
2024-03-21,2845.0,2845.39990234375,2806.0,2821.14990234375,1167680
2024-03-22,2821.14990234375,2855.14990234375,2808.0,2841.5,1652689
2024-03-26,2820.0,2844.14990234375,2810.0,2814.64990234375,1372390
2024-03-27,2817.949951171875,2842.85009765625,2817.699951171875,2830.5,1156231
2024-03-28,2835.050048828125,2868.0,2819.0,2846.75,1864623
2024-04-01,2860.949951171875,2886.449951171875,2852.35009765625,2871.0,558086
2024-04-02,2874.050048828125,2892.39990234375,2856.0,2874.199951171875,562473
2024-04-03,2845.0,2884.550048828125,2845.0,2869.35009765625,816676
2024-04-04,2870.0,2943.25,2851.25,2918.300048828125,1831347
2024-04-05,2924.0,2927.75,2880.0,2883.449951171875,1155672
2024-04-08,2908.0,2908.949951171875,2873.800048828125,2892.0,570695
2024-04-09,2893.0,2916.449951171875,2845.0,2857.14990234375,1017670
2024-04-10,2883.300048828125,2899.10009765625,2858.0,2896.75,740495
2024-04-12,2890.0,2893.0,2845.0,2854.5,1766311
2024-04-15,2830.199951171875,2853.5,2812.35009765625,2844.39990234375,884519
2024-04-16,2827.64990234375,2841.449951171875,2820.0,2830.0,911249
2024-04-18,2855.0,2859.199951171875,2800.10009765625,2807.699951171875,1732434
2024-04-19,2790.0,2822.10009765625,2766.14990234375,2808.550048828125,1337807
2024-04-22,2846.60009765625,2846.60009765625,2814.050048828125,2841.85009765625,676040
2024-04-23,2852.0,2877.949951171875,2844.0,2874.89990234375,929062
2024-04-24,2882.949951171875,2883.10009765625,2860.0,2867.75,718441
2024-04-25,2865.0,2869.89990234375,2829.050048828125,2861.449951171875,1594152
2024-04-26,2870.0,2878.199951171875,2837.050048828125,2844.14990234375,625507
2024-04-29,2844.14990234375,2873.949951171875,2839.0,2868.199951171875,566219
2024-04-30,2855.0,2912.0,2855.0,2875.89990234375,1290649
2024-05-02,2875.10009765625,2988.0,2875.10009765625,2975.39990234375,2493406
2024-05-03,2983.050048828125,2997.0,2909.25,2929.75,1594445
2024-05-06,2950.0,2959.0,2911.199951171875,2932.14990234375,768806
2024-05-07,2947.0,2967.949951171875,2904.0,2913.0,629534
2024-05-08,2900.0,2905.0,2821.0,2843.300048828125,1652877
2024-05-09,2828.0,2853.949951171875,2703.800048828125,2710.10009765625,3547959
2024-05-10,2699.0,2792.60009765625,2670.10009765625,2771.25,2478584
2024-05-13,2771.25,2895.0,2754.10009765625,2879.25,2748823
2024-05-14,2879.0,2888.0,2842.0,2866.14990234375,999330
2024-05-15,2866.14990234375,2874.25,2806.14990234375,2813.699951171875,1230520
2024-05-16,2821.050048828125,2837.60009765625,2786.550048828125,2814.050048828125,1534319
2024-05-17,2814.60009765625,2838.199951171875,2786.10009765625,2809.89990234375,1325150
2024-05-21,2815.0,2866.949951171875,2801.0,2851.800048828125,921822
2024-05-22,2851.800048828125,2895.0,2836.60009765625,2885.75,933846
2024-05-23,2885.0,2921.25,2877.300048828125,2903.75,1181894
2024-05-24,2910.199951171875,2910.199951171875,2867.0,2874.75,755822
2024-05-27,2887.89990234375,2898.300048828125,2855.550048828125,2872.300048828125,817091
2024-05-28,2875.85009765625,2921.0,2864.0,2911.199951171875,1084544
2024-05-29,2896.0,2921.699951171875,2881.10009765625,2900.14990234375,1758297
2024-05-30,2875.25,2910.85009765625,2875.0,2883.699951171875,1344426
2024-05-31,2883.699951171875,2906.0,2855.60009765625,2881.199951171875,2520363
2024-06-03,2950.0,2950.0,2860.050048828125,2866.449951171875,952701
2024-06-04,2880.0,2897.0,2775.75,2857.64990234375,2683847
2024-06-05,2864.5,3027.300048828125,2864.5,2961.75,2410576
2024-06-06,2960.0,2961.75,2882.25,2904.800048828125,1689408
2024-06-07,2904.800048828125,2943.10009765625,2888.85009765625,2927.699951171875,1600180
2024-06-10,2928.0,2951.89990234375,2915.0,2937.550048828125,876867
2024-06-11,2915.0,2920.35009765625,2895.0,2902.449951171875,855430
2024-06-12,2909.0,2918.0,2865.64990234375,2905.800048828125,1701770
2024-06-13,2929.0,2929.0,2905.0,2910.0,726380
2024-06-14,2910.0,2931.35009765625,2905.10009765625,2921.60009765625,982815
2024-06-18,2921.60009765625,2928.0,2905.0,2918.5,741098
2024-06-19,2918.0,2920.0,2882.64990234375,2891.699951171875,1018294
2024-06-20,2885.0,2924.5,2872.39990234375,2915.5,1129752
2024-06-21,2925.0,2928.0,2880.10009765625,2890.85009765625,1722379
2024-06-24,2883.0,2899.949951171875,2871.39990234375,2896.050048828125,892125
2024-06-25,2876.0,2894.949951171875,2856.0,2858.449951171875,1217792
2024-06-26,2860.199951171875,2873.85009765625,2844.050048828125,2863.35009765625,960622
2024-06-27,2860.75,2903.0,2845.0,2880.85009765625,1628022
2024-06-28,2865.0,2932.0,2862.199951171875,2917.050048828125,1206712
2024-07-01,2889.300048828125,2939.0,2888.0,2927.800048828125,1104110
2024-07-02,2927.800048828125,2936.0,2912.0,2925.60009765625,1064295
2024-07-03,2929.699951171875,2948.949951171875,2916.0,2925.550048828125,925189
2024-07-04,2940.0,2968.449951171875,2923.0,2934.89990234375,968666
2024-07-05,2937.14990234375,2946.89990234375,2913.10009765625,2935.89990234375,817429
2024-07-08,2935.89990234375,2935.89990234375,2890.699951171875,2898.14990234375,828260
2024-07-09,2908.949951171875,2913.199951171875,2890.0,2905.0,685431
2024-07-10,2900.050048828125,3014.5,2894.35009765625,2996.449951171875,2299950
2024-07-11,2999.0,3030.0,2973.0,3022.050048828125,1968980
2024-07-12,3025.0,3052.0,2970.89990234375,2999.14990234375,1879930
2024-07-15,2999.0,2999.0,2932.550048828125,2956.5,2425341
2024-07-16,2959.0,3015.949951171875,2941.5,2974.449951171875,2085611
2024-07-18,2875.0,2957.89990234375,2842.0,2931.550048828125,5384611
2024-07-19,2925.0,2980.0,2917.25,2946.050048828125,2164746
2024-07-22,2937.0,2973.35009765625,2917.14990234375,2934.300048828125,1616347
2024-07-23,2934.300048828125,2947.300048828125,2886.0,2897.10009765625,1906312
2024-07-24,2901.0,2927.0,2886.199951171875,2912.800048828125,1476148
2024-07-25,2892.050048828125,2908.699951171875,2885.25,2901.39990234375,1239922
2024-07-26,2902.199951171875,2964.449951171875,2900.699951171875,2950.14990234375,1359780
2024-07-29,2953.050048828125,2965.10009765625,2936.0,2954.699951171875,854408
2024-07-30,2973.5,3032.800048828125,2970.0,3005.050048828125,2144591
2024-07-31,3005.050048828125,3098.0,3005.050048828125,3084.449951171875,3549501
2024-08-01,3088.0,3128.949951171875,3062.800048828125,3099.35009765625,1675122
2024-08-02,3070.0,3129.050048828125,3060.0,3106.699951171875,1348780
2024-08-05,3069.949951171875,3145.0,3055.300048828125,3093.39990234375,2019141
2024-08-06,3101.699951171875,3135.0,3086.050048828125,3101.75,885743
2024-08-07,3101.75,3118.5,3060.050048828125,3101.449951171875,1907105
2024-08-08,3080.0,3089.699951171875,2990.39990234375,3005.39990234375,1280109
2024-08-09,3039.0,3052.75,2966.0,3040.60009765625,1665414
2024-08-12,3020.0,3084.0,3003.699951171875,3053.199951171875,1736881
2024-08-13,3054.89990234375,3059.800048828125,3013.0,3023.550048828125,502260
2024-08-14,3034.800048828125,3034.800048828125,2994.050048828125,3025.85009765625,454671
2024-08-16,3054.0,3054.0,3003.0,3048.14990234375,514229
2024-08-19,3053.949951171875,3087.85009765625,3038.35009765625,3076.300048828125,542858
2024-08-20,3096.0,3106.35009765625,3078.0,3103.199951171875,668282
2024-08-21,3101.0,3170.60009765625,3084.050048828125,3151.550048828125,1186536
2024-08-22,3167.0,3198.64990234375,3156.050048828125,3186.60009765625,1540888
2024-08-23,3190.0,3198.60009765625,3148.75,3154.64990234375,779284
2024-08-26,3155.0,3177.449951171875,3141.5,3171.35009765625,472874
2024-08-27,3154.0,3203.64990234375,3150.0,3166.199951171875,1003501
2024-08-28,3152.949951171875,3165.5,3118.800048828125,3125.5,538366
2024-08-29,3125.5,3143.949951171875,3092.699951171875,3115.85009765625,849866
2024-08-30,3130.050048828125,3166.75,3110.699951171875,3126.800048828125,1567031
2024-09-02,3148.0,3184.0,3139.60009765625,3150.949951171875,702358
2024-09-03,3164.949951171875,3174.550048828125,3147.5,3154.85009765625,577471
2024-09-04,3155.5,3252.0,3155.5,3231.64990234375,2379110
2024-09-05,3240.0,3257.0,3217.0,3238.25,1482119
2024-09-06,3238.0,3285.89990234375,3225.35009765625,3273.699951171875,2131256
2024-09-09,3273.699951171875,3314.0,3258.0,3280.75,1272289
2024-09-10,3290.0,3310.0,3270.89990234375,3295.050048828125,928920
2024-09-11,3315.0,3382.949951171875,3315.0,3367.449951171875,2561892
2024-09-12,3370.0,3393.0,3340.300048828125,3383.25,1643536
2024-09-13,3355.550048828125,3369.699951171875,3320.89990234375,3358.050048828125,1029400
2024-09-16,3360.0,3394.89990234375,3330.60009765625,3335.800048828125,1019280
2024-09-17,3335.800048828125,3349.89990234375,3301.800048828125,3312.800048828125,586834
2024-09-18,3312.800048828125,3324.85009765625,3251.550048828125,3274.64990234375,410510
2024-09-19,3294.0,3320.0,3275.0,3293.85009765625,963456
2024-09-20,3304.0,3324.800048828125,3266.050048828125,3306.949951171875,1504277
2024-09-23,3316.949951171875,3324.89990234375,3273.199951171875,3277.449951171875,522775
2024-09-24,3277.449951171875,3297.75,3241.10009765625,3248.39990234375,1057933
2024-09-25,3252.0,3252.0,3206.75,3244.75,740636
2024-09-26,3250.0,3285.85009765625,3227.10009765625,3277.050048828125,951080
2024-09-27,3290.949951171875,3337.949951171875,3277.050048828125,3310.75,1315996
2024-09-30,3310.75,3358.0,3305.14990234375,3329.10009765625,1088162
2024-10-01,3317.0,3328.949951171875,3244.050048828125,3277.35009765625,968660
2024-10-03,3192.300048828125,3225.89990234375,3126.5,3149.300048828125,1741363
2024-10-04,3135.0,3156.75,3054.550048828125,3072.5,1551818
2024-10-07,3075.0,3098.550048828125,3038.0,3062.25,909812
2024-10-08,3058.0,3099.0,3045.64990234375,3088.050048828125,817718
2024-10-09,3095.550048828125,3146.699951171875,3071.75,3078.85009765625,1225598
2024-10-10,3090.050048828125,3095.0,3043.0,3059.10009765625,1161933
2024-10-11,3059.199951171875,3064.0,3026.0,3037.199951171875,976017
2024-10-14,3037.0,3055.0,3017.199951171875,3039.14990234375,716011
2024-10-15,3075.0,3096.800048828125,3047.64990234375,3067.10009765625,1242322
2024-10-16,3088.0,3103.550048828125,3066.10009765625,3082.10009765625,764001
2024-10-17,3082.89990234375,3085.0,3037.0,3055.85009765625,674481
2024-10-18,3057.0,3069.0,2980.60009765625,2992.14990234375,899318
2024-10-21,3007.050048828125,3057.0,3000.550048828125,3049.199951171875,806970
2024-10-22,3054.0,3057.949951171875,2995.25,3006.85009765625,541838
2024-10-23,2999.949951171875,3026.5,2972.050048828125,2989.699951171875,624689
2024-10-24,2989.699951171875,3002.300048828125,2951.0,2972.0,571259
2024-10-25,2975.5,3015.550048828125,2952.0,2958.0,1047769
2024-10-28,2987.89990234375,3021.699951171875,2963.050048828125,3001.85009765625,504961
2024-10-29,3020.0,3028.0,2941.10009765625,2992.85009765625,613459
2024-10-30,3006.0,3006.0,2963.550048828125,2996.64990234375,812725
2024-10-31,2994.199951171875,2996.5,2919.0,2935.64990234375,1031171
2024-11-01,2958.0,2965.75,2930.0,2939.85009765625,112249
2024-11-04,2962.14990234375,2962.14990234375,2885.5,2915.300048828125,1146008
2024-11-05,2895.0,2918.800048828125,2872.699951171875,2887.300048828125,935417
2024-11-06,2890.5,2907.85009765625,2860.0,2897.300048828125,1817087
2024-11-07,2900.0,2904.949951171875,2825.0,2842.85009765625,1112489
2024-11-08,2842.85009765625,2847.0,2762.39990234375,2769.449951171875,2060410
2024-11-11,2565.050048828125,2598.75,2506.0,2543.10009765625,8854840
2024-11-12,2535.0,2535.0,2470.0,2474.85009765625,3445898
2024-11-13,2470.0,2498.0,2451.10009765625,2470.5,1803766
2024-11-14,2482.800048828125,2501.75,2466.199951171875,2483.14990234375,1206967
2024-11-18,2520.0,2520.0,2470.800048828125,2483.699951171875,945471
2024-11-19,2488.0,2503.199951171875,2472.35009765625,2483.699951171875,941508
2024-11-21,2454.699951171875,2465.949951171875,2425.0,2428.14990234375,1377572
2024-11-22,2430.0,2493.949951171875,2422.949951171875,2472.199951171875,3805843
2024-11-25,2505.0,2507.949951171875,2450.050048828125,2459.699951171875,1857124
2024-11-26,2459.89990234375,2518.0,2457.60009765625,2505.0,1152258
2024-11-27,2517.5,2517.64990234375,2480.0,2491.89990234375,864653
2024-11-28,2500.0,2506.0,2453.300048828125,2458.050048828125,1506133
2024-11-29,2458.050048828125,2491.5,2455.050048828125,2479.60009765625,1030854
2024-12-02,2479.60009765625,2486.0,2461.35009765625,2479.050048828125,914624
2024-12-03,2494.0,2494.0,2463.5,2469.39990234375,1341985
2024-12-04,2478.89990234375,2479.10009765625,2453.199951171875,2459.449951171875,1005012
2024-12-05,2465.0,2466.89990234375,2423.89990234375,2452.199951171875,3190834
2024-12-06,2468.0,2468.0,2427.0,2429.699951171875,1735948
2024-12-09,2438.14990234375,2439.0,2387.0,2391.85009765625,2301281
2024-12-10,2399.89990234375,2404.64990234375,2385.050048828125,2388.89990234375,1657888
2024-12-11,2399.75,2428.0,2392.64990234375,2417.300048828125,1337700
2024-12-12,2413.0,2415.0,2380.699951171875,2389.550048828125,1089028
2024-12-13,2389.550048828125,2412.0,2354.0,2407.64990234375,1150861
2024-12-16,2419.949951171875,2419.949951171875,2386.14990234375,2402.25,987775
2024-12-17,2388.0,2399.89990234375,2350.5,2356.0,1258218
2024-12-18,2356.800048828125,2372.699951171875,2341.0,2345.449951171875,855682
2024-12-19,2325.0,2325.0,2265.35009765625,2291.85009765625,2784409
2024-12-20,2297.0,2318.0,2276.0,2282.35009765625,1719502
2024-12-23,2300.0,2302.550048828125,2266.050048828125,2279.199951171875,855647
2024-12-24,2282.10009765625,2295.0,2277.14990234375,2284.0,601558
2024-12-26,2284.0,2287.449951171875,2256.5,2262.39990234375,1267334
2024-12-27,2270.25,2290.800048828125,2260.050048828125,2271.39990234375,821790
2024-12-30,2280.25,2298.800048828125,2256.800048828125,2288.25,1076940
2024-12-31,2280.0,2297.64990234375,2273.0,2281.35009765625,685486
2025-01-01,2280.0,2323.199951171875,2280.0,2304.64990234375,1067328
2025-01-02,2314.0,2347.949951171875,2294.0,2343.25,1342922
2025-01-03,2344.0,2348.949951171875,2322.14990234375,2335.949951171875,1355319
2025-01-06,2335.949951171875,2340.0,2256.699951171875,2267.14990234375,1190987
2025-01-07,2272.0,2316.0,2272.0,2292.60009765625,740798
2025-01-08,2287.050048828125,2338.0,2272.699951171875,2334.35009765625,1439632
2025-01-09,2341.89990234375,2361.39990234375,2321.300048828125,2350.199951171875,1362304
2025-01-10,2335.60009765625,2348.89990234375,2316.0,2320.75,1214334
2025-01-13,2291.75,2301.89990234375,2246.39990234375,2252.64990234375,1181928
2025-01-14,2269.0,2286.35009765625,2237.0,2239.949951171875,1316807
2025-01-15,2249.0,2253.75,2220.0,2229.699951171875,1308999
2025-01-16,2239.0,2239.85009765625,2207.800048828125,2215.60009765625,1936087
2025-01-17,2225.64990234375,2269.050048828125,2212.5,2261.0,878848
2025-01-20,2272.25,2286.89990234375,2251.0,2280.550048828125,555716
2025-01-21,2280.550048828125,2315.0,2255.0,2260.35009765625,1410294
2025-01-22,2270.0,2270.0,2244.89990234375,2262.10009765625,835523
2025-01-23,2262.10009765625,2301.800048828125,2246.199951171875,2276.35009765625,1142465
2025-01-24,2283.0,2296.550048828125,2255.050048828125,2262.39990234375,543202
2025-01-27,2255.300048828125,2277.75,2246.199951171875,2251.5,1097939
2025-01-28,2260.0,2267.050048828125,2234.10009765625,2241.800048828125,897501
2025-01-29,2241.800048828125,2246.800048828125,2212.050048828125,2223.14990234375,1281088
2025-01-30,2223.14990234375,2259.25,2215.0,2249.85009765625,1155718
2025-01-31,2255.0,2305.0,2234.85009765625,2300.800048828125,1292909
2025-02-01,2312.0,2389.0,2285.300048828125,2351.14990234375,1318619
2025-02-03,2351.14990234375,2364.449951171875,2277.699951171875,2292.25,1070382
2025-02-04,2304.64990234375,2418.60009765625,2263.75,2354.35009765625,5373733
2025-02-05,2269.0,2295.550048828125,2237.25,2275.199951171875,3474642
2025-02-06,2287.199951171875,2298.89990234375,2260.25,2263.39990234375,1285954
2025-02-07,2266.0,2276.300048828125,2243.199951171875,2271.0,1336756
2025-02-10,2271.050048828125,2278.0,2254.0,2270.14990234375,1181565
2025-02-11,2279.0,2282.89990234375,2226.0,2240.85009765625,1607942
2025-02-12,2241.85009765625,2247.949951171875,2185.699951171875,2228.25,1181706
2025-02-13,2228.25,2249.949951171875,2220.0,2236.39990234375,921923
2025-02-14,2236.39990234375,2250.550048828125,2203.0,2231.300048828125,1380052
2025-02-17,2231.300048828125,2260.0,2226.050048828125,2250.85009765625,923900
2025-02-18,2248.0,2251.949951171875,2218.75,2237.60009765625,735853
2025-02-19,2237.60009765625,2249.800048828125,2226.10009765625,2239.10009765625,645234
2025-02-20,2239.10009765625,2257.10009765625,2231.050048828125,2249.050048828125,637442
2025-02-21,2249.050048828125,2265.800048828125,2237.0,2257.60009765625,755585
2025-02-24,2245.89990234375,2259.0,2241.0,2246.199951171875,765042
2025-02-25,2246.199951171875,2257.10009765625,2217.699951171875,2224.75,947702
2025-02-27,2214.0,2228.39990234375,2198.0,2213.64990234375,1027196
2025-02-28,2210.0,2211.35009765625,2175.800048828125,2179.75,1701193
2025-03-03,2179.75,2193.35009765625,2129.0,2166.39990234375,959068
2025-03-04,2154.050048828125,2159.85009765625,2124.75,2132.10009765625,2180989
2025-03-05,2132.0,2182.800048828125,2124.75,2164.14990234375,1535212
2025-03-06,2189.85009765625,2275.0,2183.10009765625,2267.699951171875,1985096
2025-03-07,2267.699951171875,2277.949951171875,2248.0,2270.0,921429
2025-03-10,2270.0,2293.0,2261.85009765625,2278.60009765625,1072395
2025-03-11,2274.0,2290.89990234375,2257.89990234375,2287.39990234375,601228
2025-03-12,2287.39990234375,2295.949951171875,2247.0,2251.300048828125,749216
2025-03-13,2255.25,2257.199951171875,2222.5,2231.300048828125,747470
2025-03-17,2205.0,2239.25,2196.050048828125,2219.550048828125,838015
2025-03-18,2219.550048828125,2219.550048828125,2219.550048828125,2219.550048828125,0
2025-03-19,2274.0,2287.949951171875,2267.85009765625,2280.699951171875,663292
2025-03-20,2290.0,2307.0,2268.75,2287.199951171875,1166849
2025-03-21,2291.64990234375,2314.5,2277.85009765625,2300.39990234375,1624115
2025-03-24,2302.39990234375,2330.25,2302.10009765625,2322.5,1100353
2025-03-25,2325.0,2344.5,2308.0,2330.75,1828005
2025-03-26,2340.0,2340.949951171875,2304.0,2323.14990234375,1934287
2025-03-27,2315.0,2350.10009765625,2290.5,2338.10009765625,1497861
2025-03-28,2343.949951171875,2364.0,2325.0,2340.64990234375,1281871
2025-04-01,2342.0,2361.699951171875,2305.75,2316.0,970583
2025-04-02,2328.0,2328.39990234375,2292.14990234375,2306.64990234375,792693
2025-04-03,2295.0,2354.89990234375,2289.800048828125,2349.39990234375,608846
2025-04-04,2349.39990234375,2363.949951171875,2302.800048828125,2356.050048828125,1163188
2025-04-07,2190.0,2354.0,2190.0,2341.35009765625,1745817
2025-04-08,2356.0,2420.0,2356.0,2394.199951171875,1876867
2025-04-09,2400.0,2429.449951171875,2390.89990234375,2411.14990234375,1186937
2025-04-11,2439.5,2448.0,2380.25,2393.60009765625,968152
2025-04-15,2414.89990234375,2425.0,2385.0,2415.699951171875,1141122
2025-04-16,2405.10009765625,2468.5,2403.699951171875,2459.89990234375,1166695
2025-04-17,2459.89990234375,2476.39990234375,2431.0,2467.89990234375,885840
2025-04-21,2465.89990234375,2470.89990234375,2441.0,2445.0,541913
2025-04-22,2445.0,2450.0,2413.5,2432.0,543647
2025-04-23,2437.0,2456.60009765625,2425.60009765625,2453.10009765625,744684
2025-04-24,2450.0,2491.0,2435.89990234375,2464.39990234375,1203452
2025-04-25,2464.300048828125,2468.699951171875,2413.699951171875,2431.60009765625,702217
2025-04-28,2419.89990234375,2459.800048828125,2405.0,2452.199951171875,554920
2025-04-29,2460.0,2472.0,2441.60009765625,2451.10009765625,1235066
2025-04-30,2450.0,2462.199951171875,2401.5,2425.699951171875,1479669
2025-05-02,2425.0,2444.89990234375,2398.0,2410.0,744673
2025-05-05,2423.10009765625,2475.0,2423.10009765625,2436.89990234375,1229588
2025-05-06,2442.0,2449.89990234375,2391.10009765625,2418.0,702802
2025-05-07,2388.0,2405.699951171875,2318.5,2334.10009765625,1711738
2025-05-08,2322.0,2349.10009765625,2293.5,2302.60009765625,2292261
2025-05-09,2246.60009765625,2331.800048828125,2245.0,2299.60009765625,1503010
2025-05-12,2330.0,2378.5,2321.0,2356.39990234375,940135
2025-05-13,2354.0,2358.0,2315.10009765625,2324.60009765625,1220489
2025-05-14,2319.0,2319.0,2277.10009765625,2282.300048828125,1549845
2025-05-15,2285.0,2335.5,2268.0,2329.89990234375,1675015
2025-05-16,2333.89990234375,2355.0,2315.0,2353.60009765625,785113
2025-05-19,2353.60009765625,2378.89990234375,2326.60009765625,2331.39990234375,552961
2025-05-20,2347.5,2347.699951171875,2291.39990234375,2295.60009765625,1095824
2025-05-21,2296.0,2316.199951171875,2290.0,2312.39990234375,469330
2025-05-22,2309.199951171875,2310.0,2283.10009765625,2299.199951171875,916504
2025-05-23,2301.800048828125,2329.0,2295.0,2315.5,458035
2025-05-26,2316.0,2338.0,2302.800048828125,2327.199951171875,1258062
2025-05-27,2313.10009765625,2351.60009765625,2301.10009765625,2327.60009765625,2485428
2025-05-28,2327.60009765625,2333.0,2300.300048828125,2303.199951171875,774808
2025-05-29,2303.199951171875,2309.0,2286.5,2294.300048828125,1414643
2025-05-30,2296.5,2304.0,2255.0,2259.10009765625,3610431
2025-06-02,2259.10009765625,2272.300048828125,2257.89990234375,2266.699951171875,702789
2025-06-03,2272.60009765625,2287.300048828125,2246.699951171875,2255.699951171875,792587
2025-06-04,2249.5,2261.0,2240.89990234375,2249.0,768079
2025-06-05,2251.10009765625,2261.0,2233.0,2243.5,996614
2025-06-06,2249.10009765625,2252.60009765625,2239.0,2245.199951171875,822087
2025-06-09,2240.0,2255.800048828125,2236.0,2247.89990234375,1041851
2025-06-10,2240.0,2240.0,2215.199951171875,2218.89990234375,1809051
2025-06-11,2209.0,2225.89990234375,2207.199951171875,2208.800048828125,1430888
2025-06-12,2224.0,2263.0,2208.10009765625,2219.39990234375,3417373
2025-06-13,2175.0,2217.10009765625,2174.800048828125,2214.199951171875,1786807
2025-06-16,2214.199951171875,2250.0,2209.300048828125,2244.800048828125,1301826
2025-06-17,2231.0,2281.0,2227.0,2264.800048828125,1540986
2025-06-18,2257.0,2284.0,2255.0,2281.39990234375,1131156
2025-06-19,2270.0,2285.0,2264.0,2268.0,524926
2025-06-20,2267.0,2289.89990234375,2263.0,2285.699951171875,1945026
2025-06-23,2261.199951171875,2272.800048828125,2253.89990234375,2264.10009765625,596186
2025-06-24,2305.0,2309.699951171875,2268.89990234375,2275.300048828125,1044179
2025-06-25,2276.10009765625,2294.300048828125,2275.39990234375,2279.89990234375,807368
2025-06-26,2287.0,2292.60009765625,2280.199951171875,2289.800048828125,921519
2025-06-27,2283.0,2364.5,2277.10009765625,2358.699951171875,1555059
2025-06-30,2362.0,2369.89990234375,2326.10009765625,2341.10009765625,785414
2025-07-01,2380.5,2400.0,2350.199951171875,2369.5,1232160
2025-07-02,2340.0,2430.0,2327.0,2419.39990234375,1936030
2025-07-03,2428.89990234375,2464.39990234375,2425.0,2430.89990234375,1547480
2025-07-04,2430.89990234375,2443.0,2412.0,2424.199951171875,602309
2025-07-07,2423.300048828125,2465.10009765625,2421.0,2442.800048828125,869054
2025-07-08,2440.5,2488.0,2437.300048828125,2484.60009765625,1136367
2025-07-09,2520.5,2535.0,2492.89990234375,2498.89990234375,2328636
2025-07-10,2507.300048828125,2512.0,2445.10009765625,2451.199951171875,932859
2025-07-11,2447.5,2484.800048828125,2435.5,2439.199951171875,1050411
2025-07-14,2431.10009765625,2448.60009765625,2391.0,2401.60009765625,891618
2025-07-15,2409.89990234375,2415.0,2386.300048828125,2393.5,610228
2025-07-16,2381.0,2422.39990234375,2371.0,2410.5,1200909
2025-07-17,2404.10009765625,2414.0,2394.0,2398.89990234375,526163
2025-07-18,2400.60009765625,2405.0,2372.300048828125,2382.39990234375,599552
2025-07-21,2382.39990234375,2408.0,2360.800048828125,2375.39990234375,390931
2025-07-22,2375.39990234375,2380.800048828125,2361.300048828125,2365.199951171875,411317
2025-07-23,2363.0,2384.699951171875,2352.60009765625,2375.39990234375,368999
2025-07-24,2375.39990234375,2380.0,2341.0,2352.10009765625,506960
2025-07-25,2340.0,2350.5,2325.800048828125,2336.199951171875,383636
2025-07-28,2336.199951171875,2366.39990234375,2320.0,2359.60009765625,650364
2025-07-29,2359.0,2418.300048828125,2325.0,2401.5,1742815
2025-07-30,2409.0,2443.800048828125,2366.5,2415.800048828125,1685818
2025-07-31,2401.39990234375,2417.199951171875,2373.5,2396.10009765625,1274735
2025-08-01,2378.0,2472.0,2378.0,2431.0,2225293
2025-08-04,2443.199951171875,2467.0,2439.60009765625,2449.800048828125,1165898
2025-08-05,2461.89990234375,2463.699951171875,2409.10009765625,2436.800048828125,659094
2025-08-06,2440.0,2505.60009765625,2440.0,2491.199951171875,2019109
2025-08-07,2484.10009765625,2510.0,2466.89990234375,2506.5,1502806
2025-08-08,2506.5,2511.699951171875,2468.5,2475.60009765625,1178226
2025-08-11,2463.89990234375,2504.199951171875,2452.0,2489.10009765625,721135
2025-08-12,2489.10009765625,2502.800048828125,2474.0,2478.300048828125,608984
2025-08-13,2479.800048828125,2504.39990234375,2461.199951171875,2500.199951171875,350844
2025-08-14,2505.0,2534.89990234375,2497.699951171875,2528.699951171875,1088550
2025-08-18,2550.0,2595.0,2536.60009765625,2587.39990234375,1755615
2025-08-19,2587.39990234375,2595.0,2561.199951171875,2579.39990234375,698587
2025-08-20,2578.0,2579.300048828125,2563.39990234375,2570.10009765625,308028
2025-08-21,2574.89990234375,2576.0,2559.300048828125,2566.60009765625,781082
2025-08-22,2562.800048828125,2569.300048828125,2501.10009765625,2504.5,523774
2025-08-25,2516.0,2522.5,2476.0,2492.89990234375,766497
2025-08-26,2481.10009765625,2523.300048828125,2468.0,2481.39990234375,7106393
2025-08-28,2465.0,2528.0,2465.0,2489.0,1485769
2025-08-29,2491.0,2531.60009765625,2490.0,2518.60009765625,1798653
2025-09-01,2518.0,2577.800048828125,2515.10009765625,2570.199951171875,1314833
2025-09-02,2569.0,2571.89990234375,2531.0,2540.0,1024054
2025-09-03,2530.0,2565.10009765625,2527.300048828125,2553.89990234375,925847
2025-09-04,2553.89990234375,2583.0,2553.0,2568.60009765625,933071
2025-09-05,2565.0,2602.0,2565.0,2579.89990234375,1153436
2025-09-08,2579.89990234375,2589.60009765625,2526.39990234375,2530.800048828125,742880
2025-09-09,2540.0,2551.60009765625,2524.800048828125,2537.300048828125,702450
2025-09-10,2537.300048828125,2555.0,2525.10009765625,2543.300048828125,520584
2025-09-11,2541.0,2559.5,2535.699951171875,2555.89990234375,423961
2025-09-12,2560.0,2568.300048828125,2537.199951171875,2546.300048828125,547539
2025-09-15,2535.10009765625,2543.5,2498.0,2502.60009765625,583051
2025-09-16,2495.0,2509.89990234375,2474.5,2480.89990234375,760790
2025-09-17,2482.0,2496.89990234375,2480.800048828125,2493.60009765625,359627
2025-09-18,2497.89990234375,2506.199951171875,2469.300048828125,2478.699951171875,400796
2025-09-19,2475.0,2509.5,2468.5,2481.699951171875,3731525
2025-09-22,2494.10009765625,2503.0,2474.10009765625,2482.699951171875,872806
2025-09-23,2472.10009765625,2483.800048828125,2428.0,2446.89990234375,1332111
2025-09-24,2446.0,2475.0,2443.199951171875,2457.199951171875,637749
2025-09-25,2458.5,2462.699951171875,2388.0,2404.0,1518215
2025-09-26,2397.5,2400.0,2339.0,2342.800048828125,1089446
2025-09-29,2342.89990234375,2363.699951171875,2329.199951171875,2342.60009765625,950369
2025-09-30,2352.0,2388.800048828125,2340.0,2350.0,778874
2025-10-01,2353.39990234375,2357.0,2321.199951171875,2335.800048828125,648279
2025-10-03,2342.199951171875,2362.699951171875,2336.10009765625,2357.800048828125,659872
2025-10-06,2355.0,2359.199951171875,2334.10009765625,2354.800048828125,362107
2025-10-07,2355.0,2371.39990234375,2346.0,2352.800048828125,498524
2025-10-08,2360.0,2369.39990234375,2320.0,2328.5,701799
2025-10-09,2328.5,2341.0,2323.800048828125,2336.39990234375,587567
2025-10-10,2338.89990234375,2357.800048828125,2336.60009765625,2340.199951171875,1117236
2025-10-13,2340.199951171875,2366.60009765625,2337.0,2342.5,667732
2025-10-14,2342.39990234375,2355.0,2308.0,2318.10009765625,353345
2025-10-15,2330.0,2384.0,2325.0,2375.10009765625,753640
2025-10-16,2377.0,2420.800048828125,2366.89990234375,2409.699951171875,715890
2025-10-17,2421.0,2544.0,2421.0,2507.800048828125,3719960
2025-10-20,2507.800048828125,2537.10009765625,2500.699951171875,2516.0,714986
2025-10-21,2513.0,2519.199951171875,2484.0,2504.60009765625,107942
2025-10-23,2518.89990234375,2546.0,2496.800048828125,2502.39990234375,811738
2025-10-24,2495.0,2506.699951171875,2486.300048828125,2501.60009765625,327596
2025-10-27,2501.60009765625,2530.0,2499.60009765625,2518.800048828125,550089
2025-10-28,2515.0,2528.60009765625,2492.0,2509.300048828125,1103957
2025-10-29,2520.0,2550.800048828125,2512.5,2538.699951171875,615292
2025-10-30,2535.5,2538.699951171875,2513.300048828125,2523.5,736486
2025-10-31,2523.39990234375,2530.0,2505.300048828125,2510.800048828125,609128
2025-11-03,2496.199951171875,2515.300048828125,2495.0,2512.199951171875,425210
2025-11-04,2510.0,2521.0,2479.699951171875,2486.699951171875,527087
2025-11-06,2560.10009765625,2631.0,2560.10009765625,2602.89990234375,4448622
2025-11-07,2602.89990234375,2618.89990234375,2585.0,2613.800048828125,791663
2025-11-10,2613.800048828125,2666.800048828125,2611.10009765625,2650.39990234375,1706880
2025-11-11,2650.39990234375,2664.89990234375,2633.39990234375,2657.199951171875,776404
2025-11-12,2660.0,2838.699951171875,2642.10009765625,2769.800048828125,2859196
2025-11-13,2858.89990234375,2897.10009765625,2840.0,2879.39990234375,5933630
2025-11-14,2865.10009765625,2909.89990234375,2862.0,2906.39990234375,2494076
2025-11-17,2906.39990234375,2926.89990234375,2880.0,2887.89990234375,1230683
2025-11-18,2886.0,2916.0,2862.10009765625,2906.0,1819066
2025-11-19,2914.0,2916.0,2887.199951171875,2893.699951171875,1387906
2025-11-20,2897.39990234375,2906.10009765625,2852.5,2859.800048828125,1062883
2025-11-21,2869.0,2895.60009765625,2854.10009765625,2876.60009765625,857340
2025-11-24,2876.0,2896.5,2864.5,2879.199951171875,5404326
2025-11-25,2899.89990234375,2908.5,2869.0,2875.800048828125,972417
2025-11-26,2880.0,2896.199951171875,2857.60009765625,2874.0,570376
2025-11-27,2880.0,2914.5,2871.39990234375,2879.10009765625,1158685
2025-11-28,2880.0,2889.89990234375,2855.800048828125,2874.39990234375,748446
2025-12-01,2877.699951171875,2887.5,2848.0,2867.60009765625,499153
2025-12-02,2867.0,2962.0,2861.199951171875,2954.39990234375,2102147
2025-12-03,2969.0,2969.199951171875,2932.60009765625,2953.5,1252456
2025-12-04,2950.0,2985.699951171875,2934.0,2957.199951171875,1466098
2025-12-05,2955.0,2973.5,2941.0,2968.5,944978
2025-12-08,2970.0,2974.5,2914.800048828125,2928.300048828125,983544
2025-12-09,2910.0,2913.5,2788.5,2796.0,1839391
2025-12-10,2810.0,2824.0,2796.699951171875,2804.5,845073
2025-12-11,2800.0,2811.60009765625,2763.199951171875,2779.39990234375,777422
2025-12-12,2795.0,2797.0,2746.0,2764.800048828125,977696
2025-12-15,2773.10009765625,2802.0,2758.699951171875,2780.199951171875,1029674
2025-12-16,2793.0,2808.0,2776.10009765625,2790.89990234375,916244
2025-12-17,2800.0,2806.5,2772.0,2785.699951171875,636499
2025-12-18,2780.0,2793.800048828125,2755.300048828125,2759.699951171875,417994
2025-12-19,2766.39990234375,2812.39990234375,2759.699951171875,2799.89990234375,3895542
2025-12-22,2785.800048828125,2823.10009765625,2780.300048828125,2807.60009765625,463953
2025-12-23,2798.0,2819.0,2783.10009765625,2807.800048828125,431068
2025-12-24,2807.800048828125,2824.699951171875,2782.0,2785.5,512144
2025-12-26,2785.0,2794.39990234375,2743.0,2746.5,532078
2025-12-29,2746.5,2793.800048828125,2735.0,2775.39990234375,815529
2025-12-30,2770.300048828125,2792.39990234375,2741.0,2758.300048828125,4833527
2025-12-31,2755.0,2796.800048828125,2754.89990234375,2769.5,1274705
2026-01-01,2775.89990234375,2782.699951171875,2746.10009765625,2752.0,327945
2026-01-02,2755.800048828125,2799.0,2755.800048828125,2772.60009765625,508884
2026-01-05,2770.0,2828.0,2769.0,2815.60009765625,866733
2026-01-06,2820.0,2848.39990234375,2811.60009765625,2845.800048828125,875891
2026-01-07,2845.800048828125,2854.699951171875,2801.10009765625,2809.39990234375,636748
2026-01-08,2795.0,2804.699951171875,2770.10009765625,2786.5,620031
2026-01-09,2789.89990234375,2856.699951171875,2786.199951171875,2825.5,1657381
2026-01-12,2826.0,2900.0,2808.0,2896.39990234375,1743901
2026-01-13,2900.0,2914.5,2870.800048828125,2886.300048828125,1051986
2026-01-14,2884.0,2884.0,2807.300048828125,2813.89990234375,958254
2026-01-15,2813.89990234375,2813.89990234375,2813.89990234375,2813.89990234375,0
2026-01-16,2787.89990234375,2826.5,2750.5,2756.89990234375,1143463
2026-01-19,2756.89990234375,2786.300048828125,2724.699951171875,2754.0,1342048
2026-01-20,2740.0,2740.10009765625,2669.300048828125,2675.60009765625,911151
2026-01-21,2670.0,2688.0,2648.0,2661.10009765625,914318
2026-01-22,2665.300048828125,2729.89990234375,2665.300048828125,2703.800048828125,1290346
2026-01-23,2703.800048828125,2782.89990234375,2690.800048828125,2703.699951171875,1786635
2026-01-27,2719.89990234375,2734.699951171875,2546.0,2622.800048828125,3818761
2026-01-28,2535.0,2548.5,2451.0,2511.800048828125,3430002
2026-01-29,2511.800048828125,2514.89990234375,2410.0,2416.0,3488159
2026-01-30,2417.0,2445.0,2400.5,2428.300048828125,2048843
2026-02-02,2374.89990234375,2429.5,2372.0,2402.0,1183482
2026-02-03,2525.0,2525.0,2391.0,2426.0,2233860
2026-02-04,2430.0,2463.800048828125,2417.10009765625,2452.699951171875,970973
2026-02-05,2445.0,2455.800048828125,2402.60009765625,2432.10009765625,1047405
2026-02-06,2432.0,2444.0,2386.10009765625,2401.10009765625,1043982
2026-02-09,2404.0,2426.199951171875,2396.800048828125,2417.39990234375,669839
2026-02-10,2419.0,2420.0,2386.89990234375,2393.60009765625,1513620
2026-02-11,2399.0,2405.699951171875,2376.300048828125,2392.5,3177710
2026-02-12,2398.0,2413.89990234375,2377.0,2410.5,607767
2026-02-13,2408.89990234375,2411.800048828125,2360.10009765625,2366.39990234375,675635
2026-02-16,2360.0,2405.10009765625,2356.800048828125,2397.199951171875,683108
2026-02-17,2399.5,2452.39990234375,2399.5,2437.39990234375,1004356
2026-02-18,2440.0,2448.199951171875,2416.5,2432.10009765625,551809
2026-02-19,2420.0,2428.0,2391.10009765625,2400.800048828125,971600
2026-02-20,2378.199951171875,2435.699951171875,2376.10009765625,2428.10009765625,790329
2026-02-23,2424.699951171875,2446.60009765625,2411.5,2429.699951171875,634365
2026-02-24,2413.0,2441.5,2403.699951171875,2413.10009765625,499660
2026-02-25,2416.0,2427.89990234375,2400.0,2416.39990234375,526764
2026-02-26,2416.10009765625,2422.199951171875,2382.0,2394.89990234375,588742
2026-02-27,2385.0,2397.60009765625,2359.0,2376.199951171875,2531619
2026-03-02,2300.0,2337.89990234375,2283.5,2307.10009765625,2528308
2026-03-04,2260.699951171875,2290.89990234375,2216.300048828125,2285.199951171875,1610358
2026-03-05,2285.199951171875,2313.0,2253.699951171875,2287.800048828125,925040
2026-03-06,2261.699951171875,2307.89990234375,2253.699951171875,2279.5,979742
2026-03-09,2200.0,2230.0,2162.60009765625,2220.800048828125,2198153
2026-03-10,2251.60009765625,2305.10009765625,2251.60009765625,2280.39990234375,1192174
2026-03-11,2290.0,2302.0,2226.0,2232.0,687786
2026-03-12,2208.0,2249.89990234375,2201.0,2221.199951171875,1384055
2026-03-13,2204.699951171875,2219.699951171875,2190.0,2196.800048828125,949233
2026-03-16,2185.39990234375,2227.800048828125,2175.10009765625,2217.699951171875,1111587
2026-03-17,2217.699951171875,2261.5,2217.199951171875,2238.199951171875,875461
2026-03-18,2235.10009765625,2270.39990234375,2228.60009765625,2262.10009765625,844912
2026-03-19,2220.0,2239.0,2180.60009765625,2186.0,889334
2026-03-20,2210.89990234375,2224.5,2185.0,2195.39990234375,875920
2026-03-23,2180.0,2180.0,2115.0,2121.300048828125,978398
2026-03-24,2184.0,2224.5,2153.300048828125,2217.300048828125,1561016
2026-03-25,2225.10009765625,2289.699951171875,2222.0,2270.199951171875,1270855
2026-03-27,2246.300048828125,2269.0,2201.10009765625,2207.39990234375,1089010
2026-03-30,2185.300048828125,2202.89990234375,2151.0,2165.199951171875,1513565
2026-04-01,2224.800048828125,2246.60009765625,2198.39990234375,2225.800048828125,1209900
2026-04-02,2185.0,2185.10009765625,2142.39990234375,2169.0,1854061
2026-04-06,2169.0,2193.199951171875,2145.89990234375,2184.300048828125,2048228
2026-04-07,2167.699951171875,2198.699951171875,2145.0,2186.199951171875,1793007
2026-04-08,2284.5,2336.89990234375,2245.199951171875,2282.39990234375,2914767
2026-04-09,2275.0,2289.60009765625,2252.0,2269.60009765625,1980060
2026-04-10,2267.699951171875,2376.89990234375,2267.699951171875,2360.699951171875,3018178
2026-04-13,2279.89990234375,2362.5,2262.0,2352.39990234375,1734562
2026-04-15,2400.5,2426.0,2381.0,2423.10009765625,1182431
2026-04-16,2435.0,2446.60009765625,2411.60009765625,2440.300048828125,1496210
2026-04-17,2425.0,2486.10009765625,2417.5,2464.0,1286575
2026-04-20,2470.0,2523.800048828125,2456.5,2516.800048828125,1203157
2026-04-21,2516.300048828125,2582.0,2513.699951171875,2543.60009765625,1681872
2026-04-22,2500.0,2572.0,2500.0,2562.89990234375,1126584
2026-04-23,2530.0,2541.699951171875,2510.0,2521.39990234375,1378614
2026-04-24,2521.39990234375,2538.89990234375,2470.699951171875,2485.10009765625,436871
2026-04-27,2503.0,2519.800048828125,2475.5,2485.199951171875,452134
2026-04-28,2475.0,2499.0,2456.10009765625,2462.60009765625,556571
2026-04-29,2469.89990234375,2477.89990234375,2438.60009765625,2447.300048828125,603585
2026-04-30,2426.699951171875,2455.89990234375,2385.5,2444.5,823684
2026-05-01,2444.5,2444.5,2444.5,2444.5,0
2026-05-04,2460.0,2507.0,2442.300048828125,2448.10009765625,581159
2026-05-05,2430.0,2454.89990234375,2415.0,2430.0,327682
2026-05-06,2460.0,2529.0,2440.39990234375,2519.0,1395987
2026-05-07,2534.60009765625,2555.800048828125,2511.300048828125,2530.60009765625,1053513
2026-05-08,2540.0,2607.39990234375,2515.39990234375,2599.89990234375,2327900
2026-05-11,2578.89990234375,2607.89990234375,2555.0,2566.10009765625,1271257
2026-05-12,2546.199951171875,2555.699951171875,2500.0,2505.5,628802
2026-05-13,2554.0,2642.39990234375,2554.0,2617.60009765625,3515018
2026-05-14,2620.0,2665.699951171875,2610.0,2622.199951171875,1040916
2026-05-15,2622.199951171875,2640.0,2592.800048828125,2605.60009765625,796240
2026-05-18,2580.10009765625,2619.39990234375,2556.0,2614.0,898479
2026-05-19,2629.0,2646.0,2595.10009765625,2600.699951171875,688639
2026-05-20,2562.0,2614.0,2562.0,2598.60009765625,586190
2026-05-21,2625.0,2648.300048828125,2590.800048828125,2598.800048828125,1031843
2026-05-22,2606.10009765625,2664.699951171875,2600.199951171875,2639.800048828125,1556434
2026-05-25,2672.0,2684.10009765625,2653.199951171875,2657.800048828125,815621
2026-05-26,2650.0,2664.300048828125,2635.89990234375,2647.0,486267
2026-05-27,2644.800048828125,2689.60009765625,2642.0,2671.89990234375,858457
2026-05-28,2671.89990234375,2671.89990234375,2671.89990234375,2671.89990234375,0
2026-05-29,2676.10009765625,2748.199951171875,2631.60009765625,2671.60009765625,5062328
2026-06-01,2732.60009765625,2778.800048828125,2626.699951171875,2632.39990234375,2224344
2026-06-02,2626.10009765625,2672.10009765625,2607.89990234375,2660.699951171875,1026319
2026-06-03,2652.10009765625,2676.0,2624.699951171875,2662.39990234375,958774
2026-06-04,2663.89990234375,2698.800048828125,2644.89990234375,2661.60009765625,1840743
2026-06-05,2666.0,2699.800048828125,2665.0,2686.699951171875,1615011
2026-06-08,2643.300048828125,2675.0,2630.10009765625,2659.199951171875,1262904
2026-06-09,2666.199951171875,2719.0,2661.5,2708.10009765625,1416560
2026-06-10,2711.10009765625,2744.0,2700.0,2715.10009765625,1395772
2026-06-11,2693.89990234375,2706.699951171875,2671.0,2690.89990234375,771558
2026-06-12,2725.699951171875,2753.0,2709.39990234375,2747.39990234375,1078025
2026-06-15,2820.300048828125,2832.699951171875,2730.0,2739.300048828125,2752021
2026-06-16,2741.0,2771.0,2735.0,2748.10009765625,962931
2026-06-17,2764.0,2768.89990234375,2732.5,2738.0,557209
2026-06-18,2745.0,2765.0,2728.199951171875,2755.0,600888
2026-06-19,2752.89990234375,2752.89990234375,2718.800048828125,2732.89990234375,838991
2026-06-22,2742.699951171875,2756.5,2670.0,2674.0,1033475
2026-06-23,2669.0,2695.39990234375,2650.10009765625,2661.199951171875,1182151
2026-06-24,2662.0,2687.60009765625,2653.60009765625,2667.5,1264476
2026-06-25,2690.0,2690.699951171875,2637.10009765625,2645.199951171875,2050810
2026-06-26,2645.199951171875,2645.199951171875,2645.199951171875,2645.199951171875,0
2026-06-29,2631.300048828125,2687.800048828125,2630.0,2656.89990234375,4752587
2026-06-30,2658.0,2672.10009765625,2630.300048828125,2635.699951171875,1821479
2026-07-01,2648.0,2723.0,2624.0,2716.39990234375,1097512
2026-07-02,2720.0,2759.89990234375,2711.0,2744.5,1629567
2026-07-03,2744.0,2762.39990234375,2730.0,2737.800048828125,472124
2026-07-06,2724.0,2758.0,2722.0,2754.89990234375,504943
2026-07-07,2750.0,2751.800048828125,2726.39990234375,2731.39990234375,489066
2026-07-08,2676.60009765625,2713.10009765625,2653.300048828125,2665.89990234375,1481672
2026-07-09,2658.0,2722.800048828125,2656.0,2673.800048828125,918568
2026-07-10,2695.0,2728.199951171875,2672.89990234375,2677.800048828125,982095
2026-07-13,2650.5,2664.39990234375,2630.10009765625,2652.10009765625,1107802
2026-07-14,2604.0,2655.89990234375,2579.89990234375,2641.0,975301
2026-07-15,2644.89990234375,2684.0,2644.89990234375,2670.0,809114
2026-07-16,2688.0,2693.10009765625,2660.10009765625,2674.699951171875,455037
2026-07-17,2665.0,2700.0,2665.0,2689.0,452284
2026-07-20,2689.0,2708.5,2666.699951171875,2691.39990234375,571087
2026-07-21,2695.0,2720.0,2680.5,2692.39990234375,1000078
2026-07-22,2683.0,2700.0,2665.60009765625,2692.800048828125,528096
2026-07-23,2671.10009765625,2693.39990234375,2656.0,2668.800048828125,584245
2026-07-24,2620.10009765625,2657.10009765625,2620.10009765625,2637.89990234375,645563
2026-07-27,2665.800048828125,2723.89990234375,2664.300048828125,2710.199951171875,715239
2026-07-28,2712.0,2749.800048828125,2706.300048828125,2736.199951171875,1282146
2026-07-29,2746.199951171875,2864.0,2718.5,2758.39990234375,3803474
2026-07-30,2758.10009765625,2767.89990234375,2666.199951171875,2746.199951171875,2387024
2026-07-31,2773.89990234375,2774.89990234375,2732.39990234375,2747.300048828125,891738
2026-08-03,2770.89990234375,2810.0,2762.10009765625,2810.0,1040453
2026-08-04,2774.89990234375,2807.300048828125,2732.39990234375,2775.0,820097
2026-08-05,2787.0,2787.0,2748.699951171875,2760.0,688876
2026-08-06,2788.0,2788.0,2741.60009765625,2755.0,797083
2026-08-07,2755.0,2755.0,2695.0,2735.0,1067986
