date,open,high,low,close,volume
2007-07-05,561.0,573.0,540.0499877929688,569.7999877929688,78022464
2007-07-06,576.6500244140625,585.5,570.0,573.5999755859375,13723958
2007-07-09,574.0999755859375,580.9500122070312,572.0,574.7000122070312,4829804
2007-07-10,575.0,580.0,569.0,571.75,5320406
2007-07-11,570.0,594.3499755859375,567.0,590.75,8845447
2007-07-12,597.0,616.4000244140625,597.0,610.75,10483689
2007-07-13,618.0,624.5,597.5,601.0499877929688,6954653
2007-07-16,605.0,614.2999877929688,603.0,610.9000244140625,3638993
2007-07-17,615.0,619.2999877929688,605.1500244140625,612.6500244140625,4929239
2007-07-18,615.0,648.9000244140625,615.0,643.4000244140625,11156197
2007-07-19,654.0,664.5,631.4000244140625,646.1500244140625,14332279
2007-07-20,646.0,657.5499877929688,643.0999755859375,646.7999877929688,5861839
2007-07-23,650.0,677.0,643.0,672.4000244140625,5850602
2007-07-24,676.8499755859375,678.7999877929688,653.2999877929688,656.9000244140625,6700235
2007-07-25,652.5,654.0,629.5499877929688,637.1500244140625,4896793
2007-07-26,637.5999755859375,649.5,629.25,633.2999877929688,6921512
2007-07-27,620.0,621.0,578.2999877929688,599.7000122070312,9518209
2007-07-30,599.7000122070312,616.5999755859375,590.0999755859375,603.5999755859375,4793013
2007-07-31,608.7000122070312,616.6500244140625,595.5999755859375,612.2000122070312,4414524
2007-08-01,609.9500122070312,609.9500122070312,581.0999755859375,585.1500244140625,5785911
2007-08-02,584.0,600.0,584.0,586.9500122070312,3047079
2007-08-03,593.0,605.2999877929688,593.0,601.8499755859375,3310188
2007-08-06,580.0,588.0,572.5,580.6500244140625,3152985
2007-08-07,595.0,599.4000244140625,587.1500244140625,588.7000122070312,2475707
2007-08-08,592.4000244140625,606.7000122070312,591.5,600.8499755859375,3650963
2007-08-09,610.0,614.9000244140625,592.1500244140625,595.5,3705428
2007-08-10,580.0,592.0,490.0,581.9000244140625,8479728
2007-08-13,594.0,599.0,587.0,596.7999877929688,2394561
2007-08-14,598.0,607.0,594.8499755859375,603.2000122070312,3557404
2007-08-16,590.0,590.0,576.0,583.8499755859375,4605715
2007-08-17,580.0,595.0,566.0,580.7999877929688,4587036
2007-08-20,600.0,610.0,577.0,579.7000122070312,2613246
2007-08-21,600.0,600.0,547.0,556.3499755859375,3181032
2007-08-22,560.0,564.9000244140625,531.1500244140625,557.7999877929688,3744083
2007-08-23,574.0,574.0,549.0,555.2000122070312,3953776
2007-08-24,561.6500244140625,571.7999877929688,549.0,565.8499755859375,3265656
2007-08-27,570.0,579.75,570.0,577.4000244140625,1863935
2007-08-28,576.7999877929688,590.0,575.0499877929688,586.75,2126052
2007-08-29,574.9000244140625,599.5,574.9000244140625,596.5499877929688,2567386
2007-08-30,604.9500122070312,609.8499755859375,582.2999877929688,587.2999877929688,4169199
2007-08-31,590.0,603.9000244140625,590.0,598.0499877929688,1878346
2007-09-03,596.0,612.5499877929688,595.0999755859375,610.75,2059602
2007-09-04,612.0,626.25,612.0,623.7999877929688,2908202
2007-09-05,623.7999877929688,623.7999877929688,623.7999877929688,623.7999877929688,0
2007-09-06,620.0,640.7999877929688,620.0,635.9000244140625,1947093
2007-09-07,637.5999755859375,641.0,620.0999755859375,623.5999755859375,1975364
2007-09-10,614.0,630.4500122070312,611.7000122070312,626.2999877929688,1225364
2007-09-11,626.2999877929688,631.4000244140625,615.3499755859375,617.9500122070312,1861898
2007-09-12,622.0,639.9000244140625,620.0,635.0499877929688,2889338
2007-09-13,620.0,649.5,620.0,644.7999877929688,3852527
2007-09-14,651.0499877929688,668.5,649.0,665.1500244140625,4977689
2007-09-17,669.0,669.0,651.3499755859375,652.9500122070312,1045346
2007-09-18,652.0,659.6500244140625,643.0999755859375,656.5999755859375,2005075
2007-09-19,666.0,719.9500122070312,666.0,713.1500244140625,10430958
2007-09-20,725.0,779.0,710.0,748.6500244140625,9328683
2007-09-21,740.1500244140625,772.5999755859375,739.5499877929688,744.4500122070312,4920084
2007-09-24,745.0,783.7000122070312,745.0,781.4000244140625,7574284
2007-09-25,777.0,789.7000122070312,740.0,766.2000122070312,2823547
2007-09-26,755.0,777.0,735.0,739.0,2019527
2007-09-27,748.0,761.4000244140625,726.0999755859375,740.7000122070312,6409347
2007-09-28,750.0,765.7999877929688,745.4000244140625,763.2000122070312,3389262
2007-10-01,764.9500122070312,774.7000122070312,754.0,766.7999877929688,2948458
2007-10-03,780.0,903.7000122070312,780.0,892.4000244140625,18543792
2007-10-04,898.7000122070312,898.7000122070312,851.0,863.3499755859375,6413863
2007-10-05,874.0,894.7999877929688,834.0,851.0999755859375,3488205
2007-10-08,858.5499877929688,874.9500122070312,804.7000122070312,837.75,6115739
2007-10-09,820.2000122070312,871.4000244140625,820.0,865.4000244140625,4423005
2007-10-10,880.0,917.7000122070312,871.0,894.5,5713017
2007-10-11,915.0,929.0,898.0,918.75,4063165
2007-10-12,913.7999877929688,926.0,856.0999755859375,866.8499755859375,4467083
2007-10-15,884.4000244140625,903.0999755859375,884.0,897.9500122070312,2165975
2007-10-16,900.0,926.5999755859375,889.9500122070312,919.2999877929688,4006237
2007-10-17,855.1500244140625,903.0,800.0,895.1500244140625,6553156
2007-10-18,910.0,932.9000244140625,809.0999755859375,843.9000244140625,4685842
2007-10-19,839.0,850.1500244140625,790.0,818.3499755859375,3785140
2007-10-22,800.0,836.5,780.0,802.0,4896214
2007-10-23,835.0,878.0,820.0,870.2000122070312,2805587
2007-10-24,890.0,898.0999755859375,857.2999877929688,861.2000122070312,2911742
2007-10-25,872.0,875.0,855.1500244140625,868.5,2651968
2007-10-26,873.0,919.25,873.0,911.4500122070312,3198968
2007-10-29,934.0,937.7000122070312,906.0,911.2000122070312,2038099
2007-10-30,922.0,972.5999755859375,903.2999877929688,959.1500244140625,7058068
2007-10-31,980.0,987.7000122070312,940.5,949.4000244140625,4948137
2007-11-01,960.0,974.4000244140625,922.0999755859375,934.2999877929688,3724399
2007-11-02,861.1500244140625,939.75,861.1500244140625,931.1500244140625,1957237
2007-11-05,932.0,945.0,910.0,914.5,1878538
2007-11-06,922.25,955.0,922.25,927.2000122070312,2228130
2007-11-07,945.0,945.0,920.1500244140625,927.9500122070312,1127593
2007-11-08,898.5,925.0,898.5,910.0999755859375,880696
2007-11-12,900.0,900.0,849.0999755859375,871.1500244140625,2305769
2007-11-13,880.0,911.0,866.0,905.5999755859375,1827840
2007-11-14,940.0,942.0,918.0999755859375,927.5499877929688,1315731
2007-11-15,944.5999755859375,956.2999877929688,927.0999755859375,949.0999755859375,1846694
2007-11-16,937.0,956.7000122070312,921.0,937.25,1091712
2007-11-19,940.0,968.2000122070312,940.0,948.0999755859375,1811234
2007-11-20,943.0,945.0,901.2000122070312,908.3499755859375,2465299
2007-11-21,913.9000244140625,923.9000244140625,861.0,869.5499877929688,1875350
2007-11-22,900.0,900.0,800.1500244140625,820.1500244140625,3855035
2007-11-23,839.7999877929688,878.0,839.0,868.5,2141509
2007-11-26,890.0,903.8499755859375,884.0,892.1500244140625,1117682
2007-11-27,895.0,904.0,875.2000122070312,900.4500122070312,1051633
2007-11-28,910.0,911.0,874.9000244140625,882.0,1826903
2007-11-29,908.0,908.0,874.2999877929688,880.6500244140625,1953834
2007-11-30,892.0,954.0,890.0499877929688,944.4000244140625,6991895
2007-12-03,956.2000122070312,956.2000122070312,902.0,950.7000122070312,1801763
2007-12-04,970.0,979.8499755859375,943.2999877929688,948.0999755859375,1590468
2007-12-05,950.0,957.9000244140625,934.0499877929688,954.9000244140625,1582257
2007-12-06,965.0,988.0,952.5,974.25,3168694
2007-12-07,915.0,1017.2999877929688,915.0,1012.7999877929688,3684041
2007-12-10,1021.0,1030.0,1008.0,1025.1500244140625,2239387
2007-12-11,1040.0,1040.0,1006.1500244140625,1012.4000244140625,2231558
2007-12-12,1008.0,1036.4000244140625,990.0,1019.25,2338839
2007-12-13,1040.0,1049.8499755859375,1018.0999755859375,1024.0,2742095
2007-12-14,1030.0,1034.9000244140625,1013.2000122070312,1021.6500244140625,733698
2007-12-17,1011.0,1050.0,925.0,942.9000244140625,2361214
2007-12-18,942.9000244140625,942.9000244140625,942.9000244140625,942.9000244140625,0
2007-12-19,958.0,979.0,942.0,952.75,1046789
2007-12-20,959.7999877929688,982.0,951.3499755859375,962.25,1984772
2007-12-24,970.0,993.0,967.0,972.0,2101015
2007-12-26,985.0,1024.0,980.0,1014.9000244140625,1595593
2007-12-27,1040.0,1044.4000244140625,998.1500244140625,1010.75,3159843
2007-12-28,1001.0999755859375,1072.699951171875,1000.0,1065.800048828125,2475171
2007-12-31,1094.0,1099.0,1061.0,1073.9000244140625,1780649
2008-01-01,1076.0,1081.9000244140625,1062.0999755859375,1071.25,602742
2008-01-02,1073.0,1088.300048828125,1056.1500244140625,1083.8499755859375,720431
2008-01-03,1083.0,1100.0,1050.050048828125,1090.800048828125,1107130
2008-01-04,1089.9000244140625,1121.0,1089.9000244140625,1112.449951171875,2071808
2008-01-07,1025.0,1143.699951171875,1025.0,1137.0999755859375,1373157
2008-01-08,1150.0,1160.0,1120.0,1149.6500244140625,2454365
2008-01-09,1150.0,1185.0,1131.050048828125,1170.25,1477902
2008-01-10,1151.050048828125,1209.699951171875,1130.0,1142.6500244140625,1529306
2008-01-11,1145.0,1201.0,1120.0999755859375,1193.9000244140625,2627364
2008-01-14,1215.0,1225.0,1181.550048828125,1207.5,2435941
2008-01-15,1218.0,1225.0,1165.25,1177.199951171875,2086375
2008-01-16,1153.800048828125,1162.0999755859375,1091.550048828125,1125.5,2626115
2008-01-17,1130.0,1140.0,1075.0,1083.1500244140625,3652926
2008-01-18,1083.1500244140625,1083.1500244140625,1083.1500244140625,1083.1500244140625,0
2008-01-21,1005.0,1005.0,881.0999755859375,901.5499877929688,3527538
2008-01-22,875.0,889.9000244140625,700.0,866.7000122070312,2617316
2008-01-23,925.0,980.0,871.0999755859375,915.2000122070312,2034741
2008-01-24,949.0,970.0,872.0,890.7000122070312,2290114
2008-01-25,902.0,952.7999877929688,902.0,942.7000122070312,1725481
2008-01-28,930.25,930.25,876.7999877929688,891.4000244140625,1329705
2008-01-29,895.0,949.0,868.0499877929688,883.3499755859375,1854063
2008-01-30,883.3499755859375,883.3499755859375,883.3499755859375,883.3499755859375,0
2008-01-31,860.0,870.0,801.0,809.2999877929688,3776558
2008-02-01,820.0,844.9000244140625,783.0,813.5999755859375,3644974
2008-02-04,822.0,895.0,820.0,884.2000122070312,3662831
2008-02-05,890.0,901.0,865.2999877929688,890.0999755859375,2317054
2008-02-06,855.0,874.9500122070312,821.1500244140625,869.7999877929688,1709476
2008-02-07,878.0,898.0,832.0,846.5,1987913
2008-02-08,847.0,854.9000244140625,793.1500244140625,816.7999877929688,3239335
2008-02-11,825.0,830.0,754.0,793.5999755859375,4576322
2008-02-12,799.9500122070312,819.9000244140625,783.0,793.1500244140625,2031558
2008-02-13,805.2000122070312,818.7999877929688,791.0,814.75,2878762
2008-02-14,835.0,878.5,830.0,866.0,3060111
2008-02-15,850.0999755859375,891.7999877929688,826.1500244140625,881.4000244140625,2716753
2008-02-18,891.5,898.4000244140625,856.0999755859375,860.7000122070312,1310912
2008-02-19,870.0,874.9000244140625,835.0,845.2000122070312,1379880
2008-02-20,835.0,837.9500122070312,812.0,815.0499877929688,1371440
2008-02-21,816.7999877929688,843.0,801.0,835.5499877929688,1834135
2008-02-22,820.0,840.0,815.0,831.9000244140625,995648
2008-02-25,829.0,847.9000244140625,815.25,834.5499877929688,1368551
2008-02-26,840.2999877929688,845.0,828.0999755859375,834.2999877929688,969555
2008-02-27,841.0,849.9000244140625,820.25,826.3499755859375,1213646
2008-02-28,828.9000244140625,834.0,798.0,802.0499877929688,2356025
2008-02-29,805.0,812.0,771.4500122070312,780.2999877929688,2470720
2008-03-03,767.0,770.0,701.25,713.0,2295067
2008-03-04,719.9000244140625,720.0,666.0,676.4500122070312,3280840
2008-03-05,681.0,689.7000122070312,640.2000122070312,681.2000122070312,4448894
2008-03-07,671.0,680.9000244140625,645.0,657.5999755859375,3301590
2008-03-10,660.0,690.0,621.75,678.7000122070312,3114353
2008-03-11,677.0,756.9000244140625,665.2999877929688,750.0,4777612
2008-03-12,780.0,799.0,650.0,713.4000244140625,3360454
2008-03-13,690.0,711.0,591.2000122070312,606.25,10280337
2008-03-14,618.0,658.7999877929688,610.0,653.5999755859375,9194301
2008-03-17,630.0,630.0,600.0,607.8499755859375,4550035
2008-03-18,612.7000122070312,645.7999877929688,601.0,635.7000122070312,5206932
2008-03-19,641.9000244140625,678.0,621.5499877929688,626.8499755859375,4498117
2008-03-24,655.0,655.0,580.0499877929688,597.8499755859375,3536914
2008-03-25,614.7000122070312,687.0,610.0,676.4500122070312,4087749
2008-03-26,680.0,687.0,655.0999755859375,659.9500122070312,3225309
2008-03-27,645.0,680.0,641.25,675.0999755859375,4929025
2008-03-28,680.0,701.8499755859375,668.5,696.0,3829406
2008-03-31,695.7000122070312,695.7000122070312,641.0,645.75,3413514
2008-04-01,658.0,664.0,620.0,626.9500122070312,6719644
2008-04-02,640.0,663.0,615.5,619.5499877929688,4155153
2008-04-03,624.0499877929688,634.7000122070312,615.1500244140625,623.7000122070312,3566071
2008-04-04,625.9000244140625,629.0,602.4000244140625,606.0,3789233
2008-04-07,612.0,628.0,604.2999877929688,617.6500244140625,2602982
2008-04-08,618.8499755859375,636.0,612.5,616.25,3334420
2008-04-09,616.0,627.4500122070312,608.5499877929688,610.25,3298964
2008-04-10,610.0,616.5999755859375,597.5499877929688,600.5999755859375,4054013
2008-04-11,604.0,614.0,595.25,598.0499877929688,2473222
2008-04-15,596.0,626.0,585.0,616.6500244140625,4652362
2008-04-16,625.0,636.0,621.0,624.4500122070312,3460215
2008-04-17,635.0,653.7999877929688,631.0,649.8499755859375,3650859
2008-04-21,660.0,675.0,647.1500244140625,653.75,2567645
2008-04-22,650.0,684.0,646.1500244140625,676.25,4073525
2008-04-23,674.0,690.9000244140625,672.3499755859375,684.4500122070312,3624667
2008-04-24,680.0,697.0,671.25,676.0,2807704
2008-04-25,680.0,685.0,654.1500244140625,667.8499755859375,2926112
2008-04-28,667.8499755859375,680.9000244140625,665.0999755859375,668.5,2224065
2008-04-29,669.0,729.5,668.0999755859375,725.5499877929688,5586443
2008-04-30,730.5,735.0,701.5499877929688,705.1500244140625,4256957
2008-05-02,725.0,726.8499755859375,710.0,721.3499755859375,2447785
2008-05-05,720.0,739.0,701.0999755859375,705.1500244140625,5188385
2008-05-06,705.1500244140625,705.1500244140625,660.2999877929688,668.2000122070312,5341644
2008-05-07,669.7999877929688,672.0,644.0,650.75,6516260
2008-05-08,644.9500122070312,662.0,635.0,644.1500244140625,4895114
2008-05-09,638.6500244140625,656.5,625.4000244140625,630.6500244140625,3817665
2008-05-12,625.0,640.0,607.0,621.9000244140625,4166635
2008-05-13,630.0,638.8499755859375,612.0499877929688,615.0999755859375,4560458
2008-05-14,601.25,627.7999877929688,601.25,623.3499755859375,2331932
2008-05-15,625.0,647.0,625.0,644.9000244140625,3554536
2008-05-16,644.5499877929688,656.7999877929688,638.0999755859375,649.75,4547252
2008-05-20,640.0999755859375,649.5,628.0,636.75,2913717
2008-05-21,628.0999755859375,644.7999877929688,618.5,631.5499877929688,6706886
2008-05-22,620.0,629.5499877929688,608.0999755859375,620.75,3379884
2008-05-23,612.25,626.7999877929688,606.0999755859375,609.0,3100007
2008-05-26,607.0,609.9000244140625,595.1500244140625,600.7999877929688,3143917
2008-05-27,605.2000122070312,614.9000244140625,590.5499877929688,596.5999755859375,3487470
2008-05-28,605.0,605.0,588.2999877929688,601.7000122070312,2728943
2008-05-29,605.0999755859375,609.0,582.25,587.8499755859375,3055439
2008-05-30,592.25,603.0,583.1500244140625,586.8499755859375,2828699
2008-06-02,593.0,598.0,560.5,567.7000122070312,3073704
2008-06-03,565.0,587.75,550.5,582.6500244140625,4781889
2008-06-04,583.9000244140625,588.7999877929688,550.0,554.0999755859375,3277648
2008-06-05,570.0,570.0,521.5499877929688,538.9500122070312,5153262
2008-06-06,541.6500244140625,547.75,515.25,518.4000244140625,4631191
2008-06-09,500.0,510.0,473.0,480.8999938964844,6954369
2008-06-10,481.0,491.79998779296875,470.1000061035156,480.0,5365571
2008-06-11,475.1000061035156,522.2999877929688,475.1000061035156,512.1500244140625,9968935
2008-06-12,498.79998779296875,503.0,472.29998779296875,497.45001220703125,10506660
2008-06-13,486.0,501.0,478.1499938964844,480.25,5271436
2008-06-16,500.0,500.0,487.1499938964844,492.29998779296875,3358010
2008-06-17,490.0,509.8999938964844,488.1000061035156,507.6499938964844,4008593
2008-06-18,505.0,518.9000244140625,490.54998779296875,492.6000061035156,4014166
2008-06-19,483.1499938964844,488.0,475.1000061035156,477.20001220703125,2899792
2008-06-20,488.5,488.5,452.5,456.79998779296875,3687840
2008-06-23,469.3999938964844,469.3999938964844,440.04998779296875,445.79998779296875,3373075
2008-06-24,441.1499938964844,456.79998779296875,432.0,439.95001220703125,2958819
2008-06-25,428.70001220703125,468.0,422.3999938964844,458.8500061035156,5831419
2008-06-26,458.70001220703125,463.0,441.1000061035156,451.79998779296875,6312602
2008-06-27,434.0,441.0,418.04998779296875,425.1000061035156,3665809
2008-06-30,412.0,427.8999938964844,389.0,396.3999938964844,3784102
2008-07-01,382.54998779296875,398.0,362.1499938964844,369.1000061035156,3586041
2008-07-02,365.8500061035156,439.0,350.0,423.45001220703125,10497253
2008-07-03,423.0,429.0,375.0,382.8500061035156,8566012
2008-07-04,382.0,424.8500061035156,377.1000061035156,415.45001220703125,10383708
2008-07-07,428.79998779296875,435.0,418.20001220703125,425.75,5284065
2008-07-08,415.0,434.75,401.0,429.6000061035156,6115547
2008-07-09,439.0,457.70001220703125,437.0,450.29998779296875,5923651
2008-07-10,449.0,474.70001220703125,440.0,459.95001220703125,10008121
2008-07-11,474.79998779296875,474.79998779296875,447.5,452.70001220703125,5374887
2008-07-14,450.0,464.79998779296875,438.5,457.0,3690374
2008-07-15,445.0,449.3999938964844,424.25,427.3500061035156,2844861
2008-07-16,430.0,439.0,385.3500061035156,393.3999938964844,5496879
2008-07-17,401.0,444.0,401.0,430.1499938964844,5798488
2008-07-18,448.0,469.8999938964844,416.6499938964844,460.95001220703125,6498858
2008-07-21,461.1499938964844,467.0,442.1000061035156,463.95001220703125,3315187
2008-07-22,454.95001220703125,470.0,447.79998779296875,453.95001220703125,4637770
2008-07-23,462.54998779296875,502.0,462.54998779296875,495.5,5319742
2008-07-24,504.70001220703125,518.9000244140625,492.79998779296875,507.75,5782857
2008-07-25,490.0,506.8500061035156,485.0,489.5,4675692
2008-07-28,485.0,508.8999938964844,484.0,499.45001220703125,3733929
2008-07-29,495.0,495.0,465.0,472.0,5144717
2008-07-30,480.04998779296875,497.45001220703125,476.0,489.6499938964844,4384269
2008-07-31,490.04998779296875,519.5,490.04998779296875,511.5,6351581
2008-08-01,494.0,525.0,450.6000061035156,520.1500244140625,6878850
2008-08-04,505.0,524.0,501.0,514.7000122070312,4886558
2008-08-05,510.0,564.7000122070312,502.0,552.0999755859375,7985406
2008-08-06,560.0,573.0,541.0999755859375,545.0999755859375,6222518
2008-08-07,540.0,563.0,535.0,557.0,5388334
2008-08-08,520.0,559.0,520.0,549.75,4061795
2008-08-11,579.9000244140625,579.9000244140625,556.0,568.75,3224284
2008-08-12,571.5,576.0,556.25,567.0999755859375,3613441
2008-08-13,558.0,563.9000244140625,545.2999877929688,548.25,3548758
2008-08-14,550.0,550.0,498.0,500.0,5892439
2008-08-18,500.04998779296875,509.0,486.3999938964844,500.1499938964844,3245890
2008-08-19,495.0,505.0,488.1000061035156,500.8500061035156,3099412
2008-08-20,513.0,515.0,503.0,510.5,2227711
2008-08-21,500.0,507.0,480.04998779296875,481.75,2853933
2008-08-22,486.95001220703125,489.3999938964844,471.20001220703125,484.8999938964844,3606479
2008-08-25,497.45001220703125,506.75,492.0,495.20001220703125,2169646
2008-08-26,481.1000061035156,502.0,472.6499938964844,498.04998779296875,2274818
2008-08-27,499.95001220703125,509.8500061035156,474.5,478.8500061035156,3134490
2008-08-28,477.70001220703125,484.8999938964844,460.3999938964844,469.5,5421853
2008-08-29,481.6000061035156,498.0,475.0,493.1000061035156,4538539
2008-09-01,482.20001220703125,495.79998779296875,476.0,494.04998779296875,2292385
2008-09-02,496.1000061035156,546.0499877929688,490.79998779296875,530.2000122070312,6184178
2008-09-04,522.5,531.5,506.25,523.0499877929688,4986261
2008-09-05,505.29998779296875,515.5,491.3999938964844,494.1499938964844,4934734
2008-09-08,510.0,524.0,510.0,512.3499755859375,3644700
2008-09-09,508.79998779296875,509.0,499.25,502.6000061035156,3975918
2008-09-10,499.0,512.7999877929688,496.0,501.75,3997326
2008-09-11,493.0,496.0,478.29998779296875,484.95001220703125,4431070
2008-09-12,490.75,498.0,461.04998779296875,466.45001220703125,6163378
2008-09-15,454.04998779296875,454.70001220703125,422.0,433.1499938964844,5841582
2008-09-16,422.0,428.70001220703125,400.0,422.8999938964844,7493877
2008-09-17,427.95001220703125,435.8999938964844,405.0,409.20001220703125,4851506
2008-09-18,399.5,404.95001220703125,366.0,395.8999938964844,8726370
2008-09-19,406.6499938964844,439.0,406.6499938964844,426.5,9188325
2008-09-22,431.04998779296875,441.0,412.0,421.25,5846751
2008-09-23,408.0,408.5,390.6499938964844,394.70001220703125,7892275
2008-09-24,386.04998779296875,411.3999938964844,386.04998779296875,400.3500061035156,7551135
2008-09-25,404.0,404.0,385.70001220703125,389.25,7863856
2008-09-26,387.0,388.5,368.0,369.6499938964844,3873338
2008-09-29,365.0,371.70001220703125,329.0,350.3500061035156,7741170
2008-09-30,349.79998779296875,367.8999938964844,325.0,352.6499938964844,10287529
2008-10-01,354.95001220703125,364.95001220703125,342.25,345.29998779296875,6768716
2008-10-03,342.0,349.70001220703125,332.29998779296875,336.3500061035156,5723325
2008-10-06,329.79998779296875,333.0,297.3999938964844,301.45001220703125,7431934
2008-10-07,305.0,318.79998779296875,291.6499938964844,303.1499938964844,8177765
2008-10-08,287.20001220703125,315.0,279.1000061035156,308.8500061035156,6822976
2008-10-10,288.79998779296875,305.6000061035156,279.1499938964844,281.8999938964844,9235593
2008-10-13,284.79998779296875,307.54998779296875,284.79998779296875,302.29998779296875,6873273
2008-10-14,311.04998779296875,329.8999938964844,303.25,311.1499938964844,6631520
2008-10-15,305.0,310.79998779296875,297.1000061035156,300.79998779296875,4407112
2008-10-16,283.25,354.70001220703125,278.79998779296875,324.95001220703125,8722185
2008-10-17,323.3500061035156,335.6000061035156,285.0,291.8999938964844,7826299
2008-10-20,297.0,305.0,266.6499938964844,272.6499938964844,8188729
2008-10-21,290.0,292.5,274.3500061035156,286.3500061035156,6704422
2008-10-22,282.0,285.8999938964844,270.1499938964844,271.8999938964844,4892269
2008-10-23,265.0,278.0,256.0,268.04998779296875,5618608
2008-10-24,263.0,263.70001220703125,194.0,204.60000610351562,6824749
2008-10-27,195.0,213.10000610351562,154.10000610351562,198.10000610351562,11368396
2008-10-29,222.0,230.5,199.3000030517578,202.60000610351562,9164379
2008-10-31,200.0,225.6999969482422,200.0,220.0,6566726
2008-11-03,236.0,257.3999938964844,227.85000610351562,253.25,7228206
2008-11-04,253.0,300.0,241.0,289.75,10743263
2008-11-05,303.0,309.79998779296875,260.20001220703125,265.6499938964844,11793141
2008-11-06,247.5,292.3999938964844,241.5,272.20001220703125,13359979
2008-11-07,269.0,286.79998779296875,261.20001220703125,280.6000061035156,8917505
2008-11-10,286.0,301.3500061035156,277.3999938964844,298.8999938964844,8548470
2008-11-11,289.0,292.0,265.1000061035156,268.6000061035156,6712720
2008-11-12,263.20001220703125,266.0,238.35000610351562,244.89999389648438,9196950
2008-11-14,262.0,269.5,233.60000610351562,241.4499969482422,8538570
2008-11-17,240.0,249.89999389648438,217.5,232.5,8838177
2008-11-18,230.0,234.6999969482422,219.14999389648438,224.3000030517578,8110509
2008-11-19,220.0,241.89999389648438,218.0,225.4499969482422,8657111
2008-11-20,225.4499969482422,225.4499969482422,225.4499969482422,225.4499969482422,0
2008-11-21,203.0,215.0,180.0,198.25,17666656
2008-11-24,198.9499969482422,202.0,184.35000610351562,190.9499969482422,8914622
2008-11-25,194.64999389648438,199.75,185.0,188.1999969482422,11779321
2008-11-26,190.0,199.60000610351562,185.1999969482422,198.5,10160587
2008-11-27,198.5,198.5,198.5,198.5,0
2008-11-28,205.0,205.0,190.0500030517578,198.39999389648438,9880661
2008-12-01,200.0,207.4499969482422,175.10000610351562,178.6999969482422,12186377
2008-12-02,167.10000610351562,184.89999389648438,167.10000610351562,181.9499969482422,13565653
2008-12-03,186.8000030517578,194.6999969482422,176.0,191.9499969482422,17850056
2008-12-04,195.1999969482422,216.4499969482422,190.60000610351562,213.4499969482422,16145192
2008-12-05,213.89999389648438,221.4499969482422,200.3000030517578,203.4499969482422,15536364
2008-12-08,205.25,227.39999389648438,205.25,221.5500030517578,20190888
2008-12-10,227.25,288.04998779296875,225.0,262.8999938964844,26196390
2008-12-11,265.0,270.0,243.3000030517578,255.35000610351562,22908064
2008-12-12,246.64999389648438,285.0,237.10000610351562,277.1499938964844,19396752
2008-12-15,280.0,293.45001220703125,277.1000061035156,280.8500061035156,15485141
2008-12-16,276.3500061035156,283.8500061035156,268.25,276.20001220703125,12238912
2008-12-17,283.0,283.0,251.4499969482422,253.5,10459398
2008-12-18,250.0,280.6000061035156,239.0,277.3999938964844,18466028
2008-12-19,274.0,314.70001220703125,274.0,307.8999938964844,24305260
2008-12-22,311.25,326.0,303.3999938964844,316.54998779296875,18832156
2008-12-23,310.0,316.70001220703125,297.3999938964844,301.79998779296875,16160208
2008-12-24,301.0,303.79998779296875,286.6499938964844,294.8999938964844,11982966
2008-12-26,285.0,303.70001220703125,273.1499938964844,275.45001220703125,13351822
2008-12-29,272.0,280.79998779296875,260.25,276.3500061035156,15033973
2008-12-30,283.0,289.3999938964844,274.1000061035156,285.29998779296875,11748322
2008-12-31,287.6499938964844,293.0,278.0,282.1499938964844,11029905
2009-01-02,297.6499938964844,308.3500061035156,292.1000061035156,300.54998779296875,12072825
2009-01-05,305.5,311.5,292.29998779296875,295.95001220703125,13552940
2009-01-06,291.5,295.5,271.25,278.5,13304534
2009-01-07,279.0,282.5,230.5500030517578,233.85000610351562,13786568
2009-01-09,225.5,232.8000030517578,144.0,216.35000610351562,42575928
2009-01-12,201.3000030517578,218.89999389648438,191.10000610351562,204.75,21920272
2009-01-13,202.0,215.6999969482422,193.0,205.4499969482422,13809425
2009-01-14,209.0,215.6999969482422,205.5500030517578,212.39999389648438,8459305
2009-01-15,200.0,205.0,193.25,202.1999969482422,9038247
2009-01-16,204.0,208.0,184.3000030517578,195.5500030517578,12505284
2009-01-19,197.60000610351562,199.6999969482422,187.0,195.14999389648438,11566589
2009-01-20,190.10000610351562,191.8000030517578,182.10000610351562,188.6999969482422,7702168
2009-01-21,186.4499969482422,186.8000030517578,179.1999969482422,181.35000610351562,5388017
2009-01-22,182.0,186.0,156.25,164.14999389648438,14438351
2009-01-23,163.0,167.5,156.75,161.3000030517578,11112282
2009-01-27,160.0,169.8000030517578,159.10000610351562,166.5,8363037
2009-01-28,166.75,180.0,163.0,177.4499969482422,12743994
2009-01-29,180.0,185.8000030517578,161.0,164.0500030517578,15631527
2009-01-30,161.64999389648438,179.5,156.0,177.64999389648438,15466199
2009-02-02,167.6999969482422,167.6999969482422,142.14999389648438,153.0,22895072
2009-02-03,155.0,158.89999389648438,131.5,132.85000610351562,35517376
2009-02-04,135.0,141.89999389648438,124.05000305175781,139.4499969482422,29311808
2009-02-05,142.0,142.0,131.10000610351562,140.0,15572806
2009-02-06,141.10000610351562,146.8000030517578,135.5,137.9499969482422,15814795
2009-02-09,138.0,142.0,137.0,139.9499969482422,10535254
2009-02-10,141.0,154.4499969482422,140.0,152.60000610351562,24050944
2009-02-11,143.5,153.64999389648438,143.5,151.14999389648438,14985947
2009-02-12,149.8000030517578,160.5,146.35000610351562,156.60000610351562,18571260
2009-02-13,157.85000610351562,162.25,155.25,160.5500030517578,12556129
2009-02-16,178.6999969482422,178.6999969482422,150.5,156.64999389648438,24981766
2009-02-17,153.5,153.5,144.14999389648438,148.25,12442617
2009-02-18,147.6999969482422,161.0,141.0,158.75,21886032
2009-02-19,160.0,162.89999389648438,154.10000610351562,156.0,15095147
2009-02-20,153.3000030517578,159.25,147.75,154.85000610351562,13971050
2009-02-24,144.25,159.5500030517578,144.25,158.14999389648438,18240744
2009-02-25,160.5,162.6999969482422,153.25,154.8000030517578,19310594
2009-02-26,154.0,158.0,146.1999969482422,156.1999969482422,21105344
2009-02-27,155.10000610351562,155.10000610351562,150.10000610351562,152.0,8670922
2009-03-02,148.8000030517578,151.85000610351562,144.0,149.0,9120885
2009-03-03,149.0,152.39999389648438,147.0,148.35000610351562,8009098
2009-03-04,150.10000610351562,151.0,146.5,147.64999389648438,6387897
2009-03-05,149.0,152.0,142.10000610351562,146.85000610351562,8416005
2009-03-06,140.0,148.6999969482422,134.0,145.8000030517578,5257245
2009-03-09,142.89999389648438,145.85000610351562,136.5,138.75,6852496
2009-03-12,144.0,144.0,135.39999389648438,136.64999389648438,6649426
2009-03-13,140.14999389648438,153.4499969482422,138.4499969482422,152.64999389648438,16865228
2009-03-16,152.0,163.89999389648438,152.0,161.9499969482422,14055135
2009-03-17,161.39999389648438,165.85000610351562,155.35000610351562,159.0,12572638
2009-03-18,162.0,176.35000610351562,161.0,172.3000030517578,21474898
2009-03-19,174.0,177.5,169.0500030517578,174.0,12604392
2009-03-20,172.5500030517578,175.0,165.5500030517578,171.5,10576114
2009-03-23,174.8000030517578,175.1999969482422,163.25,166.64999389648438,12617260
2009-03-24,168.0,178.60000610351562,162.64999389648438,166.3000030517578,17455586
2009-03-25,165.9499969482422,178.5,164.3000030517578,176.64999389648438,19121410
2009-03-26,180.9499969482422,183.39999389648438,171.3000030517578,176.35000610351562,19120684
2009-03-27,176.0,187.0,173.60000610351562,182.8000030517578,16261955
2009-03-30,178.0,179.6999969482422,163.3000030517578,165.5,9026187
2009-03-31,168.0,171.85000610351562,160.3000030517578,167.3000030517578,13903571
2009-04-01,167.3000030517578,178.39999389648438,165.0500030517578,177.10000610351562,12803130
2009-04-02,184.6999969482422,208.8000030517578,180.0,202.5500030517578,22217784
2009-04-06,208.0,227.0,206.3000030517578,209.35000610351562,16933806
2009-04-08,204.89999389648438,213.4499969482422,189.10000610351562,211.6999969482422,20913996
2009-04-09,219.8000030517578,225.0,210.0,222.64999389648438,20047164
2009-04-13,225.25,238.35000610351562,222.10000610351562,234.85000610351562,14394818
2009-04-15,230.0,264.8999938964844,224.0500030517578,256.95001220703125,24946324
2009-04-16,258.0,276.79998779296875,226.75,236.85000610351562,24617024
2009-04-17,234.8000030517578,252.5,225.5,229.60000610351562,18289932
2009-04-20,230.9499969482422,240.0,224.14999389648438,230.25,13695257
2009-04-21,217.0,243.39999389648438,216.0,237.4499969482422,18296086
2009-04-22,239.10000610351562,245.8000030517578,223.6999969482422,226.75,16133699
2009-04-23,228.25,240.6999969482422,222.39999389648438,238.0500030517578,13789055
2009-04-24,239.6999969482422,248.8000030517578,232.39999389648438,242.60000610351562,18998850
2009-04-27,237.0,251.9499969482422,228.0,244.1999969482422,15313395
2009-04-28,244.0,247.6999969482422,222.10000610351562,224.25,12512617
2009-04-29,223.5500030517578,235.6999969482422,223.5500030517578,230.25,11941865
2009-04-30,230.25,230.25,230.25,230.25,0
2009-05-04,234.0,241.8000030517578,225.0,233.35000610351562,19979336
2009-05-05,234.0,265.3999938964844,232.0,260.54998779296875,27798838
2009-05-06,263.79998779296875,269.5,240.0500030517578,245.0,24943316
2009-05-07,249.6999969482422,255.89999389648438,241.0,245.10000610351562,29023948
2009-05-08,244.5,252.0,235.64999389648438,240.64999389648438,17233888
2009-05-11,243.0,244.8000030517578,226.10000610351562,228.10000610351562,12400368
2009-05-12,228.10000610351562,239.0,220.75,236.14999389648438,17625084
2009-05-13,190.5500030517578,255.8000030517578,190.5500030517578,234.8000030517578,27280136
2009-05-14,220.0,252.25,220.0,250.10000610351562,24548926
2009-05-15,254.0,264.8999938964844,251.60000610351562,258.04998779296875,24067428
2009-05-18,309.0,335.45001220703125,290.0,322.6499938964844,130572
2009-05-19,330.5,421.70001220703125,305.0,380.54998779296875,57111448
2009-05-20,374.3999938964844,380.0,349.5,353.75,27738944
2009-05-21,354.0,367.70001220703125,337.45001220703125,342.45001220703125,20549662
2009-05-22,338.0,351.0,325.6499938964844,334.0,20626714
2009-05-25,335.0,355.6000061035156,335.0,352.8999938964844,16888504
2009-05-26,357.5,360.70001220703125,332.5,337.0,13214492
2009-05-27,346.0,367.8999938964844,345.0,366.0,19358576
2009-05-28,365.0,381.0,361.6000061035156,372.79998779296875,20598460
2009-05-29,376.5,420.3500061035156,375.0,406.5,26527792
2009-06-01,412.0,426.5,403.0,415.20001220703125,18098160
2009-06-02,420.0,426.0,400.0,404.70001220703125,21745608
2009-06-03,413.0,414.5,393.54998779296875,402.70001220703125,14272001
2009-06-04,376.6000061035156,419.79998779296875,376.6000061035156,416.29998779296875,15394226
2009-06-05,421.79998779296875,426.79998779296875,404.1499938964844,408.0,13226011
2009-06-08,409.45001220703125,413.95001220703125,359.70001220703125,365.04998779296875,12659504
2009-06-09,359.0,411.70001220703125,344.0,402.6499938964844,23444038
2009-06-10,410.0,416.8999938964844,390.0,396.3999938964844,15340734
2009-06-11,395.0,399.3999938964844,380.0,392.04998779296875,14964647
2009-06-12,394.75,397.6499938964844,365.1499938964844,367.79998779296875,13395021
2009-06-15,367.0,377.45001220703125,349.1000061035156,352.45001220703125,12973672
2009-06-16,344.8999938964844,363.95001220703125,342.0,353.3500061035156,19274660
2009-06-17,350.0,363.45001220703125,327.1000061035156,333.20001220703125,14743236
2009-06-18,334.95001220703125,340.8999938964844,308.75,321.54998779296875,19118792
2009-06-19,323.0,334.70001220703125,315.20001220703125,330.75,15400771
2009-06-22,340.0,341.0,321.1000061035156,323.04998779296875,12219585
2009-06-23,315.0,322.75,304.1000061035156,315.8999938964844,17568518
2009-06-24,319.0,325.95001220703125,312.5,320.25,13878187
2009-06-25,325.0,331.5,314.5,317.3500061035156,14364546
2009-06-26,344.3999938964844,344.3999938964844,317.6499938964844,325.70001220703125,13689972
2009-06-29,330.0,345.5,327.0,338.3500061035156,16115338
2009-06-30,342.0,344.8999938964844,308.1000061035156,310.79998779296875,14434480
2009-07-01,314.25,329.3999938964844,305.0,326.25,15255421
2009-07-02,328.1000061035156,340.0,316.25,336.75,15020544
2009-07-03,329.8999938964844,339.5,326.6000061035156,337.1000061035156,12143973
2009-07-06,339.0,356.8999938964844,305.0,310.25,22471980
2009-07-07,312.3999938964844,316.6000061035156,297.6499938964844,308.3500061035156,17682444
2009-07-08,304.20001220703125,304.20001220703125,281.0,283.70001220703125,14268810
2009-07-09,287.0,289.0,271.29998779296875,278.8500061035156,17922616
2009-07-10,284.1000061035156,291.0,274.54998779296875,278.5,14247211
2009-07-13,270.04998779296875,274.70001220703125,259.29998779296875,269.6000061035156,12060484
2009-07-14,269.8999938964844,308.6000061035156,269.8999938964844,299.45001220703125,14850754
2009-07-15,305.0,324.5,302.20001220703125,322.54998779296875,14870597
2009-07-16,330.0,332.3999938964844,312.8500061035156,316.75,13339823
2009-07-17,320.0,337.8500061035156,320.0,332.6499938964844,13560545
2009-07-20,340.0,354.5,333.1000061035156,350.75,13309778
2009-07-21,352.0,352.75,339.0,343.54998779296875,11390553
2009-07-22,345.54998779296875,367.79998779296875,342.1499938964844,345.79998779296875,19521168
2009-07-23,349.25,374.29998779296875,349.25,369.95001220703125,14391242
2009-07-24,374.0,396.75,372.0,393.75,19129324
2009-07-27,395.25,416.8500061035156,390.25,411.3999938964844,21200336
2009-07-28,414.0,433.70001220703125,414.0,425.8999938964844,20024292
2009-07-29,420.0,422.0,389.1000061035156,397.04998779296875,16829836
2009-07-30,394.0,407.5,388.3500061035156,401.54998779296875,14563513
2009-07-31,406.1000061035156,415.0,390.1499938964844,396.20001220703125,14815854
2009-08-03,400.0,407.8999938964844,384.6499938964844,405.6000061035156,13840143
2009-08-04,409.0,409.1000061035156,393.1499938964844,398.3500061035156,9953726
2009-08-05,399.8999938964844,401.3999938964844,385.6000061035156,391.70001220703125,9671208
2009-08-06,390.5,399.5,375.0,379.79998779296875,14625021
2009-08-07,374.6499938964844,383.5,365.0,367.1000061035156,13363854
2009-08-10,377.0,380.0,359.1000061035156,362.75,10158391
2009-08-11,360.1499938964844,372.5,356.0,362.1000061035156,11230552
2009-08-12,359.70001220703125,376.0,350.5,372.8999938964844,13292541
2009-08-13,380.5,401.95001220703125,380.5,400.1499938964844,13008636
2009-08-14,403.0,406.75,389.8999938964844,395.5,14413274
2009-08-17,388.70001220703125,388.70001220703125,362.20001220703125,364.3999938964844,10765817
2009-08-18,367.0,381.8999938964844,360.6499938964844,376.3999938964844,12888172
2009-08-19,380.04998779296875,384.5,368.04998779296875,372.0,10109840
2009-08-20,380.0,383.0,372.3500061035156,374.70001220703125,5946138
2009-08-21,372.70001220703125,383.8999938964844,365.54998779296875,382.29998779296875,9591224
2009-08-24,389.0,398.5,388.70001220703125,394.5,8612472
2009-08-25,390.25,397.8999938964844,385.0,393.20001220703125,9608861
2009-08-26,395.1000061035156,406.79998779296875,395.0,399.20001220703125,10327096
2009-08-27,352.8999938964844,398.6000061035156,352.8999938964844,392.1499938964844,6017196
2009-08-28,393.1000061035156,415.0,390.0,413.1499938964844,15079403
2009-08-31,407.0,427.0,405.1000061035156,424.1499938964844,14590713
2009-09-01,428.0,441.95001220703125,412.5,416.45001220703125,15551621
2009-09-02,408.45001220703125,425.70001220703125,408.0,411.0,13157780
2009-09-03,417.0,420.5,411.0,412.8500061035156,8159868
2009-09-04,416.0,418.1000061035156,394.70001220703125,414.5,16904044
2009-09-07,419.0,438.3999938964844,417.5,435.75,9096524
2009-09-08,439.79998779296875,447.29998779296875,432.0,435.54998779296875,14236693
2009-09-09,434.0,437.0,417.3999938964844,420.3999938964844,15791175
2009-09-10,425.04998779296875,431.0,405.29998779296875,409.04998779296875,17374570
2009-09-11,412.04998779296875,416.0,394.25,398.54998779296875,17375952
2009-09-14,395.5,395.5,387.04998779296875,391.3500061035156,13042168
2009-09-15,396.8999938964844,414.8999938964844,395.0,412.75,11824493
2009-09-16,419.6499938964844,422.3999938964844,411.70001220703125,418.8500061035156,10427056
2009-09-17,422.0,426.0,416.1000061035156,420.04998779296875,9855181
2009-09-18,414.0,430.5,412.0,428.6000061035156,9631426
2009-09-22,428.0,435.0,425.0,430.1499938964844,8121677
2009-09-23,430.8999938964844,439.20001220703125,419.0,423.6000061035156,12825522
2009-09-24,418.0,428.3999938964844,409.29998779296875,424.45001220703125,10836723
2009-09-25,419.0,432.75,418.25,426.8500061035156,10181675
2009-09-29,435.0,435.0,425.29998779296875,426.8500061035156,6318910
2009-09-30,429.0,439.95001220703125,423.54998779296875,438.0,10648258
2009-10-01,436.6499938964844,445.5,434.45001220703125,439.79998779296875,11928373
2009-10-05,434.29998779296875,436.0,419.20001220703125,422.79998779296875,7917356
2009-10-06,425.0,428.70001220703125,401.5,417.3500061035156,12446594
2009-10-07,420.0,425.70001220703125,410.0,413.8999938964844,9326163
2009-10-08,417.0,423.8500061035156,410.5,418.3500061035156,9378728
2009-10-09,422.0,427.8999938964844,413.79998779296875,416.04998779296875,9362853
2009-10-12,418.8500061035156,427.70001220703125,417.0,425.25,6350443
2009-10-13,425.25,425.25,425.25,425.25,0
2009-10-14,430.0,437.0,428.0,431.70001220703125,8090428
2009-10-15,435.0,441.0,430.29998779296875,433.3999938964844,8268922
2009-10-16,430.0,464.0,430.0,460.75,16699336
2009-10-20,460.8999938964844,476.29998779296875,460.8999938964844,470.0,13136196
2009-10-21,468.70001220703125,490.8500061035156,465.25,471.95001220703125,16574634
2009-10-22,470.0,475.3999938964844,444.79998779296875,448.8999938964844,11640523
2009-10-23,453.0,519.9000244140625,450.25,454.54998779296875,9228289
2009-10-26,459.0,459.0,427.0,429.1499938964844,10922260
2009-10-27,429.0,429.0,397.6499938964844,400.8999938964844,16277902
2009-10-28,395.0,408.79998779296875,384.5,402.45001220703125,13951202
2009-10-29,385.6499938964844,395.0,372.0,375.5,14372415
2009-10-30,378.0,394.5,367.04998779296875,370.25,13071943
2009-11-03,365.1000061035156,366.79998779296875,331.0,335.6499938964844,11441591
2009-11-04,341.0,370.5,341.0,365.0,11924184
2009-11-05,362.5,374.8999938964844,349.1499938964844,372.3999938964844,16102671
2009-11-06,380.0,390.79998779296875,375.6499938964844,380.0,11350626
2009-11-09,385.0,395.0,371.3500061035156,390.04998779296875,12220836
2009-11-10,393.25,397.70001220703125,375.0,377.6000061035156,13388895
2009-11-11,382.0,386.25,368.1499938964844,383.75,14796374
2009-11-12,383.0,394.0,365.1499938964844,369.6000061035156,18160112
2009-11-13,368.0,373.79998779296875,360.54998779296875,368.1499938964844,14637137
2009-11-16,375.0,387.79998779296875,372.3500061035156,385.5,10032905
2009-11-17,385.45001220703125,388.8999938964844,370.5,377.0,11597743
2009-11-18,376.8999938964844,384.0,372.3500061035156,380.45001220703125,10356832
2009-11-19,381.0,381.75,362.5,366.25,9173644
2009-11-20,363.0,376.70001220703125,356.1000061035156,375.04998779296875,13060222
2009-11-23,381.1000061035156,382.70001220703125,370.6499938964844,372.1000061035156,7853406
2009-11-24,374.8999938964844,380.0,368.6000061035156,373.25,8861674
2009-11-25,373.29998779296875,377.5,359.54998779296875,360.8999938964844,12494064
2009-11-26,362.0,365.79998779296875,352.1499938964844,354.29998779296875,9679378
2009-11-27,350.0,355.95001220703125,325.45001220703125,350.6000061035156,15689171
2009-11-30,352.0,362.20001220703125,348.8999938964844,351.6000061035156,10258875
2009-12-01,353.1000061035156,372.29998779296875,353.1000061035156,370.6499938964844,11065242
2009-12-02,374.8999938964844,388.25,373.25,385.5,15008792
2009-12-03,396.0,396.0,382.0,383.95001220703125,9956554
2009-12-04,380.8500061035156,386.8999938964844,376.20001220703125,380.25,8735708
2009-12-07,382.0,383.70001220703125,367.0,369.54998779296875,7183866
2009-12-08,365.0,384.25,365.0,382.54998779296875,8914861
2009-12-09,380.0,388.8999938964844,378.0,382.79998779296875,10658566
2009-12-10,380.79998779296875,390.0,379.3500061035156,386.6000061035156,7856165
2009-12-11,390.0,394.3999938964844,376.20001220703125,383.04998779296875,8703807
2009-12-14,383.0,386.5,378.0,382.5,8557467
2009-12-15,385.0,387.5,377.79998779296875,381.45001220703125,9752921
2009-12-16,379.3500061035156,383.8999938964844,375.1000061035156,379.45001220703125,8126323
2009-12-17,377.1499938964844,379.5,360.1499938964844,365.75,15383714
2009-12-18,361.0,371.8999938964844,355.5,357.3999938964844,16565223
2009-12-21,356.8999938964844,361.0,349.54998779296875,350.8500061035156,7747533
2009-12-22,355.0,358.70001220703125,352.0,355.6000061035156,6547097
2009-12-23,353.0,367.45001220703125,353.0,365.8500061035156,7040789
2009-12-24,368.0,376.0,366.1000061035156,370.6000061035156,8744403
2009-12-29,373.95001220703125,374.5,363.20001220703125,364.45001220703125,6388484
2009-12-30,363.8999938964844,369.8999938964844,363.8999938964844,365.75,5888408
2009-12-31,368.0,369.54998779296875,359.3999938964844,361.20001220703125,6926483
2010-01-04,361.0,367.79998779296875,361.0,364.6000061035156,4475827
2010-01-05,368.0,373.0,367.54998779296875,369.45001220703125,6520322
2010-01-06,369.79998779296875,380.5,367.25,378.54998779296875,10663046
2010-01-07,377.0,383.29998779296875,372.3500061035156,374.5,6292372
2010-01-08,375.0,393.79998779296875,375.0,389.8999938964844,14328855
2010-01-11,395.79998779296875,403.5,393.1499938964844,399.45001220703125,11686911
2010-01-12,400.0,400.3999938964844,382.70001220703125,383.95001220703125,7358441
2010-01-13,380.0,389.70001220703125,375.0,387.8500061035156,8641534
2010-01-14,390.0,394.5,382.04998779296875,383.29998779296875,6389516
2010-01-15,385.0,392.0,384.0,386.29998779296875,5585595
2010-01-18,384.5,389.1000061035156,379.04998779296875,387.29998779296875,5929968
2010-01-19,388.45001220703125,392.0,378.1000061035156,379.70001220703125,5492986
2010-01-20,382.0,383.3500061035156,370.29998779296875,373.70001220703125,5269460
2010-01-21,371.0,373.79998779296875,361.29998779296875,363.54998779296875,5778560
2010-01-22,356.1000061035156,358.70001220703125,346.20001220703125,352.75,11032897
2010-01-25,350.1000061035156,354.3999938964844,342.75,344.1499938964844,6099389
2010-01-27,339.8999938964844,340.29998779296875,311.8999938964844,317.45001220703125,13876854
2010-01-28,322.1000061035156,331.0,318.0,324.29998779296875,12843785
2010-01-29,320.0,336.8999938964844,314.0,333.6499938964844,13028117
2010-02-01,330.04998779296875,338.79998779296875,326.3999938964844,332.3500061035156,7079506
2010-02-02,335.79998779296875,342.8999938964844,324.0,326.3500061035156,11543177
2010-02-03,327.79998779296875,338.75,327.79998779296875,336.1000061035156,6126600
2010-02-04,335.0,335.0,319.1499938964844,321.3500061035156,7168253
2010-02-05,323.6000061035156,323.6000061035156,301.1499938964844,308.70001220703125,9125392
2010-02-08,315.04998779296875,318.29998779296875,304.0,311.5,9021414
2010-02-09,311.5,314.0,302.3999938964844,305.95001220703125,8819183
2010-02-10,308.0,312.8999938964844,300.04998779296875,301.6499938964844,11500115
2010-02-11,304.0,310.6000061035156,304.0,307.0,7889600
2010-02-15,310.0,311.3999938964844,301.6000061035156,303.3500061035156,6930099
2010-02-16,306.0,310.8500061035156,302.6000061035156,309.75,5883638
2010-02-17,313.0,317.6000061035156,304.04998779296875,305.79998779296875,8903959
2010-02-18,307.5,310.8999938964844,301.70001220703125,303.70001220703125,9283508
2010-02-19,299.79998779296875,302.0,288.29998779296875,291.1000061035156,11084290
2010-02-22,295.25,298.79998779296875,282.70001220703125,284.70001220703125,9238686
2010-02-23,286.29998779296875,292.3500061035156,281.6000061035156,290.25,9268217
2010-02-24,285.1000061035156,291.20001220703125,283.0,288.8500061035156,7156692
2010-02-25,291.79998779296875,293.8999938964844,287.20001220703125,289.5,8954354
2010-02-26,290.75,315.0,289.0,298.45001220703125,20649228
2010-03-02,299.0,300.20001220703125,287.20001220703125,292.25,16603416
2010-03-03,293.0,301.3999938964844,292.1000061035156,298.54998779296875,9771142
2010-03-04,299.8500061035156,306.79998779296875,297.0,304.3999938964844,9985703
2010-03-05,307.0,318.95001220703125,305.54998779296875,316.75,13860835
2010-03-08,320.0,325.79998779296875,316.04998779296875,317.29998779296875,8168944
2010-03-09,319.79998779296875,320.0,310.1000061035156,311.6499938964844,6935872
2010-03-10,314.1000061035156,317.3999938964844,308.0,314.8999938964844,9559408
2010-03-11,316.0,316.3999938964844,309.20001220703125,312.04998779296875,5995496
2010-03-12,312.0,315.8500061035156,307.6000061035156,310.75,5512997
2010-03-15,308.0,311.70001220703125,305.0,309.5,5437232
2010-03-16,310.0,314.3500061035156,306.0,312.3999938964844,5580344
2010-03-17,314.45001220703125,319.8999938964844,311.6499938964844,313.79998779296875,6680589
2010-03-18,315.0,319.3999938964844,310.1000061035156,316.8500061035156,7029897
2010-03-19,318.0,318.8999938964844,311.29998779296875,312.95001220703125,5147460
2010-03-22,306.0,308.8999938964844,300.04998779296875,301.45001220703125,5849529
2010-03-23,303.20001220703125,305.3999938964844,293.70001220703125,294.5,8903024
2010-03-25,294.0,300.79998779296875,291.1000061035156,298.6499938964844,6866435
2010-03-26,300.0,302.3500061035156,292.0,294.6499938964844,8234259
2010-03-29,295.0,301.8999938964844,294.6000061035156,298.95001220703125,8515830
2010-03-30,299.25,311.70001220703125,299.1000061035156,308.8999938964844,12391569
2010-03-31,312.0,316.0,307.8500061035156,308.8999938964844,10886875
2010-04-01,311.0,313.3999938964844,309.3500061035156,311.6000061035156,4832229
2010-04-05,312.0,325.0,312.0,322.25,7532987
2010-04-06,324.0,330.75,323.29998779296875,328.75,8169299
2010-04-07,329.0,335.0,326.25,331.6000061035156,9162152
2010-04-08,345.0,345.0,327.04998779296875,333.79998779296875,8584752
2010-04-09,335.0,338.54998779296875,330.3999938964844,333.0,5947432
2010-04-12,334.0,335.0,328.20001220703125,333.6499938964844,6855218
2010-04-13,333.3999938964844,337.25,331.0,334.70001220703125,4919304
2010-04-15,335.25,345.3999938964844,335.04998779296875,338.0,9384627
2010-04-16,336.1000061035156,337.6000061035156,324.1000061035156,330.25,9160602
2010-04-19,325.0,329.0,315.0,316.6499938964844,7538780
2010-04-20,317.0,328.70001220703125,313.5,325.8999938964844,10007578
2010-04-21,326.0,333.8999938964844,326.0,330.3999938964844,5792715
2010-04-22,328.0,333.29998779296875,324.25,325.3500061035156,6068149
2010-04-23,325.3500061035156,336.0,325.3500061035156,332.29998779296875,6918279
2010-04-26,335.0,340.0,321.1000061035156,322.95001220703125,8050994
2010-04-27,320.0,323.3500061035156,315.1000061035156,316.04998779296875,7328569
2010-04-28,312.0,313.3999938964844,304.5,306.95001220703125,7367334
2010-04-29,308.70001220703125,314.8999938964844,306.6499938964844,309.3999938964844,7224227
2010-04-30,311.0,315.79998779296875,308.75,310.70001220703125,5527400
2010-05-03,307.0,311.0,305.1000061035156,307.0,4358555
2010-05-04,307.0,312.75,299.70001220703125,301.1000061035156,6835442
2010-05-05,300.0,303.3999938964844,294.6000061035156,301.3999938964844,6702140
2010-05-06,301.3999938964844,302.0,295.0,298.1499938964844,6241891
2010-05-07,294.79998779296875,294.79998779296875,282.6499938964844,284.6499938964844,7036102
2010-05-10,290.0,306.45001220703125,289.5,304.5,6893697
2010-05-11,304.5,307.0,292.54998779296875,295.1000061035156,5670681
2010-05-12,297.3999938964844,301.20001220703125,291.5,296.75,5144237
2010-05-13,298.0,307.0,298.0,305.95001220703125,7906097
2010-05-14,306.95001220703125,309.95001220703125,296.54998779296875,298.54998779296875,6449866
2010-05-17,294.0,297.0,280.0,287.04998779296875,11281417
2010-05-18,287.0,293.45001220703125,284.29998779296875,289.29998779296875,8085845
2010-05-19,286.95001220703125,286.95001220703125,276.0,279.20001220703125,9418687
2010-05-20,280.54998779296875,282.6499938964844,269.1000061035156,270.8999938964844,7690444
2010-05-21,265.0,270.3500061035156,260.95001220703125,269.0,6953415
2010-05-24,272.0,280.0,260.3500061035156,263.3999938964844,6422983
2010-05-25,260.0,264.5,254.75,256.1000061035156,7477574
2010-05-26,260.0,265.8500061035156,259.20001220703125,263.54998779296875,6421391
2010-05-27,263.6499938964844,271.79998779296875,261.70001220703125,270.5,6076499
2010-05-28,273.5,281.54998779296875,272.5,280.04998779296875,7176756
2010-05-31,278.79998779296875,279.54998779296875,270.70001220703125,276.70001220703125,7264141
2010-06-01,275.70001220703125,280.70001220703125,269.3500061035156,270.8999938964844,6179309
2010-06-02,271.0,274.95001220703125,266.04998779296875,273.20001220703125,5930717
2010-06-03,277.0,280.0,275.3999938964844,278.3500061035156,3744419
2010-06-04,276.3999938964844,285.6000061035156,274.0,281.75,5206359
2010-06-07,272.0,273.8999938964844,262.1000061035156,263.8999938964844,9507336
2010-06-08,264.5,268.0,255.0,257.29998779296875,7055277
2010-06-09,258.0,263.29998779296875,254.5,258.20001220703125,6068397
2010-06-10,260.0,263.8999938964844,256.6000061035156,262.75,5683953
2010-06-11,264.0,269.70001220703125,260.8999938964844,262.3999938964844,7314171
2010-06-14,265.0,266.04998779296875,259.5,264.3999938964844,5894755
2010-06-15,266.0,274.70001220703125,261.0,272.5,8603015
2010-06-16,273.5,279.79998779296875,273.5,277.54998779296875,8732902
2010-06-17,278.0,284.79998779296875,275.0,283.0,8957757
2010-06-18,282.0,284.6000061035156,277.20001220703125,282.6499938964844,6421147
2010-06-21,284.0,292.3999938964844,282.6499938964844,290.1499938964844,5781758
2010-06-22,289.70001220703125,292.8500061035156,287.1499938964844,288.25,4506950
2010-06-23,283.0,293.5,282.3999938964844,291.79998779296875,4299594
2010-06-24,291.75,293.8999938964844,285.1000061035156,289.20001220703125,5557511
2010-06-25,287.0,291.5,284.5,286.1499938964844,4251702
2010-06-28,288.54998779296875,292.95001220703125,284.20001220703125,291.75,3338611
2010-06-29,291.5,297.25,283.54998779296875,285.25,7596284
2010-06-30,282.0,289.75,280.0,288.6499938964844,4325355
2010-07-01,286.70001220703125,286.70001220703125,281.6499938964844,283.8500061035156,2763104
2010-07-02,283.75,287.20001220703125,280.5,282.3500061035156,2413386
2010-07-05,281.5,282.75,279.0,280.79998779296875,1578620
2010-07-06,280.04998779296875,284.25,279.04998779296875,282.3500061035156,2808272
2010-07-07,282.04998779296875,284.29998779296875,277.5,279.0,3041506
2010-07-08,285.0,286.0,281.6499938964844,282.70001220703125,2342189
2010-07-09,283.0,296.8999938964844,283.0,295.79998779296875,6746656
2010-07-12,297.0,304.29998779296875,297.0,302.79998779296875,4905679
2010-07-13,302.79998779296875,318.8500061035156,302.79998779296875,316.04998779296875,10782469
2010-07-14,318.0,325.5,317.1000061035156,319.1499938964844,14878057
2010-07-15,319.1499938964844,321.0,312.8999938964844,318.75,6691269
2010-07-16,319.0,321.0,316.25,319.54998779296875,4978514
2010-07-19,316.04998779296875,316.95001220703125,313.25,315.54998779296875,3172195
2010-07-20,316.5,323.8500061035156,316.5,321.45001220703125,5332716
2010-07-21,321.5,324.8500061035156,319.1000061035156,323.95001220703125,4244046
2010-07-22,322.0,330.0,318.6499938964844,327.0,5954088
2010-07-23,329.0,331.0,320.6000061035156,322.5,4329261
2010-07-26,324.95001220703125,325.3999938964844,312.5,313.1000061035156,4508390
2010-07-27,313.1000061035156,322.75,308.5,320.04998779296875,9252032
2010-07-28,320.0,324.70001220703125,310.3999938964844,311.95001220703125,5815295
2010-07-29,306.95001220703125,312.20001220703125,304.3500061035156,309.1000061035156,7539062
2010-07-30,308.0,309.3999938964844,300.1000061035156,301.3999938964844,5478791
2010-08-02,303.0,307.20001220703125,302.1499938964844,303.70001220703125,5078807
2010-08-03,304.5,309.20001220703125,304.0,305.5,4783227
2010-08-04,319.8999938964844,319.8999938964844,305.6000061035156,309.8999938964844,4526093
2010-08-05,321.0,321.0,309.8500061035156,310.79998779296875,4267769
2010-08-06,319.8999938964844,319.8999938964844,306.1499938964844,307.70001220703125,3485524
2010-08-09,305.0,321.3999938964844,305.0,320.6499938964844,7416130
2010-08-10,318.0,324.95001220703125,317.1000061035156,320.3999938964844,6453903
2010-08-11,318.6000061035156,322.8500061035156,315.0,315.6499938964844,4562068
2010-08-12,314.1499938964844,319.0,307.0,315.54998779296875,5768627
2010-08-13,315.54998779296875,323.79998779296875,315.0,322.5,4746552
2010-08-16,322.5,328.3999938964844,316.6499938964844,320.3500061035156,5036866
2010-08-17,321.0,323.95001220703125,316.20001220703125,318.25,3644298
2010-08-18,319.0,323.0,315.25,320.1499938964844,3802208
2010-08-19,320.1000061035156,323.5,319.04998779296875,321.5,2747509
2010-08-20,320.45001220703125,335.0,318.3999938964844,333.79998779296875,8990318
2010-08-23,331.1499938964844,336.75,328.5,330.20001220703125,4990046
2010-08-24,330.1000061035156,331.5,320.5,322.1000061035156,4732159
2010-08-25,321.0,321.6000061035156,310.25,311.54998779296875,4828062
2010-08-26,313.0,319.75,312.3500061035156,318.1000061035156,5473904
2010-08-27,315.5,317.8999938964844,305.20001220703125,306.8500061035156,5103599
2010-08-30,311.0,314.0,303.25,307.29998779296875,4231921
2010-08-31,307.0,307.0,297.25,301.95001220703125,6248772
2010-09-01,303.5,312.0,303.04998779296875,310.04998779296875,4206598
2010-09-02,310.0,315.1499938964844,308.5,311.8500061035156,4456669
2010-09-03,311.8500061035156,315.3999938964844,308.6499938964844,313.25,3834937
2010-09-06,314.0,319.5,314.0,318.6000061035156,2742643
2010-09-07,319.0,321.8999938964844,314.75,316.0,3249223
2010-09-08,315.0,319.29998779296875,313.1499938964844,318.25,2772943
2010-09-09,320.0,323.6499938964844,318.5,322.0,4057640
2010-09-13,323.0,334.45001220703125,322.0,332.8999938964844,4552130
2010-09-14,333.0,343.45001220703125,333.0,341.1499938964844,8584481
2010-09-15,341.1499938964844,345.45001220703125,337.3999938964844,341.1499938964844,5216301
2010-09-16,340.0,356.5,334.25,349.70001220703125,12253862
2010-09-17,351.0,358.6499938964844,349.75,352.5,9122604
2010-09-20,350.0,367.25,350.0,365.6499938964844,8271863
2010-09-21,366.0,367.29998779296875,355.6000061035156,358.70001220703125,5317104
2010-09-22,360.0,361.0,350.1000061035156,353.70001220703125,5014089
2010-09-23,354.79998779296875,357.0,346.45001220703125,347.75,3425086
2010-09-24,353.70001220703125,367.5,347.45001220703125,365.25,7734675
2010-09-27,370.1499938964844,375.3999938964844,367.0,369.5,7750066
2010-09-28,369.0,380.5,367.04998779296875,378.0,7491547
2010-09-29,381.0,385.1499938964844,372.25,372.95001220703125,8724937
2010-09-30,373.0,379.8999938964844,369.04998779296875,378.20001220703125,6772946
2010-10-01,380.0,393.3999938964844,379.0,388.1000061035156,7919894
2010-10-04,391.0,397.5,384.6499938964844,390.8999938964844,6620735
2010-10-05,390.0,393.70001220703125,386.1000061035156,390.3500061035156,5114013
2010-10-06,392.0,396.5,389.0,392.79998779296875,6072594
2010-10-07,394.0,395.1000061035156,378.1000061035156,381.3500061035156,5474323
2010-10-08,383.8999938964844,386.3999938964844,374.25,382.6499938964844,5879034
2010-10-11,384.0,391.0,380.29998779296875,382.6000061035156,3499744
2010-10-12,382.6000061035156,383.0,372.0,374.79998779296875,3895313
2010-10-13,375.5,388.8999938964844,375.25,386.70001220703125,4325781
2010-10-14,388.3999938964844,393.0,382.04998779296875,384.20001220703125,5183439
2010-10-15,386.70001220703125,387.20001220703125,369.5,373.8999938964844,6988171
2010-10-18,376.0,380.0,366.25,377.6499938964844,4927198
2010-10-19,380.0,381.3500061035156,366.54998779296875,369.5,3949703
2010-10-20,368.70001220703125,372.29998779296875,360.1000061035156,363.3999938964844,4111106
2010-10-21,367.0,373.3999938964844,363.45001220703125,372.1499938964844,2742781
2010-10-22,374.0,374.0,361.54998779296875,363.3999938964844,3950276
2010-10-25,365.0,372.3999938964844,364.0,365.79998779296875,4465914
2010-10-26,366.3500061035156,374.3500061035156,365.0,370.1499938964844,4839935
2010-10-27,370.3999938964844,372.0,361.6000061035156,363.5,3048306
2010-10-28,365.8500061035156,365.8999938964844,352.1000061035156,354.79998779296875,5759657
2010-10-29,355.0,364.70001220703125,341.3999938964844,350.70001220703125,4481577
2010-11-01,358.8999938964844,363.3999938964844,353.25,361.29998779296875,3589812
2010-11-02,364.1499938964844,364.3999938964844,345.0,349.20001220703125,7433620
2010-11-03,352.5,355.3999938964844,346.70001220703125,348.8500061035156,4090246
2010-11-04,352.3999938964844,356.8999938964844,350.54998779296875,354.79998779296875,2795306
2010-11-08,356.5,359.45001220703125,350.1499938964844,357.8500061035156,3395212
2010-11-09,356.1000061035156,365.79998779296875,356.04998779296875,363.1499938964844,4226505
2010-11-10,362.95001220703125,366.3999938964844,359.5,362.70001220703125,2862887
2010-11-11,360.0,360.0,345.25,346.45001220703125,4990703
2010-11-12,340.20001220703125,341.5,325.0,327.20001220703125,6211307
2010-11-15,330.0,330.0,317.1000061035156,322.25,4752675
2010-11-16,325.0,326.79998779296875,312.8500061035156,314.25,4561857
2010-11-18,319.95001220703125,321.8500061035156,302.79998779296875,318.8999938964844,6395998
2010-11-19,320.0,321.0,306.0,307.95001220703125,4798576
2010-11-22,311.0,320.45001220703125,308.20001220703125,318.70001220703125,5263162
2010-11-23,313.25,317.3999938964844,305.0,315.6000061035156,5837221
2010-11-24,315.0,322.79998779296875,298.20001220703125,304.04998779296875,6749159
2010-11-25,308.0,308.0,290.0,292.5,9277153
2010-11-26,294.0,294.5,257.0,287.3999938964844,14106057
2010-11-29,288.0,293.0,279.0,286.3999938964844,5978620
2010-11-30,284.0,309.0,279.8999938964844,306.75,12704701
2010-12-01,304.0,321.0,302.5,318.54998779296875,6505884
2010-12-02,322.0,325.29998779296875,315.54998779296875,322.1499938964844,7479506
2010-12-03,318.6499938964844,320.0,305.5,306.6499938964844,6470373
2010-12-06,306.1000061035156,314.8999938964844,305.95001220703125,308.3999938964844,6229591
2010-12-07,307.0,308.20001220703125,295.04998779296875,297.8999938964844,9598078
2010-12-08,298.0,302.8500061035156,288.79998779296875,290.04998779296875,7047354
2010-12-09,291.8999938964844,292.75,281.3500061035156,283.75,6533558
2010-12-10,284.8999938964844,287.5,275.1499938964844,282.04998779296875,9026451
2010-12-13,285.0,292.6499938964844,278.1000061035156,291.25,6082634
2010-12-14,293.5,296.3500061035156,287.75,293.29998779296875,6419284
2010-12-15,293.0,293.0,275.54998779296875,278.1499938964844,6230372
2010-12-16,278.0,284.0,275.1000061035156,281.79998779296875,6447636
2010-12-20,278.8999938964844,285.0,276.1499938964844,279.1499938964844,5190730
2010-12-21,280.79998779296875,286.75,280.45001220703125,285.5,3702175
2010-12-22,286.8999938964844,289.45001220703125,283.29998779296875,285.20001220703125,3425704
2010-12-23,285.5,288.6000061035156,280.6000061035156,281.54998779296875,3262023
2010-12-24,280.0,284.8999938964844,278.70001220703125,284.04998779296875,3434286
2010-12-27,285.6499938964844,288.8999938964844,282.75,284.6499938964844,2874763
2010-12-28,284.0,286.5,283.5,284.8500061035156,1706439
2010-12-29,285.79998779296875,288.45001220703125,285.0,287.0,2070115
2010-12-30,287.0,288.45001220703125,284.75,287.3999938964844,3091414
2010-12-31,288.5,295.0,287.54998779296875,291.95001220703125,3598543
2011-01-03,295.0,298.5,293.8500061035156,295.6000061035156,2318369
2011-01-04,297.0,297.70001220703125,290.70001220703125,291.6499938964844,3109011
2011-01-05,290.04998779296875,291.0,280.6000061035156,281.8500061035156,3973701
2011-01-06,283.95001220703125,284.8500061035156,275.79998779296875,277.75,3473322
2011-01-07,277.70001220703125,279.8500061035156,267.0,268.8999938964844,4510234
2011-01-10,269.0,271.70001220703125,258.29998779296875,259.20001220703125,4941026
2011-01-11,261.5,264.25,252.10000610351562,257.3500061035156,6909805
2011-01-12,261.95001220703125,265.70001220703125,252.6999969482422,263.54998779296875,6630245
2011-01-13,265.29998779296875,269.20001220703125,261.6499938964844,265.20001220703125,5661642
2011-01-14,265.0,268.95001220703125,257.1000061035156,259.29998779296875,4311348
2011-01-17,259.8999938964844,259.8999938964844,249.1999969482422,250.35000610351562,3896677
2011-01-18,252.0,253.39999389648438,244.0,248.5,5346396
2011-01-19,249.4499969482422,258.5,245.5,257.0,6708519
2011-01-20,253.85000610351562,258.6000061035156,252.25,256.3500061035156,3955041
2011-01-21,254.9499969482422,257.0,250.5500030517578,251.5500030517578,3849153
2011-01-24,252.0,256.95001220703125,251.0,255.75,2975899
2011-01-25,257.0,260.29998779296875,253.0,253.9499969482422,3420852
2011-01-27,256.0,256.0,236.85000610351562,239.4499969482422,6250859
2011-01-28,239.8000030517578,239.8000030517578,216.8000030517578,222.3000030517578,11418543
2011-01-31,218.89999389648438,225.5500030517578,214.35000610351562,223.89999389648438,10065030
2011-02-01,226.10000610351562,229.4499969482422,219.60000610351562,221.5500030517578,11650905
2011-02-02,224.0,233.85000610351562,216.1999969482422,227.14999389648438,17548250
2011-02-03,227.0,246.89999389648438,225.64999389648438,243.9499969482422,20797536
2011-02-04,236.10000610351562,244.6999969482422,234.3000030517578,237.10000610351562,16757952
2011-02-07,238.10000610351562,245.8000030517578,237.10000610351562,242.8000030517578,10956987
2011-02-08,244.75,245.0,237.0,239.3000030517578,10906750
2011-02-09,235.35000610351562,246.8000030517578,228.0500030517578,241.64999389648438,9423992
2011-02-10,239.5,249.5500030517578,235.0500030517578,245.89999389648438,6704565
2011-02-11,244.0,248.89999389648438,240.1999969482422,247.64999389648438,5357092
2011-02-14,249.60000610351562,252.9499969482422,244.35000610351562,246.5500030517578,7252196
2011-02-15,247.85000610351562,248.0,238.10000610351562,239.6999969482422,5601250
2011-02-16,238.0,242.3000030517578,234.0500030517578,238.39999389648438,6349833
2011-02-17,239.0,241.3000030517578,236.3000030517578,237.6999969482422,4209725
2011-02-18,237.8000030517578,241.64999389648438,231.4499969482422,232.85000610351562,4155603
2011-02-21,231.0,233.0,225.5,231.89999389648438,4217844
2011-02-22,229.0,232.5,225.85000610351562,227.5,3715899
2011-02-23,227.0,230.25,218.6999969482422,219.85000610351562,5289673
2011-02-24,220.39999389648438,224.0,212.0,213.1999969482422,8222527
2011-02-25,216.4499969482422,217.9499969482422,208.5,212.60000610351562,8803950
2011-02-28,215.0,219.85000610351562,209.60000610351562,211.85000610351562,7434539
2011-03-01,214.0,222.89999389648438,213.0,222.0,5106780
2011-03-03,220.89999389648438,229.1999969482422,220.0,223.14999389648438,7262747
2011-03-04,226.5,227.0,221.0500030517578,222.5,4332403
2011-03-07,220.39999389648438,221.89999389648438,215.64999389648438,218.5,3769000
2011-03-08,220.10000610351562,223.89999389648438,218.5,222.60000610351562,2623732
2011-03-09,224.0,227.60000610351562,223.8000030517578,225.4499969482422,3862058
2011-03-10,224.9499969482422,230.3000030517578,222.5,229.1999969482422,3738455
2011-03-11,226.10000610351562,231.4499969482422,223.10000610351562,225.1999969482422,3672202
2011-03-14,225.89999389648438,229.0,224.0500030517578,228.25,2066022
2011-03-15,224.0,225.25,219.25,221.1999969482422,3149423
2011-03-16,224.0,228.39999389648438,223.4499969482422,226.4499969482422,2292371
2011-03-17,223.6999969482422,227.39999389648438,220.5,221.4499969482422,3618556
2011-03-18,224.39999389648438,224.39999389648438,219.0500030517578,219.9499969482422,2604203
2011-03-21,222.0,223.75,217.5500030517578,221.6999969482422,3188165
2011-03-22,222.89999389648438,229.85000610351562,222.60000610351562,228.0500030517578,3737744
2011-03-23,227.10000610351562,235.64999389648438,227.10000610351562,234.64999389648438,3580430
2011-03-24,236.64999389648438,238.60000610351562,231.5500030517578,234.1999969482422,4365842
2011-03-25,238.0,250.89999389648438,236.10000610351562,249.10000610351562,9930774
2011-03-28,248.89999389648438,252.39999389648438,245.8000030517578,246.89999389648438,4296189
2011-03-29,246.5,256.8999938964844,242.8000030517578,253.10000610351562,7148839
2011-03-30,255.0,265.29998779296875,254.0,263.5,4895057
2011-03-31,264.5,272.1000061035156,258.6000061035156,268.54998779296875,9344658
2011-04-01,267.45001220703125,273.8999938964844,267.45001220703125,271.95001220703125,4234696
2011-04-04,273.0,274.0,268.0,272.45001220703125,4181842
2011-04-05,272.8999938964844,272.8999938964844,265.6000061035156,268.79998779296875,4307816
2011-04-06,267.20001220703125,273.5,265.5,270.8500061035156,6738672
2011-04-07,272.0,274.70001220703125,268.3500061035156,269.79998779296875,5673908
2011-04-08,270.20001220703125,272.25,257.6000061035156,259.29998779296875,4962580
2011-04-11,258.0,258.8500061035156,249.64999389648438,250.39999389648438,6302203
2011-04-13,247.0,253.1999969482422,246.3000030517578,251.25,15125886
2011-04-15,251.85000610351562,254.6999969482422,242.0,244.85000610351562,8058445
2011-04-18,246.0,247.4499969482422,232.39999389648438,233.5500030517578,6769650
2011-04-19,233.5,237.4499969482422,228.6999969482422,236.60000610351562,6667480
2011-04-20,238.14999389648438,243.89999389648438,236.5500030517578,242.89999389648438,5840748
2011-04-21,244.85000610351562,250.39999389648438,242.0500030517578,247.25,5447894
2011-04-25,247.0,248.35000610351562,240.60000610351562,241.6999969482422,3092103
2011-04-26,242.1999969482422,242.85000610351562,237.60000610351562,238.6999969482422,5107547
2011-04-27,241.0,242.4499969482422,234.1999969482422,234.85000610351562,4444149
2011-04-28,236.39999389648438,236.6999969482422,226.10000610351562,228.10000610351562,9720614
2011-04-29,228.89999389648438,232.0,221.10000610351562,222.8000030517578,5810196
2011-05-02,225.10000610351562,229.89999389648438,221.25,226.3000030517578,5892442
2011-05-03,225.1999969482422,227.0,220.10000610351562,220.75,5121351
2011-05-04,220.10000610351562,222.8000030517578,215.35000610351562,218.89999389648438,4539043
2011-05-05,220.5,221.89999389648438,214.85000610351562,215.1999969482422,5387898
2011-05-06,218.0,221.39999389648438,216.0,219.5,3902411
2011-05-09,221.9499969482422,222.25,217.39999389648438,218.89999389648438,2950567
2011-05-10,219.10000610351562,223.5,217.60000610351562,221.9499969482422,4841641
2011-05-11,223.1999969482422,227.9499969482422,222.8000030517578,227.1999969482422,4326348
2011-05-12,225.5,231.8000030517578,224.8000030517578,227.75,5620830
2011-05-13,227.0,234.89999389648438,226.4499969482422,232.9499969482422,4620791
2011-05-16,231.3000030517578,232.0,225.10000610351562,226.1999969482422,2294039
2011-05-17,226.39999389648438,229.25,222.39999389648438,227.64999389648438,3363952
2011-05-18,227.89999389648438,231.89999389648438,225.8000030517578,230.25,3666870
2011-05-19,229.0500030517578,230.25,220.5,222.0500030517578,3372459
2011-05-20,222.8000030517578,229.4499969482422,220.5,228.39999389648438,3482710
2011-05-23,225.0500030517578,227.60000610351562,221.35000610351562,223.10000610351562,3172248
2011-05-24,224.0,226.0,215.1999969482422,219.10000610351562,8183275
2011-05-25,210.35000610351562,214.8000030517578,208.10000610351562,210.0500030517578,11023956
2011-05-26,211.10000610351562,219.39999389648438,209.14999389648438,217.5,9657904
2011-05-27,217.25,226.89999389648438,217.25,225.1999969482422,4600345
2011-05-30,226.0500030517578,233.0,226.0500030517578,231.4499969482422,3821128
2011-05-31,230.14999389648438,239.6999969482422,230.14999389648438,238.9499969482422,4977091
2011-06-01,240.0500030517578,240.5500030517578,233.25,236.9499969482422,3592824
2011-06-02,232.75,237.85000610351562,230.14999389648438,236.35000610351562,3813464
2011-06-03,235.6999969482422,241.14999389648438,232.25,233.6999969482422,4528877
2011-06-06,231.10000610351562,234.0,229.0,232.5,3590741
2011-06-07,232.0,236.25,230.3000030517578,234.5500030517578,3522077
2011-06-08,233.60000610351562,237.6999969482422,231.5,234.9499969482422,3733820
2011-06-09,235.0,236.8000030517578,231.75,235.60000610351562,3014645
2011-06-10,236.1999969482422,237.5,230.1999969482422,231.0500030517578,3892070
2011-06-13,230.60000610351562,231.89999389648438,226.25,229.14999389648438,3161001
2011-06-14,231.0,234.5,228.6999969482422,232.0500030517578,3061011
2011-06-15,232.5,232.5,223.60000610351562,225.10000610351562,3247956
2011-06-16,222.0,228.10000610351562,221.0,224.14999389648438,4637342
2011-06-17,225.0,226.85000610351562,222.1999969482422,224.5500030517578,2795288
2011-06-20,225.9499969482422,226.39999389648438,217.25,219.0500030517578,3897568
2011-06-21,220.9499969482422,222.0,211.3000030517578,212.14999389648438,5170525
2011-06-22,214.0,214.8000030517578,209.0500030517578,210.5,4258797
2011-06-23,209.0,213.60000610351562,206.10000610351562,210.0500030517578,7756138
2011-06-24,212.0,217.25,210.75,216.39999389648438,8484621
2011-06-27,215.0,221.10000610351562,213.60000610351562,214.4499969482422,6268541
2011-06-28,216.1999969482422,216.35000610351562,209.0,210.14999389648438,7723909
2011-06-29,211.5,213.5,207.64999389648438,209.10000610351562,10227929
2011-06-30,211.5,212.39999389648438,210.0,210.4499969482422,11032815
2011-07-01,212.6999969482422,221.0,212.6999969482422,220.3000030517578,18917184
2011-07-04,224.1999969482422,235.3000030517578,223.0,233.60000610351562,15308187
2011-07-05,232.3000030517578,232.3000030517578,228.5,230.89999389648438,4216053
2011-07-06,230.0,234.75,227.35000610351562,230.60000610351562,5124294
2011-07-07,231.6999969482422,234.5,186.0,234.0,5385371
2011-07-08,236.0,242.5,234.75,237.14999389648438,10235190
2011-07-11,235.9499969482422,236.0,228.64999389648438,229.60000610351562,3451366
2011-07-12,227.0,227.35000610351562,217.75,220.64999389648438,5722729
2011-07-13,221.89999389648438,229.35000610351562,221.5,227.1999969482422,4243909
2011-07-14,225.64999389648438,238.0,224.39999389648438,233.89999389648438,7785144
2011-07-15,236.0,239.89999389648438,230.1999969482422,233.0500030517578,6303429
2011-07-18,233.0,238.4499969482422,231.60000610351562,234.89999389648438,4432317
2011-07-19,234.8000030517578,240.5,230.39999389648438,239.85000610351562,8105681
2011-07-20,241.0500030517578,245.89999389648438,241.0500030517578,244.14999389648438,8185187
2011-07-21,244.35000610351562,245.9499969482422,238.64999389648438,241.4499969482422,5976066
2011-07-22,243.0500030517578,244.5,237.64999389648438,241.0500030517578,5421618
2011-07-25,239.60000610351562,245.89999389648438,237.64999389648438,243.89999389648438,3843188
2011-07-26,244.85000610351562,247.89999389648438,232.35000610351562,234.0,9915375
2011-07-27,233.1999969482422,237.85000610351562,231.5500030517578,237.1999969482422,8159048
2011-07-28,234.75,237.5,229.64999389648438,233.3000030517578,3858198
2011-07-29,231.39999389648438,236.0,227.35000610351562,231.0,8311617
2011-08-01,233.3000030517578,237.8000030517578,229.25,230.60000610351562,3649008
2011-08-02,228.85000610351562,229.8000030517578,224.0,227.8000030517578,5186582
2011-08-03,219.39999389648438,223.9499969482422,215.1999969482422,222.0500030517578,8629249
2011-08-04,224.0,226.25,217.14999389648438,218.10000610351562,7175221
2011-08-05,211.10000610351562,213.85000610351562,203.39999389648438,210.25,7227562
2011-08-08,204.39999389648438,205.60000610351562,193.3000030517578,195.8000030517578,13728388
2011-08-09,186.9499969482422,203.89999389648438,185.0,200.5500030517578,13315572
2011-08-10,205.39999389648438,211.8000030517578,205.39999389648438,210.14999389648438,6409529
2011-08-11,207.6999969482422,209.0,204.0,206.14999389648438,5280314
2011-08-12,209.0,209.8000030517578,198.64999389648438,200.1999969482422,5766599
2011-08-16,203.5,204.39999389648438,187.0,188.85000610351562,11638825
2011-08-17,185.0,185.4499969482422,173.25,177.0,14500195
2011-08-18,177.0,177.0,177.0,177.0,0
2011-08-19,179.39999389648438,187.9499969482422,175.5500030517578,186.89999389648438,9199288
2011-08-22,188.5,190.0,181.14999389648438,182.6999969482422,8813301
2011-08-23,184.64999389648438,186.5,180.4499969482422,182.1999969482422,5714584
2011-08-24,182.89999389648438,185.8000030517578,180.25,181.89999389648438,3188218
2011-08-25,183.14999389648438,189.0,180.8000030517578,187.10000610351562,5905167
2011-08-26,186.0,187.39999389648438,175.0,176.10000610351562,4938390
2011-08-29,179.60000610351562,185.75,178.5,184.39999389648438,3734883
2011-08-30,188.39999389648438,198.4499969482422,188.0,196.75,6621187
2011-09-02,194.25,209.89999389648438,191.0500030517578,207.85000610351562,10297314
2011-09-05,202.1999969482422,209.0,200.8000030517578,207.8000030517578,8441141
2011-09-06,205.89999389648438,206.0,194.60000610351562,198.6999969482422,9704840
2011-09-07,200.39999389648438,207.5,198.1999969482422,203.9499969482422,10399647
2011-09-08,205.3000030517578,207.39999389648438,203.10000610351562,205.0,4757140
2011-09-09,205.25,205.6999969482422,199.5,200.4499969482422,5573015
2011-09-12,196.8000030517578,199.39999389648438,194.64999389648438,195.14999389648438,5234021
2011-09-13,197.0,202.39999389648438,196.64999389648438,199.64999389648438,5685611
2011-09-14,200.89999389648438,201.85000610351562,195.10000610351562,199.89999389648438,4518646
2011-09-15,200.0,209.35000610351562,200.0,208.1999969482422,5984371
2011-09-16,211.0500030517578,213.5500030517578,207.10000610351562,209.25,7107714
2011-09-19,207.0500030517578,207.9499969482422,201.10000610351562,205.1999969482422,4012114
2011-09-20,205.0500030517578,213.25,204.0,212.14999389648438,5635593
2011-09-21,212.0,215.5,210.10000610351562,213.14999389648438,4945553
2011-09-22,207.25,208.1999969482422,196.10000610351562,197.89999389648438,5215158
2011-09-23,193.8000030517578,200.6999969482422,191.0500030517578,197.5,6492548
2011-09-26,197.5,205.39999389648438,192.0,201.4499969482422,5247845
2011-09-27,205.9499969482422,218.89999389648438,205.5500030517578,217.9499969482422,7901295
2011-09-28,217.8000030517578,225.4499969482422,213.10000610351562,224.4499969482422,13609864
2011-09-29,220.0500030517578,225.8000030517578,217.35000610351562,223.6999969482422,8755422
2011-09-30,220.1999969482422,224.64999389648438,217.3000030517578,218.89999389648438,5438709
2011-10-03,214.0,214.0,199.0,200.75,5418336
2011-10-04,197.0,204.75,196.5,200.5,6941464
2011-10-05,202.89999389648438,209.39999389648438,202.0500030517578,206.4499969482422,5829929
2011-10-07,215.0,220.75,213.3000030517578,218.10000610351562,5385630
2011-10-10,214.60000610351562,229.3000030517578,214.3000030517578,228.64999389648438,7800952
2011-10-11,230.0,235.3000030517578,226.25,229.4499969482422,7010443
2011-10-12,229.25,237.6999969482422,225.1999969482422,236.39999389648438,8936351
2011-10-13,237.3000030517578,242.6999969482422,233.0500030517578,238.5,10099298
2011-10-14,235.1999969482422,235.60000610351562,228.5,231.60000610351562,8366074
2011-10-17,232.0,238.5,231.8000030517578,235.85000610351562,5011687
2011-10-18,230.10000610351562,232.0,226.10000610351562,229.6999969482422,4014401
2011-10-19,233.5,240.25,233.10000610351562,239.25,4359021
2011-10-20,235.0,237.0,228.5,230.60000610351562,5207510
2011-10-21,224.5500030517578,229.39999389648438,222.3000030517578,224.89999389648438,5963105
2011-10-24,228.89999389648438,233.0500030517578,226.64999389648438,228.1999969482422,3692446
2011-10-25,229.6999969482422,232.6999969482422,224.5,230.10000610351562,7000421
2011-10-28,235.64999389648438,251.0,235.64999389648438,248.8000030517578,6577630
2011-10-31,246.89999389648438,248.35000610351562,240.10000610351562,242.14999389648438,4715055
2011-11-01,238.64999389648438,242.0,234.6999969482422,236.89999389648438,3722491
2011-11-02,232.10000610351562,239.64999389648438,232.0,235.4499969482422,3828266
2011-11-03,234.0,248.0,233.0500030517578,245.64999389648438,6343103
2011-11-04,248.5500030517578,251.35000610351562,244.25,247.60000610351562,4682219
2011-11-08,247.0,249.5500030517578,238.39999389648438,242.75,5019274
2011-11-09,243.0,244.0500030517578,231.5500030517578,233.3000030517578,5713792
2011-11-11,229.0,231.39999389648438,224.3000030517578,227.5,5723076
2011-11-14,232.6999969482422,234.4499969482422,221.89999389648438,223.39999389648438,3676761
2011-11-15,223.39999389648438,223.39999389648438,205.6999969482422,207.35000610351562,9133896
2011-11-16,206.9499969482422,214.85000610351562,204.3000030517578,210.75,7922727
2011-11-17,213.0,215.8000030517578,202.1999969482422,203.5,6529987
2011-11-18,202.9499969482422,206.3000030517578,197.10000610351562,204.14999389648438,8588401
2011-11-21,202.39999389648438,206.6999969482422,193.1999969482422,195.75,6708459
2011-11-22,197.39999389648438,203.0,195.14999389648438,201.5,7970745
2011-11-23,198.89999389648438,200.75,194.5,195.64999389648438,5571649
2011-11-24,197.4499969482422,199.64999389648438,190.64999389648438,197.89999389648438,5596273
2011-11-25,196.10000610351562,211.1999969482422,195.0,203.6999969482422,8704587
2011-11-28,207.89999389648438,211.60000610351562,207.3000030517578,209.60000610351562,4494770
2011-11-29,210.0,211.0,201.10000610351562,202.64999389648438,4924153
2011-11-30,200.89999389648438,209.85000610351562,198.75,208.0500030517578,7812600
2011-12-01,215.0,219.89999389648438,214.0,218.5,6459088
2011-12-02,215.35000610351562,224.89999389648438,215.35000610351562,223.4499969482422,6201448
2011-12-05,224.0,227.3000030517578,220.35000610351562,222.39999389648438,4883017
2011-12-07,224.0,227.25,222.39999389648438,225.1999969482422,4247108
2011-12-08,224.0,224.75,214.0500030517578,215.6999969482422,5261453
2011-12-09,210.39999389648438,216.60000610351562,208.60000610351562,213.85000610351562,5184017
2011-12-12,217.0,218.0,203.0500030517578,204.39999389648438,5540816
2011-12-13,201.4499969482422,211.0,200.5,208.10000610351562,5522946
2011-12-14,208.89999389648438,209.6999969482422,199.25,200.8000030517578,6678050
2011-12-15,199.10000610351562,204.0,196.10000610351562,202.89999389648438,5463934
2011-12-16,204.25,207.4499969482422,192.6999969482422,194.9499969482422,5449492
2011-12-19,193.6999969482422,193.6999969482422,184.25,189.4499969482422,6407143
2011-12-20,190.39999389648438,193.3000030517578,183.85000610351562,185.25,7288079
2011-12-21,191.89999389648438,192.75,184.3000030517578,188.5,6589784
2011-12-22,187.5,199.35000610351562,185.8000030517578,197.64999389648438,6423633
2011-12-23,199.0,201.8000030517578,192.5,193.9499969482422,6236335
2011-12-26,194.0500030517578,198.1999969482422,194.0,196.5500030517578,3645633
2011-12-27,195.5,198.75,190.10000610351562,191.25,4555620
2011-12-28,190.5,194.89999389648438,186.60000610351562,192.60000610351562,5126088
2011-12-29,193.0,194.10000610351562,185.5500030517578,186.64999389648438,5678798
2011-12-30,187.5,189.39999389648438,181.5500030517578,183.10000610351562,6179192
2012-01-02,184.6999969482422,184.6999969482422,175.8000030517578,179.1999969482422,6176625
2012-01-03,182.5500030517578,192.5,181.60000610351562,191.4499969482422,6902074
2012-01-04,191.4499969482422,191.5,185.64999389648438,187.10000610351562,7329442
2012-01-05,186.0,187.39999389648438,178.60000610351562,179.89999389648438,13201636
2012-01-06,178.0,178.5500030517578,172.8000030517578,174.5500030517578,10427073
2012-01-09,176.89999389648438,179.0,173.85000610351562,177.89999389648438,7558746
2012-01-10,178.89999389648438,186.89999389648438,177.89999389648438,184.75,36277412
2012-01-11,186.0,194.60000610351562,185.14999389648438,190.89999389648438,27557434
2012-01-12,190.39999389648438,195.6999969482422,189.14999389648438,191.85000610351562,10066655
2012-01-13,193.4499969482422,200.85000610351562,192.5,196.60000610351562,12260771
2012-01-16,194.0500030517578,195.75,191.3000030517578,193.3000030517578,5559572
2012-01-17,194.35000610351562,202.5,194.25,198.14999389648438,8727951
2012-01-18,198.85000610351562,204.3000030517578,197.14999389648438,201.5500030517578,10112105
2012-01-19,204.10000610351562,211.60000610351562,204.10000610351562,210.35000610351562,9919943
2012-01-20,213.5,217.0,211.60000610351562,214.0,13705320
2012-01-23,214.0500030517578,220.64999389648438,211.8000030517578,219.3000030517578,6479862
2012-01-24,220.5,224.39999389648438,214.6999969482422,218.9499969482422,10770480
2012-01-25,219.25,222.3000030517578,218.14999389648438,219.14999389648438,7702357
2012-01-27,220.60000610351562,224.5,210.8000030517578,211.60000610351562,10715549
2012-01-30,210.60000610351562,213.0,204.1999969482422,205.0,8024582
2012-01-31,207.0,217.5,206.35000610351562,216.0500030517578,6932667
2012-02-01,216.10000610351562,220.0,209.64999389648438,217.10000610351562,8647480
2012-02-02,220.0,229.0,216.1999969482422,226.35000610351562,14238741
2012-02-03,227.0500030517578,231.89999389648438,224.35000610351562,230.85000610351562,7704088
2012-02-06,233.5,240.6999969482422,231.60000610351562,235.0500030517578,9147417
2012-02-07,237.5,237.5500030517578,228.0,228.75,5815506
2012-02-08,229.60000610351562,237.89999389648438,229.4499969482422,236.0,6438194
2012-02-09,232.9499969482422,239.35000610351562,228.8000030517578,232.85000610351562,13000555
2012-02-10,234.39999389648438,234.39999389648438,224.0,230.89999389648438,9838887
2012-02-13,226.3000030517578,232.25,218.5,230.35000610351562,9587690
2012-02-14,230.0,235.5,229.25,234.60000610351562,7563041
2012-02-15,238.0,250.5,237.10000610351562,248.85000610351562,9675750
2012-02-16,246.6999969482422,254.6999969482422,244.5500030517578,250.1999969482422,8123372
2012-02-17,255.0,259.8500061035156,252.10000610351562,253.89999389648438,7943169
2012-02-21,252.8000030517578,260.6499938964844,251.1999969482422,258.29998779296875,6988112
2012-02-22,259.5,261.20001220703125,236.0,238.35000610351562,8499051
2012-02-23,239.6999969482422,244.3000030517578,229.64999389648438,235.10000610351562,11055547
2012-02-24,237.0,239.85000610351562,225.0,226.8000030517578,6817972
2012-02-27,227.25,227.39999389648438,213.3000030517578,214.89999389648438,7496268
2012-02-28,217.0,227.8000030517578,216.60000610351562,225.85000610351562,6061987
2012-02-29,229.6999969482422,232.6999969482422,223.60000610351562,226.5,6986057
2012-03-01,223.60000610351562,225.0,197.14999389648438,214.0500030517578,25567740
2012-03-02,210.0,210.0,199.6999969482422,203.85000610351562,23796712
2012-03-05,203.0,203.0,190.60000610351562,192.0500030517578,10744324
2012-03-06,190.5,204.64999389648438,186.5,197.75,18277358
2012-03-07,197.0,201.8000030517578,192.25,199.5500030517578,13880606
2012-03-09,205.0,206.5,201.60000610351562,204.0500030517578,7564204
2012-03-12,207.10000610351562,209.4499969482422,200.0,204.3000030517578,8774848
2012-03-13,207.0,211.4499969482422,205.60000610351562,207.6999969482422,7991018
2012-03-14,212.0,212.3000030517578,204.0500030517578,205.75,6288313
2012-03-15,204.5500030517578,204.8000030517578,194.3000030517578,195.64999389648438,9879934
2012-03-16,198.0,201.8000030517578,193.5,196.3000030517578,10350424
2012-03-19,196.0,198.5,190.8000030517578,193.0500030517578,9078399
2012-03-20,193.25,197.0,192.0,195.64999389648438,5748499
2012-03-21,195.0500030517578,204.60000610351562,193.39999389648438,203.5500030517578,7886462
2012-03-22,201.85000610351562,205.6999969482422,192.60000610351562,193.25,7613011
2012-03-23,195.5,198.3000030517578,192.1999969482422,196.25,5742623
2012-03-26,195.85000610351562,197.0,188.5,189.1999969482422,6682055
2012-03-27,194.0,198.6999969482422,191.14999389648438,197.6999969482422,8705453
2012-03-28,195.35000610351562,198.5,194.25,197.8000030517578,5449270
2012-03-29,193.3000030517578,199.89999389648438,193.3000030517578,198.3000030517578,6707470
2012-03-30,200.0,203.5,199.5,201.75,5326507
2012-04-02,201.5,209.6999969482422,200.0,208.0,6892336
2012-04-03,209.0500030517578,211.0,206.14999389648438,207.4499969482422,4564858
2012-04-04,206.5,206.5,201.14999389648438,204.39999389648438,4000404
2012-04-09,201.8000030517578,207.6999969482422,201.0,205.9499969482422,5812811
2012-04-10,207.0,207.5500030517578,202.10000610351562,203.89999389648438,3844882
2012-04-11,201.0,205.35000610351562,200.1999969482422,201.5,4414090
2012-04-12,202.10000610351562,204.9499969482422,197.3000030517578,199.60000610351562,5927158
2012-04-13,201.0,204.35000610351562,196.3000030517578,197.89999389648438,4508231
2012-04-16,196.14999389648438,201.8000030517578,196.0,199.1999969482422,4467264
2012-04-17,199.6999969482422,205.89999389648438,197.5,205.0500030517578,7195532
2012-04-18,206.5,207.6999969482422,199.5,200.8000030517578,5217578
2012-04-19,200.3000030517578,203.3000030517578,197.6999969482422,200.64999389648438,5734004
2012-04-20,199.0,202.64999389648438,195.3000030517578,197.25,4707640
2012-04-23,195.0,196.3000030517578,188.0500030517578,189.0500030517578,6073815
2012-04-24,188.25,189.85000610351562,183.60000610351562,186.3000030517578,5574715
2012-04-25,184.25,187.89999389648438,182.6999969482422,186.0500030517578,4239641
2012-04-26,188.0,188.0,181.0500030517578,181.64999389648438,6237600
2012-04-27,181.75,184.60000610351562,174.85000610351562,181.5,9036697
2012-04-30,181.10000610351562,189.4499969482422,181.10000610351562,187.0,5449295
2012-05-02,187.35000610351562,193.89999389648438,187.35000610351562,192.89999389648438,7208787
2012-05-03,190.89999389648438,191.4499969482422,185.89999389648438,187.3000030517578,4888259
2012-05-04,185.14999389648438,185.5,178.5,182.5,5615154
2012-05-07,179.0,192.1999969482422,177.0,189.8000030517578,7133486
2012-05-08,191.0,196.4499969482422,188.10000610351562,189.85000610351562,8326436
2012-05-09,188.0,188.0,180.89999389648438,181.89999389648438,4648041
2012-05-10,183.89999389648438,188.8000030517578,183.0,186.14999389648438,5585851
2012-05-11,185.60000610351562,190.8000030517578,181.25,187.3000030517578,5160779
2012-05-14,188.8000030517578,189.6999969482422,180.75,182.5500030517578,4589692
2012-05-15,181.0,188.0,179.75,187.10000610351562,4841345
2012-05-16,184.0,184.5500030517578,180.1999969482422,181.6999969482422,4328346
2012-05-17,182.39999389648438,187.8000030517578,182.39999389648438,184.8000030517578,5379760
2012-05-18,182.0,187.14999389648438,181.0,185.85000610351562,4791669
2012-05-21,188.1999969482422,191.75,187.85000610351562,189.60000610351562,3004381
2012-05-22,192.4499969482422,193.39999389648438,184.6999969482422,186.0500030517578,4471135
2012-05-23,184.89999389648438,185.75,182.35000610351562,183.89999389648438,3045923
2012-05-24,185.10000610351562,187.89999389648438,181.0,184.8000030517578,3758292
2012-05-25,184.25,189.5500030517578,184.10000610351562,188.39999389648438,3360578
2012-05-28,189.0,190.9499969482422,185.8000030517578,189.10000610351562,3638360
2012-05-29,189.60000610351562,190.8000030517578,186.60000610351562,188.1999969482422,3740800
2012-05-30,186.9499969482422,186.9499969482422,181.60000610351562,183.4499969482422,4146181
2012-05-31,178.75,186.0,177.8000030517578,184.60000610351562,5963685
2012-06-01,183.89999389648438,185.10000610351562,181.0,182.60000610351562,2971994
2012-06-04,180.39999389648438,187.35000610351562,169.75,186.0,9533145
2012-06-05,187.0,187.35000610351562,182.0,183.0,5053439
2012-06-06,184.75,189.25,184.4499969482422,188.1999969482422,4755893
2012-06-07,190.0,195.3000030517578,188.64999389648438,194.10000610351562,5919746
2012-06-08,193.5,197.25,191.0500030517578,196.39999389648438,8198581
2012-06-11,197.5,199.8000030517578,191.64999389648438,193.0500030517578,5401022
2012-06-12,191.25,198.9499969482422,190.8000030517578,198.0,5252430
2012-06-13,199.0,199.4499969482422,194.4499969482422,195.75,4475917
2012-06-14,197.1999969482422,197.1999969482422,190.5500030517578,191.4499969482422,3221426
2012-06-15,193.35000610351562,197.5,192.10000610351562,196.85000610351562,3804497
2012-06-18,198.14999389648438,201.25,186.5500030517578,187.5,6834603
2012-06-19,187.0,190.1999969482422,183.5500030517578,188.6999969482422,6863881
2012-06-20,187.85000610351562,188.89999389648438,185.0,186.4499969482422,5034906
2012-06-21,185.39999389648438,194.6999969482422,184.89999389648438,194.0,7078592
2012-06-22,190.5,195.4499969482422,188.5500030517578,193.64999389648438,6378484
2012-06-25,195.9499969482422,197.5,190.0,190.8000030517578,4577307
2012-06-26,192.0,192.6999969482422,188.85000610351562,191.1999969482422,3075250
2012-06-27,192.35000610351562,193.75,190.75,192.14999389648438,2966745
2012-06-28,193.8000030517578,195.39999389648438,191.3000030517578,194.4499969482422,3836135
2012-06-29,196.75,200.0,196.3000030517578,198.5500030517578,4041934
2012-07-02,199.9499969482422,206.3000030517578,198.0,204.5500030517578,6102791
2012-07-03,206.5,214.60000610351562,206.0,213.1999969482422,9199951
2012-07-04,214.0,218.3000030517578,212.25,216.89999389648438,8154571
2012-07-05,216.64999389648438,217.39999389648438,213.10000610351562,214.8000030517578,3808846
2012-07-06,213.1999969482422,214.0500030517578,209.5,211.35000610351562,3578815
2012-07-09,210.75,214.8000030517578,209.5500030517578,213.6999969482422,7178752
2012-07-10,215.0,215.75,212.0,214.5500030517578,5265109
2012-07-11,213.39999389648438,214.4499969482422,209.5500030517578,210.35000610351562,3979801
2012-07-12,208.89999389648438,211.8000030517578,206.1999969482422,210.75,4711682
2012-07-13,211.8000030517578,212.60000610351562,207.14999389648438,208.14999389648438,3523360
2012-07-16,209.64999389648438,210.39999389648438,203.85000610351562,205.35000610351562,4539094
2012-07-17,206.3000030517578,207.75,201.64999389648438,202.5500030517578,3954528
2012-07-18,202.3000030517578,206.60000610351562,200.10000610351562,205.64999389648438,4870965
2012-07-19,207.6999969482422,209.89999389648438,206.25,207.0,3473171
2012-07-20,206.25,207.3000030517578,203.35000610351562,204.64999389648438,2370437
2012-07-23,202.0,202.5,197.64999389648438,198.39999389648438,2932792
2012-07-24,198.5,202.5,196.85000610351562,200.75,3738197
2012-07-25,200.0,205.39999389648438,198.0500030517578,203.85000610351562,4795493
2012-07-26,204.5,205.25,195.0,197.14999389648438,4509500
2012-07-27,199.1999969482422,202.89999389648438,192.60000610351562,194.0,4165090
2012-07-30,195.5,202.6999969482422,194.10000610351562,201.6999969482422,4352540
2012-07-31,202.3000030517578,209.5500030517578,199.60000610351562,209.0500030517578,8449198
2012-08-01,209.0,210.9499969482422,206.60000610351562,208.8000030517578,3731501
2012-08-02,207.5500030517578,210.39999389648438,206.0500030517578,208.10000610351562,3379625
2012-08-03,206.64999389648438,208.3000030517578,202.5,207.4499969482422,3459705
2012-08-06,209.0,213.3000030517578,207.8000030517578,211.25,7244492
2012-08-07,211.89999389648438,220.0,211.0,217.14999389648438,8785383
2012-08-08,219.39999389648438,219.64999389648438,211.25,212.1999969482422,4951475
2012-08-09,213.75,215.14999389648438,208.25,210.75,3419041
2012-08-10,210.0,211.75,208.39999389648438,210.35000610351562,3504947
2012-08-13,210.85000610351562,218.64999389648438,210.10000610351562,217.6999969482422,3484657
2012-08-14,218.0,219.10000610351562,213.0500030517578,216.39999389648438,4446713
2012-08-16,217.0500030517578,219.39999389648438,215.0,215.85000610351562,3198498
2012-08-17,215.0,215.75,206.85000610351562,209.0,6560839
2012-08-21,210.0,217.0,208.39999389648438,216.10000610351562,4407371
2012-08-22,214.5,217.85000610351562,213.64999389648438,214.9499969482422,3573926
2012-08-23,215.64999389648438,216.4499969482422,211.25,214.1999969482422,4000451
2012-08-24,212.8000030517578,214.39999389648438,207.10000610351562,207.6999969482422,4347071
2012-08-27,207.0,208.25,200.0,200.9499969482422,4407344
2012-08-28,201.10000610351562,203.64999389648438,197.5500030517578,200.64999389648438,7480729
2012-08-29,202.60000610351562,202.89999389648438,190.0,190.85000610351562,6946300
2012-08-30,190.0,199.89999389648438,188.14999389648438,198.5500030517578,9352816
2012-08-31,195.64999389648438,199.35000610351562,192.75,195.0500030517578,4768458
2012-09-03,196.0,198.5,192.6999969482422,194.4499969482422,3166474
2012-09-04,193.64999389648438,198.35000610351562,193.64999389648438,197.1999969482422,3757299
2012-09-05,195.0,196.5,191.64999389648438,193.0500030517578,3675472
2012-09-06,192.0,195.4499969482422,191.75,192.60000610351562,2892889
2012-09-07,197.5,204.0,196.5,203.4499969482422,7754952
2012-09-10,204.0,205.14999389648438,200.25,202.3000030517578,3318547
2012-09-11,200.89999389648438,201.39999389648438,197.8000030517578,200.6999969482422,3468283
2012-09-12,202.60000610351562,203.89999389648438,199.14999389648438,202.6999969482422,3516820
2012-09-13,203.0,203.25,200.10000610351562,202.0,2847746
2012-09-14,205.25,218.0,205.25,216.60000610351562,7827033
2012-09-17,220.0,234.14999389648438,219.10000610351562,231.60000610351562,11782049
2012-09-18,229.89999389648438,231.1999969482422,225.3000030517578,226.89999389648438,6949400
2012-09-20,225.0,233.5,222.14999389648438,230.25,10569447
2012-09-21,231.0,239.39999389648438,231.0,235.25,7819090
2012-09-24,233.89999389648438,241.85000610351562,233.35000610351562,234.89999389648438,6944048
2012-09-25,236.0,239.89999389648438,230.75,235.85000610351562,7568452
2012-09-26,234.64999389648438,240.35000610351562,231.8000030517578,233.85000610351562,8760829
2012-09-27,234.75,237.64999389648438,232.10000610351562,236.39999389648438,6136695
2012-09-28,238.3000030517578,244.6999969482422,232.25,233.25,9687170
2012-10-01,235.0,235.39999389648438,226.60000610351562,229.0,9886128
2012-10-03,230.14999389648438,232.1999969482422,227.10000610351562,228.8000030517578,7759519
2012-10-04,230.5,242.8000030517578,230.35000610351562,241.10000610351562,10918229
2012-10-05,244.5,244.9499969482422,225.89999389648438,241.89999389648438,9273996
2012-10-08,237.0,237.0,223.0,224.3000030517578,19451948
2012-10-09,221.5500030517578,225.75,219.10000610351562,224.1999969482422,12880633
2012-10-10,219.64999389648438,219.64999389648438,211.85000610351562,213.10000610351562,12994735
2012-10-11,212.1999969482422,222.8000030517578,212.1999969482422,221.1999969482422,10578182
2012-10-12,220.3000030517578,223.64999389648438,217.10000610351562,218.75,7442713
2012-10-15,218.0,219.10000610351562,214.75,217.3000030517578,5377868
2012-10-16,218.89999389648438,220.89999389648438,206.8000030517578,208.0,9922613
2012-10-17,206.4499969482422,210.75,199.6999969482422,201.10000610351562,18621736
2012-10-18,203.89999389648438,207.3000030517578,201.14999389648438,205.14999389648438,10626817
2012-10-19,203.0,208.39999389648438,202.85000610351562,206.10000610351562,7675982
2012-10-22,204.0,207.75,203.5500030517578,207.10000610351562,4421923
2012-10-23,207.5,209.25,204.39999389648438,205.4499969482422,4459631
2012-10-25,206.0,206.8000030517578,201.3000030517578,204.64999389648438,6119829
2012-10-29,201.14999389648438,206.64999389648438,201.14999389648438,203.5,3089330
2012-10-30,203.14999389648438,205.64999389648438,197.10000610351562,199.10000610351562,4535364
2012-10-31,199.0500030517578,203.39999389648438,195.5,202.8000030517578,5383242
2012-11-01,202.10000610351562,205.0,201.5500030517578,204.35000610351562,3585338
2012-11-02,207.0,208.10000610351562,204.4499969482422,205.39999389648438,3842996
2012-11-05,204.9499969482422,205.10000610351562,201.5500030517578,202.8000030517578,2978703
2012-11-06,202.0,207.0,201.75,206.60000610351562,3751399
2012-11-07,205.5500030517578,212.75,205.5500030517578,211.5,6617262
2012-11-08,208.8000030517578,214.60000610351562,207.64999389648438,214.0,5237321
2012-11-09,214.75,217.39999389648438,209.85000610351562,211.14999389648438,5259694
2012-11-12,211.0,211.0,204.39999389648438,205.5,5314149
2012-11-15,200.1999969482422,210.39999389648438,199.5,209.25,5779357
2012-11-16,208.1999969482422,213.14999389648438,201.60000610351562,203.60000610351562,6964767
2012-11-19,203.6999969482422,205.75,200.5,204.5500030517578,4888172
2012-11-20,205.3000030517578,207.1999969482422,198.75,199.6999969482422,6226858
2012-11-21,199.89999389648438,203.35000610351562,196.89999389648438,201.8000030517578,5574408
2012-11-22,202.6999969482422,203.85000610351562,199.1999969482422,201.0500030517578,5162442
2012-11-23,201.1999969482422,202.39999389648438,197.5,200.6999969482422,4581229
2012-11-26,201.3000030517578,202.0,199.1999969482422,200.3000030517578,3897177
2012-11-27,201.6999969482422,206.8000030517578,200.8000030517578,205.3000030517578,5393253
2012-11-29,206.0,210.25,205.9499969482422,208.5500030517578,6083452
2012-11-30,210.0,212.0,207.5,209.8000030517578,7549741
2012-12-03,212.0500030517578,212.10000610351562,209.25,210.35000610351562,4647943
2012-12-04,209.60000610351562,214.89999389648438,209.35000610351562,212.8000030517578,7067458
2012-12-05,214.8000030517578,223.9499969482422,213.89999389648438,222.3000030517578,16432303
2012-12-06,224.85000610351562,227.4499969482422,220.0,226.64999389648438,13102055
2012-12-07,227.5,229.0,218.10000610351562,220.1999969482422,11146110
2012-12-10,221.89999389648438,225.3000030517578,219.6999969482422,222.0,7323508
2012-12-11,223.0,225.25,214.5500030517578,217.85000610351562,6688993
2012-12-12,219.6999969482422,219.75,215.6999969482422,217.35000610351562,4839942
2012-12-13,218.3000030517578,220.4499969482422,213.35000610351562,214.4499969482422,6155094
2012-12-14,215.60000610351562,219.1999969482422,215.60000610351562,217.35000610351562,5232994
2012-12-17,218.0,219.6999969482422,216.75,217.85000610351562,3373599
2012-12-18,217.6999969482422,224.0,215.5,223.4499969482422,7970330
2012-12-19,225.35000610351562,228.39999389648438,223.0500030517578,225.3000030517578,12355664
2012-12-20,224.14999389648438,227.5500030517578,220.3000030517578,225.89999389648438,8435557
2012-12-21,223.85000610351562,227.60000610351562,218.75,219.4499969482422,8129243
2012-12-24,220.89999389648438,224.25,219.75,223.39999389648438,4490902
2012-12-26,224.39999389648438,226.89999389648438,223.85000610351562,225.64999389648438,4740258
2012-12-27,226.39999389648438,227.0,222.39999389648438,225.0500030517578,5389642
2012-12-28,226.89999389648438,227.0,223.3000030517578,224.89999389648438,3012230
2012-12-31,225.10000610351562,232.3000030517578,225.0,230.60000610351562,6874418
2013-01-01,233.64999389648438,236.0,231.85000610351562,235.35000610351562,5530027
2013-01-02,237.10000610351562,239.0,234.0,235.1999969482422,4794908
2013-01-03,236.85000610351562,240.6999969482422,233.5500030517578,238.89999389648438,5511609
2013-01-04,234.75,238.39999389648438,233.60000610351562,237.75,4855432
2013-01-07,236.5,238.75,233.5,235.0500030517578,3080593
2013-01-08,234.3000030517578,237.60000610351562,232.5500030517578,237.10000610351562,3494795
2013-01-09,236.9499969482422,239.60000610351562,232.64999389648438,233.64999389648438,3921152
2013-01-10,235.39999389648438,236.35000610351562,231.60000610351562,233.6999969482422,3315463
2013-01-11,234.0,234.89999389648438,229.60000610351562,230.4499969482422,2911277
2013-01-14,231.60000610351562,248.85000610351562,230.4499969482422,247.1999969482422,10448065
2013-01-15,249.3000030517578,254.5,246.8000030517578,252.9499969482422,11980482
2013-01-16,252.3000030517578,253.39999389648438,247.5,248.5500030517578,8357338
2013-01-17,249.64999389648438,259.3500061035156,248.5,257.5,7178146
2013-01-18,258.70001220703125,263.75,254.1999969482422,262.70001220703125,7874531
2013-01-21,260.0,261.8999938964844,254.25,256.3500061035156,5780174
2013-01-22,256.75,258.79998779296875,249.60000610351562,253.35000610351562,4645198
2013-01-23,255.10000610351562,258.6000061035156,247.64999389648438,251.1999969482422,7479517
2013-01-24,252.0,257.3999938964844,244.64999389648438,251.75,10754676
2013-01-25,248.0,261.8500061035156,245.5500030517578,259.75,9173123
2013-01-28,261.95001220703125,268.25,261.45001220703125,266.70001220703125,7365727
2013-01-29,267.0,273.3500061035156,260.79998779296875,263.5,13994120
2013-01-30,265.04998779296875,274.8999938964844,264.6499938964844,271.6499938964844,11599253
2013-01-31,272.0,279.3999938964844,271.3999938964844,277.6000061035156,17413600
2013-02-01,277.1000061035156,278.45001220703125,264.29998779296875,267.8999938964844,9840690
2013-02-04,268.8999938964844,276.6000061035156,268.0,270.95001220703125,10289536
2013-02-05,268.70001220703125,275.3999938964844,265.95001220703125,272.95001220703125,9891040
2013-02-06,275.0,277.70001220703125,271.6000061035156,273.6499938964844,8038459
2013-02-07,271.79998779296875,274.79998779296875,267.75,270.20001220703125,8097989
2013-02-08,270.8999938964844,272.75,267.70001220703125,268.79998779296875,5179999
2013-02-11,269.1499938964844,273.75,268.04998779296875,271.45001220703125,4687591
2013-02-12,270.0,273.3500061035156,263.1000061035156,267.5,5456668
2013-02-13,268.0,270.3999938964844,255.6999969482422,258.3999938964844,5909574
2013-02-14,259.6000061035156,261.75,251.85000610351562,253.85000610351562,7938068
2013-02-15,245.0500030517578,252.35000610351562,242.4499969482422,248.6999969482422,8699350
2013-02-18,251.0500030517578,262.8999938964844,251.0500030517578,261.04998779296875,9303527
2013-02-19,263.1000061035156,270.8500061035156,261.3999938964844,270.1000061035156,8117065
2013-02-20,272.0,281.6000061035156,270.70001220703125,279.8500061035156,16358355
2013-02-21,275.70001220703125,279.29998779296875,268.8500061035156,272.45001220703125,17438414
2013-02-22,272.25,283.5,272.25,281.45001220703125,13577503
2013-02-25,282.8500061035156,283.20001220703125,270.79998779296875,271.6499938964844,9267100
2013-02-26,271.5,276.1499938964844,267.3500061035156,269.45001220703125,12650481
2013-02-27,273.3999938964844,279.45001220703125,269.29998779296875,277.45001220703125,7512967
2013-02-28,280.0,287.45001220703125,275.0,277.3500061035156,17918676
2013-03-01,274.0,277.95001220703125,258.20001220703125,259.3500061035156,11239306
2013-03-04,259.04998779296875,260.70001220703125,248.5500030517578,250.6999969482422,7942386
2013-03-05,253.0,260.5,249.8000030517578,259.8999938964844,9402306
2013-03-06,261.79998779296875,272.95001220703125,261.79998779296875,270.1000061035156,12913921
2013-03-07,269.8999938964844,280.29998779296875,266.29998779296875,279.25,14603238
2013-03-08,280.6000061035156,282.45001220703125,273.70001220703125,278.1499938964844,9659053
2013-03-11,279.0,288.6499938964844,276.20001220703125,286.3999938964844,10179831
2013-03-12,287.5,289.25,281.29998779296875,283.5,9283975
2013-03-13,280.95001220703125,284.75,279.04998779296875,280.6000061035156,6353910
2013-03-14,280.0,285.8999938964844,277.1499938964844,284.70001220703125,7067573
2013-03-15,285.20001220703125,286.25,271.5,272.5,10636278
2013-03-18,270.0,271.79998779296875,266.54998779296875,270.04998779296875,5517852
2013-03-19,272.20001220703125,273.8999938964844,257.6499938964844,259.04998779296875,11239011
2013-03-20,259.0,263.8999938964844,246.6999969482422,248.64999389648438,11698168
2013-03-21,249.60000610351562,252.8000030517578,237.0500030517578,239.4499969482422,10486333
2013-03-22,237.60000610351562,239.6999969482422,227.5,230.9499969482422,10728234
2013-03-25,236.39999389648438,246.89999389648438,234.64999389648438,242.14999389648438,13225401
2013-03-26,241.0,241.0,232.60000610351562,236.3000030517578,8687300
2013-03-28,235.0,237.60000610351562,227.89999389648438,234.6999969482422,12962809
2013-04-01,238.0,254.35000610351562,236.60000610351562,253.1999969482422,13591992
2013-04-02,253.1999969482422,258.3500061035156,247.75,255.8000030517578,8708890
2013-04-03,254.0,257.95001220703125,243.3000030517578,244.85000610351562,9312642
2013-04-04,244.0,244.4499969482422,233.5,234.6999969482422,10057368
2013-04-05,236.14999389648438,240.85000610351562,230.0,232.8000030517578,10156851
2013-04-08,234.1999969482422,236.5,231.25,233.5,5808835
2013-04-09,236.3000030517578,237.89999389648438,228.4499969482422,230.0,8234412
2013-04-10,232.0,235.8000030517578,228.64999389648438,235.0500030517578,8279407
2013-04-11,237.9499969482422,249.60000610351562,237.10000610351562,246.8000030517578,12763525
2013-04-12,244.0,249.4499969482422,241.9499969482422,247.39999389648438,6621089
2013-04-15,243.0,249.60000610351562,241.0,242.10000610351562,7006219
2013-04-16,242.6999969482422,246.64999389648438,239.3000030517578,245.0,7835314
2013-04-17,246.6999969482422,251.8000030517578,242.35000610351562,243.0,7736196
2013-04-18,243.0,249.60000610351562,242.5500030517578,248.39999389648438,5624020
2013-04-22,249.6999969482422,253.3000030517578,242.10000610351562,251.0500030517578,8365720
2013-04-23,250.0,253.35000610351562,245.10000610351562,246.89999389648438,5779111
2013-04-25,250.0,250.0,241.5,242.4499969482422,6308811
2013-04-26,242.5,247.5,236.3000030517578,237.85000610351562,6932555
2013-04-29,238.89999389648438,243.3000030517578,235.5500030517578,241.6999969482422,4979274
2013-04-30,243.0,245.1999969482422,234.60000610351562,238.1999969482422,6095969
2013-05-02,235.10000610351562,241.8000030517578,235.10000610351562,238.85000610351562,6605320
2013-05-03,238.0,240.4499969482422,230.0500030517578,231.5,8417685
2013-05-06,230.6999969482422,233.89999389648438,229.10000610351562,232.6999969482422,5925778
2013-05-07,233.25,241.0,233.25,239.35000610351562,7234494
2013-05-08,241.35000610351562,243.5,234.1999969482422,237.35000610351562,8368582
2013-05-09,238.0,239.89999389648438,234.10000610351562,234.89999389648438,4767882
2013-05-10,234.89999389648438,238.60000610351562,231.5,237.3000030517578,6179583
2013-05-13,233.85000610351562,235.75,230.60000610351562,232.0500030517578,4837031
2013-05-14,232.5,237.5,228.35000610351562,230.25,7677972
2013-05-15,233.10000610351562,243.8000030517578,232.4499969482422,241.75,9361115
2013-05-16,242.9499969482422,247.4499969482422,240.75,242.89999389648438,7366115
2013-05-17,243.5,250.8000030517578,241.60000610351562,249.64999389648438,6458964
2013-05-20,251.0,255.0,247.25,248.0500030517578,7911292
2013-05-21,249.0,250.3000030517578,239.64999389648438,240.85000610351562,7195177
2013-05-22,242.0,242.75,224.5500030517578,227.14999389648438,10215830
2013-05-23,226.0,226.0,208.5500030517578,211.0500030517578,15595605
2013-05-24,212.3000030517578,217.60000610351562,205.60000610351562,211.89999389648438,14089201
2013-05-27,213.0,216.3000030517578,209.5,215.3000030517578,7708491
2013-05-28,215.5,216.89999389648438,212.1999969482422,213.89999389648438,7730957
2013-05-29,214.0500030517578,215.14999389648438,208.5,210.5,6212618
2013-05-30,209.35000610351562,209.35000610351562,202.5500030517578,205.75,19002586
2013-05-31,205.0,205.3000030517578,193.10000610351562,194.6999969482422,12310264
2013-06-03,193.75,198.0,191.25,195.3000030517578,11357718
2013-06-04,195.0500030517578,200.3000030517578,191.6999969482422,192.9499969482422,11292643
2013-06-05,191.0,200.39999389648438,188.8000030517578,199.1999969482422,13298535
2013-06-06,196.0,204.60000610351562,195.10000610351562,202.5,11326847
2013-06-07,201.0,205.4499969482422,197.5,198.5,10395379
2013-06-10,200.89999389648438,202.64999389648438,193.8000030517578,196.0,5851664
2013-06-11,194.5,195.0,184.0,187.0500030517578,8999724
2013-06-12,186.10000610351562,192.5,185.10000610351562,189.9499969482422,12051075
2013-06-13,187.64999389648438,190.6999969482422,184.3000030517578,186.75,7219447
2013-06-14,190.5,192.1999969482422,187.8000030517578,189.8000030517578,4946602
2013-06-17,191.9499969482422,192.0,185.10000610351562,189.5500030517578,5950826
2013-06-18,189.5,193.35000610351562,187.10000610351562,188.60000610351562,5900725
2013-06-19,188.39999389648438,190.4499969482422,187.0,189.14999389648438,4099204
2013-06-20,184.25,184.64999389648438,173.25,175.5,19185008
2013-06-21,174.10000610351562,178.39999389648438,170.0500030517578,175.14999389648438,8320689
2013-06-24,173.3000030517578,173.6999969482422,161.1999969482422,164.25,12543753
2013-06-25,165.89999389648438,170.8000030517578,164.10000610351562,166.4499969482422,11792854
2013-06-26,168.8000030517578,170.75,166.6999969482422,168.5500030517578,6653533
2013-06-27,172.64999389648438,177.4499969482422,169.8000030517578,176.1999969482422,8567606
2013-06-28,180.25,182.5,176.8000030517578,181.25,5990702
2013-07-01,180.0,189.85000610351562,179.8000030517578,189.10000610351562,7690952
2013-07-02,188.10000610351562,189.0,182.0500030517578,183.35000610351562,5158582
2013-07-03,179.9499969482422,180.0,174.6999969482422,175.89999389648438,4597300
2013-07-04,178.0,183.3000030517578,173.1999969482422,178.5500030517578,6819023
2013-07-05,181.0,183.3000030517578,175.0500030517578,177.64999389648438,4845752
2013-07-08,174.0,177.3000030517578,171.10000610351562,175.14999389648438,4610905
2013-07-09,177.0,179.1999969482422,173.8000030517578,177.0,4715089
2013-07-10,178.89999389648438,178.89999389648438,172.64999389648438,173.8000030517578,4328660
2013-07-11,177.10000610351562,179.85000610351562,176.5500030517578,178.4499969482422,4167196
2013-07-12,179.0500030517578,180.1999969482422,174.1999969482422,177.0,3740804
2013-07-15,175.35000610351562,180.5,174.0,178.3000030517578,6868416
2013-07-16,173.0,173.5,163.8000030517578,164.6999969482422,12365025
2013-07-17,164.5,166.39999389648438,162.10000610351562,165.75,9705998
2013-07-18,167.3000030517578,172.0,166.35000610351562,171.25,7049910
2013-07-19,171.60000610351562,174.35000610351562,166.5500030517578,168.3000030517578,6077323
2013-07-22,168.10000610351562,171.64999389648438,165.39999389648438,170.0,3752434
2013-07-23,172.0,177.89999389648438,171.0,174.64999389648438,6393454
2013-07-24,171.14999389648438,176.35000610351562,166.39999389648438,175.14999389648438,10007764
2013-07-25,172.6999969482422,177.89999389648438,172.64999389648438,175.0500030517578,7482893
2013-07-26,178.8000030517578,179.5500030517578,168.0,172.35000610351562,7517527
2013-07-29,169.0,172.0,167.0,169.1999969482422,3740280
2013-07-30,168.0,169.10000610351562,157.0,160.10000610351562,10554814
2013-07-31,155.0500030517578,155.6999969482422,145.60000610351562,149.8000030517578,10842742
2013-08-01,151.3000030517578,153.6999969482422,137.0,137.85000610351562,11752499
2013-08-02,137.5,141.8000030517578,125.5,128.4499969482422,12870640
2013-08-05,129.0,131.9499969482422,124.30000305175781,129.25,8972742
2013-08-06,127.0,131.5500030517578,120.05000305175781,122.19999694824219,12209897
2013-08-07,121.0,133.5,121.0,131.10000610351562,11857210
2013-08-08,131.14999389648438,139.6999969482422,131.14999389648438,138.1999969482422,10293998
2013-08-12,137.0,142.60000610351562,133.64999389648438,138.64999389648438,9143381
2013-08-13,145.0,151.64999389648438,141.0,149.5500030517578,13248229
2013-08-14,150.25,160.3000030517578,150.25,159.0500030517578,11681590
2013-08-16,156.0500030517578,156.4499969482422,144.0500030517578,145.4499969482422,9725620
2013-08-19,143.75,150.89999389648438,139.0,149.14999389648438,8568938
2013-08-20,143.10000610351562,156.6999969482422,142.5,153.89999389648438,8148467
2013-08-21,156.0,162.89999389648438,144.8000030517578,150.39999389648438,12551959
2013-08-22,145.10000610351562,148.35000610351562,140.0,143.85000610351562,13521607
2013-08-23,144.0,147.5,135.14999389648438,136.9499969482422,14096727
2013-08-26,138.0,141.0,134.1999969482422,137.0500030517578,12101969
2013-08-27,135.75,135.75,129.3000030517578,130.14999389648438,10565942
2013-08-28,127.19999694824219,133.0,122.0999984741211,131.9499969482422,10862939
2013-08-29,134.10000610351562,135.0,127.0,131.39999389648438,8149178
2013-08-30,131.4499969482422,134.75,126.5999984741211,129.8000030517578,8747852
2013-09-02,130.64999389648438,138.14999389648438,130.39999389648438,136.64999389648438,7696052
2013-09-03,137.0,139.6999969482422,126.0999984741211,127.30000305175781,9900226
2013-09-04,125.4000015258789,129.39999389648438,121.0,126.55000305175781,14742587
2013-09-05,129.5500030517578,139.5,129.5500030517578,137.85000610351562,12493559
2013-09-06,139.0,141.5500030517578,134.6999969482422,137.89999389648438,8926272
2013-09-10,141.0,145.5,139.85000610351562,142.9499969482422,6934692
2013-09-11,141.89999389648438,152.25,141.0,150.64999389648438,10942435
2013-09-12,152.0,156.39999389648438,147.1999969482422,149.25,11155499
2013-09-13,147.9499969482422,157.5,146.10000610351562,156.85000610351562,11459158
2013-09-16,160.0,162.3000030517578,149.0,153.8000030517578,8975646
2013-09-17,153.5,154.6999969482422,149.6999969482422,153.85000610351562,5809508
2013-09-18,156.0,161.64999389648438,154.64999389648438,160.35000610351562,9220662
2013-09-19,167.0,173.89999389648438,167.0,171.39999389648438,9377392
2013-09-20,171.5,171.5,150.5500030517578,151.5,15858940
2013-09-23,148.0,149.39999389648438,140.0500030517578,141.64999389648438,12078884
2013-09-24,140.5500030517578,145.39999389648438,138.3000030517578,140.10000610351562,10695540
2013-09-25,141.0,142.5,135.35000610351562,136.64999389648438,11392802
2013-09-26,136.9499969482422,136.9499969482422,133.64999389648438,135.60000610351562,11180824
2013-09-27,136.0,138.35000610351562,131.25,131.85000610351562,12179949
2013-09-30,131.0,132.3000030517578,127.19999694824219,128.0500030517578,10470413
2013-10-01,128.5500030517578,137.39999389648438,127.1500015258789,136.89999389648438,15790898
2013-10-03,137.89999389648438,139.89999389648438,134.5,139.10000610351562,10128287
2013-10-04,137.0,142.64999389648438,136.3000030517578,139.3000030517578,13776138
2013-10-07,138.8000030517578,138.8000030517578,135.25,138.0500030517578,6896253
2013-10-08,140.89999389648438,143.35000610351562,137.75,138.8000030517578,9394423
2013-10-09,137.9499969482422,148.6999969482422,137.5,147.25,15038543
2013-10-10,147.89999389648438,151.75,147.0500030517578,149.4499969482422,11136317
2013-10-11,153.0,156.89999389648438,152.0500030517578,154.6999969482422,12206346
2013-10-14,154.64999389648438,156.5,150.8000030517578,153.8000030517578,7632837
2013-10-15,154.5500030517578,159.89999389648438,151.75,153.5500030517578,10202604
2013-10-17,154.5,156.8000030517578,151.60000610351562,153.3000030517578,7008923
2013-10-18,154.5,158.8000030517578,154.5,157.3000030517578,5622688
2013-10-21,160.0,167.39999389648438,160.0,166.5,10002799
2013-10-22,165.0,166.5,162.64999389648438,164.14999389648438,6071956
2013-10-23,165.1999969482422,166.3000030517578,155.0,158.8000030517578,9385581
2013-10-24,158.0,164.1999969482422,157.60000610351562,159.3000030517578,7398587
2013-10-25,160.0,160.0,151.0,151.4499969482422,7545239
2013-10-28,153.1999969482422,154.1999969482422,146.0,146.39999389648438,8070915
2013-10-29,146.64999389648438,151.5,142.75,150.0,10846594
2013-10-30,152.0500030517578,153.89999389648438,148.1999969482422,149.10000610351562,7682717
2013-10-31,147.0,152.64999389648438,145.10000610351562,151.64999389648438,10800714
2013-11-01,151.8000030517578,159.35000610351562,151.8000030517578,157.39999389648438,10468655
2013-11-05,156.0,163.89999389648438,155.0,160.8000030517578,9687154
2013-11-06,161.5,164.35000610351562,155.14999389648438,155.89999389648438,8366444
2013-11-07,155.89999389648438,158.0,148.0500030517578,148.85000610351562,9754189
2013-11-08,149.0,153.8000030517578,146.25,152.60000610351562,8742281
2013-11-11,152.64999389648438,152.64999389648438,147.1999969482422,148.1999969482422,6086310
2013-11-12,148.10000610351562,152.25,143.0,144.10000610351562,9088637
2013-11-13,142.89999389648438,145.25,139.39999389648438,142.25,7555295
2013-11-14,144.14999389648438,147.0,143.5,145.3000030517578,5039827
2013-11-18,148.25,149.64999389648438,145.9499969482422,148.75,5565000
2013-11-19,148.39999389648438,152.0,148.1999969482422,149.5500030517578,7599913
2013-11-20,148.0,155.6999969482422,147.85000610351562,150.35000610351562,12060568
2013-11-21,148.9499969482422,149.0,144.5,145.3000030517578,6151415
2013-11-22,146.39999389648438,148.0,143.0,144.3000030517578,5739904
2013-11-25,146.39999389648438,149.6999969482422,146.0500030517578,149.0,5487957
2013-11-26,148.85000610351562,151.4499969482422,147.1999969482422,149.5,5534253
2013-11-27,150.1999969482422,151.14999389648438,146.10000610351562,147.39999389648438,4740374
2013-11-28,149.39999389648438,151.89999389648438,148.6999969482422,149.39999389648438,5908355
2013-11-29,149.5500030517578,153.8000030517578,148.10000610351562,152.10000610351562,6235046
2013-12-02,153.0,154.60000610351562,151.5,152.75,3959982
2013-12-03,152.0,157.0,150.8000030517578,155.85000610351562,6664623
2013-12-04,155.60000610351562,158.3000030517578,152.0,153.1999969482422,10908046
2013-12-05,158.0,158.89999389648438,154.64999389648438,155.9499969482422,6379990
2013-12-06,156.3000030517578,156.8000030517578,154.25,155.75,3706890
2013-12-09,160.0,166.1999969482422,156.8000030517578,165.0,11359458
2013-12-10,165.5,166.0,158.5,160.4499969482422,8716373
2013-12-11,159.0500030517578,159.5,155.60000610351562,157.10000610351562,5883152
2013-12-12,155.60000610351562,158.89999389648438,154.4499969482422,156.1999969482422,5627437
2013-12-13,154.89999389648438,154.89999389648438,150.3000030517578,150.89999389648438,5012312
2013-12-16,150.8000030517578,153.4499969482422,149.5,152.25,4720754
2013-12-17,153.5,154.5,151.10000610351562,152.0,4965858
2013-12-18,152.0,161.1999969482422,151.8000030517578,160.25,8027702
2013-12-19,161.89999389648438,163.0,155.25,158.5500030517578,6491803
2013-12-20,157.0,163.6999969482422,157.0,162.89999389648438,5896454
2013-12-23,163.5500030517578,172.0,163.10000610351562,169.85000610351562,10840002
2013-12-24,171.0,172.39999389648438,167.6999969482422,170.9499969482422,7919201
2013-12-26,170.0,171.6999969482422,169.0,170.5,5795170
2013-12-27,171.89999389648438,175.1999969482422,170.1999969482422,171.39999389648438,6528003
2013-12-30,172.0,172.89999389648438,165.5,165.9499969482422,7165593
2013-12-31,167.25,168.14999389648438,164.64999389648438,166.6999969482422,4600856
2014-01-01,167.60000610351562,170.6999969482422,166.64999389648438,170.10000610351562,4944090
2014-01-02,170.35000610351562,174.64999389648438,165.3000030517578,166.4499969482422,9278583
2014-01-03,165.0,169.75,163.35000610351562,168.89999389648438,7211775
2014-01-06,169.0,169.75,165.10000610351562,166.8000030517578,4924864
2014-01-07,166.1999969482422,169.0,162.1999969482422,163.9499969482422,6468312
2014-01-08,163.5,166.3000030517578,161.35000610351562,162.0500030517578,5991976
2014-01-09,161.3000030517578,163.1999969482422,157.64999389648438,158.8000030517578,4675079
2014-01-10,159.3000030517578,161.89999389648438,155.9499969482422,156.5,4754295
2014-01-13,157.8000030517578,162.0,156.1999969482422,161.0500030517578,5366499
2014-01-14,159.85000610351562,161.10000610351562,156.3000030517578,157.14999389648438,4832212
2014-01-15,157.8000030517578,160.39999389648438,157.25,159.85000610351562,3885416
2014-01-16,160.60000610351562,162.89999389648438,158.25,162.10000610351562,5003916
2014-01-17,162.35000610351562,164.1999969482422,154.35000610351562,155.35000610351562,7238988
2014-01-20,155.0,156.8000030517578,152.8000030517578,155.8000030517578,5304650
2014-01-21,156.5,157.89999389648438,155.10000610351562,157.25,4123487
2014-01-22,158.0,159.60000610351562,155.85000610351562,158.9499969482422,4471196
2014-01-23,158.64999389648438,159.89999389648438,156.85000610351562,159.3000030517578,3645971
2014-01-24,158.0,158.0,152.35000610351562,153.0500030517578,5405551
2014-01-27,149.4499969482422,150.0,138.3000030517578,139.64999389648438,6500869
2014-01-28,140.0,144.60000610351562,138.60000610351562,141.25,8473262
2014-01-29,143.75,144.35000610351562,140.10000610351562,141.10000610351562,4462907
2014-01-30,137.5,139.35000610351562,133.75,134.64999389648438,7466170
2014-01-31,137.0,138.39999389648438,135.39999389648438,137.5,5462190
2014-02-03,136.1999969482422,137.8000030517578,133.1999969482422,134.14999389648438,6524018
2014-02-04,131.60000610351562,135.35000610351562,130.25,134.10000610351562,7479935
2014-02-05,133.0,139.89999389648438,132.8000030517578,138.10000610351562,7322678
2014-02-06,137.35000610351562,139.39999389648438,134.0500030517578,135.3000030517578,7434184
2014-02-07,136.6999969482422,139.25,136.6999969482422,137.9499969482422,4033070
2014-02-10,143.3000030517578,145.89999389648438,141.4499969482422,142.0,7470522
2014-02-11,140.8000030517578,142.64999389648438,139.25,140.4499969482422,3590777
2014-02-12,141.10000610351562,143.1999969482422,138.6999969482422,140.14999389648438,3900737
2014-02-13,140.10000610351562,144.75,140.10000610351562,143.0,8274700
2014-02-14,143.0,146.0,141.39999389648438,145.0,8633646
2014-02-17,145.5,147.89999389648438,141.8000030517578,142.5500030517578,5503531
2014-02-18,142.6999969482422,143.6999969482422,140.14999389648438,142.4499969482422,5914011
2014-02-19,142.4499969482422,142.4499969482422,142.4499969482422,142.4499969482422,0
2014-02-20,142.25,146.9499969482422,141.64999389648438,143.64999389648438,5777776
2014-02-21,144.39999389648438,144.75,140.64999389648438,142.39999389648438,4757965
2014-02-24,142.5,143.89999389648438,141.0500030517578,142.8000030517578,2762669
2014-02-25,143.5500030517578,144.5,140.75,141.5500030517578,2991045
2014-02-26,141.64999389648438,142.10000610351562,138.25,140.14999389648438,4639976
2014-02-28,141.5,142.0,138.5500030517578,141.14999389648438,4441772
2014-03-03,140.8000030517578,141.75,138.3000030517578,139.14999389648438,3866220
2014-03-04,137.3000030517578,140.8000030517578,136.3000030517578,139.85000610351562,5128310
2014-03-05,142.0,145.75,140.1999969482422,144.75,5667795
2014-03-06,145.0,153.35000610351562,145.0,152.14999389648438,8721037
2014-03-07,153.39999389648438,167.9499969482422,153.1999969482422,166.89999389648438,14164958
2014-03-10,165.0,173.85000610351562,164.60000610351562,171.60000610351562,9418139
2014-03-11,171.9499969482422,186.6999969482422,167.64999389648438,178.35000610351562,20555512
2014-03-12,179.64999389648438,182.6999969482422,176.64999389648438,179.14999389648438,12520561
2014-03-13,180.0,181.64999389648438,166.6999969482422,168.35000610351562,12573778
2014-03-14,166.0,175.85000610351562,162.4499969482422,174.9499969482422,13516204
2014-03-18,176.5,179.0,170.14999389648438,173.64999389648438,10330068
2014-03-19,174.8000030517578,177.9499969482422,171.1999969482422,173.9499969482422,7884070
2014-03-20,172.89999389648438,173.9499969482422,166.1999969482422,167.10000610351562,7247779
2014-03-21,167.8000030517578,172.5,167.8000030517578,171.10000610351562,8082959
2014-03-24,171.0,174.85000610351562,170.0,171.60000610351562,5789070
2014-03-25,171.0,178.5,170.89999389648438,177.60000610351562,7715272
2014-03-26,179.1999969482422,181.4499969482422,173.60000610351562,175.1999969482422,8251239
2014-03-27,175.75,179.5,172.14999389648438,174.89999389648438,14345150
2014-03-28,176.89999389648438,177.60000610351562,174.14999389648438,175.85000610351562,8201155
2014-03-31,177.0,179.0,174.0500030517578,176.4499969482422,12220242
2014-04-01,177.75,177.75,171.10000610351562,175.0,7495537
2014-04-02,176.0,178.85000610351562,173.3000030517578,176.60000610351562,12739524
2014-04-03,177.5,177.5,169.1999969482422,171.75,9076725
2014-04-04,170.39999389648438,177.0,169.8000030517578,176.0500030517578,15723521
2014-04-07,176.5,178.25,168.0500030517578,171.0500030517578,10798384
2014-04-09,172.75,177.0,172.4499969482422,176.60000610351562,9943496
2014-04-10,178.0,185.0,175.89999389648438,178.60000610351562,27802096
2014-04-11,175.9499969482422,180.5,173.5500030517578,176.3000030517578,14172904
2014-04-15,177.0,177.6999969482422,164.60000610351562,166.10000610351562,10752346
2014-04-16,166.0,167.75,155.85000610351562,158.0500030517578,12114652
2014-04-17,159.0,161.39999389648438,156.0500030517578,159.64999389648438,13879067
2014-04-21,160.5,160.5,156.5,157.8000030517578,8263084
2014-04-22,158.5,160.89999389648438,156.60000610351562,157.0500030517578,10438729
2014-04-23,153.14999389648438,156.5500030517578,151.35000610351562,152.35000610351562,16197519
2014-04-24,152.35000610351562,152.35000610351562,152.35000610351562,152.35000610351562,0
2014-04-25,153.1999969482422,158.0,152.5500030517578,153.60000610351562,11959585
2014-04-28,152.10000610351562,154.89999389648438,150.85000610351562,153.89999389648438,9132253
2014-04-29,152.6999969482422,156.85000610351562,152.6999969482422,153.75,9396244
2014-04-30,153.0,154.35000610351562,139.0,140.14999389648438,24535978
2014-05-02,141.5,142.89999389648438,138.10000610351562,139.8000030517578,16101101
2014-05-05,139.8000030517578,141.60000610351562,137.60000610351562,139.0500030517578,12555583
2014-05-06,139.0500030517578,142.85000610351562,139.0500030517578,140.35000610351562,8651800
2014-05-07,140.39999389648438,141.64999389648438,139.0,140.25,8856565
2014-05-08,140.25,141.35000610351562,138.1999969482422,139.64999389648438,10142516
2014-05-09,140.0,145.89999389648438,139.9499969482422,144.75,10508094
2014-05-12,144.60000610351562,151.3000030517578,143.14999389648438,146.1999969482422,11354398
2014-05-13,148.8000030517578,156.0,148.5,152.35000610351562,13236382
2014-05-14,153.8000030517578,163.0,150.0,160.60000610351562,16457211
2014-05-15,162.0,169.0,158.25,159.9499969482422,11637280
2014-05-16,166.8000030517578,179.6999969482422,164.0500030517578,169.6999969482422,23893422
2014-05-19,174.0,183.75,172.5,182.3000030517578,21952904
2014-05-20,183.0,190.6999969482422,178.0,184.39999389648438,16677976
2014-05-21,184.89999389648438,195.0,180.60000610351562,192.8000030517578,16249397
2014-05-22,195.0,218.5,194.4499969482422,211.0,40429032
2014-05-23,213.64999389648438,222.35000610351562,211.5,217.14999389648438,21664306
2014-05-26,219.89999389648438,224.8000030517578,196.1999969482422,204.3000030517578,17180732
2014-05-27,205.0,207.39999389648438,195.10000610351562,204.4499969482422,12407505
2014-05-28,206.0,209.0,198.4499969482422,205.64999389648438,12381901
2014-05-29,206.3000030517578,209.3000030517578,202.0500030517578,203.75,8622894
2014-05-30,201.0,212.0,195.5,210.10000610351562,20070580
2014-06-02,211.1999969482422,212.8000030517578,206.60000610351562,209.35000610351562,15178797
2014-06-03,209.85000610351562,221.60000610351562,209.0,219.5,18963756
2014-06-04,222.5,223.3000030517578,216.64999389648438,219.14999389648438,13402604
2014-06-05,220.4499969482422,223.0,215.35000610351562,219.6999969482422,10761631
2014-06-06,222.6999969482422,234.3000030517578,221.0,233.14999389648438,21701918
2014-06-09,235.75,242.9499969482422,234.39999389648438,241.35000610351562,14522467
2014-06-10,238.6999969482422,239.75,228.8000030517578,233.25,9348761
2014-06-11,233.0,234.5,219.5,220.89999389648438,11552956
2014-06-12,220.89999389648438,225.8000030517578,216.64999389648438,223.0,9645873
2014-06-13,224.8000030517578,226.85000610351562,203.10000610351562,204.89999389648438,14978949
2014-06-16,204.89999389648438,211.35000610351562,198.89999389648438,210.4499969482422,14114639
2014-06-17,211.4499969482422,214.35000610351562,203.5,212.5,11535661
2014-06-18,213.35000610351562,216.5500030517578,205.1999969482422,207.5,12610116
2014-06-19,208.0,211.3000030517578,206.0,207.10000610351562,8009428
2014-06-20,205.0,211.4499969482422,205.0,208.35000610351562,6144580
2014-06-23,208.60000610351562,210.6999969482422,206.14999389648438,209.75,5659816
2014-06-24,209.5,221.4499969482422,209.5,219.1999969482422,11065575
2014-06-25,217.89999389648438,220.39999389648438,215.0500030517578,217.1999969482422,8833641
2014-06-26,216.5,218.75,209.35000610351562,210.35000610351562,8905258
2014-06-27,211.35000610351562,212.1999969482422,205.10000610351562,211.0500030517578,9995933
2014-06-30,212.4499969482422,217.64999389648438,212.0,215.0500030517578,6508939
2014-07-01,215.89999389648438,218.64999389648438,213.5,216.5500030517578,5958930
2014-07-02,218.39999389648438,222.3000030517578,218.0,218.85000610351562,9117859
2014-07-03,220.35000610351562,220.35000610351562,214.75,216.0,5442086
2014-07-04,216.0,219.3000030517578,214.39999389648438,218.60000610351562,6708760
2014-07-07,217.39999389648438,224.35000610351562,217.39999389648438,223.25,7262761
2014-07-08,222.35000610351562,224.39999389648438,203.3000030517578,205.75,9233460
2014-07-09,207.39999389648438,208.5,199.60000610351562,204.0,9202168
2014-07-10,206.1999969482422,233.8000030517578,200.64999389648438,222.39999389648438,22533240
2014-07-11,224.0,229.5,205.5,209.35000610351562,18169196
2014-07-14,210.5,213.85000610351562,204.60000610351562,206.89999389648438,9911224
2014-07-15,208.9499969482422,214.75,207.35000610351562,213.10000610351562,8066000
2014-07-16,216.9499969482422,226.9499969482422,215.25,225.4499969482422,11121811
2014-07-17,226.85000610351562,228.89999389648438,220.35000610351562,222.1999969482422,10956763
2014-07-18,219.4499969482422,223.8000030517578,216.60000610351562,221.0,8485759
2014-07-21,221.85000610351562,222.8000030517578,213.3000030517578,214.8000030517578,6564415
2014-07-22,216.0,218.4499969482422,213.85000610351562,216.85000610351562,5756939
2014-07-23,218.0,219.5,211.0,214.75,5853901
2014-07-24,215.5,218.39999389648438,213.1999969482422,213.89999389648438,6273538
2014-07-25,214.5,215.6999969482422,201.64999389648438,204.75,9333050
2014-07-28,204.3000030517578,205.8000030517578,193.14999389648438,194.35000610351562,10996280
2014-07-30,192.5500030517578,201.39999389648438,191.6999969482422,200.10000610351562,10829360
2014-07-31,198.5,204.0,197.14999389648438,198.25,16336844
2014-08-01,192.0,204.0,190.10000610351562,200.75,20616208
2014-08-04,202.35000610351562,204.8000030517578,197.1999969482422,201.0,8535158
2014-08-05,200.39999389648438,206.39999389648438,198.39999389648438,205.4499969482422,14056622
2014-08-06,204.89999389648438,208.0,201.60000610351562,202.5,9871156
2014-08-07,201.0,205.4499969482422,199.3000030517578,202.85000610351562,8174509
2014-08-08,199.25,200.0,193.1999969482422,194.10000610351562,7902174
2014-08-11,200.5,202.1999969482422,197.60000610351562,199.25,6407943
2014-08-12,199.5500030517578,202.89999389648438,198.0,202.3000030517578,6717783
2014-08-13,201.0,201.6999969482422,192.64999389648438,194.3000030517578,8691741
2014-08-14,194.0,196.89999389648438,190.5,196.1999969482422,7124606
2014-08-18,194.4499969482422,199.89999389648438,194.10000610351562,198.14999389648438,6432096
2014-08-19,198.14999389648438,201.5,195.75,200.25,7502313
2014-08-20,199.0,203.14999389648438,197.25,201.3000030517578,6081410
2014-08-21,200.0,202.60000610351562,196.0500030517578,196.6999969482422,5980266
2014-08-22,196.1999969482422,197.64999389648438,193.10000610351562,194.75,5798753
2014-08-25,194.6999969482422,196.4499969482422,190.0,190.85000610351562,5335244
2014-08-26,189.25,192.75,187.5,191.64999389648438,5459214
2014-08-27,192.10000610351562,193.89999389648438,181.25,182.89999389648438,12415660
2014-08-28,181.10000610351562,183.35000610351562,176.0,177.3000030517578,14558542
2014-09-01,178.0,180.60000610351562,175.4499969482422,179.75,9833749
2014-09-02,179.64999389648438,185.3000030517578,178.85000610351562,184.0500030517578,10055042
2014-09-03,185.64999389648438,186.89999389648438,180.5,182.89999389648438,7597803
2014-09-04,175.1999969482422,176.0,156.1999969482422,167.5,20251204
2014-09-05,166.0,176.64999389648438,164.6999969482422,175.4499969482422,17240112
2014-09-08,176.5,178.5,170.10000610351562,176.8000030517578,8929544
2014-09-09,176.0500030517578,176.6999969482422,172.75,174.14999389648438,5381962
2014-09-10,172.9499969482422,177.85000610351562,171.6999969482422,177.0,6345483
2014-09-11,177.3000030517578,179.10000610351562,174.1999969482422,175.1999969482422,5691537
2014-09-12,174.1999969482422,177.5,174.10000610351562,176.14999389648438,4108592
2014-09-15,174.0,175.5,172.1999969482422,173.64999389648438,3555956
2014-09-16,173.25,177.9499969482422,167.0500030517578,168.5,6818038
2014-09-17,170.0500030517578,171.3000030517578,166.10000610351562,169.10000610351562,5157290
2014-09-18,168.3000030517578,176.35000610351562,168.10000610351562,175.3000030517578,5788175
2014-09-19,175.5,176.14999389648438,171.14999389648438,171.9499969482422,5507187
2014-09-22,170.10000610351562,173.3000030517578,166.0,166.6999969482422,7989267
2014-09-23,165.0,166.10000610351562,155.0,155.5,12818987
2014-09-24,155.1999969482422,162.25,153.64999389648438,159.60000610351562,14466804
2014-09-25,160.10000610351562,161.39999389648438,154.14999389648438,155.60000610351562,8795617
2014-09-26,155.6999969482422,163.0,155.5500030517578,162.5500030517578,7278970
2014-09-29,161.9499969482422,164.3000030517578,157.60000610351562,158.3000030517578,5836396
2014-09-30,158.0500030517578,159.0,147.60000610351562,150.85000610351562,9108003
2014-10-01,150.5,152.6999969482422,149.3000030517578,150.39999389648438,5762750
2014-10-07,148.89999389648438,149.6999969482422,140.6999969482422,141.60000610351562,11966534
2014-10-08,140.1999969482422,149.60000610351562,140.14999389648438,148.85000610351562,12068862
2014-10-09,151.0,154.39999389648438,149.1999969482422,152.85000610351562,8157282
2014-10-10,150.8000030517578,155.89999389648438,148.0,152.64999389648438,12133501
2014-10-13,151.75,151.75,144.10000610351562,146.89999389648438,12336098
2014-10-14,132.25,132.25,102.8499984741211,104.94999694824219,86752688
2014-10-15,104.94999694824219,104.94999694824219,104.94999694824219,104.94999694824219,0
2014-10-16,100.25,116.19999694824219,100.0999984741211,110.3499984741211,66246528
2014-10-17,112.0,114.5,105.30000305175781,110.5999984741211,32878550
2014-10-20,112.5999984741211,116.4000015258789,108.0,115.1500015258789,26767160
2014-10-21,116.5,123.0,114.30000305175781,121.4000015258789,23249098
2014-10-22,122.8499984741211,122.9000015258789,115.5999984741211,120.1500015258789,21467468
2014-10-27,116.0,116.0,109.0,110.5,20767648
2014-10-28,109.5,113.5,109.0999984741211,111.30000305175781,14578230
2014-10-29,112.0999984741211,119.5999984741211,110.0999984741211,118.1500015258789,21950012
2014-10-30,119.25,127.0,119.0,124.1500015258789,36855532
2014-10-31,124.80000305175781,127.0,122.0999984741211,124.75,14363867
2014-11-03,124.0,129.5,120.19999694824219,128.5500030517578,18400174
2014-11-05,129.0,131.39999389648438,125.55000305175781,126.75,14449844
2014-11-07,131.0,135.0,129.6999969482422,134.5,18381898
2014-11-10,133.0,137.60000610351562,132.6999969482422,135.85000610351562,11459473
2014-11-11,136.8000030517578,137.89999389648438,132.39999389648438,136.75,12176768
2014-11-12,137.0,140.85000610351562,136.3000030517578,140.0500030517578,10118707
2014-11-13,140.0,141.8000030517578,136.5,139.35000610351562,14522580
2014-11-14,141.60000610351562,143.25,139.5,142.3000030517578,10545131
2014-11-17,141.85000610351562,141.85000610351562,137.6999969482422,139.6999969482422,10119228
2014-11-18,139.0,140.35000610351562,137.0,138.75,7755879
2014-11-19,138.0,144.1999969482422,137.6999969482422,141.1999969482422,10880412
2014-11-20,140.1999969482422,141.64999389648438,136.10000610351562,138.60000610351562,8131958
2014-11-21,138.10000610351562,141.5,137.60000610351562,140.39999389648438,5134807
2014-11-24,140.35000610351562,148.39999389648438,139.9499969482422,147.5,10430203
2014-11-25,147.9499969482422,147.9499969482422,140.25,141.9499969482422,8045901
2014-11-26,140.5,154.89999389648438,136.5,152.14999389648438,21950474
2014-11-27,151.0,153.14999389648438,146.75,148.25,18833848
2014-11-28,147.0,155.0,145.0,149.10000610351562,18633368
2014-12-01,148.6999969482422,155.0,146.8000030517578,154.1999969482422,13350253
2014-12-02,152.0,155.89999389648438,151.10000610351562,153.8000030517578,10183221
2014-12-03,154.0,156.8000030517578,152.8000030517578,155.1999969482422,8047255
2014-12-04,156.0,156.8000030517578,151.35000610351562,154.35000610351562,8275370
2014-12-05,154.35000610351562,163.64999389648438,153.5,161.6999969482422,15035601
2014-12-08,161.0,166.0,158.60000610351562,160.5500030517578,12397326
2014-12-09,159.75,162.4499969482422,157.1999969482422,159.1999969482422,10409190
2014-12-10,157.25,161.6999969482422,150.10000610351562,159.5500030517578,9884609
2014-12-11,158.75,161.25,154.5,155.89999389648438,9680927
2014-12-12,157.35000610351562,158.25,150.5500030517578,152.0500030517578,9511902
2014-12-15,151.0,154.14999389648438,144.14999389648438,144.75,8065896
2014-12-16,143.3000030517578,145.3000030517578,137.64999389648438,139.25,11038101
2014-12-17,138.75,140.4499969482422,133.0,133.60000610351562,11820121
2014-12-18,137.5,139.35000610351562,133.5,135.89999389648438,7656559
2014-12-19,136.5,138.89999389648438,129.39999389648438,132.0,12660303
2014-12-22,134.5500030517578,136.5,131.3000030517578,133.64999389648438,13020175
2014-12-23,132.60000610351562,134.89999389648438,130.5500030517578,133.5,15034440
2014-12-24,133.0,135.0,131.0500030517578,131.64999389648438,8234588
2014-12-26,131.39999389648438,136.89999389648438,129.89999389648438,136.1999969482422,9479087
2014-12-29,137.4499969482422,140.39999389648438,135.0500030517578,135.8000030517578,7263250
2014-12-30,137.0,138.25,134.25,135.64999389648438,5686089
2014-12-31,135.8000030517578,138.1999969482422,135.0500030517578,137.39999389648438,4360342
2015-01-01,137.0,138.14999389648438,136.0,137.39999389648438,3057025
2015-01-02,138.39999389648438,140.75,137.10000610351562,139.1999969482422,4759090
2015-01-05,136.8000030517578,137.5,134.8000030517578,135.8000030517578,5929537
2015-01-06,134.0,135.5,132.25,133.64999389648438,6414971
2015-01-07,133.4499969482422,137.5,131.60000610351562,134.60000610351562,7368573
2015-01-08,136.8000030517578,143.64999389648438,135.3000030517578,142.75,9062204
2015-01-09,143.5,144.25,133.0,137.85000610351562,8109551
2015-01-12,137.60000610351562,138.4499969482422,135.5,136.5,5247669
2015-01-13,137.10000610351562,137.4499969482422,132.3000030517578,133.25,7351163
2015-01-14,132.64999389648438,134.9499969482422,132.39999389648438,133.35000610351562,5751188
2015-01-15,137.89999389648438,149.5,136.5500030517578,147.8000030517578,17725500
2015-01-16,146.60000610351562,151.35000610351562,143.0500030517578,146.25,13096543
2015-01-19,146.89999389648438,148.60000610351562,143.1999969482422,145.35000610351562,5451338
2015-01-20,146.1999969482422,147.89999389648438,143.1999969482422,145.64999389648438,4747097
2015-01-21,146.0,146.89999389648438,141.85000610351562,143.6999969482422,4821636
2015-01-22,144.39999389648438,149.8000030517578,143.1999969482422,148.60000610351562,9019250
2015-01-23,150.89999389648438,157.89999389648438,148.85000610351562,156.6999969482422,14722411
2015-01-27,157.60000610351562,159.1999969482422,153.8000030517578,157.89999389648438,8855525
2015-01-28,155.64999389648438,164.10000610351562,154.1999969482422,163.0500030517578,11878411
2015-01-29,161.1999969482422,168.75,161.1999969482422,166.64999389648438,12112048
2015-01-30,168.39999389648438,175.0,165.85000610351562,169.89999389648438,11569727
2015-02-02,171.0,174.35000610351562,168.10000610351562,172.9499969482422,7545950
2015-02-03,173.5500030517578,174.39999389648438,166.89999389648438,170.10000610351562,7479301
2015-02-04,170.6999969482422,179.1999969482422,165.1999969482422,173.35000610351562,12756976
2015-02-05,172.4499969482422,174.35000610351562,168.1999969482422,169.39999389648438,6889506
2015-02-06,168.5,171.75,160.0,163.4499969482422,10514349
2015-02-09,156.0500030517578,163.3000030517578,154.25,157.10000610351562,8809558
2015-02-10,151.1999969482422,161.14999389648438,148.0,157.5500030517578,12490607
2015-02-11,157.1999969482422,160.75,156.14999389648438,158.39999389648438,7961425
2015-02-12,159.3000030517578,160.9499969482422,155.60000610351562,158.75,5932767
2015-02-13,159.60000610351562,164.4499969482422,153.60000610351562,155.1999969482422,7459362
2015-02-16,156.85000610351562,158.10000610351562,154.39999389648438,155.5,7631900
2015-02-18,157.0,157.35000610351562,148.25,149.9499969482422,7260335
2015-02-19,151.89999389648438,152.6999969482422,146.60000610351562,150.25,8145217
2015-02-20,151.14999389648438,154.39999389648438,150.3000030517578,151.35000610351562,6299259
2015-02-23,151.9499969482422,152.0500030517578,145.1999969482422,146.5500030517578,6255008
2015-02-24,148.14999389648438,148.4499969482422,145.0500030517578,146.64999389648438,5363297
2015-02-25,147.10000610351562,150.89999389648438,146.5500030517578,147.4499969482422,6740635
2015-02-26,147.4499969482422,151.64999389648438,146.64999389648438,150.5,6970504
2015-02-27,148.25,157.14999389648438,147.0500030517578,155.9499969482422,12535891
2015-03-02,156.9499969482422,160.1999969482422,153.39999389648438,154.5500030517578,6623433
2015-03-03,155.8000030517578,156.89999389648438,150.3000030517578,151.3000030517578,5781561
2015-03-04,156.25,157.89999389648438,151.6999969482422,154.10000610351562,8764606
2015-03-05,154.4499969482422,155.85000610351562,151.5500030517578,154.14999389648438,5560556
2015-03-09,154.0,156.4499969482422,148.64999389648438,151.0,6088574
2015-03-10,151.1999969482422,151.60000610351562,143.6999969482422,144.89999389648438,8941746
2015-03-11,145.0,146.39999389648438,139.10000610351562,145.0500030517578,9714297
2015-03-12,146.5,149.9499969482422,145.0500030517578,149.4499969482422,5863912
2015-03-13,152.0,162.6999969482422,145.1999969482422,157.39999389648438,24833117
2015-03-16,160.8000030517578,165.3000030517578,158.6999969482422,164.3000030517578,15502205
2015-03-17,165.35000610351562,167.39999389648438,162.8000030517578,165.0,9395915
2015-03-18,164.0,165.9499969482422,163.0,164.5,5060431
2015-03-19,165.25,167.14999389648438,163.0,163.9499969482422,4412152
2015-03-20,164.0,164.8000030517578,158.5500030517578,159.89999389648438,5534666
2015-03-23,160.14999389648438,161.35000610351562,156.0,159.35000610351562,4464757
2015-03-24,158.0,162.25,157.8000030517578,160.10000610351562,5077957
2015-03-25,160.35000610351562,165.5,159.0,165.0500030517578,7036974
2015-03-26,161.5500030517578,163.9499969482422,157.35000610351562,159.3000030517578,10373418
2015-03-27,158.35000610351562,158.89999389648438,151.1999969482422,154.9499969482422,6078680
2015-03-30,155.8000030517578,160.0500030517578,153.1999969482422,159.5,4581106
2015-03-31,160.0,160.60000610351562,156.14999389648438,158.25,4058426
2015-04-01,157.0,160.89999389648438,156.1999969482422,159.6999969482422,3098216
2015-04-06,159.64999389648438,169.25,156.4499969482422,167.4499969482422,7646511
2015-04-07,168.0,168.5,160.9499969482422,161.9499969482422,7451287
2015-04-08,163.0,165.5,157.64999389648438,161.85000610351562,10759078
2015-04-09,162.9499969482422,163.14999389648438,157.1999969482422,159.3000030517578,5155153
2015-04-10,159.75,162.0,157.60000610351562,158.39999389648438,4803517
2015-04-13,159.60000610351562,161.14999389648438,155.85000610351562,156.8000030517578,4584338
2015-04-15,157.39999389648438,158.0,152.3000030517578,153.35000610351562,4768674
2015-04-16,154.0,154.25,148.64999389648438,150.10000610351562,5257987
2015-04-17,150.0,151.8000030517578,146.5,147.14999389648438,4896793
2015-04-20,147.89999389648438,149.4499969482422,143.64999389648438,146.25,5235207
2015-04-21,146.85000610351562,147.60000610351562,138.10000610351562,138.89999389648438,9659999
2015-04-22,139.0,140.25,133.1999969482422,136.8000030517578,8921517
2015-04-23,138.25,139.75,135.14999389648438,136.1999969482422,4741588
2015-04-24,136.4499969482422,136.89999389648438,130.10000610351562,131.0500030517578,6105912
2015-04-27,131.39999389648438,131.85000610351562,122.0999984741211,123.94999694824219,7946480
2015-04-28,124.1500015258789,129.14999389648438,123.80000305175781,128.10000610351562,6264725
2015-04-29,128.75,134.89999389648438,128.14999389648438,133.75,7701687
2015-04-30,133.5,138.4499969482422,129.60000610351562,136.4499969482422,8382062
2015-05-04,137.8000030517578,140.39999389648438,137.14999389648438,138.3000030517578,4282176
2015-05-05,139.8000030517578,141.5,136.1999969482422,139.3000030517578,7284056
2015-05-06,138.89999389648438,138.89999389648438,130.0500030517578,131.60000610351562,9279235
2015-05-07,130.5,131.0,126.80000305175781,129.0,7871289
2015-05-08,131.0,136.3000030517578,129.1999969482422,132.9499969482422,9618803
2015-05-11,133.60000610351562,134.0,128.60000610351562,130.25,6409011
2015-05-12,130.1999969482422,133.3000030517578,125.0,125.5,9107904
2015-05-13,127.0,128.0,123.8499984741211,125.0,11645939
2015-05-14,124.4000015258789,127.55000305175781,122.4000015258789,126.94999694824219,8970751
2015-05-15,127.0,127.0,124.4000015258789,125.0,5894746
2015-05-18,125.4000015258789,126.4000015258789,120.4000015258789,122.80000305175781,5330974
2015-05-19,122.75,125.94999694824219,122.5999984741211,124.19999694824219,3760223
2015-05-20,125.5,126.9000015258789,121.3499984741211,123.25,8544269
2015-05-21,123.5,125.94999694824219,122.05000305175781,124.1500015258789,7989333
2015-05-22,125.5,125.69999694824219,122.30000305175781,123.19999694824219,4914974
2015-05-25,123.8499984741211,124.80000305175781,120.5999984741211,121.30000305175781,4067429
2015-05-26,121.5,122.0,116.5,116.9000015258789,5952773
2015-05-27,116.0,121.0,115.0999984741211,119.4000015258789,7445557
2015-05-28,120.0,120.0,116.6500015258789,119.4000015258789,4886136
2015-05-29,120.0,121.44999694824219,115.5,117.75,21110393
2015-06-01,118.94999694824219,122.0,117.55000305175781,118.1500015258789,5768042
2015-06-02,119.19999694824219,119.3499984741211,111.19999694824219,113.0999984741211,6011361
2015-06-03,114.5,115.0,102.80000305175781,110.55000305175781,21170190
2015-06-04,111.4000015258789,112.55000305175781,106.94999694824219,111.1500015258789,14101729
2015-06-05,108.75,110.30000305175781,106.30000305175781,107.25,7193486
2015-06-08,108.0,111.5,107.0999984741211,109.9000015258789,9687681
2015-06-09,109.8499984741211,111.9000015258789,107.55000305175781,110.80000305175781,7025198
2015-06-10,112.75,115.69999694824219,111.0999984741211,112.0,8397380
2015-06-11,114.5,114.5,107.4000015258789,107.9000015258789,7161382
2015-06-12,108.4000015258789,109.4000015258789,104.6500015258789,107.55000305175781,6846005
2015-06-15,107.94999694824219,109.25,106.0,108.1500015258789,5699786
2015-06-16,108.19999694824219,108.9000015258789,105.69999694824219,107.9000015258789,4250200
2015-06-17,108.94999694824219,109.9000015258789,107.44999694824219,108.55000305175781,3673721
2015-06-18,109.0999984741211,109.4000015258789,106.4000015258789,106.9000015258789,4599512
2015-06-19,107.1500015258789,108.1500015258789,105.80000305175781,106.5,4884998
2015-06-22,107.19999694824219,116.4000015258789,106.5,114.5999984741211,10211633
2015-06-23,116.0,118.5,114.5999984741211,117.5,9247220
2015-06-24,117.80000305175781,117.8499984741211,113.80000305175781,114.44999694824219,3727482
2015-06-25,112.75,121.0,112.0999984741211,118.19999694824219,11625400
2015-06-26,117.6500015258789,122.94999694824219,114.3499984741211,120.0,9360964
2015-06-29,113.8499984741211,119.0,113.0999984741211,117.0,5194257
2015-06-30,116.05000305175781,118.80000305175781,115.75,116.9000015258789,4070899
2015-07-01,116.80000305175781,118.75,116.55000305175781,117.4000015258789,3566230
2015-07-02,116.69999694824219,119.4000015258789,115.8499984741211,116.80000305175781,4358746
2015-07-03,116.55000305175781,118.30000305175781,115.5,116.0,3630686
2015-07-06,114.0,118.19999694824219,114.0,117.5999984741211,3845929
2015-07-07,116.94999694824219,120.4000015258789,116.94999694824219,119.19999694824219,4264557
2015-07-08,117.94999694824219,118.1500015258789,115.0,116.5,4034686
2015-07-09,117.1500015258789,118.5,116.55000305175781,116.8499984741211,3116182
2015-07-10,117.94999694824219,118.05000305175781,113.5999984741211,114.6500015258789,3337193
2015-07-13,115.30000305175781,116.0999984741211,113.69999694824219,115.4000015258789,3022539
2015-07-14,115.9000015258789,116.25,113.55000305175781,114.4000015258789,3119476
2015-07-15,116.69999694824219,118.30000305175781,116.0,116.69999694824219,4816079
2015-07-16,116.5,117.25,115.0999984741211,116.05000305175781,3547074
2015-07-17,116.4000015258789,116.9000015258789,113.80000305175781,114.19999694824219,2737098
2015-07-20,114.19999694824219,114.44999694824219,108.25,108.69999694824219,6067534
2015-07-21,108.1500015258789,108.6500015258789,105.0,106.5999984741211,5994106
2015-07-22,106.19999694824219,107.80000305175781,105.69999694824219,106.5999984741211,4215446
2015-07-23,107.44999694824219,109.5,106.30000305175781,107.80000305175781,4013062
2015-07-24,107.30000305175781,108.3499984741211,102.80000305175781,103.19999694824219,5551887
2015-07-27,102.19999694824219,104.44999694824219,100.5,101.19999694824219,5861376
2015-07-28,102.0,102.0,95.0,95.4000015258789,8686984
2015-07-29,96.80000305175781,104.4000015258789,94.19999694824219,101.55000305175781,12340725
2015-07-30,102.9000015258789,110.94999694824219,102.0,109.69999694824219,17880156
2015-07-31,109.0,116.5999984741211,108.05000305175781,115.05000305175781,10625318
2015-08-03,115.0999984741211,117.69999694824219,113.5,115.5,6223109
2015-08-04,115.19999694824219,117.05000305175781,111.80000305175781,115.05000305175781,6607088
2015-08-05,116.0,126.0999984741211,116.0,122.0999984741211,16047306
2015-08-06,121.75,125.5999984741211,120.0999984741211,122.44999694824219,9919996
2015-08-07,121.30000305175781,126.5999984741211,120.05000305175781,125.69999694824219,11513533
2015-08-10,125.05000305175781,130.39999389648438,123.5999984741211,128.3000030517578,10318987
2015-08-11,128.4499969482422,129.6999969482422,122.19999694824219,124.3499984741211,7569814
2015-08-12,124.3499984741211,124.3499984741211,124.3499984741211,124.3499984741211,0
2015-08-13,118.05000305175781,122.0,110.5,114.25,8351901
2015-08-14,116.0,136.6999969482422,113.0,135.25,27751885
2015-08-17,132.6999969482422,133.8000030517578,127.75,129.3000030517578,14297576
2015-08-18,130.0,131.6999969482422,124.8499984741211,128.0500030517578,12797745
2015-08-19,129.89999389648438,131.89999389648438,126.05000305175781,126.69999694824219,11063533
2015-08-20,126.0999984741211,127.44999694824219,115.5999984741211,120.0,15824669
2015-08-21,116.30000305175781,122.25,111.9000015258789,113.94999694824219,16794240
2015-08-24,105.0,107.5,93.3499984741211,96.6500015258789,17825912
2015-08-25,99.80000305175781,114.0999984741211,97.0999984741211,112.0999984741211,31742998
2015-08-26,111.0,114.30000305175781,108.30000305175781,110.5999984741211,15914583
2015-08-27,115.5,116.0999984741211,108.4000015258789,114.75,19325858
2015-08-28,117.69999694824219,119.5,111.55000305175781,115.19999694824219,15818307
2015-08-31,114.0999984741211,117.0,109.4000015258789,110.9000015258789,11098531
2015-09-01,108.0,111.3499984741211,104.0999984741211,105.80000305175781,10905474
2015-09-02,108.30000305175781,114.25,107.4000015258789,109.69999694824219,15425527
2015-09-03,113.0,123.05000305175781,111.8499984741211,120.5999984741211,25615172
2015-09-04,120.0,120.30000305175781,111.19999694824219,116.75,21553097
2015-09-07,116.0,118.19999694824219,111.69999694824219,112.69999694824219,11584547
2015-09-08,114.5,123.75,112.80000305175781,120.3499984741211,15552677
2015-09-09,125.0,125.80000305175781,120.80000305175781,122.5,12003425
2015-09-10,117.1500015258789,126.05000305175781,116.5999984741211,123.9000015258789,14458515
2015-09-11,126.0,127.5999984741211,123.55000305175781,124.80000305175781,11524766
2015-09-14,124.80000305175781,126.6500015258789,122.6500015258789,126.0999984741211,6333571
2015-09-15,125.19999694824219,127.80000305175781,121.80000305175781,122.3499984741211,8814580
2015-09-16,125.0,126.0,121.1500015258789,123.5999984741211,8706660
2015-09-18,125.5,131.0,125.05000305175781,126.3499984741211,15618398
2015-09-21,124.4000015258789,129.4499969482422,123.0,127.9000015258789,6851388
2015-09-22,129.5,130.35000610351562,123.55000305175781,124.69999694824219,10774572
2015-09-23,122.5,127.94999694824219,121.94999694824219,127.1500015258789,7451135
2015-09-24,126.5,128.85000610351562,125.75,126.55000305175781,5550016
2015-09-28,126.0,133.75,124.8499984741211,129.5500030517578,16531994
2015-09-29,127.4000015258789,137.3000030517578,126.30000305175781,134.60000610351562,19676328
2015-09-30,136.5,138.75,135.14999389648438,137.35000610351562,11501067
2015-10-01,138.75,138.8000030517578,132.6999969482422,134.1999969482422,9524729
2015-10-05,134.85000610351562,136.9499969482422,132.5,133.9499969482422,10221555
2015-10-06,134.5,137.6999969482422,134.5,135.1999969482422,7406199
2015-10-07,135.35000610351562,140.35000610351562,134.25,138.39999389648438,11799500
2015-10-08,139.9499969482422,141.3000030517578,136.75,138.64999389648438,12039618
2015-10-09,141.89999389648438,142.89999389648438,138.35000610351562,139.9499969482422,14305062
2015-10-12,138.9499969482422,139.8000030517578,135.39999389648438,136.14999389648438,5557629
2015-10-13,135.5500030517578,138.4499969482422,135.5500030517578,136.85000610351562,5706788
2015-10-14,136.85000610351562,138.0,132.9499969482422,133.39999389648438,7010057
2015-10-15,134.89999389648438,136.14999389648438,134.0,134.5500030517578,4734016
2015-10-16,130.0,132.3000030517578,127.6500015258789,128.1999969482422,10170319
2015-10-19,129.25,133.1999969482422,127.80000305175781,132.14999389648438,8117129
2015-10-20,133.6999969482422,133.89999389648438,130.25,131.6999969482422,4776614
2015-10-21,131.6999969482422,132.89999389648438,128.0,128.85000610351562,4867466
2015-10-23,132.0,132.5,129.25,130.0500030517578,4911591
2015-10-26,130.89999389648438,131.64999389648438,128.35000610351562,129.0,3917714
2015-10-27,128.85000610351562,129.0,126.6500015258789,126.94999694824219,5584642
2015-10-28,126.0,126.5,122.6500015258789,123.9000015258789,6074089
2015-10-29,124.19999694824219,125.5,119.6500015258789,120.4000015258789,9660966
2015-10-30,121.44999694824219,122.44999694824219,115.25,116.5,8635267
2015-11-02,116.5,119.80000305175781,114.55000305175781,118.69999694824219,7266316
2015-11-03,119.9000015258789,121.5,119.0,120.0999984741211,7229734
2015-11-04,124.19999694824219,125.69999694824219,121.5,122.3499984741211,15016029
2015-11-05,121.6500015258789,123.3499984741211,115.5999984741211,116.1500015258789,9484039
2015-11-06,117.30000305175781,119.5999984741211,115.80000305175781,118.5,5980063
2015-11-09,113.0,115.9000015258789,112.5999984741211,113.9000015258789,11326083
2015-11-10,114.0,114.94999694824219,108.3499984741211,108.75,8682106
2015-11-13,110.69999694824219,112.3499984741211,108.5999984741211,110.19999694824219,8429796
2015-11-16,110.0,110.80000305175781,108.0999984741211,109.8499984741211,6728402
2015-11-17,111.25,113.5,111.0,111.4000015258789,8446681
2015-11-18,111.44999694824219,111.94999694824219,105.55000305175781,106.5,7988700
2015-11-19,108.0,108.4000015258789,102.80000305175781,103.30000305175781,15834962
2015-11-20,103.4000015258789,106.0,101.80000305175781,102.25,12556533
2015-11-23,102.9000015258789,104.5,102.3499984741211,103.1500015258789,8349362
2015-11-24,103.4000015258789,108.0,103.1500015258789,107.1500015258789,16020202
2015-11-26,109.0,116.5,108.5,113.55000305175781,29194432
2015-11-27,114.9000015258789,115.6500015258789,112.0999984741211,114.05000305175781,13200331
2015-11-30,114.4000015258789,116.80000305175781,112.55000305175781,116.0,34796886
2015-12-01,116.19999694824219,118.75,115.0,117.9000015258789,13399897
2015-12-02,118.3499984741211,119.0,115.75,117.05000305175781,6745535
2015-12-03,116.0999984741211,120.44999694824219,115.75,118.9000015258789,9642164
2015-12-04,117.5,118.9000015258789,116.4000015258789,117.1500015258789,5909089
2015-12-07,117.5,118.44999694824219,115.55000305175781,116.5999984741211,6098766
2015-12-08,115.30000305175781,117.19999694824219,109.75,110.4000015258789,7803535
2015-12-09,109.9000015258789,111.80000305175781,107.0999984741211,110.44999694824219,12680778
2015-12-10,112.5,113.5,110.4000015258789,111.55000305175781,7655638
2015-12-11,112.0,112.4000015258789,106.19999694824219,108.19999694824219,8413623
2015-12-14,107.5,110.1500015258789,105.4000015258789,107.05000305175781,7780225
2015-12-15,108.0,108.9000015258789,107.0999984741211,108.30000305175781,4827608
2015-12-16,109.0999984741211,114.5,108.9000015258789,113.0999984741211,12638792
2015-12-17,114.5,115.8499984741211,113.0999984741211,115.3499984741211,7506273
2015-12-18,115.30000305175781,116.94999694824219,114.0999984741211,114.55000305175781,7709429
2015-12-21,114.80000305175781,116.5,113.8499984741211,116.0999984741211,5152431
2015-12-22,116.69999694824219,117.75,112.8499984741211,113.44999694824219,6661928
2015-12-23,114.30000305175781,117.0999984741211,113.69999694824219,116.0999984741211,11304857
2015-12-24,116.4000015258789,116.5,113.8499984741211,114.3499984741211,6186623
2015-12-28,114.1500015258789,115.9000015258789,113.0999984741211,115.1500015258789,6178737
2015-12-29,115.94999694824219,116.30000305175781,112.5,113.80000305175781,6738765
2015-12-30,114.0999984741211,114.94999694824219,113.1500015258789,113.9000015258789,4680277
2015-12-31,114.0999984741211,116.75,113.69999694824219,116.0,11801392
2016-01-01,115.94999694824219,122.0,115.19999694824219,121.55000305175781,13839642
2016-01-04,120.4000015258789,122.75,117.55000305175781,118.4000015258789,11343369
2016-01-05,119.4000015258789,121.0999984741211,118.0,118.4000015258789,23815902
2016-01-06,118.9000015258789,119.30000305175781,114.25,114.75,10845589
2016-01-07,113.0,113.0,105.75,106.80000305175781,24867867
2016-01-08,107.30000305175781,113.5999984741211,107.05000305175781,112.19999694824219,22157004
2016-01-11,109.25,113.4000015258789,107.55000305175781,112.19999694824219,11597335
2016-01-12,113.25,113.55000305175781,107.55000305175781,109.75,9515402
2016-01-13,111.5,114.0,104.25,110.0999984741211,19405771
2016-01-14,106.94999694824219,108.4000015258789,105.0,105.8499984741211,14789012
2016-01-15,106.3499984741211,107.69999694824219,98.44999694824219,99.6500015258789,14467548
2016-01-18,100.30000305175781,101.5999984741211,95.0999984741211,96.05000305175781,13670077
2016-01-19,96.0,98.0999984741211,93.44999694824219,96.1500015258789,13598821
2016-01-20,93.9000015258789,93.9000015258789,90.0,92.25,15236321
2016-01-21,93.69999694824219,94.69999694824219,90.30000305175781,91.6500015258789,11253754
2016-01-22,93.05000305175781,95.75,92.5,94.55000305175781,11036494
2016-01-25,95.80000305175781,95.80000305175781,92.0999984741211,93.5,8165215
2016-01-27,94.6500015258789,97.25,93.80000305175781,95.6500015258789,10692219
2016-01-28,95.30000305175781,95.80000305175781,93.5999984741211,94.44999694824219,11425084
2016-01-29,94.6500015258789,97.44999694824219,92.9000015258789,96.3499984741211,8899820
2016-02-01,96.5,98.0,95.69999694824219,96.75,7072185
2016-02-02,96.5,97.3499984741211,92.5999984741211,93.3499984741211,8889021
2016-02-03,93.0,96.8499984741211,92.4000015258789,93.3499984741211,15694636
2016-02-04,94.69999694824219,96.0,93.94999694824219,94.6500015258789,10105186
2016-02-05,94.69999694824219,96.44999694824219,93.25,95.8499984741211,7240006
2016-02-08,96.80000305175781,101.1500015258789,96.0,96.1500015258789,14149568
2016-02-09,94.8499984741211,97.30000305175781,94.44999694824219,95.5,7210910
2016-02-10,95.3499984741211,95.6500015258789,89.0,90.4000015258789,13605261
2016-02-11,90.05000305175781,90.30000305175781,80.0,81.30000305175781,20934839
2016-02-12,83.4000015258789,83.4000015258789,72.3499984741211,81.4000015258789,24614028
2016-02-15,83.19999694824219,90.5999984741211,83.19999694824219,89.6500015258789,13690696
2016-02-16,91.25,91.94999694824219,85.05000305175781,85.69999694824219,13751512
2016-02-17,86.0999984741211,89.0,83.30000305175781,88.44999694824219,11679234
2016-02-18,89.5,90.6500015258789,83.80000305175781,86.5999984741211,10288734
2016-02-19,86.69999694824219,89.19999694824219,85.5,88.05000305175781,8330679
2016-02-22,88.8499984741211,89.5999984741211,87.55000305175781,89.0,6052510
2016-02-23,88.9000015258789,89.05000305175781,84.4000015258789,85.0,8318356
2016-02-24,83.9000015258789,86.5999984741211,83.5999984741211,85.0,7187259
2016-02-25,85.5,85.9000015258789,83.05000305175781,83.4000015258789,9548107
2016-02-26,84.94999694824219,87.94999694824219,84.5,87.25,9203996
2016-02-29,87.80000305175781,92.80000305175781,85.0999984741211,88.94999694824219,15387741
2016-03-01,89.0999984741211,99.30000305175781,89.0999984741211,98.0999984741211,19666292
2016-03-02,101.0,112.80000305175781,99.25,107.80000305175781,34675068
2016-03-03,109.1500015258789,109.1500015258789,104.80000305175781,106.44999694824219,11115302
2016-03-04,106.19999694824219,110.80000305175781,104.5,107.9000015258789,10961088
2016-03-08,107.5,109.5999984741211,105.5999984741211,106.8499984741211,9299049
2016-03-09,105.19999694824219,108.80000305175781,104.5,107.3499984741211,10457873
2016-03-10,108.3499984741211,108.5,105.3499984741211,105.94999694824219,6860605
2016-03-11,103.4000015258789,111.4000015258789,102.5,106.44999694824219,26833249
2016-03-14,107.69999694824219,108.5999984741211,104.30000305175781,105.4000015258789,8635066
2016-03-15,105.6500015258789,107.5999984741211,105.0999984741211,105.5999984741211,9132567
2016-03-16,106.94999694824219,108.19999694824219,104.80000305175781,106.55000305175781,10007848
2016-03-17,108.0,108.5,104.6500015258789,105.0999984741211,7543412
2016-03-18,107.5,108.4000015258789,105.75,107.4000015258789,8475673
2016-03-21,107.9000015258789,110.19999694824219,106.80000305175781,109.1500015258789,8141983
2016-03-22,109.69999694824219,115.5999984741211,108.80000305175781,114.8499984741211,18872438
2016-03-23,115.44999694824219,116.55000305175781,114.5999984741211,115.5,10136686
2016-03-28,114.4000015258789,114.4000015258789,105.25,106.5,10095751
2016-03-29,107.19999694824219,108.4000015258789,105.5999984741211,106.69999694824219,7004971
2016-03-30,108.30000305175781,116.4000015258789,107.6500015258789,115.0,15363987
2016-03-31,114.19999694824219,116.0,112.0999984741211,114.75,11142294
2016-04-01,114.5,121.3499984741211,113.19999694824219,120.9000015258789,17306758
2016-04-04,121.30000305175781,121.80000305175781,117.30000305175781,118.75,12288518
2016-04-05,116.0,120.30000305175781,112.6500015258789,113.4000015258789,16267710
2016-04-06,114.0,117.1500015258789,112.4000015258789,114.44999694824219,12189393
2016-04-07,114.44999694824219,116.4000015258789,112.94999694824219,113.55000305175781,9853984
2016-04-08,113.5,119.0999984741211,113.30000305175781,118.4000015258789,13325258
2016-04-11,119.5,122.44999694824219,119.05000305175781,120.69999694824219,13957492
2016-04-12,121.25,121.80000305175781,118.55000305175781,119.44999694824219,9056627
2016-04-13,120.75,123.6500015258789,120.1500015258789,121.8499984741211,10538401
2016-04-18,122.19999694824219,125.5,120.94999694824219,125.05000305175781,11352407
2016-04-20,125.0999984741211,125.9000015258789,123.4000015258789,124.0999984741211,8766759
2016-04-21,125.0,127.30000305175781,122.05000305175781,123.19999694824219,9584546
2016-04-22,122.30000305175781,124.19999694824219,121.75,122.55000305175781,5007587
2016-04-25,122.0999984741211,123.4000015258789,119.1500015258789,120.0999984741211,6302885
2016-04-26,119.4000015258789,124.6500015258789,118.8499984741211,124.19999694824219,9015929
2016-04-27,124.9000015258789,125.4000015258789,122.4000015258789,123.30000305175781,5167178
2016-04-28,123.80000305175781,128.85000610351562,122.0999984741211,125.5,18810331
2016-04-29,125.6500015258789,130.14999389648438,123.1500015258789,129.5,12087081
2016-05-02,128.9499969482422,131.1999969482422,127.5999984741211,128.64999389648438,9629704
2016-05-03,128.89999389648438,131.5,126.5,127.05000305175781,9414896
2016-05-04,126.44999694824219,127.69999694824219,119.5,120.44999694824219,8642677
2016-05-05,120.75,125.44999694824219,119.30000305175781,124.44999694824219,10228459
2016-05-06,123.94999694824219,126.6500015258789,122.0,125.5999984741211,6731862
2016-05-09,127.0,128.89999389648438,126.0,128.10000610351562,5688052
2016-05-10,128.0,129.14999389648438,126.69999694824219,127.75,4521620
2016-05-11,124.5,128.0500030517578,124.25,125.8499984741211,5023710
2016-05-12,125.0999984741211,129.35000610351562,125.0999984741211,127.75,6756502
2016-05-13,127.4000015258789,128.39999389648438,121.05000305175781,121.9000015258789,8847558
2016-05-16,122.0999984741211,124.5999984741211,120.0999984741211,124.3499984741211,7268491
2016-05-17,125.19999694824219,127.19999694824219,123.05000305175781,124.0999984741211,6173132
2016-05-18,123.4000015258789,127.94999694824219,121.19999694824219,127.44999694824219,7739823
2016-05-19,126.94999694824219,130.1999969482422,123.5,124.05000305175781,12052622
2016-05-20,124.69999694824219,126.0,121.80000305175781,122.69999694824219,7301220
2016-05-23,123.75,124.30000305175781,120.3499984741211,121.25,7524569
2016-05-24,120.9000015258789,122.5,117.30000305175781,120.0,7619962
2016-05-25,122.75,123.9000015258789,121.4000015258789,122.6500015258789,6804541
2016-05-26,123.19999694824219,128.85000610351562,122.0,128.0,9987824
2016-05-27,128.3000030517578,130.9499969482422,127.25,128.9499969482422,9393704
2016-05-30,129.0,133.89999389648438,126.05000305175781,126.5,11531109
2016-05-31,127.5,131.5,126.0999984741211,129.89999389648438,12446435
2016-06-01,129.5,133.8000030517578,128.10000610351562,133.10000610351562,14691766
2016-06-02,133.10000610351562,134.39999389648438,131.6999969482422,133.64999389648438,10545181
2016-06-03,133.64999389648438,137.1999969482422,130.39999389648438,131.9499969482422,12645560
2016-06-06,132.89999389648438,133.89999389648438,131.1999969482422,132.39999389648438,5864842
2016-06-07,133.64999389648438,135.6999969482422,131.85000610351562,135.3000030517578,8311974
2016-06-08,134.85000610351562,137.5,133.64999389648438,136.6999969482422,9818976
2016-06-09,137.3000030517578,138.10000610351562,134.85000610351562,136.14999389648438,6172794
2016-06-10,135.75,137.5500030517578,133.1999969482422,134.10000610351562,6155550
2016-06-13,132.5,132.6999969482422,128.5,130.39999389648438,7119260
2016-06-14,133.0,134.0,131.5,132.5500030517578,6640787
2016-06-15,133.10000610351562,133.8000030517578,131.6999969482422,132.6999969482422,2876802
2016-06-16,132.3000030517578,132.4499969482422,128.3000030517578,130.89999389648438,5263299
2016-06-17,133.64999389648438,135.8000030517578,132.64999389648438,134.4499969482422,8936573
2016-06-20,133.89999389648438,140.35000610351562,133.14999389648438,138.5,12367976
2016-06-21,138.85000610351562,139.5,136.5500030517578,137.8000030517578,5498667
2016-06-22,138.0500030517578,141.1999969482422,137.35000610351562,140.25,10610999
2016-06-23,139.0,139.5,136.14999389648438,138.10000610351562,6048153
2016-06-24,132.4499969482422,134.10000610351562,126.6500015258789,133.4499969482422,14541272
2016-06-27,132.8000030517578,135.89999389648438,132.35000610351562,134.75,4851415
2016-06-28,134.5,136.0,132.3000030517578,133.39999389648438,5566838
2016-06-29,140.6999969482422,147.6999969482422,139.89999389648438,143.64999389648438,42895387
2016-06-30,145.0,150.5500030517578,144.4499969482422,149.9499969482422,19438012
2016-07-01,150.89999389648438,152.64999389648438,149.1999969482422,151.4499969482422,11574298
2016-07-04,151.75,161.1999969482422,151.14999389648438,158.89999389648438,19451557
2016-07-05,158.5,160.35000610351562,155.1999969482422,156.6999969482422,10559208
2016-07-07,157.5,159.0500030517578,154.6999969482422,155.10000610351562,7601802
2016-07-08,159.0,159.5,152.75,154.60000610351562,10908641
2016-07-11,158.35000610351562,159.0,156.6999969482422,158.1999969482422,7601771
2016-07-12,158.0,162.0,155.8000030517578,161.0,8393495
2016-07-13,162.0,163.39999389648438,153.10000610351562,157.10000610351562,13610391
2016-07-14,157.0,158.5,155.5,156.5,5123783
2016-07-15,157.8000030517578,159.1999969482422,155.0500030517578,156.9499969482422,7725596
2016-07-18,157.89999389648438,159.25,153.5500030517578,154.3000030517578,4544998
2016-07-19,154.14999389648438,155.25,149.85000610351562,152.10000610351562,6455047
2016-07-20,152.5,158.75,152.10000610351562,157.6999969482422,8217737
2016-07-21,158.10000610351562,159.39999389648438,153.8000030517578,154.5,5183806
2016-07-22,154.5,158.89999389648438,153.75,158.35000610351562,6604161
2016-07-25,158.0,164.5500030517578,157.0500030517578,163.89999389648438,10042713
2016-07-26,163.9499969482422,165.0,160.25,161.0,6790619
2016-07-27,161.89999389648438,162.85000610351562,156.25,160.25,7824307
2016-07-28,161.0,163.0,159.8000030517578,161.85000610351562,5545763
2016-07-29,162.60000610351562,165.60000610351562,160.64999389648438,161.3000030517578,7486440
2016-08-01,162.8000030517578,163.75,157.35000610351562,161.5,6475441
2016-08-02,161.75,161.9499969482422,156.60000610351562,158.10000610351562,5391899
2016-08-03,158.3000030517578,159.3000030517578,153.64999389648438,154.64999389648438,4905592
2016-08-04,155.9499969482422,163.39999389648438,152.60000610351562,162.14999389648438,7739610
2016-08-05,163.5,165.9499969482422,161.14999389648438,164.5,7706238
2016-08-08,165.10000610351562,167.6999969482422,164.10000610351562,165.5500030517578,6357438
2016-08-09,166.0,168.89999389648438,163.0500030517578,167.35000610351562,7704784
2016-08-10,167.0500030517578,169.1999969482422,163.64999389648438,166.9499969482422,7330513
2016-08-11,166.4499969482422,166.64999389648438,158.6999969482422,161.89999389648438,9195450
2016-08-12,162.75,164.0,161.0500030517578,162.60000610351562,3747892
2016-08-16,162.35000610351562,165.89999389648438,159.10000610351562,165.1999969482422,5812605
2016-08-17,165.9499969482422,168.14999389648438,163.89999389648438,165.75,6975285
2016-08-18,166.10000610351562,168.89999389648438,165.4499969482422,167.35000610351562,4291420
2016-08-19,167.0,169.60000610351562,166.10000610351562,167.75,5937716
2016-08-22,167.10000610351562,168.25,163.6999969482422,164.60000610351562,5088269
2016-08-23,164.35000610351562,164.60000610351562,161.10000610351562,162.89999389648438,5141350
2016-08-24,162.89999389648438,164.75,161.14999389648438,164.1999969482422,3535845
2016-08-25,164.14999389648438,165.64999389648438,161.0,161.5500030517578,5398380
2016-08-26,162.60000610351562,163.6999969482422,158.5,159.6999969482422,7094058
2016-08-29,160.1999969482422,160.1999969482422,156.60000610351562,158.3000030517578,6296807
2016-08-30,156.89999389648438,163.64999389648438,155.0,162.14999389648438,12708939
2016-08-31,164.25,165.25,153.85000610351562,154.85000610351562,15020668
2016-09-01,155.0,156.3000030517578,146.60000610351562,148.75,12773096
2016-09-02,150.9499969482422,151.9499969482422,148.35000610351562,150.0,9634895
2016-09-06,152.64999389648438,152.64999389648438,149.0500030517578,150.5,6318529
2016-09-07,151.0,154.35000610351562,149.35000610351562,151.85000610351562,7441241
2016-09-08,152.5,157.75,152.0,156.6999969482422,8597979
2016-09-09,156.89999389648438,159.39999389648438,152.5500030517578,158.0,7787823
2016-09-12,152.75,154.0,143.10000610351562,145.39999389648438,11042338
2016-09-14,144.8000030517578,148.10000610351562,142.5,144.4499969482422,11765899
2016-09-15,144.25,146.39999389648438,142.25,144.5,10577943
2016-09-16,145.6999969482422,149.35000610351562,145.1999969482422,146.3000030517578,12364546
2016-09-19,147.10000610351562,152.60000610351562,145.60000610351562,152.0,12049100
2016-09-20,152.64999389648438,152.6999969482422,146.14999389648438,147.5500030517578,8883681
2016-09-21,148.39999389648438,150.1999969482422,147.5,148.14999389648438,4976653
2016-09-22,150.10000610351562,154.1999969482422,149.35000610351562,153.75,8962007
2016-09-23,155.4499969482422,159.1999969482422,153.25,155.89999389648438,17333176
2016-09-26,154.8000030517578,156.64999389648438,150.10000610351562,152.9499969482422,9509307
2016-09-27,153.6999969482422,154.75,151.1999969482422,153.39999389648438,6374076
2016-09-28,153.75,156.89999389648438,152.89999389648438,156.0,6905698
2016-09-29,157.60000610351562,158.0,138.10000610351562,140.0500030517578,16630508
2016-09-30,140.0500030517578,147.14999389648438,140.0,146.14999389648438,10650160
2016-10-03,148.0,153.6999969482422,148.0,152.85000610351562,10778413
2016-10-04,153.9499969482422,154.3000030517578,151.10000610351562,153.39999389648438,7469692
2016-10-05,154.35000610351562,160.3000030517578,152.3000030517578,158.89999389648438,15224569
2016-10-06,158.5500030517578,160.10000610351562,153.39999389648438,155.14999389648438,8221064
2016-10-07,155.8000030517578,157.25,154.10000610351562,155.9499969482422,6472064
2016-10-10,156.8000030517578,156.89999389648438,152.75,154.0,3988033
2016-10-13,152.89999389648438,152.89999389648438,144.85000610351562,147.75,7214854
2016-10-14,149.0,151.5500030517578,146.5500030517578,150.1999969482422,5895646
2016-10-17,150.9499969482422,151.8000030517578,145.64999389648438,146.75,7234378
2016-10-18,147.89999389648438,152.14999389648438,147.25,151.60000610351562,5252551
2016-10-19,152.35000610351562,152.35000610351562,149.10000610351562,150.39999389648438,4015890
2016-10-20,152.6999969482422,155.3000030517578,151.64999389648438,153.89999389648438,5925299
2016-10-21,155.14999389648438,157.3000030517578,153.14999389648438,156.14999389648438,6980247
2016-10-24,156.5500030517578,157.8000030517578,153.39999389648438,155.14999389648438,5602564
2016-10-25,155.60000610351562,155.6999969482422,153.10000610351562,154.10000610351562,3427736
2016-10-26,153.5,155.5,150.5,152.0500030517578,4650948
2016-10-27,151.1999969482422,152.1999969482422,146.5,148.5500030517578,7269720
2016-10-28,149.0,151.25,148.6999969482422,150.5,4626709
2016-11-01,150.3000030517578,151.89999389648438,148.5,149.5500030517578,4973982
2016-11-02,147.89999389648438,148.0,144.0,144.85000610351562,6209733
2016-11-03,144.8000030517578,146.8000030517578,142.39999389648438,143.1999969482422,4951613
2016-11-04,144.0,144.1999969482422,138.10000610351562,139.3000030517578,6647178
2016-11-07,141.0,145.25,140.60000610351562,144.0500030517578,7378917
2016-11-08,144.5500030517578,144.8000030517578,141.25,143.35000610351562,4029122
2016-11-09,129.0500030517578,129.0500030517578,108.3499984741211,118.5999984741211,36191940
2016-11-10,120.44999694824219,136.35000610351562,120.30000305175781,125.5,32695378
2016-11-11,121.0,121.3499984741211,112.5999984741211,116.44999694824219,23755323
2016-11-15,114.0999984741211,118.19999694824219,110.3499984741211,114.4000015258789,14035061
2016-11-16,116.55000305175781,118.8499984741211,107.5,108.55000305175781,17638482
2016-11-17,108.4000015258789,113.4000015258789,107.30000305175781,112.0999984741211,13921559
2016-11-18,112.8499984741211,117.0,110.55000305175781,116.4000015258789,11157992
2016-11-21,116.0999984741211,117.0,107.3499984741211,108.5999984741211,14306214
2016-11-22,109.0,112.94999694824219,104.1500015258789,111.4000015258789,16337790
2016-11-23,113.44999694824219,117.75,112.19999694824219,117.0999984741211,16480030
2016-11-24,114.44999694824219,115.9000015258789,111.80000305175781,113.05000305175781,12910649
2016-11-25,113.75,114.5,110.0,112.30000305175781,10486910
2016-11-28,112.25,114.5999984741211,111.80000305175781,113.19999694824219,6711172
2016-11-29,113.69999694824219,116.9000015258789,113.05000305175781,114.9000015258789,7594261
2016-11-30,114.9000015258789,116.19999694824219,113.25,115.0,5830767
2016-12-01,115.19999694824219,115.8499984741211,111.5,112.25,7192775
2016-12-02,110.25,111.8499984741211,109.05000305175781,109.8499984741211,8694046
2016-12-05,109.75,115.3499984741211,109.3499984741211,113.5999984741211,7298234
2016-12-06,115.05000305175781,117.0,114.4000015258789,116.0,6912900
2016-12-07,116.0999984741211,117.5,110.80000305175781,111.94999694824219,7461789
2016-12-08,113.55000305175781,114.94999694824219,112.44999694824219,113.0999984741211,7453200
2016-12-09,113.5,115.9000015258789,113.19999694824219,114.9000015258789,5844410
2016-12-12,116.0,116.69999694824219,112.25,113.30000305175781,8912797
2016-12-13,113.55000305175781,113.8499984741211,110.80000305175781,112.0999984741211,6829277
2016-12-14,112.5999984741211,114.5,112.0,112.44999694824219,4973885
2016-12-15,111.4000015258789,114.0,111.25,112.69999694824219,4739653
2016-12-16,113.1500015258789,113.4000015258789,111.0,111.8499984741211,4453846
2016-12-19,112.0,112.55000305175781,111.25,111.80000305175781,2898287
2016-12-20,112.5,113.69999694824219,111.25,113.05000305175781,6896404
2016-12-21,113.05000305175781,118.3499984741211,113.05000305175781,117.44999694824219,11689427
2016-12-22,117.0,118.44999694824219,114.19999694824219,115.19999694824219,11114684
2016-12-23,114.25,115.94999694824219,113.25,113.75,4776463
2016-12-26,112.30000305175781,113.0,104.3499984741211,105.1500015258789,14954475
2016-12-27,103.5,109.0,101.0,108.25,16371003
2016-12-28,108.30000305175781,109.4000015258789,106.0999984741211,107.5,7994734
2016-12-29,107.5,111.80000305175781,106.44999694824219,110.4000015258789,8044656
2016-12-30,110.0,113.25,109.94999694824219,111.4000015258789,9772851
2017-01-02,116.0,121.0999984741211,113.94999694824219,118.69999694824219,17254054
2017-01-03,118.80000305175781,121.0,116.5999984741211,119.05000305175781,10163888
2017-01-04,120.30000305175781,125.8499984741211,119.05000305175781,125.5,15556248
2017-01-05,126.44999694824219,127.80000305175781,124.44999694824219,126.6500015258789,10194043
2017-01-06,125.75,129.25,125.05000305175781,126.55000305175781,8297099
2017-01-09,126.5999984741211,128.89999389648438,125.0999984741211,126.5,5755448
2017-01-10,127.0,127.8499984741211,123.8499984741211,125.19999694824219,9567194
2017-01-11,126.0,126.30000305175781,123.5,125.0,11964645
2017-01-12,125.3499984741211,126.9000015258789,123.3499984741211,125.25,5485659
2017-01-13,125.44999694824219,125.94999694824219,122.4000015258789,124.0999984741211,4883025
2017-01-16,125.5,131.3000030517578,125.0999984741211,129.85000610351562,15016258
2017-01-17,130.0,132.89999389648438,130.0,131.64999389648438,13094098
2017-01-18,132.0,132.85000610351562,130.5500030517578,131.85000610351562,5670699
2017-01-19,132.0,133.3000030517578,131.1999969482422,132.39999389648438,5034258
2017-01-20,131.89999389648438,134.14999389648438,127.69999694824219,128.5500030517578,7480437
2017-01-23,127.19999694824219,131.39999389648438,126.80000305175781,130.9499969482422,5985563
2017-01-24,131.1999969482422,132.0500030517578,130.10000610351562,131.5500030517578,3742764
2017-01-25,132.10000610351562,138.5,131.64999389648438,137.39999389648438,14393650
2017-01-27,138.9499969482422,140.0,134.39999389648438,135.60000610351562,7232481
2017-01-30,136.0500030517578,138.8000030517578,135.0,136.9499969482422,6615785
2017-01-31,136.6999969482422,138.4499969482422,134.14999389648438,134.9499969482422,5164436
2017-02-01,136.6999969482422,145.8000030517578,135.35000610351562,143.8000030517578,23720780
2017-02-02,143.64999389648438,143.64999389648438,139.8000030517578,141.60000610351562,8229573
2017-02-03,142.0,144.9499969482422,141.10000610351562,143.5500030517578,6178195
2017-02-06,144.60000610351562,149.3000030517578,144.14999389648438,145.3000030517578,11329261
2017-02-07,145.8000030517578,145.8000030517578,142.10000610351562,143.85000610351562,4804023
2017-02-08,144.4499969482422,146.5,141.60000610351562,145.60000610351562,6058533
2017-02-09,145.89999389648438,150.14999389648438,144.8000030517578,148.39999389648438,10594956
2017-02-10,148.8000030517578,149.10000610351562,145.75,147.89999389648438,4847914
2017-02-13,148.60000610351562,149.5500030517578,145.5,147.75,4808927
2017-02-14,148.6999969482422,151.9499969482422,146.0,147.4499969482422,14302511
2017-02-15,142.6999969482422,143.64999389648438,136.1999969482422,137.14999389648438,12945909
2017-02-16,137.1999969482422,141.6999969482422,134.3000030517578,140.9499969482422,11808631
2017-02-17,141.5,143.0,139.5,142.35000610351562,7949339
2017-02-20,143.0,148.0,141.5500030517578,146.1999969482422,9312118
2017-02-21,146.85000610351562,146.9499969482422,144.5,145.6999969482422,5799694
2017-02-22,145.5500030517578,149.4499969482422,145.10000610351562,146.0500030517578,7831609
2017-02-23,146.64999389648438,149.75,145.3000030517578,148.85000610351562,5773590
2017-02-27,148.8000030517578,149.6999969482422,145.8000030517578,146.5500030517578,4449446
2017-02-28,147.0,152.39999389648438,146.1999969482422,150.4499969482422,6685184
2017-03-01,154.89999389648438,155.39999389648438,152.39999389648438,153.25,13921277
2017-03-02,155.0,155.0,139.14999389648438,140.89999389648438,24557116
2017-03-03,140.64999389648438,144.6999969482422,140.10000610351562,144.10000610351562,9081762
2017-03-06,144.9499969482422,146.3000030517578,142.3000030517578,145.5500030517578,7408417
2017-03-07,145.89999389648438,146.35000610351562,144.0,145.10000610351562,4378211
2017-03-08,145.0,145.64999389648438,140.39999389648438,142.60000610351562,6885998
2017-03-09,142.10000610351562,144.10000610351562,141.10000610351562,142.3000030517578,4638620
2017-03-10,143.1999969482422,144.10000610351562,140.85000610351562,141.85000610351562,5209705
2017-03-14,146.0500030517578,147.4499969482422,143.10000610351562,146.60000610351562,8595586
2017-03-15,146.60000610351562,147.60000610351562,144.60000610351562,146.39999389648438,5082042
2017-03-16,148.0,149.89999389648438,147.3000030517578,149.25,5838034
2017-03-17,149.3000030517578,150.64999389648438,146.5,147.64999389648438,4084969
2017-03-20,147.60000610351562,149.3000030517578,146.5500030517578,147.5500030517578,3235278
2017-03-21,147.8000030517578,148.8000030517578,145.89999389648438,148.25,4320165
2017-03-22,146.89999389648438,147.5,140.8000030517578,145.5500030517578,4723040
2017-03-23,146.35000610351562,147.60000610351562,146.14999389648438,146.6999969482422,3081249
2017-03-24,146.4499969482422,149.39999389648438,146.25,148.35000610351562,4144163
2017-03-27,147.6999969482422,148.9499969482422,147.0,147.5500030517578,3923843
2017-03-28,148.0,150.10000610351562,147.89999389648438,149.0500030517578,5012691
2017-03-29,149.0,150.39999389648438,148.3000030517578,148.89999389648438,4816470
2017-03-30,148.3000030517578,151.9499969482422,148.10000610351562,149.25,12937597
2017-03-31,150.64999389648438,150.64999389648438,148.10000610351562,148.64999389648438,4076648
2017-04-03,148.60000610351562,149.25,146.1999969482422,146.85000610351562,4274831
2017-04-05,147.5,150.64999389648438,146.89999389648438,149.8000030517578,6986613
2017-04-06,149.39999389648438,159.0,148.8000030517578,156.39999389648438,17207813
2017-04-07,156.39999389648438,159.25,153.10000610351562,154.25,8996688
2017-04-10,153.35000610351562,157.64999389648438,153.1999969482422,156.75,5950689
2017-04-11,156.0500030517578,160.89999389648438,155.6999969482422,159.35000610351562,10822728
2017-04-12,159.6999969482422,162.0,156.0,159.9499969482422,10315529
2017-04-13,160.0,161.85000610351562,158.39999389648438,159.64999389648438,5789046
2017-04-17,160.0,173.6999969482422,157.85000610351562,172.60000610351562,28526267
2017-04-18,173.0,175.35000610351562,163.60000610351562,164.85000610351562,19137079
2017-04-19,162.5,170.1999969482422,162.5,169.25,10428734
2017-04-20,170.0,173.25,169.0500030517578,172.10000610351562,9305710
2017-04-21,172.5500030517578,188.35000610351562,170.60000610351562,183.4499969482422,45011030
2017-04-24,183.10000610351562,194.60000610351562,182.5500030517578,190.35000610351562,28555018
2017-04-25,193.0,197.4499969482422,192.0,194.1999969482422,16756066
2017-04-26,194.9499969482422,196.85000610351562,179.75,187.5500030517578,18731522
2017-04-27,188.4499969482422,191.3000030517578,184.60000610351562,189.8000030517578,12257947
2017-04-28,189.5,190.10000610351562,184.64999389648438,186.0,7476285
2017-05-02,186.8000030517578,192.0,186.0500030517578,189.35000610351562,7609476
2017-05-03,190.5,193.35000610351562,187.10000610351562,190.3000030517578,8608828
2017-05-04,190.60000610351562,191.39999389648438,183.64999389648438,186.39999389648438,7122915
2017-05-05,186.5,188.89999389648438,182.25,185.64999389648438,7971625
2017-05-08,186.0,198.60000610351562,183.1999969482422,197.0500030517578,19238717
2017-05-09,198.5,203.3000030517578,198.0,199.5,17753141
2017-05-10,200.89999389648438,201.10000610351562,196.25,199.39999389648438,7080125
2017-05-11,199.85000610351562,206.3000030517578,199.0,202.85000610351562,13522798
2017-05-12,202.4499969482422,209.75,197.10000610351562,208.35000610351562,21738528
2017-05-15,209.64999389648438,211.89999389648438,207.3000030517578,210.5,12610346
2017-05-16,210.0,213.6999969482422,208.3000030517578,212.5,11592567
2017-05-17,211.8000030517578,216.0,210.5,215.0500030517578,9094122
2017-05-18,212.0,213.89999389648438,206.5,207.6999969482422,11471530
2017-05-19,209.5,212.60000610351562,200.4499969482422,207.60000610351562,11082014
2017-05-22,210.0,211.35000610351562,204.0500030517578,205.10000610351562,7745012
2017-05-23,207.0,207.0,192.5500030517578,197.10000610351562,16994184
2017-05-24,197.5,199.35000610351562,186.60000610351562,190.35000610351562,14483933
2017-05-25,191.0,196.1999969482422,188.0500030517578,194.9499969482422,14048672
2017-05-26,195.39999389648438,197.1999969482422,192.39999389648438,194.0,9495071
2017-05-29,188.0,192.6999969482422,174.89999389648438,175.8000030517578,19081948
2017-05-30,175.0,180.89999389648438,170.1999969482422,180.0,18265873
2017-05-31,178.89999389648438,183.64999389648438,176.75,179.5500030517578,10473340
2017-06-01,179.9499969482422,181.39999389648438,175.60000610351562,176.75,9273199
2017-06-02,177.4499969482422,178.3000030517578,174.39999389648438,175.6999969482422,8463960
2017-06-05,175.4499969482422,179.5,174.9499969482422,176.89999389648438,7349444
2017-06-06,178.0,178.5,171.6999969482422,175.3000030517578,8789085
2017-06-07,176.0,179.5500030517578,172.75,174.35000610351562,10815850
2017-06-08,175.60000610351562,179.0,171.39999389648438,175.6999969482422,13797415
2017-06-09,175.0,185.75,175.0,184.85000610351562,19000069
2017-06-12,183.35000610351562,188.0500030517578,182.0500030517578,183.85000610351562,15479795
2017-06-13,184.5,187.5,183.9499969482422,184.9499969482422,8136505
2017-06-14,185.0,189.5,183.10000610351562,187.64999389648438,6729359
2017-06-15,188.25,192.9499969482422,188.10000610351562,192.0,13242649
2017-06-16,193.0,198.85000610351562,191.35000610351562,193.60000610351562,19120147
2017-06-19,194.0,195.35000610351562,190.5,192.8000030517578,8161493
2017-06-20,193.0,196.3000030517578,189.64999389648438,194.5500030517578,7376120
2017-06-21,194.89999389648438,198.8000030517578,193.5,197.14999389648438,9719001
2017-06-22,198.6999969482422,203.8000030517578,190.64999389648438,195.8000030517578,18969010
2017-06-23,196.10000610351562,197.85000610351562,186.14999389648438,192.0500030517578,15116428
2017-06-27,192.0,193.35000610351562,185.6999969482422,187.5,8839702
2017-06-28,185.39999389648438,193.0,183.5,190.75,10683977
2017-06-29,193.8000030517578,195.3000030517578,190.6999969482422,194.10000610351562,11224084
2017-06-30,191.89999389648438,192.39999389648438,187.8000030517578,190.6999969482422,8137908
2017-07-03,191.0,195.10000610351562,190.10000610351562,194.14999389648438,6845071
2017-07-04,196.0,196.85000610351562,192.6999969482422,195.0500030517578,7745660
2017-07-05,196.0,197.9499969482422,194.5500030517578,197.39999389648438,7418077
2017-07-06,198.0,203.89999389648438,197.75,201.14999389648438,11154086
2017-07-07,200.39999389648438,203.9499969482422,199.3000030517578,202.25,7112185
2017-07-10,203.3000030517578,206.39999389648438,201.4499969482422,203.14999389648438,3198674
2017-07-11,203.25,204.6999969482422,198.25,199.0,6557717
2017-07-12,199.64999389648438,201.6999969482422,198.35000610351562,200.5,4587004
2017-07-13,202.0,202.9499969482422,198.75,200.10000610351562,3424618
2017-07-14,199.0,203.5500030517578,199.0,201.5,5961999
2017-07-17,201.60000610351562,205.3000030517578,201.3000030517578,204.3000030517578,5713706
2017-07-18,203.5,205.5,198.75,200.0500030517578,6063387
2017-07-19,201.5,203.35000610351562,200.5500030517578,202.0500030517578,5981333
2017-07-20,203.0,207.1999969482422,202.14999389648438,203.0,11753965
2017-07-21,204.1999969482422,204.39999389648438,193.5500030517578,196.3000030517578,14365117
2017-07-24,195.8000030517578,198.5,193.14999389648438,194.0500030517578,7204958
2017-07-25,194.60000610351562,196.0500030517578,193.0,194.35000610351562,7832948
2017-07-26,196.1999969482422,197.8000030517578,194.89999389648438,195.60000610351562,10645929
2017-07-27,196.1999969482422,197.89999389648438,190.14999389648438,195.85000610351562,15756955
2017-07-28,194.9499969482422,195.8000030517578,190.10000610351562,191.25,6750640
2017-07-31,192.39999389648438,194.8000030517578,189.75,193.35000610351562,9598130
2017-08-01,194.5,195.64999389648438,192.14999389648438,193.5500030517578,6750072
2017-08-02,194.25,195.4499969482422,190.6999969482422,193.10000610351562,5609354
2017-08-03,192.5,196.3000030517578,189.0,190.25,6009655
2017-08-04,188.5,191.1999969482422,187.60000610351562,189.8000030517578,5101036
2017-08-07,190.0500030517578,193.39999389648438,190.0500030517578,191.35000610351562,4263872
2017-08-08,191.5500030517578,192.5,176.75,178.60000610351562,11942033
2017-08-09,176.5,182.89999389648438,172.60000610351562,178.85000610351562,13187103
2017-08-10,177.64999389648438,180.0,156.0,164.60000610351562,14065209
2017-08-11,161.4499969482422,165.89999389648438,153.0,155.5500030517578,14677670
2017-08-14,161.0,184.0,161.0,181.64999389648438,31036798
2017-08-16,181.0,183.1999969482422,174.14999389648438,180.8000030517578,14106982
2017-08-17,182.0,189.5500030517578,179.64999389648438,185.1999969482422,16958436
2017-08-18,182.0,185.25,178.39999389648438,183.4499969482422,10993991
2017-08-21,184.39999389648438,184.89999389648438,179.14999389648438,180.39999389648438,7554907
2017-08-22,182.89999389648438,183.89999389648438,168.6999969482422,175.3000030517578,15103601
2017-08-23,182.89999389648438,189.14999389648438,179.10000610351562,185.9499969482422,28066784
2017-08-24,185.5500030517578,188.89999389648438,184.14999389648438,186.9499969482422,10932188
2017-08-28,190.85000610351562,190.85000610351562,177.1999969482422,180.10000610351562,29863787
2017-08-29,178.0,185.8000030517578,176.3000030517578,181.60000610351562,24287507
2017-08-30,182.9499969482422,186.3000030517578,181.6999969482422,183.0500030517578,8982352
2017-08-31,182.75,186.89999389648438,179.5,185.0500030517578,13072657
2017-09-01,184.5500030517578,194.0,184.14999389648438,191.60000610351562,18832892
2017-09-04,191.0500030517578,191.3000030517578,182.3000030517578,188.0,12405954
2017-09-05,188.0,191.89999389648438,186.6999969482422,191.3000030517578,8160744
2017-09-06,189.0,194.35000610351562,187.4499969482422,192.5,10424040
2017-09-07,193.9499969482422,195.5,192.0,192.75,7734333
2017-09-08,194.0,194.39999389648438,188.75,191.8000030517578,6408546
2017-09-11,194.0,194.5,192.0,192.64999389648438,3994507
2017-09-12,193.14999389648438,198.60000610351562,192.8000030517578,196.4499969482422,9471362
2017-09-13,196.8000030517578,197.5500030517578,191.75,192.75,5947700
2017-09-14,193.8000030517578,195.85000610351562,191.5,193.5500030517578,5476108
2017-09-15,190.5500030517578,193.4499969482422,190.35000610351562,191.5500030517578,5179712
2017-09-18,193.64999389648438,195.5,192.6999969482422,193.85000610351562,4101062
2017-09-19,194.0,195.8000030517578,189.25,190.6999969482422,7332431
2017-09-20,191.0,191.89999389648438,189.10000610351562,189.75,4266689
2017-09-21,189.8000030517578,190.89999389648438,183.1999969482422,185.0500030517578,6753815
2017-09-22,182.0,182.8000030517578,171.89999389648438,173.5,13762129
2017-09-25,172.5,174.5,164.3000030517578,166.60000610351562,13155212
2017-09-26,166.8000030517578,171.89999389648438,166.39999389648438,169.1999969482422,9777131
2017-09-27,170.0,171.89999389648438,158.4499969482422,159.9499969482422,14241691
2017-09-28,160.10000610351562,163.39999389648438,158.1999969482422,161.85000610351562,12734059
2017-09-29,164.0,168.89999389648438,163.25,164.3000030517578,10258656
2017-10-03,168.1999969482422,171.0500030517578,166.0,167.4499969482422,8170479
2017-10-04,168.39999389648438,168.9499969482422,166.0500030517578,166.64999389648438,4715334
2017-10-05,167.25,171.89999389648438,166.0500030517578,171.1999969482422,8356954
2017-10-06,170.64999389648438,174.39999389648438,170.10000610351562,171.60000610351562,7274927
2017-10-09,172.1999969482422,174.75,168.1999969482422,173.0500030517578,7366202
2017-10-10,172.9499969482422,173.60000610351562,171.25,172.0500030517578,4443387
2017-10-11,172.89999389648438,175.8000030517578,169.0,170.39999389648438,7446673
2017-10-12,170.6999969482422,173.64999389648438,169.14999389648438,172.85000610351562,4988762
2017-10-13,174.0,175.35000610351562,171.8000030517578,172.9499969482422,4538752
2017-10-16,173.35000610351562,174.75,170.64999389648438,172.9499969482422,4225773
2017-10-17,173.3000030517578,179.25,172.0500030517578,178.75,12065651
2017-10-18,179.25,181.3000030517578,176.85000610351562,178.35000610351562,8818611
2017-10-19,178.35000610351562,178.4499969482422,173.60000610351562,174.75,1270942
2017-10-23,175.89999389648438,180.39999389648438,174.35000610351562,179.1999969482422,7040486
2017-10-24,179.5,182.25,177.5500030517578,178.25,5122959
2017-10-25,182.0,183.0,176.6999969482422,181.8000030517578,6071750
2017-10-26,180.60000610351562,184.35000610351562,180.14999389648438,182.0500030517578,9725128
2017-10-27,183.5,187.5,182.0500030517578,184.35000610351562,7725715
2017-10-30,185.3000030517578,189.6999969482422,184.0,187.89999389648438,6268234
2017-10-31,187.5,202.6999969482422,186.39999389648438,201.35000610351562,24256440
2017-11-01,203.0,211.75,201.0,208.64999389648438,26337451
2017-11-02,208.10000610351562,209.4499969482422,205.0,207.85000610351562,8503663
2017-11-03,209.0,216.1999969482422,209.0,213.89999389648438,13764388
2017-11-06,216.85000610351562,217.8000030517578,213.10000610351562,215.8000030517578,8426970
2017-11-07,216.5,216.9499969482422,207.0,208.6999969482422,7315132
2017-11-08,208.0,215.0,208.0,213.85000610351562,10138614
2017-11-09,215.6999969482422,217.5,209.25,211.85000610351562,5941296
2017-11-10,211.1999969482422,211.8000030517578,205.10000610351562,207.89999389648438,6490636
2017-11-13,200.25,207.6999969482422,194.14999389648438,202.3000030517578,26432844
2017-11-14,202.0,207.75,201.0,206.0500030517578,7954784
2017-11-15,205.9499969482422,209.3000030517578,200.60000610351562,203.60000610351562,6487836
2017-11-16,204.8000030517578,210.1999969482422,201.60000610351562,208.6999969482422,7708024
2017-11-17,215.3000030517578,225.85000610351562,211.1999969482422,223.85000610351562,23984346
2017-11-20,223.5500030517578,229.8000030517578,222.75,227.64999389648438,19164643
2017-11-21,227.3000030517578,228.0,220.25,222.39999389648438,7713439
2017-11-22,224.0,224.89999389648438,218.6999969482422,219.85000610351562,7183039
2017-11-23,220.10000610351562,225.0,218.39999389648438,222.75,9067531
2017-11-24,224.6999969482422,229.64999389648438,221.35000610351562,228.60000610351562,10078314
2017-11-27,228.6999969482422,234.60000610351562,227.0500030517578,233.39999389648438,17682208
2017-11-28,231.85000610351562,234.0,228.1999969482422,230.10000610351562,7965380
2017-11-29,230.8000030517578,231.8000030517578,226.5500030517578,229.39999389648438,6879979
2017-11-30,227.75,234.89999389648438,227.3000030517578,233.25,10982691
2017-12-01,237.0,237.39999389648438,221.6999969482422,225.89999389648438,8262616
2017-12-04,229.0,232.64999389648438,223.75,229.0,11463487
2017-12-05,228.60000610351562,232.0,227.6999969482422,230.3000030517578,7958613
2017-12-06,228.9499969482422,234.64999389648438,228.1999969482422,231.35000610351562,8849217
2017-12-07,232.0,240.35000610351562,231.25,238.8000030517578,10567982
2017-12-08,240.0,241.8000030517578,237.4499969482422,238.39999389648438,7838005
2017-12-11,239.14999389648438,242.4499969482422,237.25,239.39999389648438,6521448
2017-12-12,236.9499969482422,239.0,232.4499969482422,233.89999389648438,4862359
2017-12-13,233.14999389648438,236.35000610351562,225.85000610351562,227.8000030517578,7124397
2017-12-14,228.8000030517578,230.5500030517578,222.64999389648438,227.60000610351562,7648214
2017-12-15,230.10000610351562,233.89999389648438,230.10000610351562,231.6999969482422,4081057
2017-12-18,225.0,235.9499969482422,220.9499969482422,231.5500030517578,9431206
2017-12-19,233.25,234.89999389648438,230.5500030517578,234.0500030517578,3496068
2017-12-20,233.5,249.0,233.5,245.25,16691999
2017-12-21,245.5,247.6999969482422,242.8000030517578,243.4499969482422,8159204
2017-12-22,244.5,247.5,243.60000610351562,245.25,6912057
2017-12-26,245.25,256.20001220703125,245.25,253.25,15589327
2017-12-27,253.85000610351562,256.3999938964844,245.75,248.3000030517578,9140312
2017-12-28,248.8000030517578,266.79998779296875,247.5,263.79998779296875,21258310
2017-12-29,265.1000061035156,266.3999938964844,257.0,259.3500061035156,13758096
2018-01-01,259.45001220703125,262.45001220703125,255.1999969482422,256.70001220703125,4935049
2018-01-02,258.45001220703125,259.70001220703125,251.39999389648438,253.89999389648438,5496883
2018-01-03,254.0,261.8999938964844,254.0,258.29998779296875,7342607
2018-01-04,258.25,260.20001220703125,255.5500030517578,257.5,4123938
2018-01-05,258.3500061035156,265.25,257.6000061035156,259.95001220703125,7238574
2018-01-08,260.79998779296875,262.70001220703125,258.1499938964844,260.25,3945670
2018-01-09,260.8999938964844,271.3999938964844,258.25,269.8500061035156,13135536
2018-01-10,270.6000061035156,272.25,265.70001220703125,269.3500061035156,10967347
2018-01-11,269.0,273.8500061035156,267.3500061035156,270.5,6530547
2018-01-12,270.75,272.1499938964844,262.3500061035156,268.54998779296875,5842102
2018-01-15,268.54998779296875,271.45001220703125,265.6000061035156,266.8500061035156,3449870
2018-01-16,268.25,268.3999938964844,256.0,257.54998779296875,5899206
2018-01-17,258.70001220703125,263.6499938964844,249.75,262.6000061035156,7901148
2018-01-18,263.3999938964844,264.95001220703125,246.8000030517578,250.1999969482422,6764646
2018-01-19,249.0,252.75,245.5500030517578,249.3000030517578,6511361
2018-01-22,250.5,253.10000610351562,245.60000610351562,250.9499969482422,5026796
2018-01-23,250.60000610351562,262.20001220703125,250.60000610351562,259.6499938964844,9049840
2018-01-24,259.0,265.3999938964844,256.6000061035156,258.95001220703125,9439889
2018-01-25,256.95001220703125,261.5,252.5500030517578,253.60000610351562,5921504
2018-01-29,255.10000610351562,260.25,250.75,254.0500030517578,5914647
2018-01-30,251.5,256.3999938964844,251.5,253.89999389648438,5013590
2018-01-31,253.0500030517578,257.6000061035156,247.5500030517578,250.10000610351562,6309912
2018-02-01,251.6999969482422,253.6999969482422,236.6999969482422,245.0,10509963
2018-02-02,240.0,242.3000030517578,204.5,223.39999389648438,16904503
2018-02-05,218.39999389648438,231.60000610351562,214.0,228.3000030517578,10372280
2018-02-06,212.0500030517578,230.75,210.0,225.4499969482422,12918029
2018-02-07,229.0,232.0,223.0,225.25,9498474
2018-02-08,225.89999389648438,233.6999969482422,225.35000610351562,229.35000610351562,8201053
2018-02-09,222.0,232.3000030517578,221.5,229.0500030517578,7906691
2018-02-12,231.89999389648438,237.4499969482422,230.0,233.75,7012358
2018-02-14,239.6999969482422,239.6999969482422,229.6999969482422,230.9499969482422,8092805
2018-02-15,233.0,235.39999389648438,227.85000610351562,231.14999389648438,5417282
2018-02-16,232.64999389648438,234.35000610351562,224.3000030517578,225.64999389648438,6524609
2018-02-19,224.89999389648438,225.5,218.25,223.39999389648438,7983021
2018-02-20,223.64999389648438,227.5,221.5,225.10000610351562,5759220
2018-02-21,226.5,227.0,218.60000610351562,221.0,5996226
2018-02-22,219.35000610351562,222.10000610351562,218.25,219.85000610351562,6933969
2018-02-23,220.1999969482422,225.8000030517578,220.0500030517578,225.14999389648438,4446123
2018-02-26,227.3000030517578,230.0,224.25,228.14999389648438,4593608
2018-02-27,228.89999389648438,228.89999389648438,221.1999969482422,222.4499969482422,4117630
2018-02-28,220.8000030517578,227.5,219.25,226.25,6333501
2018-03-01,225.5500030517578,228.25,223.14999389648438,224.3000030517578,3581145
2018-03-05,221.3000030517578,223.9499969482422,219.6999969482422,222.89999389648438,3539064
2018-03-06,224.39999389648438,226.64999389648438,214.0500030517578,216.5500030517578,6144090
2018-03-07,215.0,217.75,212.1999969482422,215.4499969482422,5878878
2018-03-08,216.5500030517578,219.64999389648438,209.75,218.39999389648438,6237904
2018-03-09,220.3000030517578,220.5500030517578,210.0,211.35000610351562,5137684
2018-03-12,215.0,218.25,210.14999389648438,217.6999969482422,6107809
2018-03-13,216.60000610351562,223.35000610351562,214.89999389648438,219.89999389648438,6433609
2018-03-14,219.0,221.89999389648438,217.5,220.9499969482422,4388182
2018-03-15,220.0,227.25,219.1999969482422,225.4499969482422,5972448
2018-03-16,225.5,229.6999969482422,224.5,226.3000030517578,10153974
2018-03-19,226.0,227.39999389648438,211.8000030517578,214.35000610351562,6851893
2018-03-20,212.10000610351562,217.89999389648438,211.9499969482422,215.39999389648438,6577013
2018-03-21,217.39999389648438,218.9499969482422,214.85000610351562,216.0500030517578,3574529
2018-03-22,216.10000610351562,217.4499969482422,212.0,213.1999969482422,4863917
2018-03-23,207.0,209.89999389648438,200.8000030517578,203.0,8236891
2018-03-26,202.1999969482422,210.35000610351562,198.8000030517578,209.4499969482422,9631888
2018-03-27,210.8000030517578,211.5500030517578,205.5,207.0,5393376
2018-03-28,205.6999969482422,207.89999389648438,200.4499969482422,201.25,5838391
2018-04-02,203.6999969482422,204.0,197.60000610351562,201.0,7539616
2018-04-03,200.0,205.25,199.0,203.3000030517578,7657672
2018-04-04,204.60000610351562,208.10000610351562,197.75,198.60000610351562,8885029
2018-04-05,202.89999389648438,206.85000610351562,202.0,206.25,5141982
2018-04-06,205.8000030517578,205.8000030517578,202.0,204.35000610351562,5927283
2018-04-09,203.75,207.89999389648438,203.75,206.0500030517578,6881655
2018-04-10,207.25,213.64999389648438,206.10000610351562,212.89999389648438,9694025
2018-04-11,213.0,216.0500030517578,211.1999969482422,213.5500030517578,9160118
2018-04-12,213.5,215.1999969482422,206.6999969482422,208.89999389648438,6198129
2018-04-13,209.85000610351562,212.5500030517578,207.39999389648438,210.25,5489580
2018-04-16,207.9499969482422,215.1999969482422,207.64999389648438,214.5,5851193
2018-04-17,215.5,218.0,211.14999389648438,216.89999389648438,8211004
2018-04-18,219.10000610351562,219.5,211.25,212.5,6246878
2018-04-19,214.8000030517578,216.39999389648438,212.75,215.35000610351562,4261649
2018-04-20,214.4499969482422,214.75,208.6999969482422,210.75,4589352
2018-04-23,210.60000610351562,214.5500030517578,209.0,212.0500030517578,4855224
2018-04-24,211.89999389648438,217.35000610351562,211.60000610351562,215.85000610351562,4293336
2018-04-25,214.64999389648438,224.3000030517578,213.5,218.85000610351562,13247848
2018-04-26,219.6999969482422,222.75,217.60000610351562,219.10000610351562,8340355
2018-04-27,219.35000610351562,226.14999389648438,219.14999389648438,222.35000610351562,5441340
2018-04-30,226.0,226.0,220.75,223.10000610351562,3575963
2018-05-02,222.8000030517578,224.10000610351562,213.14999389648438,215.85000610351562,4308135
2018-05-03,214.0,215.1999969482422,208.4499969482422,213.60000610351562,4723527
2018-05-04,213.9499969482422,216.14999389648438,209.5500030517578,211.3000030517578,3922824
2018-05-07,212.0,216.89999389648438,212.0,215.6999969482422,2696751
2018-05-08,216.25,224.3000030517578,214.35000610351562,222.4499969482422,6606949
2018-05-09,221.8000030517578,223.85000610351562,220.1999969482422,221.39999389648438,3481254
2018-05-10,222.0,223.25,212.35000610351562,213.60000610351562,4928049
2018-05-11,215.0,217.64999389648438,210.5,214.25,5124007
2018-05-14,213.0,214.85000610351562,204.8000030517578,206.4499969482422,5027276
2018-05-15,205.0,213.35000610351562,200.4499969482422,203.3000030517578,5844684
2018-05-16,201.75,208.5,201.5,205.89999389648438,4788429
2018-05-17,206.89999389648438,208.1999969482422,201.6999969482422,205.4499969482422,5595602
2018-05-18,206.0,207.1999969482422,194.75,197.3000030517578,5207776
2018-05-21,197.8000030517578,199.25,191.0,193.5500030517578,5394290
2018-05-22,195.0,200.14999389648438,183.25,198.4499969482422,22283610
2018-05-23,197.4499969482422,202.89999389648438,194.64999389648438,195.85000610351562,9524497
2018-05-24,196.35000610351562,197.89999389648438,192.75,196.39999389648438,5491106
2018-05-25,196.9499969482422,205.39999389648438,196.5500030517578,202.6999969482422,6195224
2018-05-28,203.8000030517578,209.60000610351562,202.8000030517578,207.10000610351562,5447905
2018-05-29,206.5,210.3000030517578,203.60000610351562,205.1999969482422,6282591
2018-05-30,202.9499969482422,209.1999969482422,200.60000610351562,207.85000610351562,4635458
2018-05-31,208.4499969482422,212.0,205.14999389648438,209.89999389648438,7797171
2018-06-01,210.4499969482422,210.9499969482422,205.5500030517578,206.9499969482422,5138637
2018-06-04,207.9499969482422,208.5,198.10000610351562,199.14999389648438,4693026
2018-06-05,198.64999389648438,201.35000610351562,195.10000610351562,199.5500030517578,5729316
2018-06-06,198.4499969482422,203.35000610351562,196.5,200.5,6151093
2018-06-07,201.10000610351562,205.8000030517578,201.0,203.0500030517578,4271438
2018-06-08,201.0,207.4499969482422,200.35000610351562,205.8000030517578,4442610
2018-06-11,206.6999969482422,207.39999389648438,201.5,202.4499969482422,4066622
2018-06-12,202.10000610351562,206.25,200.8000030517578,205.10000610351562,4808717
2018-06-13,205.25,206.64999389648438,202.60000610351562,205.0,4609134
2018-06-14,204.25,208.4499969482422,204.10000610351562,205.89999389648438,3560475
2018-06-15,205.9499969482422,207.25,197.5,199.85000610351562,5339537
2018-06-18,199.10000610351562,201.5,197.25,199.5500030517578,3919736
2018-06-19,199.39999389648438,200.5,193.0500030517578,195.5500030517578,4876624
2018-06-20,197.39999389648438,202.3000030517578,196.6999969482422,200.6999969482422,4323867
2018-06-21,201.0,201.89999389648438,197.25,198.85000610351562,3660058
2018-06-22,198.85000610351562,201.3000030517578,196.8000030517578,200.6999969482422,2899353
2018-06-25,200.5,203.1999969482422,195.60000610351562,196.5500030517578,4148205
2018-06-26,196.0,199.4499969482422,194.64999389648438,195.64999389648438,4145494
2018-06-27,196.0,197.25,189.6999969482422,191.85000610351562,4939785
2018-06-28,190.3000030517578,190.3000030517578,183.8000030517578,185.14999389648438,6246529
2018-06-29,186.8000030517578,191.0500030517578,186.25,188.8000030517578,4202492
2018-07-02,189.0,189.85000610351562,179.14999389648438,184.1999969482422,5622150
2018-07-03,184.0,187.6999969482422,182.3000030517578,185.8000030517578,4388316
2018-07-04,185.1999969482422,186.9499969482422,183.5500030517578,185.3000030517578,3718019
2018-07-05,185.3000030517578,186.39999389648438,180.3000030517578,181.1999969482422,3362590
2018-07-06,181.5,189.75,181.0,186.64999389648438,4767759
2018-07-09,187.5,188.89999389648438,185.25,187.3000030517578,2311937
2018-07-10,190.0,196.1999969482422,189.10000610351562,194.35000610351562,6749798
2018-07-11,193.60000610351562,194.8000030517578,190.3000030517578,192.0500030517578,3447721
2018-07-12,192.89999389648438,194.75,187.25,189.4499969482422,3713490
2018-07-13,190.5,191.64999389648438,184.60000610351562,187.6999969482422,3214697
2018-07-16,188.0,188.60000610351562,177.0,178.0500030517578,4266013
2018-07-17,177.0500030517578,182.0,176.75,179.9499969482422,5742276
2018-07-18,181.6999969482422,181.6999969482422,170.0,170.6999969482422,5559072
2018-07-19,171.89999389648438,175.5,168.0,169.85000610351562,7272656
2018-07-20,170.8000030517578,172.35000610351562,168.0,170.39999389648438,3249890
2018-07-23,170.5,179.0,170.5,177.64999389648438,9216233
2018-07-24,179.4499969482422,190.9499969482422,177.64999389648438,189.10000610351562,9610781
2018-07-25,189.75,189.75,182.25,183.5,4839118
2018-07-26,183.85000610351562,192.89999389648438,181.60000610351562,190.1999969482422,6391773
2018-07-27,191.0500030517578,194.5,188.25,190.5,4558851
2018-07-30,190.10000610351562,191.1999969482422,186.0500030517578,188.89999389648438,3271250
2018-07-31,189.5,198.85000610351562,189.10000610351562,196.3000030517578,10925285
2018-08-01,195.89999389648438,197.25,189.35000610351562,193.35000610351562,5890923
2018-08-02,192.0,192.0,186.39999389648438,187.75,4912319
2018-08-03,189.60000610351562,193.5,188.1999969482422,188.89999389648438,5986116
2018-08-06,190.0,191.9499969482422,187.5500030517578,189.35000610351562,3743820
2018-08-07,189.60000610351562,190.89999389648438,184.0500030517578,186.8000030517578,4195521
2018-08-08,186.8000030517578,191.5500030517578,185.8000030517578,188.9499969482422,5579043
2018-08-09,189.60000610351562,203.5,189.0500030517578,200.60000610351562,12195178
2018-08-10,202.39999389648438,202.8000030517578,193.60000610351562,196.5500030517578,8356670
2018-08-13,195.0,197.5,191.25,194.14999389648438,4981483
2018-08-14,194.25,204.6999969482422,194.25,202.8000030517578,11487982
2018-08-16,201.35000610351562,208.85000610351562,198.5500030517578,206.6999969482422,9989854
2018-08-17,208.9499969482422,211.85000610351562,208.14999389648438,210.14999389648438,7728061
2018-08-20,212.8000030517578,216.4499969482422,212.3000030517578,214.85000610351562,8027156
2018-08-21,214.85000610351562,215.39999389648438,207.25,208.1999969482422,6488641
2018-08-23,209.0,214.35000610351562,205.9499969482422,211.89999389648438,7578138
2018-08-24,211.0,215.85000610351562,210.5,212.9499969482422,6562786
2018-08-27,213.9499969482422,218.3000030517578,211.89999389648438,213.64999389648438,7327329
2018-08-28,214.5,216.5500030517578,210.5500030517578,213.35000610351562,5328214
2018-08-29,213.64999389648438,221.5,212.25,217.5,8597454
2018-08-30,217.85000610351562,223.5,214.8000030517578,221.10000610351562,11203811
2018-08-31,221.10000610351562,222.3000030517578,217.1999969482422,220.8000030517578,6129569
2018-09-03,213.10000610351562,216.5500030517578,210.3000030517578,212.4499969482422,9075098
2018-09-04,210.5,212.35000610351562,198.39999389648438,201.85000610351562,9686643
2018-09-05,202.0,203.89999389648438,196.35000610351562,202.35000610351562,7278094
2018-09-06,204.5,207.0,201.25,204.5,4795832
2018-09-07,205.60000610351562,209.3000030517578,201.6999969482422,208.35000610351562,4237143
2018-09-10,207.4499969482422,209.4499969482422,203.0,204.60000610351562,3767850
2018-09-11,205.39999389648438,206.9499969482422,197.60000610351562,198.89999389648438,3593534
2018-09-12,198.9499969482422,203.60000610351562,193.35000610351562,202.4499969482422,5717235
2018-09-14,204.5,210.5,203.39999389648438,209.25,5547982
2018-09-17,207.0,214.25,206.14999389648438,213.1999969482422,7225702
2018-09-18,213.0,214.0,201.60000610351562,202.8000030517578,5891263
2018-09-19,201.6999969482422,205.8000030517578,198.5500030517578,201.25,5211308
2018-09-21,202.10000610351562,205.35000610351562,184.5,199.5500030517578,12303546
2018-09-24,199.85000610351562,199.85000610351562,182.0500030517578,185.10000610351562,10192254
2018-09-25,184.10000610351562,187.35000610351562,166.0500030517578,177.60000610351562,16192061
2018-09-26,179.6999969482422,184.89999389648438,176.35000610351562,182.60000610351562,15397405
2018-09-27,181.89999389648438,181.89999389648438,170.39999389648438,171.89999389648438,9691018
2018-09-28,173.5,174.6999969482422,159.60000610351562,162.5500030517578,13888498
2018-10-01,159.0,162.60000610351562,147.64999389648438,158.4499969482422,21910391
2018-10-03,157.5,161.75,151.6999969482422,154.8000030517578,19784307
2018-10-04,150.0,160.85000610351562,147.5500030517578,158.39999389648438,13713891
2018-10-05,157.0500030517578,163.85000610351562,145.3000030517578,149.25,11093634
2018-10-08,149.25,156.75,146.14999389648438,151.85000610351562,15115736
2018-10-09,152.9499969482422,155.8000030517578,152.39999389648438,153.5,9331488
2018-10-10,155.0,165.39999389648438,153.5500030517578,163.6999969482422,13311026
2018-10-11,155.89999389648438,160.6999969482422,152.4499969482422,153.4499969482422,8930073
2018-10-12,155.6999969482422,161.0500030517578,155.6999969482422,157.64999389648438,7037376
2018-10-15,157.14999389648438,159.1999969482422,154.1999969482422,156.8000030517578,4457305
2018-10-16,158.0500030517578,161.35000610351562,157.0500030517578,158.14999389648438,5218314
2018-10-17,161.0,162.39999389648438,143.0,144.35000610351562,11909786
2018-10-19,142.89999389648438,154.5,142.0,153.14999389648438,19254568
2018-10-22,154.0,155.8000030517578,149.5,152.8000030517578,8007346
2018-10-23,150.3000030517578,155.0,149.75,153.4499969482422,5919153
2018-10-24,156.0,158.75,152.64999389648438,156.64999389648438,5771458
2018-10-25,153.5,157.3000030517578,150.85000610351562,154.9499969482422,4732368
2018-10-26,155.0,156.0,150.35000610351562,153.85000610351562,5328152
2018-10-29,155.0,166.39999389648438,152.60000610351562,164.4499969482422,6936987
2018-10-30,163.9499969482422,166.5,159.75,161.85000610351562,5747572
2018-10-31,163.8000030517578,165.8000030517578,157.8000030517578,164.75,6249997
2018-11-01,165.4499969482422,173.4499969482422,164.0,171.85000610351562,8059831
2018-11-02,178.89999389648438,178.89999389648438,168.10000610351562,169.9499969482422,12042541
2018-11-05,170.0,175.64999389648438,168.4499969482422,173.1999969482422,5399483
2018-11-06,174.0500030517578,174.5,171.10000610351562,172.5,3241788
2018-11-07,172.5,172.5,172.5,172.5,0
2018-11-09,172.89999389648438,175.0,171.25,174.35000610351562,2796209
2018-11-12,175.5,176.14999389648438,170.8000030517578,171.39999389648438,3201720
2018-11-13,170.39999389648438,172.89999389648438,167.75,171.39999389648438,4712188
2018-11-14,173.1999969482422,173.9499969482422,161.75,162.64999389648438,6001775
2018-11-15,163.8000030517578,171.3000030517578,162.39999389648438,169.85000610351562,5375427
2018-11-16,170.14999389648438,171.60000610351562,164.8000030517578,169.39999389648438,3566071
2018-11-19,170.25,176.25,168.10000610351562,172.75,4385661
2018-11-20,169.89999389648438,175.64999389648438,169.89999389648438,174.89999389648438,6984983
2018-11-21,174.0,183.5,173.5500030517578,182.8000030517578,7925047
2018-11-22,182.5,182.5,176.4499969482422,177.10000610351562,4309429
2018-11-26,178.0,179.0,171.60000610351562,177.5,4103380
2018-11-27,178.5,183.35000610351562,176.0,178.14999389648438,6761380
2018-11-28,178.6999969482422,179.25,172.5,175.9499969482422,5394839
2018-11-29,177.8000030517578,181.0,174.14999389648438,179.4499969482422,5321521
2018-11-30,180.0,180.0,175.9499969482422,178.10000610351562,3513726
2018-12-03,179.0,181.8000030517578,176.1999969482422,180.4499969482422,3700585
2018-12-04,179.10000610351562,180.4499969482422,172.10000610351562,173.8000030517578,4669519
2018-12-05,172.9499969482422,178.0,171.64999389648438,177.0,6536199
2018-12-06,174.6999969482422,174.6999969482422,165.64999389648438,167.39999389648438,7596610
2018-12-07,168.39999389648438,173.0,165.10000610351562,172.5500030517578,6402016
2018-12-10,169.64999389648438,169.64999389648438,164.5,166.64999389648438,4046041
2018-12-11,164.0,172.89999389648438,163.0,171.4499969482422,4612431
2018-12-12,172.8000030517578,181.3000030517578,171.10000610351562,179.25,7437148
2018-12-13,176.9499969482422,182.85000610351562,174.6999969482422,178.85000610351562,8244217
2018-12-14,178.10000610351562,180.5500030517578,176.25,178.75,4029066
2018-12-17,179.75,180.6999969482422,174.89999389648438,178.3000030517578,3643033
2018-12-18,177.0,180.9499969482422,176.25,178.0500030517578,3786975
2018-12-19,179.35000610351562,193.3000030517578,178.39999389648438,191.5,16441945
2018-12-20,192.8000030517578,193.6999969482422,186.6999969482422,189.85000610351562,8962611
2018-12-21,190.0,191.8000030517578,185.14999389648438,187.10000610351562,8223560
2018-12-24,186.0,186.3000030517578,177.10000610351562,178.10000610351562,8945739
2018-12-26,179.0,179.75,171.8000030517578,177.60000610351562,7574429
2018-12-27,179.8000030517578,181.39999389648438,174.89999389648438,175.64999389648438,6183377
2018-12-28,177.89999389648438,180.6999969482422,176.6999969482422,177.9499969482422,4300844
2018-12-31,178.6999969482422,179.9499969482422,176.35000610351562,177.5500030517578,4653719
2019-01-01,177.10000610351562,182.14999389648438,177.0,180.3000030517578,6246700
2019-01-02,179.89999389648438,179.89999389648438,172.25,173.10000610351562,6604177
2019-01-03,173.10000610351562,174.9499969482422,171.14999389648438,172.4499969482422,5873745
2019-01-04,173.0500030517578,175.8000030517578,170.64999389648438,175.14999389648438,5556175
2019-01-07,178.0,184.0,177.10000610351562,179.8000030517578,10127291
2019-01-08,179.8000030517578,182.8000030517578,178.5500030517578,181.5,4704040
2019-01-09,182.25,184.6999969482422,178.10000610351562,182.10000610351562,5570072
2019-01-10,183.10000610351562,187.14999389648438,181.35000610351562,183.5500030517578,9198151
2019-01-11,182.5,183.60000610351562,179.0,182.14999389648438,4565679
2019-01-14,182.3000030517578,182.3000030517578,178.1999969482422,181.14999389648438,3741265
2019-01-15,182.5,187.1999969482422,182.0,185.9499969482422,4060162
2019-01-16,185.60000610351562,187.75,182.5,182.9499969482422,4131732
2019-01-17,183.6999969482422,185.8000030517578,181.5500030517578,184.1999969482422,4558933
2019-01-18,184.5,184.60000610351562,179.3000030517578,180.35000610351562,4243642
2019-01-21,180.5500030517578,182.10000610351562,176.1999969482422,177.25,3361204
2019-01-22,177.0,180.60000610351562,174.75,180.0500030517578,4744583
2019-01-23,180.39999389648438,180.85000610351562,176.1999969482422,177.25,4567262
2019-01-24,177.89999389648438,183.6999969482422,176.64999389648438,177.75,5827123
2019-01-25,178.85000610351562,180.10000610351562,143.10000610351562,158.0,20781142
2019-01-28,160.0,167.60000610351562,158.5,164.0500030517578,11812368
2019-01-29,163.0,168.1999969482422,162.0500030517578,164.89999389648438,4196603
2019-01-30,166.0,166.39999389648438,160.0500030517578,164.1999969482422,4379914
2019-01-31,165.0,168.0,158.5,164.85000610351562,5587357
2019-02-01,164.9499969482422,181.0500030517578,162.64999389648438,165.6999969482422,13045972
2019-02-04,165.89999389648438,165.9499969482422,158.1999969482422,163.60000610351562,5652935
2019-02-05,163.0500030517578,165.35000610351562,154.5500030517578,159.75,7095047
2019-02-06,158.0,162.5,152.0500030517578,160.35000610351562,10746796
2019-02-07,161.0,163.64999389648438,157.1999969482422,160.39999389648438,7154145
2019-02-08,160.0,169.0,157.85000610351562,164.75,10455050
2019-02-11,164.8000030517578,165.9499969482422,161.10000610351562,163.6999969482422,5269340
2019-02-12,164.0,165.64999389648438,157.60000610351562,159.14999389648438,5780211
2019-02-14,157.0,164.25,156.64999389648438,162.3000030517578,4477707
2019-02-15,162.0,162.0500030517578,154.39999389648438,158.10000610351562,5111337
2019-02-18,159.0,160.1999969482422,155.60000610351562,156.0,3876032
2019-02-19,157.89999389648438,166.89999389648438,157.60000610351562,163.39999389648438,15335372
2019-02-20,163.60000610351562,165.3000030517578,159.0,163.0,9359061
2019-02-21,163.0,166.89999389648438,162.10000610351562,165.3000030517578,5377001
2019-02-22,165.5,170.0,164.6999969482422,169.25,6024582
2019-02-25,170.5500030517578,173.3000030517578,167.0500030517578,168.14999389648438,13038685
2019-02-26,165.10000610351562,167.75,162.10000610351562,166.39999389648438,5572262
2019-02-27,167.0,169.1999969482422,163.0,164.35000610351562,4545778
2019-02-28,163.0,166.39999389648438,161.85000610351562,164.6999969482422,5881165
2019-03-01,166.0,169.1999969482422,165.1999969482422,167.25,3845718
2019-03-05,167.5,177.0,167.5,175.60000610351562,6150185
2019-03-06,176.0,180.75,174.35000610351562,177.35000610351562,6513459
2019-03-07,176.9499969482422,179.0500030517578,173.60000610351562,175.9499969482422,4201421
2019-03-08,175.3000030517578,176.75,173.8000030517578,175.35000610351562,3005893
2019-03-11,175.35000610351562,178.3000030517578,175.14999389648438,176.85000610351562,2795266
2019-03-12,179.0,188.6999969482422,177.60000610351562,187.75,13173333
2019-03-13,190.5,194.9499969482422,190.0,192.14999389648438,16127714
2019-03-14,192.8000030517578,203.14999389648438,190.0500030517578,201.85000610351562,18351272
2019-03-15,202.14999389648438,203.75,196.5500030517578,197.4499969482422,9317938
2019-03-18,198.4499969482422,201.1999969482422,195.25,197.75,6926554
2019-03-19,198.75,199.25,192.60000610351562,194.0,7149471
2019-03-20,196.0,200.75,195.5,199.35000610351562,9822900
2019-03-22,200.10000610351562,202.6999969482422,195.39999389648438,196.14999389648438,9153838
2019-03-25,194.4499969482422,194.75,188.0,189.25,5217787
2019-03-26,191.39999389648438,205.35000610351562,188.5,196.5500030517578,28150981
2019-03-27,199.10000610351562,199.39999389648438,189.60000610351562,190.39999389648438,11282628
2019-03-28,191.89999389648438,197.8000030517578,191.60000610351562,194.0500030517578,10010007
2019-04-01,203.0,204.5,194.9499969482422,195.5500030517578,16311067
2019-04-02,195.60000610351562,200.8000030517578,194.1999969482422,199.5,18498248
2019-04-03,200.6999969482422,209.64999389648438,199.60000610351562,202.10000610351562,28104238
2019-04-04,203.35000610351562,204.8000030517578,198.10000610351562,200.85000610351562,14167501
2019-04-05,200.89999389648438,204.75,199.39999389648438,201.60000610351562,13045209
2019-04-08,203.1999969482422,203.1999969482422,183.5500030517578,184.60000610351562,110839025
2019-04-09,186.0,189.5,183.39999389648438,188.14999389648438,24874709
2019-04-10,187.75,191.1999969482422,179.0500030517578,180.10000610351562,22351331
2019-04-11,180.5,182.4499969482422,175.8000030517578,177.6999969482422,20379941
2019-04-12,177.6999969482422,183.64999389648438,177.3000030517578,181.85000610351562,21022203
2019-04-15,183.0,185.1999969482422,181.4499969482422,184.75,13223734
2019-04-16,186.6999969482422,187.89999389648438,182.10000610351562,183.35000610351562,15829170
2019-04-18,183.85000610351562,185.6999969482422,179.25,183.10000610351562,14326897
2019-04-22,181.0,181.39999389648438,172.3000030517578,172.9499969482422,15806621
2019-04-23,173.0,176.60000610351562,170.60000610351562,172.0,10583075
2019-04-24,172.4499969482422,177.0,171.14999389648438,176.0500030517578,8682385
2019-04-25,177.0,178.6999969482422,173.0,173.60000610351562,44558136
2019-04-26,176.5,177.3000030517578,172.8000030517578,174.3000030517578,15119128
2019-04-30,174.0,174.3000030517578,167.0500030517578,172.75,15575038
2019-05-02,171.0500030517578,175.60000610351562,169.6999969482422,171.85000610351562,9657298
2019-05-03,172.9499969482422,179.1999969482422,171.9499969482422,177.9499969482422,11791575
2019-05-06,175.9499969482422,177.35000610351562,173.0500030517578,173.89999389648438,5468266
2019-05-07,175.6999969482422,176.1999969482422,167.39999389648438,169.60000610351562,8443779
2019-05-08,169.5,170.14999389648438,165.60000610351562,168.9499969482422,6741133
2019-05-09,168.6999969482422,170.8000030517578,166.5,167.8000030517578,4647668
2019-05-10,168.5,172.5,165.75,166.5,7393523
2019-05-13,165.10000610351562,167.4499969482422,163.0,164.35000610351562,6157794
2019-05-14,163.0500030517578,167.8000030517578,160.75,166.25,8190348
2019-05-15,166.9499969482422,166.9499969482422,160.60000610351562,161.4499969482422,5421371
2019-05-16,162.85000610351562,164.5,158.14999389648438,162.89999389648438,9992081
2019-05-17,162.64999389648438,167.0,161.85000610351562,164.4499969482422,6369300
2019-05-20,169.25,174.6999969482422,168.25,173.75,7512324
2019-05-21,174.5,176.4499969482422,169.5,171.5,12077133
2019-05-22,175.89999389648438,181.1999969482422,172.0,173.89999389648438,24314232
2019-05-23,177.0,184.60000610351562,174.0,180.6999969482422,26290847
2019-05-24,181.75,193.1999969482422,181.5,191.64999389648438,22407285
2019-05-27,191.39999389648438,200.1999969482422,190.10000610351562,197.0,15049131
2019-05-28,197.5,197.60000610351562,191.60000610351562,195.39999389648438,8700693
2019-05-29,194.89999389648438,197.25,191.8000030517578,193.6999969482422,7979267
2019-05-30,194.9499969482422,196.5,190.64999389648438,194.6999969482422,10437577
2019-05-31,195.5,196.1999969482422,184.75,191.1999969482422,11214402
2019-06-03,191.0,196.89999389648438,188.75,196.14999389648438,7573474
2019-06-04,195.0,202.64999389648438,194.3000030517578,195.4499969482422,14559889
2019-06-06,195.89999389648438,197.14999389648438,187.14999389648438,190.39999389648438,9595362
2019-06-07,190.0,194.1999969482422,186.60000610351562,190.0500030517578,8188075
2019-06-10,191.39999389648438,193.10000610351562,185.60000610351562,189.25,7653848
2019-06-11,190.0,192.89999389648438,185.6999969482422,191.5500030517578,6158116
2019-06-12,191.0,191.0,183.6999969482422,184.5500030517578,8066923
2019-06-13,183.9499969482422,186.75,181.60000610351562,184.9499969482422,8810333
2019-06-14,183.75,184.5,175.5,177.85000610351562,11855210
2019-06-17,177.85000610351562,177.89999389648438,170.35000610351562,172.64999389648438,11335861
2019-06-18,172.60000610351562,175.5,170.0,173.6999969482422,9460128
2019-06-19,174.89999389648438,179.5,171.8000030517578,176.39999389648438,11090503
2019-06-20,176.39999389648438,183.25,173.35000610351562,181.35000610351562,9873647
2019-06-21,179.9499969482422,181.89999389648438,176.5500030517578,177.5500030517578,10517709
2019-06-24,178.39999389648438,179.39999389648438,173.9499969482422,175.5500030517578,7231257
2019-06-25,174.60000610351562,177.35000610351562,174.0500030517578,176.25,4769918
2019-06-26,175.9499969482422,185.8000030517578,175.3000030517578,184.60000610351562,10243007
2019-06-27,184.0,187.0,182.8000030517578,185.60000610351562,16068076
2019-06-28,186.5500030517578,191.35000610351562,185.10000610351562,188.5500030517578,9413259
2019-07-01,189.6999969482422,191.4499969482422,187.60000610351562,190.8000030517578,5467507
2019-07-02,191.85000610351562,193.4499969482422,189.39999389648438,192.5,6054505
2019-07-03,193.5,194.6999969482422,191.10000610351562,193.64999389648438,5299636
2019-07-04,193.6999969482422,196.89999389648438,192.5,194.60000610351562,9837342
2019-07-05,196.1999969482422,196.60000610351562,185.5,186.9499969482422,15489840
2019-07-08,185.39999389648438,187.1999969482422,177.5,182.39999389648438,7421180
2019-07-09,182.35000610351562,185.3000030517578,180.39999389648438,183.64999389648438,5311932
2019-07-10,184.0500030517578,184.0500030517578,175.25,177.6999969482422,9142852
2019-07-11,179.0,187.6999969482422,178.9499969482422,186.0,11089171
2019-07-12,184.0,188.35000610351562,183.25,186.14999389648438,6872502
2019-07-15,186.5,187.64999389648438,184.64999389648438,186.0500030517578,3848689
2019-07-16,185.25,193.60000610351562,184.85000610351562,191.35000610351562,6662699
2019-07-17,190.4499969482422,192.60000610351562,188.6999969482422,190.6999969482422,4842698
2019-07-18,190.0,191.35000610351562,182.5500030517578,183.1999969482422,6315890
2019-07-19,184.0,186.14999389648438,177.25,180.0500030517578,6320721
2019-07-22,177.75,182.14999389648438,176.1999969482422,179.5,5386468
2019-07-23,180.8000030517578,182.89999389648438,179.0500030517578,180.1999969482422,4388484
2019-07-24,180.85000610351562,181.0,171.9499969482422,177.35000610351562,8097078
2019-07-25,177.0,179.85000610351562,174.8000030517578,176.35000610351562,7273037
2019-07-26,177.0,181.25,175.9499969482422,180.5,4583743
2019-07-29,180.0,182.3000030517578,176.25,179.4499969482422,6600119
2019-07-30,176.0500030517578,182.39999389648438,175.14999389648438,177.75,15821594
2019-07-31,177.8000030517578,179.35000610351562,169.75,178.14999389648438,15109507
2019-08-01,176.9499969482422,177.60000610351562,170.35000610351562,172.39999389648438,10107821
2019-08-02,171.5,172.60000610351562,162.6999969482422,171.8000030517578,14931726
2019-08-05,168.35000610351562,170.35000610351562,163.1999969482422,164.89999389648438,8790354
2019-08-06,164.0,169.8000030517578,162.89999389648438,168.25,7803580
2019-08-07,167.60000610351562,172.89999389648438,165.3000030517578,165.89999389648438,7755724
2019-08-08,166.89999389648438,172.6999969482422,166.10000610351562,171.8000030517578,5915829
2019-08-09,172.35000610351562,177.1999969482422,172.35000610351562,175.64999389648438,5782491
2019-08-13,175.1999969482422,179.0,172.3000030517578,173.75,4917578
2019-08-14,174.10000610351562,176.14999389648438,170.6999969482422,174.89999389648438,5299098
2019-08-16,174.89999389648438,179.8000030517578,172.60000610351562,177.64999389648438,5364795
2019-08-19,178.14999389648438,181.25,176.8000030517578,178.9499969482422,4861541
2019-08-20,178.0,178.5,173.25,177.3000030517578,4494565
2019-08-21,177.0,177.5500030517578,170.5,171.60000610351562,4658146
2019-08-22,168.8000030517578,168.89999389648438,137.64999389648438,144.4499969482422,86786146
2019-08-23,141.5,154.4499969482422,136.6999969482422,152.10000610351562,42604662
2019-08-26,156.0,161.0,147.1999969482422,159.60000610351562,27776662
2019-08-27,158.3000030517578,163.0,156.4499969482422,160.75,13260627
2019-08-28,160.8000030517578,165.8000030517578,158.64999389648438,164.1999969482422,16114232
2019-08-29,163.0,166.89999389648438,161.0,165.10000610351562,11577203
2019-08-30,166.5,169.1999969482422,161.35000610351562,168.14999389648438,9168884
2019-09-03,164.5,168.5,162.75,163.5500030517578,7127055
2019-09-04,163.3000030517578,166.25,157.4499969482422,163.9499969482422,13175472
2019-09-05,163.89999389648438,164.25,157.14999389648438,159.35000610351562,10539344
2019-09-06,159.5,159.5500030517578,148.1999969482422,154.25,33559078
2019-09-09,154.25,156.89999389648438,152.5500030517578,154.1999969482422,9871180
2019-09-11,154.75,164.3000030517578,153.39999389648438,160.39999389648438,15562134
2019-09-12,161.64999389648438,163.9499969482422,158.39999389648438,159.6999969482422,12684164
2019-09-13,159.35000610351562,168.0,156.0500030517578,166.0500030517578,14679309
2019-09-16,162.9499969482422,165.5,160.10000610351562,161.75,11152022
2019-09-17,162.0,163.64999389648438,154.3000030517578,155.60000610351562,10759732
2019-09-18,155.60000610351562,159.35000610351562,153.5500030517578,157.14999389648438,9304274
2019-09-19,157.0,157.5,153.3000030517578,155.39999389648438,6396288
2019-09-20,155.0500030517578,173.64999389648438,152.89999389648438,168.3000030517578,27345926
2019-09-23,172.0,174.14999389648438,165.25,167.6999969482422,11731385
2019-09-24,167.6999969482422,171.35000610351562,165.25,167.25,7908403
2019-09-25,166.8000030517578,167.4499969482422,152.5,155.75,15184200
2019-09-26,156.5,163.89999389648438,155.14999389648438,161.75,11914905
2019-09-27,161.0,161.89999389648438,156.75,158.35000610351562,7148165
2019-09-30,159.0,159.0,151.39999389648438,155.60000610351562,10546288
2019-10-01,156.0,157.9499969482422,132.5500030517578,144.1999969482422,18836234
2019-10-03,145.64999389648438,152.0,144.60000610351562,149.89999389648438,12704415
2019-10-04,151.39999389648438,153.1999969482422,145.60000610351562,147.35000610351562,13947473
2019-10-07,148.0,148.0500030517578,142.75,143.89999389648438,6301348
2019-10-09,143.89999389648438,149.75,138.35000610351562,147.75,15540451
2019-10-10,146.5,146.89999389648438,139.5,142.4499969482422,12393751
2019-10-11,142.5,146.89999389648438,140.75,145.60000610351562,11600032
2019-10-14,150.0,157.85000610351562,149.0,154.85000610351562,19269942
2019-10-15,154.5,159.39999389648438,152.0,156.14999389648438,8060089
2019-10-16,156.0,160.85000610351562,155.5,159.75,11931455
2019-10-17,157.5500030517578,164.75,156.6999969482422,163.85000610351562,9272454
2019-10-18,163.60000610351562,169.60000610351562,162.8000030517578,168.85000610351562,12716934
2019-10-22,170.0,183.0,169.35000610351562,178.1999969482422,21273741
2019-10-23,177.60000610351562,178.8000030517578,174.0,174.9499969482422,9737277
2019-10-24,176.0500030517578,180.4499969482422,174.6999969482422,176.5,8220431
2019-10-25,176.5,182.0,174.64999389648438,181.0,9432267
2019-10-27,182.0,182.0,179.0500030517578,179.8000030517578,832293
2019-10-29,179.8000030517578,183.9499969482422,178.64999389648438,180.9499969482422,7767341
2019-10-30,182.0,183.0,179.25,181.5500030517578,6563814
2019-10-31,185.8000030517578,190.60000610351562,181.89999389648438,183.3000030517578,16086336
2019-11-01,184.39999389648438,186.75,182.60000610351562,185.14999389648438,5112995
2019-11-04,185.3000030517578,188.39999389648438,182.3000030517578,184.3000030517578,6416447
2019-11-05,183.10000610351562,187.39999389648438,182.0500030517578,184.35000610351562,7847108
2019-11-06,186.5500030517578,194.1999969482422,185.8000030517578,191.5,15940992
2019-11-07,197.0,197.8000030517578,188.3000030517578,192.5,23939489
2019-11-08,196.0,209.75,196.0,203.10000610351562,45666495
2019-11-11,200.0,208.64999389648438,199.0500030517578,207.64999389648438,14939800
2019-11-13,210.1999969482422,214.39999389648438,201.14999389648438,202.1999969482422,22014078
2019-11-14,202.85000610351562,209.85000610351562,202.5,208.89999389648438,13244986
2019-11-15,210.0,215.60000610351562,208.35000610351562,211.75,12386416
2019-11-18,211.85000610351562,218.4499969482422,211.3000030517578,216.0,12188767
2019-11-19,217.3000030517578,217.75,212.0500030517578,214.9499969482422,9625573
2019-11-20,215.10000610351562,218.6999969482422,211.35000610351562,212.10000610351562,9963070
2019-11-21,213.39999389648438,218.89999389648438,209.0,216.85000610351562,11285129
2019-11-22,216.9499969482422,219.35000610351562,214.25,217.25,7459722
2019-11-25,220.0,226.60000610351562,217.60000610351562,220.35000610351562,24412232
2019-11-26,222.25,222.60000610351562,215.0,220.0500030517578,73850039
2019-11-27,217.85000610351562,218.14999389648438,213.60000610351562,215.85000610351562,8209601
2019-11-28,216.5,220.8000030517578,214.6999969482422,217.9499969482422,10068332
2019-11-29,218.10000610351562,224.1999969482422,215.0,219.6999969482422,11696442
2019-12-02,219.6999969482422,219.6999969482422,219.6999969482422,219.6999969482422,0
2019-12-03,218.0,222.8000030517578,215.5,218.89999389648438,8871643
2019-12-04,218.0,224.10000610351562,217.0,220.25,10927951
2019-12-05,220.25,222.89999389648438,217.6999969482422,221.10000610351562,8570953
2019-12-06,221.89999389648438,222.5,216.0,218.39999389648438,9114752
2019-12-09,217.5,221.3000030517578,214.60000610351562,217.14999389648438,8352510
2019-12-10,216.5,219.5500030517578,214.75,216.8000030517578,7229597
2019-12-11,217.1999969482422,227.39999389648438,217.0,223.35000610351562,12291947
2019-12-12,226.6999969482422,228.0,222.5500030517578,224.89999389648438,10821969
2019-12-13,226.10000610351562,231.1999969482422,225.10000610351562,228.9499969482422,14462928
2019-12-16,227.5,231.1999969482422,227.5,230.25,7409874
2019-12-17,230.4499969482422,231.39999389648438,228.5,229.89999389648438,5127644
2019-12-18,229.85000610351562,229.9499969482422,224.1999969482422,227.8000030517578,7530021
2019-12-19,227.0,229.0,225.60000610351562,228.39999389648438,3905985
2019-12-20,228.14999389648438,232.5,225.85000610351562,230.5500030517578,6991936
2019-12-23,229.0,233.0,224.60000610351562,227.3000030517578,7458937
2019-12-24,226.8000030517578,230.3000030517578,225.9499969482422,228.64999389648438,5770969
2019-12-26,228.60000610351562,229.10000610351562,225.5500030517578,226.75,4849665
2019-12-27,227.0,233.5,226.8000030517578,232.89999389648438,6721432
2019-12-30,233.1999969482422,235.14999389648438,231.85000610351562,233.25,4687013
2019-12-31,232.0,234.35000610351562,230.0,230.89999389648438,5458676
2020-01-01,231.39999389648438,232.14999389648438,227.10000610351562,227.5500030517578,3761160
2020-01-02,227.5,234.39999389648438,226.5,233.75,4513308
2020-01-03,232.64999389648438,233.6999969482422,227.0500030517578,228.60000610351562,4289982
2020-01-06,227.0,227.5500030517578,220.14999389648438,220.9499969482422,7552620
2020-01-07,223.0,227.4499969482422,222.5,225.5,4646862
2020-01-08,217.3000030517578,228.3000030517578,217.3000030517578,227.64999389648438,6320990
2020-01-09,230.0,240.5,229.35000610351562,238.25,9195030
2020-01-10,238.85000610351562,245.0,236.0,244.1999969482422,14793061
2020-01-13,244.35000610351562,253.75,244.35000610351562,252.8000030517578,14466469
2020-01-14,252.10000610351562,257.6000061035156,250.5500030517578,254.5500030517578,6843491
2020-01-15,252.5,258.0,252.5,255.89999389648438,7020963
2020-01-16,255.6999969482422,259.6499938964844,254.64999389648438,258.1499938964844,5235129
2020-01-17,257.0,262.0,256.8999938964844,261.25,5766591
2020-01-20,261.95001220703125,264.0,257.3500061035156,258.95001220703125,6096170
2020-01-21,258.0,258.8500061035156,255.0,257.1000061035156,5387621
2020-01-22,258.3999938964844,261.25,255.0,258.1000061035156,5476635
2020-01-23,258.1000061035156,262.0,257.1000061035156,260.70001220703125,5101631
2020-01-24,262.0,265.8999938964844,261.1000061035156,262.8500061035156,7257409
2020-01-27,261.5,264.0,255.8000030517578,257.1000061035156,5577299
2020-01-28,256.0,261.25,255.3000030517578,257.6499938964844,4763857
2020-01-29,259.0,261.79998779296875,256.6499938964844,258.6000061035156,4977662
2020-01-30,258.6000061035156,258.8500061035156,252.0500030517578,254.64999389648438,5549648
2020-01-31,257.79998779296875,262.79998779296875,254.3000030517578,260.45001220703125,10810838
2020-02-03,230.0,233.6999969482422,217.85000610351562,230.85000610351562,20842165
2020-02-04,231.39999389648438,247.75,230.8000030517578,245.25,15797056
2020-02-05,250.14999389648438,255.8000030517578,245.64999389648438,253.4499969482422,12352880
2020-02-06,247.0,254.6999969482422,243.39999389648438,246.3000030517578,17929026
2020-02-07,246.0,246.89999389648438,234.75,235.8000030517578,14050194
2020-02-10,235.3000030517578,236.60000610351562,231.14999389648438,233.8000030517578,8120421
2020-02-11,236.0,237.8000030517578,232.60000610351562,233.85000610351562,5475597
2020-02-12,233.89999389648438,235.75,226.8000030517578,230.85000610351562,6806019
2020-02-13,230.5500030517578,232.60000610351562,227.4499969482422,231.35000610351562,6913597
2020-02-14,232.39999389648438,234.4499969482422,224.4499969482422,226.1999969482422,6757171
2020-02-17,228.39999389648438,229.8000030517578,217.85000610351562,219.39999389648438,10788768
2020-02-18,217.1999969482422,219.35000610351562,216.5500030517578,217.9499969482422,6678150
2020-02-19,220.6999969482422,228.64999389648438,218.3000030517578,226.89999389648438,7405952
2020-02-20,226.89999389648438,228.35000610351562,219.0,220.10000610351562,7654026
2020-02-24,215.0,219.0,211.25,212.5,7761069
2020-02-25,213.0,219.5,213.0,216.75,8778643
2020-02-26,214.85000610351562,217.6999969482422,210.60000610351562,212.4499969482422,6037598
2020-02-27,212.0,212.8000030517578,204.3000030517578,208.6999969482422,8839033
2020-02-28,203.5,204.89999389648438,193.14999389648438,201.6999969482422,15083273
2020-03-02,206.0,213.39999389648438,199.8000030517578,203.85000610351562,10400591
2020-03-03,205.0,212.0500030517578,203.39999389648438,206.8000030517578,11084288
2020-03-04,208.0500030517578,210.10000610351562,198.5,203.9499969482422,9357919
2020-03-05,205.8000030517578,207.35000610351562,200.39999389648438,202.60000610351562,8576035
2020-03-06,195.0,196.10000610351562,187.85000610351562,194.4499969482422,10991688
2020-03-09,188.0,189.0,178.64999389648438,182.35000610351562,12053473
2020-03-11,182.35000610351562,184.8000030517578,177.0,178.4499969482422,9238369
2020-03-12,168.0,169.0,154.5,156.89999389648438,14049953
2020-03-13,145.0500030517578,171.9499969482422,142.0,166.75,11231755
2020-03-16,155.25,157.0,147.60000610351562,149.0,7065375
2020-03-17,150.0,155.0,143.89999389648438,144.60000610351562,8919578
2020-03-18,149.89999389648438,149.89999389648438,138.0,140.14999389648438,9347932
2020-03-19,132.64999389648438,140.35000610351562,125.5,128.4499969482422,10873570
2020-03-20,129.0,141.75,121.3499984741211,139.8000030517578,18143402
2020-03-23,125.8499984741211,134.1999969482422,123.80000305175781,126.1500015258789,6918861
2020-03-24,126.0,133.0500030517578,117.69999694824219,120.80000305175781,13129144
2020-03-25,120.0,127.4000015258789,114.55000305175781,123.80000305175781,14618656
2020-03-26,126.0999984741211,147.0,121.6500015258789,138.14999389648438,16809428
2020-03-27,142.0,158.85000610351562,136.8000030517578,138.75,14470204
2020-03-30,134.0,135.5,128.8000030517578,130.75,7737955
2020-03-31,137.0,138.89999389648438,130.35000610351562,137.4499969482422,8327716
2020-04-01,135.9499969482422,136.9499969482422,130.3000030517578,132.5500030517578,5567170
2020-04-03,133.5500030517578,136.0,130.35000610351562,132.10000610351562,6553107
2020-04-07,137.6999969482422,142.89999389648438,135.10000610351562,141.5500030517578,6419110
2020-04-08,137.0,146.8000030517578,136.85000610351562,138.0,7944486
2020-04-09,142.10000610351562,151.8000030517578,140.6999969482422,149.10000610351562,7216451
2020-04-13,148.39999389648438,148.89999389648438,134.60000610351562,139.75,12595353
2020-04-15,138.9499969482422,144.64999389648438,137.8000030517578,140.3000030517578,9821552
2020-04-16,138.0,143.35000610351562,132.6999969482422,134.0,13414652
2020-04-17,139.89999389648438,145.3000030517578,135.8000030517578,136.89999389648438,30164652
2020-04-20,138.1999969482422,139.4499969482422,131.3000030517578,134.39999389648438,18161265
2020-04-21,131.39999389648438,133.6999969482422,129.14999389648438,132.64999389648438,12612460
2020-04-22,132.9499969482422,135.1999969482422,129.8000030517578,133.5500030517578,11250707
2020-04-23,134.39999389648438,138.5,133.0,137.0,10333997
2020-04-24,135.0,135.0,127.5999984741211,128.1999969482422,12295346
2020-04-27,131.0,133.6999969482422,129.6999969482422,133.0,6956597
2020-04-28,135.0,138.64999389648438,133.89999389648438,138.0,10118659
2020-04-29,138.5,142.5,137.5,141.64999389648438,7030077
2020-04-30,143.64999389648438,152.25,142.25,146.85000610351562,12818946
2020-05-04,141.25,141.25,131.10000610351562,133.0500030517578,7768173
2020-05-05,135.64999389648438,136.25,126.0999984741211,126.80000305175781,9178838
2020-05-06,127.9000015258789,131.1999969482422,125.0,129.89999389648438,8703337
2020-05-07,131.0,133.35000610351562,128.60000610351562,129.14999389648438,5890404
2020-05-08,132.89999389648438,132.89999389648438,129.35000610351562,130.14999389648438,5882098
2020-05-11,133.0,135.39999389648438,131.10000610351562,133.35000610351562,6546304
2020-05-12,131.75,137.85000610351562,130.14999389648438,136.9499969482422,7708941
2020-05-13,143.5,146.5,139.60000610351562,141.10000610351562,11157101
2020-05-14,139.85000610351562,140.0,135.0,137.0500030517578,8704139
2020-05-15,139.0,140.5,136.64999389648438,138.8000030517578,8090978
2020-05-18,138.5,138.8000030517578,129.6999969482422,132.4499969482422,7009940
2020-05-19,134.5,135.4499969482422,130.39999389648438,131.4499969482422,6068689
2020-05-20,132.0500030517578,141.8000030517578,130.75,139.25,11788743
2020-05-21,139.0,141.0,136.60000610351562,138.60000610351562,5864536
2020-05-22,137.5,140.0,133.85000610351562,135.14999389648438,6331378
2020-05-26,135.75,137.85000610351562,134.5500030517578,136.75,4595672
2020-05-27,137.5,138.1999969482422,134.8000030517578,137.64999389648438,4864921
2020-05-28,136.85000610351562,145.9499969482422,136.6999969482422,144.0500030517578,8686378
2020-05-29,140.0,152.85000610351562,140.0,150.64999389648438,15478799
2020-06-01,153.0,158.5500030517578,150.8000030517578,152.1999969482422,13138735
2020-06-02,153.0,158.85000610351562,150.39999389648438,157.1999969482422,10651414
2020-06-03,158.0500030517578,163.0500030517578,154.6999969482422,156.0,16147229
2020-06-04,153.0500030517578,158.3000030517578,152.64999389648438,156.35000610351562,11047021
2020-06-05,153.0,158.3000030517578,148.8000030517578,157.1999969482422,24856656
2020-06-08,162.0,163.5500030517578,152.10000610351562,152.9499969482422,13212637
2020-06-09,154.0,158.3000030517578,151.9499969482422,153.35000610351562,10649535
2020-06-10,154.0,158.5500030517578,153.35000610351562,156.8000030517578,7195413
2020-06-11,156.75,161.0,149.60000610351562,150.75,13544700
2020-06-12,145.0,154.85000610351562,143.8000030517578,154.0500030517578,11237376
2020-06-15,153.35000610351562,154.39999389648438,145.1999969482422,145.89999389648438,11614920
2020-06-16,150.0,151.39999389648438,143.6999969482422,146.60000610351562,8630991
2020-06-17,146.3000030517578,152.0,144.9499969482422,150.0500030517578,7838504
2020-06-18,149.4499969482422,150.1999969482422,146.0,147.6999969482422,6470562
2020-06-19,148.5,162.4499969482422,148.5,161.8000030517578,22606656
2020-06-22,164.5,164.5,158.3000030517578,159.9499969482422,12877819
2020-06-23,162.0,170.25,159.5,168.64999389648438,16147689
2020-06-24,168.64999389648438,171.25,158.85000610351562,160.0500030517578,13866743
2020-06-25,159.8000030517578,161.39999389648438,156.5500030517578,157.25,10615968
2020-06-26,159.14999389648438,159.14999389648438,152.35000610351562,154.39999389648438,10524946
2020-06-29,154.1999969482422,155.3000030517578,149.6999969482422,151.5,5370205
2020-06-30,153.0,154.39999389648438,147.1999969482422,148.0500030517578,6991814
2020-07-01,148.4499969482422,152.5,147.89999389648438,150.25,7325712
2020-07-02,151.1999969482422,154.10000610351562,150.0,152.85000610351562,5754433
2020-07-03,154.0,154.75,149.5,151.25,6698888
2020-07-06,153.0,156.0,152.25,154.85000610351562,5813548
2020-07-07,154.0500030517578,155.25,150.0,153.0500030517578,7492628
2020-07-08,152.5,154.5,145.60000610351562,146.39999389648438,12826654
2020-07-09,148.89999389648438,151.0,144.60000610351562,146.0,19957900
2020-07-10,145.5,149.4499969482422,144.64999389648438,147.75,15581405
2020-07-13,148.85000610351562,149.1999969482422,141.64999389648438,142.89999389648438,13687808
2020-07-14,144.0,144.9499969482422,139.3000030517578,139.89999389648438,13082474
2020-07-15,141.0,142.60000610351562,136.5,137.10000610351562,13326740
2020-07-16,137.3000030517578,140.25,134.5,138.5500030517578,13656677
2020-07-17,139.0,141.3000030517578,137.3000030517578,140.75,7461988
2020-07-20,142.0,143.75,139.60000610351562,140.9499969482422,8746550
2020-07-21,142.5,147.35000610351562,141.6999969482422,143.3000030517578,13694418
2020-07-22,144.0,146.4499969482422,141.1999969482422,142.6999969482422,9775312
2020-07-23,142.6999969482422,144.35000610351562,141.5,142.75,5731413
2020-07-24,142.0,142.39999389648438,136.89999389648438,138.89999389648438,9430566
2020-07-27,139.25,139.39999389648438,134.5,136.1999969482422,8219123
2020-07-28,136.8000030517578,142.10000610351562,135.1999969482422,141.14999389648438,9789458
2020-07-29,139.75,142.89999389648438,138.3000030517578,139.85000610351562,7614355
2020-07-30,140.14999389648438,141.6999969482422,137.8000030517578,140.10000610351562,8828387
2020-07-31,140.9499969482422,142.75,139.0,141.14999389648438,7720316
2020-08-03,140.14999389648438,141.6999969482422,138.0,138.5,5813192
2020-08-04,139.0,143.60000610351562,138.3000030517578,142.60000610351562,8786634
2020-08-05,143.0,145.1999969482422,141.0,142.5500030517578,8805210
2020-08-06,141.5,147.4499969482422,141.0,142.64999389648438,14873713
2020-08-07,143.89999389648438,143.89999389648438,141.0,141.85000610351562,10489309
2020-08-10,142.5,150.3000030517578,142.39999389648438,148.64999389648438,14527334
2020-08-11,149.0,150.39999389648438,145.8000030517578,146.5500030517578,6255637
2020-08-12,145.5,148.10000610351562,144.5500030517578,146.5500030517578,5257547
2020-08-13,147.0,149.0,145.6999969482422,147.75,7889782
2020-08-14,148.89999389648438,149.75,140.35000610351562,142.4499969482422,9986928
2020-08-17,144.5,147.5,141.6999969482422,147.14999389648438,8642516
2020-08-18,147.0,160.35000610351562,146.60000610351562,157.14999389648438,39197183
2020-08-19,157.10000610351562,159.89999389648438,155.60000610351562,157.5500030517578,9439687
2020-08-20,156.0,164.5500030517578,155.0,160.89999389648438,17796868
2020-08-21,162.35000610351562,164.0,160.5,161.6999969482422,10424330
2020-08-24,162.5,167.0,157.0,157.6999969482422,28388350
2020-08-25,158.0,162.4499969482422,154.6999969482422,156.39999389648438,14665726
2020-08-26,157.5,161.5,156.10000610351562,160.0,10613576
2020-08-27,161.9499969482422,181.85000610351562,160.8000030517578,175.89999389648438,76444741
2020-08-28,176.0,179.6999969482422,172.10000610351562,173.0500030517578,25128213
2020-08-31,174.75,176.60000610351562,156.9499969482422,158.35000610351562,20605993
2020-09-01,158.8000030517578,161.8000030517578,153.1999969482422,160.89999389648438,17246779
2020-09-02,160.89999389648438,163.85000610351562,155.6999969482422,161.10000610351562,16987780
2020-09-03,161.10000610351562,162.4499969482422,157.64999389648438,158.64999389648438,7922397
2020-09-04,156.0,157.5,153.10000610351562,154.85000610351562,10265412
2020-09-07,156.0,156.6999969482422,149.60000610351562,152.14999389648438,11200977
2020-09-08,152.75,153.89999389648438,149.25,150.25,7800724
2020-09-09,149.0,151.35000610351562,145.0500030517578,150.10000610351562,10110075
2020-09-10,151.1999969482422,153.25,147.5,150.1999969482422,9723095
2020-09-11,149.89999389648438,156.89999389648438,149.14999389648438,154.3000030517578,17319975
2020-09-14,156.0,159.3000030517578,154.5,155.6999969482422,10567394
2020-09-15,156.60000610351562,159.0,153.14999389648438,155.5500030517578,8587437
2020-09-16,156.39999389648438,164.1999969482422,154.10000610351562,163.35000610351562,17795601
2020-09-17,162.0,163.10000610351562,156.35000610351562,156.85000610351562,10347762
2020-09-18,158.0,166.35000610351562,157.39999389648438,161.25,19610622
2020-09-21,161.64999389648438,162.4499969482422,150.0,151.89999389648438,15159129
2020-09-22,151.89999389648438,152.85000610351562,146.5,148.9499969482422,12105412
2020-09-23,150.0,154.3000030517578,142.5,150.4499969482422,23504074
2020-09-24,148.0,148.35000610351562,144.39999389648438,146.25,9215076
2020-09-25,149.64999389648438,153.0,148.1999969482422,151.35000610351562,11733841
2020-09-28,153.0,158.39999389648438,152.64999389648438,157.6999969482422,10507683
2020-09-29,158.5,158.9499969482422,153.0,154.85000610351562,8313533
2020-09-30,155.5,156.60000610351562,151.85000610351562,152.64999389648438,9738929
2020-10-01,153.5,158.6999969482422,153.5,155.89999389648438,9336209
2020-10-05,157.0,161.85000610351562,156.8000030517578,159.25,8518857
2020-10-06,160.89999389648438,165.5,159.6999969482422,162.89999389648438,12822886
2020-10-07,162.64999389648438,163.64999389648438,157.0500030517578,158.6999969482422,6956925
2020-10-08,159.8000030517578,161.9499969482422,157.6999969482422,159.8000030517578,6656052
2020-10-09,159.5,162.64999389648438,155.8000030517578,157.0,13048412
2020-10-12,158.39999389648438,160.14999389648438,155.10000610351562,155.85000610351562,7747619
2020-10-13,156.0500030517578,159.4499969482422,154.60000610351562,155.10000610351562,6683490
2020-10-14,154.89999389648438,159.89999389648438,153.35000610351562,159.10000610351562,10159928
2020-10-15,160.14999389648438,160.8000030517578,154.35000610351562,155.4499969482422,15676743
2020-10-16,156.0,164.25,153.75,162.5500030517578,12349164
2020-10-19,164.1999969482422,167.85000610351562,161.75,164.6999969482422,12902014
2020-10-20,164.10000610351562,169.1999969482422,163.25,167.4499969482422,15771594
2020-10-21,168.1999969482422,174.1999969482422,165.0500030517578,172.10000610351562,18718295
2020-10-22,173.75,175.10000610351562,170.8000030517578,172.5,15889305
2020-10-23,173.35000610351562,174.0,170.60000610351562,171.3000030517578,8487199
2020-10-26,172.89999389648438,172.89999389648438,164.5500030517578,166.1999969482422,9246577
2020-10-27,166.3000030517578,167.1999969482422,163.75,165.10000610351562,8439659
2020-10-28,165.14999389648438,166.0,155.1999969482422,156.0,15046056
2020-10-29,154.89999389648438,156.1999969482422,150.60000610351562,153.10000610351562,14280083
2020-10-30,153.10000610351562,159.3000030517578,152.5,158.3000030517578,15148639
2020-11-02,160.3000030517578,170.89999389648438,156.64999389648438,164.8000030517578,29960943
2020-11-03,164.8000030517578,168.9499969482422,162.6999969482422,163.64999389648438,10843695
2020-11-04,163.64999389648438,164.64999389648438,160.0500030517578,162.8000030517578,8663963
2020-11-05,165.0500030517578,167.3000030517578,164.1999969482422,165.8000030517578,13322658
2020-11-06,165.6999969482422,169.25,164.6999969482422,167.89999389648438,10144658
2020-11-09,169.89999389648438,174.64999389648438,169.10000610351562,172.8000030517578,12011067
2020-11-10,174.5500030517578,181.9499969482422,172.0,180.5,15500699
2020-11-11,179.5,183.8000030517578,177.3000030517578,182.89999389648438,15718886
2020-11-12,182.0,185.75,179.1999969482422,182.64999389648438,13342624
2020-11-13,182.89999389648438,185.8000030517578,180.5500030517578,184.64999389648438,10070735
2020-11-14,185.89999389648438,186.8000030517578,183.0,184.60000610351562,1702545
2020-11-17,185.4499969482422,190.6999969482422,184.0,188.35000610351562,13319247
2020-11-18,192.5,194.5,186.3000030517578,190.75,21293362
2020-11-19,189.89999389648438,200.85000610351562,182.6999969482422,184.89999389648438,32676477
2020-11-20,187.0,189.0,180.0,181.9499969482422,12984806
2020-11-23,183.9499969482422,187.39999389648438,181.10000610351562,186.10000610351562,11222797
2020-11-24,188.0,191.39999389648438,186.25,189.5,11941881
2020-11-25,191.1999969482422,191.1999969482422,182.10000610351562,182.85000610351562,12845778
2020-11-26,183.9499969482422,186.4499969482422,179.64999389648438,184.4499969482422,10173802
2020-11-27,184.0,189.89999389648438,184.0,187.1999969482422,16434212
2020-12-01,192.0,197.5,189.60000610351562,195.10000610351562,19225092
2020-12-02,194.75,202.3000030517578,194.0,200.85000610351562,16010211
2020-12-03,202.0,204.9499969482422,199.10000610351562,203.0,14752672
2020-12-04,203.6999969482422,212.25,203.0500030517578,211.3000030517578,21352652
2020-12-07,211.0,211.3000030517578,205.64999389648438,208.14999389648438,9525344
2020-12-08,207.8000030517578,211.35000610351562,204.25,206.5,10544417
2020-12-09,207.89999389648438,213.9499969482422,206.35000610351562,212.1999969482422,12745554
2020-12-10,213.35000610351562,219.5,207.64999389648438,217.89999389648438,14237563
2020-12-11,218.35000610351562,221.5,212.8000030517578,218.8000030517578,21193126
2020-12-14,218.25,218.64999389648438,212.3000030517578,213.5,7492250
2020-12-15,213.5,215.25,207.39999389648438,214.5500030517578,12419020
2020-12-16,215.64999389648438,240.39999389648438,214.5,235.39999389648438,69126114
2020-12-17,235.3000030517578,237.60000610351562,231.0,234.3000030517578,22292093
2020-12-18,233.9499969482422,234.25,228.3000030517578,231.39999389648438,9591145
2020-12-21,229.0,234.5,208.3000030517578,214.8000030517578,17768901
2020-12-22,215.10000610351562,221.8000030517578,210.0,219.35000610351562,19728934
2020-12-23,220.4499969482422,230.5,217.6999969482422,228.85000610351562,17973779
2020-12-24,230.0,233.25,224.3000030517578,226.10000610351562,12434884
2020-12-28,231.0,239.0,230.6999969482422,233.1999969482422,27762006
2020-12-29,234.85000610351562,236.4499969482422,228.60000610351562,231.4499969482422,11576761
2020-12-30,232.5,237.0,228.5,235.9499969482422,9073150
2020-12-31,237.60000610351562,238.39999389648438,231.64999389648438,232.85000610351562,11989362
2021-01-01,232.85000610351562,240.4499969482422,232.5,238.35000610351562,10012441
2021-01-04,239.85000610351562,245.0,233.1999969482422,244.3000030517578,17172770
2021-01-05,241.9499969482422,246.9499969482422,239.5,241.75,17130907
2021-01-06,241.6999969482422,244.39999389648438,234.64999389648438,241.0500030517578,12995777
2021-01-07,244.89999389648438,249.3000030517578,242.60000610351562,245.39999389648438,16159966
2021-01-08,247.89999389648438,252.4499969482422,245.89999389648438,248.3000030517578,15045597
2021-01-11,249.0,251.0,243.5,246.9499969482422,13389039
2021-01-12,245.1999969482422,278.3500061035156,245.0,267.54998779296875,55656650
2021-01-13,271.79998779296875,292.75,268.25,280.45001220703125,53194247
2021-01-14,281.5,285.79998779296875,277.1000061035156,281.6000061035156,18052699
2021-01-15,281.6000061035156,286.8999938964844,274.70001220703125,279.45001220703125,18616023
2021-01-18,278.0,282.6000061035156,268.79998779296875,277.1499938964844,14493618
2021-01-19,279.5,299.5,278.70001220703125,289.0,45630675
2021-01-20,291.04998779296875,295.0,287.70001220703125,290.45001220703125,15773901
2021-01-21,293.70001220703125,298.0,279.25,282.70001220703125,16708249
2021-01-22,284.5,285.0,266.3999938964844,269.3999938964844,24757381
2021-01-25,274.1499938964844,278.75,265.5,269.95001220703125,19016825
2021-01-27,269.6499938964844,269.6499938964844,257.1499938964844,258.75,18254885
2021-01-28,252.25,262.79998779296875,251.5500030517578,261.0,18465673
2021-01-29,265.0,265.5,253.25,255.4499969482422,14687473
2021-02-01,258.5,289.70001220703125,255.0,281.6499938964844,34749840
2021-02-02,285.29998779296875,299.0,278.8500061035156,294.5,27644084
2021-02-03,300.0,301.3999938964844,285.6499938964844,289.95001220703125,24568816
2021-02-04,287.0,312.29998779296875,285.75,304.75,43148676
2021-02-05,307.6499938964844,314.8999938964844,298.1000061035156,305.29998779296875,29462092
2021-02-08,316.04998779296875,318.8999938964844,309.5,313.04998779296875,24557444
2021-02-09,314.5,321.0,304.20001220703125,307.0,21572096
2021-02-10,309.0,315.95001220703125,308.04998779296875,311.3999938964844,20575150
2021-02-11,311.45001220703125,315.5,308.3999938964844,309.6499938964844,13808073
2021-02-12,312.0,316.3999938964844,308.6000061035156,311.75,16500467
2021-02-15,314.5,325.79998779296875,312.0,317.25,23007953
2021-02-16,318.95001220703125,328.20001220703125,315.5,319.0,19300639
2021-02-17,318.70001220703125,321.54998779296875,313.20001220703125,314.8999938964844,12470386
2021-02-18,316.95001220703125,317.29998779296875,304.70001220703125,306.25,13038811
2021-02-19,306.70001220703125,311.0,293.04998779296875,300.6000061035156,20551420
2021-02-22,300.0,304.5,291.1000061035156,294.1000061035156,11647381
2021-02-23,296.29998779296875,310.70001220703125,296.20001220703125,305.3999938964844,21574486
2021-02-24,307.3999938964844,316.0,307.04998779296875,313.20001220703125,11726034
2021-02-25,317.0,319.0,313.3500061035156,314.70001220703125,10043934
2021-02-26,304.0,310.70001220703125,300.29998779296875,302.5,16598725
2021-03-01,305.79998779296875,310.70001220703125,302.0,307.29998779296875,8238981
2021-03-02,309.70001220703125,314.95001220703125,307.54998779296875,313.6000061035156,8429333
2021-03-03,316.25,328.6000061035156,315.04998779296875,324.20001220703125,20023351
2021-03-04,319.0,332.70001220703125,316.5,326.3999938964844,20355344
2021-03-05,322.54998779296875,324.6000061035156,312.3999938964844,318.1000061035156,15748456
2021-03-08,320.79998779296875,323.25,314.3999938964844,316.25,6273645
2021-03-09,319.29998779296875,321.3999938964844,308.54998779296875,311.3999938964844,7976670
2021-03-10,314.3999938964844,316.3999938964844,311.5,314.25,4810951
2021-03-12,317.1000061035156,322.25,306.1499938964844,308.5,9498938
2021-03-15,310.70001220703125,310.70001220703125,296.70001220703125,304.25,9489942
2021-03-16,305.79998779296875,306.75,301.6000061035156,304.20001220703125,5444765
2021-03-17,304.20001220703125,306.20001220703125,289.5,291.1499938964844,7754321
2021-03-18,295.6000061035156,298.3500061035156,282.79998779296875,288.20001220703125,10848676
2021-03-19,285.0,289.45001220703125,277.75,287.3999938964844,9077585
2021-03-22,288.8999938964844,293.8999938964844,284.25,292.29998779296875,8212537
2021-03-23,293.8999938964844,302.70001220703125,292.6499938964844,297.95001220703125,11946828
2021-03-24,295.0,297.3999938964844,282.8999938964844,284.1499938964844,7392963
2021-03-25,285.0,285.70001220703125,270.0,277.0,10184085
2021-03-26,282.79998779296875,284.29998779296875,277.04998779296875,279.20001220703125,7720066
2021-03-30,281.95001220703125,284.45001220703125,274.5,279.29998779296875,7730360
2021-03-31,278.3500061035156,288.3500061035156,274.04998779296875,287.04998779296875,8921131
2021-04-01,288.1000061035156,293.6000061035156,283.5,291.79998779296875,7372090
2021-04-05,289.0,289.0,272.1499938964844,276.75,10716857
2021-04-06,279.6000061035156,284.45001220703125,275.75,278.79998779296875,8462492
2021-04-07,279.95001220703125,285.5,278.54998779296875,283.1000061035156,7382197
2021-04-08,285.0,287.1000061035156,279.54998779296875,280.45001220703125,6174083
2021-04-09,279.54998779296875,285.0,278.1000061035156,279.54998779296875,7211615
2021-04-12,271.0,272.8500061035156,244.0,246.60000610351562,18657763
2021-04-13,248.60000610351562,258.5,246.10000610351562,255.6999969482422,16183485
2021-04-15,256.1000061035156,258.79998779296875,246.0,248.0,10700910
2021-04-16,249.39999389648438,254.85000610351562,246.4499969482422,252.4499969482422,9010453
2021-04-19,244.0,244.8000030517578,235.0500030517578,236.8000030517578,12812162
2021-04-20,240.0,241.4499969482422,232.0500030517578,234.39999389648438,12162782
2021-04-22,233.60000610351562,248.8000030517578,231.85000610351562,247.0,12569022
2021-04-23,244.0,248.35000610351562,239.0,241.9499969482422,7740849
2021-04-26,243.0500030517578,248.1999969482422,242.64999389648438,246.8000030517578,5940387
2021-04-27,247.0,254.60000610351562,246.25,253.6999969482422,10632521
2021-04-28,255.5,256.79998779296875,249.6999969482422,250.89999389648438,5698980
2021-04-29,253.0,254.5,247.60000610351562,249.3000030517578,5746596
2021-04-30,245.1999969482422,254.5,243.14999389648438,247.3000030517578,6442696
2021-05-03,244.0,248.9499969482422,241.75,247.85000610351562,6028248
2021-05-04,250.5,254.39999389648438,245.0,245.89999389648438,6949282
2021-05-05,248.8000030517578,253.5,246.8000030517578,248.4499969482422,4866052
2021-05-06,250.0,251.35000610351562,245.14999389648438,250.5,3591055
2021-05-07,252.75,262.5,250.25,257.95001220703125,17385575
2021-05-10,260.29998779296875,267.1499938964844,259.75,266.1000061035156,10608802
2021-05-11,263.95001220703125,271.70001220703125,262.0,265.5,9244129
2021-05-12,269.0,271.0,263.1000061035156,265.29998779296875,7118778
2021-05-14,267.95001220703125,269.1000061035156,250.0,250.5500030517578,9188880
2021-05-17,252.89999389648438,261.29998779296875,250.39999389648438,259.25,8266248
2021-05-18,262.0,265.3999938964844,260.75,261.8999938964844,6221518
2021-05-19,262.1000061035156,267.79998779296875,261.1000061035156,265.04998779296875,6331207
2021-05-20,264.04998779296875,269.1499938964844,261.3999938964844,267.3500061035156,7035433
2021-05-21,269.8999938964844,275.95001220703125,267.1499938964844,268.3999938964844,11798677
2021-05-24,270.8999938964844,278.8500061035156,267.6000061035156,277.04998779296875,11223254
2021-05-25,280.04998779296875,284.45001220703125,277.5,279.0,12889490
2021-05-26,280.0,292.8500061035156,278.3500061035156,291.20001220703125,17184211
2021-05-27,291.8500061035156,292.29998779296875,281.8500061035156,283.3999938964844,9088297
2021-05-28,286.0,288.6000061035156,283.5,286.29998779296875,6276190
2021-05-31,286.29998779296875,290.6499938964844,284.29998779296875,288.45001220703125,9776560
2021-06-01,290.0,290.0,280.45001220703125,287.29998779296875,5328784
2021-06-02,281.3500061035156,292.6499938964844,281.3500061035156,290.8999938964844,9157000
2021-06-03,293.6000061035156,303.0,292.0,297.6499938964844,12795761
2021-06-04,298.8999938964844,302.3500061035156,293.6499938964844,296.95001220703125,7966626
2021-06-07,298.79998779296875,304.20001220703125,296.20001220703125,298.6499938964844,5565442
2021-06-08,299.1000061035156,306.6000061035156,296.6499938964844,304.45001220703125,8230268
2021-06-09,306.8500061035156,308.0,294.79998779296875,297.8500061035156,7726753
2021-06-10,299.70001220703125,317.04998779296875,298.5,313.6499938964844,13347991
2021-06-11,316.6000061035156,316.6000061035156,309.04998779296875,310.04998779296875,11748668
2021-06-14,313.95001220703125,314.0,290.6499938964844,299.20001220703125,22458184
2021-06-15,301.29998779296875,310.8999938964844,300.20001220703125,308.79998779296875,10001848
2021-06-16,307.95001220703125,311.8999938964844,304.3999938964844,306.1000061035156,11292445
2021-06-17,302.95001220703125,306.29998779296875,294.75,296.8999938964844,6906253
2021-06-18,298.8999938964844,299.1499938964844,282.5,294.8500061035156,12563202
2021-06-21,288.1499938964844,304.20001220703125,287.1499938964844,302.6000061035156,8469243
2021-06-22,305.0,305.8500061035156,295.6000061035156,296.79998779296875,6275951
2021-06-23,298.5,300.6000061035156,292.20001220703125,293.04998779296875,5070124
2021-06-24,295.20001220703125,295.45001220703125,288.3500061035156,290.25,3432955
2021-06-25,291.0,296.3999938964844,290.25,293.8999938964844,4304141
2021-06-28,294.5,297.20001220703125,292.20001220703125,293.54998779296875,3238770
2021-06-29,293.3999938964844,296.3500061035156,285.0,287.20001220703125,7969215
2021-06-30,289.0,289.04998779296875,280.3999938964844,281.1000061035156,7442177
2021-07-01,282.6000061035156,285.95001220703125,279.45001220703125,280.25,4909910
2021-07-02,283.0,285.79998779296875,280.6499938964844,283.8500061035156,4885936
2021-07-05,285.95001220703125,294.5,284.5,293.70001220703125,7189626
2021-07-06,294.70001220703125,296.6499938964844,289.54998779296875,290.8999938964844,5099406
2021-07-07,290.6000061035156,298.5,289.79998779296875,294.8999938964844,7795807
2021-07-08,295.8999938964844,298.70001220703125,287.0,287.8500061035156,6407941
2021-07-09,289.8999938964844,304.0,287.29998779296875,300.3500061035156,13119855
2021-07-12,302.95001220703125,313.0,300.75,310.95001220703125,23057943
2021-07-13,313.95001220703125,318.70001220703125,311.45001220703125,314.20001220703125,16548982
2021-07-14,313.79998779296875,315.70001220703125,310.3500061035156,311.79998779296875,6841291
2021-07-15,312.0,324.0,310.3500061035156,322.6000061035156,12763481
2021-07-16,324.8999938964844,336.6499938964844,321.1000061035156,330.79998779296875,29757038
2021-07-19,325.8999938964844,338.79998779296875,324.45001220703125,331.25,23622887
2021-07-20,333.3999938964844,333.6499938964844,320.79998779296875,322.3999938964844,11504064
2021-07-22,327.70001220703125,334.75,326.0,330.5,9250040
2021-07-23,331.95001220703125,335.5,325.0,334.1499938964844,11705345
2021-07-26,334.1499938964844,341.1000061035156,332.1499938964844,333.95001220703125,11540718
2021-07-27,338.0,344.54998779296875,328.6499938964844,337.0,27226565
2021-07-28,338.6499938964844,339.5,326.3999938964844,332.04998779296875,12956787
2021-07-29,335.79998779296875,341.70001220703125,332.20001220703125,340.04998779296875,13771413
2021-07-30,338.79998779296875,344.5,336.25,337.6499938964844,9615942
2021-08-02,340.0,354.8999938964844,337.95001220703125,351.8500061035156,20614630
2021-08-03,353.95001220703125,356.8999938964844,350.54998779296875,355.1499938964844,14244303
2021-08-04,356.0,359.25,346.45001220703125,350.45001220703125,8722938
2021-08-05,351.29998779296875,353.8500061035156,345.70001220703125,351.04998779296875,9899381
2021-08-06,349.8999938964844,353.25,341.0,342.79998779296875,4741644
2021-08-09,345.0,349.54998779296875,339.1499938964844,342.25,6125876
2021-08-10,343.5,345.75,330.20001220703125,334.25,6133189
2021-08-11,335.3999938964844,336.20001220703125,323.0,331.54998779296875,9652285
2021-08-12,332.75,338.3500061035156,329.0,334.04998779296875,6584207
2021-08-13,334.8999938964844,338.6000061035156,329.29998779296875,332.6000061035156,5586335
2021-08-16,332.5,338.0,328.1499938964844,329.6499938964844,5652582
2021-08-17,329.6000061035156,333.04998779296875,320.70001220703125,325.3500061035156,6982467
2021-08-18,327.0,332.8999938964844,324.0,327.1000061035156,6497642
2021-08-20,321.0,325.3500061035156,306.5,309.0,7814607
2021-08-23,313.8999938964844,316.3500061035156,304.25,306.6000061035156,6842918
2021-08-24,308.20001220703125,316.3999938964844,306.29998779296875,315.20001220703125,7875017
2021-08-25,314.79998779296875,317.6499938964844,303.0,307.29998779296875,10506390
2021-08-26,309.0,311.5,305.25,307.54998779296875,8282325
2021-08-27,309.0,314.29998779296875,308.25,311.79998779296875,7456521
2021-08-30,312.04998779296875,320.8999938964844,312.04998779296875,319.79998779296875,6860250
2021-08-31,319.1000061035156,323.8999938964844,317.6000061035156,320.54998779296875,9726975
2021-09-01,322.6499938964844,335.0,319.25,332.8500061035156,14296207
2021-09-02,334.75,341.1000061035156,331.04998779296875,338.8999938964844,12204919
2021-09-03,340.8500061035156,346.6000061035156,338.3999938964844,343.70001220703125,10190223
2021-09-06,344.75,348.79998779296875,341.54998779296875,345.5,8448657
2021-09-07,347.70001220703125,347.70001220703125,334.29998779296875,336.04998779296875,7523534
2021-09-08,336.8500061035156,337.5,329.6000061035156,334.70001220703125,5673475
2021-09-09,331.70001220703125,334.5,329.70001220703125,332.95001220703125,3618505
2021-09-13,333.5,341.25,332.25,339.6499938964844,6333561
2021-09-14,341.0,345.0,341.0,342.29998779296875,6832136
2021-09-15,342.45001220703125,345.45001220703125,341.1000061035156,342.45001220703125,3455110
2021-09-16,344.0,344.6000061035156,339.6000061035156,342.3999938964844,3236430
2021-09-17,342.8500061035156,348.6000061035156,331.8999938964844,334.75,9901964
2021-09-20,329.0,337.45001220703125,320.1000061035156,323.0,5888573
2021-09-21,324.3500061035156,333.6000061035156,319.54998779296875,330.70001220703125,12090071
2021-09-22,332.8500061035156,373.75,331.04998779296875,369.04998779296875,42525950
2021-09-23,372.20001220703125,412.79998779296875,370.0,401.8500061035156,76461998
2021-09-24,404.3999938964844,418.29998779296875,397.70001220703125,410.45001220703125,43795780
2021-09-27,414.1499938964844,427.8999938964844,411.79998779296875,420.0,32580196
2021-09-28,419.0,419.54998779296875,397.0,410.04998779296875,21272633
2021-09-29,405.20001220703125,420.8999938964844,405.0,410.8500061035156,17273596
2021-09-30,412.8999938964844,420.79998779296875,408.1499938964844,417.20001220703125,12248397
2021-10-01,419.0,422.8500061035156,411.1499938964844,417.20001220703125,11265711
2021-10-04,417.20001220703125,431.6499938964844,414.54998779296875,424.3999938964844,13898131
2021-10-05,421.5,423.75,413.45001220703125,415.6499938964844,6736683
2021-10-06,415.8500061035156,419.45001220703125,406.3500061035156,408.1000061035156,7205982
2021-10-07,414.1499938964844,428.8999938964844,414.1499938964844,422.6000061035156,16871779
2021-10-08,423.95001220703125,425.3999938964844,412.5,415.8500061035156,7456612
2021-10-11,418.0,437.8999938964844,416.0,424.8500061035156,13587772
2021-10-12,426.29998779296875,432.3500061035156,419.54998779296875,429.0,9631321
2021-10-13,431.79998779296875,435.79998779296875,426.0,427.5,6351171
2021-10-14,430.5,444.79998779296875,429.3999938964844,434.8999938964844,12094977
2021-10-18,429.29998779296875,449.70001220703125,429.0,441.75,8330640
2021-10-19,443.0,444.95001220703125,410.29998779296875,414.45001220703125,8662895
2021-10-20,416.8999938964844,420.3999938964844,405.29998779296875,412.95001220703125,9537787
2021-10-21,415.0,417.0,398.1499938964844,407.1000061035156,10677501
2021-10-22,411.0,418.5,406.79998779296875,413.6499938964844,8070605
2021-10-25,414.8999938964844,414.8999938964844,391.5,401.1499938964844,7158126
2021-10-26,403.0,417.1499938964844,402.3500061035156,415.8500061035156,5111958
2021-10-27,415.79998779296875,422.70001220703125,412.0,414.3999938964844,6585855
2021-10-28,414.5,415.0,394.20001220703125,396.54998779296875,7192680
2021-10-29,402.8999938964844,409.79998779296875,388.20001220703125,398.6000061035156,15011614
2021-11-01,404.3500061035156,415.0,403.04998779296875,408.8500061035156,12418986
2021-11-02,412.0,431.8999938964844,411.1499938964844,430.04998779296875,19028658
2021-11-03,431.8500061035156,434.79998779296875,422.29998779296875,429.6499938964844,11101084
2021-11-04,429.6499938964844,429.6499938964844,429.6499938964844,429.6499938964844,0
2021-11-08,435.1499938964844,444.0,427.70001220703125,442.20001220703125,7938150
2021-11-09,442.3500061035156,442.3500061035156,433.04998779296875,437.3999938964844,5558139
2021-11-10,434.95001220703125,438.79998779296875,430.0,434.5,4563617
2021-11-11,434.5,438.04998779296875,414.20001220703125,416.0,8079167
2021-11-12,418.5,429.20001220703125,418.3500061035156,428.3500061035156,5871736
2021-11-15,430.5,431.3999938964844,420.25,424.04998779296875,3385226
2021-11-16,425.1000061035156,431.6000061035156,421.75,423.79998779296875,4307994
2021-11-17,421.45001220703125,426.6499938964844,415.6000061035156,417.95001220703125,3311849
2021-11-18,417.0,422.04998779296875,405.29998779296875,415.8999938964844,6773134
2021-11-22,417.1000061035156,417.5,394.29998779296875,400.45001220703125,5824237
2021-11-23,399.8500061035156,410.3999938964844,396.6499938964844,407.95001220703125,5107281
2021-11-24,409.95001220703125,412.70001220703125,401.0,403.5,3762561
2021-11-25,405.0,408.6000061035156,399.0,407.25,4585718
2021-11-26,400.04998779296875,401.79998779296875,375.0,376.8500061035156,11874170
2021-11-29,376.1499938964844,383.29998779296875,363.1000061035156,374.8500061035156,9038035
2021-11-30,378.0,390.75,372.0,374.79998779296875,9984396
2021-12-01,380.0,385.79998779296875,375.3500061035156,383.1000061035156,7479832
2021-12-02,382.95001220703125,387.0,377.6000061035156,385.04998779296875,4819894
2021-12-03,385.0,389.75,382.8500061035156,386.20001220703125,4410427
2021-12-06,386.20001220703125,390.5,375.0,376.5,6437207
2021-12-07,380.20001220703125,393.0,378.8999938964844,391.20001220703125,5299980
2021-12-08,395.1000061035156,398.79998779296875,393.0,397.70001220703125,4391196
2021-12-09,398.0,401.0,392.5,398.6000061035156,3237488
2021-12-10,398.0,422.0,395.6499938964844,419.1000061035156,13250517
2021-12-13,420.95001220703125,423.5,412.29998779296875,414.20001220703125,6510329
2021-12-14,410.25,420.54998779296875,405.3999938964844,417.0,5058088
2021-12-15,416.5,418.3500061035156,408.6499938964844,411.0,3224926
2021-12-16,413.0,414.54998779296875,403.0,405.1499938964844,4319280
2021-12-17,404.3999938964844,406.8999938964844,389.04998779296875,390.20001220703125,4920357
2021-12-20,384.25,385.6499938964844,361.54998779296875,366.70001220703125,8769978
2021-12-21,372.0,381.3500061035156,368.75,372.8999938964844,5075432
2021-12-22,377.0,380.5,372.0,377.25,3998066
2021-12-23,381.3999938964844,388.8999938964844,380.25,383.70001220703125,5739918
2021-12-24,386.79998779296875,386.79998779296875,375.29998779296875,379.6000061035156,4499625
2021-12-27,378.25,384.3999938964844,369.1499938964844,382.6000061035156,4183245
2021-12-28,385.6000061035156,390.0,383.0,385.79998779296875,3818062
2021-12-29,386.1000061035156,389.0,381.20001220703125,385.70001220703125,3119708
2021-12-30,382.70001220703125,385.25,377.1000061035156,379.20001220703125,2569747
2021-12-31,381.8500061035156,391.79998779296875,381.5,390.45001220703125,3949389
2022-01-03,392.0,397.75,390.5,394.75,3274712
2022-01-04,396.29998779296875,400.5,390.70001220703125,394.45001220703125,4091503
2022-01-05,394.45001220703125,404.1499938964844,391.29998779296875,402.04998779296875,4327617
2022-01-06,399.79998779296875,400.8500061035156,391.0,398.95001220703125,5282381
2022-01-07,399.8999938964844,406.45001220703125,396.1000061035156,400.6000061035156,5075140
2022-01-10,405.1499938964844,411.70001220703125,405.1499938964844,407.95001220703125,6298597
2022-01-11,408.5,416.0,407.54998779296875,408.8500061035156,4585662
2022-01-12,421.0,426.79998779296875,412.0,417.54998779296875,12818775
2022-01-13,419.79998779296875,419.79998779296875,409.5,410.79998779296875,4584953
2022-01-14,408.0,419.0,405.1000061035156,417.3500061035156,5761279
2022-01-17,417.25,425.0,413.20001220703125,423.79998779296875,4584613
2022-01-18,426.8999938964844,429.8999938964844,390.75,403.8999938964844,9435830
2022-01-19,403.8999938964844,411.8500061035156,398.6000061035156,408.25,6237382
2022-01-20,408.3999938964844,410.3500061035156,403.3500061035156,407.8500061035156,4572029
2022-01-21,402.8500061035156,405.70001220703125,390.3999938964844,395.1000061035156,6994687
2022-01-24,394.0,394.6000061035156,365.54998779296875,372.0,7007990
2022-01-25,369.8999938964844,382.70001220703125,363.1499938964844,380.25,7324240
2022-01-27,373.0,377.3500061035156,362.0,374.1499938964844,7134303
2022-01-28,376.5,389.5,376.20001220703125,378.3500061035156,5280455
2022-01-31,381.6000061035156,392.20001220703125,381.6000061035156,390.8999938964844,4205414
2022-02-01,394.79998779296875,408.0,385.04998779296875,404.79998779296875,11931399
2022-02-02,408.0,409.0,397.20001220703125,399.54998779296875,5265147
2022-02-03,400.3999938964844,409.75,398.75,403.25,8273002
2022-02-04,405.0,407.25,396.6000061035156,399.5,4128681
2022-02-07,399.79998779296875,401.54998779296875,385.3999938964844,387.1499938964844,4851736
2022-02-08,388.79998779296875,391.8999938964844,376.3999938964844,384.54998779296875,5011220
2022-02-09,387.5,391.6499938964844,385.20001220703125,386.3500061035156,3351979
2022-02-10,388.79998779296875,394.6000061035156,382.0,391.1499938964844,4747069
2022-02-11,386.5,388.75,377.1000061035156,378.6000061035156,4872433
2022-02-14,369.8500061035156,371.79998779296875,352.3999938964844,355.04998779296875,7374254
2022-02-15,358.0,373.25,347.75,371.54998779296875,10050051
2022-02-16,374.6000061035156,376.1000061035156,366.5,367.8500061035156,6547019
2022-02-17,370.8999938964844,370.8999938964844,362.3999938964844,365.6000061035156,4698952
2022-02-18,363.5,367.0,357.6499938964844,359.6499938964844,3470414
2022-02-21,356.0,357.79998779296875,344.3999938964844,346.5,7926195
2022-02-22,331.0,338.3500061035156,323.25,324.3500061035156,19176808
2022-02-23,330.1499938964844,345.45001220703125,328.95001220703125,344.20001220703125,16434369
2022-02-24,325.5,339.45001220703125,318.04998779296875,320.5,15926498
2022-02-25,335.0,351.5,330.1499938964844,348.79998779296875,16385276
2022-02-28,341.6000061035156,352.3999938964844,340.1000061035156,350.75,8850697
2022-03-02,346.3999938964844,350.5,340.1000061035156,346.8500061035156,6854294
2022-03-03,353.0,354.20001220703125,336.5,339.04998779296875,7492305
2022-03-04,334.8999938964844,336.3500061035156,326.6499938964844,327.6000061035156,7924031
2022-03-07,318.45001220703125,320.5,306.0,313.6000061035156,11047929
2022-03-08,314.0,331.3500061035156,312.1000061035156,329.6000061035156,14780062
2022-03-09,331.3500061035156,342.20001220703125,329.0,339.20001220703125,6387930
2022-03-10,349.1000061035156,360.70001220703125,346.70001220703125,354.6499938964844,11010864
2022-03-11,352.04998779296875,356.8999938964844,349.1499938964844,353.75,3891664
2022-03-14,353.75,356.0,341.0,343.3999938964844,10079369
2022-03-15,347.0,353.45001220703125,335.3999938964844,341.1499938964844,8151180
2022-03-16,347.79998779296875,356.3999938964844,346.5,355.5,6167428
2022-03-17,358.5,364.95001220703125,357.3500061035156,363.04998779296875,8990234
2022-03-21,364.95001220703125,366.0,352.79998779296875,353.8999938964844,4873329
2022-03-22,353.5,360.8500061035156,345.20001220703125,358.6499938964844,5561409
2022-03-23,361.54998779296875,367.25,355.6499938964844,356.95001220703125,7304162
2022-03-24,354.1000061035156,361.25,352.0,356.6000061035156,4111307
2022-03-25,357.0,366.0,356.1000061035156,365.1000061035156,9141134
2022-03-28,368.8500061035156,368.8500061035156,356.20001220703125,363.79998779296875,5946994
2022-03-29,365.6499938964844,373.6000061035156,364.54998779296875,372.95001220703125,9088475
2022-03-30,375.95001220703125,387.45001220703125,374.54998779296875,382.8500061035156,10688708
2022-03-31,382.70001220703125,385.79998779296875,378.45001220703125,380.45001220703125,5537751
2022-04-01,380.0,387.70001220703125,378.8500061035156,385.95001220703125,3250273
2022-04-04,386.95001220703125,390.3999938964844,383.79998779296875,387.29998779296875,3264802
2022-04-05,389.0,396.6000061035156,385.54998779296875,394.20001220703125,10310506
2022-04-06,391.0,403.3999938964844,390.25,398.04998779296875,8671174
2022-04-07,403.8999938964844,407.5,397.3999938964844,401.25,8931310
2022-04-08,403.6499938964844,405.0,395.0,396.1000061035156,6519357
2022-04-11,393.1000061035156,404.8999938964844,393.1000061035156,403.20001220703125,7340278
2022-04-12,403.0,403.8999938964844,388.75,393.54998779296875,4854926
2022-04-13,395.0,399.3999938964844,389.6499938964844,391.29998779296875,2465488
2022-04-18,385.8500061035156,390.6000061035156,379.25,388.8500061035156,4551203
2022-04-19,390.1000061035156,391.75,372.0,377.79998779296875,3938936
2022-04-20,379.0,382.75,373.6000061035156,377.70001220703125,3247779
2022-04-21,380.0,390.8500061035156,379.20001220703125,389.8500061035156,3935746
2022-04-22,387.3999938964844,389.0,378.45001220703125,379.70001220703125,2971828
2022-04-25,375.0,375.70001220703125,361.1000061035156,364.0,4987646
2022-04-26,369.0,382.6499938964844,367.1499938964844,378.79998779296875,5510832
2022-04-27,375.0,377.8999938964844,368.3500061035156,375.75,3787448
2022-04-28,381.0,381.0,371.0,379.6499938964844,3951298
2022-04-29,382.0,386.3999938964844,368.25,371.8500061035156,4463995
2022-05-02,367.5,371.70001220703125,364.20001220703125,367.54998779296875,3606478
2022-05-04,370.1000061035156,372.79998779296875,346.6000061035156,348.3999938964844,6741897
2022-05-05,349.0,352.3500061035156,337.8500061035156,340.0,8172183
2022-05-06,328.04998779296875,336.95001220703125,326.29998779296875,329.1499938964844,10554131
2022-05-09,329.1499938964844,332.6499938964844,324.3500061035156,327.20001220703125,5588545
2022-05-10,328.95001220703125,338.5,316.5,318.20001220703125,7809598
2022-05-11,322.1000061035156,328.29998779296875,313.6000061035156,326.25,9584712
2022-05-12,324.0,325.70001220703125,315.8999938964844,322.20001220703125,7826298
2022-05-13,328.1000061035156,332.79998779296875,317.25,318.8999938964844,5040759
2022-05-16,321.0,331.5,317.54998779296875,327.3500061035156,4588718
2022-05-17,328.3500061035156,336.29998779296875,323.6000061035156,334.1000061035156,5294509
2022-05-18,337.20001220703125,344.8999938964844,323.6499938964844,324.95001220703125,15907792
2022-05-19,317.0,325.79998779296875,309.04998779296875,320.6000061035156,10108593
2022-05-20,326.0,336.5,323.0,331.5,8095291
2022-05-23,334.54998779296875,339.95001220703125,329.0,330.8999938964844,6456879
2022-05-24,331.45001220703125,333.75,323.1000061035156,324.5,3843952
2022-05-25,326.79998779296875,328.79998779296875,307.75,312.0,7080643
2022-05-26,310.5,329.20001220703125,302.29998779296875,319.8500061035156,8037300
2022-05-27,324.0,329.79998779296875,319.1499938964844,324.54998779296875,5042715
2022-05-30,329.3999938964844,347.8500061035156,327.20001220703125,346.8500061035156,9568306
2022-05-31,345.5,350.29998779296875,342.3500061035156,345.54998779296875,10568070
2022-06-01,346.3999938964844,348.8500061035156,333.6000061035156,337.0,5551017
2022-06-02,336.3999938964844,341.45001220703125,334.54998779296875,340.25,4326789
2022-06-03,342.25,343.5,329.6000061035156,330.6499938964844,5573119
2022-06-06,329.79998779296875,330.45001220703125,323.04998779296875,326.8500061035156,4693011
2022-06-07,325.79998779296875,325.79998779296875,315.1000061035156,318.75,5097864
2022-06-08,319.5,331.6000061035156,316.20001220703125,326.20001220703125,9732471
2022-06-09,324.45001220703125,327.0,321.1000061035156,324.8500061035156,3304352
2022-06-10,321.95001220703125,325.8999938964844,319.3999938964844,322.1000061035156,3525590
2022-06-13,315.0,315.70001220703125,305.0,307.70001220703125,7361749
2022-06-14,307.0,319.29998779296875,304.04998779296875,313.8500061035156,6307163
2022-06-15,315.79998779296875,319.6000061035156,312.70001220703125,317.1499938964844,4024438
2022-06-16,321.20001220703125,322.6499938964844,302.6499938964844,304.04998779296875,6574807
2022-06-17,302.0,310.0,298.0,302.0,7782354
2022-06-20,305.0,306.29998779296875,294.70001220703125,298.5,7708600
2022-06-21,302.54998779296875,317.20001220703125,301.0,315.1000061035156,5336496
2022-06-22,314.45001220703125,314.45001220703125,303.25,304.29998779296875,4354021
2022-06-23,306.70001220703125,315.3999938964844,303.5,313.3999938964844,6769260
2022-06-24,317.3999938964844,320.20001220703125,314.45001220703125,315.79998779296875,3572017
2022-06-27,322.0,322.45001220703125,315.0,318.04998779296875,3334788
2022-06-28,315.8999938964844,320.0,310.5,319.3999938964844,5140316
2022-06-29,315.0,319.25,313.20001220703125,318.54998779296875,3164135
2022-06-30,316.70001220703125,321.45001220703125,308.1000061035156,312.70001220703125,5228785
2022-07-01,310.3999938964844,324.3999938964844,309.45001220703125,323.1499938964844,5557896
2022-07-04,323.1000061035156,326.8500061035156,321.04998779296875,324.75,4171008
2022-07-05,325.0,329.79998779296875,321.1000061035156,322.1000061035156,4164243
2022-07-06,321.5,330.5,321.5,329.6000061035156,4031342
2022-07-07,332.0,337.70001220703125,330.1499938964844,336.8999938964844,5330866
2022-07-08,339.8999938964844,341.6000061035156,334.75,340.3999938964844,3635774
2022-07-11,336.54998779296875,347.79998779296875,336.20001220703125,346.1499938964844,4251298
2022-07-12,343.0,350.6000061035156,342.29998779296875,346.79998779296875,4041343
2022-07-13,347.0,353.95001220703125,344.8500061035156,347.45001220703125,5397952
2022-07-14,349.0,352.20001220703125,344.25,348.54998779296875,4920704
2022-07-15,350.1000061035156,355.0,349.1499938964844,353.6499938964844,4400222
2022-07-18,357.1000061035156,357.5,350.20001220703125,353.20001220703125,2406259
2022-07-19,352.95001220703125,361.3999938964844,351.79998779296875,359.8500061035156,5148307
2022-07-20,364.0,364.70001220703125,352.1499938964844,356.3999938964844,5343868
2022-07-21,356.79998779296875,361.3999938964844,356.45001220703125,360.6000061035156,3358877
2022-07-22,360.5,363.3999938964844,358.0,360.1499938964844,3247918
2022-07-25,358.8999938964844,360.75,353.5,357.3500061035156,2303596
2022-07-26,357.3500061035156,362.3500061035156,354.29998779296875,360.79998779296875,3466646
2022-07-27,358.70001220703125,369.5,358.70001220703125,368.6499938964844,5478661
2022-07-28,371.95001220703125,384.0,371.5,382.0,8480197
2022-07-29,385.95001220703125,396.8500061035156,383.75,385.95001220703125,8223276
2022-08-01,385.0,387.8999938964844,376.70001220703125,384.25,7429671
2022-08-02,384.25,386.0,375.20001220703125,376.6499938964844,4448690
2022-08-03,378.1000061035156,378.95001220703125,368.5,372.20001220703125,3183672
2022-08-04,374.3999938964844,375.95001220703125,360.79998779296875,367.6000061035156,4037919
2022-08-05,369.70001220703125,372.8500061035156,366.29998779296875,367.79998779296875,4186137
2022-08-08,366.5,372.6000061035156,365.0,370.29998779296875,3666894
2022-08-10,370.1000061035156,375.25,367.8999938964844,368.5,3769700
2022-08-11,371.8999938964844,375.6000061035156,370.3999938964844,372.54998779296875,3888072
2022-08-12,372.79998779296875,377.0,372.04998779296875,372.8999938964844,3215823
2022-08-16,375.8999938964844,382.3500061035156,374.29998779296875,379.1499938964844,3839161
2022-08-17,381.1000061035156,386.5,379.0,380.3500061035156,6384327
2022-08-18,380.54998779296875,389.95001220703125,379.20001220703125,389.1499938964844,5188764
2022-08-19,391.0,391.0,371.0,373.70001220703125,6322982
2022-08-22,372.0,372.25,363.25,364.79998779296875,3796813
2022-08-23,361.1000061035156,369.6000061035156,360.1000061035156,368.20001220703125,2553978
2022-08-24,370.79998779296875,373.3500061035156,368.0,372.04998779296875,3120328
2022-08-25,373.95001220703125,383.20001220703125,373.04998779296875,376.70001220703125,4424052
2022-08-26,379.1499938964844,383.79998779296875,378.6499938964844,380.0,1981093
2022-08-29,366.3999938964844,374.8999938964844,365.04998779296875,369.8999938964844,2663606
2022-08-30,372.8500061035156,392.0,372.1000061035156,390.0,10834269
2022-09-01,388.0,400.0,386.0,398.29998779296875,9880155
2022-09-02,400.8500061035156,406.0,393.75,395.0,8022555
2022-09-05,395.8999938964844,400.8999938964844,391.6000061035156,394.1000061035156,4044126
2022-09-06,396.1000061035156,398.95001220703125,392.29998779296875,395.25,2831682
2022-09-07,391.04998779296875,401.6000061035156,389.79998779296875,399.3999938964844,4860013
2022-09-08,402.0,403.3999938964844,394.79998779296875,397.20001220703125,4602945
2022-09-09,399.8999938964844,403.45001220703125,393.0,396.8999938964844,5536333
2022-09-12,396.8999938964844,396.8999938964844,396.8999938964844,396.8999938964844,0
2022-09-13,410.8999938964844,413.8500061035156,407.20001220703125,408.75,6632103
2022-09-14,400.0,410.25,397.25,407.20001220703125,6503658
2022-09-15,409.0,413.75,402.0,411.0,4834801
2022-09-16,408.25,413.25,384.45001220703125,389.1000061035156,9517876
2022-09-19,391.04998779296875,393.8999938964844,383.6000061035156,385.1499938964844,5089286
2022-09-20,389.0,400.3999938964844,389.0,391.95001220703125,4794091
2022-09-21,391.04998779296875,392.75,378.29998779296875,379.75,4035315
2022-09-22,378.5,383.95001220703125,375.0,380.70001220703125,3941049
2022-09-23,381.1000061035156,382.20001220703125,368.1499938964844,369.95001220703125,4060146
2022-09-26,366.0,366.5,350.25,352.04998779296875,5947442
2022-09-27,352.1000061035156,356.8999938964844,344.1000061035156,350.75,5931471
2022-09-28,348.8999938964844,354.3999938964844,345.20001220703125,348.75,3987512
2022-09-29,352.29998779296875,355.5,345.04998779296875,350.6000061035156,5905469
2022-09-30,348.70001220703125,361.25,346.8999938964844,356.70001220703125,7344112
2022-10-03,357.29998779296875,357.8999938964844,346.0,347.8500061035156,4315023
2022-10-04,354.0,361.0,354.0,359.1000061035156,4660309
2022-10-06,364.0,372.8999938964844,363.29998779296875,367.3500061035156,9169254
2022-10-07,367.0,370.45001220703125,361.79998779296875,368.8999938964844,4146172
2022-10-10,359.0,367.95001220703125,359.0,366.25,3136911
2022-10-11,367.45001220703125,368.8500061035156,356.5,358.5,3727411
2022-10-12,360.3999938964844,367.75,357.6499938964844,366.8500061035156,3919948
2022-10-13,365.25,366.5,357.6499938964844,362.54998779296875,3680850
2022-10-14,368.1499938964844,371.3999938964844,358.0,358.70001220703125,3591285
2022-10-17,357.0,361.79998779296875,351.5,359.3999938964844,4311369
2022-10-18,362.1000061035156,369.29998779296875,362.0,365.6499938964844,2859419
2022-10-19,367.45001220703125,377.3500061035156,366.04998779296875,370.29998779296875,6360698
2022-10-20,368.5,374.5,365.5,373.3999938964844,4314503
2022-10-21,374.3999938964844,375.0,364.6000061035156,369.79998779296875,3605264
2022-10-24,369.79998779296875,369.79998779296875,369.79998779296875,369.79998779296875,0
2022-10-25,369.0,375.5,367.1000061035156,369.75,2997168
2022-10-27,374.0,385.79998779296875,369.70001220703125,383.5,6417885
2022-10-28,385.8500061035156,385.8999938964844,380.3999938964844,384.6000061035156,3984403
2022-10-31,386.0,389.6000061035156,382.29998779296875,385.5,3315136
2022-11-01,387.0,392.0,385.0,389.6499938964844,4655525
2022-11-02,388.0,391.0,380.0,385.1499938964844,4448264
2022-11-03,383.0,388.5,380.6000061035156,384.75,3805252
2022-11-04,385.20001220703125,389.6000061035156,384.04998779296875,387.29998779296875,2031089
2022-11-07,388.5,399.75,387.04998779296875,397.79998779296875,4991409
2022-11-09,398.0,402.1499938964844,395.04998779296875,397.04998779296875,4968369
2022-11-10,396.25,400.3500061035156,386.6000061035156,391.1499938964844,4250236
2022-11-11,395.5,405.0,395.5,400.54998779296875,6567026
2022-11-14,402.29998779296875,408.20001220703125,400.29998779296875,406.5,3134766
2022-11-15,407.0,409.5,401.3999938964844,405.45001220703125,2773854
2022-11-16,405.5,406.6000061035156,396.54998779296875,401.25,2711725
2022-11-17,401.3999938964844,405.45001220703125,400.1499938964844,402.8999938964844,2978886
2022-11-18,404.0,404.3999938964844,397.6000061035156,400.3999938964844,2907982
2022-11-21,399.0,400.29998779296875,391.79998779296875,394.70001220703125,3236030
2022-11-22,395.04998779296875,396.3500061035156,387.79998779296875,390.70001220703125,4093062
2022-11-23,392.70001220703125,394.75,390.1000061035156,391.6000061035156,1919758
2022-11-24,393.6000061035156,394.70001220703125,389.0,392.1499938964844,1823725
2022-11-25,393.5,400.8999938964844,392.45001220703125,396.6000061035156,3584507
2022-11-28,396.0,402.0,394.20001220703125,395.20001220703125,3330551
2022-11-29,394.6499938964844,397.8500061035156,391.0,392.54998779296875,3448261
2022-11-30,393.04998779296875,404.29998779296875,389.3500061035156,402.6499938964844,8733967
2022-12-01,405.79998779296875,414.79998779296875,402.3500061035156,412.70001220703125,7882120
2022-12-02,414.79998779296875,416.25,409.8500061035156,410.75,6745441
2022-12-05,412.29998779296875,418.5,410.0,417.25,6361119
2022-12-06,416.25,418.0,412.20001220703125,414.3999938964844,2654909
2022-12-07,413.5,415.8999938964844,405.0,408.5,3417623
2022-12-08,407.1000061035156,410.70001220703125,402.6499938964844,404.95001220703125,2154953
2022-12-09,406.04998779296875,409.95001220703125,394.0,402.25,5996845
2022-12-12,402.0,404.0,396.1499938964844,402.70001220703125,2914566
2022-12-13,403.1499938964844,406.3500061035156,399.5,400.3500061035156,2024616
2022-12-14,402.1000061035156,410.3999938964844,401.5,407.20001220703125,4437819
2022-12-15,406.1499938964844,409.79998779296875,398.25,399.70001220703125,2719988
2022-12-16,399.0,402.3500061035156,392.0,393.6499938964844,3463368
2022-12-19,394.25,397.29998779296875,389.54998779296875,396.6000061035156,2827030
2022-12-20,396.0,396.0,381.70001220703125,389.3500061035156,4641199
2022-12-21,391.3999938964844,396.20001220703125,377.70001220703125,380.45001220703125,3330407
2022-12-22,382.54998779296875,385.0,374.5,377.8500061035156,2624616
2022-12-23,376.8999938964844,377.0,355.29998779296875,357.0,4966765
2022-12-26,358.75,372.3999938964844,356.29998779296875,370.75,3309456
2022-12-27,371.6000061035156,373.8999938964844,367.5,371.25,3108513
2022-12-28,371.0,377.1499938964844,368.79998779296875,372.1499938964844,3891662
2022-12-29,370.70001220703125,376.5,364.8500061035156,373.45001220703125,4181247
2022-12-30,374.0,381.8999938964844,374.0,375.0,2831958
2023-01-02,376.04998779296875,382.6499938964844,374.54998779296875,380.1499938964844,2924202
2023-01-03,380.75,382.70001220703125,378.5,380.04998779296875,2004850
2023-01-04,380.3999938964844,381.5,368.6000061035156,371.8500061035156,3815316
2023-01-05,372.70001220703125,374.6000061035156,368.6499938964844,372.75,2499525
2023-01-06,373.8999938964844,374.29998779296875,367.54998779296875,369.75,2603968
2023-01-09,373.0,376.0,370.1000061035156,373.95001220703125,1561902
2023-01-10,373.8999938964844,374.70001220703125,368.20001220703125,373.04998779296875,2252881
2023-01-11,373.0,375.5,371.04998779296875,372.1000061035156,1681043
2023-01-12,372.8999938964844,376.5,370.79998779296875,374.8999938964844,2859266
2023-01-13,376.0,379.29998779296875,372.6000061035156,377.04998779296875,2743616
2023-01-16,378.5,379.8999938964844,371.70001220703125,373.75,1661685
2023-01-17,373.95001220703125,375.8999938964844,369.04998779296875,375.3999938964844,1977186
2023-01-18,376.0,377.1499938964844,373.1499938964844,376.3999938964844,1819111
2023-01-19,375.0,376.5,372.6499938964844,375.3999938964844,1980513
2023-01-20,374.0,375.8500061035156,368.54998779296875,369.29998779296875,3988074
2023-01-23,371.1499938964844,371.70001220703125,367.5,369.54998779296875,2338790
2023-01-24,370.5,371.25,363.6000061035156,364.8999938964844,3010618
2023-01-25,364.20001220703125,364.20001220703125,348.3999938964844,352.04998779296875,7032545
2023-01-27,354.95001220703125,359.95001220703125,347.25,355.95001220703125,5422141
2023-01-30,356.95001220703125,363.8500061035156,346.5,353.1499938964844,5105818
2023-01-31,356.0,361.0,351.54998779296875,356.04998779296875,4784073
2023-02-01,358.54998779296875,365.6000061035156,341.54998779296875,349.0,5504489
2023-02-02,348.8999938964844,355.8500061035156,341.54998779296875,354.5,4485546
2023-02-03,355.1000061035156,359.0,348.75,353.5,4697067
2023-02-06,353.5,355.1499938964844,350.75,353.8999938964844,1913975
2023-02-07,354.79998779296875,359.1000061035156,353.04998779296875,357.1499938964844,2846953
2023-02-08,358.6499938964844,361.95001220703125,355.70001220703125,360.29998779296875,2429159
2023-02-09,361.3500061035156,362.3500061035156,353.79998779296875,356.70001220703125,2229848
2023-02-10,356.5,362.29998779296875,355.54998779296875,361.5,2809140
2023-02-13,362.20001220703125,365.6499938964844,354.75,357.8999938964844,3030923
2023-02-14,357.6000061035156,357.6000061035156,347.1499938964844,353.95001220703125,3140968
2023-02-15,350.20001220703125,362.1000061035156,350.20001220703125,361.0,2548073
2023-02-16,362.8999938964844,373.1499938964844,362.25,371.70001220703125,5171809
2023-02-17,369.8999938964844,372.79998779296875,363.1000061035156,364.54998779296875,2666456
2023-02-20,365.8999938964844,370.6000061035156,363.1000061035156,364.6000061035156,2726465
2023-02-21,367.0,367.0,356.0,357.5,2119153
2023-02-22,355.8999938964844,356.20001220703125,347.04998779296875,348.6000061035156,3326607
2023-02-23,349.0,349.54998779296875,341.29998779296875,342.8999938964844,4026752
2023-02-24,347.0,351.29998779296875,345.0,346.04998779296875,2887310
2023-02-27,347.3999938964844,351.3999938964844,342.3999938964844,349.95001220703125,3701975
2023-02-28,350.5,353.8500061035156,348.8500061035156,351.6499938964844,2520202
2023-03-01,351.6499938964844,357.3999938964844,350.95001220703125,355.6499938964844,1507846
2023-03-02,354.0,357.79998779296875,353.1000061035156,355.29998779296875,1675015
2023-03-03,357.1000061035156,362.29998779296875,355.0,360.25,3121845
2023-03-06,361.25,364.3999938964844,357.95001220703125,359.8500061035156,2053122
2023-03-08,358.0,364.45001220703125,353.6499938964844,363.04998779296875,2908986
2023-03-09,363.0,363.79998779296875,356.54998779296875,357.1000061035156,1782741
2023-03-10,355.1000061035156,356.3500061035156,347.70001220703125,350.04998779296875,3238856
2023-03-13,351.1000061035156,353.0,341.29998779296875,342.70001220703125,2045069
2023-03-14,343.95001220703125,348.0,336.5,347.1000061035156,4016343
2023-03-15,350.0,352.0,341.95001220703125,345.45001220703125,2833314
2023-03-16,349.0,361.5,344.79998779296875,360.04998779296875,5412088
2023-03-17,363.6000061035156,377.5,363.25,375.25,10695531
2023-03-20,374.95001220703125,374.95001220703125,361.95001220703125,369.8999938964844,5404518
2023-03-21,371.04998779296875,372.3999938964844,366.29998779296875,367.45001220703125,2980424
2023-03-22,368.1499938964844,371.5,367.1000061035156,368.75,4140942
2023-03-23,368.70001220703125,371.95001220703125,365.6000061035156,367.6499938964844,2508345
2023-03-24,366.0,368.0,353.04998779296875,354.25,3134205
2023-03-27,355.20001220703125,357.45001220703125,347.45001220703125,348.79998779296875,2815174
2023-03-28,350.54998779296875,353.20001220703125,347.25,348.6499938964844,3165715
2023-03-29,349.20001220703125,354.0,346.5,352.54998779296875,2624280
2023-03-31,354.3500061035156,360.75,354.20001220703125,356.70001220703125,4167504
2023-04-03,358.0,363.1499938964844,357.3999938964844,361.54998779296875,2782342
2023-04-05,362.0,370.5,361.3500061035156,367.04998779296875,3015748
2023-04-06,364.95001220703125,383.79998779296875,364.70001220703125,382.8999938964844,8930230
2023-04-10,383.95001220703125,407.70001220703125,383.75,405.5,20647930
2023-04-11,407.5,411.0,401.29998779296875,405.29998779296875,8091142
2023-04-12,406.0,413.3999938964844,404.3999938964844,406.54998779296875,6586341
2023-04-13,407.70001220703125,415.79998779296875,405.1000061035156,413.1499938964844,7161482
2023-04-17,415.70001220703125,419.6000061035156,411.25,415.3500061035156,6635668
2023-04-18,416.70001220703125,427.0,415.79998779296875,423.8500061035156,9367931
2023-04-19,424.79998779296875,424.79998779296875,419.04998779296875,421.70001220703125,4044971
2023-04-20,421.0,425.1000061035156,412.6000061035156,414.45001220703125,4285836
2023-04-21,414.29998779296875,414.29998779296875,402.0,406.04998779296875,5194549
2023-04-24,406.6000061035156,411.79998779296875,403.29998779296875,411.1499938964844,3379013
2023-04-25,410.04998779296875,415.8999938964844,408.0,410.1499938964844,4335180
2023-04-26,410.25,417.70001220703125,409.6499938964844,416.6000061035156,4122285
2023-04-27,416.54998779296875,423.54998779296875,415.1000061035156,421.6499938964844,4423231
2023-04-28,422.25,428.8999938964844,420.04998779296875,426.20001220703125,5668793
2023-05-02,426.8999938964844,427.6000061035156,421.1000061035156,424.25,3519033
2023-05-03,422.79998779296875,434.04998779296875,420.6000061035156,427.54998779296875,7152444
2023-05-04,427.45001220703125,428.5,423.0,424.79998779296875,3328989
2023-05-05,424.79998779296875,433.45001220703125,423.45001220703125,427.20001220703125,4870886
2023-05-08,428.95001220703125,440.3999938964844,427.75,436.3500061035156,6530244
2023-05-09,437.0,438.75,426.79998779296875,432.0,5239571
2023-05-10,431.70001220703125,435.8999938964844,427.6000061035156,434.25,3804494
2023-05-11,433.0,438.95001220703125,429.8999938964844,432.79998779296875,4810556
2023-05-12,430.0,437.0,430.0,435.95001220703125,2713530
2023-05-15,443.0,475.79998779296875,440.25,468.1499938964844,28116711
2023-05-16,474.70001220703125,478.70001220703125,470.04998779296875,471.75,14423428
2023-05-17,469.79998779296875,473.0,461.6000061035156,469.8500061035156,6005061
2023-05-18,472.0,476.0,458.3500061035156,459.95001220703125,5852119
2023-05-19,460.8999938964844,473.0,453.5,471.8999938964844,8398165
2023-05-22,472.25,481.1499938964844,469.20001220703125,478.1499938964844,6566526
2023-05-23,479.79998779296875,480.5,465.8999938964844,467.8500061035156,3818677
2023-05-24,467.8500061035156,469.95001220703125,462.29998779296875,465.5,3086273
2023-05-25,467.0,479.79998779296875,464.6499938964844,477.25,8132396
2023-05-26,477.25,484.54998779296875,471.54998779296875,478.1000061035156,6159488
2023-05-29,478.5,486.3999938964844,474.04998779296875,482.6499938964844,4665809
2023-05-30,480.0,481.5,473.5,474.6000061035156,3209364
2023-05-31,474.45001220703125,477.0,467.79998779296875,474.8999938964844,10062142
2023-06-01,475.0,480.04998779296875,473.04998779296875,477.20001220703125,4270077
2023-06-02,478.0,491.0,477.3500061035156,489.29998779296875,10020905
2023-06-05,492.0,496.04998779296875,487.1000061035156,489.25,4635248
2023-06-06,489.6499938964844,498.6000061035156,487.5,494.6499938964844,5477093
2023-06-07,498.0,498.6499938964844,493.1499938964844,495.70001220703125,4885566
2023-06-08,496.0,497.79998779296875,480.8999938964844,484.75,4923194
2023-06-09,485.0,490.5,483.6499938964844,485.20001220703125,2611565
2023-06-12,487.04998779296875,492.25,485.6499938964844,490.6000061035156,1696800
2023-06-13,492.3500061035156,504.75,488.6499938964844,503.6000061035156,5849124
2023-06-14,505.0,507.0,499.6000061035156,503.70001220703125,6893041
2023-06-15,503.0,508.75,488.5,490.3500061035156,6420824
2023-06-16,492.79998779296875,497.75,490.1499938964844,496.0,4360893
2023-06-19,497.0,499.3999938964844,482.75,485.3500061035156,3074442
2023-06-20,484.3999938964844,491.70001220703125,481.5,489.20001220703125,3849887
2023-06-21,489.29998779296875,494.3500061035156,480.3500061035156,482.8500061035156,3758306
2023-06-22,483.04998779296875,484.79998779296875,478.54998779296875,481.25,3256065
2023-06-23,481.0,481.6000061035156,473.0,477.70001220703125,2583485
2023-06-26,477.1000061035156,478.0,469.70001220703125,477.1499938964844,2333475
2023-06-27,479.0,486.95001220703125,478.70001220703125,483.8500061035156,2749294
2023-06-28,485.8999938964844,488.0,483.6000061035156,485.8999938964844,2383384
2023-06-30,489.79998779296875,493.54998779296875,486.8999938964844,490.54998779296875,3261788
2023-07-03,493.0,498.0,486.3999938964844,493.1499938964844,2820027
2023-07-04,494.0,497.20001220703125,488.5,489.79998779296875,2535317
2023-07-05,489.79998779296875,503.75,488.5,499.70001220703125,2846706
2023-07-06,504.6000061035156,517.5499877929688,503.0,513.5999755859375,7921377
2023-07-07,514.7000122070312,516.4000244140625,501.45001220703125,502.8500061035156,3938391
2023-07-10,503.45001220703125,505.54998779296875,496.3500061035156,501.54998779296875,2465685
2023-07-11,502.0,504.75,498.1000061035156,499.6499938964844,3011396
2023-07-12,500.0,500.3999938964844,485.6000061035156,492.3999938964844,4530464
2023-07-13,494.0,498.8999938964844,489.3999938964844,492.04998779296875,3665726
2023-07-14,493.79998779296875,496.5,491.20001220703125,493.1499938964844,2539514
2023-07-17,493.5,498.6000061035156,493.04998779296875,498.04998779296875,2333926
2023-07-18,499.75,502.95001220703125,491.79998779296875,494.79998779296875,3200509
2023-07-19,496.5,504.20001220703125,494.1499938964844,501.0,2832711
2023-07-20,502.0,509.0,501.54998779296875,504.8999938964844,4178930
2023-07-21,504.6000061035156,505.0,496.0,500.6000061035156,3822759
2023-07-24,502.75,508.45001220703125,488.1000061035156,493.79998779296875,5676545
2023-07-25,496.20001220703125,499.8500061035156,478.3500061035156,480.0,6582695
2023-07-26,482.0,489.5,479.6000061035156,487.6499938964844,3572206
2023-07-27,489.5,513.7999877929688,487.29998779296875,510.79998779296875,8431778
2023-07-28,509.0,517.7999877929688,504.95001220703125,515.5999755859375,7227144
2023-07-31,516.9500122070312,521.75,508.8500061035156,518.75,4607915
2023-08-01,509.5,511.5,496.8999938964844,499.70001220703125,15013979
2023-08-02,495.54998779296875,502.95001220703125,482.25,493.6000061035156,11155073
2023-08-03,493.5,496.5,484.20001220703125,488.3500061035156,3315895
2023-08-04,490.0,494.0,488.0,489.6499938964844,2509237
2023-08-07,491.95001220703125,492.6499938964844,485.3999938964844,489.1499938964844,3089545
2023-08-08,490.3999938964844,493.20001220703125,482.1000061035156,488.25,2542925
2023-08-09,488.29998779296875,489.70001220703125,483.1000061035156,485.70001220703125,2944921
2023-08-10,486.8999938964844,493.1000061035156,483.20001220703125,490.6499938964844,4117165
2023-08-11,492.6499938964844,494.1499938964844,480.0,482.0,2844914
2023-08-14,479.0,479.0,463.04998779296875,470.95001220703125,4619798
2023-08-16,468.0,479.6000061035156,465.29998779296875,478.04998779296875,2644594
2023-08-17,478.0,483.20001220703125,473.5,477.70001220703125,2863803
2023-08-18,475.8999938964844,478.0,472.5,474.04998779296875,4023514
2023-08-21,474.04998779296875,483.3500061035156,474.04998779296875,481.8500061035156,2359743
2023-08-22,483.5,484.8500061035156,479.54998779296875,480.3500061035156,1579326
2023-08-23,481.1499938964844,484.79998779296875,477.6000061035156,480.70001220703125,2883112
2023-08-24,482.70001220703125,490.75,482.0,483.54998779296875,2603113
2023-08-25,481.45001220703125,483.0,473.1000061035156,475.25,1992979
2023-08-28,478.04998779296875,485.95001220703125,476.5,482.3999938964844,3252263
2023-08-29,484.0,497.79998779296875,483.0,494.0,5917819
2023-08-30,496.0,502.95001220703125,495.6000061035156,500.04998779296875,4657793
2023-08-31,501.8999938964844,507.29998779296875,496.0,504.1000061035156,4875243
2023-09-01,503.8999938964844,509.5,500.29998779296875,503.25,3044080
2023-09-04,504.5,517.0,504.0,513.9000244140625,4584709
2023-09-05,515.7000122070312,525.7999877929688,514.2000122070312,521.2999877929688,5519389
2023-09-06,520.2000122070312,522.5,513.7999877929688,519.0,2130114
2023-09-07,517.0,532.5,514.5499877929688,530.75,6661946
2023-09-08,532.0,544.4500122070312,531.4000244140625,540.0,8016696
2023-09-11,541.9500122070312,544.3499755859375,537.0,540.8499755859375,2695210
2023-09-12,540.0,541.8499755859375,522.0499877929688,524.5,2701774
2023-09-13,524.0,530.5,520.0999755859375,529.0,1914101
2023-09-14,531.0999755859375,543.4500122070312,531.0999755859375,537.3499755859375,3661252
2023-09-15,538.4500122070312,538.8499755859375,528.0499877929688,532.4000244140625,2341930
2023-09-18,531.25,535.3499755859375,528.0999755859375,529.4000244140625,1494139
2023-09-20,525.9500122070312,532.0,519.5999755859375,522.3499755859375,2135243
2023-09-21,521.4500122070312,525.9500122070312,512.5499877929688,516.9000244140625,3361352
2023-09-22,517.4500122070312,523.0,514.7999877929688,516.5499877929688,1854379
2023-09-25,517.1500244140625,527.75,513.4000244140625,522.0999755859375,2789922
2023-09-26,522.9500122070312,525.7000122070312,519.0999755859375,520.2999877929688,1858145
2023-09-27,518.5,531.5999755859375,516.6500244140625,528.7000122070312,2184496
2023-09-28,529.1500244140625,529.7999877929688,517.3499755859375,520.0999755859375,2701673
2023-09-29,521.0499877929688,534.0,521.0499877929688,530.9000244140625,3622321
2023-10-03,530.7999877929688,540.9000244140625,527.2000122070312,538.75,2831594
2023-10-04,535.0,537.7999877929688,515.75,525.75,4940218
2023-10-05,527.0,532.7999877929688,523.9500122070312,525.0,2455475
2023-10-06,525.25,550.5,525.25,548.7000122070312,7397196
2023-10-09,547.0499877929688,547.4500122070312,536.5499877929688,540.8499755859375,3107088
2023-10-10,544.4500122070312,564.75,543.0499877929688,561.75,11366176
2023-10-11,562.5999755859375,569.0,560.6500244140625,565.2999877929688,4106418
2023-10-12,565.2999877929688,569.0,562.7000122070312,567.0499877929688,1860355
2023-10-13,561.6500244140625,576.75,561.6500244140625,568.4000244140625,6226867
2023-10-16,566.0,571.9000244140625,563.5999755859375,567.0999755859375,2132190
2023-10-17,570.0,571.5499877929688,565.2999877929688,567.1500244140625,1670432
2023-10-18,565.5499877929688,570.0,561.5999755859375,567.3499755859375,2695513
2023-10-19,565.0999755859375,565.9000244140625,555.4500122070312,560.0999755859375,2068643
2023-10-20,558.7000122070312,565.0,548.0999755859375,552.2000122070312,3274784
2023-10-23,552.0999755859375,555.6500244140625,531.25,532.9500122070312,2355807
2023-10-25,535.0,540.5499877929688,525.25,530.1500244140625,1695789
2023-10-26,528.1500244140625,528.1500244140625,513.5,522.2999877929688,4361390
2023-10-27,526.0,538.2999877929688,524.6500244140625,536.1500244140625,4062846
2023-10-30,537.0,557.9500122070312,531.25,554.4500122070312,8141820
2023-10-31,559.0,570.5499877929688,557.7000122070312,563.5,10712514
2023-11-01,565.0,586.7999877929688,565.0,574.8499755859375,11265190
2023-11-02,579.0,582.0,570.25,577.9000244140625,3649740
2023-11-03,579.0,600.0499877929688,578.3499755859375,595.8499755859375,7692738
2023-11-06,597.6500244140625,600.2000122070312,590.4000244140625,592.0,2917487
2023-11-07,592.3499755859375,596.9000244140625,586.5,592.4500122070312,2662819
2023-11-08,594.0,601.4000244140625,591.0,595.9000244140625,4003266
2023-11-09,597.9000244140625,605.5999755859375,596.9500122070312,600.7000122070312,5403880
2023-11-10,598.9000244140625,607.9000244140625,595.0999755859375,606.0499877929688,3378490
2023-11-13,611.4000244140625,611.4000244140625,604.3499755859375,608.4000244140625,1898672
2023-11-15,614.0999755859375,624.4500122070312,612.0499877929688,622.0999755859375,3886884
2023-11-16,621.9500122070312,633.2999877929688,620.25,630.25,3206517
2023-11-17,625.9500122070312,632.0,625.0999755859375,631.1500244140625,2412089
2023-11-20,632.0,634.25,623.5499877929688,626.25,3290059
2023-11-21,627.0999755859375,641.2000122070312,627.0999755859375,634.4500122070312,6052465
2023-11-22,633.8499755859375,635.5,623.5,632.5499877929688,2762713
2023-11-23,634.0,640.0,633.0,636.1500244140625,2516687
2023-11-24,637.2000122070312,641.0999755859375,628.3499755859375,629.3499755859375,3963603
2023-11-28,625.0,631.7999877929688,619.25,629.1500244140625,4535901
2023-11-29,632.9000244140625,641.75,629.0999755859375,637.6500244140625,5851523
2023-11-30,637.6500244140625,637.9500122070312,623.2000122070312,625.8499755859375,14874927
2023-12-01,631.9000244140625,634.2999877929688,625.5499877929688,629.25,3438389
2023-12-04,639.0,652.0,632.7999877929688,649.25,4588495
2023-12-05,652.9000244140625,654.25,639.9000244140625,650.0999755859375,3417071
2023-12-06,650.9500122070312,660.5999755859375,650.0999755859375,652.9500122070312,3264809
2023-12-07,653.0999755859375,654.5499877929688,647.2999877929688,648.5999755859375,1051759
2023-12-08,651.0,663.9000244140625,641.4500122070312,649.9000244140625,3937417
2023-12-11,654.4500122070312,673.5999755859375,653.2999877929688,667.0999755859375,5641806
2023-12-12,667.0999755859375,677.4000244140625,659.5999755859375,662.5999755859375,3998781
2023-12-13,666.7999877929688,675.0,664.2000122070312,673.75,3426758
2023-12-14,681.7000122070312,701.9500122070312,681.0499877929688,699.5,7464762
2023-12-15,700.0,709.0,695.0,705.2999877929688,4137143
2023-12-18,702.4500122070312,705.8499755859375,693.4500122070312,697.0999755859375,1906529
2023-12-19,699.0,702.0999755859375,691.9500122070312,698.0499877929688,1475227
2023-12-20,704.0,704.0,671.7000122070312,675.3499755859375,3091436
2023-12-21,680.0,694.9000244140625,670.2000122070312,692.9000244140625,5888251
2023-12-22,696.0,718.7000122070312,694.4500122070312,715.9500122070312,5899551
2023-12-26,719.5499877929688,722.2000122070312,711.6500244140625,714.8499755859375,2419374
2023-12-27,719.0,724.4500122070312,711.4000244140625,720.4500122070312,2233097
2023-12-28,721.9000244140625,729.9000244140625,715.0999755859375,728.6500244140625,5426028
2023-12-29,725.7999877929688,730.0,721.7999877929688,726.4000244140625,1995191
2024-01-01,727.2000122070312,731.0,721.4500122070312,723.5999755859375,1400824
2024-01-02,725.7999877929688,725.7999877929688,704.4500122070312,713.8499755859375,2394602
2024-01-03,715.25,720.8499755859375,706.7000122070312,715.6500244140625,1829817
2024-01-04,718.0,764.75,717.5,761.4000244140625,13312567
2024-01-05,760.0,770.0,747.8499755859375,752.9500122070312,5929704
2024-01-08,760.5,773.4500122070312,751.2999877929688,759.2999877929688,4448637
2024-01-09,772.0,793.0,762.5,789.5999755859375,9348457
2024-01-10,790.4500122070312,800.7999877929688,777.5499877929688,796.0499877929688,5169408
2024-01-11,797.5,804.9000244140625,794.3499755859375,797.4500122070312,5304485
2024-01-12,800.0,811.4000244140625,796.25,800.5499877929688,4158326
2024-01-15,802.0,815.75,798.5,805.4000244140625,4959825
2024-01-16,804.4000244140625,806.3499755859375,777.1500244140625,786.8499755859375,3800255
2024-01-17,780.0,790.0,771.0499877929688,775.2999877929688,6183356
2024-01-18,776.0,780.5999755859375,762.75,775.4500122070312,8727583
2024-01-19,780.7000122070312,788.0,777.7000122070312,785.5499877929688,3519988
2024-01-23,790.0,791.9000244140625,733.9500122070312,739.2999877929688,19908675
2024-01-24,739.9500122070312,749.0,732.2999877929688,747.4000244140625,6963379
2024-01-25,776.0,776.0,749.2999877929688,758.6500244140625,9110800
2024-01-29,761.0,771.7000122070312,755.25,767.3499755859375,5504653
2024-01-30,770.5,798.7000122070312,767.0,786.9000244140625,10661351
2024-01-31,786.9000244140625,806.7000122070312,782.5,802.5999755859375,7997614
2024-02-01,802.5499877929688,808.75,791.0499877929688,800.0499877929688,5565773
2024-02-02,801.2000122070312,808.4000244140625,783.2000122070312,791.4500122070312,3474878
2024-02-05,784.9000244140625,806.0,783.2000122070312,786.5999755859375,3023829
2024-02-06,794.0,802.0,784.2000122070312,797.3499755859375,3996095
2024-02-07,806.0,838.2999877929688,806.0,827.4500122070312,10550511
2024-02-08,828.7999877929688,840.9000244140625,823.1500244140625,830.8499755859375,3355261
2024-02-09,830.8499755859375,837.0,810.0,834.4000244140625,4351187
2024-02-12,833.0,837.5999755859375,803.3499755859375,807.5999755859375,2814982
2024-02-13,810.0,831.9500122070312,799.0499877929688,829.3499755859375,3526880
2024-02-14,819.0,847.4500122070312,816.2000122070312,843.7999877929688,2710385
2024-02-15,848.0,857.9500122070312,842.5,851.4000244140625,3505476
2024-02-16,857.0,869.2999877929688,848.7999877929688,863.2999877929688,3451534
2024-02-19,864.2999877929688,866.7000122070312,845.3499755859375,848.5999755859375,2390450
2024-02-20,852.0,869.5,846.2000122070312,863.9000244140625,4100739
2024-02-21,865.0,896.75,863.9000244140625,886.8499755859375,8801547
2024-02-22,894.0,895.0,878.8499755859375,892.25,3784762
2024-02-23,898.0,905.0,892.3499755859375,899.25,3438995
2024-02-26,898.0,910.25,887.7000122070312,902.9000244140625,4080998
2024-02-27,905.0,918.2000122070312,902.9000244140625,916.4000244140625,3614155
2024-02-28,914.2000122070312,919.9500122070312,893.5999755859375,899.0,3541248
2024-02-29,898.0,911.9500122070312,881.6500244140625,901.2000122070312,19571487
2024-03-01,902.0,917.0,901.2000122070312,909.9000244140625,2562306
2024-03-04,925.2000122070312,941.9000244140625,923.6500244140625,931.7999877929688,3951444
2024-03-05,930.0,939.4000244140625,926.0,932.0499877929688,2846188
2024-03-06,930.9500122070312,933.9000244140625,908.0999755859375,922.7000122070312,3258284
2024-03-07,925.5999755859375,929.0,917.1500244140625,920.2999877929688,2108204
2024-03-11,928.0,933.2999877929688,907.2000122070312,911.25,4511073
2024-03-12,910.9000244140625,915.2999877929688,861.0,864.4000244140625,8341087
2024-03-13,860.0,873.25,820.6500244140625,830.1500244140625,8639565
2024-03-14,826.0,844.0,817.0,840.6500244140625,5915623
2024-03-15,836.5999755859375,848.75,809.2999877929688,823.7000122070312,6129505
2024-03-18,826.0499877929688,839.6500244140625,816.25,836.25,2709444
2024-03-19,830.0,841.7999877929688,819.5,823.0499877929688,4696393
2024-03-20,827.0,834.4000244140625,805.2999877929688,825.9500122070312,3281967
2024-03-21,839.0999755859375,859.3499755859375,834.0999755859375,857.7000122070312,3484101
2024-03-22,861.0499877929688,869.9000244140625,855.5999755859375,865.9000244140625,2786894
2024-03-26,864.9000244140625,876.4500122070312,858.1500244140625,873.4000244140625,2686188
2024-03-27,878.9500122070312,888.7000122070312,875.5499877929688,880.5,3049873
2024-03-28,886.7999877929688,907.0,882.7000122070312,897.0,4055477
2024-04-01,904.0,967.5999755859375,901.0,948.25,8494956
2024-04-02,948.25,948.5,930.25,934.8499755859375,3144624
2024-04-03,934.0,934.0,901.4500122070312,904.5499877929688,6683506
2024-04-04,912.0499877929688,914.7000122070312,884.0499877929688,888.2000122070312,5670088
2024-04-05,889.9000244140625,909.7999877929688,883.5999755859375,905.8499755859375,4129880
2024-04-08,908.0,928.3499755859375,904.0499877929688,918.25,4636924
2024-04-09,921.9500122070312,930.6500244140625,903.9500122070312,910.6500244140625,2977374
2024-04-10,911.2999877929688,921.9000244140625,909.2000122070312,911.1500244140625,1853706
2024-04-12,911.1500244140625,920.75,905.7999877929688,908.5999755859375,2340026
2024-04-15,892.5,898.7999877929688,866.6500244140625,885.0,3602490
2024-04-16,875.0,883.4500122070312,868.2999877929688,875.5999755859375,3398331
2024-04-18,881.0,886.0,851.2000122070312,856.0499877929688,3948733
2024-04-19,841.0,859.2999877929688,834.0,855.6500244140625,4474855
2024-04-22,860.0,868.7999877929688,854.2999877929688,865.1500244140625,2662369
2024-04-23,873.0,898.5,871.5,885.25,5126456
2024-04-24,889.7999877929688,898.2000122070312,885.5,893.5,4102872
2024-04-25,893.5,897.0,882.75,893.7999877929688,2376516
2024-04-26,896.0,911.5999755859375,893.75,908.0,4053816
2024-04-29,913.0,915.0,876.8499755859375,886.0999755859375,3109393
2024-04-30,888.7999877929688,907.5,881.9000244140625,891.8499755859375,4508015
2024-05-02,888.2000122070312,901.0,882.0,896.4500122070312,3099475
2024-05-03,903.9000244140625,903.9000244140625,862.7999877929688,878.2000122070312,5271160
2024-05-06,882.5,902.0,876.2000122070312,887.0999755859375,5317254
2024-05-07,885.7999877929688,895.0,840.75,855.9000244140625,5793580
2024-05-08,856.0,864.7000122070312,846.5,852.5,5424719
2024-05-09,862.0,870.9500122070312,834.0999755859375,836.9000244140625,3748279
2024-05-10,843.0,844.4000244140625,817.4000244140625,825.8499755859375,4811461
2024-05-13,831.7999877929688,842.0499877929688,810.5999755859375,838.75,3983559
2024-05-14,844.0,851.9000244140625,830.2999877929688,839.0499877929688,5869025
2024-05-15,839.0,848.0,812.5999755859375,825.6500244140625,5237735
2024-05-16,832.0,846.3499755859375,826.3499755859375,841.5,3843468
2024-05-17,846.5,859.5,840.9000244140625,848.75,4170491
2024-05-21,852.0,857.0,845.7999877929688,851.9500122070312,3184740
2024-05-22,858.4000244140625,860.5499877929688,838.2999877929688,847.4000244140625,4576451
2024-05-23,851.0,851.0,834.2000122070312,847.0499877929688,2828079
2024-05-24,850.9500122070312,854.25,836.7999877929688,840.1500244140625,3335343
2024-05-27,840.2000122070312,848.3499755859375,834.7999877929688,842.5,3490864
2024-05-28,845.0,845.3499755859375,818.0,820.0,3216721
2024-05-29,818.75,825.9000244140625,812.2000122070312,818.2999877929688,4517186
2024-05-30,816.0,820.9500122070312,799.5999755859375,802.0499877929688,4203818
2024-05-31,808.5999755859375,823.6500244140625,805.3499755859375,815.6500244140625,12210410
2024-06-03,855.9000244140625,873.0,835.0,869.1500244140625,9999975
2024-06-04,880.0,880.0,687.0499877929688,763.0,12437434
2024-06-05,777.0,799.0,747.0,796.0499877929688,7296308
2024-06-06,799.0999755859375,835.9500122070312,799.0,829.1500244140625,5439648
2024-06-07,829.1500244140625,848.75,822.2999877929688,843.4500122070312,4266992
2024-06-10,845.9500122070312,856.75,838.0,847.5999755859375,3204208
2024-06-11,853.9500122070312,869.5999755859375,849.25,856.0,3639409
2024-06-12,857.0,865.9000244140625,850.25,859.75,3293555
2024-06-13,863.7999877929688,880.4500122070312,858.2000122070312,874.0499877929688,4081481
2024-06-14,877.4000244140625,883.6500244140625,871.9000244140625,878.5999755859375,3033968
2024-06-18,881.0,887.9000244140625,872.7999877929688,878.7999877929688,2186628
2024-06-19,881.3499755859375,882.5499877929688,850.5999755859375,859.7999877929688,4384765
2024-06-20,861.75,876.6500244140625,857.0,874.5,1952972
2024-06-21,875.0,879.7000122070312,854.0,856.0999755859375,2496508
2024-06-24,849.5,849.5,833.5,840.4500122070312,4054032
2024-06-25,841.0,843.5,814.2999877929688,824.6500244140625,6394175
2024-06-26,825.4500122070312,836.0,822.0999755859375,825.7000122070312,4869959
2024-06-27,826.5,830.9500122070312,811.7999877929688,816.75,6534966
2024-06-28,817.0,829.9000244140625,813.0,824.75,3751351
2024-07-01,826.0,831.75,819.5499877929688,825.4000244140625,1970264
2024-07-02,827.0,841.0,817.9500122070312,830.4000244140625,3484392
2024-07-03,833.0,842.5,828.2000122070312,841.1500244140625,1939722
2024-07-04,842.0,847.0,833.6500244140625,838.5999755859375,1817264
2024-07-05,839.9500122070312,841.2999877929688,830.0499877929688,832.7999877929688,2792876
2024-07-08,832.7999877929688,839.75,828.0499877929688,835.7000122070312,1202880
2024-07-09,836.0499877929688,840.7999877929688,831.4000244140625,838.5499877929688,1237622
2024-07-10,845.0,853.0,822.9000244140625,836.7000122070312,4948598
2024-07-11,837.0,842.9000244140625,830.2999877929688,831.9500122070312,1293318
2024-07-12,837.9000244140625,837.9000244140625,819.5499877929688,821.7000122070312,2543048
2024-07-15,827.0,835.7000122070312,818.6500244140625,833.2999877929688,1494904
2024-07-16,833.2999877929688,851.7000122070312,831.0999755859375,843.75,3157792
2024-07-18,842.0,846.9500122070312,826.7000122070312,844.9000244140625,4433926
2024-07-19,848.0,848.0,808.0,816.4000244140625,4601334
2024-07-22,815.0499877929688,833.9000244140625,805.4500122070312,831.9000244140625,3125767
2024-07-23,836.9500122070312,839.0499877929688,778.2000122070312,809.3499755859375,11426098
2024-07-24,800.0,829.4000244140625,797.0,819.4000244140625,6572592
2024-07-25,818.5499877929688,822.5,802.5499877929688,811.7000122070312,3694096
2024-07-26,817.4500122070312,843.6500244140625,814.3499755859375,829.7000122070312,5503367
2024-07-29,833.9500122070312,876.0,830.5,870.0,8358895
2024-07-30,874.6500244140625,885.4500122070312,870.0,879.9000244140625,4629527
2024-07-31,882.5499877929688,891.5499877929688,870.4000244140625,889.1500244140625,4091190
2024-08-01,890.0,901.0,867.25,873.9000244140625,6040354
2024-08-02,858.0,866.25,841.4500122070312,844.4500122070312,3305561
2024-08-05,832.75,835.0499877929688,800.4000244140625,810.1500244140625,5834107
2024-08-06,828.5499877929688,844.2999877929688,817.7999877929688,820.7000122070312,5035943
2024-08-07,853.0,853.0,833.5499877929688,845.6500244140625,2323809
2024-08-08,843.5,850.5,830.5,832.5999755859375,2365759
2024-08-09,847.5999755859375,847.5999755859375,829.0,830.9000244140625,1309164
2024-08-12,827.0,840.7999877929688,822.4500122070312,835.4500122070312,1697136
2024-08-13,837.0,837.5,810.0499877929688,813.8499755859375,1433125
2024-08-14,817.7999877929688,823.9500122070312,809.2000122070312,821.6500244140625,2076958
2024-08-16,835.5,874.0,830.4000244140625,866.9000244140625,8826463
2024-08-19,869.0,872.6500244140625,855.2999877929688,857.2000122070312,1552098
2024-08-20,865.0,872.0,860.0,867.3499755859375,1686482
2024-08-21,868.75,871.1500244140625,853.2999877929688,860.5499877929688,1781137
2024-08-22,862.5,866.5,854.0499877929688,859.25,1597012
2024-08-23,859.25,870.5999755859375,847.75,849.5,2524444
2024-08-26,857.75,857.75,841.0,848.7999877929688,1382673
2024-08-27,848.7999877929688,860.4500122070312,843.4000244140625,846.3499755859375,3312432
2024-08-28,848.0,849.5,834.0,837.0999755859375,2135655
2024-08-29,837.0999755859375,838.2999877929688,818.5,831.9000244140625,4348398
2024-08-30,834.0499877929688,849.5499877929688,834.0499877929688,845.0999755859375,4433064
2024-09-02,850.0,853.9500122070312,843.3499755859375,848.25,1639881
2024-09-03,850.0,859.25,846.1500244140625,847.5999755859375,2402444
2024-09-04,840.7000122070312,851.8499755859375,835.25,850.3499755859375,1426084
2024-09-05,853.0,854.0,840.1500244140625,841.6500244140625,942254
2024-09-06,840.0,841.0,809.5499877929688,814.25,3788122
2024-09-09,813.5499877929688,832.2999877929688,812.0499877929688,826.75,2517054
2024-09-10,830.2999877929688,836.0,820.9000244140625,829.7999877929688,2172160
2024-09-11,830.0,835.4000244140625,820.25,824.0,1543757
2024-09-12,830.0,837.0499877929688,827.2999877929688,835.9000244140625,1310892
2024-09-13,840.0,866.4500122070312,836.0499877929688,863.5999755859375,4679178
2024-09-16,869.0,880.7999877929688,858.5,862.0999755859375,3120053
2024-09-17,862.0,865.9500122070312,854.0,860.8499755859375,1262957
2024-09-18,857.0999755859375,863.6500244140625,849.0,860.7000122070312,1326773
2024-09-19,868.0,874.9000244140625,833.2999877929688,849.2999877929688,3526011
2024-09-20,854.0,881.0,853.1500244140625,877.5999755859375,4012769
2024-09-23,883.7000122070312,919.0,880.2999877929688,909.6500244140625,6822019
2024-09-24,910.9500122070312,925.9000244140625,910.2000122070312,917.0,5638566
2024-09-25,915.0,923.0,902.6500244140625,920.4000244140625,2956612
2024-09-26,920.9000244140625,928.7999877929688,905.7000122070312,924.0,4276089
2024-09-27,924.0,929.0,905.0,914.0499877929688,4444599
2024-09-30,909.9500122070312,917.9000244140625,893.0499877929688,895.1500244140625,4693690
2024-10-01,896.7999877929688,916.0999755859375,895.2999877929688,913.75,1899090
2024-10-03,888.5,908.0,858.7999877929688,864.8499755859375,5533806
2024-10-04,864.0,866.0499877929688,832.2999877929688,844.8499755859375,6178623
2024-10-07,848.4500122070312,853.75,815.7000122070312,825.6500244140625,4635422
2024-10-08,823.25,843.1500244140625,823.0,840.0,2801195
2024-10-09,844.5,858.7999877929688,840.1500244140625,851.9500122070312,3340138
2024-10-10,860.0,878.7000122070312,854.5,860.7999877929688,4443507
2024-10-11,862.0,862.0,841.75,846.5999755859375,2156169
2024-10-14,850.0,864.7999877929688,843.7999877929688,862.9000244140625,2214137
2024-10-15,865.0,877.25,857.0499877929688,875.4500122070312,2052716
2024-10-16,879.0,887.9000244140625,865.5499877929688,884.75,3343590
2024-10-17,888.0,888.0999755859375,852.7999877929688,861.0,4342357
2024-10-18,860.9000244140625,880.3499755859375,846.75,875.1500244140625,2492488
2024-10-21,875.0499877929688,884.4000244140625,857.0999755859375,860.75,1786182
2024-10-22,858.0,859.0,812.0,815.1500244140625,4910152
2024-10-23,815.5499877929688,818.7000122070312,796.8499755859375,805.3499755859375,6343961
2024-10-24,809.5,818.0,798.0,801.4000244140625,2654323
2024-10-25,805.0,807.75,766.5999755859375,777.0,3787373
2024-10-28,794.0,839.5999755859375,787.5,822.9000244140625,12404776
2024-10-29,820.0499877929688,837.9000244140625,815.0,832.4500122070312,3086644
2024-10-30,830.0,842.4500122070312,823.0,826.4000244140625,2654524
2024-10-31,828.9000244140625,829.5999755859375,814.2999877929688,819.8499755859375,2475258
2024-11-01,824.0,828.4000244140625,819.0,823.75,276864
2024-11-04,824.25,825.0,788.0499877929688,789.9000244140625,3511025
2024-11-05,790.4000244140625,800.4500122070312,773.5499877929688,799.0499877929688,3602796
2024-11-06,807.0,831.0,803.8499755859375,828.2000122070312,2936349
2024-11-07,825.9500122070312,829.0,801.5499877929688,803.4000244140625,3183930
2024-11-08,804.2000122070312,808.4000244140625,783.0,786.0,2045558
2024-11-11,785.0,791.5,771.7999877929688,777.5,2034527
2024-11-12,781.0,788.5,762.0999755859375,764.8499755859375,2258658
2024-11-13,762.0,769.5,743.9500122070312,748.5499877929688,4136515
2024-11-14,752.0499877929688,771.0,751.0,762.7000122070312,1985408
2024-11-18,779.9500122070312,779.9500122070312,756.0999755859375,759.5999755859375,2762739
2024-11-19,763.0499877929688,777.2000122070312,758.7999877929688,763.1500244140625,1919376
2024-11-21,766.9500122070312,781.4500122070312,744.6500244140625,773.9500122070312,4250528
2024-11-22,780.5499877929688,808.9000244140625,775.9000244140625,803.4000244140625,5603939
2024-11-25,822.0,838.9500122070312,815.3499755859375,823.2999877929688,7824936
2024-11-26,826.0,833.75,820.0,827.3499755859375,1954044
2024-11-27,825.5499877929688,829.0,818.0499877929688,823.7000122070312,2279120
2024-11-28,823.7000122070312,826.4000244140625,808.9500122070312,813.8499755859375,3511735
2024-11-29,814.2000122070312,828.6500244140625,807.2000122070312,822.9500122070312,2517628
2024-12-02,828.0,852.7999877929688,822.25,849.0999755859375,4392800
2024-12-03,860.0,862.0,842.4000244140625,846.9500122070312,3983809
2024-12-04,853.0,853.0,840.9500122070312,847.9500122070312,1677057
2024-12-05,854.0,854.0,844.4000244140625,850.25,1991220
2024-12-06,852.9000244140625,858.4000244140625,843.0,856.8499755859375,2604765
2024-12-09,856.8499755859375,873.4000244140625,855.2000122070312,862.7000122070312,3507045
2024-12-10,865.0,871.0,860.7000122070312,868.4000244140625,2333620
2024-12-11,863.0,882.6500244140625,863.0,875.75,3124962
2024-12-12,877.7999877929688,879.4500122070312,861.5499877929688,867.0999755859375,1752393
2024-12-13,862.5,872.9500122070312,846.0999755859375,870.8499755859375,2141188
2024-12-16,870.8499755859375,896.5999755859375,870.8499755859375,893.2999877929688,5928710
2024-12-17,885.0,894.7999877929688,870.9500122070312,872.4500122070312,3979629
2024-12-18,880.0,881.3499755859375,866.9000244140625,871.4500122070312,3550474
2024-12-19,860.0,871.6500244140625,853.0,864.4000244140625,2850728
2024-12-20,863.0999755859375,869.7000122070312,824.5,830.7000122070312,2873364
2024-12-23,837.7999877929688,854.0,832.5499877929688,844.25,3024905
2024-12-24,845.4000244140625,851.9000244140625,834.2999877929688,841.7000122070312,2883051
2024-12-26,840.0,844.75,831.9000244140625,838.7000122070312,1616769
2024-12-27,840.5999755859375,846.8499755859375,818.0999755859375,834.8499755859375,1052649
2024-12-30,832.0,839.8499755859375,817.0499877929688,820.7000122070312,4581041
2024-12-31,810.0,828.4500122070312,809.9000244140625,824.9000244140625,1292892
2025-01-01,821.5499877929688,826.25,814.5999755859375,824.5,929268
2025-01-02,820.0,838.25,815.25,835.4000244140625,2509773
2025-01-03,834.5999755859375,839.8499755859375,824.1500244140625,828.0499877929688,2125279
2025-01-06,829.0,834.0,801.5,805.8499755859375,3125197
2025-01-07,809.0,817.5,804.5,810.7999877929688,2290843
2025-01-08,808.0,811.4500122070312,794.75,802.5999755859375,2432853
2025-01-09,803.5999755859375,804.0,778.7999877929688,780.6500244140625,2395731
2025-01-10,781.0,784.5,750.1500244140625,752.1500244140625,4994931
2025-01-13,743.0,747.9500122070312,707.0499877929688,710.7999877929688,6770170
2025-01-14,719.9000244140625,726.0,711.1500244140625,723.25,4474786
2025-01-15,730.0,742.0,719.8499755859375,734.7999877929688,5333750
2025-01-16,744.0,760.5,739.7999877929688,740.8499755859375,2401114
2025-01-17,735.2999877929688,753.5499877929688,735.2999877929688,749.0,2084685
2025-01-20,753.8499755859375,763.5,749.0499877929688,760.5999755859375,1627004
2025-01-21,762.0,764.3499755859375,736.5999755859375,737.9000244140625,2287256
2025-01-22,741.6500244140625,744.9000244140625,700.7999877929688,713.7999877929688,5828129
2025-01-23,713.7999877929688,724.4000244140625,707.0,715.0499877929688,2810434
2025-01-24,718.0,720.0,691.0999755859375,695.25,3432119
2025-01-27,696.5,731.7000122070312,696.5,703.9000244140625,17509736
2025-01-28,723.0,741.7999877929688,710.25,726.75,9561702
2025-01-29,730.0,748.6500244140625,725.0,745.4000244140625,3831233
2025-01-30,745.4000244140625,769.75,745.0999755859375,750.0499877929688,5414885
2025-01-31,751.9500122070312,754.0,737.0,745.0499877929688,3386278
2025-02-01,749.0,767.4000244140625,737.0499877929688,760.6500244140625,2992277
2025-02-03,756.75,757.4000244140625,734.75,748.6500244140625,3009915
2025-02-04,754.7000122070312,766.4500122070312,752.5999755859375,762.2000122070312,2249829
2025-02-05,768.7999877929688,774.0,761.0,763.4000244140625,1747014
2025-02-06,791.0,793.5,760.9000244140625,764.0499877929688,5368289
2025-02-07,766.5,771.3499755859375,750.0,757.4500122070312,4167198
2025-02-10,758.0,760.9500122070312,727.75,730.9500122070312,2070161
2025-02-11,729.0499877929688,730.4500122070312,702.7999877929688,709.0999755859375,3036850
2025-02-12,709.0,709.0,674.2000122070312,680.0499877929688,7283534
2025-02-13,682.0,696.0,671.1500244140625,680.6500244140625,6643970
2025-02-14,685.0,694.5499877929688,660.0999755859375,673.2999877929688,3262328
2025-02-17,670.0,679.0,650.3499755859375,674.75,2808264
2025-02-18,674.75,675.2000122070312,660.6500244140625,672.0999755859375,2872673
2025-02-19,668.0,696.5,663.8499755859375,690.1500244140625,3466893
2025-02-20,689.9500122070312,698.4500122070312,683.25,694.9000244140625,1903490
2025-02-21,694.0,707.5,680.5,686.25,3053379
2025-02-24,679.9500122070312,680.9500122070312,668.2000122070312,673.7000122070312,2459765
2025-02-25,672.5499877929688,675.0,655.0499877929688,656.7999877929688,4142697
2025-02-27,660.0,666.4000244140625,640.0,642.4000244140625,3207791
2025-02-28,631.1500244140625,641.0499877929688,625.0999755859375,635.5499877929688,5887750
2025-03-03,639.9500122070312,651.0,622.0,647.2999877929688,3527932
2025-03-04,636.0,649.75,629.75,643.2999877929688,2270848
2025-03-05,640.0,663.8499755859375,639.3499755859375,661.3499755859375,2310187
2025-03-06,668.0,670.5999755859375,662.4000244140625,665.2999877929688,2348012
2025-03-07,672.0,679.2999877929688,661.7000122070312,667.0499877929688,5371744
2025-03-10,666.8499755859375,671.0,643.0,647.0999755859375,2379990
2025-03-11,641.0,674.9500122070312,636.0499877929688,674.0999755859375,3958044
2025-03-12,678.9500122070312,683.0,659.1500244140625,668.7000122070312,4082620
2025-03-13,670.9500122070312,675.0499877929688,656.7000122070312,658.0999755859375,2911477
2025-03-17,661.7999877929688,662.2999877929688,651.9500122070312,655.5499877929688,1805199
2025-03-18,655.5499877929688,655.5499877929688,655.5499877929688,655.5499877929688,0
2025-03-19,677.0,698.7000122070312,675.7999877929688,697.5499877929688,3398422
2025-03-20,698.0,706.5,689.0499877929688,694.2999877929688,4635864
2025-03-21,694.9000244140625,717.5,694.2999877929688,695.9000244140625,7145524
2025-03-24,710.0499877929688,714.0,691.4000244140625,706.0,6247058
2025-03-25,710.0499877929688,713.7000122070312,691.5999755859375,695.2000122070312,2989679
2025-03-26,695.5499877929688,703.7999877929688,678.25,680.4500122070312,5591317
2025-03-27,680.0,692.5499877929688,672.0,688.5,2634496
2025-03-28,693.0999755859375,695.0,678.1500244140625,680.5,2797361
2025-04-01,678.3499755859375,678.8499755859375,653.3499755859375,663.0999755859375,3528179
2025-04-02,662.5,685.0,658.0499877929688,683.1500244140625,3607433
2025-04-03,677.0499877929688,691.7000122070312,675.5499877929688,680.0499877929688,1979635
2025-04-04,678.0,679.7000122070312,648.75,653.9500122070312,2860941
2025-04-07,615.0,627.4500122070312,601.2000122070312,608.0499877929688,4377794
2025-04-08,621.0499877929688,632.9000244140625,611.25,621.5499877929688,3688073
2025-04-09,620.0,624.3499755859375,607.0499877929688,612.8499755859375,2405075
2025-04-11,625.0,632.5,618.0,623.5999755859375,2743770
2025-04-15,635.0,663.7999877929688,630.4000244140625,662.7999877929688,5255187
2025-04-16,662.7999877929688,665.6500244140625,652.0,656.25,2166202
2025-04-17,660.0,673.2000122070312,656.5,669.4000244140625,3423114
2025-04-21,690.0,690.0,667.0499877929688,675.9000244140625,3481313
2025-04-22,678.0,693.0,668.2000122070312,685.0,3717001
2025-04-23,690.0,695.9000244140625,679.2999877929688,687.7000122070312,3113518
2025-04-24,689.0,689.5499877929688,678.25,680.5,1968312
2025-04-25,681.0,685.9000244140625,648.9500122070312,653.5499877929688,4496994
2025-04-28,655.0,665.0,653.0,663.9000244140625,2545802
2025-04-29,667.2000122070312,670.9000244140625,655.3499755859375,658.8499755859375,3145915
2025-04-30,658.8499755859375,684.9000244140625,655.7000122070312,674.2999877929688,7339914
2025-05-02,675.9500122070312,692.5,672.0,685.2999877929688,3039236
2025-05-05,692.7000122070312,699.0,683.5,693.75,2634868
2025-05-06,693.75,698.5999755859375,672.0,677.1500244140625,3346141
2025-05-07,668.7000122070312,681.4000244140625,665.5499877929688,679.25,2855850
2025-05-08,679.25,687.25,647.5,655.0499877929688,2824149
2025-05-09,644.9500122070312,651.0,617.9000244140625,631.7000122070312,9789600
2025-05-12,658.0,682.4000244140625,655.0,680.5,4980754
2025-05-13,677.0499877929688,684.9000244140625,675.0,677.8499755859375,2028681
2025-05-14,681.1500244140625,699.2000122070312,677.2999877929688,688.7000122070312,4041177
2025-05-15,690.0,711.9500122070312,686.5499877929688,709.0499877929688,3545961
2025-05-16,711.0,723.2000122070312,705.0499877929688,715.9000244140625,4044539
2025-05-19,719.0,739.0,713.25,737.6500244140625,5036812
2025-05-20,770.0,782.9000244140625,742.8499755859375,753.5,22921338
2025-05-21,764.5999755859375,778.5999755859375,748.4500122070312,775.1500244140625,8436181
2025-05-22,772.5999755859375,779.4000244140625,765.6500244140625,775.7999877929688,3524173
2025-05-23,776.0,779.0,770.1500244140625,776.5,2652923
2025-05-26,780.0,790.5,775.0,777.7999877929688,3757056
2025-05-27,778.0,783.0,770.25,774.0499877929688,4213811
2025-05-28,774.0499877929688,780.7000122070312,767.7000122070312,772.0,2474259
2025-05-29,780.0,799.4500122070312,777.2000122070312,793.75,5339086
2025-05-30,794.9000244140625,802.75,790.0,797.8499755859375,6655557
2025-06-02,797.0,814.5999755859375,789.6500244140625,810.7000122070312,3575806
2025-06-03,813.9500122070312,816.75,801.0,804.5499877929688,3447783
2025-06-04,809.0,809.7999877929688,795.7000122070312,803.4000244140625,2205496
2025-06-05,807.0,830.2999877929688,805.2000122070312,825.7000122070312,5496684
2025-06-06,826.0,884.4500122070312,822.1500244140625,880.3499755859375,13717251
2025-06-09,886.4500122070312,886.7999877929688,874.5499877929688,878.5999755859375,3012214
2025-06-10,879.0,882.7000122070312,864.9000244140625,868.0,2393636
2025-06-11,868.0,879.7000122070312,863.0,868.5499877929688,2499361
2025-06-12,869.9000244140625,869.9000244140625,845.5999755859375,847.8499755859375,2751252
2025-06-13,826.5,856.7999877929688,826.0,851.25,3951233
2025-06-16,852.25,863.0,844.0,859.0,2204028
2025-06-17,860.25,882.4500122070312,849.6500244140625,851.4500122070312,5285974
2025-06-18,864.0999755859375,867.25,841.7000122070312,844.7999877929688,4708094
2025-06-19,845.0,850.0,833.8499755859375,839.9000244140625,4347684
2025-06-20,840.8499755859375,858.0,837.2999877929688,854.25,4388235
2025-06-23,847.7000122070312,861.4500122070312,844.6500244140625,852.4500122070312,2520182
2025-06-24,863.0,868.7000122070312,847.5,849.5,3345722
2025-06-25,852.5,855.5999755859375,845.1500244140625,854.3499755859375,2739707
2025-06-26,853.7000122070312,855.0,834.4500122070312,847.0999755859375,5014664
2025-06-27,850.2000122070312,859.9500122070312,841.5,845.7999877929688,3690392
2025-06-30,849.0,851.3499755859375,836.0999755859375,837.7999877929688,2198839
2025-07-01,845.0,851.4000244140625,836.5499877929688,843.4500122070312,3414388
2025-07-02,850.0,850.6500244140625,824.5,831.9000244140625,3762205
2025-07-03,831.9000244140625,838.7999877929688,828.0,829.7000122070312,1521725
2025-07-04,830.0,840.0,826.0,836.0,1218416
2025-07-07,835.5999755859375,839.2000122070312,827.0,832.5,989754
2025-07-08,830.7999877929688,844.4000244140625,822.7999877929688,842.9000244140625,2418815
2025-07-09,844.5,844.5,826.25,829.6500244140625,2367307
2025-07-10,834.0,837.3499755859375,825.5499877929688,831.5499877929688,2347785
2025-07-11,828.0,832.25,811.25,815.0999755859375,1997098
2025-07-14,817.0,832.0,815.1500244140625,826.9000244140625,3604322
2025-07-15,826.9000244140625,842.5,824.2000122070312,833.5,2678446
2025-07-16,834.75,848.2000122070312,832.4500122070312,844.2999877929688,2082060
2025-07-17,849.5,856.0,839.0499877929688,847.0499877929688,3537631
2025-07-18,850.0,852.5499877929688,838.5,845.2000122070312,1809369
2025-07-21,845.2000122070312,853.7999877929688,840.75,852.5999755859375,1581419
2025-07-22,855.2999877929688,856.4500122070312,839.0499877929688,845.5,2580530
2025-07-23,846.0999755859375,849.0,828.2999877929688,841.9500122070312,3083239
2025-07-24,842.4500122070312,844.3499755859375,825.0,828.9500122070312,1695817
2025-07-25,828.5999755859375,835.75,822.4000244140625,826.2999877929688,2916944
2025-07-28,819.0,820.4500122070312,785.0,787.2000122070312,3684452
2025-07-29,786.5,805.0,786.0999755859375,800.3499755859375,1706638
2025-07-30,799.8499755859375,802.6500244140625,786.0999755859375,788.7999877929688,1601532
2025-07-31,780.0,789.7999877929688,779.0499877929688,784.25,2252239
2025-08-01,782.6500244140625,795.7999877929688,775.0,777.4000244140625,2572230
2025-08-04,780.0,796.0,774.0,792.8499755859375,1554859
2025-08-05,795.0,798.7999877929688,770.0999755859375,780.9500122070312,4368329
2025-08-06,780.9000244140625,781.75,755.0999755859375,764.5,4917073
2025-08-07,759.7999877929688,763.2000122070312,746.25,759.6500244140625,3898418
2025-08-08,759.2000122070312,768.5999755859375,743.1500244140625,747.2000122070312,1923910
2025-08-11,747.25,768.5,742.1500244140625,764.9500122070312,2614700
2025-08-12,764.5999755859375,764.5999755859375,752.0,757.4000244140625,2771092
2025-08-13,758.5,767.2000122070312,753.5499877929688,757.6500244140625,1366582
2025-08-14,759.0,762.7000122070312,749.0,751.5499877929688,1437774
2025-08-18,766.0,777.9000244140625,759.0499877929688,768.9000244140625,3501272
2025-08-19,770.0,778.0,765.0499877929688,776.0999755859375,1883917
2025-08-20,775.8499755859375,779.7000122070312,769.0499877929688,770.5,1715213
2025-08-21,771.5,783.9000244140625,770.5,773.2000122070312,1946556
2025-08-22,772.0,773.2000122070312,759.0999755859375,762.5499877929688,1302086
2025-08-25,764.4500122070312,775.8499755859375,764.0,772.0,1718841
2025-08-26,768.0,769.5999755859375,753.0,754.5999755859375,2452380
2025-08-28,754.5,757.25,743.3499755859375,749.4500122070312,2806487
2025-08-29,747.0,754.0999755859375,737.5499877929688,739.0499877929688,3054170
2025-09-01,739.5499877929688,750.0,737.0,748.2999877929688,1427328
2025-09-02,749.2000122070312,765.5,745.5499877929688,754.7999877929688,1726671
2025-09-03,757.9500122070312,765.8499755859375,754.9000244140625,764.4000244140625,1432401
2025-09-04,772.0,777.2999877929688,755.9000244140625,758.0999755859375,1949211
2025-09-05,766.2000122070312,770.9000244140625,745.5999755859375,755.5499877929688,2128432
2025-09-08,757.5,764.7000122070312,755.0,757.5,1292430
2025-09-09,757.5,759.0,746.3499755859375,751.0999755859375,1667910
2025-09-10,754.0,762.4500122070312,750.0,754.2999877929688,2342062
2025-09-11,754.0,758.9500122070312,749.0,756.3499755859375,1490945
2025-09-12,759.3499755859375,764.4000244140625,754.2000122070312,758.4000244140625,1594096
2025-09-15,762.9000244140625,781.7000122070312,759.4000244140625,775.7000122070312,3676193
2025-09-16,778.0,791.3499755859375,772.7000122070312,786.75,2886766
2025-09-17,789.7000122070312,794.7999877929688,782.2999877929688,786.4500122070312,2071167
2025-09-18,789.0,792.7999877929688,781.0999755859375,783.0999755859375,2060110
2025-09-19,784.7999877929688,790.25,772.9500122070312,777.7000122070312,4131716
2025-09-22,777.7000122070312,787.5,771.0,773.75,1647107
2025-09-23,774.0499877929688,775.7000122070312,756.0999755859375,759.4000244140625,3258299
2025-09-24,757.0,761.2000122070312,731.0,733.6500244140625,3640021
2025-09-25,732.9500122070312,736.0,718.7999877929688,721.0499877929688,4485383
2025-09-26,721.0,725.9000244140625,714.0499877929688,716.0499877929688,2092671
2025-09-29,719.9000244140625,723.0499877929688,713.5,722.1500244140625,1927913
2025-09-30,721.0999755859375,722.1500244140625,708.6500244140625,713.0,3248618
2025-10-01,713.5,725.5499877929688,712.0999755859375,722.2999877929688,3535085
2025-10-03,724.4000244140625,730.5,719.2000122070312,729.2000122070312,3313673
2025-10-06,730.8499755859375,736.4000244140625,722.25,735.25,1893389
2025-10-07,735.25,739.1500244140625,729.25,737.1500244140625,1940228
2025-10-08,733.5,737.1500244140625,722.4500122070312,724.9000244140625,2211742
2025-10-09,727.0,733.6500244140625,722.0,729.0,2025840
2025-10-10,730.8499755859375,743.4000244140625,728.0499877929688,740.2000122070312,2131129
2025-10-13,738.4000244140625,743.5499877929688,730.0,741.2000122070312,1376145
2025-10-14,743.0999755859375,746.4500122070312,736.4000244140625,740.9000244140625,1964076
2025-10-15,743.0,765.0,742.25,756.2999877929688,3280013
2025-10-16,759.0,771.4500122070312,757.5499877929688,769.7000122070312,2587449
2025-10-17,769.0,773.8499755859375,762.0,767.9500122070312,3164486
2025-10-20,772.0,775.1500244140625,765.0999755859375,773.9500122070312,1256775
2025-10-21,775.0,776.7999877929688,770.0,771.75,165784
2025-10-23,776.4500122070312,782.6500244140625,772.4000244140625,774.2999877929688,3194015
2025-10-24,774.2999877929688,777.0,765.6500244140625,772.4500122070312,1843887
2025-10-27,774.7000122070312,785.7999877929688,774.2000122070312,779.5,1711268
2025-10-28,777.2000122070312,779.8499755859375,767.2000122070312,774.0499877929688,1775002
2025-10-29,774.0999755859375,786.5,772.0499877929688,778.7000122070312,2757524
2025-10-30,781.7999877929688,784.6500244140625,771.1500244140625,776.5499877929688,1835761
2025-10-31,757.0,780.9500122070312,754.0999755859375,756.25,3438729
2025-11-03,755.0,784.5,752.3499755859375,777.2000122070312,3774129
2025-11-04,777.2000122070312,784.0,771.2000122070312,774.5999755859375,3229495
2025-11-06,770.0,773.5,756.5,758.3499755859375,2753925
2025-11-07,753.5999755859375,761.6500244140625,745.0,759.4500122070312,1968749
2025-11-10,759.4500122070312,768.25,756.5,760.0,1418071
2025-11-11,762.5,766.2999877929688,752.4500122070312,765.25,1497577
2025-11-12,767.4000244140625,771.1500244140625,760.0,761.2000122070312,2364484
2025-11-13,763.0,773.9000244140625,762.7999877929688,764.7999877929688,2212671
2025-11-14,766.0,767.4000244140625,757.4000244140625,764.8499755859375,1171600
2025-11-17,768.0,772.7999877929688,764.9500122070312,768.5,1312234
2025-11-18,769.8499755859375,769.8499755859375,748.2999877929688,750.3499755859375,1247505
2025-11-19,750.3499755859375,750.8499755859375,738.5999755859375,743.6500244140625,2600689
2025-11-20,743.6500244140625,745.9000244140625,738.5999755859375,741.0999755859375,1529401
2025-11-21,739.7999877929688,739.8499755859375,721.2000122070312,725.3499755859375,3588983
2025-11-24,725.3499755859375,727.2999877929688,715.2999877929688,717.7000122070312,4800336
2025-11-25,718.2000122070312,726.0499877929688,715.25,721.2999877929688,2298762
2025-11-26,724.2999877929688,733.9000244140625,720.25,730.75,1965769
2025-11-27,732.0,734.0,723.5,725.4000244140625,1086614
2025-11-28,724.0,730.2000122070312,721.7000122070312,723.5999755859375,1444662
2025-12-01,727.0999755859375,728.9000244140625,709.7000122070312,712.5,2400147
2025-12-02,712.5,716.7000122070312,709.3499755859375,712.2000122070312,2424169
2025-12-03,714.4500122070312,715.6500244140625,705.9500122070312,708.0,1396559
2025-12-04,706.5999755859375,713.8499755859375,705.1500244140625,709.3499755859375,2869711
2025-12-05,708.0,725.25,707.1500244140625,719.75,2301587
2025-12-08,719.75,720.0499877929688,685.0499877929688,687.4500122070312,3505750
2025-12-09,684.5,699.0,679.5,690.0499877929688,3060901
2025-12-10,690.0499877929688,698.0,683.1500244140625,684.7999877929688,2350392
2025-12-11,685.0,695.7000122070312,680.1500244140625,693.6500244140625,1705673
2025-12-12,697.0,705.0,691.7000122070312,699.4000244140625,2447290
2025-12-15,695.0,698.7999877929688,690.2999877929688,697.9000244140625,1519781
2025-12-16,697.0,697.0,689.0,691.9500122070312,1299419
2025-12-17,690.0,691.9000244140625,680.0499877929688,683.0999755859375,1751896
2025-12-18,681.0999755859375,686.5,672.0,679.0499877929688,1597174
2025-12-19,679.2000122070312,694.6500244140625,679.2000122070312,691.2000122070312,1311420
2025-12-22,695.0,696.0,690.25,692.0499877929688,1007869
2025-12-23,692.0999755859375,699.0,688.3499755859375,694.25,1843580
2025-12-24,693.0999755859375,703.9500122070312,692.3499755859375,694.9000244140625,2407071
2025-12-26,692.8499755859375,696.5499877929688,689.0499877929688,695.0,1226524
2025-12-29,695.0999755859375,697.5,686.2999877929688,688.75,1236240
2025-12-30,685.5499877929688,686.7000122070312,676.2000122070312,680.6500244140625,1717351
2025-12-31,680.6500244140625,692.5499877929688,680.0999755859375,687.4000244140625,1781196
2026-01-01,690.2000122070312,693.8499755859375,681.9500122070312,691.4000244140625,1564403
2026-01-02,692.6500244140625,707.4500122070312,692.6500244140625,698.2000122070312,4064871
2026-01-05,702.0,713.7999877929688,696.4500122070312,711.3499755859375,4016984
2026-01-06,715.0,715.0,702.75,706.2999877929688,2417169
2026-01-07,705.0,706.0,693.0,703.25,2701653
2026-01-08,703.1500244140625,713.75,690.0,692.4000244140625,3614003
2026-01-09,692.5999755859375,693.75,666.5999755859375,670.9000244140625,3796350
2026-01-12,668.0,668.0,648.75,659.6500244140625,4901801
2026-01-13,660.0,665.25,641.0499877929688,652.4000244140625,8029667
2026-01-14,652.0,654.4500122070312,642.2999877929688,651.0499877929688,7138253
2026-01-15,651.0499877929688,651.0499877929688,651.0499877929688,651.0499877929688,0
2026-01-16,654.5,666.2000122070312,646.0499877929688,649.8499755859375,5189752
2026-01-19,649.0,651.8499755859375,636.6500244140625,641.8499755859375,2279973
2026-01-20,640.0,640.8499755859375,608.8499755859375,612.9000244140625,7084565
2026-01-21,615.0,622.9000244140625,607.5,617.6500244140625,5619055
2026-01-22,625.2999877929688,625.5499877929688,607.0999755859375,613.2999877929688,7416397
2026-01-23,620.0,622.0,586.6500244140625,588.4500122070312,10792256
2026-01-27,596.0,611.2999877929688,589.25,609.5499877929688,9013655
2026-01-28,610.0,627.4000244140625,606.0499877929688,625.5499877929688,6678297
2026-01-29,627.0,641.75,624.9000244140625,638.5499877929688,4990065
2026-01-30,633.0999755859375,638.9000244140625,627.0,635.75,3937443
2026-02-02,614.0,628.5499877929688,610.0499877929688,626.2999877929688,2411331
2026-02-03,670.0499877929688,674.4000244140625,645.8499755859375,650.4000244140625,5722963
2026-02-04,652.2000122070312,662.5499877929688,637.1500244140625,659.8499755859375,2438362
2026-02-05,660.0,663.25,647.6500244140625,661.2999877929688,2184966
2026-02-06,660.8499755859375,665.6500244140625,649.2999877929688,663.75,2687146
2026-02-09,668.0999755859375,673.7999877929688,666.4500122070312,671.1500244140625,1727533
2026-02-10,673.0,676.5999755859375,667.0,671.7999877929688,2932204
2026-02-11,674.4000244140625,674.4000244140625,662.0499877929688,672.0499877929688,2011690
2026-02-12,670.0999755859375,670.25,650.0999755859375,651.7999877929688,3109096
2026-02-13,641.5999755859375,641.5999755859375,623.5499877929688,626.4000244140625,4838136
2026-02-16,625.3499755859375,645.2999877929688,622.0,643.7999877929688,2231253
2026-02-17,643.0,643.2999877929688,635.7000122070312,639.0499877929688,1136224
2026-02-18,639.0499877929688,645.3499755859375,632.3499755859375,642.4500122070312,908272
2026-02-19,642.4500122070312,644.4500122070312,617.4000244140625,620.5,2131815
2026-02-20,620.0,630.5999755859375,616.0,629.2999877929688,3422127
2026-02-23,632.5,634.0,622.8499755859375,626.2999877929688,1932609
2026-02-24,623.1500244140625,624.2999877929688,608.25,611.6500244140625,2835264
2026-02-25,617.0,623.8499755859375,607.4500122070312,611.2000122070312,3522834
2026-02-26,614.0,616.4500122070312,605.0999755859375,610.7999877929688,2671861
2026-02-27,610.0,613.0499877929688,600.9000244140625,603.8499755859375,4023729
2026-03-02,580.0,594.1500244140625,577.25,590.2000122070312,4242819
2026-03-04,578.25,578.75,562.75,569.0499877929688,14902221
2026-03-05,571.4500122070312,589.3499755859375,571.4500122070312,585.1500244140625,7827655
2026-03-06,584.5999755859375,584.8499755859375,574.8499755859375,577.5499877929688,5424431
2026-03-09,566.0,577.4000244140625,553.5499877929688,574.9500122070312,4442106
2026-03-10,580.2000122070312,587.0,575.25,584.5499877929688,4701725
2026-03-11,585.2999877929688,595.0,571.6500244140625,573.2000122070312,3717062
2026-03-12,568.4000244140625,571.75,555.5499877929688,558.0999755859375,3176429
2026-03-13,557.25,558.9000244140625,540.4500122070312,542.75,5007908
2026-03-16,543.0,545.7000122070312,524.5999755859375,530.3499755859375,6921559
2026-03-17,531.25,550.5499877929688,529.7000122070312,547.7999877929688,5442204
2026-03-18,549.0,570.75,546.0,563.0999755859375,4832205
2026-03-19,552.0,552.0,539.0499877929688,542.25,3598745
2026-03-20,549.0,558.0,538.8499755859375,540.75,4266475
2026-03-23,534.0,534.0,512.0499877929688,514.75,4277345
2026-03-24,524.0,531.25,516.0,521.0,5334313
2026-03-25,526.9000244140625,541.8499755859375,525.75,534.3499755859375,5993288
2026-03-27,527.0,530.75,520.0,523.0,7748625
2026-03-30,518.0,522.4000244140625,502.1000061035156,504.1000061035156,6410832
2026-04-01,519.9500122070312,524.5499877929688,507.0,509.75,6453918
2026-04-02,501.0,524.4500122070312,489.3999938964844,522.25,7852289
2026-04-06,521.7000122070312,531.4500122070312,513.5999755859375,529.2000122070312,5046388
2026-04-07,525.0,538.3499755859375,518.2999877929688,534.0999755859375,6261020
2026-04-08,555.0,574.8499755859375,555.0,572.8499755859375,14722143
2026-04-09,570.0,572.4000244140625,560.0499877929688,562.9500122070312,4323997
2026-04-10,569.9500122070312,576.0,564.2000122070312,569.5999755859375,6281265
2026-04-13,553.0,571.0499877929688,546.0,568.4000244140625,4218013
2026-04-15,578.2000122070312,590.4500122070312,575.7000122070312,587.4500122070312,6111306
2026-04-16,592.0,597.8499755859375,581.6500244140625,589.7000122070312,4368390
2026-04-17,590.7999877929688,604.8499755859375,586.25,601.75,4107527
2026-04-20,602.0,604.6500244140625,590.3499755859375,596.4000244140625,3259425
2026-04-21,595.6500244140625,609.7999877929688,595.6500244140625,607.5499877929688,4113329
2026-04-22,607.2000122070312,614.7999877929688,605.4500122070312,610.6500244140625,3636503
2026-04-23,604.0,605.25,591.0,592.7999877929688,3196418
2026-04-24,591.0999755859375,595.5,583.0499877929688,587.0499877929688,2012903
2026-04-27,592.9000244140625,599.7999877929688,590.2999877929688,592.4500122070312,1919223
2026-04-28,594.0,595.7000122070312,586.4500122070312,587.9000244140625,2274236
2026-04-29,589.7999877929688,605.9000244140625,589.3499755859375,594.4500122070312,2775100
2026-04-30,590.0,591.9000244140625,579.7999877929688,587.0,3576402
2026-05-01,587.0,587.0,587.0,587.0,0
2026-05-04,592.7999877929688,608.7000122070312,592.0499877929688,607.2000122070312,4087011
2026-05-05,607.7000122070312,611.9000244140625,595.0999755859375,597.2999877929688,3543975
2026-05-06,600.0499877929688,611.7999877929688,594.4500122070312,609.5999755859375,2570866
2026-05-07,615.0,620.0,607.75,618.8499755859375,3487352
2026-05-08,617.0999755859375,619.9500122070312,606.0,608.25,3094759
2026-05-11,600.0,600.0,588.5999755859375,590.25,2077435
2026-05-12,586.9000244140625,590.5999755859375,566.2999877929688,569.2000122070312,5767697
2026-05-13,568.75,581.2000122070312,567.1500244140625,574.1500244140625,3004699
2026-05-14,572.0999755859375,588.4500122070312,553.7999877929688,583.25,6135572
2026-05-15,586.5499877929688,587.8499755859375,564.0999755859375,566.75,3229504
2026-05-18,560.75,575.0,554.0,573.1500244140625,3510805
2026-05-19,574.4500122070312,585.4000244140625,571.5,577.4000244140625,4100328
2026-05-20,570.1500244140625,584.7000122070312,565.2000122070312,583.2999877929688,2939738
2026-05-21,589.7999877929688,591.9000244140625,582.8499755859375,587.9500122070312,2819385
2026-05-22,588.9000244140625,594.0,584.0999755859375,586.7000122070312,1895533
2026-05-25,592.0,596.4000244140625,589.1500244140625,592.2999877929688,2007544
2026-05-26,592.1500244140625,596.75,587.0999755859375,589.7999877929688,2572405
2026-05-27,590.0499877929688,600.6500244140625,590.0499877929688,593.9000244140625,1918632
2026-05-28,593.9000244140625,593.9000244140625,593.9000244140625,593.9000244140625,0
2026-05-29,595.0,607.9000244140625,586.5499877929688,590.5999755859375,16165925
2026-06-01,595.0,601.9000244140625,577.75,580.0499877929688,2942650
2026-06-02,576.2999877929688,595.7999877929688,572.0,591.8499755859375,4592067
2026-06-03,590.0999755859375,591.1500244140625,573.5499877929688,581.5499877929688,3682605
2026-06-04,577.0,581.6500244140625,573.1500244140625,577.7999877929688,5027572
2026-06-05,581.4000244140625,588.0,574.0999755859375,577.7000122070312,3387619
2026-06-08,571.0,574.25,557.5,561.2999877929688,3320761
2026-06-09,564.0,577.0999755859375,563.0,575.1500244140625,2432848
2026-06-10,573.0,577.6500244140625,560.5999755859375,563.2000122070312,1260168
2026-06-11,560.9000244140625,565.7999877929688,555.5,563.0,1602495
2026-06-12,571.0,589.2000122070312,565.5499877929688,587.0499877929688,4184509
2026-06-15,601.0,620.2999877929688,598.2999877929688,614.4500122070312,9305171
2026-06-16,618.0,632.0,611.7000122070312,629.2999877929688,5391666
2026-06-17,633.0499877929688,633.75,618.2000122070312,623.5499877929688,4073230
2026-06-18,623.5499877929688,644.0,623.0,640.7000122070312,9821046
2026-06-19,639.0,639.0,619.6500244140625,624.5,4202998
2026-06-22,627.4000244140625,631.7999877929688,625.0999755859375,627.5999755859375,2667900
2026-06-23,626.9500122070312,636.4000244140625,610.0499877929688,612.3499755859375,3687207
2026-06-24,611.7999877929688,622.6500244140625,609.4000244140625,618.1500244140625,3632508
2026-06-25,622.0,631.75,620.0,621.3499755859375,3891469
2026-06-26,621.3499755859375,621.3499755859375,621.3499755859375,621.3499755859375,0
2026-06-29,622.0,628.5999755859375,611.4000244140625,614.75,3087847
2026-06-30,614.2999877929688,625.5,608.6500244140625,620.0499877929688,3349530
2026-07-01,620.4500122070312,650.6500244140625,618.0,648.7000122070312,4916575
2026-07-02,649.0499877929688,660.3499755859375,647.4500122070312,658.2000122070312,5464836
2026-07-03,661.2000122070312,678.0,656.5999755859375,675.9000244140625,6688508
2026-07-06,677.25,684.2000122070312,670.0999755859375,673.2999877929688,6412614
2026-07-07,673.2999877929688,673.2999877929688,649.9000244140625,651.0999755859375,5693740
2026-07-08,647.0,664.8499755859375,630.75,634.0,4900333
2026-07-09,637.1500244140625,666.0,635.0,659.5999755859375,6397185
2026-07-10,670.0,692.0,654.5499877929688,685.75,11338298
2026-07-13,679.5499877929688,690.25,673.3499755859375,682.3499755859375,6977830
2026-07-14,678.0,681.5999755859375,665.4000244140625,671.4500122070312,2589578
2026-07-15,671.5,681.4000244140625,655.4500122070312,657.75,5657410
2026-07-16,661.0,661.4500122070312,646.7000122070312,648.0999755859375,6440702
2026-07-17,649.0,677.0,647.0999755859375,667.7999877929688,9526166
2026-07-20,665.0,669.7999877929688,654.1500244140625,668.5999755859375,2754612
2026-07-21,669.0,675.2999877929688,665.2999877929688,673.6500244140625,2830486
2026-07-22,670.0,671.25,648.5999755859375,651.5,3637181
2026-07-23,650.0,657.6500244140625,638.4000244140625,642.2000122070312,2439150
2026-07-24,639.1500244140625,648.6500244140625,630.5999755859375,645.2000122070312,2002254
2026-07-27,647.0999755859375,651.9500122070312,641.9000244140625,650.9000244140625,2658172
2026-07-28,650.4000244140625,666.5999755859375,648.0,663.0499877929688,6018410
2026-07-29,668.0,672.0,662.4500122070312,670.25,4053062
2026-07-30,669.75,669.75,652.0499877929688,654.8499755859375,2324048
2026-07-31,658.0,661.9500122070312,656.25,659.2999877929688,1436219
2026-08-03,668.25,670.9000244140625,660.5999755859375,668.5499877929688,1660676
2026-08-04,654.7999877929688,659.7999877929688,643.4000244140625,643.4000244140625,7016514
2026-08-05,651.1500244140625,665.7999877929688,649.0,649.0999755859375,4904292
2026-08-06,652.6500244140625,656.0999755859375,636.2999877929688,642.0,4883685
