date,open,high,low,close,volume
1996-01-01,1.5149999856948853,1.5149999856948853,1.462499976158142,1.4900000095367432,700000
1996-01-02,1.4900000095367432,1.5125000476837158,1.475000023841858,1.4874999523162842,824000
1996-01-03,1.4874999523162842,1.497499942779541,1.475000023841858,1.4924999475479126,568000
1996-01-04,1.4924999475479126,1.4900000095367432,1.4700000286102295,1.4824999570846558,564000
1996-01-05,1.4824999570846558,1.4900000095367432,1.475000023841858,1.4800000190734863,378000
1996-01-08,1.4800000190734863,1.475000023841858,1.4550000429153442,1.462499976158142,474000
1996-01-09,1.462499976158142,1.462499976158142,1.399999976158142,1.4149999618530273,966000
1996-01-10,1.4149999618530273,1.4325000047683716,1.4049999713897705,1.4199999570846558,452000
1996-01-11,1.4199999570846558,1.440000057220459,1.399999976158142,1.4149999618530273,636000
1996-01-12,1.4149999618530273,1.4175000190734863,1.399999976158142,1.412500023841858,862000
1996-01-15,1.412500023841858,1.4075000286102295,1.3875000476837158,1.3949999809265137,362000
1996-01-16,1.3949999809265137,1.399999976158142,1.3700000047683716,1.3700000047683716,716000
1996-01-17,1.3700000047683716,1.3975000381469727,1.315000057220459,1.3274999856948853,858000
1996-01-18,1.3274999856948853,1.3274999856948853,1.2999999523162842,1.3200000524520874,660000
1996-01-19,1.3200000524520874,1.315000057220459,1.2675000429153442,1.277500033378601,852000
1996-01-22,1.277500033378601,1.2949999570846558,1.2599999904632568,1.2725000381469727,718000
1996-01-23,1.2725000381469727,1.2999999523162842,1.2549999952316284,1.2649999856948853,798000
1996-01-24,1.2649999856948853,1.2649999856948853,1.225000023841858,1.2324999570846558,898000
1996-01-25,1.2324999570846558,1.225000023841858,1.2050000429153442,1.2174999713897705,780000
1996-01-26,1.2174999713897705,1.2174999713897705,1.2174999713897705,1.2174999713897705,0
1996-01-29,1.2174999713897705,1.247499942779541,1.1974999904632568,1.2424999475479126,622000
1996-01-30,1.2424999475479126,1.274999976158142,1.2424999475479126,1.2599999904632568,904000
1996-01-31,1.2599999904632568,1.3174999952316284,1.274999976158142,1.2949999570846558,688000
1996-02-01,1.2949999570846558,1.399999976158142,1.2999999523162842,1.3899999856948853,848000
1996-02-02,1.3899999856948853,1.497499942779541,1.399999976158142,1.4574999809265137,1638000
1996-02-05,1.4574999809265137,1.5499999523162842,1.475000023841858,1.497499942779541,1812000
1996-02-06,1.497499942779541,1.524999976158142,1.475000023841858,1.4874999523162842,1776000
1996-02-07,1.4874999523162842,1.462499976158142,1.412500023841858,1.4325000047683716,1172000
1996-02-08,1.4325000047683716,1.5750000476837158,1.4424999952316284,1.5225000381469727,1334000
1996-02-09,1.5225000381469727,1.8274999856948853,1.6749999523162842,1.8250000476837158,3440000
1996-02-12,1.8250000476837158,1.8975000381469727,1.725000023841858,1.7549999952316284,5702000
1996-02-13,1.7999999523162842,1.7999999523162842,1.662500023841858,1.725000023841858,2902000
1996-02-14,1.725000023841858,1.899999976158142,1.7949999570846558,1.8550000190734863,4928000
1996-02-15,1.8550000190734863,1.8849999904632568,1.8350000381469727,1.8424999713897705,2382000
1996-02-16,1.8424999713897705,1.837499976158142,1.7549999952316284,1.7799999713897705,2792000
1996-02-19,1.7799999713897705,1.8250000476837158,1.75,1.7575000524520874,2594000
1996-02-20,1.7575000524520874,1.7575000524520874,1.652500033378601,1.6825000047683716,2722000
1996-02-21,1.6825000047683716,1.6825000047683716,1.6825000047683716,1.6825000047683716,0
1996-02-22,1.6825000047683716,1.7374999523162842,1.7000000476837158,1.712499976158142,1696000
1996-02-23,1.712499976158142,1.75,1.7000000476837158,1.7100000381469727,1374000
1996-02-26,1.7100000381469727,1.7374999523162842,1.6875,1.6924999952316284,1294000
1996-02-27,1.6950000524520874,1.712499976158142,1.649999976158142,1.6974999904632568,1682000
1996-02-28,1.6974999904632568,1.722499966621399,1.652500033378601,1.662500023841858,844000
1996-02-29,1.649999976158142,1.649999976158142,1.5,1.5325000286102295,2550000
1996-03-01,1.5325000286102295,1.5750000476837158,1.5,1.5549999475479126,1464000
1996-03-04,1.5549999475479126,1.5499999523162842,1.524999976158142,1.5325000286102295,1294000
1996-03-05,1.5325000286102295,1.5325000286102295,1.5325000286102295,1.5325000286102295,0
1996-03-06,1.5325000286102295,1.5750000476837158,1.5399999618530273,1.5499999523162842,720000
1996-03-07,1.5499999523162842,1.5750000476837158,1.5125000476837158,1.5299999713897705,972000
1996-03-08,1.5299999713897705,1.534999966621399,1.5,1.524999976158142,774000
1996-03-11,1.524999976158142,1.5225000381469727,1.4874999523162842,1.497499942779541,648000
1996-03-12,1.497499942779541,1.497499942779541,1.465000033378601,1.4774999618530273,800000
1996-03-13,1.4774999618530273,1.5499999523162842,1.5,1.5399999618530273,972000
1996-03-14,1.5399999618530273,1.5750000476837158,1.5225000381469727,1.534999966621399,1058000
1996-03-15,1.5499999523162842,1.5499999523162842,1.5,1.5,1614000
1996-03-18,1.5,1.5125000476837158,1.465000033378601,1.4924999475479126,776000
1996-03-19,1.4924999475479126,1.5,1.4500000476837158,1.4774999618530273,1234000
1996-03-20,1.4774999618530273,1.4774999618530273,1.4774999618530273,1.4774999618530273,0
1996-03-21,1.4774999618530273,1.5075000524520874,1.475000023841858,1.502500057220459,1286000
1996-03-22,1.502500057220459,1.5099999904632568,1.4674999713897705,1.497499942779541,388000
1996-03-25,1.497499942779541,1.524999976158142,1.4900000095367432,1.5125000476837158,826000
1996-03-26,1.5125000476837158,1.5399999618530273,1.4900000095367432,1.5225000381469727,1286000
1996-03-27,1.5225000381469727,1.5549999475479126,1.5149999856948853,1.5499999523162842,1590000
1996-03-28,1.5499999523162842,1.6375000476837158,1.565000057220459,1.6050000190734863,2248000
1996-03-29,1.6050000190734863,1.6549999713897705,1.600000023841858,1.622499942779541,2712000
1996-04-01,1.622499942779541,1.649999976158142,1.6200000047683716,1.6449999809265137,1926000
1996-04-02,1.6449999809265137,1.725000023841858,1.6399999856948853,1.7000000476837158,3670000
1996-04-03,1.7000000476837158,1.7999999523162842,1.7000000476837158,1.7450000047683716,4164000
1996-04-04,1.7450000047683716,1.7274999618530273,1.6749999523162842,1.7024999856948853,2268000
1996-04-05,1.7024999856948853,1.7024999856948853,1.7024999856948853,1.7024999856948853,0
1996-04-08,1.7024999856948853,1.7350000143051147,1.7050000429153442,1.725000023841858,1850000
1996-04-09,1.725000023841858,1.7300000190734863,1.6775000095367432,1.6924999952316284,2438000
1996-04-10,1.6924999952316284,1.7300000190734863,1.6200000047683716,1.6425000429153442,1808000
1996-04-11,1.625,1.6699999570846558,1.625,1.6675000190734863,1262000
1996-04-12,1.6675000190734863,1.6924999952316284,1.6399999856948853,1.6749999523162842,1128000
1996-04-15,1.7050000429153442,1.7274999618530273,1.6875,1.712499976158142,1976000
1996-04-16,1.7100000381469727,1.7174999713897705,1.6799999475479126,1.6875,1566000
1996-04-17,1.6875,1.7625000476837158,1.712499976158142,1.752500057220459,3092000
1996-04-18,1.774999976158142,1.847499966621399,1.752500057220459,1.8274999856948853,5412000
1996-04-19,1.850000023841858,2.012500047683716,1.8125,1.9225000143051147,12700000
1996-04-22,2.0,2.049999952316284,1.8524999618530273,1.8849999904632568,11286000
1996-04-23,1.8849999904632568,1.8949999809265137,1.815000057220459,1.8550000190734863,6428000
1996-04-24,1.9474999904632568,2.0250000953674316,1.899999976158142,1.9225000143051147,10686000
1996-04-25,1.9500000476837158,1.9500000476837158,1.8049999475479126,1.8424999713897705,6666000
1996-04-26,1.8424999713897705,1.8975000381469727,1.8125,1.850000023841858,4078000
1996-04-29,1.850000023841858,1.8674999475479126,1.8200000524520874,1.8424999713897705,2700000
1996-04-30,1.8424999713897705,1.850000023841858,1.752500057220459,1.7725000381469727,5402000
1996-05-01,1.7725000381469727,1.8875000476837158,1.8049999475479126,1.8125,3324000
1996-05-02,1.840000033378601,1.840000033378601,1.7725000381469727,1.7825000286102295,2340000
1996-05-03,1.7825000286102295,1.784999966621399,1.7450000047683716,1.75,3558000
1996-05-06,1.75,1.75,1.6749999523162842,1.690000057220459,2720000
1996-05-07,1.690000057220459,1.7200000286102295,1.6749999523162842,1.7074999809265137,3642000
1996-05-08,1.600000023841858,1.75,1.600000023841858,1.7424999475479126,3234000
1996-05-09,1.7424999475479126,1.747499942779541,1.690000057220459,1.7024999856948853,2230000
1996-05-10,1.7024999856948853,1.6974999904632568,1.6200000047683716,1.6924999952316284,2742000
1996-05-13,1.6924999952316284,1.712499976158142,1.6749999523162842,1.7100000381469727,1424000
1996-05-14,1.7424999475479126,1.7424999475479126,1.6875,1.712499976158142,2384000
1996-05-15,1.712499976158142,1.75,1.7000000476837158,1.7400000095367432,3216000
1996-05-16,1.7400000095367432,1.8350000381469727,1.7575000524520874,1.787500023841858,5342000
1996-05-17,1.774999976158142,1.774999976158142,1.7374999523162842,1.7649999856948853,2770000
1996-05-20,1.7374999523162842,1.7400000095367432,1.7000000476837158,1.7024999856948853,1866000
1996-05-21,1.7000000476837158,1.7000000476837158,1.662500023841858,1.6675000190734863,3288000
1996-05-22,1.6675000190734863,1.7100000381469727,1.684999942779541,1.6875,1290000
1996-05-23,1.7000000476837158,1.7000000476837158,1.6675000190734863,1.6749999523162842,722000
1996-05-24,1.6749999523162842,1.7000000476837158,1.6749999523162842,1.6924999952316284,946000
1996-05-27,1.6924999952316284,1.6924999952316284,1.662500023841858,1.6699999570846558,2724000
1996-05-28,1.6699999570846558,1.7000000476837158,1.649999976158142,1.6950000524520874,2780000
1996-05-29,1.6950000524520874,1.725000023841858,1.6974999904632568,1.722499966621399,2628000
1996-05-30,1.75,1.75,1.6875,1.7050000429153442,1608000
1996-05-31,1.7050000429153442,1.715000033378601,1.684999942779541,1.7074999809265137,972000
1996-06-03,1.7074999809265137,1.75,1.7074999809265137,1.725000023841858,1532000
1996-06-04,1.725000023841858,1.7374999523162842,1.6875,1.7000000476837158,3396000
1996-06-05,1.7000000476837158,1.725000023841858,1.6950000524520874,1.7024999856948853,874000
1996-06-06,1.722499966621399,1.7300000190734863,1.7024999856948853,1.7174999713897705,1244000
1996-06-07,1.7100000381469727,1.722499966621399,1.7024999856948853,1.7174999713897705,810000
1996-06-10,1.7324999570846558,1.7324999570846558,1.712499976158142,1.7200000286102295,1720000
1996-06-11,1.7350000143051147,1.7350000143051147,1.7000000476837158,1.715000033378601,2108000
1996-06-12,1.725000023841858,1.7725000381469727,1.7200000286102295,1.7549999952316284,3314000
1996-06-13,1.7549999952316284,1.940000057220459,1.75,1.9375,14640000
1996-06-14,1.962499976158142,2.0850000381469727,1.962499976158142,2.0225000381469727,18072000
1996-06-17,2.0250000953674316,2.065000057220459,1.9249999523162842,1.934999942779541,13624000
1996-06-18,1.9249999523162842,1.9500000476837158,1.875,1.9149999618530273,9416000
1996-06-19,1.9674999713897705,1.975000023841858,1.8875000476837158,1.899999976158142,6844000
1996-06-20,1.875,1.899999976158142,1.850000023841858,1.8825000524520874,5962000
1996-06-21,1.850000023841858,1.8825000524520874,1.8274999856948853,1.840000033378601,4728000
1996-06-24,1.8550000190734863,1.8550000190734863,1.7999999523162842,1.8300000429153442,3862000
1996-06-25,1.837499976158142,1.840000033378601,1.8049999475479126,1.8200000524520874,8000000
1996-06-26,1.9249999523162842,2.012500047683716,1.9249999523162842,1.9574999809265137,28122000
1996-06-27,1.9550000429153442,1.972499966621399,1.902500033378601,1.965000033378601,15964000
1996-06-28,1.9800000190734863,2.0250000953674316,1.9550000429153442,1.9950000047683716,29918000
1996-07-01,2.005000114440918,2.012500047683716,1.9375,1.9524999856948853,22668000
1996-07-02,1.962499976158142,1.9900000095367432,1.9375,1.9474999904632568,12078000
1996-07-03,1.9375,1.9500000476837158,1.9149999618530273,1.9275000095367432,15710000
1996-07-04,1.9149999618530273,1.9550000429153442,1.8875000476837158,1.9299999475479126,18954000
1996-07-05,1.9275000095367432,1.9550000429153442,1.9249999523162842,1.9275000095367432,6138000
1996-07-08,1.965000033378601,1.965000033378601,1.9275000095367432,1.9375,3854000
1996-07-09,1.9375,1.940000057220459,1.909999966621399,1.9175000190734863,6828000
1996-07-10,1.9049999713897705,1.9249999523162842,1.8875000476837158,1.9149999618530273,7834000
1996-07-11,1.912500023841858,1.9325000047683716,1.912500023841858,1.9149999618530273,2592000
1996-07-12,1.9075000286102295,1.9199999570846558,1.8899999856948853,1.909999966621399,2400000
1996-07-15,1.9049999713897705,1.9225000143051147,1.8875000476837158,1.9149999618530273,5116000
1996-07-16,1.912500023841858,1.9375,1.8849999904632568,1.902500033378601,6754000
1996-07-17,1.8975000381469727,1.899999976158142,1.809999942779541,1.8849999904632568,11164000
1996-07-18,1.875,1.8975000381469727,1.8524999618530273,1.8700000047683716,4170000
1996-07-19,1.875,1.8875000476837158,1.850000023841858,1.8799999952316284,4696000
1996-07-22,1.912500023841858,1.912500023841858,1.8550000190734863,1.875,1726000
1996-07-23,1.877500057220459,1.877500057220459,1.8274999856948853,1.840000033378601,7390000
1996-07-24,1.8300000429153442,1.8300000429153442,1.7374999523162842,1.809999942779541,12120000
1996-07-25,1.7999999523162842,1.8250000476837158,1.7899999618530273,1.8049999475479126,5084000
1996-07-26,1.7899999618530273,1.8350000381469727,1.7825000286102295,1.815000057220459,13278000
1996-07-29,1.8250000476837158,1.9225000143051147,1.8075000047683716,1.809999942779541,8280000
1996-07-30,1.7999999523162842,1.7999999523162842,1.6449999809265137,1.7675000429153442,24798000
1996-07-31,1.7300000190734863,1.774999976158142,1.6775000095367432,1.7599999904632568,5940000
1996-08-01,1.774999976158142,1.784999966621399,1.75,1.774999976158142,2194000
1996-08-02,1.8125,1.8125,1.7549999952316284,1.7925000190734863,1644000
1996-08-05,1.774999976158142,1.850000023841858,1.774999976158142,1.8075000047683716,2908000
1996-08-06,1.8025000095367432,1.899999976158142,1.8025000095367432,1.8875000476837158,4700000
1996-08-07,1.850000023841858,1.872499942779541,1.8250000476837158,1.8424999713897705,1362000
1996-08-08,1.850000023841858,1.8574999570846558,1.8250000476837158,1.8324999809265137,742000
1996-08-09,1.8174999952316284,1.837499976158142,1.809999942779541,1.8174999952316284,656000
1996-08-12,1.8274999856948853,1.8274999856948853,1.7999999523162842,1.8075000047683716,1660000
1996-08-13,1.7999999523162842,1.8125,1.787500023841858,1.8025000095367432,1678000
1996-08-14,1.8049999475479126,1.8075000047683716,1.774999976158142,1.7799999713897705,1310000
1996-08-15,1.7799999713897705,1.7799999713897705,1.7799999713897705,1.7799999713897705,0
1996-08-16,1.774999976158142,1.787500023841858,1.7649999856948853,1.7675000429153442,604000
1996-08-19,1.8250000476837158,1.8250000476837158,1.7200000286102295,1.75,1220000
1996-08-20,1.7350000143051147,1.7649999856948853,1.662500023841858,1.6749999523162842,3964000
1996-08-21,1.725000023841858,1.7999999523162842,1.725000023841858,1.7549999952316284,1570000
1996-08-22,1.774999976158142,1.7999999523162842,1.7400000095367432,1.747499942779541,976000
1996-08-23,1.7400000095367432,1.7575000524520874,1.7400000095367432,1.75,1724000
1996-08-26,1.7549999952316284,1.774999976158142,1.747499942779541,1.7699999809265137,2050000
1996-08-27,1.7599999904632568,1.8125,1.7575000524520874,1.7999999523162842,1810000
1996-08-28,1.7899999618530273,1.8200000524520874,1.7899999618530273,1.815000057220459,1598000
1996-08-29,1.7999999523162842,1.847499966621399,1.7975000143051147,1.8274999856948853,1944000
1996-08-30,1.8025000095367432,1.847499966621399,1.8025000095367432,1.8424999713897705,1114000
1996-09-02,1.850000023841858,1.8574999570846558,1.8274999856948853,1.8524999618530273,906000
1996-09-03,1.8975000381469727,1.8975000381469727,1.7949999570846558,1.8200000524520874,2128000
1996-09-04,1.7999999523162842,1.8300000429153442,1.7999999523162842,1.8274999856948853,1492000
1996-09-05,1.837499976158142,1.8700000047683716,1.8324999809265137,1.850000023841858,2746000
1996-09-06,1.8450000286102295,1.8624999523162842,1.8324999809265137,1.8524999618530273,1140000
1996-09-09,1.8600000143051147,1.8600000143051147,1.840000033378601,1.850000023841858,2472000
1996-09-10,1.8424999713897705,1.8624999523162842,1.8350000381469727,1.8600000143051147,3004000
1996-09-11,1.8700000047683716,1.8700000047683716,1.8450000286102295,1.8624999523162842,2326000
1996-09-12,1.850000023841858,1.8624999523162842,1.837499976158142,1.8574999570846558,1342000
1996-09-13,1.847499966621399,1.8700000047683716,1.847499966621399,1.8624999523162842,616000
1996-09-16,1.8324999809265137,1.8700000047683716,1.8324999809265137,1.8574999570846558,1282000
1996-09-17,1.8600000143051147,1.899999976158142,1.850000023841858,1.8825000524520874,1294000
1996-09-18,1.8624999523162842,1.872499942779541,1.850000023841858,1.8600000143051147,826000
1996-09-19,1.8624999523162842,1.875,1.837499976158142,1.8424999713897705,528000
1996-09-20,1.837499976158142,1.850000023841858,1.8174999952316284,1.8274999856948853,564000
1996-09-23,1.8200000524520874,1.8300000429153442,1.787500023841858,1.8200000524520874,1188000
1996-09-24,1.8049999475479126,1.8300000429153442,1.8025000095367432,1.8125,1210000
1996-09-25,1.7799999713897705,1.8450000286102295,1.7799999713897705,1.815000057220459,460000
1996-09-26,1.8049999475479126,1.8125,1.7975000143051147,1.8075000047683716,644000
1996-09-27,1.8025000095367432,1.8250000476837158,1.7699999809265137,1.8025000095367432,1810000
1996-09-30,1.7549999952316284,1.8025000095367432,1.7549999952316284,1.7899999618530273,828000
1996-10-01,1.7899999618530273,1.8450000286102295,1.7599999904632568,1.815000057220459,2288000
1996-10-02,1.815000057220459,1.815000057220459,1.815000057220459,1.815000057220459,0
1996-10-03,1.8424999713897705,1.8424999713897705,1.774999976158142,1.777500033378601,1320000
1996-10-04,1.7549999952316284,1.8125,1.7549999952316284,1.7899999618530273,1614000
1996-10-07,1.7599999904632568,1.774999976158142,1.6749999523162842,1.725000023841858,2570000
1996-10-08,1.652500033378601,1.7374999523162842,1.652500033378601,1.7024999856948853,1570000
1996-10-09,1.784999966621399,1.784999966621399,1.6825000047683716,1.7274999618530273,1328000
1996-10-10,1.7424999475479126,1.7625000476837158,1.725000023841858,1.752500057220459,794000
1996-10-11,1.7725000381469727,1.7999999523162842,1.7400000095367432,1.75,420000
1996-10-14,1.75,1.75,1.715000033378601,1.722499966621399,498000
1996-10-15,1.7100000381469727,1.7925000190734863,1.7000000476837158,1.7649999856948853,1206000
1996-10-16,1.7000000476837158,1.7949999570846558,1.7000000476837158,1.75,600000
1996-10-17,1.7374999523162842,1.7625000476837158,1.7350000143051147,1.7575000524520874,606000
1996-10-18,1.7625000476837158,1.7925000190734863,1.75,1.774999976158142,2012000
1996-10-21,1.774999976158142,1.774999976158142,1.774999976158142,1.774999976158142,0
1996-10-22,1.872499942779541,1.8975000381469727,1.8250000476837158,1.8700000047683716,1718000
1996-10-23,1.9450000524520874,2.0,1.9049999713897705,1.962499976158142,2168000
1996-10-24,1.9500000476837158,1.9700000286102295,1.8324999809265137,1.850000023841858,1642000
1996-10-25,1.840000033378601,1.8849999904632568,1.8324999809265137,1.8799999952316284,594000
1996-10-28,1.8799999952316284,1.912500023841858,1.875,1.902500033378601,1226000
1996-10-29,1.8849999904632568,1.934999942779541,1.8849999904632568,1.9149999618530273,1556000
1996-10-30,1.9149999618530273,1.9149999618530273,1.9149999618530273,1.9149999618530273,0
1996-10-31,1.912500023841858,1.9500000476837158,1.8424999713897705,1.8849999904632568,1462000
1996-11-01,1.875,1.9199999570846558,1.875,1.9075000286102295,1244000
1996-11-04,1.8524999618530273,1.9249999523162842,1.8524999618530273,1.9175000190734863,1388000
1996-11-05,1.909999966621399,1.9249999523162842,1.8875000476837158,1.9075000286102295,1142000
1996-11-06,1.8975000381469727,1.912500023841858,1.8600000143051147,1.9075000286102295,1194000
1996-11-07,1.8949999809265137,1.912500023841858,1.8949999809265137,1.899999976158142,778000
1996-11-08,1.9049999713897705,1.9199999570846558,1.899999976158142,1.9075000286102295,488000
1996-11-11,1.934999942779541,1.9874999523162842,1.9249999523162842,1.9800000190734863,894000
1996-11-12,1.9800000190734863,1.9800000190734863,1.9800000190734863,1.9800000190734863,0
1996-11-13,1.962499976158142,2.0,1.9500000476837158,1.965000033378601,1112000
1996-11-14,1.9700000286102295,1.9774999618530273,1.940000057220459,1.9500000476837158,716000
1996-11-15,1.940000057220459,1.962499976158142,1.9325000047683716,1.9474999904632568,444000
1996-11-18,1.9500000476837158,1.962499976158142,1.9299999475479126,1.940000057220459,772000
1996-11-19,1.9424999952316284,1.9500000476837158,1.899999976158142,1.912500023841858,1064000
1996-11-20,1.8949999809265137,1.912500023841858,1.8875000476837158,1.902500033378601,758000
1996-11-21,1.9249999523162842,1.9249999523162842,1.8949999809265137,1.902500033378601,754000
1996-11-22,1.909999966621399,1.909999966621399,1.8975000381469727,1.902500033378601,680000
1996-11-25,1.8975000381469727,1.940000057220459,1.8025000095367432,1.902500033378601,2122000
1996-11-26,1.8949999809265137,1.912500023841858,1.8875000476837158,1.902500033378601,812000
1996-11-27,1.899999976158142,1.899999976158142,1.8574999570846558,1.8899999856948853,298000
1996-11-28,1.877500057220459,1.9075000286102295,1.872499942779541,1.902500033378601,626000
1996-11-29,1.9500000476837158,1.9500000476837158,1.8899999856948853,1.899999976158142,288000
1996-12-02,1.899999976158142,1.9049999713897705,1.8825000524520874,1.899999976158142,496000
1996-12-03,1.8650000095367432,1.9075000286102295,1.8650000095367432,1.9049999713897705,1160000
1996-12-04,1.8524999618530273,1.872499942779541,1.8424999713897705,1.8574999570846558,710000
1996-12-05,1.850000023841858,1.8875000476837158,1.850000023841858,1.8700000047683716,494000
1996-12-06,1.875,1.8949999809265137,1.8600000143051147,1.8650000095367432,310000
1996-12-09,1.8700000047683716,1.8875000476837158,1.8524999618530273,1.8624999523162842,346000
1996-12-10,1.8524999618530273,1.877500057220459,1.850000023841858,1.8674999475479126,770000
1996-12-11,1.875,1.899999976158142,1.8700000047683716,1.8949999809265137,762000
1996-12-12,1.912500023841858,1.9149999618530273,1.8650000095367432,1.8875000476837158,826000
1996-12-13,1.8650000095367432,1.8949999809265137,1.8624999523162842,1.875,460000
1996-12-16,1.912500023841858,1.9199999570846558,1.877500057220459,1.9075000286102295,1052000
1996-12-17,1.902500033378601,1.9500000476837158,1.8925000429153442,1.9424999952316284,1272000
1996-12-18,1.975000023841858,1.975000023841858,1.9149999618530273,1.9249999523162842,636000
1996-12-19,1.9249999523162842,1.9474999904632568,1.899999976158142,1.912500023841858,492000
1996-12-20,1.902500033378601,1.9474999904632568,1.902500033378601,1.9424999952316284,488000
1996-12-23,1.9500000476837158,1.965000033378601,1.9249999523162842,1.9600000381469727,846000
1996-12-24,1.962499976158142,1.997499942779541,1.9325000047683716,1.9774999618530273,1192000
1996-12-25,1.9774999618530273,1.9774999618530273,1.9774999618530273,1.9774999618530273,0
1996-12-26,2.0,2.0899999141693115,1.9874999523162842,2.047499895095825,1148000
1996-12-27,2.047499895095825,2.047499895095825,2.047499895095825,2.047499895095825,0
1996-12-30,2.047499895095825,2.047499895095825,2.047499895095825,2.047499895095825,0
1996-12-31,2.049999952316284,2.0975000858306885,1.9500000476837158,1.9600000381469727,1786000
1997-01-01,2.069999933242798,2.0975000858306885,2.0250000953674316,2.0975000858306885,1784000
1997-01-02,2.125,2.1475000381469727,2.052500009536743,2.0625,1992000
1997-01-03,2.072499990463257,2.0975000858306885,2.049999952316284,2.075000047683716,992000
1997-01-06,2.0999999046325684,2.137500047683716,2.069999933242798,2.077500104904175,1224000
1997-01-07,2.0625,2.117500066757202,2.0625,2.1050000190734863,1928000
1997-01-08,2.125,2.1875,2.125,2.1649999618530273,1920000
1997-01-09,2.1500000953674316,2.197499990463257,2.1500000953674316,2.180000066757202,1800000
1997-01-10,2.2249999046325684,2.3324999809265137,2.2249999046325684,2.3324999809265137,2990000
1997-01-13,2.427500009536743,2.427500009536743,2.2750000953674316,2.307499885559082,2980000
1997-01-14,2.307499885559082,2.3475000858306885,2.262500047683716,2.302500009536743,3316000
1997-01-15,2.325000047683716,2.4649999141693115,2.325000047683716,2.4649999141693115,6652000
1997-01-16,2.549999952316284,2.637500047683716,2.2925000190734863,2.3125,6890000
1997-01-17,2.1875,2.4124999046325684,2.1875,2.309999942779541,4386000
1997-01-20,2.2850000858306885,2.299999952316284,2.2074999809265137,2.2200000286102295,2304000
1997-01-21,2.2200000286102295,2.2200000286102295,2.112499952316284,2.1475000381469727,4306000
1997-01-22,2.25,2.2850000858306885,2.174999952316284,2.2725000381469727,2944000
1997-01-23,2.2725000381469727,2.2725000381469727,2.2725000381469727,2.2725000381469727,0
1997-01-24,2.2725000381469727,2.2799999713897705,2.247499942779541,2.2725000381469727,1830000
1997-01-27,2.2750000953674316,2.3550000190734863,2.2750000953674316,2.3450000286102295,5444000
1997-01-28,2.3450000286102295,2.450000047683716,2.325000047683716,2.434999942779541,5200000
1997-01-29,2.549999952316284,2.549999952316284,2.3350000381469727,2.3524999618530273,5428000
1997-01-30,2.3524999618530273,2.375,2.305000066757202,2.359999895095825,2882000
1997-01-31,2.5,2.5,2.25,2.302500009536743,3560000
1997-02-03,2.257499933242798,2.262500047683716,2.2049999237060547,2.2325000762939453,3658000
1997-02-04,2.2149999141693115,2.317500114440918,2.2149999141693115,2.2799999713897705,6714000
1997-02-05,2.369999885559082,2.375,2.2950000762939453,2.299999952316284,2382000
1997-02-06,2.299999952316284,2.319999933242798,2.2799999713897705,2.309999942779541,1178000
1997-02-07,2.2950000762939453,2.317500114440918,2.2899999618530273,2.299999952316284,1298000
1997-02-10,2.2874999046325684,2.319999933242798,2.2874999046325684,2.307499885559082,1378000
1997-02-11,2.299999952316284,2.362499952316284,2.299999952316284,2.3324999809265137,2582000
1997-02-12,2.3499999046325684,2.372499942779541,2.325000047683716,2.365000009536743,2436000
1997-02-13,2.3499999046325684,2.367500066757202,2.3375000953674316,2.3424999713897705,1370000
1997-02-14,2.3499999046325684,2.3575000762939453,2.3375000953674316,2.3450000286102295,1394000
1997-02-17,2.375,2.377500057220459,2.3399999141693115,2.3575000762939453,1426000
1997-02-18,2.3450000286102295,2.3575000762939453,2.3125,2.322499990463257,2090000
1997-02-19,2.3324999809265137,2.3499999046325684,2.325000047683716,2.3475000858306885,1378000
1997-02-20,2.3450000286102295,2.3450000286102295,2.299999952316284,2.302500009536743,1478000
1997-02-21,2.297499895095825,2.322499990463257,2.200000047683716,2.2825000286102295,1638000
1997-02-24,2.257499933242798,2.2950000762939453,2.2074999809265137,2.2300000190734863,1514000
1997-02-25,2.2049999237060547,2.244999885559082,2.190000057220459,2.2249999046325684,1860000
1997-02-26,2.2074999809265137,2.259999990463257,2.2074999809265137,2.252500057220459,1160000
1997-02-27,2.255000114440918,2.3499999046325684,2.255000114440918,2.3399999141693115,2102000
1997-02-28,2.450000047683716,2.4774999618530273,2.3499999046325684,2.422499895095825,3134000
1997-03-03,2.612499952316284,2.7750000953674316,2.5924999713897705,2.6524999141693115,11644000
1997-03-04,2.6549999713897705,2.6875,2.5999999046325684,2.6549999713897705,6578000
1997-03-05,2.75,2.8399999141693115,2.7249999046325684,2.75,11002000
1997-03-06,2.700000047683716,2.744999885559082,2.6549999713897705,2.7300000190734863,4938000
1997-03-07,2.7300000190734863,2.7300000190734863,2.7300000190734863,2.7300000190734863,0
1997-03-10,2.680000066757202,2.7125000953674316,2.557499885559082,2.5824999809265137,9368000
1997-03-11,2.575000047683716,2.6500000953674316,2.505000114440918,2.5325000286102295,6698000
1997-03-12,2.6449999809265137,2.6624999046325684,2.5899999141693115,2.637500047683716,4236000
1997-03-13,2.6449999809265137,2.6624999046325684,2.565000057220459,2.5875000953674316,1904000
1997-03-14,2.5625,2.5999999046325684,2.5350000858306885,2.5824999809265137,2512000
1997-03-17,2.577500104904175,2.5950000286102295,2.555000066757202,2.572499990463257,1992000
1997-03-18,2.575000047683716,2.577500104904175,2.507499933242798,2.5274999141693115,3582000
1997-03-19,2.565000057220459,2.5824999809265137,2.4700000286102295,2.4800000190734863,1838000
1997-03-20,2.4549999237060547,2.497499942779541,2.4375,2.4700000286102295,1392000
1997-03-21,2.497499942779541,2.515000104904175,2.452500104904175,2.4649999141693115,1264000
1997-03-24,2.4649999141693115,2.4649999141693115,2.4649999141693115,2.4649999141693115,0
1997-03-25,2.4574999809265137,2.484999895095825,2.4124999046325684,2.430000066757202,2260000
1997-03-26,2.4749999046325684,2.5,2.4375,2.494999885559082,1454000
1997-03-27,2.494999885559082,2.512500047683716,2.4600000381469727,2.5,1210000
1997-03-28,2.5,2.5,2.5,2.5,0
1997-03-31,2.325000047683716,2.362499952316284,2.25,2.259999990463257,2518000
1997-04-01,2.25,2.3350000381469727,2.174999952316284,2.322499990463257,2740000
1997-04-02,2.367500066757202,2.4625000953674316,2.367500066757202,2.447499990463257,1798000
1997-04-03,2.4549999237060547,2.5250000953674316,2.450000047683716,2.5174999237060547,2490000
1997-04-04,2.5,2.512500047683716,2.4749999046325684,2.5,3442000
1997-04-07,2.487499952316284,2.549999952316284,2.4800000190734863,2.515000104904175,3844000
1997-04-08,2.515000104904175,2.515000104904175,2.515000104904175,2.515000104904175,0
1997-04-09,2.575000047683716,2.625,2.555000066757202,2.609999895095825,2822000
1997-04-10,2.575000047683716,2.5824999809265137,2.492500066757202,2.5325000286102295,2938000
1997-04-11,2.505000114440918,2.612499952316284,2.4549999237060547,2.5950000286102295,4956000
1997-04-14,2.5950000286102295,2.5950000286102295,2.5950000286102295,2.5950000286102295,0
1997-04-15,2.5850000381469727,2.6075000762939453,2.549999952316284,2.5924999713897705,2970000
1997-04-16,2.5924999713897705,2.5924999713897705,2.5924999713897705,2.5924999713897705,0
1997-04-17,2.632499933242798,2.7750000953674316,2.632499933242798,2.742500066757202,10544000
1997-04-18,2.742500066757202,2.742500066757202,2.742500066757202,2.742500066757202,0
1997-04-21,2.9000000953674316,2.9000000953674316,2.802500009536743,2.869999885559082,7436000
1997-04-22,2.9049999713897705,2.924999952316284,2.8375000953674316,2.890000104904175,6736000
1997-04-23,2.9124999046325684,2.9124999046325684,2.8499999046325684,2.8550000190734863,5042000
1997-04-24,2.869999885559082,2.922499895095825,2.8399999141693115,2.8499999046325684,4480000
1997-04-25,2.8375000953674316,2.8424999713897705,2.8125,2.8350000381469727,2314000
1997-04-28,2.8350000381469727,2.872499942779541,2.799999952316284,2.8524999618530273,4434000
1997-04-29,2.8375000953674316,2.862499952316284,2.8324999809265137,2.8550000190734863,4784000
1997-04-30,3.002500057220459,3.012500047683716,2.877500057220459,2.9100000858306885,8246000
1997-05-01,2.9100000858306885,2.9100000858306885,2.9100000858306885,2.9100000858306885,0
1997-05-02,2.9124999046325684,2.9124999046325684,2.8499999046325684,2.9000000953674316,4726000
1997-05-05,2.875,2.9024999141693115,2.865000009536743,2.8975000381469727,3942000
1997-05-06,2.887500047683716,2.9149999618530273,2.875,2.9000000953674316,5166000
1997-05-07,2.9000000953674316,2.922499895095825,2.880000114440918,2.9000000953674316,1780000
1997-05-08,2.9024999141693115,3.1024999618530273,2.9000000953674316,3.1024999618530273,18452000
1997-05-09,3.197499990463257,3.2874999046325684,3.0625,3.112499952316284,21176000
1997-05-12,3.0999999046325684,3.122499942779541,2.924999952316284,2.9574999809265137,10592000
1997-05-13,2.950000047683716,3.0450000762939453,2.934999942779541,3.009999990463257,8396000
1997-05-14,3.075000047683716,3.0950000286102295,2.875,3.0199999809265137,6324000
1997-05-15,3.012500047683716,3.0199999809265137,2.9600000381469727,3.0,3408000
1997-05-16,2.9800000190734863,3.015000104904175,2.9674999713897705,2.992500066757202,2392000
1997-05-19,3.0,3.012500047683716,2.9625000953674316,2.9700000286102295,1914000
1997-05-20,2.9774999618530273,3.122499942779541,2.9124999046325684,3.009999990463257,10912000
1997-05-21,3.0950000286102295,3.0950000286102295,2.9375,2.950000047683716,8426000
1997-05-22,2.9375,2.9600000381469727,2.875,2.884999990463257,5038000
1997-05-23,2.8975000381469727,2.8975000381469727,2.8550000190734863,2.875,3246000
1997-05-26,2.8575000762939453,2.8949999809265137,2.8499999046325684,2.8550000190734863,2324000
1997-05-27,2.8450000286102295,2.865000009536743,2.75,2.765000104904175,4916000
1997-05-28,2.799999952316284,2.799999952316284,2.694999933242798,2.734999895095825,3464000
1997-05-29,2.7174999713897705,2.799999952316284,2.702500104904175,2.7950000762939453,4256000
1997-05-30,2.797499895095825,2.8475000858306885,2.7699999809265137,2.8299999237060547,3074000
1997-06-02,2.8499999046325684,3.009999990463257,2.8499999046325684,2.9649999141693115,6544000
1997-06-03,2.9649999141693115,3.119999885559082,2.930000066757202,3.057499885559082,9258000
1997-06-04,3.25,3.259999990463257,3.125,3.194999933242798,39888000
1997-06-05,3.200000047683716,3.202500104904175,3.1575000286102295,3.1675000190734863,10560000
1997-06-06,3.1500000953674316,3.180000066757202,3.134999990463257,3.1675000190734863,8902000
1997-06-09,3.190000057220459,3.190000057220459,3.1424999237060547,3.1500000953674316,5668000
1997-06-10,3.1575000286102295,3.180000066757202,3.1449999809265137,3.172499895095825,4480000
1997-06-11,3.174999952316284,3.2100000381469727,3.1649999618530273,3.192500114440918,9200000
1997-06-12,3.192500114440918,3.2149999141693115,3.182499885559082,3.2074999809265137,8212000
1997-06-13,3.2149999141693115,3.2925000190734863,3.190000057220459,3.242500066757202,24076000
1997-06-16,3.2249999046325684,3.257499933242798,3.180000066757202,3.202500104904175,6840000
1997-06-17,3.2049999237060547,3.2699999809265137,3.2049999237060547,3.259999990463257,7940000
1997-06-18,3.2825000286102295,3.2874999046325684,3.2100000381469727,3.2274999618530273,7774000
1997-06-19,3.200000047683716,3.2225000858306885,3.182499885559082,3.2125000953674316,3726000
1997-06-20,3.2174999713897705,3.2200000286102295,3.174999952316284,3.180000066757202,4102000
1997-06-23,3.182499885559082,3.1875,3.130000114440918,3.140000104904175,5602000
1997-06-24,3.130000114440918,3.1500000953674316,3.112499952316284,3.1475000381469727,4094000
1997-06-25,3.1500000953674316,3.1500000953674316,3.0799999237060547,3.0950000286102295,6768000
1997-06-26,3.0950000286102295,3.119999885559082,3.0850000381469727,3.1075000762939453,3722000
1997-06-27,3.174999952316284,3.174999952316284,3.0850000381469727,3.0899999141693115,4000000
1997-06-30,3.075000047683716,3.134999990463257,3.065000057220459,3.125,4448000
1997-07-01,3.1500000953674316,3.2249999046325684,3.112499952316284,3.2149999141693115,9870000
1997-07-02,3.200000047683716,3.317500114440918,3.200000047683716,3.259999990463257,20660000
1997-07-03,3.25,3.2750000953674316,3.177500009536743,3.2100000381469727,6960000
1997-07-04,3.237499952316284,3.2899999618530273,3.1875,3.257499933242798,10056000
1997-07-07,3.262500047683716,3.3125,3.2125000953674316,3.2325000762939453,12402000
1997-07-08,3.25,3.2874999046325684,3.2249999046325684,3.2699999809265137,18104000
1997-07-09,3.2874999046325684,3.5,3.2799999713897705,3.5,11838000
1997-07-10,3.674999952316284,3.700000047683716,3.5625,3.5950000286102295,16116000
1997-07-11,3.575000047683716,3.617500066757202,3.4600000381469727,3.5374999046325684,8314000
1997-07-14,3.5250000953674316,3.5250000953674316,3.432499885559082,3.444999933242798,7252000
1997-07-15,3.4600000381469727,3.484999895095825,3.424999952316284,3.4625000953674316,6400000
1997-07-16,3.5,3.5450000762939453,3.4774999618530273,3.515000104904175,4960000
1997-07-17,3.5425000190734863,3.575000047683716,3.512500047683716,3.5625,5268000
1997-07-18,3.5625,3.5625,3.5625,3.5625,0
1997-07-21,3.515000104904175,3.5350000858306885,3.4749999046325684,3.5174999237060547,4028000
1997-07-22,3.5250000953674316,3.700000047683716,3.512500047683716,3.6600000858306885,7384000
1997-07-23,3.75,3.7950000762939453,3.674999952316284,3.7300000190734863,7534000
1997-07-24,3.7300000190734863,3.742500066757202,3.684999942779541,3.7049999237060547,3822000
1997-07-25,3.700000047683716,3.7125000953674316,3.6500000953674316,3.700000047683716,3612000
1997-07-28,3.700000047683716,3.7149999141693115,3.6624999046325684,3.702500104904175,3144000
1997-07-29,3.674999952316284,3.7125000953674316,3.615000009536743,3.6624999046325684,3410000
1997-07-30,3.692500114440918,3.7125000953674316,3.6649999618530273,3.690000057220459,6724000
1997-07-31,3.700000047683716,3.7149999141693115,3.690000057220459,3.702500104904175,2524000
1997-08-01,3.7074999809265137,3.75,3.684999942779541,3.737499952316284,4786000
1997-08-04,3.7074999809265137,3.7799999713897705,3.702500104904175,3.752500057220459,4096000
1997-08-05,3.75,3.8450000286102295,3.737499952316284,3.805000066757202,6770000
1997-08-06,3.8375000953674316,3.875,3.7750000953674316,3.827500104904175,1614000
1997-08-07,3.75,3.7950000762939453,3.7249999046325684,3.762500047683716,3834000
1997-08-08,3.744999885559082,3.7674999237060547,3.700000047683716,3.7300000190734863,5174000
1997-08-11,3.7300000190734863,3.7325000762939453,3.694999933242798,3.7125000953674316,4170000
1997-08-12,3.700000047683716,3.7225000858306885,3.5799999237060547,3.5999999046325684,1772000
1997-08-13,3.6024999618530273,3.690000057220459,3.549999952316284,3.565000057220459,1626000
1997-08-14,3.5399999618530273,3.6075000762939453,3.5399999618530273,3.5999999046325684,1966000
1997-08-15,3.5999999046325684,3.5999999046325684,3.5999999046325684,3.5999999046325684,0
1997-08-18,3.565000057220459,3.5875000953674316,3.549999952316284,3.5625,1288000
1997-08-19,3.559999942779541,3.572499990463257,3.512500047683716,3.5374999046325684,2192000
1997-08-20,3.505000114440918,3.505000114440918,3.375,3.4774999618530273,1220000
1997-08-21,3.487499952316284,3.492500066757202,3.4124999046325684,3.4749999046325684,1118000
1997-08-22,3.4625000953674316,3.492500066757202,3.25,3.2674999237060547,2002000
1997-08-25,3.384999990463257,3.384999990463257,3.132499933242798,3.255000114440918,1284000
1997-08-26,3.2874999046325684,3.299999952316284,3.2125000953674316,3.2225000858306885,1586000
1997-08-27,3.25,3.3375000953674316,3.244999885559082,3.2874999046325684,1430000
1997-08-28,3.252500057220459,3.3499999046325684,3.25,3.3324999809265137,1852000
1997-08-29,3.237499952316284,3.5,3.237499952316284,3.430000066757202,6400000
1997-09-01,3.450000047683716,3.4700000286102295,3.305000066757202,3.4024999141693115,4168000
1997-09-02,3.424999952316284,3.450000047683716,3.3499999046325684,3.369999885559082,1586000
1997-09-03,3.434999942779541,3.5225000381469727,3.424999952316284,3.4549999237060547,1972000
1997-09-04,3.5,3.549999952316284,3.377500057220459,3.3949999809265137,942000
1997-09-05,3.4649999141693115,3.5250000953674316,3.369999885559082,3.507499933242798,2230000
1997-09-08,3.5374999046325684,3.5999999046325684,3.4749999046325684,3.559999942779541,2998000
1997-09-09,3.5975000858306885,3.609999895095825,3.4749999046325684,3.515000104904175,2034000
1997-09-10,3.4749999046325684,3.512500047683716,3.424999952316284,3.4800000190734863,1082000
1997-09-11,3.487499952316284,3.507499933242798,3.4749999046325684,3.484999895095825,974000
1997-09-12,3.4375,3.5,3.4375,3.4574999809265137,1280000
1997-09-15,3.444999933242798,3.4800000190734863,3.4024999141693115,3.444999933242798,946000
1997-09-16,3.424999952316284,3.497499942779541,3.424999952316284,3.4725000858306885,2176000
1997-09-17,3.442500114440918,3.4725000858306885,3.442500114440918,3.4574999809265137,812000
1997-09-18,3.325000047683716,3.4649999141693115,3.325000047683716,3.4100000858306885,4554000
1997-09-19,3.4124999046325684,3.4574999809265137,3.4075000286102295,3.450000047683716,1598000
1997-09-22,3.4124999046325684,3.444999933242798,3.380000114440918,3.4075000286102295,1870000
1997-09-23,3.4000000953674316,3.4124999046325684,3.375,3.3924999237060547,1502000
1997-09-24,3.424999952316284,3.4649999141693115,3.387500047683716,3.3924999237060547,580000
1997-09-25,3.375,3.4000000953674316,3.369999885559082,3.375,350000
1997-09-26,3.375,3.4124999046325684,3.3524999618530273,3.4000000953674316,720000
1997-09-29,3.4000000953674316,3.6700000762939453,3.4000000953674316,3.630000114440918,5004000
1997-09-30,3.502500057220459,3.744999885559082,3.4124999046325684,3.634999990463257,4870000
1997-10-01,3.5,3.5325000286102295,3.444999933242798,3.507499933242798,1680000
1997-10-02,3.507499933242798,3.507499933242798,3.507499933242798,3.507499933242798,0
1997-10-03,3.507499933242798,3.507499933242798,3.507499933242798,3.507499933242798,0
1997-10-06,3.507499933242798,3.507499933242798,3.507499933242798,3.507499933242798,0
1997-10-07,3.507499933242798,3.507499933242798,3.507499933242798,3.507499933242798,0
1997-10-08,3.507499933242798,3.507499933242798,3.507499933242798,3.507499933242798,0
1997-10-09,3.509999990463257,3.6500000953674316,3.4800000190734863,3.6075000762939453,2590000
1997-10-10,3.6075000762939453,3.700000047683716,3.575000047683716,3.6050000190734863,2572000
1997-10-13,3.625,3.6500000953674316,3.5325000286102295,3.565000057220459,1696000
1997-10-14,3.5250000953674316,3.5999999046325684,3.5199999809265137,3.5350000858306885,2242000
1997-10-15,3.559999942779541,3.617500066757202,3.555000066757202,3.5950000286102295,1676000
1997-10-16,3.6500000953674316,3.8975000381469727,3.6075000762939453,3.865000009536743,11826000
1997-10-17,3.9000000953674316,3.940000057220459,3.762500047683716,3.8524999618530273,13902000
1997-10-20,3.8924999237060547,4.239999771118164,3.815000057220459,4.239999771118164,19184000
1997-10-21,4.255000114440918,4.412499904632568,4.137499809265137,4.28000020980835,14974000
1997-10-22,4.349999904632568,4.369999885559082,4.15500020980835,4.1875,8450000
1997-10-23,4.222499847412109,4.224999904632568,3.9649999141693115,4.082499980926514,10186000
1997-10-24,4.012499809265137,4.1875,3.9574999809265137,4.099999904632568,6258000
1997-10-27,4.050000190734863,4.099999904632568,4.03000020980835,4.050000190734863,2568000
1997-10-28,4.03000020980835,4.03000020980835,3.802500009536743,3.9100000858306885,7664000
1997-10-29,3.8949999809265137,4.25,3.8949999809265137,4.144999980926514,4644000
1997-10-30,4.144999980926514,4.144999980926514,4.039999961853027,4.054999828338623,2482000
1997-10-31,4.054999828338623,4.054999828338623,4.054999828338623,4.054999828338623,0
1997-11-03,4.085000038146973,4.085000038146973,3.9749999046325684,4.012499809265137,1568000
1997-11-04,4.014999866485596,4.050000190734863,3.9200000762939453,3.987499952316284,2128000
1997-11-05,3.9749999046325684,3.9749999046325684,3.875,3.890000104904175,2000000
1997-11-06,3.8499999046325684,3.8975000381469727,3.825000047683716,3.887500047683716,1412000
1997-11-07,3.9749999046325684,3.9749999046325684,3.8375000953674316,3.865000009536743,964000
1997-11-10,3.8499999046325684,3.8575000762939453,3.762500047683716,3.7699999809265137,1654000
1997-11-11,3.762500047683716,3.799999952316284,3.7325000762939453,3.7674999237060547,1762000
1997-11-12,3.757499933242798,3.7799999713897705,3.737499952316284,3.742500066757202,1412000
1997-11-13,3.6875,3.7074999809265137,3.625,3.6649999618530273,3722000
1997-11-14,3.6649999618530273,3.6649999618530273,3.6649999618530273,3.6649999618530273,0
1997-11-17,3.627500057220459,3.674999952316284,3.559999942779541,3.5999999046325684,2482000
1997-11-18,3.6050000190734863,3.612499952316284,3.5625,3.5950000286102295,2002000
1997-11-19,3.4124999046325684,3.5225000381469727,3.4075000286102295,3.494999885559082,2162000
1997-11-20,3.3550000190734863,3.5250000953674316,3.3550000190734863,3.512500047683716,1132000
1997-11-21,3.505000114440918,3.575000047683716,3.4749999046325684,3.549999952316284,1146000
1997-11-24,3.5374999046325684,3.5374999046325684,3.4800000190734863,3.492500066757202,1428000
1997-11-25,3.5,3.697499990463257,3.4749999046325684,3.6575000286102295,1634000
1997-11-26,3.625,3.625,3.557499885559082,3.5899999141693115,1326000
1997-11-27,3.569999933242798,3.6449999809265137,3.5,3.619999885559082,2022000
1997-11-28,3.5799999237060547,3.5850000381469727,3.505000114440918,3.547499895095825,1084000
1997-12-01,3.505000114440918,3.6075000762939453,3.4625000953674316,3.5325000286102295,2060000
1997-12-02,3.515000104904175,3.5374999046325684,3.4749999046325684,3.494999885559082,1396000
1997-12-03,3.5250000953674316,3.5899999141693115,3.5,3.505000114440918,688000
1997-12-04,3.4549999237060547,3.5,3.424999952316284,3.494999885559082,1412000
1997-12-05,3.450000047683716,3.575000047683716,3.450000047683716,3.5274999141693115,5136000
1997-12-08,3.5250000953674316,3.7249999046325684,3.5250000953674316,3.640000104904175,1580000
1997-12-09,3.6500000953674316,3.6500000953674316,3.5174999237060547,3.552500009536743,5564000
1997-12-10,3.569999933242798,3.569999933242798,3.509999990463257,3.549999952316284,852000
1997-12-11,3.5225000381469727,3.555000066757202,3.4774999618530273,3.5325000286102295,826000
1997-12-12,3.640000104904175,3.640000104904175,3.4800000190734863,3.509999990463257,634000
1997-12-15,3.5250000953674316,3.5399999618530273,3.5,3.5350000858306885,382000
1997-12-16,3.507499933242798,3.5924999713897705,3.505000114440918,3.5425000190734863,1098000
1997-12-17,3.569999933242798,3.625,3.569999933242798,3.615000009536743,854000
1997-12-18,3.5999999046325684,3.8499999046325684,3.5999999046325684,3.7899999618530273,4906000
1997-12-19,3.762500047683716,3.8499999046325684,3.700000047683716,3.7874999046325684,1274000
1997-12-22,3.799999952316284,3.924999952316284,3.799999952316284,3.890000104904175,2168000
1997-12-23,3.9000000953674316,4.0,3.8975000381469727,3.9749999046325684,1626000
1997-12-24,3.9000000953674316,3.950000047683716,3.8375000953674316,3.9075000286102295,1446000
1997-12-25,3.9075000286102295,3.9075000286102295,3.9075000286102295,3.9075000286102295,0
1997-12-26,3.9124999046325684,4.050000190734863,3.9100000858306885,3.9549999237060547,972000
1997-12-29,3.9700000286102295,4.050000190734863,3.924999952316284,4.002500057220459,1114000
1997-12-30,4.097499847412109,4.244999885559082,3.9000000953674316,3.9175000190734863,1138000
1997-12-31,3.924999952316284,4.09499979019165,3.9124999046325684,4.025000095367432,1408000
1998-01-01,3.9749999046325684,4.070000171661377,3.9749999046325684,4.037499904632568,806000
1998-01-02,4.074999809265137,4.125,4.012499809265137,4.042500019073486,1086000
1998-01-05,4.074999809265137,4.074999809265137,3.9825000762939453,3.994999885559082,1024000
1998-01-06,3.950000047683716,3.997499942779541,3.882499933242798,3.9124999046325684,1680000
1998-01-07,3.950000047683716,4.0,3.875,3.9049999713897705,1102000
1998-01-08,3.9000000953674316,3.924999952316284,3.799999952316284,3.8550000190734863,2038000
1998-01-09,3.805000066757202,3.825000047683716,3.7125000953674316,3.7750000953674316,1536000
1998-01-12,3.700000047683716,3.744999885559082,3.5,3.5350000858306885,1774000
1998-01-13,3.5924999713897705,3.625,3.549999952316284,3.5999999046325684,1744000
1998-01-14,3.825000047683716,3.825000047683716,3.5824999809265137,3.6575000286102295,1350000
1998-01-15,3.672499895095825,3.674999952316284,3.5824999809265137,3.634999990463257,682000
1998-01-16,3.6424999237060547,4.0,3.617500066757202,3.9749999046325684,7864000
1998-01-19,3.9024999141693115,4.0,3.8499999046325684,3.942500114440918,3306000
1998-01-20,3.762500047683716,3.9649999141693115,3.762500047683716,3.927500009536743,3494000
1998-01-21,3.9000000953674316,4.197500228881836,3.8499999046325684,4.045000076293945,6760000
1998-01-22,4.0,4.025000095367432,3.922499895095825,3.9375,2758000
1998-01-23,3.930000066757202,3.950000047683716,3.8524999618530273,3.9024999141693115,1296000
1998-01-26,3.9024999141693115,3.9024999141693115,3.9024999141693115,3.9024999141693115,0
1998-01-27,3.887500047683716,3.9000000953674316,3.75,3.757499933242798,2648000
1998-01-28,3.75,3.825000047683716,3.630000114440918,3.677500009536743,1702000
1998-01-29,3.625,3.6624999046325684,3.575000047683716,3.5799999237060547,3778000
1998-01-30,3.627500057220459,3.684999942779541,3.5999999046325684,3.619999885559082,3282000
1998-02-02,3.6624999046325684,3.6675000190734863,3.5250000953674316,3.5975000858306885,1700000
1998-02-03,3.625,3.627500057220459,3.4124999046325684,3.4625000953674316,3676000
1998-02-04,3.5625,3.5625,3.4124999046325684,3.4725000858306885,6146000
1998-02-05,3.450000047683716,3.484999895095825,3.3524999618530273,3.372499942779541,2378000
1998-02-06,3.3499999046325684,3.4749999046325684,3.3125,3.375,7018000
1998-02-09,3.4000000953674316,3.4100000858306885,3.3499999046325684,3.377500057220459,1052000
1998-02-10,3.3524999618530273,3.4800000190734863,3.0950000286102295,3.109999895095825,7470000
1998-02-11,3.297499895095825,3.3399999141693115,3.075000047683716,3.134999990463257,6496000
1998-02-12,3.112499952316284,3.174999952316284,3.075000047683716,3.1475000381469727,2208000
1998-02-13,3.1624999046325684,3.1875,3.130000114440918,3.1424999237060547,5238000
1998-02-16,3.1424999237060547,3.1424999237060547,3.1424999237060547,3.1424999237060547,0
1998-02-17,3.197499990463257,3.2699999809265137,3.1500000953674316,3.1600000858306885,5258000
1998-02-18,3.180000066757202,3.2699999809265137,3.1050000190734863,3.234999895095825,6726000
1998-02-19,3.25,3.3375000953674316,3.234999895095825,3.262500047683716,4926000
1998-02-20,3.265000104904175,3.2925000190734863,3.2225000858306885,3.234999895095825,3048000
1998-02-23,3.2325000762939453,3.4124999046325684,3.2300000190734863,3.390000104904175,5390000
1998-02-24,3.424999952316284,3.4625000953674316,3.3575000762939453,3.422499895095825,6232000
1998-02-25,3.424999952316284,3.5999999046325684,3.424999952316284,3.5924999713897705,3036000
1998-02-26,3.5999999046325684,3.6500000953674316,3.512500047683716,3.5374999046325684,3086000
1998-02-27,3.559999942779541,3.5950000286102295,3.5250000953674316,3.547499895095825,2694000
1998-03-02,3.5875000953674316,3.6500000953674316,3.555000066757202,3.640000104904175,4540000
1998-03-03,3.672499895095825,3.672499895095825,3.4000000953674316,3.447499990463257,4936000
1998-03-04,3.5250000953674316,3.672499895095825,3.484999895095825,3.6449999809265137,4216000
1998-03-05,3.5999999046325684,3.6424999237060547,3.5999999046325684,3.615000009536743,3106000
1998-03-06,3.6449999809265137,3.6475000381469727,3.557499885559082,3.5975000858306885,2522000
1998-03-09,3.617500066757202,3.6449999809265137,3.5899999141693115,3.609999895095825,1632000
1998-03-10,3.6050000190734863,3.627500057220459,3.5450000762939453,3.557499885559082,2484000
1998-03-11,3.619999885559082,3.622499942779541,3.5374999046325684,3.5799999237060547,1294000
1998-03-12,3.5950000286102295,3.5950000286102295,3.5199999809265137,3.5350000858306885,738000
1998-03-13,3.5350000858306885,3.5350000858306885,3.5350000858306885,3.5350000858306885,0
1998-03-16,3.6050000190734863,3.625,3.5250000953674316,3.572499990463257,990000
1998-03-17,3.549999952316284,3.569999933242798,3.4625000953674316,3.4825000762939453,1528000
1998-03-18,3.6024999618530273,3.6024999618530273,3.5,3.507499933242798,2492000
1998-03-19,3.575000047683716,3.5875000953674316,3.509999990463257,3.5174999237060547,1284000
1998-03-20,3.5,3.7699999809265137,3.5,3.677500009536743,8238000
1998-03-23,3.747499942779541,3.747499942779541,3.625,3.6524999141693115,534000
1998-03-24,3.797499895095825,3.799999952316284,3.637500047683716,3.6624999046325684,7484000
1998-03-25,3.762500047683716,3.8450000286102295,3.7200000286102295,3.825000047683716,4456000
1998-03-26,3.825000047683716,3.8399999141693115,3.6500000953674316,3.684999942779541,4308000
1998-03-27,3.672499895095825,3.7100000381469727,3.6050000190734863,3.690000057220459,1816000
1998-03-30,3.740000009536743,3.740000009536743,3.5999999046325684,3.615000009536743,1532000
1998-03-31,3.572499990463257,3.632499933242798,3.505000114440918,3.515000104904175,3576000
1998-04-01,3.487499952316284,3.680000066757202,3.487499952316284,3.640000104904175,1208000
1998-04-02,3.6500000953674316,3.7750000953674316,3.615000009536743,3.674999952316284,3830000
1998-04-03,3.6524999141693115,3.734999895095825,3.6500000953674316,3.7125000953674316,1762000
1998-04-06,3.75,4.067500114440918,3.7249999046325684,3.9825000762939453,9938000
1998-04-07,3.994999885559082,4.047500133514404,3.875,3.947499990463257,5622000
1998-04-08,3.947499990463257,3.947499990463257,3.947499990463257,3.947499990463257,0
1998-04-09,4.0,4.025000095367432,3.875,3.924999952316284,5324000
1998-04-10,3.924999952316284,3.9800000190734863,3.875,3.8949999809265137,2910000
1998-04-13,3.865000009536743,3.9600000381469727,3.75,3.7725000381469727,4704000
1998-04-14,3.7725000381469727,3.7725000381469727,3.7725000381469727,3.7725000381469727,0
1998-04-15,3.9000000953674316,4.042500019073486,3.8924999237060547,3.987499952316284,6294000
1998-04-16,4.019999980926514,4.050000190734863,3.880000114440918,3.8949999809265137,2932000
1998-04-17,3.9049999713897705,3.924999952316284,3.7925000190734863,3.867500066757202,2146000
1998-04-20,3.9000000953674316,3.9124999046325684,3.799999952316284,3.809999942779541,2630000
1998-04-21,3.7799999713897705,3.9600000381469727,3.7799999713897705,3.9124999046325684,5298000
1998-04-22,4.087500095367432,4.304999828338623,4.054999828338623,4.085000038146973,13294000
1998-04-23,4.074999809265137,4.150000095367432,3.924999952316284,3.9625000953674316,6142000
1998-04-24,3.9549999237060547,4.0,3.755000114440918,3.942500114440918,4790000
1998-04-27,3.8949999809265137,4.0,3.8524999618530273,3.880000114440918,5100000
1998-04-28,3.805000066757202,3.944999933242798,3.7799999713897705,3.9049999713897705,7610000
1998-04-29,3.944999933242798,4.070000171661377,3.7674999237060547,3.8125,7194000
1998-04-30,3.8125,3.8499999046325684,3.75,3.8399999141693115,3786000
1998-05-01,3.8399999141693115,3.8399999141693115,3.8399999141693115,3.8399999141693115,0
1998-05-04,3.922499895095825,3.950000047683716,3.799999952316284,3.8475000858306885,3014000
1998-05-05,3.869999885559082,3.875,3.799999952316284,3.8499999046325684,2660000
1998-05-06,3.9000000953674316,3.922499895095825,3.799999952316284,3.805000066757202,1936000
1998-05-07,3.805000066757202,3.805000066757202,3.805000066757202,3.805000066757202,0
1998-05-08,3.8450000286102295,3.8450000286102295,3.609999895095825,3.700000047683716,6122000
1998-05-11,3.674999952316284,3.8499999046325684,3.625,3.817500114440918,6486000
1998-05-12,3.75,3.759999990463257,3.4375,3.6575000286102295,7374000
1998-05-13,3.6500000953674316,3.7249999046325684,3.502500057220459,3.5374999046325684,2958000
1998-05-14,3.4549999237060547,3.75,3.4075000286102295,3.690000057220459,7010000
1998-05-15,3.744999885559082,3.75,3.552500009536743,3.6549999713897705,3646000
1998-05-18,3.6424999237060547,3.674999952316284,3.6075000762939453,3.630000114440918,1680000
1998-05-19,3.625,3.6624999046325684,3.5875000953674316,3.637500047683716,6222000
1998-05-20,3.674999952316284,3.7300000190734863,3.637500047683716,3.7225000858306885,2300000
1998-05-21,3.737499952316284,3.747499942779541,3.5875000953674316,3.619999885559082,2004000
1998-05-22,3.625,3.6475000381469727,3.555000066757202,3.622499942779541,1336000
1998-05-25,3.569999933242798,3.615000009536743,3.555000066757202,3.567500114440918,734000
1998-05-26,3.5299999713897705,3.625,3.4649999141693115,3.5999999046325684,5112000
1998-05-27,3.6500000953674316,3.694999933242798,3.512500047683716,3.557499885559082,2258000
1998-05-28,3.5625,3.5899999141693115,3.5,3.505000114440918,1304000
1998-05-29,3.3550000190734863,3.505000114440918,3.325000047683716,3.4725000858306885,2030000
1998-06-01,3.490000009536743,3.555000066757202,3.362499952316284,3.4000000953674316,2372000
1998-06-02,3.325000047683716,3.3949999809265137,3.2125000953674316,3.252500057220459,2968000
1998-06-03,3.424999952316284,3.559999942779541,3.305000066757202,3.369999885559082,4758000
1998-06-04,3.424999952316284,3.424999952316284,3.3324999809265137,3.372499942779541,1158000
1998-06-05,3.3499999046325684,3.4000000953674316,3.305000066757202,3.3324999809265137,2468000
1998-06-08,3.2850000858306885,3.3499999046325684,3.1050000190734863,3.180000066757202,3800000
1998-06-09,3.25,3.3424999713897705,3.1549999713897705,3.302500009536743,2188000
1998-06-10,3.2750000953674316,3.2899999618530273,3.1649999618530273,3.1875,2690000
1998-06-11,3.125,3.1700000762939453,3.059999942779541,3.1500000953674316,3614000
1998-06-12,3.180000066757202,3.2174999713897705,3.1050000190734863,3.140000104904175,3314000
1998-06-15,3.1050000190734863,3.137500047683716,2.930000066757202,2.9649999141693115,2332000
1998-06-16,2.9149999618530273,2.990000009536743,2.762500047683716,2.9700000286102295,2978000
1998-06-17,3.069999933242798,3.2249999046325684,3.069999933242798,3.202500104904175,12368000
1998-06-18,3.125,3.2249999046325684,3.0950000286102295,3.112499952316284,2874000
1998-06-19,3.052500009536743,3.134999990463257,2.9625000953674316,3.1050000190734863,1764000
1998-06-22,2.950000047683716,3.0250000953674316,2.7950000762939453,2.9100000858306885,3538000
1998-06-23,2.9024999141693115,3.0,2.799999952316284,2.952500104904175,1540000
1998-06-24,3.0,3.069999933242798,2.950000047683716,3.0450000762939453,1134000
1998-06-25,3.0625,3.125,3.0450000762939453,3.067500114440918,1104000
1998-06-26,3.049999952316284,3.075000047683716,2.9800000190734863,3.0374999046325684,1464000
1998-06-29,3.0250000953674316,3.069999933242798,2.992500066757202,3.0350000858306885,2062000
1998-06-30,3.069999933242798,3.3350000381469727,3.007499933242798,3.262500047683716,4868000
1998-07-01,3.137500047683716,3.1624999046325684,3.049999952316284,3.077500104904175,934000
1998-07-02,3.0299999713897705,3.072499990463257,2.9375,2.9625000953674316,876000
1998-07-03,2.9375,2.950000047683716,2.8450000286102295,2.8550000190734863,1428000
1998-07-06,2.8499999046325684,2.940000057220459,2.8399999141693115,2.8575000762939453,1142000
1998-07-07,2.862499952316284,2.9149999618530273,2.8125,2.8399999141693115,1612000
1998-07-08,2.950000047683716,3.0250000953674316,2.9100000858306885,2.990000009536743,1134000
1998-07-09,3.0325000286102295,3.075000047683716,2.952500104904175,3.007499933242798,1130000
1998-07-10,3.0875000953674316,3.247499942779541,3.0274999141693115,3.1575000286102295,4362000
1998-07-13,3.2750000953674316,3.4100000858306885,3.2149999141693115,3.3524999618530273,5082000
1998-07-14,3.325000047683716,3.5350000858306885,3.2300000190734863,3.4600000381469727,4762000
1998-07-15,3.5999999046325684,3.6024999618530273,3.2750000953674316,3.309999942779541,2652000
1998-07-16,3.2950000762939453,3.4149999618530273,3.2750000953674316,3.380000114440918,3212000
1998-07-17,3.4124999046325684,3.4124999046325684,3.3299999237060547,3.3399999141693115,1676000
1998-07-20,3.2750000953674316,3.362499952316284,3.255000114440918,3.3524999618530273,1612000
1998-07-21,3.305000066757202,3.3499999046325684,3.265000104904175,3.302500009536743,1706000
1998-07-22,3.325000047683716,3.369999885559082,3.240000009536743,3.25,1162000
1998-07-23,3.2125000953674316,3.247499942779541,3.1500000953674316,3.1675000190734863,800000
1998-07-24,3.1524999141693115,3.1524999141693115,3.065000057220459,3.0824999809265137,926000
1998-07-27,3.049999952316284,3.137500047683716,3.0,3.0199999809265137,682000
1998-07-28,3.0,3.237499952316284,2.9800000190734863,3.117500066757202,2222000
1998-07-29,3.184999942779541,3.190000057220459,3.0999999046325684,3.1549999713897705,1694000
1998-07-30,3.1500000953674316,3.3399999141693115,3.0999999046325684,3.1524999141693115,3316000
1998-07-31,3.130000114440918,3.2274999618530273,3.130000114440918,3.190000057220459,968000
1998-08-03,3.1500000953674316,3.1500000953674316,3.049999952316284,3.052500009536743,1420000
1998-08-04,3.0999999046325684,3.0999999046325684,2.9749999046325684,2.9825000762939453,1490000
1998-08-05,2.984999895095825,3.2200000286102295,2.9149999618530273,3.1600000858306885,5342000
1998-08-06,3.200000047683716,3.200000047683716,3.0250000953674316,3.055000066757202,1042000
1998-08-07,3.0250000953674316,3.075000047683716,3.005000114440918,3.0225000381469727,1248000
1998-08-10,3.049999952316284,3.049999952316284,2.987499952316284,3.002500057220459,1536000
1998-08-11,3.0,3.200000047683716,2.9574999809265137,3.1649999618530273,7270000
1998-08-12,3.1050000190734863,3.174999952316284,2.997499942779541,3.1549999713897705,5728000
1998-08-13,3.117500066757202,3.1424999237060547,3.059999942779541,3.0875000953674316,2502000
1998-08-14,3.0999999046325684,3.112499952316284,3.0250000953674316,3.0425000190734863,1386000
1998-08-17,3.067500114440918,3.075000047683716,3.0299999713897705,3.0450000762939453,746000
1998-08-18,3.047499895095825,3.125,2.950000047683716,3.0999999046325684,5204000
1998-08-19,3.075000047683716,3.174999952316284,3.0274999141693115,3.1449999809265137,5718000
1998-08-20,3.172499895095825,3.172499895095825,3.075000047683716,3.1024999618530273,1906000
1998-08-21,3.055000066757202,3.125,3.0250000953674316,3.049999952316284,2404000
1998-08-24,3.005000114440918,3.0425000190734863,2.984999895095825,2.997499942779541,3668000
1998-08-25,3.0,3.012500047683716,2.9774999618530273,2.992500066757202,4500000
1998-08-26,2.992500066757202,2.992500066757202,2.992500066757202,2.992500066757202,0
1998-08-27,3.0374999046325684,3.1875,3.0,3.0250000953674316,9812000
1998-08-28,3.012500047683716,3.012500047683716,2.7850000858306885,2.815000057220459,4936000
1998-08-31,2.827500104904175,2.9124999046325684,2.7950000762939453,2.890000104904175,2190000
1998-09-01,2.827500104904175,2.872499942779541,2.807499885559082,2.8450000286102295,2436000
1998-09-02,2.924999952316284,2.9375,2.8475000858306885,2.875,1474000
1998-09-03,2.9124999046325684,2.9375,2.867500066757202,2.9200000762939453,1722000
1998-09-04,2.944999933242798,2.944999933242798,2.869999885559082,2.9100000858306885,950000
1998-09-07,2.924999952316284,3.1449999809265137,2.924999952316284,3.1449999809265137,5540000
1998-09-08,3.200000047683716,3.2750000953674316,3.127500057220459,3.2125000953674316,6276000
1998-09-09,3.299999952316284,3.3475000858306885,3.200000047683716,3.2174999713897705,3742000
1998-09-10,3.177500009536743,3.2725000381469727,3.174999952316284,3.242500066757202,2500000
1998-09-11,3.2074999809265137,3.2249999046325684,3.1624999046325684,3.190000057220459,1250000
1998-09-14,3.2750000953674316,3.4124999046325684,3.2249999046325684,3.4000000953674316,6090000
1998-09-15,3.390000104904175,3.4000000953674316,3.3324999809265137,3.359999895095825,2716000
1998-09-16,3.3975000381469727,3.4000000953674316,3.305000066757202,3.322499990463257,1330000
1998-09-17,3.3125,3.3350000381469727,3.2799999713897705,3.317500114440918,1090000
1998-09-18,3.305000066757202,3.387500047683716,3.2774999141693115,3.369999885559082,2122000
1998-09-21,3.3949999809265137,3.640000104904175,3.3949999809265137,3.575000047683716,5342000
1998-09-22,3.5975000858306885,3.5975000858306885,3.4075000286102295,3.430000066757202,2764000
1998-09-23,3.497499942779541,3.5250000953674316,3.452500104904175,3.492500066757202,1784000
1998-09-24,3.5299999713897705,3.5299999713897705,3.432499885559082,3.4549999237060547,982000
1998-09-25,3.4725000858306885,3.4749999046325684,3.4000000953674316,3.422499895095825,744000
1998-09-28,3.3924999237060547,3.424999952316284,3.247499942779541,3.2799999713897705,1122000
1998-09-29,3.305000066757202,3.305000066757202,3.130000114440918,3.1649999618530273,2330000
1998-09-30,3.2249999046325684,3.25,3.1524999141693115,3.242500066757202,698000
1998-10-01,3.242500066757202,3.242500066757202,3.242500066757202,3.242500066757202,0
1998-10-02,3.242500066757202,3.242500066757202,3.242500066757202,3.242500066757202,0
1998-10-05,3.072499990463257,3.122499942779541,3.0299999713897705,3.057499885559082,1294000
1998-10-06,3.0250000953674316,3.0999999046325684,3.002500057220459,3.0824999809265137,1166000
1998-10-07,3.1500000953674316,3.194999933242798,3.1500000953674316,3.1624999046325684,1160000
1998-10-08,3.1600000858306885,3.190000057220459,3.0850000381469727,3.0975000858306885,314000
1998-10-09,3.1449999809265137,3.1449999809265137,3.057499885559082,3.0999999046325684,536000
1998-10-12,3.075000047683716,3.0899999141693115,2.9124999046325684,2.924999952316284,1028000
1998-10-13,2.8524999618530273,2.950000047683716,2.8499999046325684,2.859999895095825,1178000
1998-10-14,2.9725000858306885,3.0,2.875,2.9600000381469727,2982000
1998-10-15,2.9700000286102295,2.9700000286102295,2.8324999809265137,2.8524999618530273,1610000
1998-10-16,2.887500047683716,2.9000000953674316,2.755000114440918,2.802500009536743,1698000
1998-10-19,2.8499999046325684,2.8499999046325684,2.7750000953674316,2.7899999618530273,436000
1998-10-20,2.762500047683716,2.762500047683716,2.567500114440918,2.569999933242798,1602000
1998-10-21,2.569999933242798,2.569999933242798,2.569999933242798,2.569999933242798,0
1998-10-22,2.700000047683716,2.7750000953674316,2.6075000762939453,2.6875,2926000
1998-10-23,2.6875,2.7325000762939453,2.5999999046325684,2.680000066757202,1152000
1998-10-26,2.75,2.887500047683716,2.7249999046325684,2.759999990463257,2008000
1998-10-27,2.702500104904175,2.759999990463257,2.617500066757202,2.640000104904175,1262000
1998-10-28,2.700000047683716,2.7249999046325684,2.5999999046325684,2.6075000762939453,1614000
1998-10-29,2.5950000286102295,2.6875,2.5299999713897705,2.672499895095825,936000
1998-10-30,2.694999933242798,2.694999933242798,2.6500000953674316,2.6624999046325684,2388000
1998-11-02,2.637500047683716,2.6449999809265137,2.577500104904175,2.5875000953674316,458000
1998-11-03,2.617500066757202,2.617500066757202,2.4100000858306885,2.450000047683716,1938000
1998-11-04,2.450000047683716,2.450000047683716,2.450000047683716,2.450000047683716,0
1998-11-05,2.5,2.5,2.4000000953674316,2.492500066757202,1066000
1998-11-06,2.4574999809265137,2.559999942779541,2.4574999809265137,2.5,1572000
1998-11-09,2.569999933242798,2.625,2.549999952316284,2.5924999713897705,2884000
1998-11-10,2.619999885559082,2.7699999809265137,2.5875000953674316,2.75,2172000
1998-11-11,2.6500000953674316,2.9700000286102295,2.6500000953674316,2.8575000762939453,7382000
1998-11-12,2.8125,2.8949999809265137,2.755000114440918,2.875,2716000
1998-11-13,2.8375000953674316,2.862499952316284,2.7750000953674316,2.7899999618530273,1896000
1998-11-16,2.759999990463257,2.799999952316284,2.7125000953674316,2.737499952316284,1292000
1998-11-17,2.7149999141693115,2.759999990463257,2.674999952316284,2.700000047683716,2952000
1998-11-18,2.742500066757202,2.819999933242798,2.7249999046325684,2.817500114440918,2326000
1998-11-19,2.799999952316284,2.825000047683716,2.7249999046325684,2.7300000190734863,1186000
1998-11-20,2.7149999141693115,2.744999885559082,2.6700000762939453,2.680000066757202,1094000
1998-11-23,2.674999952316284,2.7125000953674316,2.615000009536743,2.625,1012000
1998-11-24,2.609999895095825,2.674999952316284,2.5999999046325684,2.674999952316284,1658000
1998-11-25,2.674999952316284,2.674999952316284,2.674999952316284,2.674999952316284,0
1998-11-26,2.5999999046325684,2.6600000858306885,2.569999933242798,2.5975000858306885,698000
1998-11-27,2.5950000286102295,2.5999999046325684,2.5250000953674316,2.5350000858306885,924000
1998-11-30,2.5374999046325684,2.5999999046325684,2.4700000286102295,2.557499885559082,746000
1998-12-01,2.569999933242798,2.625,2.5399999618530273,2.612499952316284,924000
1998-12-02,2.6475000381469727,2.690000057220459,2.6075000762939453,2.640000104904175,704000
1998-12-03,2.617500066757202,2.634999990463257,2.5899999141693115,2.5899999141693115,452000
1998-12-04,2.577500104904175,2.5975000858306885,2.549999952316284,2.559999942779541,576000
1998-12-07,2.5450000762939453,2.6050000190734863,2.5450000762939453,2.6024999618530273,598000
1998-12-08,2.5999999046325684,2.6500000953674316,2.569999933242798,2.5875000953674316,1232000
1998-12-09,2.6475000381469727,2.6475000381469727,2.569999933242798,2.612499952316284,762000
1998-12-10,2.5899999141693115,2.619999885559082,2.5799999237060547,2.5824999809265137,464000
1998-12-11,2.5950000286102295,2.617500066757202,2.5799999237060547,2.609999895095825,418000
1998-12-14,2.6050000190734863,2.6649999618530273,2.5850000381469727,2.617500066757202,1264000
1998-12-15,2.6075000762939453,2.612499952316284,2.5799999237060547,2.612499952316284,778000
1998-12-16,2.5625,2.625,2.5625,2.615000009536743,570000
1998-12-17,2.569999933242798,2.5999999046325684,2.5274999141693115,2.5399999618530273,1026000
1998-12-18,2.567500114440918,2.7249999046325684,2.5174999237060547,2.6600000858306885,2876000
1998-12-21,2.6649999618530273,2.7249999046325684,2.6500000953674316,2.700000047683716,1432000
1998-12-22,2.672499895095825,2.700000047683716,2.5999999046325684,2.609999895095825,1694000
1998-12-23,2.6649999618530273,2.697499990463257,2.637500047683716,2.6600000858306885,1250000
1998-12-24,2.627500057220459,2.7950000762939453,2.627500057220459,2.7049999237060547,2118000
1998-12-25,2.7049999237060547,2.7049999237060547,2.7049999237060547,2.7049999237060547,0
1998-12-28,2.7799999713897705,2.805000066757202,2.7249999046325684,2.7249999046325684,2762000
1998-12-29,2.697499990463257,2.762500047683716,2.697499990463257,2.737499952316284,2364000
1998-12-30,2.819999933242798,2.9000000953674316,2.7899999618530273,2.8375000953674316,2438000
1998-12-31,2.869999885559082,2.869999885559082,2.7249999046325684,2.737499952316284,1150000
1999-01-01,2.759999990463257,2.7699999809265137,2.7249999046325684,2.759999990463257,596000
1999-01-04,2.755000114440918,2.8375000953674316,2.75,2.762500047683716,1566000
1999-01-05,2.75,2.825000047683716,2.75,2.799999952316284,2500000
1999-01-06,2.8499999046325684,2.887500047683716,2.799999952316284,2.8450000286102295,1074000
1999-01-07,2.8575000762939453,3.072499990463257,2.827500104904175,3.049999952316284,7790000
1999-01-08,3.25,3.25,3.002500057220459,3.247499942779541,7272000
1999-01-11,3.2899999618530273,3.3499999046325684,3.177500009536743,3.197499990463257,8420000
1999-01-12,3.1500000953674316,3.2750000953674316,3.125,3.2049999237060547,4898000
1999-01-13,3.2874999046325684,3.3924999237060547,3.25,3.2925000190734863,4808000
1999-01-14,3.2249999046325684,3.297499895095825,3.2174999713897705,3.2799999713897705,2650000
1999-01-15,3.299999952316284,3.299999952316284,3.0199999809265137,3.077500104904175,3688000
1999-01-18,3.0875000953674316,3.112499952316284,2.9024999141693115,2.950000047683716,2078000
1999-01-19,2.9574999809265137,2.9800000190734863,2.7699999809265137,2.799999952316284,3454000
1999-01-20,2.799999952316284,2.799999952316284,2.799999952316284,2.799999952316284,0
1999-01-21,2.815000057220459,2.869999885559082,2.762500047683716,2.825000047683716,2620000
1999-01-22,2.8375000953674316,2.924999952316284,2.8299999237060547,2.859999895095825,1742000
1999-01-25,2.815000057220459,2.8499999046325684,2.6549999713897705,2.7799999713897705,1580000
1999-01-26,2.7799999713897705,2.7799999713897705,2.7799999713897705,2.7799999713897705,0
1999-01-27,2.930000066757202,2.930000066757202,2.825000047683716,2.8499999046325684,2032000
1999-01-28,2.8499999046325684,2.872499942779541,2.799999952316284,2.815000057220459,1482000
1999-01-29,2.807499885559082,3.0399999618530273,2.799999952316284,3.0350000858306885,3234000
1999-02-01,2.9674999713897705,3.0,2.827500104904175,2.827500104904175,1574000
1999-02-02,2.9000000953674316,2.9000000953674316,2.737499952316284,2.765000104904175,2190000
1999-02-03,2.8949999809265137,2.8949999809265137,2.7750000953674316,2.799999952316284,1544000
1999-02-04,2.8375000953674316,2.8499999046325684,2.755000114440918,2.7699999809265137,584000
1999-02-05,2.752500057220459,2.7750000953674316,2.674999952316284,2.7249999046325684,890000
1999-02-08,2.6600000858306885,2.697499990463257,2.5625,2.5625,1200000
1999-02-09,2.557499885559082,2.5824999809265137,2.4825000762939453,2.549999952316284,2574000
1999-02-10,2.609999895095825,2.6500000953674316,2.577500104904175,2.5999999046325684,1446000
1999-02-11,2.625,2.690000057220459,2.5899999141693115,2.627500057220459,1338000
1999-02-12,2.5999999046325684,2.6500000953674316,2.575000047683716,2.5999999046325684,788000
1999-02-15,2.622499942779541,2.622499942779541,2.572499990463257,2.5899999141693115,870000
1999-02-16,2.5850000381469727,2.619999885559082,2.487499952316284,2.557499885559082,1736000
1999-02-17,2.5875000953674316,2.759999990463257,2.567500114440918,2.680000066757202,1764000
1999-02-18,2.7249999046325684,2.765000104904175,2.6449999809265137,2.75,2094000
1999-02-19,2.747499942779541,2.8499999046325684,2.700000047683716,2.799999952316284,1566000
1999-02-22,2.7799999713897705,2.825000047683716,2.6549999713897705,2.6549999713897705,1076000
1999-02-23,2.6500000953674316,2.6700000762939453,2.575000047683716,2.6449999809265137,1348000
1999-02-24,2.637500047683716,2.6649999618530273,2.5999999046325684,2.6500000953674316,564000
1999-02-25,2.625,2.625,2.549999952316284,2.575000047683716,536000
1999-02-26,2.5299999713897705,2.575000047683716,2.4574999809265137,2.512500047683716,1222000
1999-03-01,2.549999952316284,2.6700000762939453,2.5,2.5850000381469727,3378000
1999-03-02,2.5850000381469727,2.5850000381469727,2.5850000381469727,2.5850000381469727,0
1999-03-03,2.7899999618530273,2.7925000190734863,2.7899999618530273,2.7925000190734863,438000
1999-03-04,3.0174999237060547,3.0174999237060547,2.827500104904175,3.0174999237060547,12722000
1999-03-05,3.0999999046325684,3.2325000762939453,2.9774999618530273,3.137500047683716,17072000
1999-03-08,3.1524999141693115,3.2750000953674316,3.1075000762939453,3.200000047683716,11716000
1999-03-09,3.1624999046325684,3.2200000286102295,3.065000057220459,3.137500047683716,7562000
1999-03-10,3.174999952316284,3.174999952316284,2.887500047683716,2.887500047683716,4156000
1999-03-11,2.7750000953674316,2.9625000953674316,2.700000047683716,2.700000047683716,3718000
1999-03-12,2.734999895095825,2.9100000858306885,2.677500009536743,2.9100000858306885,5600000
1999-03-15,2.825000047683716,2.9200000762939453,2.805000066757202,2.869999885559082,4714000
1999-03-16,2.8125,2.825000047683716,2.6500000953674316,2.6575000286102295,4310000
1999-03-17,2.682499885559082,2.7699999809265137,2.682499885559082,2.694999933242798,2430000
1999-03-18,2.684999942779541,2.799999952316284,2.684999942779541,2.799999952316284,4208000
1999-03-19,2.6624999046325684,2.7750000953674316,2.6624999046325684,2.7049999237060547,3522000
1999-03-22,2.700000047683716,2.7874999046325684,2.637500047683716,2.752500057220459,4126000
1999-03-23,2.7049999237060547,2.887500047683716,2.7049999237060547,2.880000114440918,6136000
1999-03-24,3.0,3.112499952316284,2.950000047683716,3.0250000953674316,8572000
1999-03-25,3.049999952316284,3.244999885559082,3.049999952316284,3.1024999618530273,6372000
1999-03-26,3.1500000953674316,3.2100000381469727,3.0250000953674316,3.1700000762939453,12530000
1999-03-29,3.1700000762939453,3.1700000762939453,3.1700000762939453,3.1700000762939453,0
1999-03-30,3.109999895095825,3.299999952316284,3.109999895095825,3.259999990463257,36598000
1999-03-31,3.512500047683716,3.5225000381469727,3.4625000953674316,3.4774999618530273,3653820
1999-04-01,3.5250000953674316,3.5250000953674316,3.325000047683716,3.380000114440918,1450160
1999-04-02,3.380000114440918,3.380000114440918,3.380000114440918,3.380000114440918,0
1999-04-05,3.255000114440918,3.299999952316284,3.1500000953674316,3.182499885559082,2671260
1999-04-06,3.0999999046325684,3.4375,3.0999999046325684,3.4375,2954580
1999-04-07,3.450000047683716,3.450000047683716,3.2899999618530273,3.305000066757202,3711240
1999-04-08,3.257499933242798,3.3324999809265137,3.240000009536743,3.265000104904175,1744580
1999-04-09,3.25,3.2750000953674316,3.2249999046325684,3.262500047683716,2289100
1999-04-12,3.240000009536743,3.2899999618530273,3.200000047683716,3.2799999713897705,1089520
1999-04-13,3.2750000953674316,3.2950000762939453,3.25,3.25,1261160
1999-04-14,3.25,3.25,3.25,3.25,0
1999-04-15,3.200000047683716,3.262500047683716,3.200000047683716,3.257499933242798,2499340
1999-04-16,3.259999990463257,3.5199999809265137,3.25,3.5199999809265137,4071780
1999-04-19,3.240000009536743,3.424999952316284,3.2149999141693115,3.362499952316284,3271720
1999-04-20,3.375,3.4700000286102295,3.2750000953674316,3.359999895095825,4385580
1999-04-21,3.359999895095825,3.377500057220459,3.25,3.2750000953674316,3114380
1999-04-22,3.299999952316284,3.325000047683716,3.1875,3.2100000381469727,3335360
1999-04-23,3.2249999046325684,3.240000009536743,3.1649999618530273,3.2300000190734863,2057980
1999-04-26,3.052500009536743,3.119999885559082,2.9725000858306885,2.9725000858306885,5012740
1999-04-27,2.9725000858306885,2.9725000858306885,2.9725000858306885,2.9725000858306885,0
1999-04-28,2.950000047683716,3.075000047683716,2.924999952316284,3.049999952316284,5871460
1999-04-29,3.069999933242798,3.174999952316284,3.049999952316284,3.1575000286102295,2149600
1999-04-30,3.1424999237060547,3.25,3.137500047683716,3.240000009536743,2330360
1999-05-03,3.25,3.2825000286102295,3.1524999141693115,3.1700000762939453,1582020
1999-05-04,3.1524999141693115,3.305000066757202,3.1524999141693115,3.2950000762939453,2409500
1999-05-05,3.2750000953674316,3.424999952316284,3.2249999046325684,3.3550000190734863,5071140
1999-05-06,3.3524999618530273,3.4175000190734863,3.325000047683716,3.384999990463257,2149660
1999-05-07,3.450000047683716,3.6575000286102295,3.4149999618530273,3.6575000286102295,6264840
1999-05-10,3.947499990463257,3.950000047683716,3.8324999809265137,3.950000047683716,5285080
1999-05-11,4.264999866485596,4.267499923706055,3.7674999237060547,3.8499999046325684,6554540
1999-05-12,3.9049999713897705,3.9800000190734863,3.5999999046325684,3.7249999046325684,3643120
1999-05-13,3.8975000381469727,3.8975000381469727,3.700000047683716,3.8550000190734863,1773500
1999-05-14,3.875,3.987499952316284,3.75,3.8499999046325684,4208200
1999-05-17,3.8499999046325684,3.8499999046325684,3.5425000190734863,3.609999895095825,2468040
1999-05-18,3.575000047683716,3.75,3.565000057220459,3.609999895095825,3686840
1999-05-19,3.700000047683716,3.9000000953674316,3.690000057220459,3.9000000953674316,3946740
1999-05-20,3.9700000286102295,4.099999904632568,3.799999952316284,3.802500009536743,3463140
1999-05-21,3.9000000953674316,3.9124999046325684,3.700000047683716,3.7300000190734863,3303840
1999-05-24,3.7300000190734863,3.759999990463257,3.700000047683716,3.7249999046325684,1345760
1999-05-25,3.7100000381469727,3.7774999141693115,3.7100000381469727,3.7674999237060547,2300660
1999-05-26,3.7249999046325684,3.809999942779541,3.690000057220459,3.7225000858306885,1531400
1999-05-27,3.700000047683716,3.7825000286102295,3.6500000953674316,3.6500000953674316,1260720
1999-05-28,3.700000047683716,3.7750000953674316,3.617500066757202,3.7750000953674316,3394900
1999-05-31,3.9000000953674316,4.054999828338623,3.9000000953674316,4.054999828338623,4736820
1999-06-01,3.9625000953674316,4.025000095367432,3.809999942779541,3.8499999046325684,2828340
1999-06-02,3.700000047683716,3.9000000953674316,3.700000047683716,3.877500057220459,1200300
1999-06-03,3.875,3.9200000762939453,3.827500104904175,3.875,947280
1999-06-04,3.934999942779541,3.942500114440918,3.807499885559082,3.8499999046325684,1008780
1999-06-07,3.875,3.875,3.799999952316284,3.799999952316284,777480
1999-06-08,3.7049999237060547,4.025000095367432,3.7049999237060547,4.025000095367432,993240
1999-06-09,3.869999885559082,3.875,3.799999952316284,3.817500114440918,682500
1999-06-10,3.9000000953674316,3.9000000953674316,3.7825000286102295,3.7850000858306885,267420
1999-06-11,3.7774999141693115,3.7850000858306885,3.6500000953674316,3.75,1383600
1999-06-14,3.5999999046325684,3.762500047683716,3.5999999046325684,3.757499933242798,1302560
1999-06-15,3.75,3.8499999046325684,3.7249999046325684,3.752500057220459,1675900
1999-06-16,3.6050000190734863,3.9000000953674316,3.6050000190734863,3.8324999809265137,1595600
1999-06-17,3.859999895095825,3.9000000953674316,3.799999952316284,3.805000066757202,740420
1999-06-18,3.950000047683716,3.950000047683716,3.799999952316284,3.819999933242798,1790100
1999-06-21,3.75,3.872499942779541,3.75,3.8399999141693115,486800
1999-06-22,3.8499999046325684,3.8949999809265137,3.809999942779541,3.8550000190734863,1022980
1999-06-23,3.825000047683716,3.825000047683716,3.75,3.759999990463257,442240
1999-06-24,3.7125000953674316,3.7725000381469727,3.7125000953674316,3.75,186600
1999-06-25,3.7750000953674316,3.7850000858306885,3.75,3.75,263600
1999-06-28,3.8450000286102295,3.8499999046325684,3.702500104904175,3.747499942779541,689100
1999-06-29,3.762500047683716,3.762500047683716,3.690000057220459,3.737499952316284,570280
1999-06-30,3.7249999046325684,3.75,3.700000047683716,3.7125000953674316,400100
1999-07-01,3.7300000190734863,3.744999885559082,3.6549999713897705,3.6649999618530273,204760
1999-07-02,3.7200000286102295,3.7200000286102295,3.6549999713897705,3.677500009536743,337340
1999-07-05,3.8949999809265137,3.9000000953674316,3.6624999046325684,3.7100000381469727,591620
1999-07-06,3.7249999046325684,3.7750000953674316,3.674999952316284,3.734999895095825,2481900
1999-07-07,3.7750000953674316,3.924999952316284,3.7750000953674316,3.8524999618530273,2575800
1999-07-08,3.700000047683716,3.875,3.674999952316284,3.8299999237060547,938600
1999-07-09,3.8499999046325684,3.8499999046325684,3.752500057220459,3.7899999618530273,775520
1999-07-12,3.875,4.09250020980835,3.8475000858306885,4.070000171661377,5018180
1999-07-13,4.125,4.315000057220459,4.125,4.222499847412109,7601440
1999-07-14,4.400000095367432,4.545000076293945,4.349999904632568,4.465000152587891,7226800
1999-07-15,4.5,4.519999980926514,4.224999904632568,4.252500057220459,4739760
1999-07-16,4.25,4.447500228881836,4.212500095367432,4.264999866485596,4274180
1999-07-19,4.420000076293945,4.420000076293945,4.25,4.28249979019165,2619940
1999-07-20,4.230000019073486,4.275000095367432,4.102499961853027,4.207499980926514,6724980
1999-07-21,4.295000076293945,4.324999809265137,4.099999904632568,4.272500038146973,2389220
1999-07-22,4.275000095367432,4.337500095367432,4.239999771118164,4.267499923706055,3293400
1999-07-23,4.3125,4.3125,4.230000019073486,4.239999771118164,3580860
1999-07-26,4.287499904632568,4.287499904632568,4.224999904632568,4.260000228881836,2075740
1999-07-27,4.239999771118164,4.300000190734863,4.202499866485596,4.28000020980835,2653340
1999-07-28,4.297500133514404,4.5,4.297500133514404,4.340000152587891,3460880
1999-07-29,4.309999942779541,4.349999904632568,4.275000095367432,4.289999961853027,1264540
1999-07-30,4.320000171661377,4.320000171661377,4.224999904632568,4.25,1197280
1999-08-02,4.244999885559082,4.244999885559082,4.175000190734863,4.197500228881836,1007580
1999-08-03,4.130000114440918,4.244999885559082,4.127500057220459,4.172500133514404,1932820
1999-08-04,4.247499942779541,4.247499942779541,4.162499904632568,4.199999809265137,5959600
1999-08-05,4.212500095367432,4.224999904632568,4.130000114440918,4.152500152587891,681740
1999-08-06,4.099999904632568,4.190000057220459,4.012499809265137,4.162499904632568,575940
1999-08-09,4.21999979019165,4.21999979019165,4.0625,4.112500190734863,611800
1999-08-10,4.002500057220459,4.199999809265137,3.8299999237060547,4.170000076293945,1679580
1999-08-11,4.195000171661377,4.195000171661377,4.074999809265137,4.110000133514404,470000
1999-08-12,4.099999904632568,4.099999904632568,4.052499771118164,4.070000171661377,658360
1999-08-13,4.0625,4.074999809265137,3.9749999046325684,3.997499942779541,919200
1999-08-16,3.9749999046325684,4.034999847412109,3.9000000953674316,4.0,722620
1999-08-17,4.025000095367432,4.074999809265137,3.9625000953674316,4.019999980926514,900900
1999-08-18,4.144999980926514,4.25,4.0625,4.164999961853027,1589660
1999-08-19,4.199999809265137,4.235000133514404,3.9774999618530273,4.0,2508300
1999-08-20,4.03000020980835,4.074999809265137,4.0,4.045000076293945,568480
1999-08-23,4.0625,4.369999885559082,4.039999961853027,4.347499847412109,5958280
1999-08-24,4.394999980926514,4.670000076293945,4.25,4.647500038146973,9998660
1999-08-25,4.747499942779541,4.747499942779541,4.349999904632568,4.40500020980835,4221880
1999-08-26,4.412499904632568,4.59250020980835,4.400000095367432,4.4375,1770220
1999-08-27,4.5,4.550000190734863,4.375,4.432499885559082,1054300
1999-08-30,4.497499942779541,4.644999980926514,4.412499904632568,4.447500228881836,3327360
1999-08-31,4.400000095367432,4.400000095367432,4.275000095367432,4.302499771118164,3356660
1999-09-01,4.394999980926514,4.394999980926514,4.199999809265137,4.332499980926514,3546400
1999-09-02,4.255000114440918,4.34250020980835,4.25,4.295000076293945,1560560
1999-09-03,4.349999904632568,4.349999904632568,4.255000114440918,4.304999828338623,1439240
1999-09-06,4.329999923706055,4.364999771118164,4.277500152587891,4.332499980926514,1677540
1999-09-07,4.349999904632568,4.587500095367432,4.349999904632568,4.552499771118164,3907000
1999-09-08,4.699999809265137,4.917500019073486,4.699999809265137,4.917500019073486,5584140
1999-09-09,5.309999942779541,5.3125,5.309999942779541,5.3125,3683460
1999-09-10,5.295000076293945,5.34499979019165,4.887499809265137,4.947500228881836,6810860
1999-09-13,4.947500228881836,4.947500228881836,4.947500228881836,4.947500228881836,0
1999-09-14,5.244999885559082,5.244999885559082,4.78000020980835,4.827499866485596,5346220
1999-09-15,5.130000114440918,5.130000114440918,4.625,4.710000038146973,2994140
1999-09-16,4.53000020980835,4.75,4.53000020980835,4.702499866485596,1841220
1999-09-17,4.699999809265137,4.945000171661377,4.574999809265137,4.832499980926514,3767660
1999-09-20,4.887499809265137,4.887499809265137,4.517499923706055,4.567500114440918,1747340
1999-09-21,4.550000190734863,4.599999904632568,4.355000019073486,4.487500190734863,3134160
1999-09-22,4.550000190734863,4.824999809265137,4.5,4.772500038146973,3880440
1999-09-23,4.800000190734863,4.84250020980835,4.75,4.760000228881836,1657880
1999-09-24,4.824999809265137,4.824999809265137,4.75,4.784999847412109,1742920
1999-09-27,4.744999885559082,4.84499979019165,4.675000190734863,4.75,1818980
1999-09-28,4.675000190734863,4.849999904632568,4.65749979019165,4.762499809265137,2628700
1999-09-29,4.847499847412109,4.929999828338623,4.755000114440918,4.764999866485596,1077780
1999-09-30,4.800000190734863,5.147500038146973,4.760000228881836,5.117499828338623,6602680
1999-10-01,4.949999809265137,4.974999904632568,4.775000095367432,4.932499885559082,2294100
1999-10-04,4.847499847412109,4.849999904632568,4.75,4.75,2859380
1999-10-05,4.800000190734863,4.849999904632568,4.602499961853027,4.804999828338623,2143780
1999-10-06,4.824999809265137,4.974999904632568,4.75,4.764999866485596,3153360
1999-10-07,4.942500114440918,4.987500190734863,4.807499885559082,4.880000114440918,3660880
1999-10-08,4.9375,5.122499942779541,4.852499961853027,4.957499980926514,5238940
1999-10-11,5.09499979019165,5.142499923706055,4.902500152587891,4.942500114440918,5147720
1999-10-12,4.949999809265137,5.235000133514404,4.755000114440918,5.050000190734863,4961060
1999-10-13,5.099999904632568,5.175000190734863,4.755000114440918,5.097499847412109,6268840
1999-10-14,5.125,5.172500133514404,4.949999809265137,5.005000114440918,5589180
1999-10-15,5.099999904632568,5.25,4.900000095367432,4.912499904632568,1889740
1999-10-18,4.900000095367432,5.244999885559082,4.900000095367432,5.164999961853027,5808120
1999-10-19,5.164999961853027,5.164999961853027,5.164999961853027,5.164999961853027,0
1999-10-20,5.25,5.347499847412109,5.112500190734863,5.175000190734863,2384940
1999-10-21,5.247499942779541,5.247499942779541,4.900000095367432,4.917500019073486,2667400
1999-10-22,4.949999809265137,5.017499923706055,4.900000095367432,4.997499942779541,5776040
1999-10-25,5.144999980926514,5.150000095367432,4.75,4.807499885559082,3334300
1999-10-26,4.724999904632568,4.849999904632568,4.699999809265137,4.71999979019165,2934100
1999-10-27,4.822500228881836,4.900000095367432,4.769999980926514,4.885000228881836,1115240
1999-10-28,4.889999866485596,4.900000095367432,4.675000190734863,4.735000133514404,1133900
1999-10-29,4.800000190734863,4.800000190734863,4.400000095367432,4.635000228881836,6301880
1999-11-01,4.510000228881836,4.637499809265137,4.5,4.552499771118164,1871400
1999-11-02,4.5,4.699999809265137,4.5,4.664999961853027,1842740
1999-11-03,4.75,4.849999904632568,4.75,4.762499809265137,3045700
1999-11-04,4.512499809265137,4.800000190734863,4.505000114440918,4.722499847412109,969800
1999-11-05,4.724999904632568,4.747499942779541,4.677499771118164,4.722499847412109,516300
1999-11-08,4.722499847412109,4.722499847412109,4.722499847412109,4.722499847412109,0
1999-11-09,4.627500057220459,4.792500019073486,4.554999828338623,4.642499923706055,932600
1999-11-10,4.5,4.722499847412109,4.5,4.684999942779541,543600
1999-11-11,4.675000190734863,4.699999809265137,4.650000095367432,4.675000190734863,488980
1999-11-12,4.625,4.664999961853027,4.550000190734863,4.650000095367432,445860
1999-11-15,4.650000095367432,4.650000095367432,4.557499885559082,4.612500190734863,401500
1999-11-16,4.579999923706055,4.650000095367432,4.554999828338623,4.610000133514404,922280
1999-11-17,4.675000190734863,4.675000190734863,4.5625,4.5625,353380
1999-11-18,4.525000095367432,4.585000038146973,4.5,4.5625,703480
1999-11-19,4.574999809265137,4.625,4.550000190734863,4.557499885559082,427600
1999-11-22,4.525000095367432,4.775000095367432,4.449999809265137,4.6875,1116500
1999-11-23,4.6875,4.6875,4.6875,4.6875,0
1999-11-24,4.75,4.75,4.5625,4.585000038146973,2389060
1999-11-25,4.577499866485596,4.637499809265137,4.552499771118164,4.577499866485596,3126080
1999-11-26,4.739999771118164,4.945000171661377,4.684999942779541,4.945000171661377,7305500
1999-11-29,5.102499961853027,5.34250020980835,5.102499961853027,5.34250020980835,5947960
1999-11-30,5.724999904632568,5.769999980926514,5.599999904632568,5.769999980926514,5126400
1999-12-01,6.150000095367432,6.232500076293945,5.647500038146973,6.179999828338623,20571640
1999-12-02,6.284999847412109,6.675000190734863,6.202499866485596,6.630000114440918,17407800
1999-12-03,7.0,7.162499904632568,6.849999904632568,7.162499904632568,13970780
1999-12-06,7.635000228881836,7.737500190734863,7.400000095367432,7.737500190734863,20707400
1999-12-07,8.180000305175781,8.180000305175781,7.322500228881836,7.65749979019165,14827520
1999-12-08,7.887499809265137,7.900000095367432,7.050000190734863,7.454999923706055,15140000
1999-12-09,7.599999904632568,8.052499771118164,7.25,8.005000114440918,16357100
1999-12-10,8.052499771118164,8.300000190734863,7.699999809265137,7.849999904632568,7520120
1999-12-13,7.949999809265137,7.949999809265137,7.599999904632568,7.772500038146973,7507860
1999-12-14,7.800000190734863,7.945000171661377,7.550000190734863,7.602499961853027,7180540
1999-12-15,7.5,8.212499618530273,7.400000095367432,8.212499618530273,8059860
1999-12-16,8.692500114440918,8.869999885559082,8.5,8.869999885559082,1665300
1999-12-17,9.449999809265137,9.579999923706055,9.079999923706055,9.170000076293945,10238160
1999-12-20,9.359999656677246,9.5,8.75,8.835000038146973,6514860
1999-12-21,8.899999618530273,9.0,8.649999618530273,8.824999809265137,9054800
1999-12-22,9.0,9.244999885559082,8.707500457763672,8.77750015258789,5040000
1999-12-23,8.75,8.75,8.255000114440918,8.332500457763672,1182120
1999-12-24,8.257499694824219,8.300000190734863,7.90500020980835,8.042499542236328,3082500
1999-12-27,8.0,8.0,7.5,7.53000020980835,2398040
1999-12-28,7.5,7.997499942779541,7.099999904632568,7.59250020980835,3147020
1999-12-29,7.900000095367432,7.992499828338623,7.75,7.784999847412109,1310640
1999-12-30,7.889999866485596,8.0,7.755000114440918,7.869999885559082,4196440
1999-12-31,7.869999885559082,7.869999885559082,7.869999885559082,7.869999885559082,0
2000-01-03,8.300000190734863,8.5,8.300000190734863,8.5,665180
2000-01-04,9.100000381469727,9.172499656677246,8.550000190734863,8.6899995803833,3374200
2000-01-05,8.5,8.694999694824219,8.25,8.34749984741211,3196400
2000-01-06,8.399999618530273,8.5,8.265000343322754,8.414999961853027,1700520
2000-01-07,8.107500076293945,8.550000190734863,8.107500076293945,8.417499542236328,1702880
2000-01-10,8.645000457763672,8.975000381469727,8.25,8.295000076293945,2008680
2000-01-11,8.324999809265137,8.395000457763672,7.849999904632568,8.170000076293945,2915680
2000-01-12,8.1875,8.397500038146973,8.114999771118164,8.272500038146973,1719040
2000-01-13,8.494999885559082,8.494999885559082,8.25,8.255000114440918,965520
2000-01-14,8.399999618530273,8.399999618530273,8.199999809265137,8.272500038146973,1163040
2000-01-17,8.699999809265137,8.9350004196167,8.602499961853027,8.9350004196167,2748080
2000-01-18,8.9350004196167,8.9350004196167,8.227499961853027,8.28499984741211,5113040
2000-01-19,8.600000381469727,8.949999809265137,8.600000381469727,8.949999809265137,6996360
2000-01-20,9.239999771118164,9.239999771118164,8.800000190734863,8.930000305175781,5381960
2000-01-21,8.800000190734863,9.600000381469727,8.604999542236328,9.407500267028809,9446580
2000-01-24,9.9399995803833,10.15999984741211,9.649999618530273,10.02750015258789,8987320
2000-01-25,9.949999809265137,10.829999923706055,9.949999809265137,10.829999923706055,5805820
2000-01-26,10.829999923706055,10.829999923706055,10.829999923706055,10.829999923706055,0
2000-01-27,11.199999809265137,11.697500228881836,11.0625,11.484999656677246,11271640
2000-01-28,11.5,11.649999618530273,11.199999809265137,11.395000457763672,9583300
2000-01-31,11.505000114440918,12.307499885559082,11.505000114440918,11.887499809265137,12747600
2000-02-01,11.800000190734863,12.199999809265137,11.75,12.047499656677246,7815580
2000-02-02,13.010000228881836,13.012499809265137,11.949999809265137,12.199999809265137,6876640
2000-02-03,12.199999809265137,12.5,11.225000381469727,11.297499656677246,5693740
2000-02-04,11.4975004196167,11.600000381469727,10.875,11.447500228881836,5314080
2000-02-07,11.75,12.364999771118164,11.5,12.335000038146973,7780700
2000-02-08,12.5,12.6899995803833,12.005000114440918,12.537500381469727,6104160
2000-02-09,12.75,13.050000190734863,12.305000305175781,12.625,6344660
2000-02-10,12.5,13.100000381469727,12.412500381469727,12.587499618530273,4201720
2000-02-11,12.755000114440918,12.949999809265137,11.582500457763672,11.604999542236328,5296460
2000-02-14,11.75,11.75,11.007499694824219,11.672499656677246,5050880
2000-02-15,11.699999809265137,11.75,11.255000114440918,11.380000114440918,3881740
2000-02-16,12.244999885559082,12.292499542236328,11.5,12.292499542236328,1412000
2000-02-17,12.885000228881836,12.885000228881836,12.407500267028809,12.520000457763672,4683200
2000-02-18,12.550000190734863,12.649999618530273,11.949999809265137,12.130000114440918,2375540
2000-02-21,12.162500381469727,12.399999618530273,11.755000114440918,11.807499885559082,2209440
2000-02-22,11.802499771118164,12.0,10.864999771118164,10.8774995803833,3496120
2000-02-23,11.300000190734863,11.744999885559082,10.875,10.97249984741211,2690160
2000-02-24,11.100000381469727,11.5,10.774999618530273,11.350000381469727,1757840
2000-02-25,11.4975004196167,11.699999809265137,11.100000381469727,11.350000381469727,2530640
2000-02-28,11.492500305175781,11.5,11.0,11.3774995803833,1714420
2000-02-29,11.399999618530273,11.949999809265137,10.475000381469727,10.84000015258789,5173760
2000-03-01,10.899999618530273,11.707500457763672,10.899999618530273,11.707500457763672,641880
2000-03-02,12.5,12.645000457763672,12.5,12.645000457763672,798720
2000-03-03,13.657500267028809,13.657500267028809,13.657500267028809,13.657500267028809,1285880
2000-03-06,14.7475004196167,14.75,12.75,13.302499771118164,4072820
2000-03-07,13.25,13.395000457763672,12.75,12.90999984741211,3248240
2000-03-08,13.25,13.944999694824219,13.100000381469727,13.602499961853027,4009540
2000-03-09,13.507499694824219,14.0,12.550000190734863,13.479999542236328,2679580
2000-03-10,13.0625,13.149999618530273,12.40250015258789,12.707500457763672,2936660
2000-03-13,12.5,13.725000381469727,12.5,13.4975004196167,4159640
2000-03-14,13.774999618530273,14.0,12.800000190734863,13.270000457763672,3564040
2000-03-15,13.5,13.5,12.350000381469727,12.992500305175781,1655720
2000-03-16,13.100000381469727,13.100000381469727,12.7524995803833,12.84749984741211,2649280
2000-03-17,12.84749984741211,12.84749984741211,12.84749984741211,12.84749984741211,0
2000-03-20,12.84749984741211,12.84749984741211,12.84749984741211,12.84749984741211,0
2000-03-21,13.0,13.0,12.335000038146973,12.789999961853027,3202220
2000-03-22,12.987500190734863,13.25,12.702500343322754,13.057499885559082,1522600
2000-03-23,12.912500381469727,14.102499961853027,12.912500381469727,14.020000457763672,5076880
2000-03-24,13.755000114440918,13.887499809265137,13.225000381469727,13.670000076293945,2343080
2000-03-27,13.75,13.899999618530273,13.3125,13.585000038146973,1222620
2000-03-28,13.425000190734863,13.925000190734863,13.40250015258789,13.755000114440918,1967280
2000-03-29,13.800000190734863,14.397500038146973,13.15250015258789,13.270000457763672,1969600
2000-03-30,12.824999809265137,13.300000190734863,12.550000190734863,13.1274995803833,1907360
2000-03-31,12.649999618530273,13.0,12.600000381469727,12.859999656677246,1487200
2000-04-03,12.9975004196167,13.649999618530273,12.007499694824219,12.357500076293945,3371760
2000-04-04,12.149999618530273,12.149999618530273,11.369999885559082,11.369999885559082,1435660
2000-04-05,11.600000381469727,11.600000381469727,10.462499618530273,10.462499618530273,1745620
2000-04-06,10.350000381469727,10.600000381469727,9.6274995803833,9.6274995803833,1670120
2000-04-07,9.75,10.397500038146973,9.2524995803833,10.397500038146973,3218580
2000-04-10,11.225000381469727,11.229999542236328,10.9975004196167,11.229999542236328,3121120
2000-04-11,11.229999542236328,11.744999885559082,10.449999809265137,11.3100004196167,5918660
2000-04-12,11.899999618530273,12.149999618530273,11.149999618530273,11.649999618530273,2618020
2000-04-13,11.449999809265137,11.699999809265137,10.75,11.572500228881836,3826320
2000-04-14,11.572500228881836,11.572500228881836,11.572500228881836,11.572500228881836,0
2000-04-17,11.25,11.25,10.647500038146973,10.647500038146973,2566580
2000-04-18,10.702500343322754,11.244999885559082,10.702500343322754,11.104999542236328,2737960
2000-04-19,11.449999809265137,11.600000381469727,10.949999809265137,11.322500228881836,2819060
2000-04-20,11.149999618530273,11.350000381469727,10.765000343322754,11.28499984741211,3587940
2000-04-21,11.28499984741211,11.28499984741211,11.28499984741211,11.28499984741211,0
2000-04-24,11.25,11.795000076293945,11.225000381469727,11.604999542236328,3972720
2000-04-25,11.404999732971191,11.75,11.0,11.547499656677246,5120320
2000-04-26,11.994999885559082,12.47249984741211,11.5625,12.462499618530273,3779560
2000-04-27,12.734999656677246,12.75,11.654999732971191,12.274999618530273,5115360
2000-04-28,12.102499961853027,12.475000381469727,12.0024995803833,12.257499694824219,3344980
2000-05-01,12.257499694824219,12.257499694824219,12.257499694824219,12.257499694824219,0
2000-05-02,12.350000381469727,12.699999809265137,12.0,12.5600004196167,5077460
2000-05-03,12.149999618530273,12.494999885559082,11.625,12.3100004196167,4457840
2000-05-04,12.744999885559082,12.850000381469727,12.305000305175781,12.539999961853027,3444900
2000-05-05,12.425000190734863,13.5,12.362500190734863,12.992500305175781,5688380
2000-05-08,13.25,13.75,12.800000190734863,13.022500038146973,2764400
2000-05-09,12.800000190734863,13.2475004196167,12.649999618530273,13.069999694824219,2285760
2000-05-10,13.0,13.25,12.600000381469727,13.132499694824219,3749540
2000-05-11,12.755000114440918,13.545000076293945,12.702500343322754,13.289999961853027,4862760
2000-05-12,13.569999694824219,13.569999694824219,13.005000114440918,13.104999542236328,2593960
2000-05-15,12.90250015258789,13.100000381469727,12.550000190734863,12.854999542236328,3306260
2000-05-16,12.850000381469727,13.087499618530273,12.75,12.8125,2148140
2000-05-17,13.0,13.050000190734863,12.755000114440918,12.90250015258789,1602860
2000-05-18,12.755000114440918,12.949999809265137,12.75,12.802499771118164,977420
2000-05-19,12.602499961853027,13.024999618530273,12.602499961853027,12.787500381469727,4338100
2000-05-22,12.800000190734863,12.895000457763672,12.162500381469727,12.442500114440918,2203000
2000-05-23,12.350000381469727,12.350000381469727,10.952500343322754,11.6875,4078200
2000-05-24,11.5,12.6225004196167,11.005000114440918,12.104999542236328,6396820
2000-05-25,12.125,12.375,11.505000114440918,11.680000305175781,3152620
2000-05-26,11.555000305175781,11.797499656677246,11.255000114440918,11.512499809265137,2774700
2000-05-29,11.40250015258789,11.574999809265137,10.600000381469727,11.232500076293945,2823020
2000-05-30,11.350000381469727,11.475000381469727,10.800000190734863,11.1899995803833,2934900
2000-05-31,11.550000190734863,11.970000267028809,11.25,11.515000343322754,3053380
2000-06-01,11.350000381469727,11.600000381469727,11.300000190734863,11.462499618530273,1871460
2000-06-02,11.600000381469727,12.350000381469727,11.600000381469727,12.225000381469727,4436940
2000-06-05,12.305000305175781,13.175000190734863,12.207500457763672,12.352499961853027,3142220
2000-06-06,12.75,12.75,11.850000381469727,12.229999542236328,1835860
2000-06-07,11.899999618530273,12.020000457763672,11.699999809265137,11.975000381469727,1600040
2000-06-08,12.0,12.244999885559082,11.850000381469727,12.017499923706055,1273240
2000-06-09,12.100000381469727,12.5,12.100000381469727,12.262499809265137,2164220
2000-06-12,12.324999809265137,12.449999809265137,12.154999732971191,12.217499732971191,1282880
2000-06-13,12.0,12.75,11.949999809265137,12.680000305175781,2280280
2000-06-14,12.949999809265137,12.949999809265137,12.449999809265137,12.515000343322754,1414600
2000-06-15,12.552499771118164,12.649999618530273,12.3774995803833,12.545000076293945,1270040
2000-06-16,12.149999618530273,12.647500038146973,12.149999618530273,12.550000190734863,1116260
2000-06-19,12.262499809265137,12.649999618530273,12.257499694824219,12.582500457763672,1483700
2000-06-20,12.744999885559082,12.9350004196167,12.324999809265137,12.729999542236328,2015080
2000-06-21,12.899999618530273,13.149999618530273,12.654999732971191,12.8100004196167,3678280
2000-06-22,12.904999732971191,13.100000381469727,12.800000190734863,12.854999542236328,1301480
2000-06-23,12.704999923706055,12.949999809265137,12.704999923706055,12.869999885559082,1515620
2000-06-26,12.717499732971191,12.8725004196167,12.707500457763672,12.757499694824219,1320820
2000-06-27,12.75,12.75,12.550000190734863,12.595000267028809,1486640
2000-06-28,13.0,13.0,12.404999732971191,12.522500038146973,1207660
2000-06-29,12.574999809265137,12.949999809265137,12.550000190734863,12.880000114440918,1548080
2000-06-30,12.75,12.78499984741211,12.600000381469727,12.617500305175781,769000
2000-07-03,12.654999732971191,13.899999618530273,12.602499961853027,13.432499885559082,4008680
2000-07-04,13.399999618530273,14.042499542236328,13.300000190734863,13.942500114440918,6268580
2000-07-05,14.239999771118164,14.239999771118164,13.5625,13.899999618530273,4385420
2000-07-06,13.899999618530273,13.994999885559082,13.635000228881836,13.797499656677246,1914660
2000-07-07,13.850000381469727,14.25,13.7524995803833,14.09000015258789,4243960
2000-07-10,14.0,14.149999618530273,13.649999618530273,13.78499984741211,2883340
2000-07-11,13.949999809265137,14.0,13.699999809265137,13.742500305175781,1836820
2000-07-12,13.75,13.9350004196167,13.050000190734863,13.395000457763672,3658300
2000-07-13,13.694999694824219,13.807499885559082,13.107500076293945,13.292499542236328,4119320
2000-07-14,13.2524995803833,13.5,13.204999923706055,13.289999961853027,1551100
2000-07-17,13.204999923706055,13.212499618530273,12.699999809265137,12.717499732971191,2251520
2000-07-18,12.712499618530273,12.770000457763672,12.5,12.512499809265137,2852240
2000-07-19,12.399999618530273,12.647500038146973,12.399999618530273,12.5625,1388080
2000-07-20,12.5,12.899999618530273,12.255000114440918,12.417499542236328,1976220
2000-07-21,12.425000190734863,12.492500305175781,12.005000114440918,12.079999923706055,2296240
2000-07-24,11.7524995803833,11.899999618530273,11.255000114440918,11.5600004196167,4279640
2000-07-25,11.300000190734863,12.4350004196167,11.130000114440918,12.132499694824219,2046620
2000-07-26,12.449999809265137,12.600000381469727,12.125,12.25,1215260
2000-07-27,12.167499542236328,12.289999961853027,12.050000190734863,12.225000381469727,618840
2000-07-28,12.102499961853027,12.279999732971191,11.699999809265137,11.755000114440918,2598880
2000-07-31,11.75,11.800000190734863,11.5,11.645000457763672,492860
2000-08-01,11.795000076293945,11.795000076293945,11.3100004196167,11.3725004196167,1462000
2000-08-02,11.425000190734863,11.494999885559082,10.899999618530273,11.199999809265137,2341600
2000-08-03,11.239999771118164,12.895000457763672,11.202500343322754,12.6225004196167,5908060
2000-08-04,12.25,12.699999809265137,12.112500190734863,12.487500190734863,5677640
2000-08-07,12.40250015258789,12.5,11.489999771118164,11.760000228881836,2988300
2000-08-08,11.604999542236328,12.895000457763672,11.550000190734863,12.65250015258789,3933440
2000-08-09,12.710000038146973,12.75,12.100000381469727,12.202500343322754,1274620
2000-08-10,12.100000381469727,12.449999809265137,12.0625,12.182499885559082,878980
2000-08-11,11.7524995803833,12.220000267028809,11.7524995803833,12.109999656677246,1013240
2000-08-14,12.104999542236328,12.225000381469727,12.0625,12.175000190734863,1103500
2000-08-15,12.175000190734863,12.175000190734863,12.175000190734863,12.175000190734863,0
2000-08-16,12.300000190734863,12.375,12.199999809265137,12.300000190734863,619500
2000-08-17,12.234999656677246,12.75,12.234999656677246,12.34749984741211,2365400
2000-08-18,12.199999809265137,12.199999809265137,11.850000381469727,11.977499961853027,4924620
2000-08-21,11.755000114440918,11.899999618530273,11.3149995803833,11.760000228881836,5602380
2000-08-22,11.65999984741211,11.65999984741211,11.449999809265137,11.524999618530273,2223540
2000-08-23,12.149999618530273,12.149999618530273,11.550000190734863,11.640000343322754,2151480
2000-08-24,11.649999618530273,11.6899995803833,11.53499984741211,11.577500343322754,781340
2000-08-25,11.505000114440918,12.335000038146973,11.505000114440918,11.9399995803833,4625440
2000-08-28,12.100000381469727,12.100000381469727,11.7475004196167,11.760000228881836,858460
2000-08-29,11.699999809265137,11.859999656677246,11.550000190734863,11.737500190734863,1872900
2000-08-30,11.850000381469727,11.989999771118164,11.75,11.795000076293945,2226340
2000-08-31,11.720000267028809,12.0,11.720000267028809,11.967499732971191,876820
2000-09-01,11.967499732971191,11.967499732971191,11.967499732971191,11.967499732971191,0
2000-09-04,12.0,12.149999618530273,11.850000381469727,11.922499656677246,963600
2000-09-05,11.854999542236328,12.25,11.850000381469727,11.962499618530273,1739380
2000-09-06,12.0,12.449999809265137,12.0,12.1274995803833,2183900
2000-09-07,11.942500114440918,12.25,11.942500114440918,12.005000114440918,1395100
2000-09-08,11.904999732971191,12.197500228881836,11.904999732971191,11.927499771118164,1329520
2000-09-11,11.949999809265137,12.100000381469727,11.949999809265137,12.005000114440918,1347320
2000-09-12,11.954999923706055,11.987500190734863,11.774999618530273,11.8125,1861700
2000-09-13,11.899999618530273,11.925000190734863,11.755000114440918,11.792499542236328,946040
2000-09-14,11.65250015258789,11.8125,11.600000381469727,11.625,1849500
2000-09-15,11.555000305175781,11.555000305175781,11.175000190734863,11.382499694824219,3678120
2000-09-18,11.25,11.25,9.850000381469727,10.467499732971191,8188720
2000-09-19,10.324999809265137,11.75,9.90250015258789,11.517499923706055,6782700
2000-09-20,11.699999809265137,11.800000190734863,11.005000114440918,11.2524995803833,2684660
2000-09-21,11.25,11.3125,11.005000114440918,11.202500343322754,1577580
2000-09-22,11.0024995803833,11.145000457763672,10.75,10.845000267028809,2826480
2000-09-25,11.0,11.212499618530273,10.77750015258789,11.1899995803833,1365780
2000-09-26,11.100000381469727,11.199999809265137,11.012499809265137,11.117500305175781,1821640
2000-09-27,11.0,11.369999885559082,10.899999618530273,11.332500457763672,1232820
2000-09-28,11.369999885559082,11.397500038146973,11.0,11.194999694824219,2462080
2000-09-29,11.399999618530273,12.024999618530273,11.135000228881836,11.712499618530273,3224960
2000-10-02,11.712499618530273,11.712499618530273,11.712499618530273,11.712499618530273,0
2000-10-03,11.699999809265137,12.0,11.5,11.96500015258789,2031680
2000-10-04,12.0,12.0,11.602499961853027,11.805000305175781,1076860
2000-10-05,11.800000190734863,11.875,11.602499961853027,11.732500076293945,1068040
2000-10-06,11.760000228881836,12.399999618530273,11.100000381469727,12.220000267028809,8331960
2000-10-09,12.007499694824219,12.300000190734863,11.899999618530273,12.157500267028809,3405360
2000-10-10,11.899999618530273,12.244999885559082,11.774999618530273,11.952500343322754,3195220
2000-10-11,11.795000076293945,11.949999809265137,11.462499618530273,11.832500457763672,3054000
2000-10-12,11.7524995803833,11.875,11.654999732971191,11.822500228881836,1070640
2000-10-13,11.649999618530273,11.887499809265137,11.555000305175781,11.822500228881836,1717300
2000-10-16,12.050000190734863,12.225000381469727,11.529999732971191,11.842499732971191,3345360
2000-10-17,11.727499961853027,12.0,11.712499618530273,11.887499809265137,2013840
2000-10-18,11.800000190734863,11.992500305175781,11.612500190734863,11.90250015258789,1748820
2000-10-19,11.949999809265137,12.199999809265137,11.899999618530273,12.095000267028809,2330000
2000-10-20,12.25,12.350000381469727,12.149999618530273,12.234999656677246,1966900
2000-10-23,12.25,12.345000267028809,12.125,12.154999732971191,981080
2000-10-24,12.050000190734863,12.199999809265137,12.024999618530273,12.162500381469727,1817240
2000-10-25,12.199999809265137,12.199999809265137,12.007499694824219,12.069999694824219,968560
2000-10-26,12.25,12.25,12.015000343322754,12.067500114440918,265520
2000-10-27,12.050000190734863,12.142499923706055,11.852499961853027,12.0,315420
2000-10-30,11.90250015258789,12.449999809265137,11.90250015258789,12.345000267028809,1451960
2000-10-31,12.5,12.744999885559082,12.149999618530273,12.52750015258789,2537880
2000-11-01,12.72249984741211,12.72249984741211,12.25,12.357500076293945,901740
2000-11-02,12.27750015258789,12.649999618530273,12.27750015258789,12.59749984741211,2180520
2000-11-03,12.649999618530273,12.649999618530273,12.350000381469727,12.404999732971191,1172820
2000-11-06,12.350000381469727,12.649999618530273,12.350000381469727,12.5,6828940
2000-11-07,12.399999618530273,12.494999885559082,12.380000114440918,12.4375,1001480
2000-11-08,12.4975004196167,12.4975004196167,12.149999618530273,12.194999694824219,622380
2000-11-09,12.100000381469727,12.289999961853027,11.994999885559082,12.2475004196167,927460
2000-11-10,12.225000381469727,12.350000381469727,12.199999809265137,12.257499694824219,1017820
2000-11-13,12.037500381469727,12.199999809265137,12.0,12.017499923706055,758700
2000-11-14,12.0,12.024999618530273,11.625,11.789999961853027,1923120
2000-11-15,11.994999885559082,12.199999809265137,11.875,12.017499923706055,3576540
2000-11-16,12.0,12.055000305175781,11.457500457763672,11.630000114440918,6772260
2000-11-17,11.524999618530273,11.600000381469727,11.180000305175781,11.487500190734863,4549040
2000-11-20,11.449999809265137,11.5,11.225000381469727,11.432499885559082,1688420
2000-11-21,11.399999618530273,11.449999809265137,11.180000305175781,11.234999656677246,3451140
2000-11-22,11.494999885559082,11.494999885559082,11.100000381469727,11.204999923706055,3089020
2000-11-23,11.15250015258789,11.225000381469727,10.702500343322754,10.842499732971191,4064840
2000-11-24,10.949999809265137,11.2524995803833,10.907500267028809,11.1850004196167,3390040
2000-11-27,11.232500076293945,11.324999809265137,11.162500381469727,11.287500381469727,3358520
2000-11-28,11.295000076293945,11.337499618530273,11.0,11.082500457763672,3691140
2000-11-29,11.970000267028809,11.970000267028809,10.957500457763672,11.102499961853027,3114600
2000-11-30,11.192500114440918,11.300000190734863,10.925000190734863,11.057499885559082,2444480
2000-12-01,11.012499809265137,11.012499809265137,10.5,10.8125,7303660
2000-12-04,10.75,10.944999694824219,10.75,10.817500114440918,2176400
2000-12-05,10.895000457763672,10.895000457763672,10.649999618530273,10.707500457763672,4543480
2000-12-06,10.899999618530273,11.494999885559082,10.899999618530273,10.9975004196167,4733020
2000-12-07,10.962499618530273,11.0,10.875,10.912500381469727,1620300
2000-12-08,10.949999809265137,11.074999809265137,10.90250015258789,10.957500457763672,3503620
2000-12-11,11.050000190734863,11.229999542236328,11.0,11.130000114440918,3172700
2000-12-12,11.25,11.59749984741211,11.25,11.430000305175781,9136860
2000-12-13,11.475000381469727,12.199999809265137,11.454999923706055,11.725000381469727,9930900
2000-12-14,11.75,11.850000381469727,11.399999618530273,11.462499618530273,3493500
2000-12-15,11.600000381469727,11.600000381469727,10.9399995803833,10.987500190734863,4491360
2000-12-18,10.65250015258789,10.994999885559082,10.65250015258789,10.854999542236328,2768860
2000-12-19,10.8725004196167,10.952500343322754,10.702500343322754,10.7524995803833,5264760
2000-12-20,10.850000381469727,11.095000267028809,10.774999618530273,10.9975004196167,3553020
2000-12-21,10.850000381469727,11.024999618530273,10.75,10.882499694824219,2755400
2000-12-22,10.994999885559082,11.0,10.782500267028809,10.8125,2122180
2000-12-25,10.8125,10.8125,10.8125,10.8125,0
2000-12-26,10.757499694824219,10.949999809265137,10.619999885559082,10.767499923706055,3800920
2000-12-27,10.774999618530273,11.0,10.774999618530273,10.912500381469727,1422820
2000-12-28,10.9350004196167,11.2475004196167,10.9350004196167,11.0024995803833,3506960
2000-12-29,11.050000190734863,11.237500190734863,11.0,11.140000343322754,3605400
2001-01-01,11.244999885559082,11.287500381469727,11.100000381469727,11.112500190734863,2007180
2001-01-02,11.142499923706055,11.25,10.949999809265137,11.199999809265137,3573620
2001-01-03,11.350000381469727,11.75,11.25,11.292499542236328,8415080
2001-01-04,11.417499542236328,11.494999885559082,11.232500076293945,11.267499923706055,4250540
2001-01-05,11.272500038146973,11.5,11.234999656677246,11.430000305175781,3236880
2001-01-08,11.350000381469727,11.600000381469727,11.350000381469727,11.507499694824219,5192260
2001-01-09,11.53499984741211,11.899999618530273,11.460000038146973,11.787500381469727,5399700
2001-01-10,11.930000305175781,11.9975004196167,11.204999923706055,11.270000457763672,6518560
2001-01-11,11.399999618530273,11.600000381469727,11.300000190734863,11.444999694824219,3798000
2001-01-12,11.574999809265137,11.949999809265137,11.5,11.864999771118164,7893520
2001-01-15,11.989999771118164,12.595000267028809,11.949999809265137,12.449999809265137,9799160
2001-01-16,12.5,12.579999923706055,12.302499771118164,12.5,5726300
2001-01-17,12.449999809265137,12.550000190734863,12.260000228881836,12.457500457763672,4166160
2001-01-18,12.4975004196167,12.524999618530273,12.300000190734863,12.494999885559082,3389020
2001-01-19,12.494999885559082,12.699999809265137,12.305000305175781,12.587499618530273,6125080
2001-01-22,12.649999618530273,12.975000381469727,12.295000076293945,12.40250015258789,5107020
2001-01-23,12.412500381469727,12.649999618530273,12.412500381469727,12.482500076293945,2148120
2001-01-24,12.449999809265137,12.550000190734863,12.324999809265137,12.470000267028809,2142100
2001-01-25,12.475000381469727,12.75,12.399999618530273,12.479999542236328,2559860
2001-01-26,12.479999542236328,12.479999542236328,12.479999542236328,12.479999542236328,0
2001-01-29,12.399999618530273,12.5,12.149999618530273,12.265000343322754,3282160
2001-01-30,12.25,12.524999618530273,12.1274995803833,12.470000267028809,2454700
2001-01-31,12.300000190734863,12.75,12.300000190734863,12.694999694824219,3481040
2001-02-01,12.699999809265137,12.7524995803833,12.425000190734863,12.5600004196167,1884860
2001-02-02,12.529999732971191,12.680000305175781,12.425000190734863,12.612500190734863,1685260
2001-02-05,12.600000381469727,13.619999885559082,12.550000190734863,13.199999809265137,10560940
2001-02-06,13.149999618530273,13.25,12.852499961853027,12.975000381469727,2046400
2001-02-07,13.0,13.175000190734863,12.5,12.5649995803833,2288320
2001-02-08,12.59000015258789,12.949999809265137,12.5,12.914999961853027,2494420
2001-02-09,12.994999885559082,13.949999809265137,12.994999885559082,13.607500076293945,15991040
2001-02-12,13.645000457763672,13.694999694824219,13.050000190734863,13.125,4402060
2001-02-13,13.149999618530273,13.274999618530273,12.875,12.960000038146973,3622020
2001-02-14,13.0,13.28499984741211,12.845000267028809,13.225000381469727,5282120
2001-02-15,13.300000190734863,13.300000190734863,13.0,13.057499885559082,1878960
2001-02-16,13.197500228881836,13.4975004196167,12.609999656677246,12.6899995803833,4477960
2001-02-19,13.050000190734863,13.1899995803833,12.675000190734863,12.84000015258789,3579220
2001-02-20,12.800000190734863,12.875,12.505000114440918,12.539999961853027,2885340
2001-02-21,12.6899995803833,12.699999809265137,11.949999809265137,12.515000343322754,4237540
2001-02-22,12.505000114440918,12.800000190734863,12.46500015258789,12.574999809265137,4735480
2001-02-23,12.647500038146973,12.649999618530273,12.199999809265137,12.369999885559082,5395320
2001-02-26,12.350000381469727,12.550000190734863,12.0024995803833,12.5,1656760
2001-02-27,12.5,12.600000381469727,12.354999542236328,12.520000457763672,3106380
2001-02-28,13.25,13.449999809265137,12.5,12.827500343322754,8807820
2001-03-01,13.100000381469727,13.734999656677246,12.954999923706055,13.2475004196167,6688000
2001-03-02,13.449999809265137,13.600000381469727,13.164999961853027,13.229999542236328,6168800
2001-03-05,13.149999618530273,13.350000381469727,12.757499694824219,12.862500190734863,4162800
2001-03-06,12.862500190734863,12.862500190734863,12.862500190734863,12.862500190734863,0
2001-03-07,12.800000190734863,13.0,12.505000114440918,12.869999885559082,2432700
2001-03-08,12.800000190734863,13.199999809265137,12.800000190734863,13.112500190734863,1809940
2001-03-09,12.899999618530273,12.899999618530273,12.5024995803833,12.632499694824219,2856760
2001-03-12,12.550000190734863,12.649999618530273,12.452500343322754,12.510000228881836,1830840
2001-03-13,12.452500343322754,12.452500343322754,10.52750015258789,11.057499885559082,5029780
2001-03-14,11.0,12.399999618530273,11.0,12.194999694824219,2948680
2001-03-15,12.492500305175781,12.492500305175781,11.7524995803833,12.117500305175781,3428160
2001-03-16,12.0024995803833,12.25,11.199999809265137,11.625,2215020
2001-03-19,11.300000190734863,11.850000381469727,11.199999809265137,11.742500305175781,914540
2001-03-20,11.704999923706055,11.75,11.362500190734863,11.47249984741211,1399640
2001-03-21,11.300000190734863,12.100000381469727,11.300000190734863,11.807499885559082,1922000
2001-03-22,11.824999809265137,11.875,11.5600004196167,11.640000343322754,472500
2001-03-23,11.625,11.75,11.25,11.477499961853027,723580
2001-03-26,11.149999618530273,11.550000190734863,11.149999618530273,11.3725004196167,343540
2001-03-27,11.399999618530273,11.4975004196167,11.302499771118164,11.359999656677246,2381400
2001-03-28,11.454999923706055,11.694999694824219,11.399999618530273,11.432499885559082,610000
2001-03-29,11.444999694824219,11.550000190734863,11.399999618530273,11.475000381469727,2361900
2001-03-30,11.449999809265137,11.550000190734863,11.302499771118164,11.417499542236328,1237980
2001-04-02,11.3100004196167,11.3100004196167,10.75,11.157500267028809,1614840
2001-04-03,11.055000305175781,11.300000190734863,10.954999923706055,11.2524995803833,1723720
2001-04-04,11.130000114440918,11.34749984741211,11.007499694824219,11.297499656677246,635980
2001-04-05,11.297499656677246,11.297499656677246,11.297499656677246,11.297499656677246,0
2001-04-06,11.25,11.524999618530273,11.25,11.395000457763672,901400
2001-04-09,11.354999542236328,11.362500190734863,11.100000381469727,11.270000457763672,1037000
2001-04-10,11.274999618530273,11.395000457763672,11.25,11.300000190734863,1732660
2001-04-11,11.279999732971191,11.625,11.25,11.52750015258789,1868340
2001-04-12,11.40250015258789,11.75,11.204999923706055,11.569999694824219,2090400
2001-04-13,11.569999694824219,11.569999694824219,11.569999694824219,11.569999694824219,0
2001-04-16,11.7475004196167,12.095000267028809,11.449999809265137,11.782500267028809,1962580
2001-04-17,11.800000190734863,12.399999618530273,11.75,12.287500381469727,2617100
2001-04-18,12.350000381469727,12.494999885559082,12.149999618530273,12.262499809265137,2258380
2001-04-19,12.300000190734863,12.5,11.800000190734863,11.979999542236328,4675760
2001-04-20,12.25,12.25,11.7524995803833,12.182499885559082,3066020
2001-04-23,12.149999618530273,12.244999885559082,12.0625,12.167499542236328,1226440
2001-04-24,12.007499694824219,12.09000015258789,11.807499885559082,11.890000343322754,2584580
2001-04-25,11.850000381469727,11.949999809265137,11.802499771118164,11.859999656677246,544900
2001-04-26,11.920000076293945,11.9975004196167,11.8125,11.895000457763672,439180
2001-04-27,11.774999618530273,11.800000190734863,11.0,11.6225004196167,1031440
2001-04-30,11.300000190734863,11.795000076293945,11.300000190734863,11.520000457763672,1325140
2001-05-01,11.520000457763672,11.520000457763672,11.520000457763672,11.520000457763672,0
2001-05-02,11.024999618530273,11.895000457763672,11.024999618530273,11.800000190734863,1119800
2001-05-03,11.949999809265137,12.0,11.510000228881836,11.667499542236328,879580
2001-05-04,11.737500190734863,11.737500190734863,11.557499885559082,11.609999656677246,996520
2001-05-07,11.697500228881836,11.899999618530273,11.602499961853027,11.8725004196167,1189340
2001-05-08,11.800000190734863,11.850000381469727,11.604999542236328,11.649999618530273,849800
2001-05-09,11.725000381469727,12.0,11.550000190734863,11.880000114440918,1463720
2001-05-10,12.0,12.234999656677246,11.772500038146973,11.819999694824219,2145420
2001-05-11,11.899999618530273,11.899999618530273,11.649999618530273,11.682499885559082,603620
2001-05-14,11.850000381469727,12.050000190734863,11.625,11.864999771118164,1570720
2001-05-15,11.604999542236328,12.145000457763672,11.300000190734863,12.037500381469727,1459080
2001-05-16,12.050000190734863,12.204999923706055,11.699999809265137,11.782500267028809,2480020
2001-05-17,11.987500190734863,12.172499656677246,11.602499961853027,11.720000267028809,2546400
2001-05-18,11.899999618530273,12.0,11.704999923706055,11.779999732971191,1689200
2001-05-21,12.0,12.194999694824219,11.65250015258789,11.859999656677246,3246280
2001-05-22,11.932499885559082,12.135000228881836,11.75,11.789999961853027,1771860
2001-05-23,11.949999809265137,11.949999809265137,11.84000015258789,11.867500305175781,1307940
2001-05-24,11.914999961853027,11.944999694824219,11.774999618530273,11.819999694824219,375880
2001-05-25,11.864999771118164,11.864999771118164,11.5,11.537500381469727,2491600
2001-05-28,11.5,11.75,11.475000381469727,11.717499732971191,1934360
2001-05-29,11.699999809265137,11.800000190734863,11.600000381469727,11.755000114440918,2833540
2001-05-30,11.75,11.772500038146973,11.404999732971191,11.507499694824219,3596640
2001-05-31,11.569999694824219,11.569999694824219,11.3774995803833,11.494999885559082,1559200
2001-06-01,11.569999694824219,11.600000381469727,11.457500457763672,11.524999618530273,809540
2001-06-04,11.574999809265137,11.657500267028809,11.46500015258789,11.614999771118164,1626440
2001-06-05,11.5,11.649999618530273,11.5,11.595000267028809,1624140
2001-06-06,11.649999618530273,11.734999656677246,11.625,11.704999923706055,923980
2001-06-07,11.649999618530273,11.649999618530273,11.375,11.5024995803833,2484020
2001-06-08,11.550000190734863,11.625,11.425000190734863,11.574999809265137,2238760
2001-06-11,11.524999618530273,11.595000267028809,11.399999618530273,11.532500267028809,752040
2001-06-12,11.550000190734863,11.550000190734863,11.0,11.390000343322754,1521240
2001-06-13,11.425000190734863,11.449999809265137,11.255000114440918,11.364999771118164,1491480
2001-06-14,11.395000457763672,11.395000457763672,10.805000305175781,10.890000343322754,2216720
2001-06-15,10.802499771118164,10.994999885559082,10.199999809265137,10.710000038146973,3674360
2001-06-18,10.75,10.75,9.854999542236328,9.922499656677246,2641200
2001-06-19,10.0,10.425000190734863,9.949999809265137,10.212499618530273,6105640
2001-06-20,10.345000267028809,10.699999809265137,10.289999961853027,10.662500381469727,2591140
2001-06-21,10.744999885559082,11.199999809265137,10.744999885559082,11.042499542236328,2578140
2001-06-22,11.005000114440918,11.324999809265137,10.875,10.942500114440918,2128500
2001-06-25,10.925000190734863,10.949999809265137,10.482500076293945,10.545000076293945,1360940
2001-06-26,10.449999809265137,10.897500038146973,10.399999618530273,10.797499656677246,1544860
2001-06-27,10.725000381469727,10.850000381469727,10.649999618530273,10.675000190734863,1091260
2001-06-28,10.710000038146973,10.8100004196167,10.649999618530273,10.762499809265137,588060
2001-06-29,10.75,10.795000076293945,10.392499923706055,10.479999542236328,1528000
2001-07-02,10.699999809265137,10.725000381469727,10.600000381469727,10.632499694824219,373120
2001-07-03,10.595000267028809,10.699999809265137,10.327500343322754,10.357500076293945,14009280
2001-07-04,10.397500038146973,10.397500038146973,9.977499961853027,10.1274995803833,1048980
2001-07-05,10.25,10.274999618530273,10.100000381469727,10.1899995803833,806980
2001-07-06,10.104999542236328,10.289999961853027,10.104999542236328,10.199999809265137,282340
2001-07-09,10.050000190734863,10.300000190734863,10.0,10.237500190734863,215820
2001-07-10,10.350000381469727,10.449999809265137,10.154999732971191,10.399999618530273,426740
2001-07-11,10.449999809265137,10.600000381469727,10.449999809265137,10.550000190734863,510800
2001-07-12,10.5625,10.850000381469727,10.5024995803833,10.772500038146973,851240
2001-07-13,10.899999618530273,11.112500190734863,10.75,10.829999923706055,1248020
2001-07-16,10.899999618530273,11.137499809265137,10.899999618530273,10.949999809265137,4856080
2001-07-17,11.015000343322754,11.125,11.0024995803833,11.055000305175781,600100
2001-07-18,11.0024995803833,11.449999809265137,11.0024995803833,11.362500190734863,1407100
2001-07-19,11.199999809265137,11.345000267028809,11.100000381469727,11.217499732971191,1160260
2001-07-20,11.300000190734863,11.350000381469727,11.232500076293945,11.25,2313240
2001-07-23,11.194999694824219,11.194999694824219,10.907500267028809,10.957500457763672,20840
2001-07-24,10.890000343322754,11.395000457763672,10.7524995803833,11.345000267028809,1453360
2001-07-25,11.287500381469727,11.645000457763672,11.2524995803833,11.59000015258789,2523140
2001-07-26,11.225000381469727,11.595000267028809,11.225000381469727,11.467499732971191,4444020
2001-07-27,11.5,11.699999809265137,11.404999732971191,11.619999885559082,3262240
2001-07-30,11.46500015258789,11.672499656677246,11.46500015258789,11.614999771118164,1079980
2001-07-31,11.647500038146973,11.789999961853027,11.5649995803833,11.710000038146973,2563380
2001-08-01,11.875,11.875,11.5024995803833,11.817500114440918,1205100
2001-08-02,12.0,12.050000190734863,11.649999618530273,11.675000190734863,686440
2001-08-03,11.744999885559082,11.875,11.452500343322754,11.574999809265137,1782100
2001-08-06,11.404999732971191,11.737500190734863,11.399999618530273,11.692500114440918,691660
2001-08-07,11.552499771118164,11.6899995803833,11.52750015258789,11.600000381469727,449880
2001-08-08,11.354999542236328,11.822500228881836,11.354999542236328,11.755000114440918,1718500
2001-08-09,11.577500343322754,11.699999809265137,11.3100004196167,11.395000457763672,699140
2001-08-10,11.5600004196167,11.694999694824219,11.462499618530273,11.5,877120
2001-08-13,11.404999732971191,11.574999809265137,11.404999732971191,11.537500381469727,490940
2001-08-14,11.552499771118164,11.645000457763672,11.550000190734863,11.587499618530273,770800
2001-08-15,11.587499618530273,11.587499618530273,11.587499618530273,11.587499618530273,0
2001-08-16,11.595000267028809,11.672499656677246,11.595000267028809,11.649999618530273,732740
2001-08-17,11.744999885559082,12.047499656677246,11.744999885559082,11.96500015258789,2033300
2001-08-20,11.774999618530273,11.850000381469727,11.600000381469727,11.760000228881836,982040
2001-08-21,11.75,11.850000381469727,11.677499771118164,11.755000114440918,340760
2001-08-22,11.755000114440918,11.755000114440918,11.755000114440918,11.755000114440918,0
2001-08-23,11.699999809265137,11.774999618530273,11.5,11.755000114440918,427740
2001-08-24,11.75,11.8100004196167,11.654999732971191,11.792499542236328,3064240
2001-08-27,11.802499771118164,11.829999923706055,11.725000381469727,11.744999885559082,542820
2001-08-28,11.800000190734863,11.800000190734863,11.699999809265137,11.75,1659900
2001-08-29,11.71500015258789,11.797499656677246,11.6875,11.772500038146973,808240
2001-08-30,11.949999809265137,11.949999809265137,11.675000190734863,11.742500305175781,942860
2001-08-31,11.800000190734863,11.949999809265137,11.672499656677246,11.827500343322754,1073560
2001-09-03,11.899999618530273,11.899999618530273,11.550000190734863,11.7475004196167,659600
2001-09-04,11.795000076293945,11.944999694824219,11.557499885559082,11.602499961853027,1083860
2001-09-05,11.75,11.797499656677246,11.574999809265137,11.75,906280
2001-09-06,11.765000343322754,11.895000457763672,11.702500343322754,11.75,1743420
2001-09-07,11.550000190734863,11.899999618530273,11.550000190734863,11.604999542236328,745900
2001-09-10,11.8125,11.8125,11.550000190734863,11.65250015258789,342000
2001-09-11,11.602499961853027,11.787500381469727,11.602499961853027,11.727499961853027,1068920
2001-09-12,11.25,11.444999694824219,10.800000190734863,11.0024995803833,1437460
2001-09-13,11.102499961853027,11.289999961853027,10.800000190734863,10.977499961853027,1248600
2001-09-14,10.824999809265137,10.944999694824219,10.067500114440918,10.192500114440918,3186360
2001-09-17,10.25,10.25,9.204999923706055,9.640000343322754,3537620
2001-09-18,9.800000190734863,10.600000381469727,9.255000114440918,10.305000305175781,2921340
2001-09-19,10.3149995803833,10.8149995803833,9.912500381469727,10.672499656677246,3089160
2001-09-20,10.647500038146973,10.9350004196167,10.300000190734863,10.829999923706055,2047200
2001-09-21,10.412500381469727,10.699999809265137,10.199999809265137,10.640000343322754,1971620
2001-09-24,10.507499694824219,10.625,10.0,10.119999885559082,3667720
2001-09-25,10.300000190734863,10.949999809265137,10.25,10.417499542236328,1221580
2001-09-26,10.4350004196167,10.797499656677246,10.100000381469727,10.737500190734863,2511240
2001-09-27,10.75,10.875,10.3125,10.732500076293945,1609580
2001-09-28,10.625,10.949999809265137,10.625,10.854999542236328,878320
2001-10-01,10.824999809265137,10.885000228881836,10.425000190734863,10.487500190734863,2249960
2001-10-02,10.487500190734863,10.487500190734863,10.487500190734863,10.487500190734863,0
2001-10-03,10.5024995803833,10.800000190734863,10.454999923706055,10.542499542236328,1922620
2001-10-04,10.5625,10.675000190734863,10.517499923706055,10.604999542236328,2068620
2001-10-05,10.604999542236328,10.779999732971191,10.550000190734863,10.707500457763672,539080
2001-10-08,10.5,10.762499809265137,9.75,10.725000381469727,757420
2001-10-09,10.725000381469727,10.774999618530273,10.675000190734863,10.697500228881836,502920
2001-10-10,10.699999809265137,10.837499618530273,10.637499809265137,10.797499656677246,386440
2001-10-11,10.850000381469727,11.100000381469727,10.850000381469727,11.024999618530273,1329840
2001-10-12,11.25,11.75,11.25,11.662500381469727,3566680
2001-10-15,11.649999618530273,11.649999618530273,11.274999618530273,11.395000457763672,670000
2001-10-16,11.447500228881836,11.479999542236328,11.260000228881836,11.357500076293945,308380
2001-10-17,11.302499771118164,11.460000038146973,11.162500381469727,11.262499809265137,1353220
2001-10-18,11.107500076293945,11.397500038146973,11.100000381469727,11.212499618530273,1088420
2001-10-19,11.154999732971191,11.25,11.117500305175781,11.212499618530273,1163900
2001-10-22,11.5,11.899999618530273,11.057499885559082,11.15999984741211,2737060
2001-10-23,11.25,11.600000381469727,10.917499542236328,11.239999771118164,2728620
2001-10-24,11.260000228881836,11.364999771118164,11.227499961853027,11.262499809265137,1413860
2001-10-25,11.25,11.289999961853027,11.0024995803833,11.087499618530273,2305260
2001-10-26,11.087499618530273,11.087499618530273,11.087499618530273,11.087499618530273,0
2001-10-29,11.175000190734863,11.199999809265137,10.822500228881836,10.949999809265137,2554100
2001-10-30,10.805000305175781,10.947500228881836,10.805000305175781,10.899999618530273,1399180
2001-10-31,10.800000190734863,10.9375,10.800000190734863,10.885000228881836,1432860
2001-11-01,10.899999618530273,10.925000190734863,10.8149995803833,10.892499923706055,1946000
2001-11-02,11.0,11.170000076293945,10.925000190734863,11.107500076293945,1705360
2001-11-05,11.0,11.100000381469727,11.0,11.0625,1610020
2001-11-06,11.074999809265137,11.095000267028809,10.845000267028809,10.887499809265137,2626040
2001-11-07,11.569999694824219,11.569999694824219,10.862500190734863,10.97249984741211,1108720
2001-11-08,10.9375,10.949999809265137,10.760000228881836,10.914999961853027,1033600
2001-11-09,10.949999809265137,11.015000343322754,10.90250015258789,10.96500015258789,4583480
2001-11-12,10.925000190734863,11.0,10.897500038146973,10.982500076293945,1194860
2001-11-13,10.949999809265137,11.0,10.899999618530273,10.97249984741211,1726860
2001-11-14,11.045000076293945,11.225000381469727,11.005000114440918,11.079999923706055,327400
2001-11-15,11.199999809265137,11.199999809265137,10.949999809265137,11.03499984741211,2440280
2001-11-16,11.03499984741211,11.03499984741211,11.03499984741211,11.03499984741211,0
2001-11-19,11.25,11.25,11.0,11.104999542236328,4656060
2001-11-20,11.234999656677246,11.274999618530273,11.102499961853027,11.239999771118164,2147340
2001-11-21,11.199999809265137,11.350000381469727,11.199999809265137,11.232500076293945,2918400
2001-11-22,11.300000190734863,11.300000190734863,11.125,11.149999618530273,1762360
2001-11-23,11.199999809265137,11.28499984741211,11.140000343322754,11.257499694824219,1394020
2001-11-26,11.350000381469727,11.494999885559082,11.220000267028809,11.350000381469727,1291200
2001-11-27,11.302499771118164,11.487500190734863,11.149999618530273,11.40250015258789,4360600
2001-11-28,11.600000381469727,11.649999618530273,11.055000305175781,11.227499961853027,3639280
2001-11-29,11.4375,11.4375,10.8125,11.107500076293945,5564400
2001-11-30,11.107500076293945,11.107500076293945,11.107500076293945,11.107500076293945,0
2001-12-03,11.050000190734863,11.300000190734863,10.899999618530273,11.225000381469727,3650900
2001-12-04,11.100000381469727,11.25,11.052499771118164,11.172499656677246,909580
2001-12-05,11.350000381469727,11.350000381469727,11.0649995803833,11.140000343322754,1199980
2001-12-06,11.25,11.4350004196167,11.162500381469727,11.34749984741211,1613280
2001-12-07,11.399999618530273,11.800000190734863,11.327500343322754,11.707500457763672,3648480
2001-12-10,11.5,11.729999542236328,11.399999618530273,11.607500076293945,1756720
2001-12-11,11.5,11.5,11.055000305175781,11.239999771118164,3828080
2001-12-12,11.260000228881836,11.3774995803833,11.149999618530273,11.234999656677246,920900
2001-12-13,11.225000381469727,11.744999885559082,10.949999809265137,11.537500381469727,1730740
2001-12-14,11.399999618530273,11.399999618530273,11.125,11.239999771118164,943560
2001-12-17,11.239999771118164,11.239999771118164,11.239999771118164,11.239999771118164,0
2001-12-18,11.199999809265137,11.225000381469727,11.0,11.0625,2075980
2001-12-19,11.005000114440918,11.149999618530273,10.925000190734863,10.992500305175781,1836160
2001-12-20,10.975000381469727,11.242500305175781,10.824999809265137,11.1225004196167,1882220
2001-12-21,11.0,11.345000267028809,11.0,11.1875,1798880
2001-12-24,10.899999618530273,11.039999961853027,10.699999809265137,10.989999771118164,630940
2001-12-25,10.989999771118164,10.989999771118164,10.989999771118164,10.989999771118164,0
2001-12-26,10.954999923706055,11.149999618530273,10.954999923706055,11.02750015258789,1043060
2001-12-27,10.984999656677246,11.149999618530273,10.949999809265137,11.0625,896160
2001-12-28,11.045000076293945,11.087499618530273,10.904999732971191,11.045000076293945,1159420
2001-12-31,10.977499961853027,11.399999618530273,10.97249984741211,11.279999732971191,758960
2002-01-01,11.399999618530273,11.5,11.137499809265137,11.2524995803833,1172820
2002-01-02,11.199999809265137,11.287500381469727,11.149999618530273,11.25,1242180
2002-01-03,11.25,11.397500038146973,11.109999656677246,11.3125,991640
2002-01-04,11.25,11.399999618530273,11.175000190734863,11.197500228881836,426620
2002-01-07,11.199999809265137,11.317500114440918,11.077500343322754,11.197500228881836,1625460
2002-01-08,11.25,11.25,11.0024995803833,11.137499809265137,1178020
2002-01-09,11.074999809265137,11.25,11.074999809265137,11.217499732971191,867500
2002-01-10,11.25,11.324999809265137,11.100000381469727,11.27750015258789,1413380
2002-01-11,11.295000076293945,11.574999809265137,11.199999809265137,11.317500114440918,1643740
2002-01-14,11.324999809265137,11.850000381469727,11.324999809265137,11.6850004196167,2371160
2002-01-15,11.699999809265137,12.699999809265137,11.600000381469727,11.992500305175781,4415660
2002-01-16,12.399999618530273,12.449999809265137,11.449999809265137,11.545000076293945,1265000
2002-01-17,11.482500076293945,11.75,11.350000381469727,11.65250015258789,1276720
2002-01-18,11.675000190734863,11.944999694824219,11.675000190734863,11.864999771118164,1319680
2002-01-21,11.899999618530273,12.149999618530273,11.712499618530273,11.947500228881836,1092600
2002-01-22,11.947500228881836,12.100000381469727,11.850000381469727,12.03499984741211,1071080
2002-01-23,12.050000190734863,12.149999618530273,12.005000114440918,12.125,1063940
2002-01-24,12.125,12.1875,11.654999732971191,11.7475004196167,603300
2002-01-25,11.75,11.75,11.404999732971191,11.457500457763672,508720
2002-01-28,11.305000305175781,11.59749984741211,11.305000305175781,11.489999771118164,214960
2002-01-29,11.524999618530273,11.547499656677246,11.279999732971191,11.329999923706055,520920
2002-01-30,11.399999618530273,11.399999618530273,11.199999809265137,11.239999771118164,1131420
2002-01-31,11.210000038146973,11.350000381469727,11.005000114440918,11.234999656677246,931900
2002-02-01,11.300000190734863,11.300000190734863,11.182499885559082,11.239999771118164,273360
2002-02-04,11.300000190734863,11.395000457763672,11.199999809265137,11.257499694824219,804640
2002-02-05,11.199999809265137,11.34749984741211,11.0,11.135000228881836,4393500
2002-02-06,11.1274995803833,11.447500228881836,11.107500076293945,11.260000228881836,3419500
2002-02-07,11.255000114440918,11.600000381469727,11.220000267028809,11.332500457763672,1334580
2002-02-08,11.387499809265137,11.399999618530273,11.0,11.2524995803833,3249760
2002-02-11,11.34749984741211,11.5,11.302499771118164,11.4375,601460
2002-02-12,11.53499984741211,11.699999809265137,11.479999542236328,11.545000076293945,832740
2002-02-13,11.574999809265137,11.600000381469727,11.352499961853027,11.494999885559082,625480
2002-02-14,11.425000190734863,11.600000381469727,11.352499961853027,11.417499542236328,1080220
2002-02-15,11.5,11.850000381469727,11.449999809265137,11.677499771118164,3955800
2002-02-18,12.234999656677246,12.744999885559082,11.949999809265137,12.422499656677246,5976920
2002-02-19,12.425000190734863,12.489999771118164,11.75,11.760000228881836,1965560
2002-02-20,11.75,12.25,11.675000190734863,11.8149995803833,903980
2002-02-21,12.042499542236328,12.125,11.75,11.832500457763672,678580
2002-02-22,11.90250015258789,12.420000076293945,11.899999618530273,12.345000267028809,2392840
2002-02-25,12.75,12.75,12.0024995803833,12.1274995803833,1782640
2002-02-26,12.0600004196167,12.289999961853027,11.704999923706055,11.8100004196167,2153560
2002-02-27,11.800000190734863,12.047499656677246,11.654999732971191,11.845000267028809,1795920
2002-02-28,11.954999923706055,12.244999885559082,11.449999809265137,11.680000305175781,3415200
2002-03-01,11.600000381469727,11.949999809265137,11.550000190734863,11.824999809265137,1170380
2002-03-04,12.037500381469727,12.037500381469727,11.550000190734863,11.8100004196167,1161500
2002-03-05,11.704999923706055,11.994999885559082,11.704999923706055,11.852499961853027,3134060
2002-03-06,11.800000190734863,12.050000190734863,11.702500343322754,11.757499694824219,884800
2002-03-07,11.78499984741211,12.0,11.765000343322754,11.832500457763672,1319160
2002-03-08,11.867500305175781,11.925000190734863,11.5649995803833,11.72249984741211,2048540
2002-03-11,11.654999732971191,11.845000267028809,11.579999923706055,11.637499809265137,522280
2002-03-12,11.454999923706055,11.649999618530273,11.454999923706055,11.537500381469727,1536600
2002-03-13,11.462499618530273,11.75,11.460000038146973,11.737500190734863,1733100
2002-03-14,11.795000076293945,11.797499656677246,11.612500190734863,11.742500305175781,813900
2002-03-15,11.7475004196167,11.800000190734863,11.677499771118164,11.7475004196167,670860
2002-03-18,11.899999618530273,12.0,11.604999542236328,11.96500015258789,853880
2002-03-19,11.899999618530273,11.949999809265137,11.704999923706055,11.770000457763672,719420
2002-03-20,11.604999542236328,11.850000381469727,11.604999542236328,11.7524995803833,663080
2002-03-21,11.720000267028809,11.84000015258789,11.6274995803833,11.6899995803833,441440
2002-03-22,11.800000190734863,11.850000381469727,11.6225004196167,11.6899995803833,911140
2002-03-25,11.6899995803833,11.6899995803833,11.6899995803833,11.6899995803833,0
2002-03-26,11.630000114440918,11.692500114440918,11.470000267028809,11.517499923706055,680500
2002-03-27,11.427499771118164,12.069999694824219,11.427499771118164,11.925000190734863,856540
2002-03-28,11.854999542236328,11.949999809265137,11.774999618530273,11.829999923706055,1250060
2002-03-29,11.829999923706055,11.829999923706055,11.829999923706055,11.829999923706055,0
2002-04-01,12.074999809265137,12.074999809265137,11.512499809265137,11.682499885559082,1670180
2002-04-02,11.789999961853027,11.824999809265137,11.662500381469727,11.742500305175781,2246140
2002-04-03,11.65250015258789,11.694999694824219,11.220000267028809,11.422499656677246,2567140
2002-04-04,11.425000190734863,11.600000381469727,11.232500076293945,11.255000114440918,1318240
2002-04-05,11.9375,11.9375,11.207500457763672,11.242500305175781,1000840
2002-04-08,11.425000190734863,11.425000190734863,11.225000381469727,11.255000114440918,476560
2002-04-09,11.324999809265137,11.399999618530273,11.262499809265137,11.302499771118164,440460
2002-04-10,11.4375,11.5,11.237500190734863,11.34749984741211,322880
2002-04-11,11.3100004196167,11.324999809265137,11.140000343322754,11.197500228881836,4025880
2002-04-12,11.199999809265137,11.199999809265137,11.119999885559082,11.15999984741211,705700
2002-04-15,11.350000381469727,11.449999809265137,11.029999732971191,11.074999809265137,5630340
2002-04-16,11.25,11.5,11.005000114440918,11.197500228881836,1550400
2002-04-17,11.397500038146973,11.397500038146973,11.164999961853027,11.2524995803833,603000
2002-04-18,11.25,11.449999809265137,11.1850004196167,11.362500190734863,2039020
2002-04-19,11.489999771118164,11.600000381469727,11.210000038146973,11.322500228881836,1602080
2002-04-22,11.149999618530273,11.420000076293945,10.987500190734863,11.087499618530273,2846120
2002-04-23,11.199999809265137,11.449999809265137,11.175000190734863,11.237500190734863,1158980
2002-04-24,11.34000015258789,11.34000015258789,11.199999809265137,11.2475004196167,522200
2002-04-25,11.154999732971191,11.229999542236328,11.012499809265137,11.114999771118164,2529980
2002-04-26,11.197500228881836,11.25,11.107500076293945,11.212499618530273,1529600
2002-04-29,11.0600004196167,11.132499694824219,10.930000305175781,10.989999771118164,3295780
2002-04-30,11.050000190734863,11.050000190734863,10.925000190734863,10.979999542236328,1526820
2002-05-01,10.979999542236328,10.979999542236328,10.979999542236328,10.979999542236328,0
2002-05-02,11.022500038146973,11.050000190734863,10.829999923706055,10.914999961853027,2308220
2002-05-03,10.949999809265137,11.0,10.779999732971191,10.824999809265137,2618960
2002-05-06,10.850000381469727,10.907500267028809,10.824999809265137,10.885000228881836,1365900
2002-05-07,11.037500381469727,11.067500114440918,10.827500343322754,11.017499923706055,1314420
2002-05-08,11.100000381469727,11.104999542236328,10.949999809265137,11.057499885559082,1931320
2002-05-09,11.100000381469727,11.135000228881836,11.024999618530273,11.095000267028809,2277400
2002-05-10,11.012499809265137,11.147500038146973,11.0,11.092499732971191,1477560
2002-05-13,10.755000114440918,11.100000381469727,10.755000114440918,10.970000267028809,420860
2002-05-14,10.949999809265137,11.09749984741211,10.9399995803833,11.015000343322754,443740
2002-05-15,11.100000381469727,11.149999618530273,11.050000190734863,11.092499732971191,2110900
2002-05-16,10.5649995803833,11.125,10.5649995803833,10.827500343322754,3186000
2002-05-17,11.055000305175781,11.055000305175781,10.802499771118164,10.952500343322754,1839920
2002-05-20,10.02750015258789,10.925000190734863,10.02750015258789,10.845000267028809,543260
2002-05-21,10.600000381469727,11.5600004196167,10.600000381469727,11.180000305175781,1515420
2002-05-22,10.949999809265137,11.0,10.807499885559082,10.917499542236328,1433860
2002-05-23,10.75,10.944999694824219,10.657500267028809,10.710000038146973,951900
2002-05-24,10.800000190734863,10.975000381469727,10.729999542236328,10.899999618530273,1074580
2002-05-27,11.5,11.5,10.729999542236328,10.989999771118164,412560
2002-05-28,10.989999771118164,11.194999694824219,10.949999809265137,11.107500076293945,702640
2002-05-29,11.02750015258789,11.175000190734863,10.975000381469727,11.069999694824219,1811700
2002-05-30,10.949999809265137,11.25,10.9375,11.125,2789460
2002-05-31,11.149999618530273,11.612500190734863,11.074999809265137,11.470000267028809,3532340
2002-06-03,11.550000190734863,11.75,11.300000190734863,11.422499656677246,1048500
2002-06-04,11.300000190734863,11.572500228881836,11.0600004196167,11.242500305175781,762120
2002-06-05,11.2524995803833,11.2524995803833,10.907500267028809,11.170000076293945,2532200
2002-06-06,11.005000114440918,11.25,10.899999618530273,11.109999656677246,2702400
2002-06-07,11.149999618530273,11.149999618530273,10.8100004196167,10.857500076293945,2170700
2002-06-10,11.074999809265137,11.074999809265137,10.9350004196167,10.994999885559082,1282580
2002-06-11,11.25,11.300000190734863,10.932499885559082,11.032500267028809,736180
2002-06-12,11.140000343322754,11.140000343322754,10.932499885559082,10.994999885559082,1275600
2002-06-13,10.957500457763672,11.045000076293945,10.927499771118164,10.994999885559082,1633460
2002-06-14,11.0,11.037500381469727,10.949999809265137,10.992500305175781,790120
2002-06-17,11.0,11.0,10.930000305175781,10.949999809265137,2879060
2002-06-18,11.020000457763672,11.050000190734863,10.90250015258789,10.927499771118164,773200
2002-06-19,10.899999618530273,10.9975004196167,10.899999618530273,10.9350004196167,665040
2002-06-20,10.949999809265137,11.087499618530273,10.817500114440918,10.920000076293945,927260
2002-06-21,10.927499771118164,11.085000038146973,10.850000381469727,10.975000381469727,444220
2002-06-24,10.899999618530273,10.899999618530273,10.680000305175781,10.729999542236328,2399900
2002-06-25,10.75,10.8725004196167,10.649999618530273,10.664999961853027,1391300
2002-06-26,10.75,10.75,10.675000190734863,10.717499732971191,273840
2002-06-27,10.702500343322754,10.75,10.289999961853027,10.327500343322754,2332000
2002-06-28,10.4975004196167,10.515000343322754,9.987500190734863,10.077500343322754,4055440
2002-07-01,10.0,10.670000076293945,10.0,10.59000015258789,3474940
2002-07-02,10.649999618530273,10.649999618530273,10.407500267028809,10.482500076293945,1822800
2002-07-03,10.5,10.5,10.399999618530273,10.492500305175781,764520
2002-07-04,10.515000343322754,10.922499656677246,10.417499542236328,10.867500305175781,2308800
2002-07-05,10.922499656677246,10.922499656677246,10.550000190734863,10.670000076293945,932760
2002-07-08,10.587499618530273,10.800000190734863,10.4399995803833,10.484999656677246,1326800
2002-07-09,10.614999771118164,10.675000190734863,10.399999618530273,10.484999656677246,1737160
2002-07-10,10.5,10.550000190734863,10.432499885559082,10.515000343322754,2564440
2002-07-11,10.550000190734863,10.550000190734863,10.425000190734863,10.507499694824219,982960
2002-07-12,10.550000190734863,10.550000190734863,10.452500343322754,10.4975004196167,369680
2002-07-15,10.475000381469727,10.547499656677246,10.460000038146973,10.5024995803833,677560
2002-07-16,10.510000228881836,10.600000381469727,10.327500343322754,10.53499984741211,1294360
2002-07-17,10.512499809265137,10.522500038146973,10.385000228881836,10.494999885559082,1509580
2002-07-18,10.632499694824219,10.680000305175781,10.460000038146973,10.53499984741211,733040
2002-07-19,10.462499618530273,10.7475004196167,10.449999809265137,10.707500457763672,1923400
2002-07-22,10.949999809265137,10.949999809265137,10.5625,10.742500305175781,4347660
2002-07-23,10.850000381469727,10.954999923706055,10.654999732971191,10.739999771118164,2244820
2002-07-24,10.772500038146973,10.772500038146973,10.449999809265137,10.552499771118164,809420
2002-07-25,10.649999618530273,10.649999618530273,10.515000343322754,10.637499809265137,687220
2002-07-26,10.595000267028809,10.697500228881836,10.46500015258789,10.550000190734863,1474280
2002-07-29,10.475000381469727,10.725000381469727,10.475000381469727,10.614999771118164,895580
2002-07-30,10.607500076293945,10.625,10.482500076293945,10.507499694824219,908780
2002-07-31,10.5,10.699999809265137,10.46500015258789,10.637499809265137,1134100
2002-08-01,10.697500228881836,10.699999809265137,10.375,10.542499542236328,1002460
2002-08-02,10.5,10.522500038146973,10.417499542236328,10.5,378480
2002-08-05,10.645000457763672,10.645000457763672,10.479999542236328,10.5,440740
2002-08-06,10.505000114440918,10.587499618530273,10.462499618530273,10.545000076293945,519100
2002-08-07,10.505000114440918,10.550000190734863,10.494999885559082,10.512499809265137,655880
2002-08-08,10.457500457763672,10.53499984741211,10.425000190734863,10.470000267028809,756240
2002-08-09,10.404999732971191,10.510000228881836,10.404999732971191,10.5,1541020
2002-08-12,10.4399995803833,10.524999618530273,10.4375,10.489999771118164,1008440
2002-08-13,10.5,10.75,10.452500343322754,10.574999809265137,640580
2002-08-14,10.505000114440918,10.637499809265137,10.367500305175781,10.414999961853027,469740
2002-08-15,10.414999961853027,10.414999961853027,10.414999961853027,10.414999961853027,0
2002-08-16,10.460000038146973,10.59000015258789,10.412500381469727,10.515000343322754,1365440
2002-08-19,10.524999618530273,10.59749984741211,10.475000381469727,10.550000190734863,986600
2002-08-20,10.600000381469727,10.600000381469727,10.487500190734863,10.577500343322754,771440
2002-08-21,10.5,10.524999618530273,10.404999732971191,10.470000267028809,2685200
2002-08-22,10.5,10.550000190734863,10.350000381469727,10.447500228881836,888860
2002-08-23,10.362500190734863,10.510000228881836,10.362500190734863,10.475000381469727,1141160
2002-08-26,10.5649995803833,10.5649995803833,10.399999618530273,10.520000457763672,634600
2002-08-27,10.524999618530273,10.524999618530273,10.449999809265137,10.492500305175781,339540
2002-08-28,10.449999809265137,10.569999694824219,10.4399995803833,10.492500305175781,383240
2002-08-29,10.462499618530273,10.5625,10.417499542236328,10.529999732971191,456320
2002-08-30,10.487500190734863,10.574999809265137,10.452500343322754,10.477499961853027,3397800
2002-09-02,10.545000076293945,10.550000190734863,10.482500076293945,10.494999885559082,360900
2002-09-03,10.539999961853027,10.550000190734863,10.449999809265137,10.5,391240
2002-09-04,10.507499694824219,10.670000076293945,10.449999809265137,10.642499923706055,660680
2002-09-05,10.600000381469727,10.697500228881836,10.512499809265137,10.595000267028809,715420
2002-09-06,10.600000381469727,10.609999656677246,10.515000343322754,10.532500267028809,448780
2002-09-09,10.5,10.550000190734863,10.4399995803833,10.5024995803833,385540
2002-09-10,10.5024995803833,10.5024995803833,10.5024995803833,10.5024995803833,0
2002-09-11,10.5,10.645000457763672,10.475000381469727,10.630000114440918,654400
2002-09-12,10.600000381469727,10.729999542236328,10.524999618530273,10.670000076293945,582160
2002-09-13,10.537500381469727,10.760000228881836,10.537500381469727,10.737500190734863,809700
2002-09-16,10.640000343322754,10.850000381469727,10.640000343322754,10.795000076293945,582480
2002-09-17,10.710000038146973,11.1875,10.710000038146973,11.132499694824219,1302240
2002-09-18,11.052499771118164,11.300000190734863,11.0,11.242500305175781,2207640
2002-09-19,11.234999656677246,11.234999656677246,11.0,11.005000114440918,739900
2002-09-20,11.0,11.09749984741211,10.899999618530273,11.005000114440918,343960
2002-09-23,11.0,11.050000190734863,10.954999923706055,10.994999885559082,1924880
2002-09-24,10.932499885559082,10.932499885559082,10.717499732971191,10.837499618530273,969340
2002-09-25,10.84749984741211,10.84749984741211,10.484999656677246,10.494999885559082,1122520
2002-09-26,10.5,10.632499694824219,10.417499542236328,10.475000381469727,308360
2002-09-27,10.449999809265137,11.25,10.449999809265137,11.039999961853027,2963820
2002-09-30,10.850000381469727,11.050000190734863,10.555000305175781,10.930000305175781,1305560
2002-10-01,10.805000305175781,10.850000381469727,10.552499771118164,10.582500457763672,916060
2002-10-02,10.582500457763672,10.582500457763672,10.582500457763672,10.582500457763672,0
2002-10-03,10.649999618530273,10.649999618530273,10.399999618530273,10.487500190734863,2904300
2002-10-04,10.477499961853027,10.574999809265137,10.375,10.505000114440918,1492760
2002-10-07,10.475000381469727,10.547499656677246,10.399999618530273,10.454999923706055,1640080
2002-10-08,10.407500267028809,10.537500381469727,10.40250015258789,10.454999923706055,1448260
2002-10-09,10.449999809265137,10.494999885559082,10.3774995803833,10.412500381469727,2446400
2002-10-10,10.425000190734863,10.425000190734863,10.25,10.317500114440918,1662500
2002-10-11,10.399999618530273,10.425000190734863,10.319999694824219,10.335000038146973,845400
2002-10-14,10.350000381469727,10.46500015258789,10.350000381469727,10.397500038146973,1276820
2002-10-15,10.397500038146973,10.397500038146973,10.397500038146973,10.397500038146973,0
2002-10-16,10.447500228881836,10.447500228881836,10.175000190734863,10.21500015258789,1653160
2002-10-17,10.25,10.350000381469727,9.949999809265137,9.982500076293945,3876920
2002-10-18,10.137499809265137,10.137499809265137,9.699999809265137,9.805000305175781,3465860
2002-10-21,10.0,10.0,9.800000190734863,9.869999885559082,3028740
2002-10-22,10.050000190734863,10.050000190734863,9.774999618530273,9.822500228881836,1712000
2002-10-23,9.9399995803833,9.949999809265137,9.725000381469727,9.760000228881836,1093480
2002-10-24,9.737500190734863,9.819999694824219,9.664999961853027,9.699999809265137,4671040
2002-10-25,9.649999618530273,9.800000190734863,9.550000190734863,9.619999885559082,2154560
2002-10-28,9.640000343322754,9.800000190734863,9.640000343322754,9.6850004196167,2761800
2002-10-29,9.649999618530273,9.850000381469727,9.649999618530273,9.742500305175781,1118880
2002-10-30,9.65250015258789,9.792499542236328,9.300000190734863,9.452500343322754,2806140
2002-10-31,9.477499961853027,9.614999771118164,9.427499771118164,9.494999885559082,1919800
2002-11-01,9.449999809265137,9.710000038146973,9.399999618530273,9.492500305175781,3923740
2002-11-04,9.600000381469727,9.694999694824219,9.550000190734863,9.609999656677246,278200
2002-11-05,9.647500038146973,9.75,9.5625,9.737500190734863,406400
2002-11-06,9.737500190734863,9.737500190734863,9.737500190734863,9.737500190734863,0
2002-11-07,9.7524995803833,9.800000190734863,9.645000457763672,9.744999885559082,710840
2002-11-08,9.774999618530273,9.805000305175781,9.710000038146973,9.755000114440918,981500
2002-11-11,9.739999771118164,9.8100004196167,9.739999771118164,9.795000076293945,578400
2002-11-12,9.869999885559082,9.949999809265137,9.755000114440918,9.907500267028809,392860
2002-11-13,9.5,9.920000076293945,9.5,9.6875,2444760
2002-11-14,9.65250015258789,9.7475004196167,9.454999923706055,9.637499809265137,2650600
2002-11-15,9.630000114440918,9.65250015258789,9.574999809265137,9.637499809265137,3740460
2002-11-18,9.614999771118164,9.739999771118164,9.612500190734863,9.6875,1384980
2002-11-19,9.6875,9.6875,9.6875,9.6875,0
2002-11-20,9.699999809265137,9.75,9.600000381469727,9.725000381469727,1002000
2002-11-21,9.704999923706055,9.704999923706055,9.625,9.675000190734863,1559760
2002-11-22,9.75,9.819999694824219,9.65250015258789,9.774999618530273,2031720
2002-11-25,9.797499656677246,10.0024995803833,9.727499961853027,9.772500038146973,9773080
2002-11-26,9.869999885559082,9.869999885559082,9.75,9.787500381469727,1368120
2002-11-27,9.800000190734863,9.875,9.699999809265137,9.787500381469727,2561620
2002-11-28,9.824999809265137,9.824999809265137,9.737500190734863,9.770000457763672,2292460
2002-11-29,9.800000190734863,9.824999809265137,9.742500305175781,9.7524995803833,2461260
2002-12-02,9.795000076293945,9.795000076293945,9.704999923706055,9.744999885559082,1472660
2002-12-03,9.760000228881836,9.774999618530273,9.699999809265137,9.755000114440918,2160520
2002-12-04,9.670000076293945,9.949999809265137,9.670000076293945,9.789999961853027,3021760
2002-12-05,9.84000015258789,9.944999694824219,9.729999542236328,9.892499923706055,947180
2002-12-06,10.0,10.039999961853027,9.774999618530273,9.914999961853027,1169420
2002-12-09,9.512499809265137,10.0,9.512499809265137,9.8149995803833,2020980
2002-12-10,9.755000114440918,9.762499809265137,9.399999618530273,9.5,2827780
2002-12-11,9.512499809265137,9.592499732971191,9.364999771118164,9.399999618530273,1693040
2002-12-12,9.5,9.875,9.460000038146973,9.702500343322754,6232560
2002-12-13,9.850000381469727,10.239999771118164,9.850000381469727,10.142499923706055,10052460
2002-12-16,10.25,10.77750015258789,10.25,10.475000381469727,6908740
2002-12-17,10.550000190734863,10.795000076293945,10.2524995803833,10.7524995803833,4459120
2002-12-18,10.800000190734863,10.994999885559082,10.617500305175781,10.892499923706055,5349660
2002-12-19,10.75,10.944999694824219,10.640000343322754,10.90250015258789,3947540
2002-12-20,10.9375,11.100000381469727,10.862500190734863,11.022500038146973,3039760
2002-12-23,11.037500381469727,11.149999618530273,10.899999618530273,10.987500190734863,1749260
2002-12-24,10.96500015258789,11.037500381469727,10.899999618530273,10.922499656677246,1669100
2002-12-25,10.922499656677246,10.922499656677246,10.922499656677246,10.922499656677246,0
2002-12-26,10.975000381469727,10.987500190734863,10.899999618530273,10.899999618530273,679920
2002-12-27,10.864999771118164,10.975000381469727,10.864999771118164,10.927499771118164,4155340
2002-12-30,10.864999771118164,10.897500038146973,10.654999732971191,10.710000038146973,676540
2002-12-31,10.654999732971191,10.994999885559082,10.550000190734863,10.802499771118164,2600700
2003-01-01,10.994999885559082,10.994999885559082,10.75,10.779999732971191,375040
2003-01-02,10.850000381469727,10.949999809265137,10.744999885559082,10.917499542236328,630780
2003-01-03,10.77750015258789,10.925000190734863,10.75,10.772500038146973,684220
2003-01-06,10.770000457763672,10.800000190734863,10.704999923706055,10.742500305175781,1818180
2003-01-07,10.75,10.899999618530273,10.727499961853027,10.882499694824219,1778020
2003-01-08,10.817500114440918,10.850000381469727,10.725000381469727,10.7475004196167,2430880
2003-01-09,10.699999809265137,10.765000343322754,10.574999809265137,10.697500228881836,3047720
2003-01-10,10.602499961853027,10.869999885559082,10.494999885559082,10.744999885559082,2843860
2003-01-13,10.787500381469727,10.970000267028809,10.77750015258789,10.859999656677246,1192260
2003-01-14,10.922499656677246,10.925000190734863,10.807499885559082,10.90250015258789,1159940
2003-01-15,10.970000267028809,11.172499656677246,10.802499771118164,10.8725004196167,2711680
2003-01-16,10.994999885559082,10.994999885559082,10.880000114440918,10.954999923706055,1312660
2003-01-17,11.0,11.800000190734863,10.975000381469727,11.1850004196167,3602720
2003-01-20,11.199999809265137,11.274999618530273,11.100000381469727,11.194999694824219,1939740
2003-01-21,11.225000381469727,11.399999618530273,11.145000457763672,11.3125,2055380
2003-01-22,11.350000381469727,12.095000267028809,11.350000381469727,12.007499694824219,7874740
2003-01-23,12.100000381469727,12.172499656677246,11.734999656677246,11.8149995803833,2941380
2003-01-24,11.850000381469727,11.994999885559082,11.704999923706055,11.875,3036020
2003-01-27,11.899999618530273,11.975000381469727,11.75,11.90250015258789,3261600
2003-01-28,11.899999618530273,11.994999885559082,11.050000190734863,11.602499961853027,3831140
2003-01-29,11.994999885559082,11.994999885559082,11.350000381469727,11.470000267028809,638580
2003-01-30,11.404999732971191,11.587499618530273,11.199999809265137,11.34749984741211,1218720
2003-01-31,11.449999809265137,11.949999809265137,11.324999809265137,11.854999542236328,4006240
2003-02-03,11.100000381469727,12.149999618530273,11.100000381469727,11.912500381469727,2934160
2003-02-04,11.9975004196167,12.22249984741211,11.925000190734863,12.005000114440918,4516020
2003-02-05,12.0600004196167,12.0625,11.942500114440918,12.005000114440918,1288180
2003-02-06,12.0,12.157500267028809,12.0,12.119999885559082,1585200
2003-02-07,12.149999618530273,12.517499923706055,12.074999809265137,12.34000015258789,5913580
2003-02-10,12.295000076293945,12.350000381469727,12.125,12.317500114440918,1564820
2003-02-11,12.237500190734863,12.449999809265137,12.237500190734863,12.279999732971191,2992760
2003-02-12,12.357500076293945,12.5,12.055000305175781,12.4350004196167,5571260
2003-02-13,12.4350004196167,12.4350004196167,12.4350004196167,12.4350004196167,0
2003-02-14,12.475000381469727,12.619999885559082,12.324999809265137,12.412500381469727,3871740
2003-02-17,12.352499961853027,12.475000381469727,12.3149995803833,12.412500381469727,862300
2003-02-18,12.375,12.5,12.25,12.307499885559082,1225860
2003-02-19,12.505000114440918,12.649999618530273,12.350000381469727,12.587499618530273,6824380
2003-02-20,12.75,12.800000190734863,12.457500457763672,12.517499923706055,2349100
2003-02-21,12.59749984741211,12.600000381469727,12.255000114440918,12.510000228881836,2024240
2003-02-24,12.352499961853027,12.5,12.300000190734863,12.380000114440918,856520
2003-02-25,12.359999656677246,12.375,12.2524995803833,12.274999618530273,444720
2003-02-26,12.324999809265137,12.5,12.25,12.430000305175781,1612920
2003-02-27,12.425000190734863,12.5,12.307499885559082,12.417499542236328,1383560
2003-02-28,12.414999961853027,12.6850004196167,12.212499618530273,12.492500305175781,4255720
2003-03-03,12.5024995803833,12.612500190734863,12.02750015258789,12.142499923706055,723300
2003-03-04,12.102499961853027,12.300000190734863,12.0,12.145000457763672,1123280
2003-03-05,12.137499809265137,12.25,12.017499923706055,12.057499885559082,1420140
2003-03-06,12.149999618530273,12.149999618530273,12.005000114440918,12.045000076293945,1268480
2003-03-07,12.005000114440918,12.005000114440918,11.850000381469727,11.899999618530273,3125820
2003-03-10,11.90999984741211,12.300000190734863,11.90999984741211,12.010000228881836,1014340
2003-03-11,11.864999771118164,12.295000076293945,11.742500305175781,11.920000076293945,679080
2003-03-12,11.90999984741211,11.949999809265137,11.850000381469727,11.907500267028809,629780
2003-03-13,12.0,12.074999809265137,11.949999809265137,11.962499618530273,2849940
2003-03-14,11.962499618530273,11.962499618530273,11.962499618530273,11.962499618530273,0
2003-03-17,11.930000305175781,12.010000228881836,11.912500381469727,11.97249984741211,4938500
2003-03-18,11.97249984741211,11.97249984741211,11.97249984741211,11.97249984741211,0
2003-03-19,11.949999809265137,12.149999618530273,11.824999809265137,12.039999961853027,3064400
2003-03-20,12.147500038146973,12.300000190734863,11.890000343322754,12.2475004196167,1617840
2003-03-21,12.100000381469727,12.475000381469727,11.899999618530273,12.125,1373280
2003-03-24,12.4399995803833,12.4399995803833,11.699999809265137,11.795000076293945,1950760
2003-03-25,11.699999809265137,11.84000015258789,11.5,11.645000457763672,563400
2003-03-26,11.699999809265137,11.949999809265137,10.25,11.890000343322754,919260
2003-03-27,11.8774995803833,11.899999618530273,10.819999694824219,11.364999771118164,1610080
2003-03-28,11.444999694824219,11.84000015258789,11.350000381469727,11.8125,1088660
2003-03-31,11.699999809265137,11.967499732971191,11.604999542236328,11.727499961853027,1960300
2003-04-01,11.65250015258789,11.787500381469727,11.550000190734863,11.71500015258789,862160
2003-04-02,11.774999618530273,11.850000381469727,11.550000190734863,11.657500267028809,2324220
2003-04-03,11.649999618530273,11.869999885559082,11.647500038146973,11.827500343322754,643660
2003-04-04,11.75,12.100000381469727,11.6875,11.967499732971191,1300180
2003-04-07,12.050000190734863,12.487500190734863,12.050000190734863,12.300000190734863,2123840
2003-04-08,12.395000457763672,12.395000457763672,11.899999618530273,11.982500076293945,2402460
2003-04-09,12.0,12.0,11.617500305175781,11.729999542236328,1230780
2003-04-10,11.550000190734863,12.5,11.550000190734863,11.779999732971191,3146240
2003-04-11,12.050000190734863,12.244999885559082,11.75,11.982500076293945,2145240
2003-04-14,11.982500076293945,11.982500076293945,11.982500076293945,11.982500076293945,0
2003-04-15,12.25,12.25,11.904999732971191,12.052499771118164,2716280
2003-04-16,12.212499618530273,12.324999809265137,12.1274995803833,12.182499885559082,8569120
2003-04-17,12.199999809265137,12.444999694824219,12.149999618530273,12.354999542236328,7398480
2003-04-18,12.354999542236328,12.354999542236328,12.354999542236328,12.354999542236328,0
2003-04-21,12.300000190734863,12.350000381469727,12.199999809265137,12.255000114440918,1416860
2003-04-22,12.137499809265137,12.25,12.112500190734863,12.199999809265137,2390020
2003-04-23,12.212499618530273,12.212499618530273,11.800000190734863,11.854999542236328,3071300
2003-04-24,11.875,12.149999618530273,11.800000190734863,11.987500190734863,3080040
2003-04-25,11.899999618530273,12.274999618530273,11.8774995803833,12.225000381469727,2065040
2003-04-28,12.300000190734863,12.300000190734863,12.104999542236328,12.197500228881836,815920
2003-04-29,12.2475004196167,12.4399995803833,12.157500267028809,12.2524995803833,2766640
2003-04-30,12.15250015258789,12.4399995803833,12.09000015258789,12.350000381469727,4772080
2003-05-01,12.350000381469727,12.350000381469727,12.350000381469727,12.350000381469727,0
2003-05-02,12.397500038146973,12.797499656677246,12.300000190734863,12.630000114440918,6733800
2003-05-05,12.75,12.850000381469727,12.404999732971191,12.510000228881836,3475140
2003-05-06,12.25,12.4975004196167,12.25,12.375,2043160
2003-05-07,12.399999618530273,12.425000190734863,12.162500381469727,12.289999961853027,2880300
2003-05-08,12.292499542236328,12.292499542236328,12.082500457763672,12.172499656677246,1554060
2003-05-09,12.399999618530273,12.399999618530273,12.100000381469727,12.287500381469727,815300
2003-05-12,12.25,12.399999618530273,12.109999656677246,12.167499542236328,1945180
2003-05-13,12.34000015258789,12.34000015258789,12.162500381469727,12.237500190734863,789760
2003-05-14,12.0,12.260000228881836,12.0,12.204999923706055,490220
2003-05-15,12.199999809265137,12.5,12.130000114440918,12.449999809265137,1023700
2003-05-16,12.449999809265137,12.604999542236328,12.449999809265137,12.557499885559082,1633700
2003-05-19,12.6875,12.699999809265137,12.270000457763672,12.425000190734863,3349440
2003-05-20,12.34000015258789,12.395000457763672,12.2524995803833,12.272500038146973,1422680
2003-05-21,12.395000457763672,12.6225004196167,11.952500343322754,12.337499618530273,2329540
2003-05-22,12.475000381469727,12.649999618530273,12.010000228881836,12.055000305175781,1078400
2003-05-23,12.390000343322754,12.390000343322754,12.074999809265137,12.149999618530273,864480
2003-05-26,12.300000190734863,12.625,12.177499771118164,12.510000228881836,2790580
2003-05-27,12.550000190734863,12.59749984741211,12.199999809265137,12.267499923706055,1014160
2003-05-28,12.375,12.375,12.102499961853027,12.147500038146973,1021000
2003-05-29,12.0649995803833,12.5,12.0649995803833,12.34749984741211,3488000
2003-05-30,12.305000305175781,12.4975004196167,12.202500343322754,12.255000114440918,2210480
2003-06-02,12.15250015258789,12.395000457763672,12.0600004196167,12.175000190734863,1847340
2003-06-03,12.050000190734863,12.550000190734863,12.039999961853027,12.467499732971191,10897680
2003-06-04,12.604999542236328,12.795000076293945,12.5,12.595000267028809,3068720
2003-06-05,12.699999809265137,12.837499618530273,12.550000190734863,12.604999542236328,3900600
2003-06-06,12.640000343322754,13.225000381469727,12.600000381469727,12.970000267028809,11095020
2003-06-09,13.029999732971191,13.359999656677246,12.967499732971191,13.085000038146973,4015380
2003-06-10,12.899999618530273,13.0,12.557499885559082,12.632499694824219,1548420
2003-06-11,12.800000190734863,13.067500114440918,12.505000114440918,12.904999732971191,6687320
2003-06-12,12.800000190734863,12.925000190734863,12.515000343322754,12.582500457763672,1486460
2003-06-13,12.550000190734863,12.850000381469727,12.5,12.587499618530273,2412180
2003-06-16,12.600000381469727,12.725000381469727,12.5649995803833,12.642499923706055,2603000
2003-06-17,12.75,12.869999885559082,12.59749984741211,12.647500038146973,3685860
2003-06-18,12.699999809265137,12.732500076293945,12.404999732971191,12.582500457763672,2335380
2003-06-19,12.694999694824219,12.704999923706055,12.449999809265137,12.462499618530273,3182020
2003-06-20,12.550000190734863,12.694999694824219,12.199999809265137,12.40999984741211,2784080
2003-06-23,12.449999809265137,12.489999771118164,12.107500076293945,12.154999732971191,1215420
2003-06-24,12.204999923706055,12.25,11.994999885559082,12.0600004196167,3155380
2003-06-25,12.052499771118164,12.199999809265137,12.0,12.09749984741211,3158940
2003-06-26,12.102499961853027,12.350000381469727,11.949999809265137,12.239999771118164,6222500
2003-06-27,12.199999809265137,12.547499656677246,12.199999809265137,12.414999961853027,4141080
2003-06-30,12.5,13.050000190734863,12.5,12.90250015258789,4914680
2003-07-01,13.2475004196167,13.399999618530273,12.800000190734863,13.0600004196167,4262440
2003-07-02,13.295000076293945,13.369999885559082,13.005000114440918,13.170000076293945,5375440
2003-07-03,13.350000381469727,15.104999542236328,13.350000381469727,14.492500305175781,30977260
2003-07-04,14.25,14.350000381469727,13.630000114440918,13.837499618530273,5421560
2003-07-07,13.512499809265137,14.322500228881836,13.512499809265137,13.887499809265137,4458760
2003-07-08,14.5,15.175000190734863,14.149999618530273,14.220000267028809,9648160
2003-07-09,14.212499618530273,14.300000190734863,14.029999732971191,14.135000228881836,2151100
2003-07-10,14.149999618530273,14.28499984741211,14.100000381469727,14.210000038146973,5030440
2003-07-11,14.225000381469727,14.550000190734863,14.225000381469727,14.489999771118164,11854500
2003-07-14,14.699999809265137,14.797499656677246,14.017499923706055,14.2524995803833,7279860
2003-07-15,14.699999809265137,14.932499885559082,13.699999809265137,13.845000267028809,3878680
2003-07-16,13.954999923706055,14.25,13.802499771118164,14.15999984741211,7543100
2003-07-17,14.125,14.125,13.512499809265137,13.637499809265137,2395600
2003-07-18,13.550000190734863,13.899999618530273,13.2524995803833,13.829999923706055,2155920
2003-07-21,13.899999618530273,14.0,13.657500267028809,13.84749984741211,2483920
2003-07-22,13.760000228881836,14.0,13.412500381469727,13.487500190734863,1669900
2003-07-23,13.850000381469727,13.850000381469727,12.6274995803833,12.795000076293945,8528800
2003-07-24,12.944999694824219,13.037500381469727,12.824999809265137,12.925000190734863,6100240
2003-07-25,13.0,13.4375,12.947500228881836,13.242500305175781,5049440
2003-07-28,13.475000381469727,13.5,13.149999618530273,13.3149995803833,1817300
2003-07-29,13.395000457763672,13.484999656677246,13.0024995803833,13.27750015258789,2238940
2003-07-30,13.350000381469727,13.6875,13.300000190734863,13.5625,3577140
2003-07-31,13.600000381469727,13.604999542236328,13.149999618530273,13.267499923706055,4542740
2003-08-01,13.324999809265137,13.414999961853027,13.157500267028809,13.319999694824219,1022600
2003-08-04,13.305000305175781,13.547499656677246,13.305000305175781,13.452500343322754,2019940
2003-08-05,13.569999694824219,14.100000381469727,13.399999618530273,13.982500076293945,8831400
2003-08-06,13.975000381469727,13.9975004196167,13.612500190734863,13.829999923706055,3158420
2003-08-07,13.789999961853027,13.800000190734863,13.532500267028809,13.602499961853027,1463400
2003-08-08,13.600000381469727,13.989999771118164,13.350000381469727,13.762499809265137,4090500
2003-08-11,13.604999542236328,13.850000381469727,13.604999542236328,13.739999771118164,1894840
2003-08-12,13.899999618530273,13.899999618530273,13.600000381469727,13.667499542236328,1725000
2003-08-13,13.602499961853027,13.75,11.7524995803833,13.625,5275260
2003-08-14,13.732500076293945,13.789999961853027,13.25,13.364999771118164,3873460
2003-08-15,13.364999771118164,13.364999771118164,13.364999771118164,13.364999771118164,0
2003-08-18,13.375,14.0,13.3125,13.895000457763672,5061040
2003-08-19,13.962499618530273,14.100000381469727,13.899999618530273,14.0649995803833,4534160
2003-08-20,14.100000381469727,14.449999809265137,14.050000190734863,14.232500076293945,5558940
2003-08-21,14.199999809265137,14.5,14.050000190734863,14.392499923706055,3558280
2003-08-22,14.305000305175781,14.579999923706055,14.255000114440918,14.449999809265137,3050020
2003-08-25,14.4350004196167,14.4350004196167,13.199999809265137,14.050000190734863,5238100
2003-08-26,14.149999618530273,14.149999618530273,13.912500381469727,13.957500457763672,2328040
2003-08-27,14.149999618530273,14.449999809265137,14.0,14.162500381469727,4719360
2003-08-28,14.300000190734863,14.300000190734863,13.899999618530273,14.042499542236328,7593580
2003-08-29,13.699999809265137,14.02750015258789,13.602499961853027,13.78499984741211,7430140
2003-09-01,13.75,14.0,13.75,13.922499656677246,2629720
2003-09-02,13.75,14.449999809265137,13.75,14.09749984741211,2397540
2003-09-03,14.0,14.550000190734863,14.0,14.017499923706055,9734260
2003-09-04,14.024999618530273,14.170000076293945,13.5,14.017499923706055,7346340
2003-09-05,14.0,14.199999809265137,13.912500381469727,13.984999656677246,6838580
2003-09-08,13.824999809265137,14.145000457763672,13.800000190734863,13.917499542236328,2566100
2003-09-09,13.850000381469727,14.095000267028809,13.75,14.005000114440918,4093840
2003-09-10,13.649999618530273,14.045000076293945,13.649999618530273,13.854999542236328,3772280
2003-09-11,13.904999732971191,14.050000190734863,13.827500343322754,13.925000190734863,3583320
2003-09-12,13.949999809265137,14.037500381469727,13.817500114440918,13.967499732971191,4789960
2003-09-15,13.9399995803833,14.0,13.699999809265137,13.782500267028809,3019460
2003-09-16,13.600000381469727,13.994999885559082,13.600000381469727,13.8725004196167,5632140
2003-09-17,13.994999885559082,13.994999885559082,13.555000305175781,13.672499656677246,4590520
2003-09-18,13.600000381469727,13.600000381469727,13.157500267028809,13.2524995803833,3809040
2003-09-19,13.27750015258789,13.600000381469727,13.199999809265137,13.587499618530273,3384860
2003-09-22,13.75,13.75,13.199999809265137,13.232500076293945,3993340
2003-09-23,13.25,13.5,13.204999923706055,13.342499732971191,3835740
2003-09-24,13.5,13.787500381469727,13.302499771118164,13.707500457763672,5147900
2003-09-25,13.600000381469727,13.75,13.307499885559082,13.392499923706055,3958120
2003-09-26,13.40250015258789,13.600000381469727,13.262499809265137,13.572500228881836,2960480
2003-09-29,13.744999885559082,13.925000190734863,13.399999618530273,13.487500190734863,14601180
2003-09-30,13.5,13.829999923706055,13.5,13.75,12788700
2003-10-01,13.850000381469727,14.300000190734863,13.774999618530273,14.162500381469727,7873740
2003-10-02,14.162500381469727,14.162500381469727,14.162500381469727,14.162500381469727,0
2003-10-03,14.524999618530273,14.774999618530273,14.350000381469727,14.72249984741211,13278020
2003-10-06,14.875,16.0,14.800000190734863,15.6899995803833,11205820
2003-10-07,16.0,16.2549991607666,15.350000381469727,15.47249984741211,27094920
2003-10-08,15.649999618530273,15.75,15.359999656677246,15.512499809265137,10443740
2003-10-09,15.720000267028809,15.8125,15.552499771118164,15.71500015258789,5270600
2003-10-10,16.25,16.25,15.104999542236328,15.270000457763672,15090120
2003-10-13,15.420000076293945,15.717499732971191,15.345000267028809,15.432499885559082,10034760
2003-10-14,16.4950008392334,16.4950008392334,15.397500038146973,15.487500190734863,11243460
2003-10-15,15.600000381469727,15.649999618530273,15.199999809265137,15.545000076293945,5667140
2003-10-16,15.574999809265137,15.75,15.5,15.6875,5319140
2003-10-17,15.675000190734863,16.25,15.675000190734863,15.824999809265137,14812900
2003-10-20,15.850000381469727,16.09749984741211,15.630000114440918,15.744999885559082,8957200
2003-10-21,15.600000381469727,15.774999618530273,15.404999732971191,15.555000305175781,5621400
2003-10-22,15.449999809265137,15.645000457763672,14.949999809265137,15.045000076293945,3988080
2003-10-23,15.145000457763672,15.199999809265137,14.867500305175781,14.987500190734863,4572080
2003-10-24,15.050000190734863,15.470000267028809,14.800000190734863,15.395000457763672,2800860
2003-10-27,15.322500228881836,15.720000267028809,15.0,15.050000190734863,5335340
2003-10-28,15.154999732971191,15.720000267028809,15.0600004196167,15.595000267028809,8690900
2003-10-29,15.670000076293945,15.895000457763672,15.647500038146973,15.835000038146973,7458720
2003-10-30,15.625,16.0,15.625,15.880000114440918,7013240
2003-10-31,16.049999237060547,16.049999237060547,15.512499809265137,15.802499771118164,6379040
2003-11-03,16.024999618530273,16.149999618530273,15.850000381469727,15.975000381469727,6993200
2003-11-04,16.100000381469727,16.100000381469727,15.359999656677246,15.492500305175781,6414400
2003-11-05,15.630000114440918,15.642499923706055,15.399999618530273,15.470000267028809,3601440
2003-11-06,15.350000381469727,15.5,15.154999732971191,15.392499923706055,5243160
2003-11-07,15.484999656677246,15.5,15.125,15.262499809265137,9052180
2003-11-10,15.732500076293945,15.732500076293945,15.202500343322754,15.444999694824219,2850660
2003-11-11,15.550000190734863,15.654999732971191,15.227499961853027,15.327500343322754,4271360
2003-11-12,15.399999618530273,15.399999618530273,14.875,14.947500228881836,7096680
2003-11-13,15.175000190734863,15.225000381469727,14.899999618530273,14.970000267028809,2631620
2003-11-14,13.274999618530273,15.149999618530273,13.274999618530273,14.8725004196167,2738800
2003-11-17,14.949999809265137,15.25,14.880000114440918,15.204999923706055,2653200
2003-11-18,15.390000343322754,15.390000343322754,15.052499771118164,15.142499923706055,5788920
2003-11-19,14.952500343322754,15.100000381469727,14.699999809265137,14.984999656677246,10485400
2003-11-20,14.949999809265137,15.087499618530273,14.725000381469727,14.917499542236328,3080120
2003-11-21,14.725000381469727,15.25,14.725000381469727,15.147500038146973,4014340
2003-11-24,15.449999809265137,15.449999809265137,15.074999809265137,15.142499923706055,8704520
2003-11-25,15.0600004196167,15.297499656677246,15.057499885559082,15.130000114440918,7615700
2003-11-26,15.130000114440918,15.130000114440918,15.130000114440918,15.130000114440918,0
2003-11-27,15.324999809265137,15.475000381469727,15.0,15.082500457763672,8099040
2003-11-28,15.199999809265137,15.397500038146973,15.0,15.130000114440918,9611280
2003-12-01,15.350000381469727,15.720000267028809,15.199999809265137,15.5625,20883580
2003-12-02,15.75,15.994999885559082,15.600000381469727,15.90250015258789,13234240
2003-12-03,15.994999885559082,16.549999237060547,15.994999885559082,16.44499969482422,18420280
2003-12-04,16.485000610351562,16.795000076293945,16.350000381469727,16.72249984741211,16802460
2003-12-05,16.799999237060547,16.799999237060547,16.25,16.415000915527344,8233340
2003-12-08,16.375,16.645000457763672,16.02750015258789,16.337499618530273,4320740
2003-12-09,16.7450008392334,16.842500686645508,16.52750015258789,16.625,7191600
2003-12-10,16.649999618530273,17.190000534057617,16.3075008392334,17.020000457763672,14488140
2003-12-11,17.0,17.600000381469727,16.899999618530273,17.522499084472656,14190320
2003-12-12,17.549999237060547,18.3700008392334,17.302499771118164,18.13249969482422,15950640
2003-12-15,18.295000076293945,18.299999237060547,17.5674991607666,17.6825008392334,2914540
2003-12-16,17.795000076293945,18.239999771118164,17.727500915527344,17.989999771118164,7571840
2003-12-17,17.950000762939453,18.049999237060547,17.760000228881836,17.967500686645508,8455880
2003-12-18,18.0,18.040000915527344,17.577499389648438,17.760000228881836,5089360
2003-12-19,17.667499542236328,18.0,17.667499542236328,17.915000915527344,5589400
2003-12-22,17.799999237060547,18.045000076293945,17.799999237060547,17.975000381469727,4002020
2003-12-23,17.950000762939453,18.25,17.549999237060547,17.622499465942383,3498320
2003-12-24,17.81999969482422,18.03499984741211,17.604999542236328,18.002500534057617,4202380
2003-12-25,18.002500534057617,18.002500534057617,18.002500534057617,18.002500534057617,0
2003-12-26,18.0,18.247499465942383,17.75,17.93000030517578,2768760
2003-12-29,18.100000381469727,19.252500534057617,18.100000381469727,18.989999771118164,7945740
2003-12-30,19.049999237060547,19.1875,18.25,18.40250015258789,20990060
2003-12-31,18.5,18.875,18.157499313354492,18.2549991607666,4438400
2004-01-01,18.149999618530273,18.399999618530273,17.975000381469727,18.332500457763672,3777080
2004-01-02,18.690000534057617,18.7549991607666,17.920000076293945,18.142499923706055,9219500
2004-01-05,18.399999618530273,18.575000762939453,18.125,18.260000228881836,5865020
2004-01-06,18.012500762939453,18.6200008392334,17.950000762939453,18.075000762939453,8767620
2004-01-07,18.149999618530273,18.5,17.864999771118164,18.045000076293945,7721700
2004-01-08,18.075000762939453,18.200000762939453,17.657499313354492,18.082500457763672,12897480
2004-01-09,18.27750015258789,19.299999237060547,18.149999618530273,18.422500610351562,19754680
2004-01-12,18.325000762939453,18.459999084472656,18.15250015258789,18.2450008392334,11737520
2004-01-13,18.25,18.329999923706055,18.102500915527344,18.2450008392334,12873200
2004-01-14,18.30500030517578,18.462499618530273,18.149999618530273,18.387500762939453,13776720
2004-01-15,18.549999237060547,20.149999618530273,18.549999237060547,19.252500534057617,30093820
2004-01-16,19.352500915527344,20.024999618530273,18.604999542236328,19.082500457763672,17756680
2004-01-19,19.2450008392334,19.2450008392334,18.399999618530273,18.49250030517578,12401760
2004-01-20,18.549999237060547,19.042499542236328,18.399999618530273,18.49250030517578,14194340
2004-01-21,18.5,18.547500610351562,18.024999618530273,18.457500457763672,13271860
2004-01-22,18.875,18.889999389648438,18.209999084472656,18.34000015258789,10207880
2004-01-23,17.600000381469727,18.667499542236328,15.02750015258789,18.24250030517578,5454500
2004-01-26,18.24250030517578,18.24250030517578,18.24250030517578,18.24250030517578,0
2004-01-27,18.239999771118164,18.59749984741211,18.0049991607666,18.280000686645508,7097160
2004-01-28,20.337499618530273,20.337499618530273,17.850000381469727,18.010000228881836,6749200
2004-01-29,18.0,18.739999771118164,17.262500762939453,17.799999237060547,8149720
2004-01-30,17.649999618530273,17.649999618530273,16.774999618530273,17.247499465942383,4773580
2004-02-02,17.247499465942383,17.247499465942383,17.247499465942383,17.247499465942383,0
2004-02-03,17.0,17.59749984741211,16.5,16.834999084472656,12556540
2004-02-04,16.59000015258789,17.69499969482422,16.274999618530273,17.497499465942383,5846040
2004-02-05,17.412500381469727,18.0,17.2549991607666,17.837499618530273,5920560
2004-02-06,17.924999237060547,18.0,17.262500762939453,17.737499237060547,7599900
2004-02-09,17.975000381469727,18.375,17.907499313354492,18.212499618530273,8278460
2004-02-10,18.399999618530273,18.792499542236328,18.350000381469727,18.642499923706055,6810560
2004-02-11,18.774999618530273,18.875,18.575000762939453,18.727500915527344,5498300
2004-02-12,18.875,19.100000381469727,18.552499771118164,18.727500915527344,4940960
2004-02-13,18.700000762939453,18.78499984741211,18.415000915527344,18.739999771118164,3603520
2004-02-16,18.99250030517578,19.0049991607666,18.700000762939453,18.90999984741211,4754040
2004-02-17,18.75749969482422,19.170000076293945,18.68000030517578,19.03499984741211,5934980
2004-02-18,18.8075008392334,19.170000076293945,18.752500534057617,18.967500686645508,2889540
2004-02-19,19.022499084472656,19.024999618530273,18.657499313354492,18.739999771118164,3339260
2004-02-20,18.700000762939453,18.74250030517578,17.81999969482422,18.2450008392334,9659340
2004-02-23,17.80500030517578,18.47249984741211,17.700000762939453,18.360000610351562,2724060
2004-02-24,18.299999237060547,18.700000762939453,18.125,18.577499389648438,4981180
2004-02-25,18.719999313354492,18.719999313354492,18.02750015258789,18.260000228881836,3252920
2004-02-26,18.149999618530273,18.600000381469727,18.149999618530273,18.452499389648438,8090840
2004-02-27,18.497499465942383,18.875,18.212499618530273,18.732500076293945,5906800
2004-03-01,18.844999313354492,19.200000762939453,18.625,18.927499771118164,4472820
2004-03-02,18.927499771118164,18.927499771118164,18.927499771118164,18.927499771118164,0
2004-03-03,19.022499084472656,20.0,18.854999542236328,19.600000381469727,11667120
2004-03-04,19.584999084472656,19.584999084472656,18.862499237060547,19.15999984741211,5241520
2004-03-05,19.2450008392334,19.392499923706055,18.975000381469727,19.122499465942383,4297500
2004-03-08,19.274999618530273,19.622499465942383,18.90250015258789,18.9950008392334,5833340
2004-03-09,19.38249969482422,19.38249969482422,18.61750030517578,18.752500534057617,2152040
2004-03-10,18.75,19.0,18.5,18.915000915527344,4731040
2004-03-11,18.875,19.0,18.612499237060547,18.799999237060547,4396400
2004-03-12,18.704999923706055,18.774999618530273,17.99250030517578,18.342500686645508,6211700
2004-03-15,18.674999237060547,18.674999237060547,18.012500762939453,18.084999084472656,4297500
2004-03-16,17.684999465942383,18.219999313354492,17.325000762939453,17.967500686645508,6279680
2004-03-17,17.899999618530273,18.25,17.5674991607666,17.96500015258789,4463180
2004-03-18,17.950000762939453,18.049999237060547,17.399999618530273,17.767499923706055,3017360
2004-03-19,17.549999237060547,17.899999618530273,17.512500762939453,17.6875,3746740
2004-03-22,17.887500762939453,17.887500762939453,16.75749969482422,16.9424991607666,3936960
2004-03-23,16.9375,17.375,16.799999237060547,17.25,3666880
2004-03-24,17.497499465942383,18.489999771118164,17.104999542236328,17.88249969482422,3227600
2004-03-25,18.0,18.2450008392334,17.875,18.145000457763672,4702580
2004-03-26,18.200000762939453,18.905000686645508,18.102500915527344,18.704999923706055,4226600
2004-03-29,18.850000381469727,18.989999771118164,18.502500534057617,18.90250015258789,3269420
2004-03-30,18.799999237060547,18.850000381469727,18.137500762939453,18.457500457763672,4223460
2004-03-31,18.674999237060547,19.094999313354492,18.274999618530273,18.9375,5755800
2004-04-01,19.1200008392334,19.299999237060547,18.399999618530273,19.217500686645508,7471600
2004-04-02,19.350000381469727,19.600000381469727,19.157499313354492,19.44499969482422,4578820
2004-04-05,19.55500030517578,20.0,19.075000762939453,19.334999084472656,6970000
2004-04-06,19.6200008392334,19.657499313354492,19.0049991607666,19.104999542236328,3121400
2004-04-07,19.25,19.337499618530273,19.0,19.037500381469727,1601740
2004-04-08,18.899999618530273,19.56999969482422,18.797500610351562,19.024999618530273,5776540
2004-04-09,19.024999618530273,19.024999618530273,19.024999618530273,19.024999618530273,0
2004-04-12,19.184999465942383,19.184999465942383,18.602500915527344,18.770000457763672,2476120
2004-04-13,18.834999084472656,19.200000762939453,18.760000228881836,19.127500534057617,3078960
2004-04-14,19.127500534057617,19.127500534057617,19.127500534057617,19.127500534057617,0
2004-04-15,19.25,19.299999237060547,18.899999618530273,19.049999237060547,4464480
2004-04-16,19.19499969482422,19.49250030517578,18.852500915527344,18.924999237060547,3371280
2004-04-19,18.997499465942383,19.040000915527344,18.717500686645508,18.917499542236328,5238360
2004-04-20,18.899999618530273,19.037500381469727,18.6875,18.739999771118164,3716080
2004-04-21,18.850000381469727,18.850000381469727,18.5575008392334,18.647499084472656,8828120
2004-04-22,18.75,18.950000762939453,18.512500762939453,18.75749969482422,6784080
2004-04-23,18.94499969482422,19.237499237060547,18.674999237060547,18.99250030517578,6099280
2004-04-26,18.99250030517578,18.99250030517578,18.99250030517578,18.99250030517578,0
2004-04-27,18.75749969482422,19.24250030517578,18.5049991607666,19.040000915527344,6185420
2004-04-28,19.100000381469727,19.25,18.799999237060547,18.99250030517578,3851180
2004-04-29,19.0,19.25,18.549999237060547,19.079999923706055,4131960
2004-04-30,19.100000381469727,19.145000457763672,18.774999618530273,18.90250015258789,2355900
2004-05-03,18.75,18.97249984741211,18.65250015258789,18.887500762939453,1932900
2004-05-04,18.99250030517578,19.25,18.75749969482422,18.81999969482422,2187340
2004-05-05,18.924999237060547,19.75,18.850000381469727,19.125,6451360
2004-05-06,19.200000762939453,19.649999618530273,19.05500030517578,19.142499923706055,5431280
2004-05-07,19.149999618530273,19.25,18.5,18.770000457763672,3163520
2004-05-10,18.407499313354492,19.399999618530273,18.405000686645508,19.09000015258789,2541660
2004-05-11,18.704999923706055,18.787500381469727,18.5,18.59749984741211,4069620
2004-05-12,18.549999237060547,18.739999771118164,17.655000686645508,18.372499465942383,5628840
2004-05-13,18.25,18.9950008392334,17.55500030517578,18.44499969482422,5092560
2004-05-14,18.225000381469727,18.600000381469727,16.75,17.63249969482422,7744460
2004-05-17,17.5,17.5,12.807499885559082,13.992500305175781,5221460
2004-05-18,14.0,18.0,13.7524995803833,17.604999542236328,11226480
2004-05-19,17.75,18.4950008392334,17.059999465942383,17.657499313354492,4952040
2004-05-20,17.75,18.0,17.25,17.719999313354492,4562720
2004-05-21,17.264999389648438,18.200000762939453,16.947500228881836,18.114999771118164,3469720
2004-05-24,18.052499771118164,18.59000015258789,18.049999237060547,18.44499969482422,2391080
2004-05-25,18.15250015258789,18.517499923706055,18.100000381469727,18.46500015258789,3109900
2004-05-26,18.72249984741211,18.989999771118164,18.350000381469727,18.459999084472656,3754800
2004-05-27,18.107500076293945,18.950000762939453,18.047500610351562,18.700000762939453,6282700
2004-05-28,18.552499771118164,18.897499084472656,18.25749969482422,18.44499969482422,5519940
2004-05-31,18.162500381469727,18.299999237060547,17.40250015258789,17.5625,6648280
2004-06-01,17.799999237060547,17.950000762939453,17.399999618530273,17.572500228881836,5291400
2004-06-02,17.700000762939453,18.0,17.5,17.842500686645508,3722020
2004-06-03,18.0,18.079999923706055,17.457500457763672,17.542499542236328,3806280
2004-06-04,17.5,17.899999618530273,17.299999237060547,17.797500610351562,2702360
2004-06-07,18.0,18.44499969482422,17.802499771118164,17.962499618530273,10003440
2004-06-08,18.09749984741211,18.399999618530273,18.010000228881836,18.22249984741211,3241220
2004-06-09,18.197500228881836,18.600000381469727,18.104999542236328,18.514999389648438,2442680
2004-06-10,18.5,19.600000381469727,18.5,18.950000762939453,13798900
2004-06-11,18.975000381469727,19.24250030517578,17.857500076293945,18.0,5836120
2004-06-14,18.100000381469727,18.350000381469727,17.762500762939453,18.037500381469727,8642740
2004-06-15,18.149999618530273,18.399999618530273,17.912500381469727,18.260000228881836,5966100
2004-06-16,18.4375,18.549999237060547,18.299999237060547,18.4325008392334,4518300
2004-06-17,18.405000686645508,18.795000076293945,18.360000610351562,18.752500534057617,4857540
2004-06-18,18.850000381469727,18.899999618530273,18.5625,18.7450008392334,3213280
2004-06-21,18.75,19.0,18.649999618530273,18.88249969482422,2476640
2004-06-22,18.762500762939453,18.987499237060547,18.602500915527344,18.790000915527344,4132320
2004-06-23,18.9325008392334,18.997499465942383,18.100000381469727,18.247499465942383,5617020
2004-06-24,18.46500015258789,19.545000076293945,18.0,19.0674991607666,7162000
2004-06-25,18.752500534057617,18.940000534057617,17.875,18.3700008392334,11693380
2004-06-28,18.350000381469727,18.549999237060547,17.975000381469727,18.422500610351562,5651300
2004-06-29,18.450000762939453,18.587499618530273,18.299999237060547,18.477500915527344,4401080
2004-06-30,18.5,18.524999618530273,18.25,18.485000610351562,2955160
2004-07-01,18.5,18.702499389648438,18.360000610351562,18.579999923706055,3230160
2004-07-02,18.497499465942383,18.497499465942383,18.112499237060547,18.225000381469727,4154360
2004-07-05,17.5,18.100000381469727,17.05500030517578,18.077499389648438,11077180
2004-07-06,18.0,18.399999618530273,17.799999237060547,18.344999313354492,5801360
2004-07-07,18.200000762939453,18.600000381469727,18.200000762939453,18.514999389648438,4967820
2004-07-08,18.3075008392334,18.72249984741211,18.0,18.212499618530273,6113460
2004-07-09,17.950000762939453,18.59749984741211,17.832500457763672,18.4375,5585180
2004-07-12,18.5,18.645000457763672,18.25,18.415000915527344,3968880
2004-07-13,18.5,18.5,18.0,18.264999389648438,2845340
2004-07-14,18.450000762939453,18.645000457763672,18.172500610351562,18.247499465942383,5159060
2004-07-15,18.399999618530273,18.5,18.207500457763672,18.247499465942383,2330340
2004-07-16,18.299999237060547,18.395000457763672,17.99250030517578,18.30500030517578,2629820
2004-07-19,18.44499969482422,18.49250030517578,18.25,18.315000534057617,2182160
2004-07-20,18.299999237060547,18.549999237060547,18.127500534057617,18.502500534057617,2999200
2004-07-21,18.575000762939453,18.75,18.350000381469727,18.510000228881836,7741680
2004-07-22,18.729999542236328,18.7450008392334,18.399999618530273,18.475000381469727,5581400
2004-07-23,18.424999237060547,18.549999237060547,18.225000381469727,18.479999542236328,3238740
2004-07-26,18.450000762939453,18.799999237060547,18.25,18.727500915527344,5362760
2004-07-27,18.600000381469727,18.797500610351562,18.350000381469727,18.6875,11159360
2004-07-28,18.700000762939453,18.700000762939453,18.40250015258789,18.604999542236328,5418400
2004-07-29,18.549999237060547,18.975000381469727,18.454999923706055,18.787500381469727,6601700
2004-07-30,18.799999237060547,18.850000381469727,18.524999618530273,18.760000228881836,5222880
2004-08-02,18.75,18.75,18.502500534057617,18.594999313354492,2245980
2004-08-03,18.594999313354492,18.600000381469727,18.174999237060547,18.25,7158740
2004-08-04,18.25,18.4375,18.0049991607666,18.25749969482422,2446800
2004-08-05,18.297500610351562,18.747499465942383,18.262500762939453,18.59749984741211,2630460
2004-08-06,18.405000686645508,18.5,18.049999237060547,18.3799991607666,2674760
2004-08-09,18.399999618530273,18.584999084472656,18.25,18.485000610351562,1797960
2004-08-10,18.524999618530273,18.774999618530273,18.49250030517578,18.704999923706055,3897940
2004-08-11,18.552499771118164,18.825000762939453,18.405000686645508,18.719999313354492,4504140
2004-08-12,18.565000534057617,18.69499969482422,18.415000915527344,18.540000915527344,1687520
2004-08-13,18.549999237060547,18.594999313354492,18.15250015258789,18.25,1464620
2004-08-16,18.174999237060547,18.267499923706055,18.030000686645508,18.09749984741211,1714300
2004-08-17,18.34000015258789,18.489999771118164,18.052499771118164,18.1825008392334,14637920
2004-08-18,18.200000762939453,18.25,18.0,18.075000762939453,4164500
2004-08-19,18.450000762939453,18.450000762939453,18.0,18.065000534057617,8524340
2004-08-20,18.065000534057617,18.174999237060547,17.8075008392334,17.844999313354492,1158180
2004-08-23,18.049999237060547,18.299999237060547,17.655000686645508,18.209999084472656,1747600
2004-08-24,18.25,18.822500228881836,18.107500076293945,18.737499237060547,2569200
2004-08-25,18.7450008392334,18.850000381469727,18.552499771118164,18.737499237060547,2424060
2004-08-26,18.7450008392334,19.094999313354492,18.604999542236328,18.97249984741211,5299840
2004-08-27,18.94499969482422,18.97249984741211,18.450000762939453,18.475000381469727,1470060
2004-08-30,18.5,18.6924991607666,18.399999618530273,18.5625,1165220
2004-08-31,18.399999618530273,18.5,18.27750015258789,18.38249969482422,2631180
2004-09-01,18.399999618530273,18.512500762939453,18.309999465942383,18.427499771118164,2123660
2004-09-02,18.362499237060547,18.690000534057617,18.360000610351562,18.545000076293945,1411400
2004-09-03,18.575000762939453,18.63249969482422,18.40250015258789,18.510000228881836,2173880
2004-09-06,18.549999237060547,18.899999618530273,18.462499618530273,18.857500076293945,2877880
2004-09-07,18.989999771118164,19.25,18.780000686645508,19.09000015258789,7010020
2004-09-08,19.104999542236328,20.017499923706055,18.600000381469727,19.702499389648438,30147280
2004-09-09,19.950000762939453,20.170000076293945,18.924999237060547,19.094999313354492,32847440
2004-09-10,19.149999618530273,19.735000610351562,19.112499237060547,19.479999542236328,16276440
2004-09-13,19.25,19.75,19.200000762939453,19.420000076293945,7969580
2004-09-14,19.4950008392334,19.75,19.25,19.565000534057617,6661420
2004-09-15,19.670000076293945,20.03499984741211,19.602500915527344,19.75749969482422,15839120
2004-09-16,19.895000457763672,19.975000381469727,19.732500076293945,19.772499084472656,6114280
2004-09-17,19.649999618530273,20.34000015258789,19.649999618530273,20.145000457763672,12427840
2004-09-20,20.149999618530273,20.5,19.770000457763672,20.252500534057617,12845500
2004-09-21,20.737499237060547,20.737499237060547,20.075000762939453,20.309999465942383,9729480
2004-09-22,20.44499969482422,20.6924991607666,20.200000762939453,20.610000610351562,17804960
2004-09-23,20.600000381469727,20.834999084472656,20.40999984741211,20.520000457763672,10806420
2004-09-24,20.399999618530273,20.622499465942383,20.077499389648438,20.232500076293945,13514680
2004-09-27,20.25,20.299999237060547,19.735000610351562,19.922500610351562,14691480
2004-09-28,20.002500534057617,20.44499969482422,20.002500534057617,20.2549991607666,14492220
2004-09-29,19.8125,20.5,19.8125,20.204999923706055,9512340
2004-09-30,20.399999618530273,20.420000076293945,20.0,20.100000381469727,7624880
2004-10-01,20.489999771118164,20.709999084472656,20.264999389648438,20.537500381469727,13503600
2004-10-04,20.795000076293945,20.940000534057617,20.565000534057617,20.80500030517578,10349300
2004-10-05,20.850000381469727,20.934999465942383,20.690000534057617,20.8125,7015420
2004-10-06,20.895000457763672,20.90250015258789,20.549999237060547,20.604999542236328,4422300
2004-10-07,20.84749984741211,20.84749984741211,20.274999618530273,20.50749969482422,2874820
2004-10-08,20.600000381469727,20.600000381469727,20.375,20.487499237060547,4251060
2004-10-11,20.399999618530273,20.592500686645508,20.350000381469727,20.44499969482422,2289540
2004-10-12,20.424999237060547,20.44499969482422,20.0575008392334,20.165000915527344,1820900
2004-10-13,20.165000915527344,20.165000915527344,20.165000915527344,20.165000915527344,0
2004-10-14,20.22249984741211,20.237499237060547,19.8075008392334,20.014999389648438,3147680
2004-10-15,20.350000381469727,20.395000457763672,20.06999969482422,20.309999465942383,4798240
2004-10-18,20.489999771118164,20.542499542236328,20.30500030517578,20.447500228881836,3941140
2004-10-19,20.450000762939453,20.842500686645508,20.43000030517578,20.735000610351562,8044720
2004-10-20,20.7450008392334,20.81999969482422,20.450000762939453,20.545000076293945,3898620
2004-10-21,20.594999313354492,20.594999313354492,20.012500762939453,20.184999465942383,5640560
2004-10-22,20.184999465942383,20.184999465942383,20.184999465942383,20.184999465942383,0
2004-10-25,20.375,20.600000381469727,20.260000228881836,20.487499237060547,6476080
2004-10-26,20.350000381469727,20.612499237060547,20.1825008392334,20.450000762939453,2917940
2004-10-27,20.645000457763672,21.149999618530273,20.5,20.864999771118164,8296680
2004-10-28,21.114999771118164,21.25,20.6825008392334,20.797500610351562,8760920
2004-10-29,20.552499771118164,20.885000228881836,20.552499771118164,20.7549991607666,5042440
2004-11-01,21.149999618530273,21.149999618530273,20.809999465942383,21.075000762939453,11031560
2004-11-02,20.950000762939453,21.145000457763672,20.774999618530273,21.037500381469727,5511000
2004-11-03,21.0625,21.475000381469727,21.0625,21.397499084472656,8372300
2004-11-04,21.700000762939453,21.700000762939453,21.212499618530273,21.252500534057617,3669840
2004-11-05,21.475000381469727,21.790000915527344,21.344999313354492,21.627500534057617,4943440
2004-11-08,21.850000381469727,22.697500228881836,21.702499389648438,22.607500076293945,13350760
2004-11-09,22.7549991607666,23.049999237060547,22.399999618530273,22.860000610351562,7656420
2004-11-10,22.96500015258789,23.850000381469727,22.96500015258789,23.670000076293945,11598680
2004-11-11,23.565000534057617,23.747499465942383,23.262500762939453,23.389999389648438,5099460
2004-11-12,23.600000381469727,23.6875,23.3075008392334,23.397499084472656,671860
2004-11-15,23.397499084472656,23.397499084472656,23.397499084472656,23.397499084472656,0
2004-11-16,23.5,24.44499969482422,23.424999237060547,24.202499389648438,10965740
2004-11-17,24.25,24.34749984741211,24.0625,24.135000228881836,8909660
2004-11-18,24.25,24.299999237060547,23.700000762939453,23.907499313354492,10123500
2004-11-19,24.075000762939453,24.600000381469727,23.959999084472656,24.142499923706055,11679560
2004-11-22,24.24250030517578,24.297500610351562,23.517499923706055,24.15999984741211,10444000
2004-11-23,24.299999237060547,24.399999618530273,24.049999237060547,24.364999771118164,3613020
2004-11-24,24.350000381469727,24.350000381469727,24.065000534057617,24.18000030517578,3669820
2004-11-25,24.399999618530273,25.100000381469727,24.202499389648438,24.954999923706055,8639340
2004-11-26,24.954999923706055,24.954999923706055,24.954999923706055,24.954999923706055,0
2004-11-29,24.3125,25.219999313354492,21.459999084472656,24.94499969482422,5391740
2004-11-30,25.100000381469727,25.149999618530273,24.75,24.834999084472656,6158380
2004-12-01,24.954999923706055,25.100000381469727,24.082500457763672,24.202499389648438,9358920
2004-12-02,24.739999771118164,24.75,24.25,24.420000076293945,11284800
2004-12-03,24.5,24.75,23.860000610351562,24.137500762939453,11661260
2004-12-06,24.137500762939453,24.547500610351562,23.75,23.829999923706055,11592140
2004-12-07,23.950000762939453,24.1924991607666,23.950000762939453,24.049999237060547,10543360
2004-12-08,24.59749984741211,24.59749984741211,23.454999923706055,23.56999969482422,4034240
2004-12-09,23.989999771118164,24.0,23.75,23.854999542236328,6662080
2004-12-10,23.75,23.75,23.225000381469727,23.344999313354492,9405840
2004-12-13,23.5,23.829999923706055,23.450000762939453,23.662500381469727,19560780
2004-12-14,23.797500610351562,23.9375,23.700000762939453,23.75749969482422,6775640
2004-12-15,23.774999618530273,24.0,23.600000381469727,23.707500457763672,6896200
2004-12-16,23.875,24.342500686645508,23.875,24.09000015258789,8749780
2004-12-17,24.299999237060547,24.3799991607666,23.77750015258789,24.087499618530273,5650120
2004-12-20,24.149999618530273,24.75,24.149999618530273,24.622499465942383,7636340
2004-12-21,24.75,24.850000381469727,24.52750015258789,24.809999465942383,9585840
2004-12-22,24.899999618530273,26.0,24.350000381469727,24.65999984741211,8915280
2004-12-23,24.9950008392334,25.0,24.399999618530273,24.704999923706055,5659700
2004-12-24,25.0,25.25,24.850000381469727,25.122499465942383,5650660
2004-12-27,25.25,25.350000381469727,24.862499237060547,25.2450008392334,3177320
2004-12-28,25.25,26.0,25.25,25.934999465942383,5067780
2004-12-29,26.0049991607666,26.200000762939453,25.50749969482422,25.7549991607666,3046460
2004-12-30,25.75749969482422,26.497499465942383,25.552499771118164,26.212499618530273,3992780
2004-12-31,26.049999237060547,26.25749969482422,25.854999542236328,26.017499923706055,2162300
2005-01-03,25.802499771118164,26.389999389648438,25.802499771118164,26.262500762939453,2591160
2005-01-04,26.252500534057617,26.549999237060547,25.25,25.97249984741211,4476120
2005-01-05,26.0,26.0,24.350000381469727,25.002500534057617,7975740
2005-01-06,25.002500534057617,25.489999771118164,23.950000762939453,24.25749969482422,9659020
2005-01-07,24.399999618530273,24.6875,24.225000381469727,24.512500762939453,5298000
2005-01-10,25.0,25.399999618530273,24.262500762939453,24.487499237060547,13225740
2005-01-11,24.5,24.587499618530273,24.0,24.170000076293945,4782220
2005-01-12,24.170000076293945,24.344999313354492,23.7549991607666,24.047500610351562,2837580
2005-01-13,24.0,25.399999618530273,24.0,24.94499969482422,10791840
2005-01-14,24.950000762939453,26.100000381469727,24.612499237060547,25.747499465942383,15903840
2005-01-17,26.0,26.450000762939453,25.407499313354492,26.002500534057617,9483580
2005-01-18,26.395000457763672,26.395000457763672,25.0,25.677499771118164,10000120
2005-01-19,25.885000228881836,26.25,25.477500915527344,25.94499969482422,9034920
2005-01-20,25.549999237060547,26.049999237060547,25.0,25.5674991607666,21816140
2005-01-24,25.69499969482422,25.69499969482422,24.299999237060547,24.5674991607666,16795520
2005-01-25,26.25,26.969999313354492,24.604999542236328,26.030000686645508,20124960
2005-01-27,26.112499237060547,27.399999618530273,25.899999618530273,26.88249969482422,24223080
2005-01-28,26.88249969482422,27.440000534057617,26.362499237060547,26.99250030517578,9751760
2005-01-31,26.825000762939453,28.5,26.75,28.229999542236328,13357080
2005-02-01,28.299999237060547,28.4375,27.512500762939453,28.00749969482422,7728060
2005-02-02,28.247499465942383,28.247499465942383,27.649999618530273,27.93000030517578,4604940
2005-02-03,27.950000762939453,28.75,27.850000381469727,28.674999237060547,8082380
2005-02-04,28.5,28.950000762939453,28.15250015258789,28.357500076293945,3578340
2005-02-07,28.262500762939453,28.75,27.602500915527344,28.087499618530273,2402500
2005-02-08,27.899999618530273,28.75,27.852500915527344,28.522499084472656,3514320
2005-02-09,28.600000381469727,29.4950008392334,28.5,29.405000686645508,6035080
2005-02-10,29.5,29.5,28.7549991607666,28.975000381469727,3415400
2005-02-11,28.997499465942383,28.997499465942383,28.399999618530273,28.75,4860720
2005-02-14,28.1200008392334,28.912500381469727,28.1200008392334,28.4325008392334,6259920
2005-02-15,28.75,28.899999618530273,28.0049991607666,28.125,6343000
2005-02-16,28.25,28.649999618530273,27.850000381469727,28.100000381469727,8738160
2005-02-17,28.0,28.18000030517578,27.7549991607666,27.915000915527344,3014800
2005-02-18,28.09749984741211,28.350000381469727,28.0,28.209999084472656,3233860
2005-02-21,28.44499969482422,28.44499969482422,27.712499618530273,28.024999618530273,6217400
2005-02-22,27.799999237060547,28.25,27.799999237060547,28.030000686645508,3465320
2005-02-23,28.0,28.040000915527344,27.704999923706055,27.905000686645508,6198120
2005-02-24,28.1875,28.912500381469727,27.952499389648438,28.799999237060547,6712840
2005-02-25,28.797500610351562,28.797500610351562,28.104999542236328,28.50749969482422,3240960
2005-02-28,28.842500686645508,29.99250030517578,28.5625,29.364999771118164,14890860
2005-03-01,29.350000381469727,29.350000381469727,28.657499313354492,28.877500534057617,8460320
2005-03-02,29.100000381469727,29.100000381469727,28.5,28.837499618530273,3921340
2005-03-03,28.9950008392334,29.0,28.71500015258789,28.80500030517578,4623700
2005-03-04,28.950000762939453,29.84000015258789,28.857500076293945,29.295000076293945,6562140
2005-03-07,29.600000381469727,30.25,29.450000762939453,30.0575008392334,8105800
2005-03-08,30.149999618530273,31.25,30.149999618530273,30.709999084472656,10957960
2005-03-09,30.947500228881836,31.25,30.512500762939453,31.207500457763672,6385360
2005-03-10,31.00749969482422,31.43000030517578,30.612499237060547,30.770000457763672,4572280
2005-03-11,31.0,31.0,30.3075008392334,30.485000610351562,5219600
2005-03-14,30.485000610351562,30.600000381469727,30.049999237060547,30.135000228881836,4878320
2005-03-15,30.145000457763672,30.145000457763672,29.100000381469727,29.69499969482422,2474060
2005-03-16,29.7450008392334,30.200000762939453,29.200000762939453,29.707500457763672,3689500
2005-03-17,29.649999618530273,29.649999618530273,28.549999237060547,28.6200008392334,7541460
2005-03-18,28.600000381469727,28.697500228881836,28.104999542236328,28.295000076293945,3136380
2005-03-21,28.4950008392334,28.5,27.799999237060547,27.959999084472656,3007700
2005-03-22,27.502500534057617,27.799999237060547,27.27750015258789,27.587499618530273,4245940
2005-03-23,27.5,27.5,26.149999618530273,26.582500457763672,8238260
2005-03-24,30.200000762939453,30.200000762939453,25.399999618530273,25.97249984741211,8411140
2005-03-28,26.450000762939453,26.989999771118164,26.322500228881836,26.647499084472656,2087740
2005-03-29,26.700000762939453,27.25,26.252500534057617,26.84749984741211,3267660
2005-03-30,26.75,26.895000457763672,26.302499771118164,26.662500381469727,8576980
2005-03-31,26.94499969482422,27.4950008392334,26.760000228881836,27.24250030517578,4459280
2005-04-01,27.299999237060547,27.850000381469727,27.049999237060547,27.577499389648438,3359660
2005-04-04,27.600000381469727,27.69499969482422,27.012500762939453,27.610000610351562,2532680
2005-04-05,27.850000381469727,28.100000381469727,26.852500915527344,26.997499465942383,3840540
2005-04-06,26.8125,27.850000381469727,26.8125,27.667499542236328,4253720
2005-04-07,28.0,28.34749984741211,27.924999237060547,28.157499313354492,5089240
2005-04-08,28.197500228881836,28.25,26.899999618530273,27.332500457763672,4854300
2005-04-11,28.389999389648438,28.389999389648438,27.252500534057617,27.852500915527344,4174340
2005-04-12,27.950000762939453,27.997499465942383,27.5,27.924999237060547,2452720
2005-04-13,28.25,28.674999237060547,27.850000381469727,28.072500228881836,10028860
2005-04-15,28.049999237060547,28.084999084472656,26.649999618530273,26.927499771118164,5603660
2005-04-18,26.719999313354492,26.719999313354492,25.80500030517578,26.017499923706055,8953240
2005-04-19,26.5,26.75,26.327499389648438,26.565000534057617,5691120
2005-04-20,26.112499237060547,27.299999237060547,26.112499237060547,27.037500381469727,6287820
2005-04-21,31.612499237060547,31.612499237060547,26.25,27.287500381469727,2885120
2005-04-22,28.145000457763672,28.145000457763672,26.760000228881836,27.010000228881836,2867060
2005-04-25,27.25,27.25,26.75749969482422,27.0,2828580
2005-04-26,27.045000076293945,27.184999465942383,26.815000534057617,26.9325008392334,2919100
2005-04-27,26.552499771118164,27.040000915527344,26.552499771118164,26.872499465942383,2047640
2005-04-28,26.850000381469727,27.200000762939453,26.262500762939453,26.99250030517578,4590180
2005-04-29,26.81999969482422,27.012500762939453,26.149999618530273,26.75,4073600
2005-05-02,26.75,27.012500762939453,26.75,26.987499237060547,2006060
2005-05-03,26.950000762939453,27.094999313354492,26.852500915527344,27.014999389648438,4413260
2005-05-04,26.72249984741211,27.0,26.625,26.957500457763672,1494380
2005-05-05,27.200000762939453,27.7450008392334,27.200000762939453,27.327499389648438,5354180
2005-05-06,27.337499618530273,27.337499618530273,26.825000762939453,27.047500610351562,2897540
2005-05-09,22.399999618530273,27.739999771118164,22.399999618530273,27.012500762939453,8703540
2005-05-10,27.0049991607666,27.247499465942383,26.75,27.037500381469727,4435500
2005-05-11,26.6875,26.850000381469727,26.399999618530273,26.75,6023520
2005-05-12,26.75,26.9950008392334,26.357500076293945,26.467500686645508,8504740
2005-05-13,26.350000381469727,26.774999618530273,26.350000381469727,26.649999618530273,5353620
2005-05-16,26.950000762939453,27.100000381469727,26.725000381469727,26.979999542236328,2375420
2005-05-17,27.739999771118164,27.739999771118164,26.75,26.84000015258789,988480
2005-05-18,26.844999313354492,26.850000381469727,26.424999237060547,26.747499465942383,4434500
2005-05-19,27.239999771118164,27.25,26.950000762939453,27.155000686645508,3958280
2005-05-20,26.80500030517578,27.197500228881836,26.799999237060547,26.88249969482422,1009120
2005-05-23,26.899999618530273,27.625,26.899999618530273,27.497499465942383,2175720
2005-05-24,27.5049991607666,27.6924991607666,26.75,27.325000762939453,1422220
2005-05-25,27.360000610351562,27.360000610351562,26.857500076293945,27.012500762939453,2859780
2005-05-26,27.040000915527344,27.24250030517578,26.517499923706055,26.897499084472656,9312100
2005-05-27,26.924999237060547,27.184999465942383,26.802499771118164,27.032499313354492,4060300
2005-05-30,26.90999984741211,27.100000381469727,26.649999618530273,27.010000228881836,1828580
2005-05-31,27.200000762939453,27.200000762939453,26.700000762939453,26.977500915527344,3721540
2005-06-01,27.075000762939453,27.125,26.700000762939453,26.797500610351562,3363620
2005-06-02,27.100000381469727,27.157499313354492,26.8125,26.987499237060547,2982420
2005-06-03,27.0,27.350000381469727,26.774999618530273,27.290000915527344,3307520
2005-06-06,27.174999237060547,27.850000381469727,27.0575008392334,27.662500381469727,4690360
2005-06-07,27.662500381469727,29.997499465942383,27.399999618530273,29.417499542236328,11003440
2005-06-08,29.600000381469727,29.739999771118164,29.100000381469727,29.292499542236328,7090440
2005-06-09,29.399999618530273,29.424999237060547,28.75,28.954999923706055,4001360
2005-06-10,29.0,29.450000762939453,28.5,28.815000534057617,6604900
2005-06-13,29.200000762939453,29.25,28.40999984741211,29.114999771118164,3202420
2005-06-14,29.200000762939453,29.7450008392334,29.100000381469727,29.674999237060547,4845660
2005-06-15,30.354999542236328,30.354999542236328,29.0,29.5575008392334,4665100
2005-06-16,29.600000381469727,29.950000762939453,29.5,29.772499084472656,33804280
2005-06-17,30.0,30.049999237060547,29.399999618530273,29.857500076293945,3939660
2005-06-20,29.987499237060547,30.0,29.655000686645508,29.93000030517578,4479240
2005-06-21,29.774999618530273,30.25,29.607500076293945,30.1299991607666,7409900
2005-06-22,30.19499969482422,30.19499969482422,29.252500534057617,29.502500534057617,4708380
2005-06-23,29.920000076293945,29.920000076293945,28.75,29.02750015258789,4977280
2005-06-24,29.25,29.36750030517578,28.655000686645508,29.122499465942383,3412040
2005-06-27,29.0,30.170000076293945,29.0,29.982500076293945,6432800
2005-06-28,29.892499923706055,29.892499923706055,29.112499237060547,29.5,3543380
2005-06-29,29.735000610351562,30.4950008392334,29.5,30.079999923706055,12991060
2005-06-30,30.079999923706055,32.147499084472656,30.079999923706055,31.802499771118164,23277860
2005-07-01,30.8125,31.25,30.649999618530273,30.90250015258789,4499860
2005-07-04,31.147499084472656,31.75,31.0,31.59749984741211,4477220
2005-07-05,30.612499237060547,31.9950008392334,26.895000457763672,31.655000686645508,2953280
2005-07-06,31.649999618530273,32.5,31.360000610351562,32.32749938964844,4670460
2005-07-07,32.255001068115234,33.099998474121094,31.700000762939453,32.02750015258789,13045380
2005-07-08,32.20000076293945,32.70000076293945,32.11249923706055,32.59000015258789,3074900
2005-07-11,32.775001525878906,33.45000076293945,32.75,33.1974983215332,4453180
2005-07-12,33.150001525878906,33.5,32.407501220703125,32.90250015258789,6600040
2005-07-13,32.900001525878906,32.900001525878906,31.850000381469727,32.14250183105469,6980040
2005-07-14,32.14250183105469,32.75,31.450000762939453,32.2599983215332,13679400
2005-07-15,32.25,32.25,31.354999542236328,31.530000686645508,5006360
2005-07-18,31.649999618530273,31.899999618530273,31.200000762939453,31.387500762939453,10152100
2005-07-19,31.75,32.0,31.56999969482422,31.987499237060547,4910180
2005-07-20,32.150001525878906,33.75,31.825000762939453,32.06999969482422,5554700
2005-07-21,32.244998931884766,32.442501068115234,30.612499237060547,32.08000183105469,1608180
2005-07-22,31.850000381469727,32.4900016784668,30.662500381469727,32.42499923706055,12133160
2005-07-25,32.3849983215332,34.75,32.3849983215332,33.73249816894531,26202900
2005-07-26,33.75,34.400001525878906,33.70000076293945,33.912498474121094,15484700
2005-07-27,34.0,35.79999923706055,33.36750030517578,35.2599983215332,13549540
2005-07-28,35.2599983215332,35.2599983215332,35.2599983215332,35.2599983215332,0
2005-07-29,35.0,36.5,34.002498626708984,34.97249984741211,43754360
2005-08-01,34.494998931884766,34.79999923706055,33.5,33.82500076293945,6123760
2005-08-02,34.0,34.09749984741211,33.275001525878906,33.45000076293945,6627020
2005-08-03,33.55500030517578,34.45000076293945,33.5,33.837501525878906,11294380
2005-08-04,37.0,37.0,33.849998474121094,34.224998474121094,4080100
2005-08-05,34.345001220703125,34.5,33.55500030517578,33.70750045776367,4549640
2005-08-08,38.25,38.25,32.557498931884766,32.88750076293945,8232600
2005-08-09,32.25,33.22999954223633,32.25,32.71500015258789,4424020
2005-08-10,33.75,33.75,32.76250076293945,33.01250076293945,6420460
2005-08-11,33.375,33.599998474121094,32.75,33.057498931884766,13098020
2005-08-12,32.54999923706055,33.5,32.54999923706055,33.0099983215332,9285200
2005-08-16,33.400001525878906,33.400001525878906,32.150001525878906,32.36000061035156,8544660
2005-08-17,32.45000076293945,33.400001525878906,32.45000076293945,32.80500030517578,9712800
2005-08-18,33.404998779296875,33.404998779296875,32.810001373291016,33.150001525878906,3056600
2005-08-19,32.900001525878906,33.20000076293945,32.75749969482422,32.942501068115234,3277120
2005-08-22,33.64500045776367,33.64500045776367,32.650001525878906,32.880001068115234,2339700
2005-08-23,32.5,33.19499969482422,31.4950008392334,32.43000030517578,5191700
2005-08-24,32.25,32.900001525878906,31.467500686645508,32.58000183105469,11929100
2005-08-25,32.494998931884766,32.599998474121094,31.917499542236328,32.47249984741211,9922060
2005-08-26,32.95000076293945,33.19499969482422,31.517499923706055,31.735000610351562,7304740
2005-08-29,32.150001525878906,32.349998474121094,31.412500381469727,31.940000534057617,9024960
2005-08-30,31.75,32.497501373291016,31.75,32.33000183105469,5091500
2005-08-31,32.45000076293945,32.497501373291016,31.602500915527344,32.01250076293945,3057360
2005-09-01,32.48249816894531,32.48249816894531,31.462499618530273,31.592500686645508,2861480
2005-09-02,31.549999237060547,32.022499084472656,31.549999237060547,31.815000534057617,8334960
2005-09-05,31.80500030517578,32.20000076293945,31.80500030517578,32.0099983215332,2009020
2005-09-06,32.04999923706055,32.20000076293945,31.77750015258789,32.125,2086800
2005-09-08,32.20000076293945,32.849998474121094,32.0,32.79249954223633,3873220
2005-09-09,32.849998474121094,34.0,32.60499954223633,33.8025016784668,8359460
2005-09-12,33.79999923706055,33.997501373291016,33.04999923706055,33.86750030517578,5412500
2005-09-13,33.75,34.5,33.3025016784668,34.36249923706055,8343600
2005-09-14,34.150001525878906,34.599998474121094,33.810001373291016,34.397499084472656,9095240
2005-09-15,34.400001525878906,34.650001525878906,34.307498931884766,34.61249923706055,8961700
2005-09-16,34.900001525878906,34.900001525878906,34.314998626708984,34.61750030517578,7982860
2005-09-19,34.849998474121094,35.74250030517578,34.849998474121094,35.41999816894531,8056640
2005-09-20,35.150001525878906,37.0,35.150001525878906,36.61750030517578,13400840
2005-09-21,36.51499938964844,36.77750015258789,35.55500030517578,36.22999954223633,12722980
2005-09-22,36.0,36.022499084472656,34.224998474121094,34.59000015258789,10153360
2005-09-23,34.595001220703125,34.595001220703125,33.04999923706055,33.497501373291016,12744820
2005-09-26,33.5,34.002498626708984,33.27000045776367,33.959999084472656,7805680
2005-09-27,34.0,34.79999923706055,33.7599983215332,34.11249923706055,8501240
2005-09-28,34.5,35.1974983215332,34.150001525878906,34.79999923706055,15560220
2005-09-29,34.89500045776367,35.349998474121094,34.00749969482422,34.79999923706055,32939180
2005-09-30,34.98500061035156,34.98500061035156,31.612499237060547,34.25749969482422,8151180
2005-10-03,34.25749969482422,34.7400016784668,33.71500015258789,33.83250045776367,10219500
2005-10-04,34.5,35.75,34.5,35.494998931884766,16914460
2005-10-05,35.05500030517578,35.724998474121094,34.85749816894531,35.13249969482422,5747560
2005-10-06,34.7400016784668,34.74250030517578,33.5,34.102500915527344,8633020
2005-10-07,33.95000076293945,34.16999816894531,33.25,33.9275016784668,7313220
2005-10-10,34.625,34.625,34.0,34.412498474121094,4209660
2005-10-11,34.89500045776367,34.89500045776367,33.567501068115234,34.4900016784668,4694020
2005-10-13,34.07500076293945,34.39500045776367,33.752498626708984,33.89500045776367,6001420
2005-10-14,33.599998474121094,33.599998474121094,32.75,32.970001220703125,7900180
2005-10-17,33.25,33.25,32.04999923706055,32.720001220703125,9304820
2005-10-18,32.95000076293945,33.48749923706055,32.75,32.88750076293945,9193300
2005-10-19,32.17499923706055,33.0,31.600000381469727,32.38249969482422,5812620
2005-10-20,32.54999923706055,32.650001525878906,32.005001068115234,32.19499969482422,7182320
2005-10-21,33.0,33.0,32.099998474121094,32.38249969482422,7135200
2005-10-24,32.6349983215332,32.6349983215332,31.412500381469727,31.774999618530273,5399780
2005-10-25,32.224998474121094,32.224998474121094,31.112499237060547,31.532499313354492,10631520
2005-10-26,32.0,32.0,31.350000381469727,31.5049991607666,7645620
2005-10-27,31.549999237060547,31.645000457763672,31.010000228881836,31.229999542236328,14684500
2005-10-28,31.100000381469727,31.100000381469727,30.149999618530273,30.547500610351562,7971600
2005-10-31,30.614999771118164,31.299999237060547,30.200000762939453,30.332500457763672,8748100
2005-11-02,30.774999618530273,32.4900016784668,30.774999618530273,31.03499984741211,11421500
2005-11-04,31.03499984741211,31.03499984741211,31.03499984741211,31.03499984741211,0
2005-11-07,31.25,31.75,30.80500030517578,31.262500762939453,99692920
2005-11-08,31.747499465942383,32.04999923706055,31.415000915527344,31.899999618530273,13195860
2005-11-09,32.150001525878906,32.397499084472656,31.197500228881836,31.594999313354492,16626560
2005-11-10,31.549999237060547,31.75,31.202499389648438,31.542499542236328,13405880
2005-11-11,31.542499542236328,32.0,31.362499237060547,31.760000228881836,15625240
2005-11-14,32.349998474121094,34.099998474121094,32.099998474121094,33.787498474121094,18391580
2005-11-16,33.75,35.0,33.602500915527344,34.497501373291016,11577600
2005-11-17,34.75,35.002498626708984,34.51250076293945,34.942501068115234,8169620
2005-11-18,35.0,35.349998474121094,34.80500030517578,34.967498779296875,3552720
2005-11-21,34.967498779296875,34.967498779296875,33.79999923706055,33.98249816894531,7852600
2005-11-22,34.150001525878906,34.595001220703125,33.70750045776367,33.875,8413820
2005-11-23,33.95000076293945,34.75,33.79999923706055,34.474998474121094,4754700
2005-11-24,35.20000076293945,35.20000076293945,34.29999923706055,34.55500030517578,7971480
2005-11-25,34.650001525878906,34.939998626708984,34.5625,34.88249969482422,5589960
2005-11-28,34.95000076293945,35.20000076293945,34.599998474121094,34.78499984741211,4772240
2005-11-29,34.84000015258789,34.84000015258789,34.01250076293945,34.244998931884766,4299060
2005-11-30,34.29999923706055,35.099998474121094,34.0525016784668,34.345001220703125,7706280
2005-12-01,34.35499954223633,35.005001068115234,33.82500076293945,34.837501525878906,4733020
2005-12-02,35.0,35.69499969482422,34.75,34.935001373291016,6731780
2005-12-05,35.0,35.04999923706055,34.25,34.369998931884766,3044960
2005-12-06,34.099998474121094,34.69499969482422,33.852500915527344,34.04750061035156,3001160
2005-12-07,34.0525016784668,34.88999938964844,34.04999923706055,34.70000076293945,3881460
2005-12-08,34.70000076293945,34.82500076293945,34.33000183105469,34.412498474121094,7073840
2005-12-09,34.5,34.7400016784668,34.0,34.400001525878906,3558000
2005-12-12,34.650001525878906,35.04999923706055,34.20249938964844,34.377498626708984,6600580
2005-12-13,34.70000076293945,35.20000076293945,34.26499938964844,34.7400016784668,11441960
2005-12-14,34.849998474121094,36.150001525878906,34.814998626708984,35.93000030517578,16593580
2005-12-15,36.20000076293945,36.70000076293945,35.04499816894531,35.19499969482422,5990720
2005-12-16,35.07500076293945,35.48500061035156,34.404998779296875,35.04249954223633,10172760
2005-12-19,35.349998474121094,35.747501373291016,34.849998474121094,35.58000183105469,6324660
2005-12-20,35.625,37.04999923706055,35.54999923706055,36.772499084472656,12918100
2005-12-21,37.220001220703125,37.400001525878906,36.060001373291016,36.34749984741211,8525720
2005-12-22,36.5,37.349998474121094,36.25,37.10749816894531,5801320
2005-12-23,37.04999923706055,37.42499923706055,35.75,36.01499938964844,4688620
2005-12-26,35.900001525878906,36.2400016784668,35.0,35.41999816894531,4794700
2005-12-27,35.099998474121094,35.744998931884766,35.005001068115234,35.41999816894531,4711060
2005-12-28,35.900001525878906,36.349998474121094,35.01750183105469,35.13249969482422,6511700
2005-12-29,35.5,35.625,35.20000076293945,35.3224983215332,4745080
2005-12-30,35.650001525878906,35.650001525878906,35.162498474121094,35.4375,4254200
2006-01-02,35.4375,35.997501373291016,35.349998474121094,35.67250061035156,5371040
2006-01-03,34.0,35.900001525878906,34.0,35.665000915527344,2565580
2006-01-04,36.0,36.752498626708984,35.70000076293945,36.602500915527344,10739840
2006-01-05,36.599998474121094,37.150001525878906,36.26250076293945,36.974998474121094,7707000
2006-01-06,37.0,38.75,36.5,38.4474983215332,17233720
2006-01-09,37.90999984741211,38.650001525878906,37.0,38.24250030517578,11035400
2006-01-10,38.244998931884766,38.5,37.26499938964844,37.41749954223633,13599600
2006-01-12,37.41749954223633,37.939998626708984,37.0,37.33250045776367,7899020
2006-01-13,37.63999938964844,37.63999938964844,36.29999923706055,36.494998931884766,6765760
2006-01-16,36.95000076293945,37.35499954223633,36.349998474121094,37.06999969482422,6856240
2006-01-17,37.04999923706055,37.647499084472656,37.04999923706055,37.45000076293945,5220240
2006-01-18,37.20000076293945,37.625,36.005001068115234,37.23500061035156,12489720
2006-01-19,37.23500061035156,37.23500061035156,36.01499938964844,36.42250061035156,12867000
2006-01-20,36.525001525878906,37.20000076293945,36.10499954223633,36.25749969482422,9704300
2006-01-23,36.275001525878906,36.4900016784668,35.04999923706055,35.974998474121094,8355020
2006-01-24,36.099998474121094,36.45000076293945,35.6775016784668,35.79499816894531,12690180
2006-01-25,35.8125,36.45000076293945,35.657501220703125,35.94499969482422,17554040
2006-01-27,37.2400016784668,37.5,36.5525016784668,36.85499954223633,13302280
2006-01-30,36.85499954223633,37.4474983215332,36.70500183105469,37.1775016784668,6622920
2006-01-31,36.810001373291016,38.31999969482422,36.5,38.122501373291016,12300080
2006-02-01,38.25,38.70000076293945,36.75,36.939998626708984,12744080
2006-02-02,36.939998626708984,37.599998474121094,36.8025016784668,36.974998474121094,9553120
2006-02-03,36.70000076293945,36.98249816894531,36.224998474121094,36.592498779296875,5538040
2006-02-06,36.592498779296875,37.5,36.29999923706055,37.2400016784668,11492980
2006-02-07,36.79999923706055,38.75,36.7599983215332,38.537498474121094,17486980
2006-02-08,38.599998474121094,38.599998474121094,37.5,38.122501373291016,6704440
2006-02-10,38.44499969482422,38.599998474121094,37.61000061035156,38.102500915527344,12122420
2006-02-13,37.54999923706055,38.099998474121094,37.15250015258789,37.3224983215332,5819760
2006-02-14,37.54999923706055,37.997501373291016,36.959999084472656,37.39500045776367,11979880
2006-02-15,37.45000076293945,37.75,36.849998474121094,37.1875,8121820
2006-02-16,37.1875,38.44499969482422,36.814998626708984,38.0,9489300
2006-02-17,38.375,38.375,36.82500076293945,37.11750030517578,9582640
2006-02-20,37.0,37.244998931884766,36.0,36.11000061035156,10184960
2006-02-21,36.5,36.5,36.125,36.2400016784668,7511140
2006-02-22,36.2400016784668,36.48500061035156,36.07749938964844,36.33250045776367,6388940
2006-02-23,36.099998474121094,36.439998626708984,35.599998474121094,36.09749984741211,22109140
2006-02-24,36.11000061035156,36.11000061035156,35.29999923706055,35.5724983215332,19275300
2006-02-27,36.005001068115234,36.584999084472656,35.8025016784668,36.407501220703125,6295700
2006-02-28,36.717498779296875,37.20000076293945,36.1875,36.85749816894531,9854140
2006-03-01,36.75,37.5,36.25,37.342498779296875,9687980
2006-03-02,37.494998931884766,38.0,36.752498626708984,37.912498474121094,10085820
2006-03-03,38.0,38.11249923706055,37.352500915527344,37.98500061035156,9819440
2006-03-06,38.0,38.20000076293945,37.79999923706055,38.005001068115234,6337520
2006-03-07,37.462501525878906,38.20000076293945,37.462501525878906,37.88750076293945,11025360
2006-03-08,37.75,38.48749923706055,37.0,38.002498626708984,16202260
2006-03-09,37.26250076293945,37.974998474121094,36.95000076293945,37.5099983215332,14531960
2006-03-10,37.599998474121094,38.220001220703125,37.25749969482422,37.45000076293945,15856220
2006-03-13,37.747501373291016,38.75,36.54999923706055,38.462501525878906,10989660
2006-03-14,38.79999923706055,38.79999923706055,37.51750183105469,38.099998474121094,7331980
2006-03-16,37.755001068115234,38.599998474121094,37.755001068115234,38.380001068115234,12118500
2006-03-17,38.599998474121094,38.599998474121094,37.662498474121094,38.212501525878906,4807020
2006-03-20,38.25,38.75,37.95000076293945,38.27750015258789,10559760
2006-03-21,38.650001525878906,38.650001525878906,37.54999923706055,37.7400016784668,6651520
2006-03-22,37.595001220703125,38.25,37.502498626708984,37.86750030517578,8610360
2006-03-23,37.459999084472656,37.95000076293945,36.915000915527344,37.09749984741211,5685020
2006-03-24,37.494998931884766,37.494998931884766,36.502498626708984,36.74250030517578,6767380
2006-03-27,38.439998626708984,38.439998626708984,36.75,36.912498474121094,36594320
2006-03-28,36.55500030517578,37.349998474121094,36.04999923706055,37.1349983215332,6186960
2006-03-29,37.099998474121094,37.5,36.82500076293945,37.3125,6608660
2006-03-30,37.099998474121094,40.599998474121094,37.099998474121094,38.974998474121094,12539560
2006-03-31,38.75,39.25,38.0,38.712501525878906,9886800
2006-04-03,38.712501525878906,39.04499816894531,38.099998474121094,38.692501068115234,6365740
2006-04-04,38.900001525878906,41.9474983215332,38.900001525878906,41.64250183105469,13883040
2006-04-05,41.95000076293945,42.29999923706055,41.599998474121094,42.04999923706055,7771640
2006-04-07,41.869998931884766,42.70000076293945,40.04999923706055,40.8849983215332,7324740
2006-04-10,40.95000076293945,41.994998931884766,40.5,41.26499938964844,4238640
2006-04-12,41.20000076293945,41.25,40.11249923706055,40.45000076293945,5791500
2006-04-13,40.45000076293945,40.849998474121094,39.51499938964844,40.1974983215332,7893600
2006-04-17,40.2599983215332,41.102500915527344,39.76250076293945,40.72999954223633,7736800
2006-04-18,41.20000076293945,42.099998474121094,41.20000076293945,41.72249984741211,6102860
2006-04-19,42.00749969482422,42.8849983215332,42.0,42.42499923706055,9822560
2006-04-20,42.474998474121094,42.75,41.51250076293945,42.5,7620100
2006-04-21,41.875,43.25,41.875,42.432498931884766,28008920
2006-04-24,42.125,42.3849983215332,40.45000076293945,41.119998931884766,11868720
2006-04-25,41.154998779296875,41.75,41.0,41.23249816894531,17786760
2006-04-26,41.25,42.599998474121094,41.0724983215332,41.852500915527344,18299760
2006-04-27,41.849998474121094,42.70000076293945,40.3125,41.209999084472656,18850140
2006-04-28,39.95000076293945,41.04999923706055,37.04499816894531,40.86750030517578,19290100
2006-05-02,41.95000076293945,43.54999923706055,41.54999923706055,42.564998626708984,17044980
2006-05-03,42.650001525878906,43.70000076293945,42.505001068115234,43.15999984741211,8016660
2006-05-04,42.5,44.744998931884766,42.3025016784668,44.1875,9527480
2006-05-05,44.0,44.54999923706055,43.05500030517578,43.932498931884766,9352040
2006-05-08,44.400001525878906,44.75,43.25,43.80500030517578,32176720
2006-05-09,44.0525016784668,44.69499969482422,42.400001525878906,42.63249969482422,14694840
2006-05-10,42.75,43.9900016784668,42.67250061035156,43.5525016784668,18600680
2006-05-11,43.45000076293945,43.939998626708984,41.75,43.525001525878906,6720720
2006-05-12,43.0,43.94499969482422,42.564998626708984,43.76499938964844,4342920
2006-05-15,43.349998474121094,43.75,41.5525016784668,42.1775016784668,7634320
2006-05-16,42.0,42.5,41.04999923706055,42.3849983215332,7620200
2006-05-17,43.25,43.25,41.349998474121094,42.21500015258789,6975220
2006-05-18,41.849998474121094,42.20000076293945,40.20000076293945,40.98249816894531,10689980
2006-05-19,41.70000076293945,41.75,38.2599983215332,40.48249816894531,9194180
2006-05-22,40.5,41.70000076293945,35.5,39.34749984741211,7656500
2006-05-23,39.75,40.0,37.150001525878906,39.060001373291016,10653680
2006-05-24,39.54999923706055,39.95000076293945,37.349998474121094,38.43000030517578,24265960
2006-05-25,37.5525016784668,39.5,36.40999984741211,37.907501220703125,17455920
2006-05-26,38.0,39.45000076293945,37.5,38.6974983215332,6039860
2006-05-29,39.0,39.400001525878906,37.90250015258789,38.21500015258789,4832680
2006-05-30,38.40999984741211,38.40999984741211,36.30500030517578,37.505001068115234,5578720
2006-05-31,36.61249923706055,38.75,35.76250076293945,37.2599983215332,12457300
2006-06-01,38.0,38.625,36.650001525878906,36.932498931884766,10589920
2006-06-02,37.0,38.75,36.70000076293945,38.252498626708984,8813740
2006-06-05,38.150001525878906,38.70000076293945,36.505001068115234,36.970001220703125,6723300
2006-06-06,36.75,36.75,35.76250076293945,36.130001068115234,3770720
2006-06-07,36.084999084472656,36.48500061035156,35.5,36.037498474121094,4635600
2006-06-08,35.54999923706055,36.25,32.0,34.63249969482422,14506360
2006-06-09,34.349998474121094,36.0,33.0625,35.6349983215332,7441120
2006-06-12,35.89500045776367,36.39250183105469,33.25749969482422,34.61249923706055,7149800
2006-06-13,33.54999923706055,33.89250183105469,32.0,32.58250045776367,7793300
2006-06-14,32.400001525878906,33.63999938964844,30.760000228881836,31.947500228881836,19552540
2006-06-15,32.20000076293945,36.2400016784668,32.20000076293945,34.8849983215332,15544960
2006-06-16,35.5,38.32500076293945,35.5,36.724998474121094,24585060
2006-06-19,35.224998474121094,37.005001068115234,35.224998474121094,36.814998626708984,3769620
2006-06-20,36.0,36.349998474121094,35.01250076293945,35.4474983215332,5362620
2006-06-21,35.75,35.85499954223633,35.099998474121094,35.45249938964844,4450520
2006-06-22,37.2400016784668,38.0,36.25,36.54750061035156,3886540
2006-06-23,35.2400016784668,37.525001525878906,35.130001068115234,37.470001220703125,5514720
2006-06-26,36.26250076293945,38.599998474121094,36.26250076293945,38.08000183105469,15341120
2006-06-27,37.5,37.994998931884766,36.54999923706055,37.0525016784668,7523400
2006-06-28,38.75,38.75,36.102500915527344,36.33250045776367,10551840
2006-06-29,37.0,38.04999923706055,36.557498931884766,37.467498779296875,21540020
2006-06-30,37.755001068115234,40.7400016784668,37.755001068115234,39.79750061035156,12039800
2006-07-03,40.0,40.0,38.54999923706055,38.92499923706055,10040440
2006-07-04,39.0,39.497501373291016,39.0,39.36249923706055,4172900
2006-07-05,39.0,40.79999923706055,38.90250015258789,40.369998931884766,12820100
2006-07-06,40.025001525878906,40.247501373291016,39.349998474121094,40.0,7704840
2006-07-07,40.099998474121094,40.497501373291016,37.54999923706055,38.96500015258789,3791100
2006-07-10,38.55500030517578,39.0,38.150001525878906,38.93000030517578,2795580
2006-07-11,38.752498626708984,38.752498626708984,37.752498626708984,38.07749938964844,2273680
2006-07-12,34.0,38.599998474121094,34.0,38.060001373291016,6166200
2006-07-13,37.79999923706055,38.25,37.13249969482422,37.317501068115234,4184100
2006-07-14,37.29999923706055,37.29999923706055,35.779998779296875,36.46500015258789,9449000
2006-07-17,36.5,36.5,35.11249923706055,35.372501373291016,10783540
2006-07-18,35.25,35.70000076293945,35.04999923706055,35.51250076293945,8153400
2006-07-19,35.599998474121094,35.95000076293945,34.60499954223633,34.86000061035156,5204760
2006-07-20,35.54999923706055,37.0,35.54999923706055,36.3224983215332,8917160
2006-07-21,35.75,36.349998474121094,35.25,35.49250030517578,6075420
2006-07-24,35.25,36.86750030517578,34.6150016784668,36.474998474121094,5664600
2006-07-25,37.0,38.494998931884766,37.0,38.29999923706055,9657240
2006-07-26,37.755001068115234,39.20000076293945,37.55500030517578,39.05500030517578,7089160
2006-07-27,39.25,39.75,38.51250076293945,39.407501220703125,17956240
2006-07-28,38.95000076293945,40.064998626708984,38.75,39.775001525878906,12997020
2006-07-31,39.75,40.25,39.54499816894531,39.75,7149520
2006-08-01,39.79999923706055,39.79999923706055,38.755001068115234,39.057498931884766,4727080
2006-08-02,38.852500915527344,39.349998474121094,38.20249938964844,38.98749923706055,12695780
2006-08-03,39.005001068115234,40.25,39.005001068115234,39.89250183105469,7324740
2006-08-04,39.900001525878906,40.14500045776367,39.349998474121094,40.02000045776367,4704860
2006-08-07,39.5625,40.25,39.5625,40.17499923706055,14445100
2006-08-08,40.45000076293945,40.79499816894531,40.20000076293945,40.6775016784668,3438540
2006-08-09,40.95000076293945,40.95000076293945,40.154998779296875,40.442501068115234,6521840
2006-08-10,40.8849983215332,40.8849983215332,39.904998779296875,40.272499084472656,4101960
2006-08-11,40.51250076293945,40.79999923706055,40.157501220703125,40.532501220703125,2699400
2006-08-14,40.404998779296875,40.70000076293945,40.067501068115234,40.372501373291016,1755060
2006-08-16,41.400001525878906,43.470001220703125,40.907501220703125,42.307498931884766,13071100
2006-08-17,42.494998931884766,42.747501373291016,41.75,42.432498931884766,9866860
2006-08-18,42.099998474121094,42.435001373291016,41.557498931884766,42.05500030517578,4090560
2006-08-21,40.959999084472656,42.04999923706055,40.959999084472656,41.877498626708984,3671260
2006-08-22,42.147499084472656,43.5,41.50749969482422,42.935001373291016,8039200
2006-08-23,43.0,43.5,42.209999084472656,42.647499084472656,3791960
2006-08-24,42.25,42.8849983215332,41.75,42.66749954223633,4452800
2006-08-25,42.775001525878906,42.775001525878906,42.07500076293945,42.5,5397320
2006-08-28,42.494998931884766,42.5,42.0,42.272499084472656,3380620
2006-08-29,42.39500045776367,43.002498626708984,42.0525016784668,42.272499084472656,4381540
2006-08-30,42.0,42.82500076293945,41.807498931884766,42.0,3962340
2006-08-31,42.099998474121094,42.95000076293945,41.90250015258789,42.602500915527344,10372740
2006-09-01,42.625,44.0,42.599998474121094,43.8125,7465120
2006-09-04,43.875,44.34000015258789,43.8125,44.01499938964844,2692780
2006-09-05,43.5,44.04999923706055,43.5,43.73500061035156,2327620
2006-09-06,44.0,44.19499969482422,43.01499938964844,43.20000076293945,5832640
2006-09-07,42.83000183105469,42.900001525878906,42.11000061035156,42.4375,11533820
2006-09-08,42.599998474121094,42.625,42.07749938964844,42.459999084472656,7094020
2006-09-11,42.70000076293945,42.75,40.79999923706055,41.13999938964844,16124040
2006-09-12,41.7400016784668,42.49250030517578,40.75749969482422,42.02750015258789,13062940
2006-09-13,42.54999923706055,44.45000076293945,42.36000061035156,43.689998626708984,10416500
2006-09-14,43.75,43.900001525878906,43.05500030517578,43.275001525878906,4153120
2006-09-15,43.650001525878906,44.349998474121094,43.412498474121094,43.89500045776367,6452060
2006-09-18,43.56999969482422,44.34749984741211,43.5625,44.15250015258789,3088820
2006-09-19,44.0,44.349998474121094,43.76250076293945,44.0525016784668,5656640
2006-09-20,43.75,44.032501220703125,42.654998779296875,43.78499984741211,4892100
2006-09-21,44.1974983215332,44.23500061035156,43.650001525878906,44.17250061035156,4567980
2006-09-22,44.005001068115234,44.70000076293945,43.150001525878906,43.79249954223633,5001060
2006-09-25,43.0,44.29499816894531,42.8125,43.915000915527344,5376480
2006-09-26,44.0,44.647499084472656,43.560001373291016,44.432498931884766,7099660
2006-09-27,44.75,45.25,44.602500915527344,44.962501525878906,8805340
2006-09-28,45.1974983215332,47.73500061035156,45.0525016784668,46.45500183105469,17390220
2006-09-29,46.75,47.04999923706055,45.75,46.26750183105469,5290540
2006-10-03,46.5,46.5,45.82500076293945,45.98749923706055,4448160
2006-10-04,45.849998474121094,45.994998931884766,44.314998626708984,44.50749969482422,8581240
2006-10-05,45.01499938964844,46.79999923706055,44.900001525878906,46.54999923706055,8565920
2006-10-06,46.95000076293945,47.25,46.557498931884766,46.6875,4394920
2006-10-09,46.25,46.747501373291016,46.25,46.494998931884766,3071960
2006-10-10,46.5,47.25,46.5,46.900001525878906,2897020
2006-10-11,47.23500061035156,48.599998474121094,47.102500915527344,48.29249954223633,6854880
2006-10-12,48.36249923706055,48.36249923706055,47.400001525878906,47.95750045776367,9512260
2006-10-13,48.8849983215332,49.997501373291016,48.849998474121094,49.38750076293945,6900340
2006-10-16,49.95000076293945,53.247501373291016,49.599998474121094,52.439998626708984,19710100
2006-10-17,52.45000076293945,53.099998474121094,49.779998779296875,50.38999938964844,30601940
2006-10-18,51.45000076293945,51.45000076293945,48.77750015258789,48.99250030517578,27611500
2006-10-19,49.20000076293945,49.900001525878906,47.75,48.17499923706055,11480720
2006-10-20,48.79999923706055,48.939998626708984,47.662498474121094,48.00749969482422,9954600
2006-10-23,48.01250076293945,48.63999938964844,47.76250076293945,48.474998474121094,3487420
2006-10-26,48.25,50.25,48.25,49.9900016784668,22114980
2006-10-27,50.25,50.650001525878906,49.61000061035156,49.96500015258789,9061660
2006-10-30,49.51499938964844,51.849998474121094,48.96500015258789,51.467498779296875,9888180
2006-10-31,51.89500045776367,51.89500045776367,50.04999923706055,50.22999954223633,8675460
2006-11-01,50.720001220703125,50.900001525878906,49.709999084472656,49.9474983215332,4095260
2006-11-02,49.79999923706055,50.89500045776367,49.29999923706055,50.52750015258789,5641880
2006-11-03,50.337501525878906,50.599998474121094,49.79999923706055,50.07749938964844,4321760
2006-11-06,50.5,50.53499984741211,49.76499938964844,49.94499969482422,2223120
2006-11-07,50.25,50.98500061035156,49.599998474121094,49.74250030517578,5534540
2006-11-08,49.97249984741211,50.59000015258789,49.25749969482422,50.130001068115234,9443560
2006-11-09,50.29999923706055,51.13999938964844,50.25,50.88999938964844,6698440
2006-11-10,51.369998931884766,52.5,51.0,52.224998474121094,12615760
2006-11-13,52.49250030517578,53.25,52.275001525878906,52.790000915527344,8058260
2006-11-14,52.98500061035156,53.73749923706055,52.01250076293945,53.282501220703125,11355360
2006-11-15,53.5,54.0,53.29999923706055,53.8224983215332,16733080
2006-11-16,54.45000076293945,57.5,53.994998931884766,57.217498779296875,35798540
2006-11-17,57.349998474121094,57.435001373291016,55.90250015258789,56.32749938964844,17354240
2006-11-20,55.79999923706055,55.9900016784668,53.400001525878906,54.32500076293945,14746560
2006-11-21,54.435001373291016,55.650001525878906,53.5,54.619998931884766,12461440
2006-11-22,55.20000076293945,55.227500915527344,53.252498626708984,53.875,17546600
2006-11-23,54.900001525878906,56.130001068115234,54.0,55.65250015258789,7011380
2006-11-24,55.75,56.345001220703125,54.900001525878906,55.29999923706055,8895040
2006-11-27,54.3125,55.93000030517578,53.01250076293945,55.54750061035156,2316860
2006-11-28,55.25,55.45000076293945,54.087501525878906,54.36000061035156,4645680
2006-11-29,54.04999923706055,55.23500061035156,54.0,54.36750030517578,7745780
2006-11-30,54.70500183105469,56.31999969482422,54.70500183105469,56.09000015258789,18356040
2006-12-01,56.25,56.7400016784668,55.76499938964844,56.185001373291016,9143700
2006-12-04,56.150001525878906,56.70000076293945,54.904998779296875,55.01750183105469,6395980
2006-12-05,55.29750061035156,56.0,54.002498626708984,54.28499984741211,5469300
2006-12-06,55.23500061035156,55.400001525878906,54.099998474121094,54.36249923706055,5051120
2006-12-07,54.8849983215332,55.744998931884766,54.400001525878906,55.307498931884766,6126360
2006-12-08,55.17499923706055,55.29999923706055,54.20000076293945,54.29249954223633,3701000
2006-12-11,54.474998474121094,54.474998474121094,49.5625,51.6349983215332,13335340
2006-12-12,51.25,53.349998474121094,50.04999923706055,51.407501220703125,12647160
2006-12-13,51.744998931884766,53.5,50.51499938964844,51.95500183105469,8708600
2006-12-14,52.5,52.89500045776367,51.51250076293945,52.287498474121094,9197580
2006-12-15,53.04999923706055,53.744998931884766,52.502498626708984,52.81999969482422,6155600
2006-12-18,52.994998931884766,53.78499984741211,51.599998474121094,53.334999084472656,6566220
2006-12-19,53.650001525878906,53.650001525878906,51.36750030517578,51.9375,10369940
2006-12-20,51.98500061035156,52.400001525878906,50.25,51.03499984741211,13982640
2006-12-21,50.994998931884766,51.435001373291016,50.0,50.46500015258789,8435360
2006-12-22,50.95000076293945,50.95000076293945,50.04999923706055,50.290000915527344,7372820
2006-12-26,50.744998931884766,51.7400016784668,50.20000076293945,51.54249954223633,3797560
2006-12-27,51.75,53.15999984741211,51.75,52.98500061035156,4520940
2006-12-28,53.25,54.400001525878906,52.85499954223633,54.002498626708984,9042300
2006-12-29,54.29999923706055,54.935001373291016,53.150001525878906,53.397499084472656,6219780
2007-01-02,53.9900016784668,53.9900016784668,53.252498626708984,53.5,4033540
2007-01-03,53.400001525878906,53.5,52.65250015258789,53.26499938964844,3032100
2007-01-04,52.79999923706055,53.25,51.75,52.502498626708984,6866840
2007-01-05,52.73500061035156,53.692501068115234,51.70750045776367,52.845001220703125,11909340
2007-01-08,52.70000076293945,52.70000076293945,50.82749938964844,51.247501373291016,6214060
2007-01-09,51.599998474121094,51.747501373291016,50.20500183105469,50.69499969482422,10463200
2007-01-10,50.92250061035156,50.92499923706055,49.75,49.932498931884766,7135500
2007-01-11,50.42499923706055,50.88999938964844,49.05500030517578,49.807498931884766,20115340
2007-01-12,50.915000915527344,53.4900016784668,50.79999923706055,53.08000183105469,13665140
2007-01-15,53.997501373291016,55.150001525878906,53.75,54.70000076293945,9705900
2007-01-16,55.20000076293945,55.23500061035156,54.0099983215332,54.80500030517578,12846940
2007-01-17,54.95000076293945,55.0,52.45000076293945,53.057498931884766,17386300
2007-01-18,53.25,53.70000076293945,52.564998626708984,53.0525016784668,13192660
2007-01-19,52.599998474121094,53.88999938964844,52.599998474121094,53.41999816894531,9001000
2007-01-22,53.5,53.650001525878906,52.27750015258789,52.814998626708984,6886040
2007-01-23,52.75,52.75,51.42499923706055,51.64500045776367,10682440
2007-01-24,52.0,53.24250030517578,52.0,52.92250061035156,6323880
2007-01-25,53.0525016784668,53.75,52.650001525878906,53.30500030517578,10185640
2007-01-29,53.5,58.0,52.51499938964844,53.119998931884766,10488760
2007-01-31,53.29999923706055,54.29999923706055,52.29999923706055,53.93000030517578,16488260
2007-02-01,54.002498626708984,55.54999923706055,53.32749938964844,55.1974983215332,8651320
2007-02-02,55.474998474121094,56.25,54.814998626708984,55.30500030517578,18093780
2007-02-05,54.3125,55.689998626708984,54.26499938964844,55.16749954223633,4368420
2007-02-06,55.53499984741211,55.53499984741211,54.057498931884766,54.46500015258789,6354440
2007-02-07,54.25,55.72999954223633,53.91749954223633,55.09749984741211,10890960
2007-02-08,55.494998931884766,56.0,54.70000076293945,55.4900016784668,6671280
2007-02-09,54.412498474121094,56.0,54.400001525878906,55.689998626708984,9017100
2007-02-12,54.77750015258789,56.0,54.26750183105469,54.8025016784668,8921780
2007-02-13,54.5,54.5,52.564998626708984,53.435001373291016,22695760
2007-02-14,52.412498474121094,52.412498474121094,50.26250076293945,50.86249923706055,26720800
2007-02-15,51.25,53.244998931884766,51.005001068115234,52.09000015258789,15603000
2007-02-19,52.45000076293945,52.584999084472656,51.32749938964844,51.662498474121094,11822340
2007-02-20,51.962501525878906,51.994998931884766,51.30500030517578,51.58000183105469,4645380
2007-02-21,51.5,51.599998474121094,50.5,50.79999923706055,22538940
2007-02-22,50.900001525878906,51.20000076293945,48.900001525878906,49.3650016784668,21479960
2007-02-23,48.974998474121094,49.939998626708984,46.25,47.90999984741211,10172580
2007-02-26,48.8849983215332,49.349998474121094,47.0,47.587501525878906,7509420
2007-02-27,47.75,49.04999923706055,46.0,48.79499816894531,12713780
2007-02-28,45.29999923706055,47.400001525878906,45.0,46.75,18341040
2007-03-01,48.0,49.45000076293945,47.04999923706055,49.01499938964844,12116680
2007-03-02,49.0,49.0,46.20249938964844,46.880001068115234,13026420
2007-03-05,46.08250045776367,46.95000076293945,44.1775016784668,46.40250015258789,9433540
2007-03-06,46.45000076293945,47.150001525878906,45.51750183105469,46.397499084472656,13449560
2007-03-07,47.79999923706055,47.994998931884766,45.29999923706055,45.77750015258789,9825280
2007-03-08,45.95000076293945,49.5,45.77750015258789,48.70750045776367,10255320
2007-03-09,49.150001525878906,49.45000076293945,47.8125,48.845001220703125,8808060
2007-03-12,48.845001220703125,49.192501068115234,47.25749969482422,47.502498626708984,9646900
2007-03-13,48.0,48.5,47.01499938964844,48.00749969482422,6891480
2007-03-14,46.310001373291016,46.95000076293945,45.75,46.647499084472656,10374460
2007-03-15,48.25,49.0,45.75,45.91999816894531,10091540
2007-03-16,46.75,46.75,44.275001525878906,45.17499923706055,9597300
2007-03-19,45.5,46.650001525878906,45.252498626708984,46.23249816894531,5299660
2007-03-20,46.75,47.95000076293945,46.67499923706055,47.76250076293945,18142200
2007-03-21,47.900001525878906,48.494998931884766,47.5,48.279998779296875,6889140
2007-03-22,49.45000076293945,51.599998474121094,48.79999923706055,51.29499816894531,9608520
2007-03-23,51.5,51.5,49.79999923706055,50.557498931884766,11551640
2007-03-26,50.900001525878906,50.900001525878906,48.36249923706055,48.65999984741211,15065200
2007-03-28,48.650001525878906,48.650001525878906,47.599998474121094,47.92250061035156,8616320
2007-03-29,47.599998474121094,47.747501373291016,46.400001525878906,46.6875,51260300
2007-03-30,47.29999923706055,48.494998931884766,46.900001525878906,47.70750045776367,21617760
2007-04-02,45.505001068115234,46.099998474121094,44.744998931884766,45.067501068115234,13241560
2007-04-03,45.057498931884766,46.189998626708984,45.057498931884766,45.709999084472656,13015840
2007-04-04,46.25,46.849998474121094,46.0,46.252498626708984,7502780
2007-04-05,46.252498626708984,47.400001525878906,45.900001525878906,47.130001068115234,5772400
2007-04-09,47.48500061035156,48.75,47.130001068115234,48.557498931884766,4271380
2007-04-10,48.75,49.75,47.70000076293945,49.59749984741211,7468740
2007-04-11,49.5,49.849998474121094,48.75,48.967498779296875,8853740
2007-04-12,48.5,48.5,47.599998474121094,47.91749954223633,7133340
2007-04-13,48.0,49.349998474121094,47.599998474121094,49.060001373291016,8401980
2007-04-16,49.5,49.95000076293945,48.310001373291016,48.747501373291016,6233680
2007-04-17,49.04999923706055,49.70000076293945,48.58250045776367,48.90250015258789,14800380
2007-04-18,49.25,49.599998474121094,48.70500183105469,49.02000045776367,6378140
2007-04-19,48.32500076293945,49.599998474121094,48.005001068115234,49.122501373291016,6470360
2007-04-20,49.275001525878906,50.45000076293945,48.5,49.72999954223633,7150040
2007-04-23,49.95000076293945,50.415000915527344,49.20000076293945,49.34000015258789,6792960
2007-04-24,49.34000015258789,51.22999954223633,48.8125,50.6875,34375140
2007-04-25,50.75,52.0,50.75,51.54999923706055,32408380
2007-04-26,51.97249984741211,52.25,50.310001373291016,51.72249984741211,25270200
2007-04-27,49.26250076293945,52.0,49.26250076293945,50.72999954223633,7118740
2007-04-30,50.29999923706055,51.5,48.51250076293945,51.20750045776367,10217700
2007-05-03,51.25,52.0,50.0,50.22999954223633,20557680
2007-05-04,50.25,51.0,50.04999923706055,50.38750076293945,8374140
2007-05-07,50.557498931884766,50.994998931884766,49.900001525878906,50.002498626708984,8307880
2007-05-08,49.994998931884766,49.994998931884766,49.36000061035156,49.564998626708984,9539920
2007-05-09,49.525001525878906,49.900001525878906,49.0,49.73500061035156,4185720
2007-05-10,50.01250076293945,51.25,50.01250076293945,50.59000015258789,12945160
2007-05-11,49.33000183105469,50.5,47.877498626708984,49.630001068115234,14292300
2007-05-14,50.25,50.997501373291016,49.5625,49.79499816894531,15756120
2007-05-15,49.88999938964844,50.73500061035156,49.752498626708984,50.5525016784668,10986900
2007-05-16,51.0,52.2400016784668,50.36750030517578,51.772499084472656,47687660
2007-05-17,52.20000076293945,52.994998931884766,51.60499954223633,52.102500915527344,23042340
2007-05-18,52.0,54.599998474121094,51.650001525878906,53.51499938964844,41166740
2007-05-21,54.0,56.099998474121094,53.75,55.34000015258789,22417600
2007-05-22,56.130001068115234,56.64500045776367,55.3125,55.755001068115234,15106340
2007-05-23,53.77750015258789,56.25,53.77750015258789,55.73249816894531,10822920
2007-05-24,55.279998779296875,56.04999923706055,54.0,54.557498931884766,7011260
2007-05-25,53.099998474121094,54.25,53.05500030517578,53.459999084472656,13399620
2007-05-28,54.94499969482422,56.75,54.94499969482422,56.35749816894531,14364120
2007-05-29,56.349998474121094,57.54999923706055,56.05500030517578,57.220001220703125,8731440
2007-05-30,57.25,57.25,54.79999923706055,55.20249938964844,13106680
2007-05-31,55.564998626708984,57.99250030517578,55.564998626708984,57.380001068115234,18391000
2007-06-01,57.349998474121094,58.25,57.04999923706055,57.67250061035156,14867460
2007-06-04,58.29999923706055,59.209999084472656,57.400001525878906,58.41999816894531,9738760
2007-06-05,58.0,58.25,57.50749969482422,57.97999954223633,6234920
2007-06-06,58.0,58.099998474121094,55.900001525878906,56.36000061035156,9076620
2007-06-07,55.970001220703125,56.494998931884766,55.04999923706055,55.27750015258789,6244300
2007-06-08,54.5,55.0,53.80500030517578,54.54750061035156,9823080
2007-06-11,55.275001525878906,56.400001525878906,54.5,54.86750030517578,9177920
2007-06-12,55.349998474121094,55.70000076293945,53.54999923706055,54.407501220703125,3986840
2007-06-13,54.407501220703125,54.5,53.74250030517578,54.14500045776367,7293920
2007-06-14,54.95000076293945,56.0,54.5,54.81999969482422,6880320
2007-06-15,55.0,55.900001525878906,54.75,55.51750183105469,7628140
2007-06-18,55.067501068115234,56.247501373291016,54.165000915527344,54.42250061035156,3837780
2007-06-19,54.0,55.48500061035156,54.0,54.997501373291016,12678440
2007-06-20,54.75,55.77750015258789,54.36000061035156,55.002498626708984,13362220
2007-06-21,55.0,55.70000076293945,54.79999923706055,55.09000015258789,25488140
2007-06-22,54.849998474121094,55.8849983215332,54.849998474121094,55.150001525878906,12899220
2007-06-25,55.4900016784668,55.4900016784668,54.602500915527344,54.9900016784668,7349860
2007-06-26,54.5,55.5,54.5,54.935001373291016,14878840
2007-06-27,55.1875,55.1875,54.150001525878906,54.51750183105469,9577740
2007-06-28,54.70000076293945,55.125,53.75,54.8650016784668,14650180
2007-06-29,55.0,57.54999923706055,54.650001525878906,57.337501525878906,18784100
2007-07-02,58.25,58.25,56.54999923706055,57.377498626708984,10032480
2007-07-03,57.83000183105469,58.650001525878906,57.0,57.525001525878906,8261500
2007-07-04,57.70000076293945,57.74250030517578,56.54999923706055,57.537498474121094,5851020
2007-07-05,57.7400016784668,57.970001220703125,56.10499954223633,56.45500183105469,10347480
2007-07-06,56.904998779296875,58.29999923706055,56.26499938964844,57.915000915527344,10263640
2007-07-09,58.25,58.95000076293945,58.150001525878906,58.380001068115234,8755140
2007-07-10,59.970001220703125,59.970001220703125,57.20750045776367,57.46500015258789,18476240
2007-07-11,57.599998474121094,58.20000076293945,56.95000076293945,57.4375,8939960
2007-07-12,57.849998474121094,60.25,57.525001525878906,60.0724983215332,10772120
2007-07-13,60.29999923706055,62.0,60.13999938964844,61.31999969482422,17223940
2007-07-16,61.5,61.5,60.0,60.88249969482422,6617640
2007-07-17,61.0,61.3849983215332,59.459999084472656,59.96500015258789,6528200
2007-07-18,59.5,60.98500061035156,58.79999923706055,60.002498626708984,11781200
2007-07-19,59.55500030517578,60.97249984741211,58.79999923706055,60.462501525878906,19265640
2007-07-20,61.04999923706055,61.29999923706055,59.8125,60.04499816894531,7446440
2007-07-23,59.91999816894531,61.747501373291016,59.52750015258789,61.51499938964844,6900560
2007-07-24,61.44499969482422,62.75,60.557498931884766,62.44499969482422,9134500
2007-07-25,62.25,62.25,60.54999923706055,61.95249938964844,5462740
2007-07-26,61.875,61.875,59.54999923706055,60.86249923706055,11229180
2007-07-27,59.5,59.5,57.505001068115234,58.467498779296875,13060660
2007-07-30,57.994998931884766,59.900001525878906,57.599998474121094,58.442501068115234,9495620
2007-07-31,59.0,60.494998931884766,57.54999923706055,60.029998779296875,12367440
2007-08-01,59.44499969482422,59.5,56.0525016784668,58.067501068115234,19603560
2007-08-02,57.48500061035156,58.095001220703125,57.0099983215332,57.619998931884766,11486760
2007-08-03,58.349998474121094,58.45000076293945,56.900001525878906,57.75,5668700
2007-08-06,56.744998931884766,57.0,55.349998474121094,56.625,13700780
2007-08-07,57.900001525878906,58.45000076293945,56.54999923706055,57.06999969482422,7850720
2007-08-08,57.25,59.619998931884766,57.25,58.587501525878906,9735040
2007-08-09,59.39250183105469,59.625,56.95000076293945,57.782501220703125,9963460
2007-08-10,55.0625,56.75,54.54999923706055,56.525001525878906,11183340
2007-08-13,57.0,57.4474983215332,56.11000061035156,56.782501220703125,6990060
2007-08-14,56.755001068115234,57.599998474121094,56.314998626708984,57.38249969482422,3739280
2007-08-16,55.064998626708984,55.689998626708984,54.0625,54.70000076293945,13261400
2007-08-17,54.48500061035156,54.88999938964844,52.560001373291016,53.404998779296875,17813000
2007-08-20,55.057498931884766,56.95000076293945,55.057498931884766,55.54499816894531,16216840
2007-08-21,56.400001525878906,56.400001525878906,54.95249938964844,55.1974983215332,4472260
2007-08-22,55.20000076293945,56.095001220703125,54.90250015258789,55.869998931884766,10904820
2007-08-23,56.125,57.25,53.75,55.00749969482422,17498560
2007-08-24,54.935001373291016,56.099998474121094,54.002498626708984,54.8849983215332,16790980
2007-08-27,55.07749938964844,56.345001220703125,55.07749938964844,55.97999954223633,11009360
2007-08-28,56.220001220703125,57.91999816894531,55.9375,57.529998779296875,10280800
2007-08-29,56.04999923706055,59.0,56.025001525878906,58.127498626708984,13768500
2007-08-30,57.57749938964844,59.849998474121094,57.57749938964844,59.029998779296875,18028920
2007-08-31,58.650001525878906,59.75,57.900001525878906,58.584999084472656,13085820
2007-09-03,60.915000915527344,60.915000915527344,58.51750183105469,58.81999969482422,7861420
2007-09-04,59.0,59.75,58.275001525878906,58.8224983215332,4634660
2007-09-05,58.27750015258789,59.217498779296875,57.900001525878906,58.622501373291016,4036960
2007-09-06,58.0,59.380001068115234,57.95000076293945,59.22999954223633,3003320
2007-09-07,58.1150016784668,60.29999923706055,57.02750015258789,59.82749938964844,5225420
2007-09-10,58.54999923706055,60.29999923706055,58.5,59.80500030517578,4565040
2007-09-11,59.80500030517578,60.25,59.10749816894531,59.38999938964844,3622340
2007-09-12,59.599998474121094,60.095001220703125,59.0,59.10749816894531,2501020
2007-09-13,59.099998474121094,60.849998474121094,59.099998474121094,60.67499923706055,11261480
2007-09-14,60.599998474121094,62.494998931884766,60.5,61.6349983215332,8943820
2007-09-17,60.90999984741211,62.44499969482422,60.752498626708984,61.307498931884766,4804860
2007-09-18,61.0,61.74250030517578,60.1775016784668,61.557498931884766,4634780
2007-09-19,63.54999923706055,67.0,62.79999923706055,66.21499633789062,19943240
2007-09-20,66.3499984741211,66.94999694824219,65.50499725341797,66.30999755859375,10048500
2007-09-21,66.0824966430664,66.62249755859375,65.3499984741211,65.92250061035156,7397100
2007-09-24,67.0999984741211,67.80000305175781,66.76499938964844,67.32499694824219,8850200
2007-09-25,67.32499694824219,70.44999694824219,67.25,69.81749725341797,9633320
2007-09-26,69.5,69.5,68.00499725341797,68.78500366210938,15567160
2007-09-27,68.60250091552734,72.94999694824219,68.55249786376953,71.6500015258789,21646960
2007-09-28,71.92500305175781,72.19499969482422,70.1500015258789,71.77999877929688,11914540
2007-10-01,72.0,72.48500061035156,69.55999755859375,70.5824966430664,14461960
2007-10-03,70.68000030517578,71.94000244140625,70.30500030517578,71.23999786376953,9845300
2007-10-04,70.4000015258789,70.93499755859375,69.4000015258789,70.48500061035156,8058100
2007-10-05,70.5,71.0,69.61000061035156,70.15750122070312,5934180
2007-10-08,70.76499938964844,72.0,69.94999694824219,70.36750030517578,13414460
2007-10-09,68.30999755859375,71.25,68.30999755859375,71.05750274658203,9376780
2007-10-10,71.51000213623047,72.5,69.80500030517578,70.84750366210938,9075580
2007-10-11,71.25,73.74500274658203,71.05000305175781,73.03500366210938,9010140
2007-10-12,72.25,73.05000305175781,71.04000091552734,71.63500213623047,9317820
2007-10-15,72.5,76.25,72.5,74.95999908447266,22605080
2007-10-16,75.99250030517578,75.99250030517578,73.25499725341797,75.38749694824219,9401340
2007-10-17,70.31500244140625,74.23999786376953,65.25,73.13749694824219,12514880
2007-10-18,72.4000015258789,73.1500015258789,68.00499725341797,69.41000366210938,12403100
2007-10-19,67.5,72.0,66.91000366210938,68.31749725341797,9959160
2007-10-22,68.94000244140625,69.8499984741211,66.55000305175781,68.59500122070312,11298040
2007-10-23,69.9000015258789,75.75,69.41500091552734,74.41000366210938,17765180
2007-10-24,76.0,76.25,73.42500305175781,75.69750213623047,12287460
2007-10-25,74.75499725341797,78.94249725341797,73.26499938964844,77.69999694824219,12865860
2007-10-26,76.9000015258789,77.99500274658203,74.30999755859375,77.32499694824219,6943260
2007-10-29,79.0999984741211,83.5,78.75,82.34750366210938,5857960
2007-10-30,82.75,85.91999816894531,80.61750030517578,81.02749633789062,8068040
2007-10-31,79.5,83.44999694824219,79.0,82.66999816894531,8414440
2007-11-01,86.41999816894531,86.41999816894531,83.3125,84.51000213623047,14329740
2007-11-02,82.02749633789062,89.98999786376953,82.02749633789062,88.5250015258789,5836120
2007-11-05,87.5,87.5,83.76499938964844,85.80249786376953,9186000
2007-11-06,86.25,87.3949966430664,84.5,85.41000366210938,7367280
2007-11-07,87.38500213623047,87.38500213623047,80.5,80.84249877929688,9072080
2007-11-08,79.0,79.4800033569336,77.25,77.76750183105469,10426800
2007-11-12,74.01249694824219,76.0,72.75,73.86750030517578,16731300
2007-11-13,71.25,84.0,71.25,78.70999908447266,20645840
2007-11-14,81.98999786376953,89.0,81.0,87.61499786376953,23823680
2007-11-15,87.5,87.5,83.76249694824219,85.02249908447266,9536920
2007-11-16,82.5,85.1500015258789,81.5999984741211,84.3550033569336,13168660
2007-11-19,84.3499984741211,84.3499984741211,82.26499938964844,82.72750091552734,17750520
2007-11-20,81.5,83.69999694824219,80.9124984741211,81.51499938964844,11291720
2007-11-21,80.6500015258789,80.6500015258789,78.25,79.04499816894531,11127660
2007-11-22,79.9000015258789,80.19999694824219,77.56999969482422,79.58499908447266,9680020
2007-11-23,79.26000213623047,80.30000305175781,77.06500244140625,78.13500213623047,8636700
2007-11-26,80.50749969482422,83.6875,80.50749969482422,82.1675033569336,8477140
2007-11-27,81.19999694824219,82.7750015258789,80.0,81.63249969482422,11135400
2007-11-28,84.75,84.75,79.26000213623047,80.31749725341797,10708140
2007-11-29,81.44000244140625,84.69999694824219,81.44000244140625,83.72000122070312,20858060
2007-11-30,85.0,87.4175033569336,84.69999694824219,85.80750274658203,12315080
2007-12-03,86.75,86.75,84.0,84.80500030517578,9809040
2007-12-04,86.4000015258789,86.4000015258789,84.53250122070312,85.0824966430664,5247320
2007-12-05,85.25,86.9000015258789,84.75,86.19000244140625,16401940
2007-12-06,87.0,89.0,83.61000061035156,84.49749755859375,10360420
2007-12-07,85.5,87.0,85.5,85.98999786376953,11839500
2007-12-10,86.0,86.5,83.87000274658203,84.39749908447266,8191940
2007-12-11,84.4000015258789,89.75,84.25,89.02749633789062,7261500
2007-12-12,88.8499984741211,89.94000244140625,86.05000305175781,89.20249938964844,14992920
2007-12-13,88.75,88.8949966430664,87.19999694824219,87.81749725341797,7964560
2007-12-14,88.25,88.25,85.0,86.22250366210938,9556480
2007-12-17,85.94999694824219,85.94999694824219,83.25,84.17749786376953,9451120
2007-12-18,83.4000015258789,85.25,80.82749938964844,83.0875015258789,13267720
2007-12-19,85.0,85.0,81.62750244140625,82.65249633789062,11025860
2007-12-20,82.5,82.99250030517578,81.3125,82.13500213623047,11873800
2007-12-24,83.30750274658203,85.25,82.51499938964844,84.90750122070312,6793060
2007-12-26,84.90750122070312,85.75,84.0,85.3375015258789,4321680
2007-12-27,85.5,87.9000015258789,85.5,87.2750015258789,8729880
2007-12-28,84.94999694824219,86.9000015258789,83.36000061035156,86.51499938964844,6754740
2007-12-31,87.5,87.5,85.4000015258789,86.45500183105469,3779240
2008-01-01,86.5,86.94999694824219,85.25,86.4749984741211,2621040
2008-01-02,86.69999694824219,86.73999786376953,84.51499938964844,85.76499938964844,12479500
2008-01-03,85.5,85.5,83.80999755859375,84.72000122070312,14037280
2008-01-04,85.1500015258789,85.69999694824219,84.69999694824219,84.81999969482422,7459640
2008-01-07,82.55000305175781,83.91999816894531,80.61499786376953,82.7699966430664,12644920
2008-01-08,84.44999694824219,86.13999938964844,83.5,85.7874984741211,18334980
2008-01-09,85.7249984741211,88.3499984741211,85.01499938964844,87.2300033569336,20098380
2008-01-10,89.4749984741211,89.87999725341797,85.25749969482422,86.0999984741211,17222000
2008-01-11,86.4000015258789,88.9000015258789,86.1050033569336,88.22750091552734,8302200
2008-01-14,88.69999694824219,91.25,86.11499786376953,89.15750122070312,23350920
2008-01-15,91.01499938964844,91.01499938964844,88.32749938964844,89.44750213623047,12456840
2008-01-16,84.75,86.93000030517578,82.51499938964844,83.6875,24563400
2008-01-17,83.1050033569336,83.4000015258789,80.61000061035156,82.18000030517578,26713380
2008-01-18,79.05500030517578,81.30000305175781,77.77999877929688,78.55000305175781,19934820
2008-01-21,79.5,79.5,74.0,75.3550033569336,14869780
2008-01-22,74.94499969482422,89.0,67.55000305175781,71.31999969482422,23290120
2008-01-23,75.94999694824219,85.0,69.0,76.71499633789062,18665740
2008-01-24,76.5,81.8499984741211,73.75,75.5199966430664,16283820
2008-01-25,77.19999694824219,84.0,76.25499725341797,80.42250061035156,12144620
2008-01-28,77.5,80.0,71.5,79.51000213623047,11916140
2008-01-29,79.94000244140625,81.3499984741211,75.01000213623047,76.86750030517578,12190420
2008-01-30,78.69999694824219,78.69999694824219,75.25,76.64749908447266,7930220
2008-01-31,77.0999984741211,79.49500274658203,75.75250244140625,78.47750091552734,12793700
2008-02-01,78.75,79.13999938964844,74.26000213623047,78.55000305175781,14574460
2008-02-04,81.19000244140625,81.19000244140625,76.30000305175781,77.37000274658203,10982600
2008-02-05,78.0,79.87000274658203,75.01249694824219,75.61250305175781,12142820
2008-02-06,74.99500274658203,75.73750305175781,72.56999969482422,75.00499725341797,15731880
2008-02-07,74.94999694824219,75.5999984741211,74.0999984741211,74.58999633789062,33430640
2008-02-08,74.55000305175781,75.1500015258789,71.1500015258789,72.09750366210938,7761320
2008-02-11,72.09750366210938,73.44999694824219,67.53500366210938,70.5374984741211,13853780
2008-02-12,71.5,72.25,69.3125,70.38249969482422,9261840
2008-02-13,71.98999786376953,74.4000015258789,71.5,73.42500305175781,11688240
2008-02-14,74.94999694824219,77.75,74.94999694824219,76.82250213623047,12665300
2008-02-15,76.0,78.75,74.61499786376953,78.11250305175781,10884640
2008-02-18,78.9000015258789,79.5,77.01499938964844,77.84249877929688,3478480
2008-02-19,79.80000305175781,79.88500213623047,77.75749969482422,78.59500122070312,5489420
2008-02-20,78.5,78.5,75.44999694824219,76.86000061035156,7939100
2008-02-21,77.0,78.5,74.85749816894531,77.0425033569336,5978400
2008-02-22,73.5199966430664,76.98500061035156,73.00250244140625,73.71499633789062,9438340
2008-02-25,74.94499969482422,75.48999786376953,69.76750183105469,71.0875015258789,27321760
2008-02-26,72.5,73.47250366210938,72.25,72.74500274658203,12350240
2008-02-27,73.5,74.33000183105469,72.06500244140625,72.61499786376953,9212020
2008-02-28,73.44499969482422,74.55000305175781,72.5999984741211,73.62750244140625,12499920
2008-02-29,73.0,73.71499633789062,70.58499908447266,72.8375015258789,13693900
2008-03-03,71.5,71.5,68.1050033569336,69.49500274658203,10176000
2008-03-04,69.75,69.75,64.6624984741211,67.5875015258789,16964140
2008-03-05,67.0999984741211,67.5875015258789,66.01249694824219,66.63749694824219,12435040
2008-03-07,66.5,66.5,62.84749984741211,64.11250305175781,18383840
2008-03-10,63.25,66.43000030517578,61.255001068115234,65.57499694824219,15564540
2008-03-11,64.25499725341797,67.55000305175781,63.5099983215332,66.66000366210938,20753240
2008-03-12,69.69999694824219,71.98999786376953,67.31999969482422,68.52749633789062,12473880
2008-03-13,67.0,67.25,64.28250122070312,64.9574966430664,8559700
2008-03-14,64.75,66.29499816894531,63.75,65.77249908447266,9006800
2008-03-17,62.25,63.75,59.75,61.29999923706055,17274360
2008-03-18,61.20000076293945,61.900001525878906,58.27750015258789,61.54750061035156,24222920
2008-03-19,63.75,66.74749755859375,62.25,63.630001068115234,25308920
2008-03-24,64.25749969482422,67.55000305175781,64.25749969482422,67.09500122070312,12884240
2008-03-25,68.5,71.75,68.25,70.69999694824219,17537260
2008-03-26,70.05999755859375,72.8324966430664,69.83000183105469,71.95999908447266,24661680
2008-03-27,70.05999755859375,73.36000061035156,69.30000305175781,71.66000366210938,17155740
2008-03-28,71.25,71.3125,68.30000305175781,70.3499984741211,12130140
2008-03-31,70.0,70.0,64.51499938964844,66.5625,23602140
2008-04-01,66.00250244140625,67.0,63.5,65.47750091552734,15136540
2008-04-02,69.0,70.05000305175781,65.4000015258789,66.4000015258789,13423660
2008-04-03,66.25,68.42500305175781,65.25499725341797,66.55750274658203,11518100
2008-04-04,66.0,66.00250244140625,64.27999877929688,64.69249725341797,23299320
2008-04-07,64.4000015258789,66.12999725341797,63.90999984741211,65.16999816894531,12104000
2008-04-08,66.25,66.25,64.50499725341797,65.42749786376953,14698460
2008-04-09,65.44999694824219,69.94999694824219,64.80249786376953,68.99250030517578,15735320
2008-04-10,68.76249694824219,68.76249694824219,66.05500030517578,66.32749938964844,10847260
2008-04-11,67.44999694824219,67.75,65.0999984741211,66.50250244140625,8359040
2008-04-15,65.51499938964844,66.68499755859375,63.76499938964844,65.16500091552734,17942760
2008-04-16,66.54750061035156,66.69999694824219,65.04499816894531,65.41500091552734,11031900
2008-04-17,65.9000015258789,70.75,65.9000015258789,70.05999755859375,36265280
2008-04-21,70.25,73.72250366210938,69.0999984741211,73.0374984741211,17950720
2008-04-22,72.5,75.82250213623047,71.41000366210938,75.4124984741211,13991420
2008-04-23,75.44000244140625,75.44000244140625,71.78500366210938,72.26750183105469,10959740
2008-04-24,73.49749755859375,73.49749755859375,70.40499877929688,72.12999725341797,24423020
2008-04-25,72.73500061035156,75.4000015258789,72.5250015258789,75.0199966430664,10903280
2008-04-28,75.0199966430664,77.44999694824219,75.0199966430664,76.1675033569336,23126160
2008-04-29,75.94999694824219,77.94999694824219,75.06999969482422,77.38999938964844,11831380
2008-04-30,77.40499877929688,77.40499877929688,75.25,76.2074966430664,16181420
2008-05-02,77.25,78.84750366210938,76.5999984741211,77.0199966430664,11967760
2008-05-05,77.0,77.94249725341797,75.80999755859375,76.42749786376953,8403100
2008-05-06,76.25,77.5,76.25,77.14250183105469,8619960
2008-05-07,76.9749984741211,77.5999984741211,75.76750183105469,77.09500122070312,6881160
2008-05-08,75.0,76.16999816894531,72.61000061035156,75.4175033569336,11781360
2008-05-09,78.11750030517578,80.0,72.16000366210938,72.625,12408460
2008-05-12,71.31749725341797,73.84500122070312,71.31749725341797,73.40249633789062,5235260
2008-05-13,74.48500061035156,74.75,73.00250244140625,74.01249694824219,10483240
2008-05-14,73.25,73.73500061035156,72.5,73.23999786376953,12053760
2008-05-15,72.61499786376953,74.3375015258789,72.61499786376953,73.92500305175781,4635880
2008-05-16,75.5,76.38500213623047,74.5999984741211,75.0199966430664,9818520
2008-05-20,75.0,75.25,72.5,73.05999755859375,12626240
2008-05-21,72.50499725341797,72.50499725341797,69.62249755859375,70.50250244140625,28917680
2008-05-22,70.4000015258789,70.4000015258789,67.55000305175781,69.1875,10268020
2008-05-23,70.4000015258789,70.54000091552734,68.6050033569336,69.07499694824219,13286840
2008-05-26,68.5,69.07499694824219,66.80000305175781,67.37999725341797,7817180
2008-05-27,68.24500274658203,68.5,65.94999694824219,66.63500213623047,12565100
2008-05-28,66.73500061035156,68.02999877929688,65.8499984741211,67.56749725341797,8254020
2008-05-29,68.25,68.73999786376953,65.19999694824219,65.97750091552734,12834520
2008-05-30,65.05000305175781,69.1449966430664,65.05000305175781,68.43499755859375,13161520
2008-06-02,69.0,69.0,64.69999694824219,65.5250015258789,9821940
2008-06-03,65.5,65.5,62.32500076293945,63.31999969482422,10400820
2008-06-04,63.5,63.5,59.80500030517578,60.75,9689180
2008-06-05,61.0,64.49500274658203,59.02000045776367,62.407501220703125,21232940
2008-06-06,62.5,63.747501373291016,60.900001525878906,61.622501373291016,19993160
2008-06-09,60.0,60.002498626708984,57.95000076293945,59.18000030517578,11123780
2008-06-10,58.5,59.744998931884766,56.0,56.61750030517578,31157420
2008-06-11,57.25,60.48749923706055,56.1150016784668,59.817501068115234,25568940
2008-06-12,57.814998626708984,58.7400016784668,56.0625,58.07749938964844,24675380
2008-06-13,57.619998931884766,58.67499923706055,55.67499923706055,56.10749816894531,14506540
2008-06-16,56.880001068115234,58.599998474121094,56.5,57.462501525878906,20103260
2008-06-17,57.5,61.25,57.5,60.682498931884766,25744440
2008-06-18,61.599998474121094,61.599998474121094,58.119998931884766,58.41999816894531,21475980
2008-06-19,56.1150016784668,57.75,55.599998474121094,56.147499084472656,11940000
2008-06-20,56.099998474121094,56.900001525878906,54.627498626708984,54.912498474121094,12981700
2008-06-23,53.75,55.994998931884766,53.75,54.77750015258789,14868460
2008-06-24,54.0,55.44499969482422,52.099998474121094,52.98249816894531,7222820
2008-06-25,52.0,54.09000015258789,50.75749969482422,53.717498779296875,25943520
2008-06-26,54.04499816894531,54.939998626708984,52.005001068115234,53.025001525878906,27974340
2008-06-27,52.45000076293945,52.45000076293945,49.79999923706055,51.08000183105469,20918020
2008-06-30,50.5,50.77000045776367,49.75,50.369998931884766,13423280
2008-07-01,50.75,50.75,47.502498626708984,48.26250076293945,20463360
2008-07-02,48.25,52.5,47.900001525878906,51.380001068115234,18080340
2008-07-03,50.900001525878906,51.0,47.25,49.22249984741211,34043780
2008-07-04,49.307498931884766,50.349998474121094,49.154998779296875,50.01499938964844,28030260
2008-07-07,50.0,52.5,49.814998626708984,50.27000045776367,27912660
2008-07-08,50.0,51.48500061035156,48.0,50.087501525878906,24163840
2008-07-09,51.45000076293945,53.345001220703125,50.01499938964844,52.912498474121094,46627720
2008-07-10,52.5,53.82500076293945,51.564998626708984,52.709999084472656,26190300
2008-07-11,52.25,53.75,51.755001068115234,53.38999938964844,21049640
2008-07-14,53.38999938964844,53.5,50.5625,51.58250045776367,19296800
2008-07-15,50.9900016784668,50.9900016784668,45.59749984741211,45.907501220703125,37121580
2008-07-16,45.900001525878906,47.0,44.6150016784668,45.18000030517578,21831700
2008-07-17,47.439998626708984,48.95000076293945,47.400001525878906,47.932498931884766,46489000
2008-07-18,48.685001373291016,52.150001525878906,48.685001373291016,51.724998474121094,56678300
2008-07-21,52.5,54.69499969482422,52.2599983215332,54.185001373291016,24730240
2008-07-22,53.502498626708984,58.752498626708984,53.502498626708984,55.064998626708984,45148360
2008-07-23,56.775001525878906,60.75,56.775001525878906,60.22999954223633,47566960
2008-07-24,62.20000076293945,62.45000076293945,59.275001525878906,60.69499969482422,26460660
2008-07-25,57.65999984741211,59.73500061035156,55.900001525878906,56.3224983215332,40124160
2008-07-28,56.3224983215332,57.73500061035156,55.5,56.36000061035156,29768040
2008-07-29,55.98500061035156,55.98500061035156,50.150001525878906,51.46500015258789,49470820
2008-07-30,52.5,55.25,52.25,54.70249938964844,36235540
2008-07-31,55.0,56.439998626708984,52.912498474121094,54.907501220703125,36079500
2008-08-01,54.73500061035156,56.25,51.3125,55.415000915527344,61370000
2008-08-04,55.5099983215332,56.72249984741211,54.76499938964844,55.4375,20113860
2008-08-05,55.01250076293945,59.75,54.900001525878906,59.224998474121094,41716340
2008-08-06,60.599998474121094,64.66500091552734,59.8849983215332,60.81999969482422,66547600
2008-08-07,60.0,63.25,60.0,62.63249969482422,37795060
2008-08-08,62.5,64.75,61.29999923706055,64.15499877929688,42487040
2008-08-11,66.48999786376953,66.79000091552734,64.55000305175781,65.57499694824219,53257300
2008-08-12,65.5999984741211,66.0,62.7599983215332,63.252498626708984,27192080
2008-08-13,62.0625,62.5,60.6150016784668,60.86750030517578,24319980
2008-08-14,60.86750030517578,60.86750030517578,58.25,58.7400016784668,19485840
2008-08-18,58.45000076293945,61.189998626708984,58.02000045776367,60.1775016784668,30093880
2008-08-19,59.5,60.5,58.314998626708984,60.342498779296875,18360480
2008-08-20,60.61000061035156,62.400001525878906,60.06999969482422,61.90999984741211,21819080
2008-08-21,61.599998474121094,62.0,58.025001525878906,58.317501068115234,13882360
2008-08-22,58.0,59.900001525878906,57.54999923706055,59.70000076293945,20124380
2008-08-25,60.505001068115234,62.09000015258789,60.212501525878906,60.3849983215332,15062700
2008-08-26,60.0,63.099998474121094,59.787498474121094,62.564998626708984,28607800
2008-08-27,63.189998626708984,63.400001525878906,61.29999923706055,61.70000076293945,28482020
2008-08-28,61.5,62.3849983215332,59.900001525878906,60.654998779296875,27136360
2008-08-29,61.810001373291016,64.73500061035156,61.810001373291016,63.834999084472656,24888920
2008-09-01,62.474998474121094,65.5,62.474998474121094,64.91500091552734,14423480
2008-09-02,65.12000274658203,69.30000305175781,64.25499725341797,66.98249816894531,57122060
2008-09-04,65.01000213623047,66.81999969482422,64.36499786376953,65.15249633789062,50381320
2008-09-05,63.75,64.0,62.0,62.42499923706055,47930240
2008-09-08,64.69999694824219,65.94999694824219,64.54750061035156,65.05500030517578,34216720
2008-09-09,63.5,65.67500305175781,63.314998626708984,64.68000030517578,35867160
2008-09-10,64.48999786376953,64.48999786376953,62.5,63.78499984741211,33393840
2008-09-11,63.252498626708984,64.19499969482422,62.400001525878906,62.650001525878906,24340400
2008-09-12,62.75749969482422,63.73500061035156,61.150001525878906,62.23500061035156,26068580
2008-09-15,60.26250076293945,60.75,57.79249954223633,60.16999816894531,34826660
2008-09-16,57.5,62.20000076293945,53.787498474121094,61.51750183105469,28293580
2008-09-17,62.3849983215332,62.400001525878906,58.26499938964844,59.36750030517578,33372980
2008-09-18,58.94499969482422,61.70000076293945,54.349998474121094,61.1875,54211440
2008-09-19,63.01250076293945,65.19999694824219,62.75749969482422,64.97750091552734,36326260
2008-09-22,65.30000305175781,66.10250091552734,64.11000061035156,65.03500366210938,22754180
2008-09-23,63.755001068115234,64.5875015258789,61.1150016784668,61.6875,22109880
2008-09-24,62.439998626708984,64.75,62.439998626708984,64.02999877929688,26159940
2008-09-25,63.755001068115234,65.73999786376953,63.404998779296875,65.03250122070312,34824680
2008-09-26,64.99749755859375,65.0,61.5099983215332,62.22999954223633,26172660
2008-09-29,63.349998474121094,63.349998474121094,59.2599983215332,60.01750183105469,28521460
2008-09-30,57.0,62.157501220703125,57.0,61.48500061035156,46326400
2008-10-01,61.900001525878906,65.25,60.56999969482422,64.76249694824219,27338800
2008-10-03,64.0,65.43499755859375,63.16749954223633,63.787498474121094,27906840
2008-10-06,62.5,63.0,59.6150016784668,60.13750076293945,30037180
2008-10-07,61.50749969482422,62.5,54.654998779296875,56.442501068115234,57285380
2008-10-08,54.70000076293945,56.54999923706055,48.75,55.3025016784668,67626300
2008-10-10,52.005001068115234,54.900001525878906,48.755001068115234,52.38750076293945,90773920
2008-10-13,53.525001525878906,59.5,52.45500183105469,58.65250015258789,44092840
2008-10-14,61.25,62.400001525878906,56.29999923706055,57.04999923706055,43950620
2008-10-15,55.75,57.69499969482422,55.150001525878906,56.837501525878906,32890720
2008-10-16,54.95000076293945,56.064998626708984,52.04999923706055,54.665000915527344,54627240
2008-10-17,56.400001525878906,57.25,50.25,51.317501068115234,34234280
2008-10-20,51.75,55.64250183105469,51.54999923706055,54.01750183105469,24365620
2008-10-21,55.0,56.099998474121094,53.60499954223633,54.477500915527344,30895360
2008-10-22,53.5,55.25,52.0,52.42499923706055,25920440
2008-10-23,51.25,55.900001525878906,49.852500915527344,53.712501525878906,34135140
2008-10-24,52.5,52.5,46.11750030517578,48.64500045776367,63935240
2008-10-27,47.5,47.5,43.099998474121094,46.6150016784668,34216220
2008-10-29,49.5,49.997501373291016,46.01750183105469,47.54750061035156,47965580
2008-10-31,48.25,53.0,48.25,51.130001068115234,58745580
2008-11-03,52.75749969482422,54.900001525878906,52.0,53.52750015258789,43100720
2008-11-04,53.97249984741211,56.587501525878906,52.50749969482422,55.63249969482422,42095380
2008-11-05,57.252498626708984,58.400001525878906,54.0,54.91749954223633,30025520
2008-11-06,53.005001068115234,55.25,51.564998626708984,53.11249923706055,26108760
2008-11-07,53.29999923706055,55.75,51.599998474121094,54.4900016784668,27560740
2008-11-10,55.5,55.73500061035156,52.625,55.03499984741211,36987140
2008-11-11,54.099998474121094,54.400001525878906,50.75749969482422,51.16749954223633,24708200
2008-11-12,50.002498626708984,53.04999923706055,49.61000061035156,50.33250045776367,38022440
2008-11-14,51.54999923706055,52.95000076293945,50.119998931884766,50.4474983215332,35778060
2008-11-17,50.55500030517578,50.7400016784668,45.314998626708984,46.8224983215332,71692220
2008-11-18,46.0,46.537498474121094,44.282501220703125,45.755001068115234,50241820
2008-11-19,46.25,48.70000076293945,43.505001068115234,44.227500915527344,48777380
2008-11-20,42.98500061035156,42.98500061035156,40.45000076293945,41.060001373291016,64849280
2008-11-21,41.502498626708984,43.400001525878906,39.900001525878906,42.8224983215332,62015900
2008-11-24,42.75,42.852500915527344,40.400001525878906,41.45500183105469,36073340
2008-11-25,42.25,44.25,41.415000915527344,41.77000045776367,48339900
2008-11-26,42.5,46.224998474121094,41.75,45.3025016784668,48547600
2008-11-27,45.3025016784668,45.3025016784668,45.3025016784668,45.3025016784668,0
2008-11-28,40.502498626708984,46.79999923706055,39.57749938964844,46.13750076293945,55185040
2008-12-01,46.25,48.5,44.5,44.942501068115234,42957000
2008-12-02,43.997501373291016,44.73749923706055,42.255001068115234,44.29499816894531,34729680
2008-12-03,45.099998474121094,45.099998474121094,43.05500030517578,44.02000045776367,39434520
2008-12-04,43.599998474121094,45.935001373291016,43.599998474121094,45.59749984741211,35790980
2008-12-05,46.0,46.79999923706055,43.25,44.51499938964844,39840780
2008-12-08,46.22249984741211,47.70000076293945,44.10499954223633,44.900001525878906,49286640
2008-12-10,45.150001525878906,46.997501373291016,45.150001525878906,46.1875,64598740
2008-12-11,46.25,47.45000076293945,45.10749816894531,45.9275016784668,44658380
2008-12-12,45.25,46.5,43.79999923706055,45.997501373291016,32151040
2008-12-15,46.75749969482422,47.935001373291016,46.25,47.212501525878906,30706780
2008-12-16,46.849998474121094,49.95000076293945,46.6150016784668,49.247501373291016,37878500
2008-12-17,50.15999984741211,51.0,49.400001525878906,50.11000061035156,51596780
2008-12-18,49.904998779296875,53.494998931884766,49.650001525878906,52.932498931884766,39705300
2008-12-19,52.54999923706055,54.217498779296875,51.630001068115234,52.60499954223633,40583380
2008-12-22,52.599998474121094,53.25,50.400001525878906,50.92499923706055,23885380
2008-12-23,50.599998474121094,50.900001525878906,48.657501220703125,48.9900016784668,26338860
2008-12-24,49.720001220703125,50.0,47.099998474121094,49.209999084472656,27097480
2008-12-26,49.75,50.994998931884766,48.29999923706055,48.63999938964844,16777140
2008-12-29,47.81999969482422,50.5,47.79999923706055,50.11750030517578,26060580
2008-12-30,49.95249938964844,51.71500015258789,49.76499938964844,50.95000076293945,37710760
2008-12-31,51.599998474121094,51.599998474121094,49.42250061035156,49.91749954223633,20786740
2009-01-02,51.0,51.599998474121094,50.15999984741211,50.782501220703125,20937040
2009-01-05,51.5,52.474998474121094,51.40250015258789,52.20500183105469,20118160
2009-01-06,52.20750045776367,55.650001525878906,51.70000076293945,55.02000045776367,36579860
2009-01-07,55.75,56.26250076293945,49.79999923706055,50.462501525878906,75564760
2009-01-09,50.0,52.849998474121094,48.75,50.875,42827140
2009-01-12,50.599998474121094,51.099998474121094,49.5,50.185001373291016,36113140
2009-01-13,50.0,50.599998474121094,48.755001068115234,49.442501068115234,25056220
2009-01-14,52.23500061035156,52.23500061035156,48.345001220703125,48.877498626708984,56650340
2009-01-15,48.0,48.0,45.352500915527344,46.2400016784668,58494980
2009-01-16,46.900001525878906,47.227500915527344,46.11000061035156,46.877498626708984,15617600
2009-01-19,47.45000076293945,47.724998474121094,46.57500076293945,47.05500030517578,20296900
2009-01-20,46.25,46.25,45.099998474121094,45.622501373291016,16022220
2009-01-21,45.34000015258789,45.34000015258789,44.0,44.47249984741211,39520800
2009-01-22,45.0,45.849998474121094,44.099998474121094,45.025001525878906,32599200
2009-01-23,44.630001068115234,45.564998626708984,43.255001068115234,43.622501373291016,31859400
2009-01-27,44.849998474121094,45.1974983215332,44.0,44.47249984741211,24549860
2009-01-28,44.900001525878906,45.790000915527344,44.76750183105469,45.587501525878906,26349180
2009-01-29,46.244998931884766,46.877498626708984,45.5,46.17250061035156,46873960
2009-01-30,44.619998931884766,46.75,44.619998931884766,46.279998779296875,14969020
2009-02-02,46.0,46.025001525878906,43.849998474121094,44.435001373291016,26159440
2009-02-03,44.76750183105469,45.4900016784668,44.5,44.90999984741211,22960400
2009-02-04,45.5,46.127498626708984,44.10749816894531,44.29249954223633,75987120
2009-02-05,44.747501373291016,44.98500061035156,44.005001068115234,44.212501525878906,21546020
2009-02-06,44.650001525878906,45.2400016784668,44.31999969482422,44.91999816894531,23419660
2009-02-09,45.400001525878906,46.099998474121094,45.150001525878906,45.97249984741211,20581120
2009-02-10,46.26250076293945,47.907501220703125,46.067501068115234,47.349998474121094,16643980
2009-02-11,46.349998474121094,47.147499084472656,45.349998474121094,46.724998474121094,18642780
2009-02-12,46.7599983215332,47.04999923706055,46.227500915527344,46.692501068115234,14280640
2009-02-13,47.0,47.69499969482422,46.849998474121094,47.20750045776367,15215800
2009-02-16,47.0,47.0,45.400001525878906,45.6974983215332,27995360
2009-02-17,45.349998474121094,45.720001220703125,43.51250076293945,44.01499938964844,34365340
2009-02-18,43.75,44.400001525878906,43.247501373291016,43.81999969482422,15660980
2009-02-19,44.20000076293945,44.61000061035156,43.717498779296875,44.227500915527344,17921580
2009-02-20,43.79999923706055,43.94499969482422,42.68000030517578,43.32500076293945,19994900
2009-02-24,42.650001525878906,43.0,41.75,42.724998474121094,15370420
2009-02-25,43.244998931884766,43.567501068115234,43.0099983215332,43.21500015258789,21852620
2009-02-26,43.314998626708984,44.14250183105469,42.04999923706055,43.7400016784668,64875240
2009-02-27,43.54999923706055,44.89500045776367,42.150001525878906,44.474998474121094,27103880
2009-03-02,43.654998779296875,43.84749984741211,41.875,42.28499984741211,37138220
2009-03-03,41.84749984741211,42.15999984741211,41.0,41.57500076293945,33429840
2009-03-04,41.54999923706055,42.5,41.5,41.95000076293945,34239980
2009-03-05,42.48500061035156,42.724998474121094,39.557498931884766,40.06999969482422,48449580
2009-03-06,40.0,41.397499084472656,38.70000076293945,40.09000015258789,47417080
2009-03-09,39.95000076293945,40.73500061035156,39.11249923706055,39.9375,35178920
2009-03-12,40.75,41.70000076293945,39.557498931884766,39.932498931884766,57410880
2009-03-13,40.75,41.84000015258789,40.61249923706055,41.712501525878906,91452600
2009-03-16,42.0,42.630001068115234,41.33250045776367,42.24250030517578,54510220
2009-03-17,42.20000076293945,42.95000076293945,40.45500183105469,41.407501220703125,41847020
2009-03-18,41.994998931884766,43.0,41.61000061035156,42.150001525878906,37820820
2009-03-19,42.435001373291016,43.150001525878906,40.95000076293945,41.619998931884766,48852220
2009-03-20,41.49250030517578,42.084999084472656,40.54999923706055,41.96500015258789,40572140
2009-03-23,42.692501068115234,44.9900016784668,42.099998474121094,44.25,40899460
2009-03-24,45.8125,48.70000076293945,45.5,47.084999084472656,75401080
2009-03-25,47.39500045776367,48.845001220703125,46.849998474121094,48.60749816894531,35818000
2009-03-26,49.400001525878906,50.25,48.75749969482422,49.66999816894531,46312840
2009-03-27,49.04999923706055,50.650001525878906,49.04499816894531,50.0724983215332,45761560
2009-03-30,49.0,49.0,47.03499984741211,47.275001525878906,26509680
2009-03-31,47.599998474121094,49.39500045776367,45.220001220703125,48.66999816894531,74405400
2009-04-01,49.25,50.25,47.58000183105469,50.0,25893640
2009-04-02,50.54999923706055,52.595001220703125,50.54999923706055,51.82749938964844,35591320
2009-04-06,52.75,53.75,52.01250076293945,53.20750045776367,26945760
2009-04-08,53.25,53.25,49.6150016784668,52.337501525878906,53028520
2009-04-09,53.189998626708984,54.0,51.60499954223633,52.220001220703125,29772380
2009-04-13,52.0,55.747501373291016,52.0,54.91749954223633,34222020
2009-04-15,52.74250030517578,55.23500061035156,52.125,54.13750076293945,62675520
2009-04-16,54.939998626708984,55.38750076293945,52.86249923706055,53.30500030517578,39041500
2009-04-17,54.20000076293945,54.900001525878906,52.82749938964844,53.595001220703125,47042120
2009-04-20,53.5,55.0,52.412498474121094,53.35499954223633,22931780
2009-04-21,52.0,55.0,51.7400016784668,54.35499954223633,30096100
2009-04-22,54.5,55.11750030517578,53.25,54.467498779296875,24182440
2009-04-23,54.75,55.0,53.275001525878906,54.625,28823100
2009-04-24,55.0,56.14500045776367,53.849998474121094,55.51250076293945,37310260
2009-04-27,55.0,56.997501373291016,54.5,55.77000045776367,28785580
2009-04-28,55.912498474121094,56.349998474121094,53.150001525878906,53.592498779296875,29601760
2009-04-29,54.29999923706055,55.5,53.599998474121094,55.01750183105469,42856300
2009-04-30,55.01750183105469,55.01750183105469,55.01750183105469,55.01750183105469,0
2009-05-04,57.502498626708984,60.349998474121094,56.01250076293945,59.970001220703125,45266140
2009-05-05,60.34000015258789,60.497501373291016,58.25,59.662498474121094,30463880
2009-05-06,59.505001068115234,59.95000076293945,58.04999923706055,58.59749984741211,24286180
2009-05-07,59.0,59.400001525878906,58.33250045776367,58.817501068115234,15457680
2009-05-08,58.0,58.75,55.727500915527344,57.20249938964844,45138660
2009-05-11,59.3849983215332,59.3849983215332,56.900001525878906,57.349998474121094,33836720
2009-05-12,57.20000076293945,60.1974983215332,56.962501525878906,59.76499938964844,34608840
2009-05-13,59.75,59.939998626708984,57.349998474121094,58.21500015258789,47519520
2009-05-14,57.61249923706055,58.45000076293945,56.0625,58.182498931884766,19203300
2009-05-15,58.75,59.599998474121094,57.86000061035156,59.247501373291016,41519920
2009-05-18,63.057498931884766,76.98500061035156,63.057498931884766,68.90499877929688,271500
2009-05-19,69.5999984741211,74.94999694824219,60.314998626708984,70.58999633789062,99306960
2009-05-20,69.8499984741211,70.55000305175781,67.55000305175781,69.02999877929688,29037980
2009-05-21,68.72000122070312,70.25,66.70999908447266,68.55000305175781,38176700
2009-05-22,67.94999694824219,69.69499969482422,67.05750274658203,68.49250030517578,18276080
2009-05-25,68.75,69.49250030517578,67.31999969482422,68.18000030517578,16761340
2009-05-26,68.42500305175781,69.59750366210938,66.25,66.80000305175781,24951620
2009-05-27,68.50499725341797,70.94999694824219,68.36250305175781,70.45500183105469,53941080
2009-05-28,70.05000305175781,72.68499755859375,69.19999694824219,71.99749755859375,70308860
2009-05-29,72.2300033569336,72.99500274658203,71.05000305175781,72.2249984741211,30721400
2009-06-01,72.69999694824219,74.19999694824219,70.8375015258789,71.68250274658203,22222360
2009-06-02,71.7249984741211,72.5,68.94999694824219,69.88999938964844,19577240
2009-06-03,71.0,71.4000015258789,67.3949966430664,68.5374984741211,28659520
2009-06-04,68.05000305175781,69.98500061035156,67.5999984741211,69.44000244140625,24262960
2009-06-05,69.94499969482422,71.55000305175781,69.25749969482422,70.93000030517578,20214840
2009-06-08,71.0,71.25,69.25,70.00250244140625,15709480
2009-06-09,69.49500274658203,71.5,68.91000366210938,71.01249694824219,12893300
2009-06-10,72.01249694824219,77.44999694824219,71.75,75.0625,32476460
2009-06-11,76.25,78.5,75.06500244140625,77.82499694824219,36272980
2009-06-12,78.32499694824219,78.94999694824219,75.80000305175781,76.40750122070312,23487560
2009-06-15,76.18499755859375,78.0250015258789,75.0999984741211,76.65249633789062,18419340
2009-06-16,75.4000015258789,77.5,74.32499694824219,77.30999755859375,27458080
2009-06-17,77.0,79.19999694824219,76.0,77.23750305175781,35711420
2009-06-18,76.5,78.23500061035156,75.3375015258789,76.24250030517578,31335520
2009-06-19,76.75499725341797,78.44499969482422,76.25,77.94249725341797,17830440
2009-06-22,78.93499755859375,78.93499755859375,76.20999908447266,77.15499877929688,20433060
2009-06-23,75.73500061035156,75.73500061035156,72.81749725341797,74.27249908447266,29413000
2009-06-24,76.83000183105469,76.83000183105469,72.55999755859375,72.88500213623047,23783620
2009-06-25,74.98500061035156,74.98500061035156,72.80000305175781,73.2249984741211,39782340
2009-06-26,74.0,75.05999755859375,73.55000305175781,74.91500091552734,36775320
2009-06-29,75.25,76.6449966430664,74.5999984741211,75.38999938964844,36200480
2009-06-30,76.19750213623047,76.25,73.9625015258789,74.65750122070312,20584840
2009-07-01,74.9000015258789,75.9000015258789,74.15750122070312,75.125,11854560
2009-07-02,75.44999694824219,75.44999694824219,73.26249694824219,75.0250015258789,13585200
2009-07-03,74.49500274658203,76.25,74.1500015258789,75.7874984741211,19610540
2009-07-06,76.25,77.4000015258789,70.0,71.19750213623047,30500820
2009-07-07,72.0,72.48500061035156,70.25,71.36499786376953,20679740
2009-07-08,70.73500061035156,70.75,68.01249694824219,68.76499938964844,21619400
2009-07-09,68.80000305175781,70.44999694824219,68.25,69.99500274658203,11691480
2009-07-10,70.25,70.73999786376953,68.01499938964844,68.94249725341797,21467820
2009-07-13,68.5,69.09500122070312,67.5,68.69000244140625,15282560
2009-07-14,69.55750274658203,71.48999786376953,67.11000061035156,68.12750244140625,51070240
2009-07-15,69.5,69.5,66.65249633789062,69.0875015258789,42583380
2009-07-16,70.0,70.3499984741211,68.0999984741211,69.52249908447266,28846400
2009-07-17,69.5,72.44249725341797,68.70249938964844,71.8324966430664,24977340
2009-07-20,72.55000305175781,74.30000305175781,71.01499938964844,73.6875,22513560
2009-07-21,73.3499984741211,73.9800033569336,72.5824966430664,73.04499816894531,16773220
2009-07-22,73.5,73.68499755859375,71.6500015258789,72.25749969482422,29869220
2009-07-23,72.98249816894531,73.51249694824219,71.73249816894531,72.95249938964844,25878520
2009-07-24,73.0,73.4000015258789,71.44999694824219,72.49749755859375,22111200
2009-07-27,72.8499984741211,73.5,71.25,71.66999816894531,19702420
2009-07-28,72.19999694824219,72.25,69.8499984741211,71.22250366210938,32996480
2009-07-29,71.88500213623047,71.88500213623047,69.25,70.93499755859375,19905200
2009-07-30,70.93499755859375,73.5999984741211,69.94999694824219,73.21749877929688,37241540
2009-07-31,74.00749969482422,75.4749984741211,73.7125015258789,74.95500183105469,25795680
2009-08-03,75.0,75.44999694824219,73.00749969482422,74.67250061035156,10928980
2009-08-04,75.25,75.38749694824219,72.81999969482422,73.45249938964844,19447220
2009-08-05,73.93499755859375,73.93499755859375,71.69000244140625,72.39250183105469,21808440
2009-08-06,72.0,72.75,70.0999984741211,70.68000030517578,33306200
2009-08-07,70.5,71.30000305175781,68.94999694824219,69.51000213623047,28488020
2009-08-10,70.69999694824219,70.75499725341797,68.0,68.76750183105469,27679720
2009-08-11,68.75,69.3949966430664,68.0,68.9574966430664,20270720
2009-08-12,68.25,70.5999984741211,67.75,70.3125,18392820
2009-08-13,71.74500274658203,71.74500274658203,70.26249694824219,71.22750091552734,20531280
2009-08-14,72.44999694824219,72.44999694824219,70.55000305175781,71.36499786376953,12256400
2009-08-17,70.44999694824219,71.0374984741211,69.75,70.30999755859375,26981300
2009-08-18,70.05000305175781,72.74500274658203,70.05000305175781,72.04499816894531,25274500
2009-08-19,72.04750061035156,72.98500061035156,70.55000305175781,72.48750305175781,22003460
2009-08-20,72.94999694824219,74.5,72.75,74.00250244140625,14477600
2009-08-21,73.94999694824219,74.25,72.26750183105469,73.29750061035156,20833940
2009-08-24,74.9000015258789,75.08999633789062,73.3499984741211,74.23249816894531,12741880
2009-08-25,73.42500305175781,74.94999694824219,73.0250015258789,74.34750366210938,9548980
2009-08-26,74.9000015258789,75.93499755859375,72.50250244140625,73.02999877929688,13106840
2009-08-27,72.5,73.0999984741211,72.19999694824219,72.8499984741211,14838040
2009-08-28,72.75,73.25,71.75,72.88749694824219,9175820
2009-08-31,71.75,74.15249633789062,71.75,73.55000305175781,13194940
2009-09-01,74.00250244140625,74.34249877929688,71.38999938964844,72.30500030517578,12314080
2009-09-02,71.60250091552734,72.59249877929688,71.26750183105469,71.9375,6342740
2009-09-03,72.25,72.4000015258789,71.25,71.7699966430664,10059660
2009-09-04,71.75,73.0,71.25,72.7125015258789,10667720
2009-09-07,73.00250244140625,73.80000305175781,72.41000366210938,73.37000274658203,15236680
2009-09-08,73.73249816894531,74.09750366210938,72.5,72.84249877929688,14822620
2009-09-09,73.23999786376953,74.0999984741211,72.77999877929688,73.77249908447266,27106000
2009-09-10,74.5,75.1500015258789,74.0,74.27749633789062,17774500
2009-09-11,74.5,74.80500030517578,73.2300033569336,74.5625,14430880
2009-09-14,74.5625,75.19999694824219,74.19999694824219,74.69000244140625,12454780
2009-09-15,74.75,75.9124984741211,74.60749816894531,75.7125015258789,21756800
2009-09-16,76.5,76.75250244140625,75.28500366210938,75.83999633789062,23157440
2009-09-17,76.36499786376953,76.94999694824219,76.03500366210938,76.74500274658203,24112200
2009-09-18,76.80000305175781,76.88500213623047,75.55000305175781,76.22250366210938,8229580
2009-09-22,76.0,77.5,75.80000305175781,77.31749725341797,13451620
2009-09-23,77.75,79.94499969482422,76.57499694824219,78.4800033569336,26131400
2009-09-24,77.29750061035156,81.83499908447266,77.29750061035156,81.19000244140625,44450520
2009-09-25,80.13999938964844,81.2125015258789,79.5999984741211,80.42749786376953,11237640
2009-09-29,81.19999694824219,81.73999786376953,80.05500030517578,80.56749725341797,7774000
2009-09-30,80.80000305175781,83.0,80.20999908447266,82.5250015258789,23977240
2009-10-01,82.0,83.41999816894531,81.01249694824219,82.21499633789062,17295980
2009-10-05,81.05000305175781,82.25,80.8499984741211,81.70249938964844,10969880
2009-10-06,82.94999694824219,83.24500274658203,80.24500274658203,82.98249816894531,11507280
2009-10-07,83.69999694824219,85.5,83.5,83.88500213623047,21686660
2009-10-08,83.0,84.74500274658203,82.49749755859375,84.36750030517578,16809880
2009-10-09,83.0,84.5,83.0,83.78250122070312,9009600
2009-10-12,83.1500015258789,85.5,82.25,85.11250305175781,15601380
2009-10-13,85.11250305175781,85.11250305175781,85.11250305175781,85.11250305175781,0
2009-10-14,85.25,86.44999694824219,84.30750274658203,85.11000061035156,15642420
2009-10-15,85.51750183105469,86.75,84.70500183105469,86.11499786376953,18772320
2009-10-16,86.5999984741211,86.94000244140625,85.61750030517578,85.98249816894531,16519700
2009-10-20,84.13249969482422,86.0,84.0,84.56500244140625,9388380
2009-10-21,83.0,85.10250091552734,82.5425033569336,83.05500030517578,12847520
2009-10-22,82.05000305175781,83.8499984741211,82.0,83.30000305175781,7579740
2009-10-23,83.75,84.94999694824219,83.05999755859375,84.59500122070312,7576980
2009-10-26,83.55000305175781,84.8499984741211,83.25,84.6449966430664,8164820
2009-10-27,83.0,85.0,83.0,83.50499725341797,19155140
2009-10-28,83.0,83.48999786376953,80.25749969482422,80.97750091552734,13320900
2009-10-29,80.25,81.97000122070312,78.51249694824219,80.66000366210938,20490880
2009-10-30,81.0999984741211,84.4000015258789,80.2750015258789,81.03500366210938,15292380
2009-11-03,80.83999633789062,81.9749984741211,79.19999694824219,80.0250015258789,9502520
2009-11-04,80.25,82.3499984741211,79.06749725341797,81.19750213623047,12550460
2009-11-05,80.98999786376953,81.88999938964844,79.3499984741211,81.1675033569336,19742900
2009-11-06,81.75,82.67500305175781,81.0999984741211,82.0,11478120
2009-11-09,82.05000305175781,85.5,82.0,85.37249755859375,17472440
2009-11-10,85.01750183105469,87.09500122070312,84.58499908447266,85.17250061035156,18728700
2009-11-11,83.7699966430664,87.0,83.7699966430664,86.7925033569336,15191800
2009-11-12,86.43250274658203,87.0999984741211,85.37999725341797,85.82749938964844,15689900
2009-11-13,85.27749633789062,87.05000305175781,85.27749633789062,86.11250305175781,17245820
2009-11-16,86.14749908447266,87.48999786376953,85.94999694824219,86.18000030517578,12131120
2009-11-17,87.24250030517578,87.84750366210938,85.06500244140625,87.48249816894531,14013800
2009-11-18,85.5875015258789,87.75,85.5875015258789,87.4800033569336,18930600
2009-11-19,87.4000015258789,87.4000015258789,85.19999694824219,85.97750091552734,11882240
2009-11-20,85.44999694824219,88.07499694824219,85.44999694824219,87.69999694824219,15307920
2009-11-23,86.76499938964844,89.0,86.76499938964844,88.27249908447266,11746440
2009-11-24,87.5,89.0,87.00499725341797,88.84500122070312,8803300
2009-11-25,87.56749725341797,90.44999694824219,87.56749725341797,90.13500213623047,15749580
2009-11-26,87.5,90.5,87.5,88.05999755859375,16057640
2009-11-27,87.0999984741211,88.18499755859375,84.11750030517578,87.51750183105469,14975520
2009-11-30,88.25,89.3499984741211,87.11250305175781,88.3125,17511280
2009-12-01,88.98500061035156,89.94999694824219,87.5,89.48500061035156,10975060
2009-12-02,89.00499725341797,90.67500305175781,88.8125,90.3550033569336,23703320
2009-12-03,89.42749786376953,91.19999694824219,89.42749786376953,90.34750366210938,9752940
2009-12-04,89.30750274658203,90.05000305175781,88.75499725341797,89.47750091552734,6778560
2009-12-07,89.5,90.38500213623047,89.24749755859375,89.86750030517578,9102120
2009-12-08,89.3499984741211,91.94999694824219,88.62000274658203,91.6624984741211,13661280
2009-12-09,90.28250122070312,91.73999786376953,89.57499694824219,90.21749877929688,16068740
2009-12-10,89.56749725341797,90.25,88.61750030517578,89.25499725341797,12233920
2009-12-11,89.44249725341797,89.94999694824219,88.15499877929688,89.25749969482422,11953200
2009-12-14,89.23500061035156,90.0,87.44999694824219,87.86499786376953,16142240
2009-12-15,86.82749938964844,88.3499984741211,84.5,85.04000091552734,17086360
2009-12-16,83.83000183105469,85.44249725341797,83.75,84.6675033569336,17161840
2009-12-17,84.0,84.8499984741211,83.3499984741211,83.57499694824219,13195340
2009-12-18,82.56999969482422,83.66000366210938,82.34249877929688,83.20500183105469,12563560
2009-12-21,83.20500183105469,83.55999755859375,82.35250091552734,82.63749694824219,17188860
2009-12-22,83.0,83.36000061035156,82.1050033569336,82.32749938964844,12548620
2009-12-23,82.5,85.0,82.5,84.51750183105469,20208740
2009-12-24,85.11750030517578,86.19999694824219,84.20999908447266,85.53250122070312,7437940
2009-12-29,85.88500213623047,85.9000015258789,84.3375015258789,84.84750366210938,10404580
2009-12-30,84.98750305175781,84.98750305175781,83.75,84.625,8531020
2009-12-31,85.0,85.69999694824219,84.49250030517578,85.11250305175781,11516440
2010-01-04,85.0,86.42500305175781,84.62750244140625,85.28500366210938,6100980
2010-01-05,85.5,86.25,85.25,85.36000061035156,16773200
2010-01-06,85.69999694824219,86.0,84.40499877929688,85.4175033569336,13279680
2010-01-07,88.41999816894531,88.41999816894531,85.08000183105469,85.63999938964844,12247960
2010-01-08,85.5999984741211,86.16999816894531,85.05000305175781,85.75250244140625,14171800
2010-01-11,87.43250274658203,87.43250274658203,85.125,85.40750122070312,27533220
2010-01-12,85.4000015258789,85.58999633789062,83.93000030517578,84.76000213623047,9814100
2010-01-13,84.24749755859375,84.73999786376953,83.27749633789062,84.46499633789062,20693500
2010-01-14,85.5,85.69000244140625,83.5,84.19000244140625,20345280
2010-01-15,84.91999816894531,84.94999694824219,83.55000305175781,84.7074966430664,23163460
2010-01-18,84.5,88.9000015258789,84.1050033569336,88.3324966430664,47002920
2010-01-19,88.25,89.44000244140625,87.6449966430664,88.95999908447266,33328440
2010-01-20,89.25,89.5,87.1500015258789,87.80500030517578,27304220
2010-01-21,88.04499816894531,88.04499816894531,85.25499725341797,85.5824966430664,25046940
2010-01-22,84.80000305175781,85.0,82.69999694824219,83.8550033569336,18947400
2010-01-25,83.0,83.8949966430664,81.56500244140625,82.83499908447266,12057580
2010-01-27,83.05500030517578,83.05500030517578,79.34500122070312,79.86000061035156,24215580
2010-01-28,80.5,80.94999694824219,78.83999633789062,79.6624984741211,34864460
2010-01-29,79.0,81.8499984741211,77.625,81.55249786376953,32870340
2010-02-01,81.4000015258789,81.4000015258789,79.25,79.98750305175781,15034660
2010-02-02,80.3499984741211,80.74500274658203,78.5999984741211,78.95500183105469,20669400
2010-02-03,80.0,81.62000274658203,78.9000015258789,81.13749694824219,15455340
2010-02-04,80.9000015258789,81.24500274658203,79.2750015258789,80.8375015258789,17210480
2010-02-05,79.9000015258789,79.9000015258789,78.25,78.6675033569336,18693880
2010-02-08,79.25,79.44249725341797,77.44999694824219,78.37000274658203,15181200
2010-02-09,78.33999633789062,78.8949966430664,77.57499694824219,78.5824966430664,23947500
2010-02-10,78.75,80.87249755859375,78.19999694824219,79.67749786376953,27733360
2010-02-11,80.19999694824219,81.6500015258789,79.5,79.9000015258789,14539380
2010-02-15,79.8499984741211,80.98500061035156,79.125,80.69000244140625,9604980
2010-02-16,80.25,81.13500213623047,79.5,80.31999969482422,14349700
2010-02-17,80.9000015258789,83.04750061035156,80.74500274658203,82.79750061035156,24796680
2010-02-18,83.24500274658203,84.5,82.5374984741211,84.1875,20008840
2010-02-19,83.5,85.0,82.80500030517578,84.69499969482422,14691980
2010-02-22,85.05000305175781,85.98500061035156,84.5,84.83000183105469,13280340
2010-02-23,84.25250244140625,85.44249725341797,84.11750030517578,85.05000305175781,12945780
2010-02-24,84.5,85.5,84.375,85.0250015258789,11211380
2010-02-25,85.05000305175781,85.19999694824219,84.0999984741211,84.55249786376953,11673940
2010-02-26,84.5,86.73750305175781,84.0,85.23999786376953,18702060
2010-03-02,86.19999694824219,87.80000305175781,85.30000305175781,87.24749755859375,15429300
2010-03-03,87.12750244140625,89.05000305175781,87.12750244140625,88.8324966430664,22295920
2010-03-04,88.75,89.3499984741211,87.65499877929688,89.05750274658203,27028840
2010-03-05,89.27749633789062,89.75,88.55000305175781,89.19999694824219,20899300
2010-03-08,90.5,90.5,88.6449966430664,89.20999908447266,14745920
2010-03-09,88.75,90.75,88.75,90.55999755859375,24795380
2010-03-10,90.5999984741211,90.99500274658203,86.49500274658203,90.72250366210938,29921120
2010-03-11,90.80000305175781,91.75,90.15499877929688,91.34750366210938,15490460
2010-03-12,91.3499984741211,91.5199966430664,89.31749725341797,90.0625,14944880
2010-03-15,89.0,91.0,89.0,90.62750244140625,15025920
2010-03-16,90.25,90.49500274658203,88.19999694824219,90.2300033569336,20872500
2010-03-17,90.2300033569336,91.23999786376953,89.90499877929688,90.38500213623047,9589680
2010-03-18,90.62000274658203,90.62000274658203,89.5250015258789,90.04499816894531,7003940
2010-03-19,90.73999786376953,91.23999786376953,89.88249969482422,90.99250030517578,12679680
2010-03-22,90.0999984741211,92.75,89.9000015258789,91.8550033569336,30611220
2010-03-23,91.75,94.5,91.75,94.19999694824219,20308760
2010-03-25,94.0,96.5,93.51000213623047,96.30750274658203,46592800
2010-03-26,96.55000305175781,98.27999877929688,95.65499877929688,97.57250213623047,23105720
2010-03-29,81.44249725341797,99.5,81.44249725341797,98.25250244140625,26453420
2010-03-30,98.25,98.49500274658203,95.06999969482422,95.34249877929688,18739960
2010-03-31,95.0,97.1449966430664,94.86250305175781,96.67500305175781,13652160
2010-04-01,97.5,97.5,96.30500030517578,96.9625015258789,14818440
2010-04-05,97.94000244140625,97.9800033569336,96.22000122070312,97.42500305175781,14247680
2010-04-06,97.5,97.5,96.2699966430664,96.6449966430664,8842880
2010-04-07,97.0,97.39749908447266,96.30000305175781,96.5875015258789,10756100
2010-04-08,96.49500274658203,96.49500274658203,94.69000244140625,95.13999938964844,12477660
2010-04-09,94.5250015258789,97.8499984741211,94.5250015258789,97.46749877929688,12415300
2010-04-12,96.93499755859375,98.3949966430664,96.93499755859375,97.70999908447266,9141280
2010-04-13,97.5,98.1449966430664,96.55000305175781,97.58499908447266,12682600
2010-04-15,97.75,98.74500274658203,97.20999908447266,97.85250091552734,19094720
2010-04-16,97.25,98.72000122070312,96.30000305175781,98.2125015258789,10465120
2010-04-19,97.5,97.94000244140625,96.30000305175781,96.70500183105469,12241660
2010-04-20,96.44999694824219,97.84750366210938,96.44999694824219,97.22750091552734,10878640
2010-04-21,97.44999694824219,98.0,96.75,97.05000305175781,7889000
2010-04-22,96.94000244140625,98.5,95.40249633789062,96.7074966430664,13790220
2010-04-23,96.75,97.85250091552734,96.43250274658203,97.58999633789062,10634120
2010-04-26,97.88500213623047,99.84500122070312,97.88500213623047,99.4800033569336,15796560
2010-04-27,99.44999694824219,99.80000305175781,98.38999938964844,98.97750091552734,8968940
2010-04-28,97.9000015258789,99.3375015258789,97.9000015258789,98.40750122070312,11423540
2010-04-29,98.59500122070312,99.75,97.32250213623047,99.2874984741211,18792900
2010-04-30,99.90249633789062,100.5,99.1500015258789,100.02249908447266,14219220
2010-05-03,99.25,99.25,98.1050033569336,98.48999786376953,10014140
2010-05-04,99.23999786376953,99.23999786376953,96.61000061035156,96.8499984741211,9177920
2010-05-05,96.5999984741211,96.68499755859375,94.00499725341797,95.81749725341797,16028540
2010-05-06,95.25,95.80000305175781,93.8499984741211,94.7750015258789,10522460
2010-05-07,93.55000305175781,93.75,91.80000305175781,92.40249633789062,19571620
2010-05-10,93.1624984741211,96.9000015258789,91.5,96.70999908447266,12853080
2010-05-11,96.9000015258789,97.75,95.6624984741211,97.41500091552734,13929300
2010-05-12,97.44999694824219,99.05000305175781,97.44999694824219,98.74500274658203,13741640
2010-05-13,99.05999755859375,99.75,97.51000213623047,98.26750183105469,12744380
2010-05-14,98.19999694824219,98.6500015258789,97.11250305175781,97.5875015258789,9400300
2010-05-17,97.0999984741211,97.33999633789062,95.7249984741211,96.44249725341797,13207200
2010-05-18,95.9000015258789,96.25,94.51000213623047,94.79000091552734,12243120
2010-05-19,93.94999694824219,94.4000015258789,92.08000183105469,93.42749786376953,18180160
2010-05-20,93.69999694824219,93.81999969482422,91.81500244140625,92.54750061035156,6778000
2010-05-21,91.0,92.5,90.05500030517578,91.32749938964844,10997240
2010-05-24,91.76000213623047,93.375,90.55249786376953,91.22750091552734,9621820
2010-05-25,90.58999633789062,91.0,89.25,90.1875,11068700
2010-05-26,90.63999938964844,92.6624984741211,90.61499786376953,91.38749694824219,14002780
2010-05-27,90.75,95.3499984741211,90.55000305175781,94.83000183105469,22619720
2010-05-28,94.83000183105469,95.69999694824219,94.26249694824219,94.83999633789062,11758500
2010-05-31,94.80000305175781,94.93000030517578,93.25,94.42250061035156,8768220
2010-06-01,94.48500061035156,94.5,91.9000015258789,92.75499725341797,11365460
2010-06-02,92.4000015258789,93.13749694824219,91.4000015258789,92.65249633789062,18903340
2010-06-03,93.20500183105469,95.5,93.20500183105469,95.27999877929688,13593780
2010-06-04,95.30000305175781,95.48999786376953,94.00499725341797,94.28500366210938,10188700
2010-06-07,93.3499984741211,94.74250030517578,90.4175033569336,93.8324966430664,19238260
2010-06-08,94.0,94.8499984741211,92.6500015258789,93.13500213623047,11342280
2010-06-09,93.0,94.77999877929688,92.57749938964844,94.04499816894531,11584680
2010-06-10,94.04499816894531,96.09750366210938,93.1500015258789,95.80750274658203,17020940
2010-06-11,96.05500030517578,97.5,96.05500030517578,97.31500244140625,21630760
2010-06-14,97.31500244140625,98.75,97.31500244140625,98.65750122070312,14977960
2010-06-15,98.75,99.0,97.6500015258789,98.19499969482422,9121560
2010-06-16,98.75,99.5,98.40249633789062,98.80249786376953,18168580
2010-06-17,99.1500015258789,99.94999694824219,98.40249633789062,99.80500030517578,15977200
2010-06-18,99.5999984741211,99.89749908447266,98.9175033569336,99.58499908447266,9802800
2010-06-21,100.08000183105469,100.5,99.50499725341797,99.94249725341797,14203300
2010-06-22,99.75,100.0,99.12249755859375,99.35250091552734,8524880
2010-06-23,99.23500061035156,100.18499755859375,98.7750015258789,99.9375,8488080
2010-06-24,99.85250091552734,100.3499984741211,99.0,100.08000183105469,17653100
2010-06-25,99.00749969482422,99.5999984741211,97.0,97.38249969482422,14470320
2010-06-28,97.6050033569336,98.19999694824219,96.1624984741211,97.53500366210938,10658160
2010-06-29,97.00499725341797,97.44000244140625,94.80500030517578,95.22000122070312,15902320
2010-06-30,94.75,96.94499969482422,93.94999694824219,95.94999694824219,17535120
2010-07-01,95.5999984741211,96.48500061035156,94.75,95.37000274658203,11567260
2010-07-02,95.37000274658203,96.1675033569336,94.99749755859375,95.64250183105469,8225000
2010-07-05,95.05000305175781,96.44999694824219,94.9000015258789,95.76000213623047,5160540
2010-07-06,95.75,98.48750305175781,95.5,98.19999694824219,12496060
2010-07-07,98.44249725341797,98.44999694824219,96.55249786376953,96.86499786376953,7933440
2010-07-08,98.0,98.49250030517578,97.11250305175781,97.28500366210938,6725840
2010-07-09,97.75,100.59750366210938,97.50499725341797,100.13749694824219,31402360
2010-07-12,100.44999694824219,102.80000305175781,100.3499984741211,102.47250366210938,29738560
2010-07-13,102.5999984741211,104.0,101.87000274658203,103.62750244140625,12514620
2010-07-14,104.0,105.54499816894531,103.6624984741211,104.31500244140625,21116060
2010-07-15,104.5,104.5,102.75,103.12999725341797,6477460
2010-07-16,103.19999694824219,103.30000305175781,101.55999755859375,101.94750213623047,9427760
2010-07-19,102.0999984741211,103.19999694824219,101.0999984741211,102.39250183105469,17531160
2010-07-20,102.39250183105469,104.43499755859375,101.80000305175781,102.22000122070312,13369180
2010-07-21,102.50499725341797,103.23750305175781,101.25,101.65249633789062,9284700
2010-07-22,101.5,103.1500015258789,101.25,102.86250305175781,11149940
2010-07-23,103.44999694824219,103.44999694824219,101.29499816894531,101.93000030517578,13843620
2010-07-26,102.25,102.98999786376953,101.7074966430664,102.59500122070312,6072980
2010-07-27,102.66000366210938,103.9000015258789,102.25,103.33999633789062,13291820
2010-07-28,103.5999984741211,104.5,102.99749755859375,104.30500030517578,13142120
2010-07-29,104.54499816894531,105.75,104.1624984741211,105.02999877929688,22531480
2010-07-30,104.88500213623047,106.8499984741211,104.0,106.34500122070312,23399320
2010-08-02,106.5,107.24500274658203,106.06749725341797,106.81749725341797,16526680
2010-08-03,107.0,107.19999694824219,105.5875015258789,106.12249755859375,16220960
2010-08-04,105.75,106.44999694824219,104.55999755859375,105.73999786376953,14734700
2010-08-05,103.25,106.37000274658203,103.25,105.01249694824219,14710560
2010-08-06,104.6624984741211,105.5,104.07250213623047,104.53500366210938,10920880
2010-08-09,104.5,105.19499969482422,103.56749725341797,104.0999984741211,5236440
2010-08-10,104.27249908447266,105.11000061035156,103.48750305175781,104.75749969482422,14694540
2010-08-11,105.05000305175781,105.65249633789062,103.89749908447266,104.4749984741211,14670160
2010-08-12,103.84500122070312,104.13999938964844,102.4000015258789,103.65750122070312,9938860
2010-08-13,103.07749938964844,105.06999969482422,102.9124984741211,104.37750244140625,10499860
2010-08-16,103.91999816894531,106.34500122070312,103.5199966430664,104.19999694824219,7186680
2010-08-17,105.4000015258789,106.80000305175781,104.05500030517578,106.05249786376953,20131820
2010-08-18,106.5,109.94999694824219,106.5,109.59750366210938,38844340
2010-08-19,109.25,111.9749984741211,109.25,111.50749969482422,20763920
2010-08-20,110.57749938964844,111.98999786376953,110.26000213623047,111.56500244140625,8398140
2010-08-23,110.64250183105469,111.4000015258789,109.1500015258789,109.83000183105469,8194860
2010-08-24,109.83000183105469,111.0,108.00499725341797,110.43250274658203,10680280
2010-08-25,110.05000305175781,110.75,108.92749786376953,109.61250305175781,10591220
2010-08-26,108.93000030517578,110.69249725341797,108.32499694824219,108.9175033569336,20388100
2010-08-27,109.0,109.49749755859375,106.28250122070312,106.9574966430664,11550480
2010-08-30,108.0,108.88500213623047,105.83000183105469,106.58499908447266,6876460
2010-08-31,106.25,107.0,105.61499786376953,106.7125015258789,9390160
2010-09-01,106.77749633789062,107.75,106.0,107.4625015258789,9616200
2010-09-02,107.98999786376953,109.74749755859375,107.98999786376953,109.37249755859375,11590660
2010-09-03,109.69999694824219,110.0,108.4124984741211,109.69750213623047,8118160
2010-09-06,109.9000015258789,110.98500061035156,109.25749969482422,110.21499633789062,9546440
2010-09-07,110.80000305175781,110.80000305175781,109.12750244140625,109.95500183105469,8407840
2010-09-08,109.4000015258789,109.99500274658203,108.56500244140625,108.9800033569336,9969600
2010-09-09,109.75,112.5,109.15499877929688,112.24250030517578,26029580
2010-09-13,112.50499725341797,114.75,112.4000015258789,114.12249755859375,14595580
2010-09-14,114.30000305175781,117.5,114.30000305175781,116.70999908447266,32697460
2010-09-15,116.94999694824219,119.19999694824219,116.80249786376953,118.77249908447266,25503160
2010-09-16,118.78500366210938,120.75,117.76750183105469,119.76499938964844,25534780
2010-09-17,119.76499938964844,121.30000305175781,119.3499984741211,120.02999877929688,21503140
2010-09-20,120.16000366210938,123.49749755859375,119.81500244140625,122.30999755859375,15095460
2010-09-21,122.75499725341797,124.7300033569336,122.75499725341797,123.5374984741211,32710780
2010-09-22,123.5,124.5,122.51499938964844,124.0824966430664,25049020
2010-09-23,123.57749938964844,124.09249877929688,122.65750122070312,123.19249725341797,12380340
2010-09-24,120.40750122070312,125.0999984741211,120.40750122070312,124.76249694824219,27910620
2010-09-27,125.0,125.54000091552734,121.68499755859375,121.92250061035156,16677440
2010-09-28,121.9000015258789,123.08499908447266,121.06999969482422,122.5199966430664,18864220
2010-09-29,123.69999694824219,123.69999694824219,121.30999755859375,122.14250183105469,15595720
2010-09-30,121.5,124.94999694824219,121.33499908447266,124.46749877929688,36959780
2010-10-01,124.5999984741211,125.19999694824219,123.11750030517578,125.0374984741211,17730260
2010-10-04,125.0374984741211,126.12999725341797,124.16000366210938,124.69999694824219,13980460
2010-10-05,124.06999969482422,125.48500061035156,121.87249755859375,122.38999938964844,17196660
2010-10-06,122.75,124.0,122.5,122.8375015258789,8219880
2010-10-07,122.8499984741211,123.5,121.32749938964844,121.67749786376953,9012840
2010-10-08,121.75749969482422,122.4000015258789,119.5,120.2874984741211,14906860
2010-10-11,122.04000091552734,122.04000091552734,118.3324966430664,119.42500305175781,19820040
2010-10-12,119.90249633789062,120.0,116.97750091552734,119.01499938964844,15619800
2010-10-13,119.25,122.5,118.3499984741211,122.0625,20573400
2010-10-14,122.25,122.80000305175781,120.50250244140625,121.21749877929688,7707260
2010-10-15,121.22000122070312,122.13749694824219,118.99749755859375,119.3125,11726540
2010-10-18,126.99500274658203,126.99500274658203,117.6500015258789,119.92250061035156,16550200
2010-10-19,121.1500015258789,121.1500015258789,117.92749786376953,118.44249725341797,16649040
2010-10-20,118.44999694824219,118.5999984741211,116.40499877929688,116.77749633789062,9860460
2010-10-21,116.50250244140625,118.73999786376953,115.8324966430664,118.25499725341797,14595060
2010-10-22,119.0,119.0,115.92500305175781,116.3324966430664,12950380
2010-10-25,116.80000305175781,118.375,114.94999694824219,115.23500061035156,17259580
2010-10-26,115.4000015258789,116.30000305175781,114.55000305175781,115.06999969482422,10139440
2010-10-27,115.30000305175781,115.30000305175781,112.0199966430664,112.71499633789062,16440660
2010-10-28,112.82499694824219,115.7925033569336,112.05000305175781,113.33499908447266,42138460
2010-10-29,114.0,114.9000015258789,111.8499984741211,113.99500274658203,16264860
2010-11-01,114.9000015258789,118.30000305175781,114.25250244140625,117.45999908447266,20269600
2010-11-02,118.25,119.3499984741211,117.1500015258789,117.51750183105469,11122040
2010-11-03,118.05000305175781,118.59500122070312,117.55249786376953,118.11250305175781,7081520
2010-11-04,119.5,120.25,118.37750244140625,119.45999908447266,9716320
2010-11-08,119.66999816894531,120.0,116.27249908447266,116.7699966430664,8510920
2010-11-09,117.0,120.33999633789062,116.51750183105469,119.92500305175781,13716100
2010-11-10,120.0,120.98999786376953,119.1675033569336,119.7925033569336,8934340
2010-11-11,119.25499725341797,120.47000122070312,116.8125,117.66500091552734,6728740
2010-11-12,117.25,118.94999694824219,115.25,115.74500274658203,12403100
2010-11-15,115.75,119.5999984741211,115.69999694824219,119.2925033569336,22815960
2010-11-16,119.98500061035156,119.98500061035156,116.25,118.62999725341797,18299340
2010-11-18,120.94999694824219,120.94999694824219,115.9375,117.01750183105469,16631980
2010-11-19,117.25,118.19999694824219,114.5999984741211,115.18000030517578,11752680
2010-11-22,116.05000305175781,119.54750061035156,115.30000305175781,118.99500274658203,11021900
2010-11-23,118.25,119.0,115.37249755859375,118.58999633789062,11416240
2010-11-24,117.69999694824219,118.69499969482422,114.49749755859375,115.56999969482422,8257500
2010-11-25,116.25,117.93499755859375,114.61250305175781,116.15249633789062,22687740
2010-11-26,116.30000305175781,117.0,113.80000305175781,114.8949966430664,15139380
2010-11-29,115.0,115.8949966430664,114.25,114.8949966430664,11818860
2010-11-30,114.8499984741211,116.70249938964844,112.92500305175781,114.2699966430664,17253560
2010-12-01,114.42749786376953,118.75,114.0,118.35250091552734,16081440
2010-12-02,118.9000015258789,120.0,117.65499877929688,119.5875015258789,14738560
2010-12-03,119.75,120.0,118.5999984741211,119.78250122070312,7923580
2010-12-06,121.0,121.25,118.76249694824219,119.1624984741211,9363120
2010-12-07,119.0,119.5,116.42500305175781,117.5824966430664,17194700
2010-12-08,117.0,117.0,113.26000213623047,114.02249908447266,23488440
2010-12-09,113.65750122070312,114.22000122070312,110.96499633789062,111.5999984741211,36567840
2010-12-10,110.0,111.61250305175781,108.51499938964844,111.11750030517578,41242460
2010-12-13,112.1500015258789,112.25,109.06999969482422,111.94999694824219,15823360
2010-12-14,112.3499984741211,113.79499816894531,110.5999984741211,111.9124984741211,11844160
2010-12-15,111.5,111.5,107.5,108.1449966430664,22420420
2010-12-16,108.1500015258789,110.9800033569336,107.5,110.04000091552734,19518360
2010-12-20,109.98999786376953,109.98999786376953,107.57250213623047,108.625,10322440
2010-12-21,108.6500015258789,110.95249938964844,108.59500122070312,110.70500183105469,12351160
2010-12-22,111.6500015258789,112.0,108.50250244140625,108.94000244140625,15006480
2010-12-23,109.0,110.19999694824219,108.69750213623047,109.54750061035156,6526540
2010-12-24,109.44999694824219,111.23750305175781,108.75,110.91999816894531,7033420
2010-12-27,110.94999694824219,111.5,109.8550033569336,110.68499755859375,7541260
2010-12-28,111.19499969482422,113.43499755859375,110.75749969482422,112.80750274658203,9350060
2010-12-29,112.80000305175781,116.83999633789062,112.67749786376953,116.38999938964844,16142080
2010-12-30,116.80999755859375,117.16999816894531,114.40249633789062,115.2750015258789,14504700
2010-12-31,115.25,118.25,114.60250091552734,117.31749725341797,16497820
2011-01-03,118.5,119.98249816894531,117.5199966430664,119.5250015258789,10796780
2011-01-04,119.32499694824219,119.4000015258789,116.6500015258789,117.27749633789062,16568260
2011-01-05,117.48500061035156,117.48500061035156,114.875,115.41000366210938,15651840
2011-01-06,115.80000305175781,117.13249969482422,115.44999694824219,116.38749694824219,10870180
2011-01-07,116.30999755859375,116.30999755859375,113.05000305175781,113.47250366210938,15896020
2011-01-10,112.80249786376953,113.5,106.9000015258789,107.61250305175781,40141720
2011-01-11,108.5,110.93499755859375,106.25,107.33000183105469,24315180
2011-01-12,108.44999694824219,110.69999694824219,105.33000183105469,110.26499938964844,19810660
2011-01-13,110.44999694824219,110.87000274658203,106.31999969482422,107.1500015258789,18972020
2011-01-14,107.5,110.4000015258789,101.5,102.47750091552734,25582820
2011-01-17,103.0,104.6500015258789,102.52749633789062,103.40499877929688,24561640
2011-01-18,104.33999633789062,105.80000305175781,102.3324966430664,105.46749877929688,16840320
2011-01-19,105.5824966430664,105.70249938964844,103.1500015258789,103.77249908447266,17984100
2011-01-20,103.4625015258789,106.72000122070312,102.29499816894531,105.87750244140625,19277080
2011-01-21,105.19999694824219,106.23500061035156,103.80500030517578,104.7074966430664,16595220
2011-01-24,104.75,107.69999694824219,103.6500015258789,107.43000030517578,25548320
2011-01-25,107.55999755859375,108.74250030517578,103.50499725341797,104.21499633789062,28221080
2011-01-27,105.0,105.0,102.05000305175781,102.54499816894531,37891160
2011-01-28,102.75,104.46749877929688,102.10250091552734,102.7125015258789,35596840
2011-01-31,102.13500213623047,103.17250061035156,99.80999755859375,102.36499786376953,22236060
2011-02-01,103.84500122070312,103.84500122070312,100.75499725341797,101.9800033569336,17102460
2011-02-02,102.57499694824219,103.17500305175781,100.30999755859375,100.99500274658203,19524340
2011-02-03,101.0,103.5875015258789,100.5,103.04750061035156,11592060
2011-02-04,102.55000305175781,104.25,100.25,100.88749694824219,18506400
2011-02-07,102.25,103.0,101.01000213623047,101.94249725341797,17118920
2011-02-08,102.99500274658203,102.99749755859375,99.25499725341797,100.14250183105469,14391980
2011-02-09,99.9000015258789,101.75,99.06999969482422,101.11499786376953,14715160
2011-02-10,100.80000305175781,102.44999694824219,100.0,100.7925033569336,23071180
2011-02-11,99.75,103.0,99.75,102.96499633789062,20206840
2011-02-14,102.50749969482422,105.51000213623047,102.50749969482422,105.27249908447266,11844720
2011-02-15,105.5,106.4000015258789,103.76499938964844,105.3499984741211,15199460
2011-02-16,105.69999694824219,106.0999984741211,104.25250244140625,104.74250030517578,9101580
2011-02-17,105.0,109.69999694824219,104.75,109.27999877929688,23609840
2011-02-18,109.19999694824219,112.15499877929688,108.26249694824219,108.80500030517578,39535740
2011-02-21,108.25,110.4000015258789,106.625,110.08499908447266,11201020
2011-02-22,109.5,109.58499908447266,106.2699966430664,106.92250061035156,11592860
2011-02-23,106.26000213623047,107.6500015258789,105.01000213623047,105.70500183105469,12228440
2011-02-24,104.3499984741211,105.92749786376953,102.2874984741211,102.95500183105469,20055540
2011-02-25,104.3499984741211,104.3499984741211,100.9000015258789,102.10749816894531,12619920
2011-02-28,103.19999694824219,106.04750061035156,101.75,102.61250305175781,21962720
2011-03-01,103.73999786376953,107.5,102.94999694824219,106.94999694824219,20501160
2011-03-03,106.74500274658203,111.11499786376953,106.50250244140625,109.65750122070312,25337640
2011-03-04,110.5,111.6449966430664,110.32499694824219,110.9124984741211,19709880
2011-03-07,110.19999694824219,110.19999694824219,107.54499816894531,108.65750122070312,12855680
2011-03-08,107.9000015258789,110.92500305175781,107.82499694824219,110.32499694824219,17971140
2011-03-09,110.5,111.93499755859375,109.75,110.30249786376953,18083980
2011-03-10,109.5999984741211,110.75,109.11750030517578,110.41999816894531,14940620
2011-03-11,109.10250091552734,110.8499984741211,108.75,109.31749725341797,13107900
2011-03-14,108.5999984741211,110.94999694824219,108.5999984741211,110.73750305175781,13082880
2011-03-15,108.5,110.38500213623047,106.5,109.23249816894531,27602000
2011-03-16,109.80000305175781,110.25,108.93000030517578,109.1875,11610680
2011-03-17,108.51000213623047,111.6500015258789,108.30750274658203,109.07499694824219,33521240
2011-03-18,109.0,109.80999755859375,107.1050033569336,107.46499633789062,9644240
2011-03-21,108.51000213623047,108.93499755859375,107.32250213623047,107.72250366210938,12318700
2011-03-22,107.95500183105469,108.6500015258789,107.10250091552734,107.58000183105469,9430540
2011-03-23,107.5,109.09500122070312,107.25250244140625,108.20999908447266,9314700
2011-03-24,108.94999694824219,109.94499969482422,108.42500305175781,109.63999938964844,8827620
2011-03-25,110.3499984741211,113.75,110.0,113.25250244140625,17802960
2011-03-28,113.25,115.5999984741211,113.25,114.8375015258789,21860620
2011-03-29,115.5,116.19000244140625,114.23249816894531,115.25749969482422,21636600
2011-03-30,115.75,118.19999694824219,115.30000305175781,117.07499694824219,22194840
2011-03-31,117.5,119.79499816894531,115.25499725341797,117.2925033569336,37863820
2011-04-01,117.6500015258789,118.25,116.1500015258789,116.6875,8738580
2011-04-04,117.0,120.25,117.0,120.04000091552734,12644540
2011-04-05,120.0,120.49749755859375,118.40750122070312,119.7874984741211,16825320
2011-04-06,119.55000305175781,119.75,117.55000305175781,118.79750061035156,12939720
2011-04-07,118.75,118.9000015258789,116.9800033569336,117.73750305175781,13116320
2011-04-08,117.69999694824219,119.25,117.25499725341797,117.62000274658203,15440340
2011-04-11,116.26000213623047,116.87750244140625,114.43000030517578,114.80249786376953,22416360
2011-04-13,113.97250366210938,119.18250274658203,113.75,118.44750213623047,18067780
2011-04-15,118.75,119.5999984741211,117.19999694824219,118.15499877929688,17181860
2011-04-18,118.94000244140625,119.99250030517578,115.21749877929688,115.58999633789062,20706540
2011-04-19,117.0,117.94000244140625,116.22250366210938,117.375,14924860
2011-04-20,118.02749633789062,119.44999694824219,117.4000015258789,118.59750366210938,13096140
2011-04-21,119.0999984741211,120.84500122070312,119.0999984741211,120.53250122070312,32410700
2011-04-25,121.1500015258789,122.05249786376953,119.30000305175781,119.55000305175781,12645740
2011-04-26,119.32749938964844,119.89250183105469,117.0250015258789,117.99250030517578,12643700
2011-04-27,118.80000305175781,118.94999694824219,116.31500244140625,117.6624984741211,14295300
2011-04-28,118.15750122070312,118.44999694824219,116.5,116.88749694824219,26769640
2011-04-29,116.25,116.98500061035156,114.05000305175781,114.77749633789062,18625880
2011-05-02,115.30000305175781,115.78500366210938,113.0999984741211,114.50749969482422,14156740
2011-05-03,114.42749786376953,114.78250122070312,111.11000061035156,111.78250122070312,21480560
2011-05-04,112.19999694824219,114.25749969482422,110.38999938964844,113.07250213623047,26421220
2011-05-05,112.7925033569336,113.73999786376953,110.5,111.02249908447266,18698980
2011-05-06,111.25,116.0,111.25,114.86250305175781,21551460
2011-05-09,115.0999984741211,115.75,112.41999816894531,113.94249725341797,7797180
2011-05-10,113.9000015258789,113.9000015258789,111.25499725341797,112.31999969482422,13046440
2011-05-11,113.0,113.44499969482422,111.05000305175781,113.05249786376953,9821700
2011-05-12,112.5,113.24500274658203,111.75,112.01000213623047,9478860
2011-05-13,111.5999984741211,114.5,111.2925033569336,112.55249786376953,11646140
2011-05-16,112.25,113.30500030517578,111.81500244140625,112.65249633789062,12541240
2011-05-17,112.5999984741211,113.69750213623047,112.05000305175781,112.62249755859375,12223880
2011-05-18,112.90499877929688,113.88500213623047,112.1500015258789,113.36750030517578,13870960
2011-05-19,113.5250015258789,114.19999694824219,112.88500213623047,113.69000244140625,15022540
2011-05-20,113.5,116.0,112.7699966430664,115.78500366210938,23827740
2011-05-23,114.75,114.94000244140625,112.29750061035156,113.23500061035156,20092800
2011-05-24,112.69999694824219,114.625,112.41000366210938,112.76499938964844,9004880
2011-05-25,112.5,113.3499984741211,112.26750183105469,112.73750305175781,8314880
2011-05-26,112.75,113.8499984741211,112.0,113.20999908447266,19899900
2011-05-27,113.24500274658203,115.5999984741211,113.12750244140625,115.18250274658203,11662040
2011-05-30,115.19999694824219,116.37999725341797,114.86750030517578,115.37999725341797,7849500
2011-05-31,116.24500274658203,120.43499755859375,115.75,119.97750091552734,35393460
2011-06-01,119.5,120.3499984741211,118.73750305175781,119.91000366210938,13143340
2011-06-02,117.75250244140625,118.33499908447266,117.25,118.01499938964844,13445520
2011-06-03,117.99749755859375,118.5425033569336,117.42500305175781,117.8375015258789,11977060
2011-06-06,117.26499938964844,119.5,117.26499938964844,119.0625,11685600
2011-06-07,118.25499725341797,119.53500366210938,118.19000244140625,118.82499694824219,8126940
2011-06-08,117.80999755859375,118.5999984741211,117.41000366210938,117.76249694824219,10278780
2011-06-09,117.73750305175781,118.7300033569336,117.07499694824219,118.13999938964844,6459880
2011-06-10,118.4000015258789,118.7249984741211,116.51000213623047,118.12249755859375,8743820
2011-06-13,117.65750122070312,119.0,117.2074966430664,118.62999725341797,7835560
2011-06-14,118.9000015258789,119.9000015258789,118.2750015258789,119.125,12433200
2011-06-15,119.0,119.79000091552734,118.3499984741211,118.63999938964844,14077880
2011-06-16,118.19999694824219,118.5999984741211,116.90249633789062,117.1500015258789,8425300
2011-06-17,117.5250015258789,118.30500030517578,116.68250274658203,117.46499633789062,14213480
2011-06-20,117.10749816894531,118.07250213623047,113.59750366210938,114.94999694824219,15625700
2011-06-21,115.0999984741211,117.19999694824219,115.0999984741211,116.27749633789062,10157720
2011-06-22,116.62249755859375,117.38999938964844,115.62000274658203,116.13500213623047,6183160
2011-06-23,115.94999694824219,116.97250366210938,115.5,116.6875,8267580
2011-06-24,117.44999694824219,119.49749755859375,117.07749938964844,119.15750122070312,16575460
2011-06-27,119.1500015258789,121.59249877929688,118.63249969482422,120.80750274658203,20512380
2011-06-28,121.47000122070312,121.5,120.22750091552734,121.15249633789062,12193620
2011-06-29,121.75,124.94999694824219,121.75,124.45500183105469,20504880
2011-06-30,124.94999694824219,126.24749755859375,123.80750274658203,125.77749633789062,26841200
2011-07-01,127.0,127.37999725341797,123.9000015258789,125.0625,13304840
2011-07-04,126.75,127.0999984741211,125.62000274658203,126.61000061035156,14323360
2011-07-05,126.0999984741211,127.5999984741211,125.7249984741211,127.05750274658203,10637280
2011-07-06,126.75,128.0,125.75,127.26499938964844,11785740
2011-07-07,127.30500030517578,128.74749755859375,126.7074966430664,128.2899932861328,14778040
2011-07-08,128.3000030517578,129.1649932861328,127.68499755859375,127.9574966430664,15089360
2011-07-11,127.94999694824219,128.2050018310547,125.75499725341797,126.21749877929688,7945000
2011-07-12,125.5,125.5,123.01000213623047,123.98750305175781,14721800
2011-07-13,124.5,126.44750213623047,123.90249633789062,125.98500061035156,7441820
2011-07-14,126.2750015258789,128.3249969482422,124.69999694824219,126.48750305175781,9354344
2011-07-15,126.61250305175781,127.61250305175781,125.75,127.23750305175781,5490152
2011-07-18,127.98750305175781,129.72500610351562,127.0,128.7624969482422,6209896
2011-07-19,129.375,129.75,127.0875015258789,127.7125015258789,17052664
2011-07-20,129.10000610351562,129.10000610351562,125.5,125.7750015258789,7408644
2011-07-21,126.19999694824219,126.2249984741211,123.625,124.07499694824219,12881024
2011-07-22,125.0,126.76249694824219,124.7125015258789,125.38749694824219,12634120
2011-07-25,125.38749694824219,126.625,124.2874984741211,126.30000305175781,13370428
2011-07-26,126.3375015258789,127.55000305175781,123.8125,124.5374984741211,10581528
2011-07-27,124.8375015258789,125.98750305175781,123.0,125.51249694824219,11062712
2011-07-28,124.875,124.875,121.1500015258789,121.82499694824219,21417956
2011-07-29,122.4749984741211,122.4749984741211,120.2750015258789,121.69999694824219,11990668
2011-08-01,123.36250305175781,123.98750305175781,121.125,122.0,8809416
2011-08-02,121.9749984741211,121.9749984741211,120.0,120.7125015258789,7929976
2011-08-03,119.67500305175781,122.3499984741211,119.0,120.51249694824219,8330268
2011-08-04,121.0250015258789,122.2249984741211,118.75,119.11250305175781,7318424
2011-08-05,116.25,118.94999694824219,114.2750015258789,118.26249694824219,12624376
2011-08-08,115.75,120.0,114.51249694824219,115.5250015258789,17233492
2011-08-09,112.5,118.38749694824219,112.4625015258789,116.11250305175781,17963696
2011-08-10,123.69999694824219,123.69999694824219,118.3499984741211,119.9749984741211,13068904
2011-08-11,119.67500305175781,121.17500305175781,118.75,119.98750305175781,8409216
2011-08-12,121.2750015258789,121.5,116.0250015258789,117.01249694824219,11413552
2011-08-16,119.5999984741211,119.5999984741211,113.6624984741211,114.11250305175781,12222592
2011-08-17,114.01249694824219,118.11250305175781,113.9749984741211,116.875,12536804
2011-08-18,117.07499694824219,118.7125015258789,114.63749694824219,115.5999984741211,22888452
2011-08-19,113.75,115.875,112.5,115.2125015258789,17921036
2011-08-22,115.01249694824219,115.98750305175781,112.67500305175781,113.26249694824219,11908996
2011-08-23,114.3499984741211,115.625,111.32499694824219,114.8499984741211,16145092
2011-08-24,114.5,115.5999984741211,113.125,114.0,12742456
2011-08-25,114.8499984741211,114.8499984741211,110.17500305175781,110.9124984741211,23200840
2011-08-26,111.0,112.63749694824219,109.0374984741211,109.73750305175781,8523824
2011-08-29,111.125,114.48750305175781,110.7874984741211,114.11250305175781,11600396
2011-08-30,115.48750305175781,118.75,114.69999694824219,117.98750305175781,15589296
2011-09-02,121.0,121.0,117.0,118.19999694824219,15190948
2011-09-05,117.44999694824219,118.5,115.6624984741211,117.5625,11800716
2011-09-06,117.1500015258789,119.0999984741211,115.0,118.19999694824219,17860792
2011-09-07,119.0,122.48750305175781,118.2125015258789,122.0250015258789,14746572
2011-09-08,122.42500305175781,122.42500305175781,119.7874984741211,120.92500305175781,8164048
2011-09-09,120.9749984741211,121.42500305175781,117.67500305175781,118.3125,10331416
2011-09-12,116.75,117.80000305175781,115.625,117.3375015258789,6985520
2011-09-13,117.75,118.94999694824219,116.0,116.92500305175781,7175952
2011-09-14,116.8499984741211,120.7750015258789,115.26249694824219,119.7249984741211,7749008
2011-09-15,121.4749984741211,122.01249694824219,117.9000015258789,121.1624984741211,8736760
2011-09-16,121.5625,122.5,119.07499694824219,120.92500305175781,10947008
2011-09-19,120.4749984741211,121.75,119.2750015258789,121.1875,8389220
2011-09-20,121.25,123.3125,120.75,122.8375015258789,11835268
2011-09-21,123.1875,124.4124984741211,122.0999984741211,123.625,12891396
2011-09-22,121.9749984741211,122.25,116.375,118.07499694824219,10191088
2011-09-23,117.13749694824219,117.5,113.125,114.0999984741211,32911224
2011-09-26,114.0,114.4124984741211,109.86250305175781,112.5250015258789,27785068
2011-09-27,114.5,115.4749984741211,113.5250015258789,114.36250305175781,16022836
2011-09-28,115.5999984741211,116.3375015258789,112.9375,114.5,15223752
2011-09-29,114.38749694824219,118.69999694824219,113.1624984741211,117.6500015258789,32532984
2011-09-30,116.4625015258789,118.69999694824219,116.0999984741211,116.9124984741211,19028800
2011-10-03,115.0374984741211,116.2249984741211,112.6875,114.01249694824219,18136236
2011-10-04,113.125,114.0,110.125,112.2249984741211,14963192
2011-10-05,112.23750305175781,114.0625,109.13749694824219,109.67500305175781,16534992
2011-10-07,113.17500305175781,115.0,111.55000305175781,112.5,18887004
2011-10-10,113.0,114.5,112.51249694824219,113.67500305175781,24125984
2011-10-11,115.17500305175781,116.2249984741211,113.7874984741211,114.375,9987516
2011-10-12,115.48750305175781,117.4749984741211,113.36250305175781,116.7874984741211,17935560
2011-10-13,118.75,119.05000305175781,116.9000015258789,117.6624984741211,11733404
2011-10-14,117.25,119.0999984741211,116.3375015258789,118.4749984741211,6670040
2011-10-17,119.1500015258789,120.125,118.0875015258789,119.51249694824219,7087264
2011-10-18,118.4749984741211,120.3499984741211,118.0,119.5374984741211,8109020
2011-10-19,120.73750305175781,123.6500015258789,119.82499694824219,122.9625015258789,17378084
2011-10-20,122.0,123.0999984741211,120.1500015258789,122.38749694824219,11353704
2011-10-21,122.51249694824219,122.94999694824219,120.82499694824219,121.75,9161464
2011-10-24,123.1875,124.25,120.73750305175781,121.0875015258789,9743092
2011-10-25,121.9625015258789,122.6875,112.13749694824219,117.0,82630020
2011-10-28,121.5,123.625,119.9375,120.6624984741211,18038448
2011-10-31,120.75,122.9375,119.2874984741211,122.5,12851416
2011-11-01,121.2750015258789,123.25,120.0,120.57499694824219,13299516
2011-11-02,119.67500305175781,122.0,119.375,120.7750015258789,10111820
2011-11-03,120.25,121.2125015258789,118.0250015258789,120.4625015258789,10505636
2011-11-04,121.67500305175781,121.9749984741211,120.07499694824219,120.75,6803220
2011-11-08,120.75,121.8375015258789,119.625,121.0625,8392808
2011-11-09,121.25,121.42500305175781,118.82499694824219,119.3125,8604988
2011-11-11,118.9124984741211,119.5999984741211,115.6500015258789,116.01249694824219,9210036
2011-11-14,117.4749984741211,119.9625015258789,117.23750305175781,117.8499984741211,12228564
2011-11-15,117.67500305175781,119.44999694824219,117.4749984741211,118.0625,11644292
2011-11-16,117.5,118.0,115.07499694824219,116.42500305175781,7117600
2011-11-17,115.7874984741211,117.5,114.1500015258789,114.8375015258789,10777368
2011-11-18,113.80000305175781,115.4000015258789,112.5250015258789,114.57499694824219,11720744
2011-11-21,114.0,114.0,110.0,111.1624984741211,10194036
2011-11-22,111.75,112.375,110.0,111.01249694824219,15218304
2011-11-23,110.4375,110.4375,103.55000305175781,106.5250015258789,25565636
2011-11-24,107.19999694824219,108.75,102.82499694824219,107.4124984741211,28885188
2011-11-25,106.9375,108.7249984741211,104.76249694824219,107.7249984741211,18906468
2011-11-28,109.0,111.23750305175781,108.5250015258789,110.2125015258789,10891716
2011-11-29,111.0,111.38749694824219,108.05000305175781,108.80000305175781,14831024
2011-11-30,107.30000305175781,112.4124984741211,107.30000305175781,110.625,28214548
2011-12-01,114.73750305175781,116.75,112.36250305175781,113.375,13929784
2011-12-02,113.7874984741211,116.9749984741211,113.2874984741211,116.5,11237028
2011-12-05,115.92500305175781,116.86250305175781,114.5,115.5875015258789,8753228
2011-12-07,117.5,117.7249984741211,115.5250015258789,116.7750015258789,11172944
2011-12-08,116.75,116.92500305175781,112.7750015258789,113.4375,12557000
2011-12-09,111.75,112.80000305175781,110.125,110.9375,13606912
2011-12-12,112.0250015258789,112.73750305175781,106.57499694824219,108.01249694824219,12071156
2011-12-13,107.0,111.3499984741211,106.5,109.5999984741211,14925880
2011-12-14,109.75,110.9375,107.5625,108.5875015258789,24306724
2011-12-15,107.25,109.0,106.75,107.8375015258789,26960140
2011-12-16,108.5250015258789,110.125,102.5,103.82499694824219,29424820
2011-12-19,103.01249694824219,103.25,100.0625,101.5,32341524
2011-12-20,101.5,105.4000015258789,101.0,103.55000305175781,19983568
2011-12-21,106.5,109.8499984741211,104.44999694824219,108.86250305175781,14986880
2011-12-22,107.875,111.19999694824219,107.19999694824219,110.7125015258789,13576068
2011-12-23,111.05000305175781,111.625,109.0,109.38749694824219,6855300
2011-12-26,109.75,111.3499984741211,109.26249694824219,110.92500305175781,4564760
2011-12-27,110.07499694824219,110.9000015258789,108.92500305175781,109.92500305175781,6294236
2011-12-28,110.625,110.75,108.26249694824219,109.94999694824219,7668340
2011-12-29,108.9124984741211,110.5,106.5,107.4000015258789,10930628
2011-12-30,108.44999694824219,108.5,105.5250015258789,106.7125015258789,7676416
2012-01-02,107.2249984741211,107.44999694824219,104.875,106.7125015258789,7029996
2012-01-03,107.8499984741211,110.2249984741211,107.5,109.7874984741211,6878476
2012-01-04,110.4749984741211,111.23750305175781,107.7125015258789,110.82499694824219,9742956
2012-01-05,111.0,111.67500305175781,110.07499694824219,110.9124984741211,6761212
2012-01-06,110.25,114.2874984741211,109.73750305175781,113.32499694824219,7954444
2012-01-09,112.9749984741211,114.2750015258789,111.5,113.92500305175781,8463936
2012-01-10,115.0,115.57499694824219,114.0,114.92500305175781,8982772
2012-01-11,115.125,116.0,113.75,115.6624984741211,7719112
2012-01-12,115.42500305175781,117.2750015258789,115.30000305175781,116.6624984741211,7975444
2012-01-13,117.5,118.26249694824219,115.26249694824219,117.4000015258789,7381684
2012-01-16,116.69999694824219,116.9625015258789,114.5625,115.125,6383420
2012-01-17,115.9749984741211,117.25,115.75,117.0999984741211,7322016
2012-01-18,118.2249984741211,121.3499984741211,117.4000015258789,120.4749984741211,20137244
2012-01-19,121.5,122.5625,120.07499694824219,121.69999694824219,16842176
2012-01-20,122.5,123.36250305175781,120.11250305175781,122.63749694824219,14390260
2012-01-23,121.5,121.9375,120.2249984741211,121.0,7533728
2012-01-24,121.3125,123.2750015258789,120.13749694824219,122.19999694824219,15063952
2012-01-25,122.5625,123.25,121.4375,122.55000305175781,14819100
2012-01-27,125.9749984741211,126.0,119.9124984741211,121.05000305175781,14877636
2012-01-30,120.73750305175781,120.75,118.25,119.76249694824219,9975016
2012-01-31,120.875,123.75,119.9625015258789,123.0250015258789,10653848
2012-02-01,123.625,124.92500305175781,120.3375015258789,124.2874984741211,12020596
2012-02-02,124.75,125.0,122.82499694824219,124.4749984741211,22841708
2012-02-03,124.375,127.0,123.8125,126.5625,14915004
2012-02-06,127.5,129.0,125.0,126.92500305175781,17438624
2012-02-07,128.5,128.85000610351562,127.0,127.32499694824219,12075708
2012-02-08,127.67500305175781,129.4499969482422,125.6875,127.11250305175781,13861148
2012-02-09,126.42500305175781,131.4875030517578,126.4124984741211,130.6374969482422,17361024
2012-02-10,130.6999969482422,131.41250610351562,128.5,129.375,11515172
2012-02-13,129.66250610351562,131.25,128.97500610351562,130.4875030517578,14614324
2012-02-14,130.625,130.9499969482422,128.7624969482422,129.47500610351562,13114828
2012-02-15,130.125,133.72500610351562,129.3125,133.2624969482422,19379584
2012-02-16,132.75,134.46249389648438,130.8125,131.6125030517578,8124264
2012-02-17,132.8125,133.25,130.02499389648438,132.0749969482422,14219648
2012-02-21,131.5,133.375,130.125,133.0124969482422,14831136
2012-02-22,132.5,134.72500610351562,131.66250610351562,132.8625030517578,13923108
2012-02-23,131.8000030517578,133.9875030517578,131.8000030517578,133.28750610351562,17095748
2012-02-24,131.8000030517578,133.85000610351562,128.83749389648438,131.16250610351562,16380168
2012-02-27,131.72500610351562,132.8625030517578,128.03750610351562,128.89999389648438,15321292
2012-02-28,129.8125,133.35000610351562,128.3000030517578,132.625,14801148
2012-02-29,133.47500610351562,134.97500610351562,128.33749389648438,129.27499389648438,19988636
2012-03-01,129.25,130.5749969482422,126.32499694824219,128.5,12198492
2012-03-02,128.5,131.25,126.9375,129.6875,8116696
2012-03-05,130.0,130.2375030517578,126.38749694824219,127.73750305175781,10051372
2012-03-06,127.44999694824219,130.25,125.8125,126.8499984741211,11597188
2012-03-07,126.7125015258789,129.5,124.38749694824219,128.91250610351562,7577636
2012-03-09,130.5,131.75,129.91250610351562,130.8000030517578,9315044
2012-03-12,133.5,133.625,129.25,129.7375030517578,11217384
2012-03-13,130.75,131.875,130.08749389648438,131.10000610351562,11079428
2012-03-14,132.02499389648438,132.5,130.3625030517578,132.0500030517578,11721124
2012-03-15,132.0,132.5,127.26249694824219,127.69999694824219,14939196
2012-03-16,127.5,131.22500610351562,126.25,126.9625015258789,12810608
2012-03-19,127.51249694824219,127.51249694824219,123.7750015258789,124.7125015258789,15299768
2012-03-20,124.0,127.7125015258789,123.25,126.3499984741211,6324272
2012-03-21,125.75,129.46249389648438,125.75,128.91250610351562,12021572
2012-03-22,128.47500610351562,130.60000610351562,125.0250015258789,126.0625,11280064
2012-03-23,127.375,129.6875,125.23750305175781,128.4875030517578,8047164
2012-03-26,128.375,129.125,126.4124984741211,127.9124984741211,9832916
2012-03-27,128.75,130.4499969482422,128.0,129.71249389648438,11857352
2012-03-28,129.625,129.625,127.51249694824219,128.3625030517578,8699492
2012-03-29,127.0,128.52499389648438,126.25,127.5250015258789,16225116
2012-03-30,128.0,130.96249389648438,127.4375,129.96249389648438,11184976
2012-04-02,129.5,132.4875030517578,129.02499389648438,132.08749389648438,5530932
2012-04-03,133.25,134.10000610351562,132.0,132.5500030517578,12920812
2012-04-04,131.3125,132.25,131.10000610351562,131.6374969482422,4175076
2012-04-09,130.9375,131.5749969482422,130.0,130.4375,5036740
2012-04-10,130.85000610351562,131.5,128.96249389648438,131.21249389648438,5834072
2012-04-11,130.46249389648438,132.7375030517578,129.27499389648438,131.6125030517578,7463248
2012-04-12,131.25,133.625,131.0749969482422,132.60000610351562,12103288
2012-04-13,134.10000610351562,134.4375,130.97500610351562,132.33749389648438,9833428
2012-04-16,132.22500610351562,132.75,131.02499389648438,132.4375,17396084
2012-04-17,133.0,133.97500610351562,130.27499389648438,132.5625,15665808
2012-04-18,133.25,134.97500610351562,133.25,134.41250610351562,12000284
2012-04-19,135.0,138.89999389648438,134.3000030517578,138.5124969482422,16366676
2012-04-20,138.0625,139.5,136.6125030517578,137.77499389648438,15725100
2012-04-23,137.9875030517578,139.0,135.8249969482422,136.33749389648438,8437648
2012-04-24,136.52499389648438,136.625,134.85000610351562,135.46249389648438,8760780
2012-04-25,136.0,137.375,134.5,136.66250610351562,10778388
2012-04-26,136.25,137.4875030517578,134.75,135.125,9338952
2012-04-27,135.5,136.5,133.5500030517578,135.28750610351562,4549020
2012-04-30,135.9499969482422,137.25,135.08749389648438,135.625,6039020
2012-05-02,135.1750030517578,137.75,135.1750030517578,137.47500610351562,8978348
2012-05-03,136.375,139.5,136.3625030517578,138.5124969482422,13714548
2012-05-04,137.8000030517578,138.4250030517578,133.66250610351562,134.375,12351888
2012-05-07,132.97500610351562,133.6374969482422,129.10000610351562,133.0625,16712688
2012-05-08,133.22500610351562,134.10000610351562,128.3125,128.83749389648438,11283080
2012-05-09,128.4250030517578,130.64999389648438,126.3499984741211,128.16250610351562,15023992
2012-05-10,127.76249694824219,130.72500610351562,127.5,129.375,12084380
2012-05-11,128.3125,130.0,127.05000305175781,127.63749694824219,8050084
2012-05-14,127.6875,127.94999694824219,123.51249694824219,125.13749694824219,11034848
2012-05-15,124.0,126.11250305175781,124.0,124.7750015258789,8019464
2012-05-16,123.5,124.67500305175781,121.5,123.80000305175781,16960872
2012-05-17,124.25,126.625,123.75,124.44999694824219,11618520
2012-05-18,122.44999694824219,125.9749984741211,122.25,125.13749694824219,9614416
2012-05-21,125.0625,126.9625015258789,123.48750305175781,124.36250305175781,8542340
2012-05-22,125.94999694824219,126.25,121.73750305175781,122.3125,11096812
2012-05-23,122.5,123.2249984741211,120.55000305175781,121.80000305175781,12695888
2012-05-24,123.25,125.67500305175781,121.25,124.92500305175781,11539244
2012-05-25,124.94999694824219,125.7874984741211,123.9000015258789,125.0,11194572
2012-05-28,125.30000305175781,127.6500015258789,125.0,127.1875,12206852
2012-05-29,127.5374984741211,127.98750305175781,125.5250015258789,126.23750305175781,10573024
2012-05-30,125.01249694824219,126.3499984741211,124.13749694824219,125.1624984741211,10167280
2012-05-31,124.0,127.2249984741211,123.8375015258789,126.55000305175781,19039120
2012-06-01,126.0,126.7874984741211,122.5,122.5999984741211,11708748
2012-06-04,122.0,124.625,121.26249694824219,123.9124984741211,11360968
2012-06-05,125.0,126.2249984741211,124.61250305175781,125.375,10710712
2012-06-06,126.2125015258789,130.75,125.875,129.97500610351562,25091692
2012-06-07,131.0500030517578,134.875,130.75,134.4499969482422,19800492
2012-06-08,135.22500610351562,135.6875,132.7375030517578,134.77499389648438,19322744
2012-06-11,135.27499389648438,137.22500610351562,134.60000610351562,135.4875030517578,13071884
2012-06-12,134.6999969482422,137.71249389648438,134.4875030517578,137.39999389648438,11253840
2012-06-13,137.75,138.10000610351562,134.9499969482422,135.4375,8064732
2012-06-14,135.0,136.85000610351562,133.16250610351562,133.60000610351562,8642552
2012-06-15,133.75,137.4250030517578,133.7375030517578,136.8874969482422,9932224
2012-06-18,138.0,138.0,132.3874969482422,133.7375030517578,11237464
2012-06-19,133.6999969482422,134.75,131.5749969482422,134.1125030517578,11860736
2012-06-20,134.25,135.125,132.1374969482422,133.5500030517578,9534472
2012-06-21,133.25,136.1750030517578,132.8249969482422,135.72500610351562,10652656
2012-06-22,133.77499389648438,136.27499389648438,133.77499389648438,136.08749389648438,6168816
2012-06-25,136.35000610351562,137.125,133.75,134.1750030517578,6374848
2012-06-26,134.5,137.0,134.0749969482422,135.8625030517578,5853128
2012-06-27,136.5,138.6750030517578,136.5,137.25,11937288
2012-06-28,136.72500610351562,138.16250610351562,135.8125,137.125,12142440
2012-06-29,138.02499389648438,141.22500610351562,138.0124969482422,140.8874969482422,12659172
2012-07-02,141.0,143.75,140.0,143.4875030517578,8201524
2012-07-03,143.97500610351562,145.0,142.9250030517578,143.96249389648438,8466800
2012-07-04,144.1750030517578,145.21249389648438,143.91250610351562,144.5,12810284
2012-07-05,144.47500610351562,146.25,143.8625030517578,146.02499389648438,8381528
2012-07-06,145.52499389648438,147.25,144.625,145.375,15741520
2012-07-09,144.9875030517578,145.4375,142.27499389648438,144.53750610351562,7661160
2012-07-10,145.0,148.0749969482422,144.375,147.16250610351562,13543016
2012-07-11,146.72500610351562,148.4499969482422,146.27499389648438,146.75,12299444
2012-07-12,145.97500610351562,147.72500610351562,143.89999389648438,145.02499389648438,7583748
2012-07-13,146.25,147.85000610351562,145.6125030517578,146.7624969482422,9508572
2012-07-16,147.0,148.1750030517578,145.2624969482422,145.66250610351562,12850160
2012-07-17,146.75,147.1875,144.64999389648438,145.8125,8539356
2012-07-18,146.1750030517578,147.1750030517578,145.02499389648438,146.75,7117996
2012-07-19,147.14999389648438,147.6999969482422,146.3874969482422,147.35000610351562,4800448
2012-07-20,147.25,147.25,145.25,145.64999389648438,4168944
2012-07-23,144.35000610351562,145.0,142.7624969482422,143.25,6094528
2012-07-24,143.1374969482422,144.3625030517578,142.5500030517578,143.5124969482422,5305588
2012-07-25,143.6125030517578,145.1999969482422,143.4250030517578,144.0124969482422,8815704
2012-07-26,144.5,144.6875,140.75,141.4499969482422,17705416
2012-07-27,143.0,147.1750030517578,141.16250610351562,146.14999389648438,13430872
2012-07-30,146.77499389648438,147.97500610351562,146.0,146.8125,8466284
2012-07-31,147.5,147.5,144.96249389648438,146.9375,8391408
2012-08-01,146.3874969482422,147.08749389648438,144.39999389648438,146.625,7870988
2012-08-02,146.625,147.3000030517578,144.3249969482422,145.625,6885460
2012-08-03,145.25,147.25,144.9375,147.0500030517578,9951500
2012-08-06,148.28750610351562,150.5,148.25,150.0625,12329176
2012-08-07,150.5,150.5749969482422,149.25,150.02499389648438,11228764
2012-08-08,150.0,150.5,148.6750030517578,149.72500610351562,8053116
2012-08-09,150.25,151.75,149.625,151.16250610351562,9873120
2012-08-10,150.0,151.72500610351562,149.91250610351562,150.53750610351562,15127420
2012-08-13,150.0,152.375,150.0,151.8625030517578,8421704
2012-08-14,151.7624969482422,152.25,150.8125,152.03750610351562,11225568
2012-08-16,152.0,152.03750610351562,149.46249389648438,150.0124969482422,8143296
2012-08-17,149.64999389648438,150.5625,147.9499969482422,148.77499389648438,7686156
2012-08-21,148.75,149.625,147.0500030517578,149.10000610351562,8340840
2012-08-22,148.60000610351562,150.1125030517578,147.83749389648438,149.22500610351562,9580860
2012-08-23,149.85000610351562,151.1374969482422,148.8125,149.4250030517578,9425048
2012-08-24,148.375,150.10000610351562,148.3125,149.0749969482422,6708376
2012-08-27,148.75,149.72500610351562,148.0124969482422,148.58749389648438,4046724
2012-08-28,148.22500610351562,148.6374969482422,146.625,147.33749389648438,8895964
2012-08-29,147.3125,148.9499969482422,146.5625,147.1374969482422,6729628
2012-08-30,146.5,150.5,146.5,148.97500610351562,22716404
2012-08-31,147.58749389648438,150.0,147.3125,148.83749389648438,12506740
2012-09-03,149.3874969482422,149.4499969482422,147.0,147.6125030517578,7437816
2012-09-04,147.6374969482422,148.08749389648438,146.8000030517578,147.52499389648438,5772588
2012-09-05,147.0,149.0,146.83749389648438,148.02499389648438,12158472
2012-09-06,147.52499389648438,148.375,146.52499389648438,147.03750610351562,5097452
2012-09-07,148.5625,148.75,146.4250030517578,147.60000610351562,11205148
2012-09-10,147.875,149.25,147.33749389648438,147.78750610351562,6034892
2012-09-11,147.1875,149.25,145.83749389648438,148.60000610351562,6311544
2012-09-12,148.8125,150.0,148.47500610351562,149.8000030517578,6391016
2012-09-13,150.25,150.375,148.3874969482422,149.8000030517578,3399760
2012-09-14,151.64999389648438,153.6875,150.2375030517578,153.1875,25771220
2012-09-17,154.75,154.9875030517578,151.375,152.0749969482422,21086848
2012-09-18,152.0749969482422,153.0,150.96249389648438,151.3625030517578,10039176
2012-09-20,150.5,152.5,150.25,151.72500610351562,10491328
2012-09-21,152.1750030517578,157.25,151.27499389648438,156.28750610351562,23602848
2012-09-24,156.375,159.22500610351562,155.6999969482422,158.75,17574880
2012-09-25,158.25,159.72500610351562,156.53750610351562,159.22500610351562,11686144
2012-09-26,158.71249389648438,159.14999389648438,156.03750610351562,157.6875,10730508
2012-09-27,158.25,159.25,156.3000030517578,157.6999969482422,15861744
2012-09-28,157.97500610351562,158.5749969482422,156.52499389648438,157.28750610351562,11007688
2012-10-01,157.25,158.0,155.0,155.71249389648438,8054784
2012-10-03,156.0,156.6999969482422,154.4875030517578,154.8625030517578,11032228
2012-10-04,155.375,158.47500610351562,155.3625030517578,157.8249969482422,12652064
2012-10-05,159.5,159.66250610351562,126.26249694824219,155.60000610351562,14947024
2012-10-08,155.97500610351562,155.97500610351562,154.1374969482422,155.1750030517578,9290672
2012-10-09,156.2375030517578,157.625,155.5,156.4375,4310768
2012-10-10,156.0,156.0,154.0500030517578,154.4875030517578,4295016
2012-10-11,155.28750610351562,156.9499969482422,154.6125030517578,156.21249389648438,9812932
2012-10-12,157.5,158.75,156.5,157.78750610351562,15506408
2012-10-15,158.10000610351562,158.72500610351562,155.64999389648438,158.53750610351562,7572068
2012-10-16,158.8125,158.875,157.02499389648438,157.60000610351562,7273836
2012-10-17,158.0,158.125,156.625,157.02499389648438,6433772
2012-10-18,157.5,159.47500610351562,156.1125030517578,159.0500030517578,5618460
2012-10-19,158.0,158.75,156.75,157.125,9055400
2012-10-22,156.3000030517578,160.0,156.3000030517578,159.75,8241404
2012-10-23,159.7624969482422,159.875,158.125,158.52499389648438,8332960
2012-10-25,158.16250610351562,160.25,157.25,159.33749389648438,17011340
2012-10-29,159.46249389648438,160.625,158.8874969482422,160.14999389648438,5512328
2012-10-30,159.2624969482422,161.1999969482422,157.64999389648438,158.41250610351562,8834904
2012-10-31,158.52499389648438,158.97500610351562,157.5124969482422,158.5500030517578,7492968
2012-11-01,158.1875,158.9250030517578,156.875,157.14999389648438,7058460
2012-11-02,159.5,159.5,157.0,157.5749969482422,5432772
2012-11-05,158.0,159.0,157.6875,158.75,4022128
2012-11-06,158.4875030517578,160.3000030517578,158.4875030517578,159.8874969482422,7278084
2012-11-07,159.9375,161.25,159.22500610351562,160.0124969482422,8200660
2012-11-08,159.125,160.25,158.875,159.75,3867800
2012-11-09,159.5625,160.75,158.75,159.83749389648438,4420776
2012-11-12,159.3125,163.4499969482422,159.3125,162.8249969482422,9657456
2012-11-15,161.75,161.85000610351562,159.75,161.5625,9442340
2012-11-16,160.75,162.14999389648438,160.03750610351562,160.5625,12102824
2012-11-19,159.9375,161.97500610351562,159.8625030517578,161.6875,5787948
2012-11-20,162.27499389648438,163.97500610351562,162.0625,163.46249389648438,9353388
2012-11-21,163.78750610351562,166.375,162.4250030517578,165.9250030517578,12929784
2012-11-22,166.6999969482422,167.78750610351562,166.0,167.27499389648438,8440964
2012-11-23,167.375,168.14999389648438,164.7624969482422,167.4375,5249712
2012-11-26,168.25,168.4250030517578,165.02499389648438,165.47500610351562,5481536
2012-11-27,166.22500610351562,170.9499969482422,166.22500610351562,170.125,16502672
2012-11-29,169.375,175.9375,168.85000610351562,174.96249389648438,25199452
2012-11-30,175.25,176.375,172.39999389648438,175.9875030517578,15639292
2012-12-03,175.0,175.28750610351562,171.0,171.7375030517578,11636340
2012-12-04,171.02499389648438,172.5,170.2624969482422,171.28750610351562,8679488
2012-12-05,172.25,173.75,171.75,173.14999389648438,9219860
2012-12-06,173.9499969482422,174.625,170.1999969482422,173.6875,10904552
2012-12-07,173.8125,174.5,172.0,173.27499389648438,7936632
2012-12-10,172.5,174.125,172.41250610351562,173.25,8324104
2012-12-11,173.8125,174.75,171.5749969482422,172.71249389648438,13500552
2012-12-12,172.8125,174.0,172.125,173.46249389648438,7736504
2012-12-13,173.46249389648438,174.0,172.25,172.7624969482422,6283232
2012-12-14,172.5124969482422,173.60000610351562,171.33749389648438,172.1875,8373892
2012-12-17,171.97500610351562,171.97500610351562,168.39999389648438,169.125,12230212
2012-12-18,169.4875030517578,170.5500030517578,167.4375,168.9875030517578,13375072
2012-12-19,168.6374969482422,172.3125,168.625,172.0,16489012
2012-12-20,171.5,171.75,170.0625,170.85000610351562,10260748
2012-12-21,170.25,170.5,168.5124969482422,169.0,11086244
2012-12-24,170.0,170.03750610351562,167.9499969482422,169.02499389648438,5482252
2012-12-26,169.52499389648438,171.21249389648438,168.27499389648438,170.0749969482422,5723216
2012-12-27,171.0,171.0,169.1750030517578,170.02499389648438,9858168
2012-12-28,170.27499389648438,170.75,168.53750610351562,169.41250610351562,7024264
2012-12-31,169.25,170.0,168.5,169.64999389648438,5107288
2013-01-01,170.52499389648438,171.27499389648438,169.91250610351562,171.125,4029212
2013-01-02,172.47500610351562,172.5,170.7624969482422,171.83749389648438,9709596
2013-01-03,172.5,172.5,170.10000610351562,170.83749389648438,9142732
2013-01-04,171.25,171.25,168.1999969482422,169.83749389648438,10884508
2013-01-07,170.9250030517578,170.9250030517578,166.5,167.0500030517578,11004568
2013-01-08,167.0,168.35000610351562,166.4250030517578,167.5625,9885196
2013-01-09,168.0,168.1374969482422,166.5124969482422,166.875,12871964
2013-01-10,167.375,169.5,166.625,168.9499969482422,9130368
2013-01-11,169.22500610351562,169.22500610351562,166.6750030517578,167.3249969482422,10283428
2013-01-14,167.03750610351562,167.625,166.77499389648438,167.3249969482422,11389748
2013-01-15,167.6999969482422,168.8625030517578,166.25,167.0749969482422,8263376
2013-01-16,166.3874969482422,167.3000030517578,164.39999389648438,165.125,9150756
2013-01-17,164.4250030517578,167.71249389648438,163.5124969482422,166.6999969482422,12844144
2013-01-18,167.5,168.5,163.8249969482422,165.71249389648438,20224692
2013-01-21,165.0,165.85000610351562,163.6875,164.6374969482422,10854720
2013-01-22,164.625,165.25,161.8874969482422,163.4375,8486128
2013-01-23,164.25,165.75,163.58749389648438,164.14999389648438,7079740
2013-01-24,163.89999389648438,165.6875,163.8125,165.0749969482422,6147960
2013-01-25,165.0749969482422,166.75,163.8874969482422,166.2624969482422,5589732
2013-01-28,166.3125,168.0,166.1125030517578,167.58749389648438,7368020
2013-01-29,167.6875,167.72500610351562,162.5,163.1125030517578,11961748
2013-01-30,163.25,164.60000610351562,161.0,164.16250610351562,10039632
2013-01-31,164.14999389648438,164.47500610351562,160.02499389648438,160.7624969482422,13888384
2013-02-01,161.1999969482422,161.21249389648438,159.0500030517578,160.03750610351562,10484144
2013-02-04,160.28750610351562,162.375,160.0,161.72500610351562,10475800
2013-02-05,159.08749389648438,161.8000030517578,159.08749389648438,161.03750610351562,7460020
2013-02-06,161.64999389648438,161.72500610351562,159.3000030517578,159.875,9873588
2013-02-07,159.0749969482422,160.75,158.6374969482422,160.375,9082836
2013-02-08,160.125,163.35000610351562,160.125,162.5124969482422,18826656
2013-02-11,162.5,164.9875030517578,162.5,164.2375030517578,15167060
2013-02-12,163.91250610351562,166.75,163.91250610351562,166.3000030517578,15832836
2013-02-13,165.8249969482422,166.85000610351562,164.875,166.0500030517578,14508832
2013-02-14,166.0,169.60000610351562,165.5,168.6999969482422,17684152
2013-02-15,167.9250030517578,170.1999969482422,167.0500030517578,169.1875,12488780
2013-02-18,169.5,170.22500610351562,168.5,169.0,9469164
2013-02-19,168.625,169.35000610351562,167.8874969482422,168.6999969482422,2374812
2013-02-20,169.375,170.1999969482422,168.72500610351562,169.2375030517578,6861684
2013-02-21,168.75,169.3625030517578,166.0124969482422,166.5625,10871872
2013-02-22,165.5500030517578,166.60000610351562,164.3874969482422,164.8249969482422,7708384
2013-02-25,165.8125,166.3000030517578,163.52499389648438,164.1125030517578,7552944
2013-02-26,163.6999969482422,165.75,161.35000610351562,162.8125,11742640
2013-02-27,163.0749969482422,163.5,160.22500610351562,160.6875,12871336
2013-02-28,161.7375030517578,163.7375030517578,154.83749389648438,156.33749389648438,27887004
2013-03-01,156.25,157.39999389648438,154.0749969482422,155.625,17220728
2013-03-04,155.08749389648438,157.5749969482422,154.5,156.91250610351562,11969800
2013-03-05,157.72500610351562,158.6750030517578,155.78750610351562,158.2375030517578,10557580
2013-03-06,158.7375030517578,159.28750610351562,157.25,157.625,10933316
2013-03-07,157.08749389648438,160.7375030517578,156.78750610351562,160.4499969482422,5950984
2013-03-08,161.0500030517578,165.0,160.85000610351562,164.3249969482422,10596860
2013-03-11,164.3249969482422,164.9250030517578,162.5625,163.8125,8504584
2013-03-12,163.25,163.9250030517578,160.02499389648438,161.0,6895724
2013-03-13,160.2624969482422,161.47500610351562,158.0500030517578,158.72500610351562,7913372
2013-03-14,158.72500610351562,163.375,153.83749389648438,162.3125,31914436
2013-03-15,161.25,162.47500610351562,158.4499969482422,159.85000610351562,15439608
2013-03-18,158.25,163.5,157.5,160.8249969482422,17561924
2013-03-19,160.75,160.9499969482422,156.0,157.8874969482422,20028460
2013-03-20,158.0,158.3625030517578,155.25,156.375,11336436
2013-03-21,155.66250610351562,157.1999969482422,150.9375,151.75,14452588
2013-03-22,152.25,153.64999389648438,150.64999389648438,151.3125,29525900
2013-03-25,152.75,153.33749389648438,151.8874969482422,152.35000610351562,27198976
2013-03-26,151.5,154.375,150.6374969482422,153.625,13274404
2013-03-28,154.125,157.78750610351562,151.7375030517578,156.33749389648438,19496092
2013-04-01,156.16250610351562,157.25,155.25,155.96249389648438,6708772
2013-04-02,156.25,158.5749969482422,154.47500610351562,157.47500610351562,6857420
2013-04-03,157.0,157.91250610351562,154.875,155.91250610351562,6703616
2013-04-04,154.6999969482422,155.85000610351562,153.3625030517578,154.03750610351562,8181984
2013-04-05,153.7375030517578,156.60000610351562,153.35000610351562,155.2375030517578,12959920
2013-04-08,154.7375030517578,157.2375030517578,154.4375,156.1125030517578,8652128
2013-04-09,157.02499389648438,157.02499389648438,154.35000610351562,155.14999389648438,14760408
2013-04-10,156.6999969482422,158.41250610351562,154.7375030517578,158.0,15144504
2013-04-11,158.125,160.5,157.97500610351562,159.8125,25066068
2013-04-12,159.02499389648438,161.46249389648438,159.02499389648438,160.9250030517578,15206080
2013-04-15,160.52499389648438,160.8625030517578,158.75,160.3874969482422,15923768
2013-04-16,160.75,166.46249389648438,160.58749389648438,165.83749389648438,13740312
2013-04-17,166.25,167.96249389648438,164.1999969482422,165.02499389648438,14956948
2013-04-18,163.5,168.85000610351562,163.5,168.39999389648438,9223784
2013-04-22,168.6750030517578,175.5,168.6750030517578,174.5749969482422,19860152
2013-04-23,174.6999969482422,175.0,169.6999969482422,172.25,23863560
2013-04-25,173.08749389648438,173.75,170.0124969482422,172.3874969482422,25895124
2013-04-26,171.91250610351562,173.0625,170.75,172.27499389648438,8568744
2013-04-29,172.0625,174.21249389648438,171.625,173.78750610351562,11675432
2013-04-30,173.5,173.9875030517578,169.1999969482422,170.5749969482422,12552272
2013-05-02,171.10000610351562,173.5,170.5749969482422,173.125,12303268
2013-05-03,173.14999389648438,173.5,169.66250610351562,170.2375030517578,12286584
2013-05-06,169.75,169.8249969482422,167.4875030517578,168.875,7673460
2013-05-07,169.0749969482422,172.47500610351562,168.125,172.0124969482422,11098464
2013-05-08,172.25,174.875,171.625,174.28750610351562,8653956
2013-05-09,174.7624969482422,174.875,172.0500030517578,172.5124969482422,4523360
2013-05-10,172.1750030517578,176.22500610351562,172.16250610351562,175.83749389648438,13913256
2013-05-13,176.25,177.8625030517578,172.6999969482422,173.1875,9593972
2013-05-14,172.5124969482422,173.72500610351562,171.27499389648438,172.2624969482422,6653676
2013-05-15,173.375,179.0,172.83749389648438,178.71249389648438,14173480
2013-05-16,178.0,181.0,177.75,180.6999969482422,11660616
2013-05-17,180.625,180.625,177.3000030517578,179.72500610351562,12819852
2013-05-20,179.875,181.0,178.03750610351562,178.625,5841608
2013-05-21,178.5,179.5,176.2624969482422,176.9499969482422,9206500
2013-05-22,176.875,178.0,174.5,175.8625030517578,5412112
2013-05-23,174.75,176.6125030517578,173.5749969482422,174.64999389648438,7905248
2013-05-24,176.4375,176.4375,173.5749969482422,175.33749389648438,8264240
2013-05-27,174.64999389648438,179.25,174.64999389648438,178.7624969482422,8995208
2013-05-28,178.5625,180.1999969482422,176.6999969482422,178.3249969482422,6707916
2013-05-29,177.5124969482422,179.6125030517578,175.96249389648438,178.9875030517578,4933492
2013-05-30,177.52499389648438,181.8249969482422,177.52499389648438,181.28750610351562,15357456
2013-05-31,179.3125,180.1750030517578,174.4250030517578,175.125,12332896
2013-06-03,174.5,175.35000610351562,171.6374969482422,172.28750610351562,7890124
2013-06-04,171.8249969482422,173.4499969482422,170.25,170.7624969482422,5616324
2013-06-05,170.5,173.60000610351562,169.625,171.9875030517578,7563676
2013-06-06,170.875,172.35000610351562,169.5,170.5500030517578,7116412
2013-06-07,170.4375,173.35000610351562,168.3000030517578,169.03750610351562,9556224
2013-06-10,170.2624969482422,171.75,167.875,169.08749389648438,6368012
2013-06-11,168.3625030517578,170.22500610351562,165.5500030517578,166.22500610351562,11820860
2013-06-12,165.5,168.35000610351562,164.6125030517578,165.9875030517578,9815652
2013-06-13,164.39999389648438,165.25,163.33749389648438,163.77499389648438,7149736
2013-06-14,165.5,167.1125030517578,164.8249969482422,166.2624969482422,14965212
2013-06-17,166.39999389648438,167.3000030517578,164.33749389648438,166.83749389648438,13070908
2013-06-18,167.0,167.0,163.75,164.3625030517578,12446568
2013-06-19,164.02499389648438,166.64999389648438,163.21249389648438,166.3000030517578,9646956
2013-06-20,164.71249389648438,164.71249389648438,158.64999389648438,159.14999389648438,15138044
2013-06-21,159.1999969482422,160.6374969482422,157.52499389648438,158.8125,17899844
2013-06-24,157.9499969482422,158.46249389648438,155.9375,156.33749389648438,10768052
2013-06-25,156.5,161.60000610351562,155.60000610351562,158.5,18686432
2013-06-26,157.875,159.41250610351562,155.0,155.71249389648438,10476020
2013-06-27,158.5,163.1750030517578,155.58749389648438,161.625,27003560
2013-06-28,162.375,168.3000030517578,162.27499389648438,167.375,21082680
2013-07-01,167.25,168.5,166.16250610351562,167.1875,9838684
2013-07-02,167.1750030517578,167.1875,163.5749969482422,164.1374969482422,9183152
2013-07-03,163.5,163.6750030517578,160.89999389648438,162.66250610351562,13386260
2013-07-04,163.4499969482422,164.3625030517578,161.4250030517578,163.78750610351562,9591060
2013-07-05,165.02499389648438,168.1875,164.625,166.9375,9543496
2013-07-08,166.0,166.8625030517578,163.1875,165.1125030517578,7169296
2013-07-09,165.5500030517578,168.4375,165.5500030517578,167.5749969482422,7040192
2013-07-10,167.5625,167.97500610351562,164.03750610351562,164.8249969482422,7138580
2013-07-11,166.75,171.6750030517578,166.5124969482422,170.8125,10599568
2013-07-12,171.75,174.4250030517578,170.4499969482422,173.9375,15634852
2013-07-15,172.75,174.5124969482422,171.0,173.8625030517578,8511888
2013-07-16,169.75,171.125,167.4875030517578,169.6750030517578,11647384
2013-07-17,169.4499969482422,170.1999969482422,161.97500610351562,165.72500610351562,22633988
2013-07-18,167.47500610351562,172.125,164.2375030517578,171.02499389648438,13663880
2013-07-19,172.0124969482422,172.9875030517578,168.28750610351562,170.0,12458420
2013-07-22,169.0,171.75,169.0,170.5124969482422,6460432
2013-07-23,171.97500610351562,172.5,170.2624969482422,170.89999389648438,7414784
2013-07-24,168.5,169.0,163.375,164.9875030517578,14628748
2013-07-25,165.16250610351562,166.5,162.53750610351562,163.46249389648438,16267256
2013-07-26,164.0,164.0625,159.5,161.02499389648438,9356492
2013-07-29,160.75,160.75,157.41250610351562,158.125,14922224
2013-07-30,157.6875,158.75,155.02499389648438,156.33749389648438,14691084
2013-07-31,155.25,155.4499969482422,151.72500610351562,152.4375,26824520
2013-08-01,153.47500610351562,159.4499969482422,153.10000610351562,158.0500030517578,23446608
2013-08-02,157.5,158.6999969482422,156.71249389648438,157.8125,20015848
2013-08-05,157.8874969482422,158.8625030517578,153.75,158.1750030517578,13598372
2013-08-06,157.75,157.83749389648438,151.625,152.16250610351562,19645180
2013-08-07,152.4875030517578,153.58749389648438,150.0,150.3000030517578,22756456
2013-08-08,151.0,154.375,150.0,152.625,20461448
2013-08-12,152.5124969482422,152.6999969482422,149.66250610351562,150.5500030517578,15700868
2013-08-13,150.96249389648438,156.1999969482422,149.53750610351562,155.125,14702392
2013-08-14,155.5,155.91250610351562,152.16250610351562,155.33749389648438,14303708
2013-08-16,153.5,155.5,146.22500610351562,146.97500610351562,28059568
2013-08-19,146.75,147.14999389648438,142.5749969482422,146.1750030517578,20018440
2013-08-20,143.7375030517578,147.47500610351562,141.625,146.1875,25726984
2013-08-21,151.5,154.83749389648438,147.5,148.33749389648438,28908596
2013-08-22,147.25,150.9250030517578,142.5,147.1750030517578,30250692
2013-08-23,148.0,152.28750610351562,147.0749969482422,151.8874969482422,20698444
2013-08-26,153.08749389648438,155.6999969482422,150.6374969482422,152.8249969482422,14607608
2013-08-27,149.3249969482422,150.0,138.8625030517578,140.47500610351562,54708372
2013-08-28,138.9250030517578,143.0,132.0,140.4875030517578,37067552
2013-08-29,142.0,145.625,142.0,143.0124969482422,40771004
2013-08-30,142.75,150.0,142.66250610351562,148.5,36616916
2013-09-02,149.5,151.08749389648438,145.625,147.375,19515716
2013-09-03,149.22500610351562,149.22500610351562,139.2624969482422,140.6374969482422,18140008
2013-09-04,141.8625030517578,144.21249389648438,139.78750610351562,141.0124969482422,20941800
2013-09-05,146.0,155.72500610351562,146.0,152.375,33246248
2013-09-06,152.75,155.0,146.6875,154.0500030517578,18997216
2013-09-10,155.1374969482422,160.25,154.60000610351562,159.5,20298836
2013-09-11,158.25,162.5,156.3874969482422,161.8125,12690392
2013-09-12,160.625,161.5,156.89999389648438,158.4875030517578,17676536
2013-09-13,158.1125030517578,158.625,155.25,157.3000030517578,15503120
2013-09-16,159.375,162.22500610351562,157.25,160.6999969482422,12139216
2013-09-17,159.5,161.25,158.39999389648438,160.5625,8432088
2013-09-18,160.89999389648438,163.72500610351562,157.78750610351562,162.625,10989616
2013-09-19,170.0,172.47500610351562,169.0749969482422,170.8000030517578,29280904
2013-09-20,170.625,171.6125030517578,158.8125,164.7624969482422,24726152
2013-09-23,162.75,163.08749389648438,158.27499389648438,160.4875030517578,13985240
2013-09-24,158.2624969482422,161.08749389648438,157.4875030517578,159.6125030517578,18175188
2013-09-25,159.5,160.4250030517578,153.3000030517578,155.14999389648438,20980920
2013-09-26,155.33749389648438,156.5,154.5,155.28750610351562,22582440
2013-09-27,155.5,156.0,151.25,152.22500610351562,16408692
2013-09-30,151.5,153.21249389648438,146.9250030517578,148.2624969482422,17062428
2013-10-01,149.6999969482422,153.60000610351562,147.33749389648438,152.91250610351562,12997108
2013-10-03,153.8249969482422,159.75,152.5,159.0500030517578,9772912
2013-10-04,158.875,161.85000610351562,158.75,160.1125030517578,13628376
2013-10-07,159.125,159.53750610351562,154.5625,158.5749969482422,9922000
2013-10-08,162.625,163.6374969482422,156.4499969482422,158.16250610351562,11768148
2013-10-09,156.3000030517578,162.72500610351562,155.75,162.28750610351562,8668760
2013-10-10,162.25,162.25,158.33749389648438,160.2624969482422,8345284
2013-10-11,161.8249969482422,165.9375,159.83749389648438,165.3249969482422,13390264
2013-10-14,164.3874969482422,167.3249969482422,162.16250610351562,166.875,12375720
2013-10-15,168.25,168.75,161.64999389648438,163.1125030517578,16143324
2013-10-17,163.25,164.9875030517578,160.6374969482422,163.5500030517578,14551588
2013-10-18,163.8125,169.8874969482422,163.8125,169.14999389648438,21281184
2013-10-21,168.5,169.6999969482422,165.6374969482422,167.8125,11225424
2013-10-22,167.75,168.4875030517578,166.3000030517578,167.25,8758096
2013-10-23,167.25,167.25,163.4499969482422,165.0500030517578,13544956
2013-10-24,164.0500030517578,168.9375,164.0500030517578,167.3249969482422,12321928
2013-10-25,166.3125,168.7375030517578,165.78750610351562,168.1374969482422,8946872
2013-10-28,168.25,168.75,166.35000610351562,166.97500610351562,8382088
2013-10-29,167.0,172.25,163.8874969482422,171.625,15222916
2013-10-30,171.5,171.875,168.9375,169.83749389648438,10188672
2013-10-31,169.0500030517578,171.2624969482422,168.35000610351562,170.1999969482422,18195556
2013-11-01,170.39999389648438,172.0,169.5500030517578,170.9499969482422,15642444
2013-11-05,170.1125030517578,171.25,168.25,169.0625,14258472
2013-11-06,169.72500610351562,169.8000030517578,166.3125,167.22500610351562,4610652
2013-11-07,167.5,169.375,164.22500610351562,166.35000610351562,7789140
2013-11-08,165.85000610351562,166.91250610351562,161.16250610351562,163.125,13480760
2013-11-11,161.0,165.1750030517578,154.1750030517578,163.5625,11216304
2013-11-12,163.1374969482422,165.7624969482422,160.83749389648438,161.4875030517578,8980320
2013-11-13,159.75,161.8625030517578,157.08749389648438,158.4250030517578,10561084
2013-11-14,159.5,162.47500610351562,159.5,160.5500030517578,12626860
2013-11-18,162.85000610351562,167.5,162.2624969482422,167.1999969482422,14873920
2013-11-19,167.10000610351562,167.10000610351562,164.3625030517578,165.0124969482422,6789036
2013-11-20,164.1750030517578,164.75,161.60000610351562,162.3874969482422,8370096
2013-11-21,161.1374969482422,161.39999389648438,158.78750610351562,159.41250610351562,12787656
2013-11-22,160.625,161.72500610351562,158.77499389648438,160.53750610351562,7492384
2013-11-25,162.0124969482422,165.4375,162.0124969482422,164.9375,16150540
2013-11-26,164.4250030517578,164.97500610351562,162.10000610351562,163.2375030517578,14478516
2013-11-27,162.77499389648438,164.6875,161.02499389648438,163.3874969482422,8593012
2013-11-28,163.89999389648438,165.75,162.0124969482422,163.35000610351562,14773732
2013-11-29,163.75,167.22500610351562,163.75,165.3249969482422,9571080
2013-12-02,165.5,166.25,164.5124969482422,165.3249969482422,6858612
2013-12-03,165.0,165.5500030517578,163.16250610351562,163.9375,10288280
2013-12-04,163.72500610351562,164.8874969482422,163.3625030517578,164.39999389648438,10476608
2013-12-05,167.8874969482422,172.47500610351562,167.8874969482422,172.02499389648438,32019992
2013-12-06,171.22500610351562,172.39999389648438,169.5625,170.6750030517578,16069232
2013-12-09,177.5,179.35000610351562,173.1374969482422,174.16250610351562,25265628
2013-12-10,173.08749389648438,175.46249389648438,172.5,174.1750030517578,25064880
2013-12-11,172.52499389648438,175.4499969482422,171.72500610351562,173.8874969482422,12289776
2013-12-12,173.3000030517578,175.1374969482422,172.625,173.8000030517578,12867696
2013-12-13,171.9499969482422,175.5,171.25,172.4875030517578,25316080
2013-12-16,172.0,172.72500610351562,170.3000030517578,171.08749389648438,21432244
2013-12-17,168.91250610351562,168.91250610351562,163.5124969482422,164.39999389648438,17942644
2013-12-18,162.625,170.16250610351562,162.3874969482422,166.5625,14087316
2013-12-19,169.75,170.9875030517578,162.60000610351562,163.1374969482422,10019516
2013-12-20,164.4499969482422,167.14999389648438,162.52499389648438,166.14999389648438,5722468
2013-12-23,164.5,167.875,164.25,166.1125030517578,5531232
2013-12-24,166.3874969482422,166.625,163.7624969482422,164.3249969482422,3554696
2013-12-26,164.96249389648438,168.0500030517578,164.22500610351562,167.2624969482422,8046760
2013-12-27,166.02499389648438,168.8625030517578,166.02499389648438,167.41250610351562,5464012
2013-12-30,169.1999969482422,169.25,166.28750610351562,167.375,4227604
2013-12-31,168.02499389648438,168.0749969482422,165.02499389648438,166.46249389648438,5261312
2014-01-01,167.0,167.4499969482422,165.75,166.28750610351562,4492436
2014-01-02,166.25,168.6875,163.3874969482422,164.25,7228992
2014-01-03,163.0,166.5,162.5,165.77499389648438,6513184
2014-01-06,165.75,165.75,164.25,165.4250030517578,5963420
2014-01-07,166.77499389648438,167.7375030517578,163.3249969482422,166.10000610351562,7896920
2014-01-08,166.3000030517578,166.7375030517578,165.0,166.1750030517578,4649480
2014-01-09,165.8000030517578,166.5124969482422,164.27499389648438,165.7375030517578,3777472
2014-01-10,165.7375030517578,168.6750030517578,164.0749969482422,165.5124969482422,6150508
2014-01-13,165.02499389648438,169.2375030517578,164.22500610351562,168.21249389648438,4752580
2014-01-14,167.2624969482422,169.0,167.0749969482422,168.0749969482422,3577120
2014-01-15,168.25,170.6750030517578,167.39999389648438,170.1374969482422,4627840
2014-01-16,171.10000610351562,171.25,167.58749389648438,168.2624969482422,4501176
2014-01-17,168.75,168.75,164.7624969482422,166.25,43374856
2014-01-20,167.02499389648438,169.1750030517578,166.60000610351562,167.5124969482422,5600368
2014-01-21,168.2375030517578,169.6999969482422,167.5,169.02499389648438,6251924
2014-01-22,168.875,171.1750030517578,168.66250610351562,169.27499389648438,7033336
2014-01-23,168.75,170.27499389648438,168.1875,169.875,5482740
2014-01-24,167.5,168.7375030517578,165.9250030517578,168.35000610351562,8842900
2014-01-27,166.22500610351562,166.22500610351562,161.39999389648438,162.3000030517578,17060448
2014-01-28,162.0,164.0,159.64999389648438,161.1125030517578,18395424
2014-01-29,161.875,162.72500610351562,160.1374969482422,161.3625030517578,10970924
2014-01-30,159.375,159.97500610351562,156.91250610351562,157.9499969482422,11425460
2014-01-31,157.5,159.0749969482422,156.27499389648438,157.125,9620984
2014-02-03,157.4875030517578,158.5,156.27499389648438,156.625,4776820
2014-02-04,155.41250610351562,158.875,154.1999969482422,157.64999389648438,7409304
2014-02-05,157.75,159.9499969482422,156.27499389648438,159.3625030517578,6905384
2014-02-06,159.6875,162.39999389648438,157.375,161.75,13466944
2014-02-07,163.10000610351562,163.625,160.52499389648438,161.9375,4029468
2014-02-10,161.91250610351562,162.53750610351562,159.0,160.97500610351562,6280820
2014-02-11,161.5,161.78750610351562,159.8249969482422,161.1999969482422,4464856
2014-02-12,161.64999389648438,163.1999969482422,160.91250610351562,161.3625030517578,6436960
2014-02-13,161.5,162.0,157.8125,158.125,3155200
2014-02-14,158.5,160.96249389648438,157.33749389648438,160.4499969482422,4249112
2014-02-17,160.5,163.0,160.27499389648438,162.60000610351562,3650120
2014-02-18,162.125,166.10000610351562,161.85000610351562,165.10000610351562,5019672
2014-02-19,164.0500030517578,168.0625,163.75,167.5124969482422,4060948
2014-02-20,166.4499969482422,166.8625030517578,165.21249389648438,165.6875,3448436
2014-02-21,164.96249389648438,167.39999389648438,164.9250030517578,166.10000610351562,3043872
2014-02-24,165.52499389648438,168.25,163.9375,167.75,5018984
2014-02-25,168.5,169.0,166.5,167.77499389648438,4020560
2014-02-26,167.5,169.8000030517578,167.1374969482422,169.35000610351562,4551340
2014-02-28,170.5,170.72500610351562,166.28750610351562,167.39999389648438,4903584
2014-03-03,166.3000030517578,168.0,165.8000030517578,166.5500030517578,3678432
2014-03-04,166.5,168.46249389648438,166.0625,167.9250030517578,6443868
2014-03-05,168.375,168.75,165.625,167.4375,4006984
2014-03-06,168.25,169.4250030517578,167.02499389648438,168.89999389648438,4948680
2014-03-07,169.89999389648438,178.72500610351562,169.0500030517578,177.8625030517578,22767568
2014-03-10,176.625,184.22500610351562,175.0,183.6125030517578,26123852
2014-03-11,183.625,185.0,179.8874969482422,181.28750610351562,13000472
2014-03-12,180.3125,183.25,179.125,181.3874969482422,7110216
2014-03-13,181.875,187.375,181.875,185.58749389648438,11448452
2014-03-14,183.75,184.97500610351562,181.0,183.03750610351562,12208480
2014-03-18,183.85000610351562,186.1999969482422,182.0749969482422,183.5,8102724
2014-03-19,185.0,185.8249969482422,183.9375,184.6125030517578,6055136
2014-03-20,184.6125030517578,184.6125030517578,182.0,182.5500030517578,5195084
2014-03-21,183.78750610351562,184.375,182.8000030517578,183.46249389648438,7525592
2014-03-24,183.625,188.22500610351562,183.5,187.66250610351562,11713860
2014-03-25,187.5,190.1374969482422,186.9375,187.53750610351562,8031092
2014-03-26,188.1999969482422,189.0749969482422,186.02499389648438,186.5124969482422,9409312
2014-03-27,187.5,190.1875,185.5,186.6875,24554932
2014-03-28,187.4875030517578,188.52499389648438,183.7624969482422,186.2375030517578,12160900
2014-03-31,186.9875030517578,188.25,185.77499389648438,187.1999969482422,8262428
2014-04-01,187.875,188.3874969482422,183.1374969482422,184.52499389648438,8051832
2014-04-02,186.2375030517578,186.5,180.47500610351562,182.97500610351562,10398752
2014-04-03,184.0,184.5,181.5625,182.1999969482422,5559704
2014-04-04,181.3874969482422,183.25,180.0124969482422,181.3625030517578,7422408
2014-04-07,181.25,183.0,180.77499389648438,181.33749389648438,11733156
2014-04-09,182.0124969482422,186.22500610351562,180.4375,185.46249389648438,10520384
2014-04-10,186.16250610351562,187.16250610351562,184.0,184.85000610351562,7494792
2014-04-11,183.5124969482422,186.1999969482422,183.47500610351562,184.53750610351562,5207952
2014-04-15,183.5749969482422,184.6999969482422,179.52499389648438,180.9875030517578,8371868
2014-04-16,180.8000030517578,182.9499969482422,180.27499389648438,181.4875030517578,3572392
2014-04-17,179.0625,180.3249969482422,176.8249969482422,179.6750030517578,12302328
2014-04-21,180.6750030517578,181.625,178.25,179.1125030517578,6987752
2014-04-22,180.47500610351562,182.39999389648438,179.35000610351562,181.8874969482422,11395824
2014-04-23,181.22500610351562,184.8625030517578,180.64999389648438,183.25,21025344
2014-04-24,183.25,183.25,183.25,183.25,0
2014-04-25,183.28750610351562,184.5,181.25,181.60000610351562,6212444
2014-04-28,180.5625,182.3125,180.1374969482422,181.3000030517578,4882860
2014-04-29,181.60000610351562,181.875,178.125,178.9499969482422,6641236
2014-04-30,179.0,182.47500610351562,177.91250610351562,180.3249969482422,8786920
2014-05-02,180.875,181.8874969482422,178.8874969482422,179.27499389648438,5915292
2014-05-05,179.96249389648438,180.77499389648438,178.5,179.1750030517578,5192324
2014-05-06,180.0500030517578,181.14999389648438,178.52499389648438,180.0500030517578,6184560
2014-05-07,179.625,181.75,177.8625030517578,178.89999389648438,6598624
2014-05-08,179.28750610351562,180.75,178.875,179.5749969482422,7520428
2014-05-09,180.0,190.0,180.0,189.1999969482422,16376444
2014-05-12,188.77499389648438,198.71249389648438,188.625,198.03750610351562,17561360
2014-05-13,200.0,200.0,195.625,197.03750610351562,12665216
2014-05-14,196.25,198.6999969482422,193.5625,193.8625030517578,8501500
2014-05-15,192.25,197.78750610351562,191.5124969482422,197.08749389648438,9466188
2014-05-16,200.0,213.5,196.91250610351562,201.1750030517578,32868368
2014-05-19,203.97500610351562,208.75,202.0,202.97500610351562,10522804
2014-05-20,204.0,205.39999389648438,201.08749389648438,204.0124969482422,6357032
2014-05-21,203.08749389648438,203.625,201.25,202.375,3642388
2014-05-22,203.0,203.75,199.5,200.64999389648438,7806456
2014-05-23,199.75,200.75,195.6750030517578,197.41250610351562,9818936
2014-05-26,199.75,201.0124969482422,197.5,199.28750610351562,17395232
2014-05-27,200.0,202.66250610351562,197.08749389648438,201.22500610351562,7619524
2014-05-28,199.97500610351562,206.6875,199.875,205.8625030517578,14355564
2014-05-29,205.64999389648438,207.6875,201.85000610351562,202.5625,13684008
2014-05-30,203.75,205.6999969482422,182.5,198.1875,32807544
2014-06-02,198.375,205.58749389648438,198.375,204.85000610351562,8083132
2014-06-03,205.75,206.96249389648438,203.5,206.08749389648438,3624148
2014-06-04,205.60000610351562,207.4250030517578,203.77499389648438,204.1750030517578,2864340
2014-06-05,202.9499969482422,203.85000610351562,200.25,201.3625030517578,7674472
2014-06-06,203.25,205.25,200.25,203.8125,10565276
2014-06-09,205.47500610351562,207.5,203.75,204.8625030517578,9339920
2014-06-10,205.28750610351562,205.89999389648438,202.5,204.16250610351562,4999344
2014-06-11,204.25,207.46249389648438,202.5,205.125,7743772
2014-06-12,206.125,211.2375030517578,203.21249389648438,209.96249389648438,12732048
2014-06-13,211.0,214.0,207.91250610351562,208.85000610351562,12212884
2014-06-16,207.75,210.6999969482422,207.5749969482422,209.75,5309880
2014-06-17,209.0,212.1999969482422,206.83749389648438,211.6374969482422,6988120
2014-06-18,211.77499389648438,212.85000610351562,207.1875,208.71249389648438,5374628
2014-06-19,209.27499389648438,209.9875030517578,205.5500030517578,206.4375,4720996
2014-06-20,206.5,207.9375,204.83749389648438,205.4875030517578,2969768
2014-06-23,206.0,206.6374969482422,203.8249969482422,205.3625030517578,5840844
2014-06-24,206.33749389648438,208.1875,206.25,207.25,5066224
2014-06-25,207.25,208.3000030517578,205.75,206.02499389648438,6330624
2014-06-26,205.0,206.64999389648438,202.16250610351562,203.10000610351562,21808264
2014-06-27,204.46249389648438,205.5,203.5,204.0500030517578,5142960
2014-06-30,204.97500610351562,208.1750030517578,204.97500610351562,205.3874969482422,6176100
2014-07-01,205.75,206.9875030517578,203.75,205.8249969482422,7641372
2014-07-02,207.6999969482422,210.5,206.375,209.97500610351562,7626724
2014-07-03,210.25,211.3249969482422,207.83749389648438,209.1999969482422,6062740
2014-07-04,209.1999969482422,214.7375030517578,208.77499389648438,214.16250610351562,5631988
2014-07-07,214.97500610351562,215.1750030517578,208.96249389648438,210.1125030517578,8131968
2014-07-08,211.0,212.08749389648438,205.0,207.3125,6732272
2014-07-09,207.0,208.71249389648438,204.5,207.5749969482422,5795552
2014-07-10,207.5749969482422,212.0,203.0625,205.83749389648438,9857544
2014-07-11,205.27499389648438,207.8625030517578,202.1999969482422,202.9499969482422,9198780
2014-07-14,203.75,205.0,201.78750610351562,204.3625030517578,4921608
2014-07-15,205.1875,207.1999969482422,204.125,206.6999969482422,6092036
2014-07-16,207.375,209.625,204.47500610351562,208.9375,9589300
2014-07-17,209.6750030517578,209.75,207.375,207.9499969482422,5039100
2014-07-18,207.22500610351562,209.1999969482422,205.5,208.1125030517578,7288432
2014-07-21,210.4250030517578,211.7375030517578,206.3125,206.8625030517578,9813656
2014-07-22,207.47500610351562,210.66250610351562,206.75,209.96249389648438,6970352
2014-07-23,210.77499389648438,211.25,208.75,209.0749969482422,7849852
2014-07-24,209.0,211.0,208.25,210.5625,4278600
2014-07-25,210.25,212.4499969482422,208.53750610351562,208.875,10665952
2014-07-28,209.625,209.9499969482422,207.0,207.3874969482422,3884952
2014-07-30,207.75,210.47500610351562,206.71249389648438,209.6999969482422,4685380
2014-07-31,209.47500610351562,209.97500610351562,207.1374969482422,208.5,11901344
2014-08-01,206.5124969482422,206.9499969482422,203.0,203.8625030517578,6828460
2014-08-04,204.75,205.6750030517578,201.77499389648438,203.25,7363044
2014-08-05,204.25,205.75,202.47500610351562,205.0500030517578,6077104
2014-08-06,203.7624969482422,204.8874969482422,201.83749389648438,202.5,3381400
2014-08-07,203.22500610351562,204.625,202.5,202.875,3933740
2014-08-08,201.25,201.9499969482422,198.75,199.03750610351562,7450680
2014-08-11,200.25,200.71249389648438,197.85000610351562,198.2375030517578,5626224
2014-08-12,200.25,202.125,198.0,201.8000030517578,6603072
2014-08-13,202.5,203.9375,200.66250610351562,203.10000610351562,7839820
2014-08-14,203.52499389648438,207.91250610351562,203.3249969482422,206.6750030517578,11873224
2014-08-18,207.5,208.625,205.89999389648438,208.08749389648438,6702168
2014-08-19,208.25,209.375,205.5625,205.96249389648438,7892856
2014-08-20,207.25,208.64999389648438,204.75,205.1374969482422,9434852
2014-08-21,205.5,208.8000030517578,205.25,208.125,6390480
2014-08-22,208.58749389648438,212.1875,207.0124969482422,211.6875,10015288
2014-08-25,210.75,213.1999969482422,209.3000030517578,210.8625030517578,6656064
2014-08-26,211.125,212.125,209.52499389648438,210.625,4165256
2014-08-27,211.5,211.5,208.5,209.14999389648438,4852968
2014-08-28,209.375,211.375,208.5,210.8874969482422,7991452
2014-09-01,211.47500610351562,212.25,209.64999389648438,210.3000030517578,4154656
2014-09-02,210.77499389648438,215.27499389648438,209.66250610351562,214.8000030517578,11442252
2014-09-03,216.25,216.25,212.89999389648438,214.16250610351562,9234780
2014-09-04,214.5124969482422,214.75,212.125,212.96249389648438,6406968
2014-09-05,213.0,213.8874969482422,211.02499389648438,212.1125030517578,3835208
2014-09-08,212.75,216.9499969482422,212.3625030517578,216.1875,9788344
2014-09-09,215.02499389648438,217.47500610351562,214.4499969482422,216.39999389648438,7661044
2014-09-10,216.25,216.25,213.52499389648438,214.3249969482422,4314252
2014-09-11,214.35000610351562,215.77499389648438,213.25,213.58749389648438,6532864
2014-09-12,212.52499389648438,214.5,212.2375030517578,213.9250030517578,6086556
2014-09-15,212.5,216.25,212.5,215.08749389648438,5809088
2014-09-16,215.25,215.5124969482422,212.0,212.75,5076268
2014-09-17,213.75,213.97500610351562,210.52499389648438,211.60000610351562,7905896
2014-09-18,211.1875,215.25,210.5625,214.53750610351562,6652568
2014-09-19,215.0,216.25,212.85000610351562,215.0625,6542108
2014-09-22,214.2375030517578,214.625,212.75,214.21249389648438,6534316
2014-09-23,214.0124969482422,214.46249389648438,211.39999389648438,212.21249389648438,4716976
2014-09-24,211.77499389648438,214.3249969482422,211.2624969482422,213.8625030517578,6665496
2014-09-25,213.25,216.39999389648438,210.52499389648438,212.4875030517578,16595960
2014-09-26,212.4875030517578,219.75,211.25,217.91250610351562,9882252
2014-09-29,218.25,219.33749389648438,215.3000030517578,216.27499389648438,8682268
2014-09-30,216.0500030517578,219.9499969482422,215.28750610351562,218.16250610351562,12035432
2014-10-01,216.5,217.78750610351562,215.125,217.0,5870188
2014-10-07,216.25,216.75,213.52499389648438,215.6125030517578,5026288
2014-10-08,215.1374969482422,217.5,214.5749969482422,216.89999389648438,3140384
2014-10-09,218.5,223.2375030517578,217.0625,221.89999389648438,7650420
2014-10-10,220.7624969482422,221.28750610351562,216.22500610351562,216.8249969482422,4266980
2014-10-13,216.0,219.5,213.91250610351562,219.1999969482422,5376512
2014-10-14,221.25,221.4875030517578,216.28750610351562,217.08749389648438,7266240
2014-10-15,217.08749389648438,217.08749389648438,217.08749389648438,217.08749389648438,0
2014-10-16,217.10000610351562,218.5,213.7624969482422,214.71249389648438,5533084
2014-10-17,215.0625,222.02499389648438,214.27499389648438,221.3125,9977920
2014-10-20,223.5,227.39999389648438,222.53750610351562,223.4499969482422,9532004
2014-10-21,225.0,226.4375,221.91250610351562,223.8874969482422,16037152
2014-10-22,226.2624969482422,226.58749389648438,222.8125,223.41250610351562,4571544
2014-10-27,224.7624969482422,226.8249969482422,223.53750610351562,224.3125,6724768
2014-10-28,224.75,225.0500030517578,223.5,223.8249969482422,5803492
2014-10-29,225.0500030517578,225.625,222.5,222.8874969482422,7896188
2014-10-30,222.47500610351562,224.9875030517578,221.77499389648438,224.16250610351562,10738180
2014-10-31,225.02499389648438,228.64999389648438,224.33749389648438,227.96249389648438,10105988
2014-11-03,228.8000030517578,229.8249969482422,226.35000610351562,227.6750030517578,7239648
2014-11-05,228.7624969482422,230.0749969482422,227.5625,228.1999969482422,7524180
2014-11-07,226.25,226.64999389648438,223.41250610351562,224.8625030517578,9028492
2014-11-10,224.875,227.08749389648438,223.25,226.16250610351562,6389756
2014-11-11,226.47500610351562,229.3249969482422,225.60000610351562,226.97500610351562,5913408
2014-11-12,227.75,229.97500610351562,226.03750610351562,227.9375,9058664
2014-11-13,228.875,230.0,225.97500610351562,228.9875030517578,7388952
2014-11-14,229.5500030517578,233.25,227.9375,232.52499389648438,8438056
2014-11-17,232.5,233.5,227.0,229.7375030517578,13464084
2014-11-18,230.25,233.75,228.0,233.0500030517578,9189112
2014-11-19,233.7624969482422,234.4250030517578,230.53750610351562,231.6374969482422,3454848
2014-11-20,231.9875030517578,231.9875030517578,228.02499389648438,229.5500030517578,4770372
2014-11-21,230.3000030517578,233.75,228.5124969482422,233.21249389648438,8823808
2014-11-24,233.08749389648438,237.5,232.02499389648438,236.3000030517578,7316860
2014-11-25,235.75,239.6999969482422,234.75,238.3874969482422,12156508
2014-11-26,234.9499969482422,239.97500610351562,233.3249969482422,237.8249969482422,8976428
2014-11-27,237.64999389648438,238.4499969482422,235.75,237.03750610351562,13211448
2014-11-28,237.0,241.47500610351562,236.75,239.28750610351562,9251860
2014-12-01,239.5749969482422,240.6125030517578,237.0500030517578,237.5,7389128
2014-12-02,235.4375,237.39999389648438,234.8000030517578,235.8249969482422,4517556
2014-12-03,235.5,236.0124969482422,233.0,233.27499389648438,6661184
2014-12-04,235.0,236.0625,233.0,235.35000610351562,6839104
2014-12-05,235.25,236.10000610351562,233.9250030517578,235.6875,4074180
2014-12-08,236.25,236.25,231.25,231.78750610351562,4057128
2014-12-09,231.2624969482422,233.75,231.2624969482422,231.6875,4873344
2014-12-10,231.52499389648438,233.75,231.3249969482422,232.85000610351562,5565432
2014-12-11,232.47500610351562,233.9375,231.25,233.39999389648438,4818844
2014-12-12,233.25,234.0500030517578,232.25,232.875,4616828
2014-12-15,232.5,236.0749969482422,232.0,235.375,6638628
2014-12-16,234.3874969482422,235.5,229.25,231.4375,4989956
2014-12-17,231.5,233.125,229.0,230.46249389648438,7064016
2014-12-18,233.14999389648438,234.125,230.5124969482422,233.5124969482422,6493828
2014-12-19,236.2624969482422,237.25,233.125,235.3625030517578,6114108
2014-12-22,238.5,241.52499389648438,235.625,240.9250030517578,8295612
2014-12-23,239.9250030517578,243.4875030517578,238.83749389648438,239.9375,7544080
2014-12-24,239.47500610351562,241.1999969482422,235.27499389648438,236.3125,16664812
2014-12-26,237.60000610351562,238.2375030517578,235.6374969482422,237.16250610351562,3366480
2014-12-29,237.52499389648438,239.0,237.0749969482422,237.9250030517578,3614800
2014-12-30,237.5,239.89999389648438,235.6875,239.1125030517578,5681200
2014-12-31,239.0,239.3249969482422,237.4375,237.89999389648438,4992528
2015-01-01,237.75,238.60000610351562,236.2624969482422,238.0124969482422,3544940
2015-01-02,237.60000610351562,242.3249969482422,237.60000610351562,241.3249969482422,5900384
2015-01-05,242.5,242.6374969482422,238.77499389648438,239.28750610351562,4796000
2015-01-06,238.5,239.1374969482422,234.3874969482422,235.5625,8219680
2015-01-07,234.9250030517578,237.83749389648438,234.0625,236.25,5746112
2015-01-08,238.5625,242.2375030517578,237.0500030517578,241.21249389648438,9525824
2015-01-09,243.22500610351562,245.0,241.64999389648438,243.91250610351562,8985184
2015-01-12,242.35000610351562,243.60000610351562,241.125,241.7624969482422,4126412
2015-01-13,242.2375030517578,242.9875030517578,238.9250030517578,240.83749389648438,5828348
2015-01-14,240.0124969482422,243.66250610351562,239.9250030517578,240.97500610351562,3685232
2015-01-15,247.5,249.5500030517578,242.6875,248.28750610351562,11398476
2015-01-16,250.5500030517578,253.72500610351562,249.6374969482422,250.33749389648438,7821308
2015-01-19,253.3125,255.0,250.7375030517578,251.1374969482422,4239492
2015-01-20,252.5,256.75,250.5,255.2375030517578,8505804
2015-01-21,256.8500061035156,258.23748779296875,254.58749389648438,254.9875030517578,6740612
2015-01-22,256.25,258.125,254.6374969482422,255.3125,6470680
2015-01-23,257.5,262.0,256.1000061035156,260.70001220703125,9987912
2015-01-27,260.75,269.4375,260.2250061035156,268.51251220703125,9962400
2015-01-28,267.5,273.29998779296875,263.75,264.5874938964844,11364940
2015-01-29,268.75,275.1499938964844,265.25,273.75,20567616
2015-01-30,273.63751220703125,273.63751220703125,266.0625,269.3374938964844,10570416
2015-02-02,267.125,273.25,263.0874938964844,270.3999938964844,5710352
2015-02-03,269.625,270.54998779296875,263.82501220703125,266.0249938964844,10200688
2015-02-04,265.75,270.20001220703125,264.3125,266.92498779296875,6197512
2015-02-05,268.75,273.20001220703125,267.5874938964844,269.125,8059148
2015-02-06,269.25,269.73748779296875,262.51251220703125,263.375,6903120
2015-02-09,261.75,262.9375,258.625,260.0249938964844,5231896
2015-02-10,257.5,265.57501220703125,257.5,263.61248779296875,9275752
2015-02-11,264.5,266.20001220703125,263.25,264.6000061035156,4161588
2015-02-12,266.2749938964844,270.4750061035156,263.17498779296875,269.0,5525740
2015-02-13,270.29998779296875,270.5,265.8999938964844,266.45001220703125,7714500
2015-02-16,268.95001220703125,271.25,265.625,266.88751220703125,7388716
2015-02-18,266.88751220703125,270.73748779296875,264.26251220703125,268.70001220703125,5381692
2015-02-19,268.5,271.2250061035156,265.95001220703125,269.95001220703125,4507004
2015-02-20,270.75,272.4750061035156,267.125,268.26251220703125,6206024
2015-02-23,269.2749938964844,270.38751220703125,265.5,266.875,5581564
2015-02-24,267.57501220703125,267.75,264.2749938964844,266.9125061035156,5846288
2015-02-25,267.5,268.70001220703125,262.5,263.11248779296875,4648524
2015-02-26,263.4125061035156,264.0,258.7749938964844,259.5375061035156,12426944
2015-02-27,261.36248779296875,264.63751220703125,261.36248779296875,263.5,10261784
2015-03-02,270.0874938964844,274.75,267.0,270.63751220703125,14385232
2015-03-03,271.61248779296875,273.0,269.26251220703125,270.8374938964844,6029348
2015-03-04,276.25,277.32501220703125,265.0,266.32501220703125,12277624
2015-03-05,266.25,272.5,265.625,271.2749938964844,9702452
2015-03-09,269.26251220703125,270.45001220703125,264.0,264.75,5755808
2015-03-10,265.5,265.5625,261.25,263.13751220703125,5134836
2015-03-11,262.7250061035156,265.4750061035156,262.5,264.11248779296875,5465536
2015-03-12,265.0249938964844,265.9750061035156,262.7749938964844,263.6499938964844,7530836
2015-03-13,265.0,266.0,258.6499938964844,260.6625061035156,5426780
2015-03-16,261.25,264.4750061035156,260.625,262.88751220703125,5348772
2015-03-17,265.0,266.4750061035156,260.7124938964844,264.51251220703125,5369304
2015-03-18,265.0375061035156,267.9750061035156,263.29998779296875,265.88751220703125,5148332
2015-03-19,267.75,268.45001220703125,262.17498779296875,263.04998779296875,5373572
2015-03-20,262.75,264.875,261.48748779296875,263.9750061035156,6483236
2015-03-23,263.98748779296875,264.8500061035156,261.5,261.9375,5446740
2015-03-24,260.82501220703125,264.25,258.86248779296875,259.48748779296875,8973564
2015-03-25,260.01251220703125,261.67498779296875,257.7749938964844,258.5625,10608900
2015-03-26,256.7250061035156,258.04998779296875,250.52499389648438,251.7375030517578,35800620
2015-03-27,253.7375030517578,255.8874969482422,252.02499389648438,253.66250610351562,10840896
2015-03-30,255.0,259.75,253.1999969482422,259.2250061035156,6955144
2015-03-31,259.9750061035156,259.9750061035156,253.71249389648438,255.6750030517578,5962256
2015-04-01,256.5249938964844,259.2124938964844,253.25,258.3125,3844196
2015-04-06,258.75,259.2124938964844,254.9499969482422,257.98748779296875,7151172
2015-04-07,258.3125,259.54998779296875,255.91250610351562,258.1875,6197072
2015-04-08,260.01251220703125,260.61248779296875,257.51251220703125,258.88751220703125,4106144
2015-04-09,259.5625,264.75,257.5,264.0249938964844,7002784
2015-04-10,263.25,263.25,258.7124938964844,260.6625061035156,6119324
2015-04-13,260.0,261.57501220703125,258.70001220703125,259.70001220703125,4563236
2015-04-15,260.0,262.17498779296875,256.29998779296875,257.9125061035156,4893996
2015-04-16,257.0,258.38751220703125,254.5,257.4125061035156,5610120
2015-04-17,256.2749938964844,256.9624938964844,254.0124969482422,254.5625,4049012
2015-04-20,255.0,256.25,250.64999389648438,251.27499389648438,5188880
2015-04-21,251.25,253.60000610351562,248.89999389648438,250.75,6510744
2015-04-22,251.625,255.25,248.375,253.27499389648438,6765936
2015-04-23,255.0124969482422,256.04998779296875,251.52499389648438,253.375,9627828
2015-04-24,254.72500610351562,254.75,250.08749389648438,251.6125030517578,7205244
2015-04-27,251.7375030517578,253.125,249.0,251.3625030517578,7370704
2015-04-28,249.8874969482422,252.8625030517578,247.52499389648438,251.1374969482422,7942108
2015-04-29,251.0,252.375,247.0,248.28750610351562,7863564
2015-04-30,247.75,248.75,244.7624969482422,247.1999969482422,15143684
2015-05-04,248.5124969482422,252.375,248.0,250.2375030517578,3141448
2015-05-05,249.7624969482422,250.97500610351562,246.46249389648438,246.91250610351562,5138004
2015-05-06,246.875,246.875,241.375,242.64999389648438,11007696
2015-05-07,242.0,242.5,236.0500030517578,237.8249969482422,11736664
2015-05-08,240.375,246.9499969482422,238.85000610351562,245.5,11571932
2015-05-11,246.5124969482422,248.1875,243.5124969482422,247.5749969482422,6731344
2015-05-12,247.5,247.5,241.75,242.9875030517578,11107568
2015-05-13,243.96249389648438,248.35000610351562,242.89999389648438,247.5625,7791848
2015-05-14,247.25,248.71249389648438,243.5,247.7624969482422,4455188
2015-05-15,248.72500610351562,249.3874969482422,246.0500030517578,247.52499389648438,8153624
2015-05-18,249.0,253.0,248.0,252.46249389648438,5713304
2015-05-19,251.58749389648438,254.5,249.52499389648438,251.8874969482422,4786348
2015-05-20,252.41250610351562,256.70001220703125,252.3874969482422,256.01251220703125,4008840
2015-05-21,256.0,257.5,253.77499389648438,256.17498779296875,3934380
2015-05-22,256.17498779296875,257.25,254.58749389648438,256.07501220703125,4689536
2015-05-25,257.1000061035156,257.75,254.39999389648438,255.8874969482422,4369060
2015-05-26,256.11248779296875,257.54998779296875,254.5124969482422,256.8500061035156,4906344
2015-05-27,255.9499969482422,260.0,255.35000610351562,259.5375061035156,3218592
2015-05-28,259.76251220703125,260.92498779296875,255.5500030517578,257.3500061035156,9561160
2015-05-29,257.48748779296875,263.5,256.7875061035156,262.63751220703125,5058680
2015-06-01,262.23748779296875,264.0,257.75,259.04998779296875,3841320
2015-06-02,259.6000061035156,260.07501220703125,251.22500610351562,252.1999969482422,4726008
2015-06-03,252.25,254.25,249.5,251.3874969482422,5824832
2015-06-04,252.21249389648438,254.46249389648438,248.75,253.7375030517578,5557588
2015-06-05,252.5625,254.625,250.625,252.9375,6753860
2015-06-08,251.0625,253.0625,248.8874969482422,250.8625030517578,3811996
2015-06-09,251.25,251.5,249.27499389648438,250.46249389648438,6040260
2015-06-10,249.5,254.75,249.25,253.89999389648438,7986248
2015-06-11,254.39999389648438,254.6374969482422,248.6750030517578,250.0500030517578,9094176
2015-06-12,250.25,252.71249389648438,247.53750610351562,252.28750610351562,6528344
2015-06-15,250.5,253.4375,250.0,251.3000030517578,5999828
2015-06-16,250.0,252.6125030517578,249.2624969482422,252.10000610351562,6010524
2015-06-17,252.25,253.375,249.875,251.1750030517578,9686268
2015-06-18,251.47500610351562,255.9499969482422,250.5625,254.89999389648438,8431716
2015-06-19,256.20001220703125,258.73748779296875,253.28750610351562,257.625,3742324
2015-06-22,258.0249938964844,264.2250061035156,257.125,261.7875061035156,5449652
2015-06-23,263.0,265.29998779296875,260.625,263.0249938964844,5655180
2015-06-24,263.5,264.45001220703125,260.67498779296875,261.45001220703125,6267396
2015-06-25,262.0625,267.7124938964844,260.6625061035156,266.25,16573568
2015-06-26,266.75,267.73748779296875,262.875,265.7124938964844,5647504
2015-06-29,261.2250061035156,265.4375,257.625,264.1625061035156,6487836
2015-06-30,263.0625,268.0,262.0,266.7875061035156,7290136
2015-07-01,265.3374938964844,269.25,265.01251220703125,268.0874938964844,4971188
2015-07-02,266.25,266.92498779296875,263.9125061035156,264.54998779296875,4483444
2015-07-03,263.51251220703125,269.0375061035156,263.51251220703125,268.5625,4039288
2015-07-06,266.01251220703125,271.25,265.0625,270.875,3267780
2015-07-07,269.625,272.875,269.625,271.7124938964844,4141472
2015-07-08,269.7749938964844,270.1499938964844,266.5,267.2124938964844,5400676
2015-07-09,265.67498779296875,269.2250061035156,265.0249938964844,268.51251220703125,2797964
2015-07-10,267.45001220703125,273.75,267.125,272.6875,4900088
2015-07-13,271.25,276.4750061035156,271.25,274.0375061035156,7076084
2015-07-14,273.875,275.4750061035156,271.5,272.9624938964844,5674116
2015-07-15,273.25,275.36248779296875,272.70001220703125,274.17498779296875,3849404
2015-07-16,274.70001220703125,279.75,274.5249938964844,278.67498779296875,7310424
2015-07-17,279.8500061035156,280.4375,276.3999938964844,277.63751220703125,3510988
2015-07-20,278.98748779296875,279.75,276.75,278.8125,4551268
2015-07-21,279.13751220703125,282.0,273.2749938964844,274.51251220703125,11028136
2015-07-22,274.1000061035156,279.26251220703125,272.1625061035156,278.6000061035156,7286400
2015-07-23,278.2250061035156,279.17498779296875,275.0249938964844,276.9750061035156,5083172
2015-07-24,275.7875061035156,278.75,275.125,276.9624938964844,4761008
2015-07-27,275.9750061035156,276.125,267.5,273.9624938964844,3328572
2015-07-28,273.5,278.4750061035156,273.11248779296875,277.125,6345672
2015-07-29,276.2749938964844,279.4750061035156,276.26251220703125,277.0874938964844,3943032
2015-07-30,276.75,279.25,275.2749938964844,277.63751220703125,9462188
2015-07-31,278.8999938964844,280.25,275.75,277.9125061035156,5649500
2015-08-03,278.1875,279.375,273.36248779296875,273.8500061035156,4345728
2015-08-04,274.5249938964844,275.5,270.48748779296875,271.61248779296875,5390928
2015-08-05,273.0375061035156,274.42498779296875,271.29998779296875,273.04998779296875,4122780
2015-08-06,272.9750061035156,275.3374938964844,271.36248779296875,273.98748779296875,3743712
2015-08-07,273.48748779296875,274.375,272.1499938964844,273.1625061035156,3227140
2015-08-10,273.75,276.48748779296875,272.0,273.6625061035156,3954376
2015-08-11,273.76251220703125,274.7124938964844,271.0625,273.67498779296875,2727688
2015-08-12,272.1000061035156,273.7250061035156,266.92498779296875,267.61248779296875,6005740
2015-08-13,269.25,270.67498779296875,266.6499938964844,269.38751220703125,3465052
2015-08-14,270.7749938964844,275.9125061035156,269.9750061035156,275.45001220703125,3601660
2015-08-17,274.76251220703125,275.45001220703125,268.95001220703125,272.875,2500212
2015-08-18,272.8999938964844,274.0249938964844,269.61248779296875,271.5874938964844,1857316
2015-08-19,271.2124938964844,271.75,268.75,270.4624938964844,3004576
2015-08-20,267.0,271.1875,267.0,268.67498779296875,3044852
2015-08-21,266.0,268.23748779296875,262.75,265.32501220703125,7758972
2015-08-24,261.17498779296875,261.17498779296875,252.8125,254.7624969482422,14686328
2015-08-25,256.17498779296875,258.07501220703125,251.4250030517578,254.6125030517578,12347920
2015-08-26,254.35000610351562,257.25,252.25,253.375,5573000
2015-08-27,256.25,258.61248779296875,252.27499389648438,255.52499389648438,13873432
2015-08-28,257.76251220703125,260.6875,254.85000610351562,256.98748779296875,5553136
2015-08-31,255.27499389648438,258.2250061035156,253.8874969482422,256.86248779296875,3441460
2015-09-01,255.3249969482422,255.3249969482422,248.25,250.02499389648438,10469144
2015-09-02,251.27499389648438,253.4875030517578,246.25,248.78750610351562,8681688
2015-09-03,250.5749969482422,253.75,249.75,252.5749969482422,6507368
2015-09-04,250.5500030517578,251.5,245.0,249.0124969482422,11404592
2015-09-07,250.25,252.4499969482422,245.0,246.1125030517578,5381740
2015-09-08,246.6750030517578,252.5,244.25,251.0124969482422,7444488
2015-09-09,253.625,256.25,251.25,254.0749969482422,6553120
2015-09-10,250.75,254.2375030517578,249.0749969482422,252.75,4463740
2015-09-11,253.625,255.0,251.6999969482422,252.625,4301760
2015-09-14,252.21249389648438,255.5749969482422,250.875,254.9250030517578,5060344
2015-09-15,254.4875030517578,254.91250610351562,252.02499389648438,253.28750610351562,4332728
2015-09-16,254.72500610351562,257.0249938964844,252.8874969482422,255.83749389648438,4254052
2015-09-18,258.75,265.5,257.7875061035156,262.4375,7841168
2015-09-21,259.48748779296875,263.75,259.0874938964844,263.23748779296875,4276688
2015-09-22,262.51251220703125,265.0,256.32501220703125,257.6625061035156,6025212
2015-09-23,254.8000030517578,263.36248779296875,254.66250610351562,262.29998779296875,5161152
2015-09-24,261.75,263.5,259.0,262.8500061035156,8252836
2015-09-28,263.75,265.0,260.7749938964844,261.6000061035156,5777108
2015-09-29,258.0,268.4750061035156,256.2749938964844,266.20001220703125,10418840
2015-09-30,267.0,268.25,265.3374938964844,267.20001220703125,9027796
2015-10-01,268.79998779296875,269.2250061035156,264.8374938964844,266.9125061035156,5034788
2015-10-05,269.29998779296875,276.20001220703125,269.29998779296875,274.5874938964844,8053372
2015-10-06,276.75,276.9750061035156,270.75,271.48748779296875,4758964
2015-10-07,272.0,274.5874938964844,270.8374938964844,271.9375,4386268
2015-10-08,272.0249938964844,272.67498779296875,268.8500061035156,270.7749938964844,3881908
2015-10-09,273.75,273.75,270.04998779296875,271.5375061035156,3443228
2015-10-12,271.92498779296875,273.875,269.45001220703125,270.13751220703125,2217340
2015-10-13,268.88751220703125,270.5375061035156,268.29998779296875,269.0874938964844,1823652
2015-10-14,267.20001220703125,271.625,266.76251220703125,271.1875,2749148
2015-10-15,271.42498779296875,274.125,270.25,271.0375061035156,3925952
2015-10-16,272.5,275.375,271.25,275.01251220703125,4843688
2015-10-19,275.0,275.5249938964844,273.57501220703125,274.45001220703125,2654220
2015-10-20,274.5,275.7250061035156,272.79998779296875,273.7250061035156,3851356
2015-10-21,274.7250061035156,276.0,271.25,273.75,7273204
2015-10-23,274.86248779296875,278.42498779296875,274.0,277.125,4467048
2015-10-26,278.48748779296875,278.54998779296875,274.25,275.375,4887984
2015-10-27,273.88751220703125,278.5,273.88751220703125,277.7250061035156,8984032
2015-10-28,276.26251220703125,281.0,276.26251220703125,277.875,7694760
2015-10-29,277.5,278.625,275.0,275.88751220703125,6702368
2015-10-30,275.5,278.0,272.61248779296875,274.8999938964844,8097460
2015-11-02,273.76251220703125,273.9750061035156,269.125,270.7749938964844,3156552
2015-11-03,272.73748779296875,273.0,269.79998779296875,271.2250061035156,2548592
2015-11-04,272.51251220703125,274.5249938964844,269.5625,270.42498779296875,2696444
2015-11-05,269.625,270.75,267.375,269.9624938964844,3596952
2015-11-06,270.17498779296875,272.25,268.8125,270.2250061035156,5881004
2015-11-09,264.5,267.4125061035156,262.75,266.20001220703125,11429432
2015-11-10,265.01251220703125,266.25,263.11248779296875,263.6499938964844,4402580
2015-11-13,262.3500061035156,263.75,260.25,263.01251220703125,3940028
2015-11-16,262.1875,266.25,261.3125,265.23748779296875,4734732
2015-11-17,265.82501220703125,265.95001220703125,262.79998779296875,265.20001220703125,2567404
2015-11-18,265.42498779296875,266.4624938964844,261.57501220703125,262.1499938964844,2446720
2015-11-19,263.75,267.73748779296875,262.3999938964844,267.2250061035156,3277680
2015-11-20,266.2250061035156,270.0625,265.0,267.7124938964844,4648160
2015-11-23,268.5,268.875,264.76251220703125,266.51251220703125,3408280
2015-11-24,266.3125,268.375,265.5249938964844,266.0874938964844,4002252
2015-11-26,264.75,266.75,262.7749938964844,265.98748779296875,8791484
2015-11-27,266.2124938964844,270.54998779296875,265.23748779296875,269.8500061035156,6925072
2015-11-30,269.79998779296875,270.25,267.42498779296875,269.4375,5247776
2015-12-01,269.26251220703125,271.2250061035156,268.375,270.75,1895332
2015-12-02,272.5,273.17498779296875,267.9624938964844,269.45001220703125,2562284
2015-12-03,268.125,270.25,266.82501220703125,269.1875,3807712
2015-12-04,268.3999938964844,268.3999938964844,264.0,264.7250061035156,5859828
2015-12-07,267.04998779296875,267.7749938964844,265.2749938964844,265.48748779296875,5814808
2015-12-08,265.25,265.4750061035156,261.75,262.3125,4902660
2015-12-09,261.7749938964844,264.25,261.2124938964844,261.86248779296875,3890616
2015-12-10,261.25,265.79998779296875,260.57501220703125,265.1499938964844,6514340
2015-12-11,265.0,265.1499938964844,260.5,261.5874938964844,3033920
2015-12-14,260.25,264.9624938964844,260.0249938964844,263.76251220703125,5878016
2015-12-15,263.25,265.61248779296875,261.32501220703125,264.86248779296875,4557416
2015-12-16,265.75,268.3374938964844,264.8374938964844,266.82501220703125,6842768
2015-12-17,268.4750061035156,271.0,266.25,270.0625,4878012
2015-12-18,271.25,271.25,267.125,268.25,3172128
2015-12-21,267.9375,269.9750061035156,267.26251220703125,268.8500061035156,3097500
2015-12-22,268.625,269.125,266.0,266.61248779296875,2429536
2015-12-23,268.1499938964844,269.48748779296875,267.2875061035156,268.5249938964844,3013968
2015-12-24,269.04998779296875,269.1000061035156,267.07501220703125,268.5,2146352
2015-12-28,268.5,269.9750061035156,266.9375,269.3125,7755428
2015-12-29,269.73748779296875,269.9624938964844,267.82501220703125,269.48748779296875,4231612
2015-12-30,270.0,270.48748779296875,268.13751220703125,268.57501220703125,2112560
2015-12-31,268.75,271.2250061035156,268.75,270.5375061035156,9290008
2016-01-01,270.6000061035156,272.5625,269.0375061035156,272.1875,3195076
2016-01-04,271.0,271.0,267.0249938964844,267.625,5187536
2016-01-05,267.54998779296875,268.70001220703125,265.3374938964844,265.6000061035156,3160872
2016-01-06,264.1625061035156,269.1875,264.1625061035156,266.7749938964844,4165536
2016-01-07,265.0249938964844,266.2250061035156,262.42498779296875,264.04998779296875,6055428
2016-01-08,265.48748779296875,266.125,264.3125,265.5874938964844,3488356
2016-01-11,263.01251220703125,265.25,261.32501220703125,264.6499938964844,3288912
2016-01-12,265.9750061035156,265.9750061035156,260.875,261.73748779296875,4258736
2016-01-13,263.0,265.6875,259.25,265.0375061035156,4515148
2016-01-14,262.5375061035156,264.3500061035156,259.875,262.4375,6279184
2016-01-15,262.0,263.86248779296875,259.5249938964844,260.5375061035156,5417260
2016-01-18,258.9125061035156,260.36248779296875,255.25,256.4624938964844,6495388
2016-01-19,256.79998779296875,259.38751220703125,256.57501220703125,258.95001220703125,6405212
2016-01-20,256.25,277.0,251.97500610351562,254.5749969482422,9563588
2016-01-21,255.25,258.3125,253.35000610351562,255.75,6300804
2016-01-22,256.42498779296875,261.0625,255.5124969482422,257.57501220703125,4236284
2016-01-25,259.98748779296875,261.67498779296875,258.26251220703125,260.2875061035156,10143884
2016-01-27,262.11248779296875,262.17498779296875,258.25,258.9125061035156,4039468
2016-01-28,259.75,261.7250061035156,257.5,257.92498779296875,9951972
2016-01-29,258.79998779296875,263.73748779296875,258.79998779296875,262.4624938964844,5360184
2016-02-01,264.5,266.75,263.42498779296875,264.9375,4609484
2016-02-02,266.25,266.3125,262.54998779296875,263.45001220703125,6528628
2016-02-03,261.125,262.8500061035156,260.5,260.9624938964844,4850244
2016-02-04,262.0,263.7250061035156,261.38751220703125,262.29998779296875,5675992
2016-02-05,263.20001220703125,265.95001220703125,261.3999938964844,263.8125,7523904
2016-02-08,263.75,264.5,257.57501220703125,258.9624938964844,3481924
2016-02-09,256.67498779296875,257.88751220703125,255.16250610351562,256.51251220703125,5535460
2016-02-10,255.97500610351562,257.5375061035156,252.52499389648438,253.2375030517578,7682280
2016-02-11,252.5,253.25,242.0500030517578,243.8249969482422,8803600
2016-02-12,244.75,246.6125030517578,241.5,242.85000610351562,12542144
2016-02-15,245.0,247.0625,242.77499389648438,243.39999389648438,10912960
2016-02-16,245.375,245.5,240.5,243.3625030517578,7136096
2016-02-17,244.22500610351562,244.97500610351562,239.75,243.72500610351562,7503924
2016-02-18,246.5,247.8125,244.25,247.3625030517578,6799856
2016-02-19,247.1875,248.14999389648438,243.375,247.3249969482422,3328660
2016-02-22,245.75,249.0,245.75,247.1875,4002396
2016-02-23,246.22500610351562,246.375,241.5,242.5124969482422,6078320
2016-02-24,240.0,240.72500610351562,236.60000610351562,237.39999389648438,6463468
2016-02-25,238.5,239.3125,234.5500030517578,235.66250610351562,8463196
2016-02-26,237.5,242.75,236.25,240.25,6209388
2016-02-29,240.27499389648438,245.64999389648438,232.0,242.96249389648438,8812752
2016-03-01,243.7375030517578,246.6875,242.96249389648438,246.03750610351562,4322560
2016-03-02,249.5,252.72500610351562,248.75,251.8000030517578,6358976
2016-03-03,252.6875,255.0,252.5,253.96249389648438,4610400
2016-03-04,253.8625030517578,256.2250061035156,248.27499389648438,255.1374969482422,5704624
2016-03-08,256.0,256.0,252.375,253.53750610351562,1913688
2016-03-09,253.25,257.4750061035156,251.6875,256.20001220703125,6528172
2016-03-10,256.20001220703125,256.4375,252.52499389648438,255.3125,2671392
2016-03-11,254.97500610351562,257.70001220703125,253.25,257.17498779296875,4730856
2016-03-14,257.0,259.48748779296875,256.3125,256.88751220703125,3008656
2016-03-15,256.9750061035156,258.3500061035156,255.41250610351562,256.67498779296875,7690036
2016-03-16,256.75,258.5625,254.7375030517578,257.61248779296875,4803548
2016-03-17,258.73748779296875,259.75,252.78750610351562,254.60000610351562,5113484
2016-03-18,255.7375030517578,258.0,253.83749389648438,257.1000061035156,4135068
2016-03-21,258.25,261.8374938964844,258.0625,261.3999938964844,5318796
2016-03-22,261.625,264.1499938964844,260.17498779296875,263.4624938964844,4120264
2016-03-23,263.26251220703125,263.26251220703125,260.13751220703125,262.3374938964844,8464300
2016-03-28,261.25,263.25,260.4125061035156,261.875,11270868
2016-03-29,261.875,264.875,261.0625,263.45001220703125,6733952
2016-03-30,264.5,267.4750061035156,263.4750061035156,266.23748779296875,7814380
2016-03-31,266.7124938964844,269.7250061035156,266.26251220703125,267.7875061035156,20080392
2016-04-01,267.20001220703125,269.1000061035156,264.20001220703125,266.11248779296875,5158648
2016-04-04,266.29998779296875,268.20001220703125,266.0,267.26251220703125,6179960
2016-04-05,267.25,269.2250061035156,263.9125061035156,264.36248779296875,6663028
2016-04-06,265.25,266.73748779296875,264.1875,265.375,4295376
2016-04-07,266.0,266.1875,261.76251220703125,263.875,3911692
2016-04-08,263.75,265.8374938964844,263.5625,264.8374938964844,2962796
2016-04-11,265.07501220703125,268.5249938964844,260.7124938964844,267.73748779296875,4049620
2016-04-12,267.3999938964844,267.75,264.8125,265.75,4941480
2016-04-13,268.0,271.23748779296875,267.375,270.4375,4974604
2016-04-18,270.875,273.0,267.8999938964844,271.95001220703125,4117068
2016-04-20,272.9750061035156,275.0,270.88751220703125,274.4624938964844,3821352
2016-04-21,273.75,276.2875061035156,272.25,272.7875061035156,8191728
2016-04-22,272.375,275.2124938964844,271.29998779296875,273.0375061035156,7809320
2016-04-25,275.0,275.0,271.125,273.3125,5561960
2016-04-26,273.75,278.75,273.125,278.4624938964844,7053796
2016-04-27,277.4624938964844,281.25,277.25,281.04998779296875,5763636
2016-04-28,281.04998779296875,284.17498779296875,277.5874938964844,278.48748779296875,8089584
2016-04-29,278.45001220703125,284.0,276.54998779296875,283.0874938964844,5611940
2016-05-02,281.9375,282.5,279.0,279.4125061035156,3862716
2016-05-03,280.4750061035156,283.75,278.2875061035156,279.5,4695296
2016-05-04,279.375,283.625,278.5625,281.8374938964844,5292328
2016-05-05,282.0,283.6875,280.67498779296875,283.07501220703125,5214248
2016-05-06,283.0,283.0625,279.3125,279.9125061035156,2733152
2016-05-09,280.0,286.23748779296875,279.75,285.3500061035156,6953180
2016-05-10,285.875,286.875,284.0249938964844,286.2250061035156,5453000
2016-05-11,283.67498779296875,286.25,282.42498779296875,284.70001220703125,6147372
2016-05-12,286.0,288.0,283.125,287.2749938964844,4221688
2016-05-13,287.0,287.0,282.5,285.2250061035156,5045316
2016-05-16,286.25,291.4750061035156,283.13751220703125,290.70001220703125,4518768
2016-05-17,291.26251220703125,292.3125,287.82501220703125,288.36248779296875,4295424
2016-05-18,287.75,287.75,282.875,285.1625061035156,4162644
2016-05-19,285.0249938964844,285.67498779296875,283.0,284.82501220703125,3855796
2016-05-20,284.98748779296875,287.125,283.3999938964844,285.2250061035156,2016632
2016-05-23,285.48748779296875,287.48748779296875,283.29998779296875,284.1875,3463532
2016-05-24,284.6000061035156,285.9125061035156,283.88751220703125,284.98748779296875,3259468
2016-05-25,286.57501220703125,293.98748779296875,286.57501220703125,293.32501220703125,5767348
2016-05-26,294.0249938964844,297.2250061035156,291.5625,295.8125,13705560
2016-05-27,295.8125,297.5,294.17498779296875,296.70001220703125,5775184
2016-05-30,296.75,298.75,294.5249938964844,294.9375,3814532
2016-05-31,296.4750061035156,296.4750061035156,294.3500061035156,295.4750061035156,5515640
2016-06-01,295.73748779296875,295.73748779296875,292.75,293.7875061035156,5675632
2016-06-02,293.67498779296875,295.1499938964844,292.75,293.73748779296875,7910616
2016-06-03,295.0249938964844,296.25,292.26251220703125,292.9375,4524420
2016-06-06,294.0,295.6000061035156,292.51251220703125,292.7749938964844,5547308
2016-06-07,294.23748779296875,295.0,291.9125061035156,293.42498779296875,5628504
2016-06-08,293.95001220703125,294.5,290.25,290.6499938964844,4742812
2016-06-09,290.625,291.04998779296875,288.125,289.8500061035156,4648184
2016-06-10,289.6000061035156,293.17498779296875,289.04998779296875,290.3374938964844,6322312
2016-06-13,288.6875,291.23748779296875,287.76251220703125,288.2250061035156,3323236
2016-06-14,288.75,289.25,286.0625,287.9624938964844,3828768
2016-06-15,288.75,292.7250061035156,288.29998779296875,292.38751220703125,3045824
2016-06-16,291.63751220703125,292.2124938964844,288.8374938964844,290.5375061035156,4727768
2016-06-17,291.75,294.5,291.38751220703125,292.5,3761652
2016-06-20,289.75,294.8125,289.70001220703125,293.01251220703125,2742764
2016-06-21,293.75,293.86248779296875,290.29998779296875,291.6625061035156,2670968
2016-06-22,291.5,293.75,291.5,292.875,3803840
2016-06-23,292.45001220703125,297.9624938964844,291.875,297.5249938964844,3926732
2016-06-24,289.9624938964844,292.9750061035156,286.75,290.4750061035156,11173964
2016-06-27,290.5,292.25,288.26251220703125,289.98748779296875,4163788
2016-06-28,290.3125,293.2749938964844,287.5,291.73748779296875,4034980
2016-06-29,291.25,292.375,289.92498779296875,292.07501220703125,5420668
2016-06-30,292.75,295.0,290.5375061035156,294.11248779296875,16278892
2016-07-01,295.0,296.25,292.95001220703125,293.625,4304876
2016-07-04,294.54998779296875,294.875,292.8500061035156,293.20001220703125,7249852
2016-07-05,293.20001220703125,293.57501220703125,290.5,291.3999938964844,2136328
2016-07-07,291.9750061035156,297.1875,290.2250061035156,296.4125061035156,4832616
2016-07-08,296.2749938964844,296.3999938964844,292.8125,293.7124938964844,3118868
2016-07-11,296.5,300.4750061035156,295.26251220703125,299.9375,5102532
2016-07-12,302.4750061035156,302.4750061035156,298.88751220703125,300.5375061035156,7046032
2016-07-13,299.95001220703125,300.48748779296875,298.32501220703125,299.4375,6687072
2016-07-14,300.25,300.5375061035156,298.04998779296875,300.0874938964844,3459668
2016-07-15,300.95001220703125,306.5,298.7749938964844,305.92498779296875,5774216
2016-07-18,306.25,309.625,305.6625061035156,306.86248779296875,4438484
2016-07-19,307.25,307.6875,303.4624938964844,304.5874938964844,2586004
2016-07-20,305.75,309.625,305.4375,308.04998779296875,4690332
2016-07-21,307.67498779296875,309.9750061035156,305.625,307.1499938964844,9112904
2016-07-22,308.3374938964844,308.6625061035156,305.375,307.70001220703125,5620272
2016-07-25,308.25,312.36248779296875,306.75,311.73748779296875,9872884
2016-07-26,310.6000061035156,311.4125061035156,308.7875061035156,309.70001220703125,5665992
2016-07-27,310.25,311.88751220703125,307.5,309.23748779296875,10734736
2016-07-28,309.5,312.8125,308.88751220703125,312.11248779296875,10646528
2016-07-29,312.0,312.5,308.75,311.54998779296875,3395676
2016-08-01,312.25,314.73748779296875,306.9125061035156,310.57501220703125,5560864
2016-08-02,311.75,314.11248779296875,310.1000061035156,310.82501220703125,5329396
2016-08-03,310.2749938964844,312.48748779296875,307.75,310.11248779296875,4733876
2016-08-04,311.6499938964844,311.67498779296875,308.3999938964844,310.25,4662880
2016-08-05,311.8500061035156,313.9125061035156,310.4375,312.3125,5784912
2016-08-08,313.2250061035156,313.75,311.13751220703125,312.3999938964844,4728776
2016-08-09,313.2250061035156,313.2250061035156,309.42498779296875,311.79998779296875,4210856
2016-08-10,311.25,312.73748779296875,304.9375,306.7250061035156,3619720
2016-08-11,306.70001220703125,308.75,305.5,307.0625,2856072
2016-08-12,307.76251220703125,308.75,304.8500061035156,307.17498779296875,4641496
2016-08-16,308.25,309.61248779296875,303.45001220703125,306.82501220703125,3468568
2016-08-17,308.3500061035156,309.375,306.5,308.7250061035156,5511036
2016-08-18,309.5,313.7250061035156,308.63751220703125,313.125,6111656
2016-08-19,312.5,312.5,310.36248779296875,311.7749938964844,4110636
2016-08-22,311.26251220703125,313.61248779296875,310.25,312.57501220703125,5501292
2016-08-23,312.75,313.5,311.51251220703125,312.86248779296875,5314524
2016-08-24,313.01251220703125,316.04998779296875,311.76251220703125,315.45001220703125,5570936
2016-08-25,316.0,316.70001220703125,313.57501220703125,314.63751220703125,8729888
2016-08-26,315.0,315.4750061035156,313.4750061035156,314.2749938964844,2521136
2016-08-29,313.875,313.875,309.04998779296875,309.5249938964844,2944184
2016-08-30,311.2749938964844,317.625,310.98748779296875,317.1625061035156,9867608
2016-08-31,317.25,323.75,316.375,322.79998779296875,11161364
2016-09-01,322.0,322.5,318.8500061035156,320.92498779296875,5224676
2016-09-02,321.375,322.25,320.2875061035156,321.2749938964844,3955188
2016-09-06,322.51251220703125,325.9750061035156,322.51251220703125,325.1000061035156,5508884
2016-09-07,325.25,326.25,320.7749938964844,321.6875,4016444
2016-09-08,322.5,323.8125,320.8999938964844,322.3500061035156,2905380
2016-09-09,322.5,323.625,319.57501220703125,322.6000061035156,4013768
2016-09-12,318.67498779296875,321.1000061035156,317.875,319.9750061035156,3985728
2016-09-14,318.75,319.25,316.3500061035156,317.36248779296875,3849508
2016-09-15,318.0,320.9750061035156,317.4624938964844,319.8999938964844,3501812
2016-09-16,320.95001220703125,326.125,320.95001220703125,324.4624938964844,6525816
2016-09-19,324.25,325.625,322.0,322.5375061035156,5894832
2016-09-20,323.1625061035156,323.75,321.01251220703125,322.11248779296875,3778248
2016-09-21,323.0,324.5,321.9750061035156,323.25,4256400
2016-09-22,326.25,329.23748779296875,325.13751220703125,326.7250061035156,6555800
2016-09-23,326.51251220703125,329.61248779296875,325.375,328.17498779296875,4876808
2016-09-26,326.5249938964844,327.2250061035156,323.42498779296875,324.0375061035156,5576772
2016-09-27,324.75,326.5375061035156,323.7124938964844,324.51251220703125,4056812
2016-09-28,324.9750061035156,325.0,322.25,323.8125,4989652
2016-09-29,324.48748779296875,326.5,316.98748779296875,319.375,16450012
2016-09-30,319.2749938964844,320.25,316.8500061035156,318.2124938964844,4138428
2016-10-03,320.25,322.4750061035156,319.1000061035156,321.79998779296875,3900548
2016-10-04,322.1499938964844,323.75,320.57501220703125,322.38751220703125,2775512
2016-10-05,324.5,325.01251220703125,319.1000061035156,321.5249938964844,3647020
2016-10-06,321.7749938964844,323.8999938964844,319.76251220703125,320.48748779296875,2895712
2016-10-07,321.0,321.9375,319.0625,320.1499938964844,3337464
2016-10-10,321.25,321.9750061035156,319.6875,321.0874938964844,4719312
2016-10-13,319.75,319.75,314.11248779296875,315.6875,4519356
2016-10-14,316.4375,317.0,313.5,315.45001220703125,4067116
2016-10-17,316.375,316.6000061035156,308.1875,309.42498779296875,5135360
2016-10-18,310.79998779296875,315.0,309.75,314.4624938964844,2610968
2016-10-19,315.2749938964844,315.75,312.0,314.5874938964844,3044904
2016-10-20,315.0625,316.86248779296875,312.75,313.875,3200356
2016-10-21,314.0,318.23748779296875,312.5,317.67498779296875,3956408
2016-10-24,317.9375,319.2124938964844,315.26251220703125,315.88751220703125,3255664
2016-10-25,317.0,317.0,311.01251220703125,312.57501220703125,5501796
2016-10-26,310.8374938964844,316.25,308.76251220703125,309.82501220703125,5366540
2016-10-27,309.75,314.25,306.0375061035156,313.0249938964844,11623860
2016-10-28,313.625,315.4750061035156,310.0249938964844,314.76251220703125,5320536
2016-11-01,314.0,315.9624938964844,311.76251220703125,314.95001220703125,3402416
2016-11-02,312.7749938964844,313.92498779296875,310.375,311.5375061035156,6474432
2016-11-03,311.25,315.0,307.9375,313.73748779296875,6315812
2016-11-04,313.20001220703125,313.20001220703125,310.4375,310.92498779296875,5734920
2016-11-07,313.0,313.7124938964844,310.0,312.36248779296875,5671392
2016-11-08,312.7749938964844,314.5,310.0249938964844,313.57501220703125,5348164
2016-11-09,300.0,314.3500061035156,298.8374938964844,312.8125,13645468
2016-11-10,315.9375,320.75,313.5249938964844,319.63751220703125,10700736
2016-11-11,318.5,320.5,316.3999938964844,318.95001220703125,7139320
2016-11-15,319.375,322.25,312.6625061035156,313.6875,12512524
2016-11-16,317.0,317.0,310.01251220703125,311.0874938964844,8647744
2016-11-17,309.57501220703125,312.2250061035156,306.2875061035156,307.54998779296875,4815624
2016-11-18,309.0,309.0,302.29998779296875,302.8500061035156,6879900
2016-11-21,304.875,304.875,297.0874938964844,299.67498779296875,5552520
2016-11-22,301.70001220703125,301.70001220703125,297.3374938964844,299.51251220703125,10017784
2016-11-23,300.75,300.75,295.2749938964844,296.1875,3532692
2016-11-24,296.0,296.57501220703125,290.2250061035156,291.375,15285996
2016-11-25,292.25,298.29998779296875,289.5,297.32501220703125,5969960
2016-11-28,295.0625,299.7250061035156,294.5249938964844,296.11248779296875,4130180
2016-11-29,296.17498779296875,298.23748779296875,294.125,294.6875,3932644
2016-11-30,296.25,300.5,295.2749938964844,299.8999938964844,6442840
2016-12-01,300.57501220703125,301.9750061035156,298.25,299.3125,4476984
2016-12-02,297.25,300.48748779296875,294.17498779296875,297.2749938964844,4062672
2016-12-05,296.8999938964844,299.73748779296875,294.125,299.0874938964844,4551936
2016-12-06,298.75,300.7124938964844,297.54998779296875,298.61248779296875,2702964
2016-12-07,300.4624938964844,301.4750061035156,291.75,295.3999938964844,5628192
2016-12-08,296.75,301.38751220703125,296.75,299.875,4309696
2016-12-09,299.7749938964844,300.57501220703125,297.0,299.57501220703125,4387952
2016-12-12,298.0,298.0375061035156,295.2749938964844,296.11248779296875,3425272
2016-12-13,295.0625,297.5874938964844,294.63751220703125,296.5625,2526868
2016-12-14,296.75,297.0,293.3500061035156,293.92498779296875,4314144
2016-12-15,291.04998779296875,298.625,290.8999938964844,294.1499938964844,4941488
2016-12-16,294.1499938964844,296.25,292.88751220703125,295.57501220703125,3255828
2016-12-19,294.20001220703125,294.875,292.625,294.1875,3160436
2016-12-20,294.0,296.25,292.92498779296875,295.4750061035156,4189992
2016-12-21,296.0,296.25,293.75,295.0,2658876
2016-12-22,294.1000061035156,294.875,292.1000061035156,293.2749938964844,2805716
2016-12-23,292.75,297.3125,292.32501220703125,296.5625,4752516
2016-12-26,294.63751220703125,296.5249938964844,292.5249938964844,293.75,4183864
2016-12-27,294.82501220703125,296.7250061035156,293.4750061035156,296.29998779296875,4899296
2016-12-28,297.4750061035156,298.73748779296875,295.25,296.6875,6507840
2016-12-29,296.25,301.98748779296875,295.36248779296875,301.29998779296875,8100816
2016-12-30,300.0,303.0,299.98748779296875,301.54998779296875,4066540
2017-01-02,302.36248779296875,302.5249938964844,298.01251220703125,299.2749938964844,3708656
2017-01-03,300.20001220703125,300.48748779296875,296.4375,297.4750061035156,3847500
2017-01-04,297.4624938964844,298.0,295.95001220703125,296.375,6967120
2017-01-05,297.25,298.625,295.7749938964844,296.54998779296875,6776384
2017-01-06,297.5249938964844,299.6000061035156,297.04998779296875,298.4125061035156,5525260
2017-01-09,299.7124938964844,301.0375061035156,298.0375061035156,298.79998779296875,4573796
2017-01-10,299.04998779296875,304.20001220703125,298.82501220703125,303.5874938964844,5546116
2017-01-11,304.375,309.5249938964844,303.875,308.5,9343404
2017-01-12,308.75,310.92498779296875,306.375,308.75,2916316
2017-01-13,309.75,309.92498779296875,307.1499938964844,308.125,3850412
2017-01-16,308.375,312.36248779296875,308.20001220703125,311.9125061035156,3765864
2017-01-17,311.75,313.1000061035156,309.0625,309.625,3559612
2017-01-18,310.2250061035156,314.0,310.2124938964844,310.6499938964844,4612888
2017-01-19,311.2250061035156,311.2250061035156,308.75,309.07501220703125,3512412
2017-01-20,309.0,311.25,307.5,309.0874938964844,13942068
2017-01-23,309.0,312.5,308.95001220703125,311.1625061035156,4793848
2017-01-24,312.5,317.875,312.3125,316.88751220703125,10261864
2017-01-25,318.1499938964844,323.8999938964844,317.5249938964844,322.6499938964844,15636984
2017-01-27,324.75,325.0,322.0,322.9750061035156,6852236
2017-01-30,323.23748779296875,323.23748779296875,320.13751220703125,321.23748779296875,5319628
2017-01-31,320.6000061035156,323.17498779296875,319.25,321.6625061035156,6101040
2017-02-01,321.54998779296875,327.5,320.125,326.42498779296875,10910664
2017-02-02,326.42498779296875,326.42498779296875,323.1499938964844,324.67498779296875,5971636
2017-02-03,324.75,329.0,324.125,327.76251220703125,8005104
2017-02-06,328.07501220703125,330.0,327.86248779296875,328.5249938964844,4310220
2017-02-07,329.0,329.5,325.73748779296875,326.7875061035156,3411920
2017-02-08,326.88751220703125,329.67498779296875,324.5375061035156,326.4125061035156,4940960
2017-02-09,327.3500061035156,329.9750061035156,323.13751220703125,324.4125061035156,4465376
2017-02-10,324.5874938964844,327.1875,324.5,325.8999938964844,3296736
2017-02-13,326.88751220703125,328.75,324.79998779296875,327.54998779296875,2795792
2017-02-14,328.5,328.5,326.0,327.7749938964844,2446060
2017-02-15,328.0,331.0,326.86248779296875,330.54998779296875,6126940
2017-02-16,330.75,333.25,330.0625,331.9750061035156,5043700
2017-02-17,361.25,363.5,340.11248779296875,344.26251220703125,402259960
2017-02-20,340.29998779296875,353.86248779296875,339.7875061035156,352.2749938964844,10566716
2017-02-21,351.51251220703125,355.45001220703125,349.3500061035156,353.88751220703125,6260028
2017-02-22,353.75,354.70001220703125,348.7124938964844,349.7875061035156,5296776
2017-02-23,350.95001220703125,355.3374938964844,346.76251220703125,348.57501220703125,34494980
2017-02-27,347.7250061035156,349.5874938964844,344.6499938964844,348.3999938964844,4681376
2017-02-28,348.2250061035156,349.0625,346.125,347.5249938964844,2928008
2017-03-01,349.11248779296875,349.125,346.6000061035156,347.9125061035156,3481736
2017-03-02,348.63751220703125,349.0,344.0625,345.0249938964844,4601988
2017-03-03,346.125,346.125,342.25,344.25,2492824
2017-03-06,344.20001220703125,347.4750061035156,343.2749938964844,345.1875,3679124
2017-03-07,345.5625,346.875,344.04998779296875,346.54998779296875,3112876
2017-03-08,346.9750061035156,349.79998779296875,345.26251220703125,348.04998779296875,3782144
2017-03-09,345.4125061035156,349.67498779296875,345.4125061035156,348.54998779296875,3509316
2017-03-10,348.75,352.0,348.2875061035156,350.0249938964844,5860704
2017-03-14,355.5249938964844,356.0375061035156,351.6625061035156,352.67498779296875,7155020
2017-03-15,352.73748779296875,355.0,352.63751220703125,354.1499938964844,4271860
2017-03-16,354.5249938964844,355.7124938964844,353.4125061035156,354.3374938964844,4980108
2017-03-17,354.63751220703125,356.875,353.2124938964844,356.4624938964844,3390464
2017-03-20,356.6625061035156,359.9624938964844,356.48748779296875,359.0249938964844,8142344
2017-03-21,358.5,361.25,358.5,360.23748779296875,5557280
2017-03-22,356.92498779296875,359.25,356.45001220703125,357.7250061035156,5636544
2017-03-23,358.6000061035156,358.75,355.7250061035156,357.7250061035156,4922472
2017-03-24,358.25,358.61248779296875,355.5,356.0874938964844,3810364
2017-03-27,356.0,356.0,351.01251220703125,352.4624938964844,5864084
2017-03-28,354.57501220703125,356.17498779296875,353.2749938964844,355.04998779296875,8061400
2017-03-29,355.20001220703125,358.70001220703125,355.0,357.1499938964844,8575772
2017-03-30,357.0,369.98748779296875,356.26251220703125,366.54998779296875,34321092
2017-03-31,363.45001220703125,363.5,359.13751220703125,360.63751220703125,9651392
2017-04-03,361.5,362.5249938964844,356.5,358.29998779296875,4149052
2017-04-05,358.8125,361.625,356.88751220703125,358.0874938964844,5744080
2017-04-06,357.875,360.75,356.26251220703125,359.625,6124416
2017-04-07,357.76251220703125,361.25,357.1499938964844,359.7124938964844,4648360
2017-04-10,360.75,360.75,358.1625061035156,358.5375061035156,3393876
2017-04-11,358.5,360.29998779296875,357.875,359.875,4356260
2017-04-12,359.75,362.48748779296875,358.875,360.92498779296875,3565092
2017-04-13,360.75,362.2250061035156,359.26251220703125,360.07501220703125,4804236
2017-04-17,360.07501220703125,360.95001220703125,357.0625,359.20001220703125,7137056
2017-04-18,360.0,363.75,359.5,361.82501220703125,3638860
2017-04-19,361.75,364.1875,359.5,362.25,4338144
2017-04-20,363.25,366.51251220703125,363.23748779296875,365.5375061035156,5781372
2017-04-21,366.5,374.75,363.32501220703125,374.1499938964844,17258032
2017-04-24,374.5249938964844,384.75,374.25,383.26251220703125,20206952
2017-04-25,383.76251220703125,386.375,382.3999938964844,384.26251220703125,9057780
2017-04-26,385.73748779296875,388.25,367.11248779296875,387.6625061035156,7795852
2017-04-27,386.5249938964844,393.48748779296875,386.5249938964844,392.1499938964844,16180420
2017-04-28,389.9750061035156,389.9750061035156,384.2749938964844,386.625,5437728
2017-05-02,386.75,387.7250061035156,382.5874938964844,385.1499938964844,4007040
2017-05-03,388.5625,388.5625,384.8374938964844,386.07501220703125,2507964
2017-05-04,384.8125,385.7250061035156,380.6499938964844,383.70001220703125,5131028
2017-05-05,385.5249938964844,385.7250061035156,381.57501220703125,383.04998779296875,2757896
2017-05-08,384.5,385.0,382.13751220703125,383.70001220703125,3747252
2017-05-09,383.70001220703125,386.3999938964844,383.1625061035156,383.9375,3345836
2017-05-10,385.0,388.75,384.26251220703125,387.95001220703125,2342244
2017-05-11,387.75,390.0,385.25,386.6000061035156,3875744
2017-05-12,386.4750061035156,389.2250061035156,384.04998779296875,387.9125061035156,6147604
2017-05-15,387.5,389.29998779296875,385.5625,388.3500061035156,2804780
2017-05-16,388.75,390.5,387.0625,389.9125061035156,3590376
2017-05-17,389.70001220703125,391.3500061035156,387.875,389.2875061035156,3472472
2017-05-18,387.25,390.375,387.0249938964844,389.2749938964844,3107280
2017-05-19,389.875,392.4750061035156,386.3125,390.3125,2854136
2017-05-22,391.2749938964844,395.0,390.7749938964844,394.0,2860052
2017-05-23,395.0,395.88751220703125,391.25,392.2749938964844,3080172
2017-05-24,392.26251220703125,393.86248779296875,390.5,391.6875,3467388
2017-05-25,391.7749938964844,407.3500061035156,391.7749938964844,404.2875061035156,20090804
2017-05-26,401.6625061035156,408.0,400.2749938964844,406.5,5443156
2017-05-29,404.95001220703125,412.0,404.4125061035156,407.9750061035156,5916340
2017-05-30,407.5,408.375,404.0375061035156,407.26251220703125,4434184
2017-05-31,406.25,410.75,405.7875061035156,409.04998779296875,5318912
2017-06-01,409.75,409.9624938964844,405.13751220703125,407.1499938964844,3359540
2017-06-02,408.5,411.5249938964844,406.54998779296875,408.5625,3213544
2017-06-05,408.42498779296875,409.73748779296875,406.25,408.88751220703125,2899900
2017-06-06,408.75,410.95001220703125,407.5,409.73748779296875,5002632
2017-06-07,410.1000061035156,411.2250061035156,407.5874938964844,410.20001220703125,2554276
2017-06-08,410.9750061035156,414.8500061035156,410.4125061035156,411.1875,4248768
2017-06-09,410.0249938964844,417.5,410.0249938964844,416.70001220703125,5305272
2017-06-12,416.0,419.0,415.0,417.1875,3971412
2017-06-13,415.4375,422.9750061035156,415.25,419.17498779296875,5051620
2017-06-14,418.75,419.98748779296875,416.75,417.79998779296875,3858360
2017-06-15,417.0,418.8999938964844,413.3999938964844,416.0874938964844,3526692
2017-06-16,416.25,418.67498779296875,414.5249938964844,417.3125,3755104
2017-06-19,417.75,424.0,417.1000061035156,423.2250061035156,3825532
2017-06-20,422.5,423.5,419.9624938964844,421.63751220703125,3660264
2017-06-21,420.6499938964844,425.3125,419.8999938964844,424.67498779296875,3410932
2017-06-22,423.73748779296875,429.0,422.79998779296875,424.5,6675460
2017-06-23,425.5,425.6875,418.79998779296875,419.6625061035156,5217468
2017-06-27,422.25,423.75,414.0625,416.9125061035156,6000432
2017-06-28,416.25,418.75,414.45001220703125,416.61248779296875,4449036
2017-06-29,416.75,420.4750061035156,412.7749938964844,415.76251220703125,9187708
2017-06-30,413.45001220703125,415.0,410.75,413.01251220703125,4330432
2017-07-03,413.1499938964844,416.875,411.8125,414.6499938964844,3504332
2017-07-04,415.0625,416.67498779296875,413.0,413.3374938964844,3766080
2017-07-05,413.2749938964844,414.875,411.25,412.1875,4014200
2017-07-06,413.13751220703125,415.75,412.8374938964844,414.5375061035156,4571676
2017-07-07,415.2124938964844,417.3999938964844,414.5,416.79998779296875,5517396
2017-07-10,417.0,437.0,415.26251220703125,419.0874938964844,1309252
2017-07-11,419.38751220703125,422.70001220703125,416.7749938964844,420.1000061035156,4410280
2017-07-12,420.0,421.25,414.63751220703125,420.3125,5738892
2017-07-13,422.0,423.32501220703125,419.9125061035156,420.88751220703125,4481004
2017-07-14,420.9750061035156,421.51251220703125,418.0,419.98748779296875,2443252
2017-07-17,420.63751220703125,421.9125061035156,419.25,420.5874938964844,2399340
2017-07-18,419.92498779296875,421.9624938964844,419.3374938964844,420.88751220703125,2322188
2017-07-19,421.25,424.04998779296875,420.4624938964844,423.07501220703125,3987244
2017-07-20,423.4750061035156,428.75,422.0375061035156,427.7250061035156,3698476
2017-07-21,428.5249938964844,428.8125,425.0,425.76251220703125,3873508
2017-07-24,427.5,435.0,423.75,433.7749938964844,19678176
2017-07-25,439.75,439.75,433.26251220703125,434.9125061035156,11160468
2017-07-26,435.5,438.75,433.125,436.88751220703125,3895344
2017-07-27,439.0,449.70001220703125,437.88751220703125,447.4125061035156,17961712
2017-07-28,443.0,446.625,440.2749938964844,444.625,9255396
2017-07-31,444.38751220703125,447.75,441.63751220703125,446.1000061035156,7369140
2017-08-01,445.4624938964844,452.2875061035156,443.04998779296875,449.29998779296875,8516860
2017-08-02,451.75,451.75,445.51251220703125,447.9125061035156,7397916
2017-08-03,447.0,448.0,443.6000061035156,444.98748779296875,4256784
2017-08-04,444.25,449.1875,441.5375061035156,447.5625,3545068
2017-08-07,446.5,449.11248779296875,446.25,447.13751220703125,1918660
2017-08-08,448.0249938964844,449.3125,441.5249938964844,444.4750061035156,4035372
2017-08-09,442.75,444.26251220703125,439.5874938964844,441.11248779296875,3270056
2017-08-10,440.0,441.5,438.2124938964844,440.11248779296875,7788444
2017-08-11,436.25,439.5,432.7875061035156,437.26251220703125,6359836
2017-08-14,438.25,443.73748779296875,437.0,439.29998779296875,3577084
2017-08-16,440.5874938964844,447.45001220703125,437.13751220703125,445.3125,4426832
2017-08-17,444.0625,445.23748779296875,438.4375,441.3500061035156,5454868
2017-08-18,440.0,440.25,435.75,438.0375061035156,3707464
2017-08-21,438.5,439.75,434.54998779296875,435.79998779296875,4009724
2017-08-22,437.82501220703125,438.5,434.20001220703125,436.75,6609556
2017-08-23,437.5,444.48748779296875,437.5,443.11248779296875,3360524
2017-08-24,443.7250061035156,443.73748779296875,439.7875061035156,440.625,7878276
2017-08-28,440.6000061035156,442.7875061035156,439.5874938964844,440.5625,1507784
2017-08-29,439.75,439.75,434.5,436.5375061035156,4918596
2017-08-30,437.98748779296875,442.5,437.51251220703125,442.13751220703125,2694320
2017-08-31,443.0,444.9624938964844,439.1000061035156,444.11248779296875,7303436
2017-09-01,445.25,445.36248779296875,440.2749938964844,441.8999938964844,2295172
2017-09-04,441.25,441.25,436.5249938964844,437.7250061035156,3642524
2017-09-05,439.25,441.2250061035156,437.75,438.8374938964844,3682436
2017-09-06,435.9375,440.70001220703125,434.5,439.9750061035156,5751632
2017-09-07,440.0249938964844,444.1875,440.0249938964844,441.63751220703125,6946420
2017-09-08,443.3500061035156,447.5,442.75,446.9125061035156,8311664
2017-09-11,448.25,457.25,447.54998779296875,455.8374938964844,11477676
2017-09-12,456.92498779296875,459.9750061035156,454.57501220703125,458.79998779296875,6687680
2017-09-13,458.75,462.25,456.0,460.4624938964844,4995376
2017-09-14,460.0375061035156,463.125,457.875,459.8500061035156,8154016
2017-09-15,459.0,462.95001220703125,458.36248779296875,462.23748779296875,3767332
2017-09-18,463.38751220703125,466.11248779296875,463.125,465.11248779296875,4084928
2017-09-19,466.2250061035156,467.0,461.88751220703125,462.42498779296875,4241468
2017-09-20,462.0,465.36248779296875,461.3125,462.2124938964844,3446128
2017-09-21,462.0,462.125,457.67498779296875,459.7749938964844,7712496
2017-09-22,458.70001220703125,459.73748779296875,455.0,456.0249938964844,8243524
2017-09-25,455.61248779296875,455.61248779296875,448.1499938964844,449.9375,10149228
2017-09-26,447.26251220703125,449.1499938964844,446.25,448.07501220703125,11438732
2017-09-27,449.0,451.3999938964844,442.5,444.125,7337220
2017-09-28,443.5,449.75,440.82501220703125,448.82501220703125,27646464
2017-09-29,450.0249938964844,455.5,449.0625,451.42498779296875,6213632
2017-10-03,452.0,455.25,449.2749938964844,452.2124938964844,4394424
2017-10-04,451.9750061035156,452.9750061035156,448.3374938964844,449.25,6625104
2017-10-05,448.75,451.25,448.2749938964844,449.6499938964844,3336196
2017-10-06,449.5,451.11248779296875,448.5,450.0249938964844,3030660
2017-10-09,449.70001220703125,450.75,447.625,448.875,3062492
2017-10-10,449.75,453.73748779296875,448.1625061035156,450.67498779296875,3798180
2017-10-11,450.8125,453.8125,446.8999938964844,447.5375061035156,5267440
2017-10-12,448.7749938964844,455.36248779296875,447.0,454.70001220703125,5381560
2017-10-13,456.67498779296875,464.13751220703125,455.5,462.70001220703125,6433464
2017-10-16,465.0,468.3125,460.5,464.2875061035156,3274544
2017-10-17,462.5,463.42498779296875,459.7749938964844,462.8125,2613288
2017-10-18,460.25,468.75,459.75,467.125,3926720
2017-10-19,465.45001220703125,466.25,460.1625061035156,462.1000061035156,570008
2017-10-23,464.9750061035156,467.42498779296875,459.01251220703125,465.82501220703125,4162892
2017-10-24,465.75,469.8999938964844,463.25,466.7749938964844,11328872
2017-10-25,465.0,465.75,446.25,448.7749938964844,21367208
2017-10-26,442.0,452.5,439.4624938964844,448.8374938964844,28571464
2017-10-27,451.1000061035156,451.875,444.75,447.76251220703125,7472088
2017-10-30,449.5625,454.0,448.1000061035156,453.75,5422352
2017-10-31,452.875,452.875,449.8125,452.125,4682460
2017-11-01,453.7749938964844,456.25,453.0,455.29998779296875,4190612
2017-11-02,455.75,457.45001220703125,454.23748779296875,455.5249938964844,4737944
2017-11-03,456.42498779296875,460.0,455.3999938964844,457.67498779296875,3810488
2017-11-06,456.25,460.0,455.6499938964844,457.1499938964844,6148244
2017-11-07,459.5,461.23748779296875,455.1875,455.92498779296875,7446376
2017-11-08,456.29998779296875,458.3999938964844,454.75,456.48748779296875,3283144
2017-11-09,456.75,458.75,455.2749938964844,456.9624938964844,3113308
2017-11-10,455.42498779296875,458.70001220703125,453.0874938964844,455.5,7744360
2017-11-13,455.5,455.7875061035156,448.75,453.38751220703125,3335872
2017-11-14,453.9750061035156,454.75,450.0,450.5874938964844,4712468
2017-11-15,449.5,450.9125061035156,447.0,450.0625,6148368
2017-11-16,451.0,454.0,448.79998779296875,451.92498779296875,4012972
2017-11-17,457.17498779296875,459.57501220703125,453.2875061035156,456.38751220703125,6358772
2017-11-20,457.25,459.92498779296875,457.25,459.5375061035156,2392424
2017-11-21,459.36248779296875,462.5,459.0249938964844,461.5625,2275532
2017-11-22,462.42498779296875,465.0,461.13751220703125,463.8125,5660796
2017-11-23,464.75,465.0,459.5,460.7124938964844,3232580
2017-11-24,460.75,464.45001220703125,460.25,462.8500061035156,5203684
2017-11-27,462.25,465.5,461.3999938964844,464.38751220703125,3870472
2017-11-28,464.0,467.75,463.9624938964844,466.3374938964844,5090540
2017-11-29,466.25,468.875,463.95001220703125,468.32501220703125,3274584
2017-11-30,467.17498779296875,468.48748779296875,460.0,463.42498779296875,5796312
2017-12-01,463.7250061035156,465.0,461.0249938964844,462.04998779296875,3858148
2017-12-04,463.7250061035156,463.7250061035156,457.5249938964844,458.5249938964844,3641932
2017-12-05,456.5,457.13751220703125,451.75,455.11248779296875,3893360
2017-12-06,454.98748779296875,455.3374938964844,449.75,450.82501220703125,6395120
2017-12-07,451.6625061035156,454.1499938964844,450.7749938964844,452.4125061035156,4231304
2017-12-08,453.5,463.25,453.5,460.1000061035156,8956400
2017-12-11,462.0,462.9375,460.0,461.6000061035156,3198232
2017-12-12,462.2749938964844,462.4750061035156,453.98748779296875,454.9750061035156,2410588
2017-12-13,455.01251220703125,461.25,453.7749938964844,455.3374938964844,2907460
2017-12-14,456.0,460.0,453.0,459.51251220703125,3683092
2017-12-15,464.0,472.0,463.875,468.36248779296875,12450124
2017-12-18,463.75,474.75,452.32501220703125,469.73748779296875,12297988
2017-12-19,469.95001220703125,473.4125061035156,469.0375061035156,471.125,4952112
2017-12-20,474.7250061035156,475.7749938964844,465.9125061035156,467.0375061035156,9343504
2017-12-21,469.9750061035156,471.25,466.29998779296875,467.07501220703125,6854544
2017-12-22,469.75,470.0,465.4375,469.1625061035156,4470904
2017-12-26,470.25,470.70001220703125,464.17498779296875,467.0874938964844,6785696
2017-12-27,467.5249938964844,467.57501220703125,462.7875061035156,464.1875,3489384
2017-12-28,464.7250061035156,470.2250061035156,464.5,469.51251220703125,8700520
2017-12-29,469.20001220703125,469.79998779296875,467.0375061035156,468.1000061035156,6345872
2018-01-01,468.17498779296875,470.1875,462.625,463.625,6580516
2018-01-02,464.63751220703125,468.75,464.63751220703125,468.0874938964844,4776316
2018-01-03,468.75,469.5625,462.79998779296875,463.1625061035156,4531288
2018-01-04,463.25,466.375,463.25,464.9750061035156,2373776
2018-01-05,465.75,467.01251220703125,463.88751220703125,465.8999938964844,2870868
2018-01-08,466.25,467.67498779296875,464.4375,465.1499938964844,4570308
2018-01-09,465.5,467.4624938964844,463.75,465.92498779296875,5305528
2018-01-10,466.29998779296875,466.9750061035156,464.32501220703125,466.04998779296875,4615888
2018-01-11,466.04998779296875,469.0,464.0625,468.13751220703125,4059096
2018-01-12,468.25,469.5375061035156,465.0,466.32501220703125,4336708
2018-01-15,467.48748779296875,476.1000061035156,464.9624938964844,474.4375,12576444
2018-01-16,475.86248779296875,477.5,471.3125,475.0375061035156,6445384
2018-01-17,474.25,475.63751220703125,471.75,472.625,2905496
2018-01-18,481.0,488.5,479.51251220703125,483.57501220703125,16649540
2018-01-19,483.7875061035156,489.9750061035156,479.8125,488.04998779296875,11455988
2018-01-22,490.0,497.0,488.2875061035156,490.8374938964844,8849768
2018-01-23,491.25,491.67498779296875,485.82501220703125,487.82501220703125,5047796
2018-01-24,488.13751220703125,492.25,487.6499938964844,489.4125061035156,4790568
2018-01-25,488.4750061035156,495.0,487.625,493.73748779296875,8723668
2018-01-29,494.5,501.73748779296875,494.5,499.9125061035156,8235892
2018-01-30,499.45001220703125,500.4750061035156,496.0375061035156,498.875,6397560
2018-01-31,497.3500061035156,503.375,496.75,501.42498779296875,6943348
2018-02-01,501.5,503.75,496.32501220703125,497.7875061035156,6521420
2018-02-02,496.5,497.4750061035156,485.375,487.0,7346124
2018-02-05,479.5,483.8125,476.4624938964844,478.4624938964844,7926784
2018-02-06,465.0,478.0,459.07501220703125,474.20001220703125,10749804
2018-02-07,476.75,476.75,465.6000061035156,468.20001220703125,8364972
2018-02-08,471.0,474.6499938964844,466.625,470.23748779296875,5171444
2018-02-09,461.9750061035156,466.17498779296875,461.0249938964844,462.375,6408952
2018-02-12,465.0,471.5,463.7875061035156,469.1625061035156,4381108
2018-02-14,472.45001220703125,474.4750061035156,468.6625061035156,470.7875061035156,3577188
2018-02-15,472.42498779296875,473.6875,468.75,470.4750061035156,4915224
2018-02-16,470.9750061035156,473.7124938964844,468.9125061035156,469.6499938964844,3583520
2018-02-19,470.6499938964844,471.8999938964844,464.76251220703125,469.54998779296875,3654552
2018-02-20,471.1875,471.4624938964844,464.70001220703125,465.79998779296875,4084068
2018-02-21,466.98748779296875,467.13751220703125,463.04998779296875,464.3500061035156,2753072
2018-02-22,462.5,465.0,460.38751220703125,463.29998779296875,13253596
2018-02-23,464.2250061035156,471.2124938964844,462.6000061035156,470.13751220703125,4076748
2018-02-26,472.0249938964844,478.70001220703125,470.88751220703125,477.88751220703125,4788884
2018-02-27,478.6875,480.4375,475.0,475.63751220703125,4787328
2018-02-28,472.38751220703125,473.86248779296875,469.5,471.04998779296875,4066364
2018-03-01,469.82501220703125,473.32501220703125,467.0,468.5874938964844,3909840
2018-03-05,468.5375061035156,469.5,464.5625,467.48748779296875,3781464
2018-03-06,467.5,469.9750061035156,459.875,461.5625,4576828
2018-03-07,460.0,463.3500061035156,457.125,458.1499938964844,5628164
2018-03-08,459.95001220703125,464.625,458.0,463.2124938964844,5518724
2018-03-09,463.73748779296875,466.3125,461.0,462.76251220703125,4108108
2018-03-12,465.04998779296875,467.36248779296875,463.3500061035156,466.8125,6557116
2018-03-13,466.86248779296875,471.1875,463.75,465.0625,5124200
2018-03-14,464.0,466.9750061035156,462.0,466.125,3680392
2018-03-15,466.29998779296875,471.875,466.29998779296875,470.20001220703125,5870924
2018-03-16,470.0,470.2749938964844,461.63751220703125,463.25,7896336
2018-03-19,463.25,465.0,460.7875061035156,461.8125,7838740
2018-03-20,461.2749938964844,463.9750061035156,458.8125,459.875,3657372
2018-03-21,462.0,465.79998779296875,460.82501220703125,464.7250061035156,5921140
2018-03-22,464.7250061035156,470.0,463.7749938964844,466.9375,6673224
2018-03-23,461.6625061035156,463.2749938964844,459.3125,460.38751220703125,7190152
2018-03-26,459.9750061035156,475.0,458.375,473.36248779296875,10501768
2018-03-27,473.45001220703125,474.75,469.0,473.1499938964844,6136836
2018-03-28,470.73748779296875,474.92498779296875,469.01251220703125,471.5249938964844,8837508
2018-04-02,472.625,483.9375,472.625,482.79998779296875,4596368
2018-04-03,480.98748779296875,481.42498779296875,477.75,478.9750061035156,4079884
2018-04-04,478.23748779296875,481.23748779296875,469.61248779296875,470.8125,3714108
2018-04-05,475.32501220703125,478.5,472.54998779296875,477.2250061035156,4858892
2018-04-06,478.04998779296875,481.61248779296875,476.45001220703125,480.8500061035156,3720008
2018-04-09,479.70001220703125,485.5,479.1000061035156,484.76251220703125,4003536
2018-04-10,485.75,485.75,478.375,480.2124938964844,6067236
2018-04-11,478.9750061035156,480.0,476.3500061035156,479.7124938964844,2870812
2018-04-12,479.0,483.2250061035156,476.4750061035156,482.20001220703125,4712516
2018-04-13,482.0,485.0,479.7749938964844,481.25,3297172
2018-04-16,480.0,487.5,479.9624938964844,485.5249938964844,2847744
2018-04-17,485.875,487.75,483.5249938964844,487.125,2667832
2018-04-18,487.75,488.375,482.51251220703125,483.1499938964844,2712720
2018-04-19,485.0,486.20001220703125,483.25,484.75,3169032
2018-04-20,485.25,490.25,483.0375061035156,488.9750061035156,9361380
2018-04-23,494.75,494.75,465.07501220703125,483.9375,15304620
2018-04-24,483.75,487.01251220703125,481.5,483.75,5037416
2018-04-25,481.9750061035156,484.5,478.0,480.1875,4020592
2018-04-26,479.20001220703125,484.79998779296875,477.8125,482.5625,7847480
2018-04-27,483.25,483.875,478.125,480.8500061035156,5777008
2018-04-30,482.5,488.70001220703125,482.20001220703125,486.07501220703125,4609552
2018-05-02,487.5,494.5,486.5,492.375,7100048
2018-05-03,492.01251220703125,493.7250061035156,486.5,491.9750061035156,4152772
2018-05-04,492.5,497.5,491.57501220703125,497.125,6881436
2018-05-07,495.4125061035156,496.82501220703125,493.75,494.3500061035156,5264128
2018-05-08,494.8125,494.9750061035156,488.6499938964844,491.76251220703125,7100564
2018-05-09,489.0375061035156,495.125,489.0375061035156,494.6000061035156,4327332
2018-05-10,497.1499938964844,499.75,495.5,498.17498779296875,7171672
2018-05-11,498.17498779296875,504.25,496.5,502.9375,6057068
2018-05-14,504.29998779296875,506.8500061035156,503.1000061035156,505.4375,4742916
2018-05-15,506.76251220703125,516.25,506.67498779296875,509.45001220703125,9826684
2018-05-16,507.63751220703125,512.25,504.2875061035156,505.8374938964844,6841604
2018-05-17,505.9624938964844,511.11248779296875,503.125,506.9375,6615476
2018-05-18,506.17498779296875,506.17498779296875,500.875,503.0375061035156,5217460
2018-05-21,504.0249938964844,505.25,496.51251220703125,498.26251220703125,4848108
2018-05-22,499.67498779296875,503.48748779296875,496.375,497.4750061035156,3960372
2018-05-23,496.95001220703125,498.5,490.8500061035156,491.875,5726292
2018-05-24,491.7749938964844,497.5625,489.0874938964844,496.5,4520744
2018-05-25,497.5,504.0,497.4750061035156,502.17498779296875,4759588
2018-05-28,501.95001220703125,513.0,501.5,510.54998779296875,5103940
2018-05-29,509.5,513.1749877929688,507.20001220703125,508.1499938964844,3351244
2018-05-30,504.92498779296875,513.25,504.07501220703125,512.0875244140625,4866996
2018-05-31,525.0,540.0,520.0,534.8624877929688,39639192
2018-06-01,529.0,534.5,525.25,527.6500244140625,21151356
2018-06-04,537.5,539.25,509.48748779296875,511.54998779296875,88796324
2018-06-05,512.5,516.7374877929688,505.75,515.9000244140625,17105460
2018-06-06,515.0499877929688,516.2000122070312,511.25,514.3375244140625,9782000
2018-06-07,518.2999877929688,519.9500122070312,513.2999877929688,515.5499877929688,10563896
2018-06-08,514.75,515.3125,508.75,512.3375244140625,6180888
2018-06-11,512.9749755859375,515.7374877929688,509.70001220703125,510.57501220703125,7091188
2018-06-12,512.9749755859375,513.1749877929688,509.6000061035156,510.9624938964844,5234256
2018-06-13,513.0,513.7000122070312,506.0249938964844,507.86248779296875,7897960
2018-06-14,507.5,511.25,506.25,509.3500061035156,16927576
2018-06-15,506.5,509.7250061035156,505.57501220703125,507.3999938964844,10880816
2018-06-18,507.5249938964844,509.70001220703125,502.2749938964844,504.7875061035156,7487404
2018-06-19,506.23748779296875,510.17498779296875,504.82501220703125,505.875,10981152
2018-06-20,506.5,514.5,506.25,514.0374755859375,9051712
2018-06-21,515.0,517.7000122070312,511.76251220703125,514.4000244140625,13510704
2018-06-22,514.2374877929688,522.2000122070312,512.4625244140625,520.8375244140625,7848980
2018-06-25,520.7625122070312,524.4500122070312,518.2625122070312,523.7374877929688,6992336
2018-06-26,521.5125122070312,525.75,519.9625244140625,523.4249877929688,9161932
2018-06-27,523.25,529.875,522.5,528.1500244140625,19126804
2018-06-28,528.75,535.0,527.7999877929688,532.7125244140625,37533540
2018-06-29,530.4249877929688,535.0,526.2750244140625,527.1124877929688,19458120
2018-07-02,527.0875244140625,527.0999755859375,515.8125,518.3125,9864876
2018-07-03,518.3125,521.25,516.4000244140625,517.5499877929688,6863100
2018-07-04,519.0625,527.0125122070312,517.25,525.8875122070312,6097992
2018-07-05,526.25,532.25,523.1375122070312,530.9375,9735968
2018-07-06,528.3250122070312,533.8875122070312,527.8375244140625,528.7874755859375,8121344
2018-07-09,530.4625244140625,532.5,526.9375,531.4124755859375,6182296
2018-07-10,532.4749755859375,537.4000244140625,531.25,536.5999755859375,10950736
2018-07-11,536.2625122070312,538.9249877929688,533.7000122070312,537.0625,5857920
2018-07-12,538.2249755859375,544.9625244140625,538.0,541.4874877929688,8020668
2018-07-13,542.0999755859375,547.7000122070312,540.7750244140625,545.2249755859375,7161188
2018-07-16,544.8499755859375,547.5125122070312,540.9375,542.2125244140625,9017336
2018-07-17,540.8125,545.25,540.8125,544.1875,6361924
2018-07-18,546.75,555.0,543.4124755859375,544.0499877929688,17460272
2018-07-19,545.75,548.375,542.75,546.5250244140625,5304776
2018-07-20,546.5250244140625,550.7125244140625,542.7750244140625,547.2625122070312,10006964
2018-07-23,537.5,544.5,534.5125122070312,539.1124877929688,16880132
2018-07-24,536.75,542.25,536.75,539.9375,5208792
2018-07-25,541.1624755859375,544.2000122070312,540.0,542.5875244140625,7038616
2018-07-26,541.25,550.8624877929688,541.25,548.1500244140625,21281092
2018-07-27,550.4874877929688,552.9874877929688,546.1749877929688,550.5374755859375,10554596
2018-07-30,549.75,549.75,539.8499755859375,542.4749755859375,7169120
2018-07-31,540.0,546.4749755859375,537.5125122070312,544.875,8860944
2018-08-01,540.7000122070312,543.75,537.9249877929688,539.6749877929688,6071560
2018-08-02,538.375,538.4249877929688,530.3375244140625,532.5499877929688,8905704
2018-08-03,533.3875122070312,536.7625122070312,528.5,530.4124755859375,13604008
2018-08-06,530.25,534.3499755859375,526.5250244140625,528.5750122070312,5744632
2018-08-07,531.25,533.625,527.0,532.7249755859375,7428456
2018-08-08,533.9625244140625,537.9500122070312,533.2625122070312,534.0875244140625,9945380
2018-08-09,535.5,535.5,523.6624755859375,529.625,8944408
2018-08-10,530.875,530.9500122070312,524.5,528.6124877929688,5442940
2018-08-13,521.0,525.9874877929688,520.0,522.9124755859375,10054252
2018-08-14,524.5,526.25,521.7999877929688,522.2750244140625,4935964
2018-08-16,520.75,521.6749877929688,516.5999755859375,518.9249877929688,10625160
2018-08-17,520.7249755859375,523.2625122070312,517.9124755859375,519.3375244140625,6065328
2018-08-20,518.75,526.9000244140625,518.75,524.0499877929688,7811136
2018-08-21,524.5,528.0,523.1624755859375,524.0125122070312,7776320
2018-08-23,526.25,526.75,519.2125244140625,519.9749755859375,12574552
2018-08-24,517.75,523.4000244140625,516.5125122070312,517.4625244140625,9714628
2018-08-27,519.25,522.125,517.5625,520.1124877929688,12574788
2018-08-28,522.0,524.5625,519.7000122070312,523.7125244140625,9973532
2018-08-29,523.0374755859375,523.5125122070312,518.1875,519.625,9873692
2018-08-30,520.9000244140625,521.9749755859375,515.4625244140625,516.5250244140625,21827460
2018-08-31,517.2999877929688,519.6875,514.5625,515.2999877929688,15771500
2018-09-03,517.3499755859375,519.7374877929688,515.875,518.7625122070312,7661608
2018-09-04,519.2249755859375,519.4874877929688,512.25,512.9500122070312,7130536
2018-09-05,513.4500122070312,515.0499877929688,508.88751220703125,511.4624938964844,5641508
2018-09-06,512.25,514.75,508.1499938964844,513.0499877929688,10402412
2018-09-07,512.75,515.0,510.1875,514.2374877929688,5919300
2018-09-10,513.75,513.75,506.2749938964844,510.2875061035156,8598592
2018-09-11,511.57501220703125,512.0,498.5375061035156,500.1000061035156,18186536
2018-09-12,500.4750061035156,505.3374938964844,497.38751220703125,502.9624938964844,12246008
2018-09-14,504.9624938964844,509.3500061035156,504.73748779296875,507.3999938964844,10334672
2018-09-17,505.32501220703125,505.73748779296875,497.0,498.04998779296875,9338220
2018-09-18,498.7250061035156,502.4624938964844,495.23748779296875,497.29998779296875,9325736
2018-09-19,498.7124938964844,499.5,489.125,490.3374938964844,16712264
2018-09-21,493.4750061035156,499.9624938964844,477.54998779296875,492.5625,22610148
2018-09-24,491.8125,493.04998779296875,478.75,481.42498779296875,13390792
2018-09-25,481.42498779296875,490.5,478.75,488.1000061035156,16682552
2018-09-26,490.73748779296875,494.5,488.82501220703125,492.04998779296875,14726724
2018-09-27,492.3500061035156,496.5,488.7875061035156,494.0375061035156,18352208
2018-09-28,495.1625061035156,503.86248779296875,494.2875061035156,501.51251220703125,14460716
2018-10-01,502.45001220703125,510.5,499.45001220703125,508.86248779296875,12449588
2018-10-03,507.61248779296875,513.0499877929688,501.75,507.7875061035156,15332148
2018-10-04,502.0,504.45001220703125,485.75,489.4375,17970584
2018-10-05,488.48748779296875,497.5,485.0375061035156,491.32501220703125,15729180
2018-10-08,491.25,492.25,482.5,486.25,20128020
2018-10-09,486.1000061035156,491.25,482.5,485.1499938964844,12459364
2018-10-10,486.25,495.5625,483.875,491.7875061035156,15939932
2018-10-11,481.25,487.07501220703125,479.3999938964844,484.38751220703125,14359904
2018-10-12,486.25,499.2749938964844,485.5,495.4624938964844,9600320
2018-10-15,497.5,502.70001220703125,492.57501220703125,502.01251220703125,12585968
2018-10-16,500.75,504.54998779296875,496.875,498.1875,9406004
2018-10-17,501.5249938964844,503.25,490.875,493.6499938964844,7940796
2018-10-19,489.7250061035156,495.2124938964844,489.5,491.9375,9867348
2018-10-22,503.5,505.0,497.1499938964844,499.7250061035156,20331160
2018-10-23,493.25,499.7250061035156,493.25,496.2124938964844,19428564
2018-10-24,501.0,502.20001220703125,493.1499938964844,498.0625,18072336
2018-10-25,493.3999938964844,500.8999938964844,490.61248779296875,492.20001220703125,29847056
2018-10-26,492.20001220703125,494.29998779296875,487.25,490.29998779296875,15155712
2018-10-29,491.0249938964844,491.23748779296875,473.79998779296875,481.57501220703125,17044280
2018-10-30,481.25,483.0,474.82501220703125,478.1875,13828704
2018-10-31,475.51251220703125,479.4750061035156,471.25,477.9375,23449404
2018-11-01,482.5,482.5,474.0,478.04998779296875,19629052
2018-11-02,481.5,490.0,478.0,487.36248779296875,30092868
2018-11-05,487.4750061035156,489.9125061035156,484.5,489.0,5705296
2018-11-06,488.75,494.0,485.73748779296875,486.63751220703125,8485588
2018-11-07,490.25,491.23748779296875,487.5,489.48748779296875,958760
2018-11-09,489.54998779296875,489.9750061035156,484.07501220703125,486.3500061035156,10101620
2018-11-12,487.875,490.5,479.2875061035156,480.26251220703125,7907764
2018-11-13,479.75,484.42498779296875,477.04998779296875,481.9375,13350420
2018-11-14,484.63751220703125,490.0,484.1499938964844,489.4375,26110636
2018-11-15,490.4750061035156,494.32501220703125,482.79998779296875,493.7875061035156,10392524
2018-11-16,495.25,503.25,495.0,501.07501220703125,15813216
2018-11-19,502.75,505.25,500.4750061035156,503.4750061035156,12286428
2018-11-20,503.25,504.8999938964844,499.76251220703125,503.11248779296875,5705168
2018-11-21,503.1875,505.98748779296875,501.0,504.6875,6545604
2018-11-22,503.3125,508.75,500.0375061035156,501.375,12974552
2018-11-26,503.4750061035156,513.0,503.01251220703125,512.4500122070312,18184436
2018-11-27,510.26251220703125,516.9749755859375,510.1875,516.0,12895440
2018-11-28,516.25,524.6500244140625,515.0250244140625,522.3125,13021108
2018-11-29,525.25,534.3499755859375,523.5,532.7625122070312,31908636
2018-11-30,532.5,534.3875122070312,527.5,532.1124877929688,13040924
2018-12-03,532.75,535.5,526.7249755859375,528.3250122070312,10799856
2018-12-04,526.3499755859375,527.75,519.6500244140625,521.3875122070312,8157420
2018-12-05,519.5,526.3250122070312,518.9874877929688,524.7999877929688,11798844
2018-12-06,522.4249877929688,525.4124755859375,521.25,524.2625122070312,11730252
2018-12-07,526.6749877929688,529.5,520.0750122070312,526.9000244140625,9903920
2018-12-10,516.4749755859375,526.2000122070312,516.4749755859375,522.1875,10915056
2018-12-11,514.0,517.8250122070312,508.0,514.8875122070312,18905780
2018-12-12,516.7374877929688,522.4500122070312,515.0250244140625,521.3250122070312,11370488
2018-12-13,523.75,531.25,522.8250122070312,525.3250122070312,7064236
2018-12-14,526.2249755859375,529.5,522.0125122070312,523.9249877929688,6158284
2018-12-17,526.0,533.1500244140625,524.75,532.5499877929688,8437324
2018-12-18,531.0,534.75,525.6500244140625,533.8624877929688,7413968
2018-12-19,533.2750244140625,539.8499755859375,528.3875122070312,530.8624877929688,9009896
2018-12-20,528.1375122070312,535.1124877929688,525.6624755859375,534.3624877929688,7980476
2018-12-21,533.5,537.2750244140625,527.2625122070312,527.7874755859375,10220308
2018-12-24,526.0,526.0,519.3375244140625,520.1624755859375,5601488
2018-12-26,519.25,531.75,517.25,530.5875244140625,7601916
2018-12-27,533.25,534.5499877929688,524.6124877929688,526.2625122070312,11639868
2018-12-28,529.3375244140625,534.4375,528.875,530.7249755859375,9415612
2018-12-31,534.25,534.25,529.1749877929688,530.4249877929688,5866528
2019-01-01,531.9124755859375,537.75,526.4000244140625,537.0250244140625,6373440
2019-01-02,535.7000122070312,536.875,529.9249877929688,532.125,8134232
2019-01-03,531.0499877929688,532.0625,525.75,527.9500122070312,12771664
2019-01-04,528.8125,532.125,527.5875244140625,529.3624877929688,7287120
2019-01-07,531.9249877929688,533.8375244140625,529.5,530.1624755859375,5387012
2019-01-08,530.5,530.875,524.1624755859375,525.75,8343460
2019-01-09,529.5,530.3375244140625,525.6500244140625,529.2000122070312,8568628
2019-01-10,529.25,530.9500122070312,523.1624755859375,527.125,7691540
2019-01-11,528.4500122070312,531.0,527.0,527.9749755859375,6408040
2019-01-14,527.4749755859375,527.4749755859375,524.6124877929688,525.4124755859375,4855160
2019-01-15,526.2625122070312,531.625,525.5,530.4749755859375,5087556
2019-01-16,530.0125122070312,531.25,527.0625,530.0499877929688,5252452
2019-01-17,531.3125,533.9749755859375,528.3375244140625,533.0750122070312,8240228
2019-01-18,533.75,534.75,528.6375122070312,532.5625,5207976
2019-01-21,534.9874877929688,541.625,531.625,537.0374755859375,17561512
2019-01-22,536.5,536.7000122070312,532.2625122070312,533.9625244140625,8796976
2019-01-23,533.5,533.9625244140625,525.3624877929688,526.3499755859375,7624288
2019-01-24,527.5,530.4124755859375,524.4749755859375,525.5625,10111572
2019-01-25,523.25,527.5,522.5,524.0,11262236
2019-01-28,522.5,525.5125122070312,519.1875,521.0374755859375,15360436
2019-01-29,519.5625,520.75,513.25,514.4000244140625,14762788
2019-01-30,514.3125,514.3125,507.0,508.67498779296875,18514160
2019-01-31,507.75,522.4375,505.5,519.9874877929688,16579404
2019-02-01,519.9874877929688,529.25,519.1500244140625,522.6124877929688,15654188
2019-02-04,523.75,528.25,520.6624755859375,526.2249755859375,7938288
2019-02-05,527.0,529.75,524.25,528.5125122070312,8690288
2019-02-06,529.0625,531.75,528.4000244140625,530.6624755859375,10875684
2019-02-07,531.2625122070312,532.5,526.4625244140625,529.3125,7217308
2019-02-08,528.0,536.2374877929688,526.6624755859375,530.6624755859375,12235644
2019-02-11,528.3250122070312,535.7249755859375,528.3250122070312,534.9124755859375,7036364
2019-02-12,534.5,537.0,531.2000122070312,532.4249877929688,9772388
2019-02-14,535.0,535.0,526.4000244140625,527.5499877929688,7441388
2019-02-15,526.8375244140625,527.0250244140625,519.5499877929688,525.1624755859375,8416524
2019-02-18,526.7000122070312,529.5,521.5,522.4749755859375,7138744
2019-02-19,522.4249877929688,527.0374755859375,519.5499877929688,521.0125122070312,5268636
2019-02-20,522.125,527.75,520.4749755859375,527.0875244140625,4892500
2019-02-21,525.4249877929688,529.9874877929688,523.4000244140625,528.9749755859375,5261544
2019-02-22,529.8499755859375,532.0250244140625,522.2750244140625,522.8624877929688,8890708
2019-02-25,523.7874755859375,532.4874877929688,523.7874755859375,531.3499755859375,8140596
2019-02-26,527.8125,531.25,525.2750244140625,527.6624755859375,9607428
2019-02-27,529.0250244140625,531.1124877929688,522.0374755859375,523.0625,7030092
2019-02-28,523.2750244140625,526.4625244140625,518.2999877929688,519.3875122070312,11645376
2019-03-01,521.5625,525.2249755859375,519.25,520.8375244140625,9352928
2019-03-05,522.2249755859375,527.7750244140625,517.5,526.7750244140625,11837276
2019-03-06,527.5,527.5750122070312,522.6375122070312,526.0625,8458044
2019-03-07,527.4000244140625,532.5,523.75,531.625,10204852
2019-03-08,528.7625122070312,532.5,527.3624877929688,532.0499877929688,7053460
2019-03-11,533.0,535.9249877929688,530.5499877929688,532.1124877929688,9224108
2019-03-12,536.75,543.75,534.25,542.75,15097292
2019-03-13,543.75,558.5,543.0250244140625,556.6375122070312,57166348
2019-03-14,561.2125244140625,561.875,552.6500244140625,556.1875,15379864
2019-03-15,557.75,564.9749755859375,557.0125122070312,563.25,12763088
2019-03-18,565.4749755859375,572.9124755859375,561.75,565.3624877929688,14358720
2019-03-19,567.375,568.9749755859375,562.75,566.9375,11957992
2019-03-20,567.25,575.0,565.2625122070312,574.75,11711992
2019-03-22,575.0,576.75,567.7000122070312,569.0374755859375,30403880
2019-03-25,565.0,571.9625244140625,563.25,570.3250122070312,9199260
2019-03-26,568.9749755859375,578.75,568.1500244140625,577.8375244140625,11786848
2019-03-27,579.6375122070312,582.0125122070312,569.7625122070312,574.8624877929688,13885300
2019-03-28,574.7000122070312,581.25,571.9625244140625,575.7000122070312,19554328
2019-04-01,581.3125,583.0,576.1500244140625,577.9500122070312,9647076
2019-04-02,580.0,580.0,571.3624877929688,573.7125244140625,10910496
2019-04-03,573.0250244140625,579.0,572.0625,573.1875,7659452
2019-04-04,573.1875,578.25,570.0,570.9874877929688,9211552
2019-04-05,571.9500122070312,578.4375,570.5,576.4000244140625,8351180
2019-04-08,579.75,580.7374877929688,570.0250244140625,572.3499755859375,6398132
2019-04-09,574.1500244140625,575.75,566.75,571.8125,10777600
2019-04-10,562.5,571.0,557.75,559.3375244140625,108128700
2019-04-11,561.2249755859375,565.75,559.2374877929688,564.375,8793300
2019-04-12,563.0250244140625,568.0499877929688,563.0250244140625,566.3125,9170444
2019-04-15,567.5,573.2249755859375,566.0875244140625,572.2000122070312,10219780
2019-04-16,572.7374877929688,577.4749755859375,570.0750122070312,576.2625122070312,8273776
2019-04-18,578.25,578.7625122070312,572.0,573.4124755859375,10614856
2019-04-22,581.25,581.25,565.25,567.1749877929688,20980420
2019-04-23,569.3875122070312,572.5,560.4000244140625,561.3250122070312,15282400
2019-04-24,562.5,570.9749755859375,561.7625122070312,569.9375,12354128
2019-04-25,571.7249755859375,574.7000122070312,564.4874877929688,565.8624877929688,18086636
2019-04-26,566.4749755859375,571.25,564.2249755859375,570.2374877929688,11707568
2019-04-30,571.25,580.0,569.5999755859375,579.3624877929688,12536836
2019-05-02,580.875,589.9124755859375,579.375,588.9500122070312,17169300
2019-05-03,591.0499877929688,594.5,589.125,591.9874877929688,12351520
2019-05-06,587.0,587.9749755859375,579.2625122070312,582.1124877929688,13748092
2019-05-07,587.9749755859375,589.5,579.5,580.5875244140625,9924204
2019-05-08,580.6375122070312,580.9500122070312,572.0,576.8125,12064208
2019-05-09,575.0,575.0,567.9000244140625,572.7249755859375,9027724
2019-05-10,572.8375244140625,581.2249755859375,572.8375244140625,574.125,10594200
2019-05-13,574.0125122070312,578.3375244140625,570.0,571.7999877929688,11071632
2019-05-14,574.1749877929688,577.75,568.8875122070312,571.9749755859375,10494744
2019-05-15,574.0,576.7999877929688,570.5499877929688,571.6749877929688,8956348
2019-05-16,570.1375122070312,579.75,570.0,577.6624755859375,8050136
2019-05-17,578.25,592.3250122070312,577.9000244140625,590.5250244140625,14758780
2019-05-20,602.0,609.6749877929688,595.0,608.0875244140625,17699632
2019-05-21,609.5,612.3499755859375,599.8624877929688,600.9249877929688,10325176
2019-05-22,602.9625244140625,606.5,598.5625,601.4375,11386660
2019-05-23,602.25,609.9749755859375,579.7750244140625,583.0250244140625,33081996
2019-05-24,589.9249877929688,596.5374755859375,585.0374755859375,593.3375244140625,13692800
2019-05-27,594.7249755859375,605.4749755859375,593.0625,602.0875244140625,12049024
2019-05-28,604.125,605.0,596.7625122070312,604.0499877929688,7364840
2019-05-29,602.5499877929688,607.7000122070312,602.5499877929688,604.2249755859375,7475216
2019-05-30,604.0,611.9749755859375,603.2625122070312,609.8875122070312,9359200
2019-05-31,614.2000122070312,616.25,589.2000122070312,606.3375244140625,19785080
2019-06-03,606.75,614.9500122070312,606.2374877929688,614.2750244140625,8480860
2019-06-04,613.75,616.4375,610.2625122070312,613.0750122070312,6442988
2019-06-06,613.2999877929688,617.5,603.3375244140625,605.8375244140625,15634924
2019-06-07,606.4124755859375,613.5625,602.25,611.9124755859375,7970932
2019-06-10,617.4874877929688,617.4874877929688,608.0250244140625,610.0499877929688,7077140
2019-06-11,612.875,614.9749755859375,610.0875244140625,612.0999755859375,7103292
2019-06-12,611.25,612.0999755859375,605.9124755859375,606.7625122070312,7308620
2019-06-13,608.9874877929688,613.0,603.9874877929688,611.1749877929688,11107948
2019-06-14,610.7374877929688,614.7374877929688,606.25,608.7750244140625,11956920
2019-06-17,608.75,609.9749755859375,604.3250122070312,605.5,12810020
2019-06-18,604.5,608.0,601.0,604.3125,12419652
2019-06-19,606.75,611.2249755859375,604.1749877929688,607.0875244140625,10744276
2019-06-20,607.0875244140625,609.25,603.6500244140625,606.5875244140625,11171492
2019-06-21,606.5,607.4249877929688,601.4124755859375,603.5499877929688,13250260
2019-06-24,602.9874877929688,607.6500244140625,602.5,604.4874877929688,6915000
2019-06-25,604.9625244140625,610.375,600.75,607.1749877929688,8899800
2019-06-26,606.1749877929688,617.5,605.5,616.9749755859375,10533636
2019-06-27,617.1875,623.625,614.0374755859375,615.5750122070312,19879236
2019-06-28,616.0,618.75,609.2625122070312,610.9375,12756844
2019-07-01,614.0,622.25,612.5125122070312,621.3875122070312,8524160
2019-07-02,622.0,624.375,616.7999877929688,623.75,7246828
2019-07-03,624.75,625.8250122070312,620.75,622.4124755859375,7463256
2019-07-04,623.7000122070312,624.4749755859375,618.0,620.9500122070312,7993964
2019-07-05,621.2750244140625,623.7374877929688,615.0,618.0999755859375,7583060
2019-07-08,618.6375122070312,618.6500244140625,599.2625122070312,602.4000244140625,14607140
2019-07-09,600.9625244140625,602.7000122070312,593.25,594.7874755859375,16482688
2019-07-10,594.6875,599.5,591.5625,597.1875,11569148
2019-07-11,600.75,603.5,598.9124755859375,601.7874755859375,9097596
2019-07-12,604.5,604.5,596.2625122070312,598.4749755859375,8976272
2019-07-15,599.0,600.75,594.3375244140625,598.6875,8233184
2019-07-16,604.5,604.5,595.5,597.7999877929688,12770568
2019-07-17,598.2374877929688,602.9000244140625,597.8250122070312,599.3624877929688,7759736
2019-07-18,600.75,607.25,600.4749755859375,602.9749755859375,10802584
2019-07-19,603.75,605.1749877929688,591.75,593.9124755859375,8939228
2019-07-22,586.25,587.4625244140625,570.3125,574.3125,22171296
2019-07-23,573.625,573.625,560.5125122070312,565.875,27802864
2019-07-24,564.1875,573.25,562.75,570.2249755859375,17363740
2019-07-25,571.25,578.8624877929688,570.0625,571.5125122070312,19462008
2019-07-26,569.5499877929688,573.4124755859375,568.2125244140625,569.3250122070312,12829828
2019-07-29,568.3875122070312,568.3875122070312,555.7625122070312,561.0750122070312,9976492
2019-07-30,563.75,567.7999877929688,559.9749755859375,563.0625,10394136
2019-07-31,560.0,566.75,558.5625,562.9124755859375,13891840
2019-08-01,557.2750244140625,560.0,549.25,555.4500122070312,18241676
2019-08-02,552.75,556.0,545.5,553.5875244140625,27825536
2019-08-05,549.2625122070312,550.0,540.625,544.8125,19822440
2019-08-06,541.75,552.5625,541.75,547.2750244140625,24890940
2019-08-07,547.5,550.5,541.25,546.0,18750136
2019-08-08,549.5,560.75,545.75,558.2874755859375,19711600
2019-08-09,561.75,572.25,559.9500122070312,570.5,30436112
2019-08-13,568.3250122070312,568.3250122070312,550.6500244140625,555.0875244140625,15440068
2019-08-14,558.8499755859375,558.8499755859375,550.7625122070312,557.3624877929688,14254052
2019-08-16,553.5,558.25,551.0250244140625,556.9249877929688,15247560
2019-08-19,559.625,560.5,550.4249877929688,551.7125244140625,8498200
2019-08-20,552.3125,556.9500122070312,551.7125244140625,555.1500244140625,10270592
2019-08-21,556.2249755859375,560.2999877929688,553.5499877929688,556.4625244140625,10472712
2019-08-22,555.2125244140625,555.2125244140625,541.7625122070312,543.5250244140625,13992044
2019-08-23,540.25,544.25,534.9000244140625,540.6749877929688,20099616
2019-08-26,548.7249755859375,566.5374755859375,541.75,564.0374755859375,25280244
2019-08-27,564.0,568.2249755859375,560.0250244140625,564.9874877929688,20660832
2019-08-28,562.5,564.3375244140625,556.5875244140625,561.875,13662588
2019-08-29,561.5,563.4249877929688,555.0750122070312,556.7374877929688,14783716
2019-08-30,558.375,565.0,555.5,556.9874877929688,19233320
2019-09-03,555.0,555.25,549.0374755859375,552.7374877929688,11428676
2019-09-04,551.75,568.5,549.75,561.9375,15060704
2019-09-05,562.25,568.0999755859375,556.25,558.7874755859375,17296252
2019-09-06,557.0,564.1500244140625,555.3250122070312,561.4749755859375,12870004
2019-09-09,561.5,565.2249755859375,554.0250244140625,562.4000244140625,10643404
2019-09-11,568.5,568.5,560.2874755859375,562.8250122070312,15209116
2019-09-12,562.6749877929688,572.2000122070312,562.0374755859375,567.7125244140625,18132300
2019-09-13,562.75,566.8624877929688,559.5,564.3624877929688,15371340
2019-09-16,562.9749755859375,565.6624755859375,560.25,561.0374755859375,11030184
2019-09-17,561.9749755859375,562.125,549.5250244140625,552.8375244140625,10656556
2019-09-18,554.3250122070312,556.0374755859375,545.0,546.9375,12959884
2019-09-19,549.9500122070312,553.5250244140625,542.0,550.5250244140625,10623310
2019-09-20,554.0,604.9500122070312,552.7000122070312,599.7999877929688,46150034
2019-09-23,629.7750244140625,641.3499755859375,614.5,628.625,41920410
2019-09-24,625.0,630.9749755859375,613.7750244140625,626.9000244140625,23379048
2019-09-25,624.9500122070312,624.9500122070312,615.0499877929688,619.8499755859375,15608976
2019-09-26,619.9000244140625,637.5,618.1749877929688,621.25,30671560
2019-09-27,624.125,626.75,618.7999877929688,622.0999755859375,14873170
2019-09-30,614.4000244140625,620.0,608.25,613.7249755859375,18218458
2019-10-01,615.75,627.5,610.5499877929688,624.4000244140625,18768352
2019-10-03,619.9749755859375,621.9000244140625,608.1749877929688,611.7750244140625,16298876
2019-10-04,618.3250122070312,619.7999877929688,592.6500244140625,594.8499755859375,18403632
2019-10-07,600.5999755859375,609.9249877929688,590.5750122070312,593.4500122070312,22513220
2019-10-09,598.5499877929688,614.9500122070312,595.0,614.0750122070312,17427270
2019-10-10,610.9000244140625,612.9749755859375,598.5999755859375,600.2750244140625,11556858
2019-10-11,606.7000122070312,612.0,594.4749755859375,599.4000244140625,17186318
2019-10-14,604.5,609.9500122070312,598.7000122070312,602.2000122070312,12267802
2019-10-15,603.5,612.5,603.4249877929688,611.5250244140625,8400374
2019-10-16,615.8250122070312,617.5,605.0499877929688,610.5499877929688,10586816
2019-10-17,613.75,614.9249877929688,606.5499877929688,610.0,12243614
2019-10-18,612.7249755859375,616.9249877929688,610.1749877929688,614.5,11233806
2019-10-22,628.5,628.5,616.2999877929688,619.6500244140625,20006228
2019-10-23,623.4249877929688,624.875,616.5,620.7999877929688,10190214
2019-10-24,624.0,627.0750122070312,613.1749877929688,618.0499877929688,13107494
2019-10-25,620.0,623.4249877929688,610.0,614.5,12993542
2019-10-27,619.9749755859375,620.9500122070312,617.5,618.8499755859375,1750082
2019-10-29,619.0,628.6749877929688,618.8499755859375,621.25,14232568
2019-10-30,623.4500122070312,631.3499755859375,621.5,624.1749877929688,12011366
2019-10-31,628.8499755859375,631.9500122070312,613.5499877929688,615.1749877929688,13217706
2019-11-01,619.5,621.875,613.7999877929688,620.0250244140625,11512260
2019-11-04,623.2249755859375,625.0,614.5250244140625,618.4249877929688,9935176
2019-11-05,620.5,622.4000244140625,614.5250244140625,619.75,12367810
2019-11-06,621.2249755859375,629.5,614.0250244140625,628.3250122070312,12130336
2019-11-07,630.5,634.8499755859375,625.0,631.8499755859375,16963034
2019-11-08,629.5,633.5,625.7249755859375,627.7999877929688,13251496
2019-11-11,626.2750244140625,634.25,625.25,632.375,14286610
2019-11-13,630.9749755859375,635.0,626.7999877929688,628.7750244140625,9293496
2019-11-14,631.9000244140625,638.5,628.5999755859375,636.9500122070312,11055218
2019-11-15,641.9249877929688,642.5,635.5499877929688,638.9500122070312,9279012
2019-11-18,638.5,639.7249755859375,629.3499755859375,631.0250244140625,9130292
2019-11-19,632.6500244140625,637.5,630.5499877929688,635.9500122070312,10570578
2019-11-20,636.5,641.4749755859375,633.5,636.6749877929688,11054258
2019-11-21,635.125,643.5,634.1749877929688,641.6749877929688,12019526
2019-11-22,641.8250122070312,641.8250122070312,631.0,632.375,7688010
2019-11-25,632.0750122070312,639.75,632.0750122070312,635.5499877929688,7893556
2019-11-26,639.2249755859375,639.875,633.4749755859375,637.5250244140625,8716002
2019-11-27,638.0,642.875,635.5999755859375,639.2000122070312,9580666
2019-11-28,640.0999755859375,641.5250244140625,631.0,632.6500244140625,12366040
2019-11-29,633.8499755859375,639.9500122070312,626.0,637.4749755859375,15567626
2019-12-02,636.9749755859375,636.9749755859375,629.2999877929688,632.875,8946204
2019-12-03,634.0999755859375,634.5,626.9000244140625,627.7000122070312,6991906
2019-12-04,626.25,628.4500122070312,617.0999755859375,625.8250122070312,11395614
2019-12-05,627.7999877929688,629.375,620.375,622.7999877929688,12772494
2019-12-06,624.4749755859375,630.0,619.0999755859375,623.0250244140625,13774650
2019-12-09,624.75,624.9249877929688,618.7750244140625,621.4749755859375,8265350
2019-12-10,625.5,626.8250122070312,622.5499877929688,624.75,9788900
2019-12-11,625.0499877929688,627.0,621.25,624.375,11054642
2019-12-12,626.5,634.7249755859375,626.5,631.7999877929688,12913148
2019-12-13,632.5,636.1749877929688,629.625,631.9249877929688,11775186
2019-12-16,634.625,635.0,624.0999755859375,628.6749877929688,11327576
2019-12-17,630.0,637.4000244140625,627.6749877929688,635.5499877929688,12427354
2019-12-18,641.5,649.5,636.8250122070312,646.1749877929688,17447172
2019-12-19,652.5,652.75,643.0499877929688,644.4000244140625,13018376
2019-12-20,644.375,649.7999877929688,640.0250244140625,648.3499755859375,15026044
2019-12-23,649.5,652.0,644.4000244140625,651.2000122070312,10195782
2019-12-24,649.2999877929688,650.5499877929688,643.4749755859375,644.5750122070312,7179208
2019-12-26,644.8499755859375,645.9249877929688,632.3250122070312,635.2249755859375,14949758
2019-12-27,636.0,639.5,635.0,637.5,7092992
2019-12-30,641.0,644.375,637.0250244140625,641.0750122070312,9334190
2019-12-31,640.9749755859375,640.9749755859375,634.3250122070312,636.0499877929688,8357056
2020-01-01,638.0499877929688,640.0,635.2999877929688,639.2999877929688,3673698
2020-01-02,639.5,644.0,639.5,643.375,6137166
2020-01-03,641.0999755859375,642.5,631.7999877929688,634.2000122070312,10855550
2020-01-06,630.0,630.9000244140625,618.0,620.4749755859375,10890186
2020-01-07,629.4500122070312,635.7249755859375,626.125,630.2999877929688,14724494
2020-01-08,623.4749755859375,631.0750122070312,620.0250244140625,628.6500244140625,11332110
2020-01-09,632.5,637.9000244140625,631.5499877929688,635.7000122070312,9546316
2020-01-10,642.0499877929688,643.4500122070312,637.5499877929688,641.3499755859375,9214580
2020-01-13,641.3499755859375,648.25,638.0,643.0,7451568
2020-01-14,644.5,646.2750244140625,638.75,644.75,7886290
2020-01-15,643.2000122070312,643.9749755859375,637.0499877929688,642.125,11787448
2020-01-16,641.0250244140625,645.5,639.6749877929688,643.8250122070312,7150400
2020-01-17,640.875,642.4500122070312,635.9500122070312,639.0750122070312,16918814
2020-01-20,652.4249877929688,652.4249877929688,626.25,627.4500122070312,22178450
2020-01-21,625.0,625.0,619.2000122070312,622.1749877929688,14984804
2020-01-22,624.0250244140625,627.5,617.2000122070312,620.4249877929688,18368310
2020-01-23,620.0,623.4249877929688,615.5,622.4249877929688,11508920
2020-01-24,623.0,627.0,619.5499877929688,622.2750244140625,11831756
2020-01-27,617.5,617.5,605.875,606.5999755859375,18888552
2020-01-28,609.4000244140625,613.9000244140625,606.625,611.5999755859375,13412158
2020-01-29,612.6500244140625,621.0,611.125,617.9249877929688,13788350
2020-01-30,619.4749755859375,619.4749755859375,608.5999755859375,613.0250244140625,12111984
2020-01-31,615.7249755859375,618.9000244140625,610.125,613.1500244140625,11178268
2020-02-03,598.5,598.9749755859375,588.8499755859375,596.4000244140625,13077010
2020-02-04,599.0,617.0,599.0,614.9000244140625,20897704
2020-02-05,617.4500122070312,624.0,613.6500244140625,622.3250122070312,18020682
2020-02-06,622.3250122070312,624.3499755859375,618.5999755859375,619.9000244140625,11827550
2020-02-07,623.0,623.5,615.7999877929688,621.0999755859375,6815448
2020-02-10,621.4749755859375,621.4749755859375,613.0250244140625,620.1500244140625,9219834
2020-02-11,621.6500244140625,627.5,619.0250244140625,620.2999877929688,11613520
2020-02-12,622.5999755859375,626.4500122070312,622.0250244140625,624.5,6297930
2020-02-13,629.9500122070312,629.9500122070312,616.7999877929688,620.7000122070312,9112140
2020-02-14,621.5999755859375,624.2000122070312,607.5,609.6749877929688,14688858
2020-02-17,612.5,616.5,607.2249755859375,608.5750122070312,10152690
2020-02-18,608.4500122070312,609.25,601.75,606.625,10529116
2020-02-19,611.25,615.0,606.9500122070312,613.5999755859375,10012268
2020-02-20,615.0,615.0,607.0499877929688,608.5499877929688,11123414
2020-02-24,604.4749755859375,607.375,600.0,604.9749755859375,16568084
2020-02-25,602.0,604.5,599.0,600.1500244140625,13886680
2020-02-26,598.75,602.3499755859375,592.8250122070312,599.625,13814786
2020-02-27,597.5,601.25,590.5,599.7249755859375,20655098
2020-02-28,587.75,592.5,585.0499877929688,588.8250122070312,24313056
2020-03-02,600.0999755859375,600.5750122070312,583.0750122070312,589.7999877929688,14664898
2020-03-03,587.5,592.6749877929688,584.0,590.9000244140625,22369550
2020-03-04,589.1749877929688,590.0,566.5499877929688,574.4249877929688,34288870
2020-03-05,576.5,582.5,571.375,575.6749877929688,19549708
2020-03-06,562.5,570.4500122070312,550.5,567.4500122070312,23053566
2020-03-09,555.0,559.2000122070312,532.5,553.6500244140625,34420590
2020-03-11,552.5,560.0,546.0,556.9000244140625,35538240
2020-03-12,537.5,540.0,501.7250061035156,510.6499938964844,59000770
2020-03-13,490.0249938964844,540.7249755859375,459.6000061035156,534.9000244140625,66342364
2020-03-16,517.5,518.5,497.5,499.75,31986322
2020-03-17,504.0,505.0,477.3500061035156,487.54998779296875,42676838
2020-03-18,492.5,496.5,432.5,438.45001220703125,61181406
2020-03-19,423.5,459.9750061035156,397.5,447.7749938964844,67220048
2020-03-20,437.5,457.29998779296875,412.2749938964844,441.42498779296875,88637464
2020-03-23,397.29998779296875,419.375,382.5,385.7749938964844,50276954
2020-03-24,397.625,405.0,369.375,383.8500061035156,61057272
2020-03-25,385.2250061035156,433.7250061035156,377.625,428.375,47228042
2020-03-26,435.04998779296875,468.8500061035156,420.5,450.54998779296875,57043156
2020-03-27,472.4750061035156,494.32501220703125,436.04998779296875,452.2250061035156,55235936
2020-03-30,440.0,443.5,414.0,415.82501220703125,39268444
2020-03-31,426.8999938964844,436.79998779296875,419.0,430.95001220703125,35211092
2020-04-01,431.92498779296875,431.92498779296875,410.0,414.82501220703125,29103504
2020-04-03,421.5,422.0,405.0,406.92498779296875,34996280
2020-04-07,437.0,453.6499938964844,422.67498779296875,448.04998779296875,60412638
2020-04-08,439.9750061035156,472.5,433.04998779296875,444.45001220703125,56219352
2020-04-09,456.5,465.45001220703125,445.0,462.5249938964844,44457146
2020-04-13,467.0,473.3500061035156,443.1000061035156,447.67498779296875,34158056
2020-04-15,465.25,465.25,421.5,431.6499938964844,57978752
2020-04-16,432.5,445.3500061035156,428.125,439.875,53854396
2020-04-17,457.5,460.0,443.625,455.1499938964844,55883462
2020-04-20,475.5,480.4750061035156,467.5,472.42498779296875,66232986
2020-04-21,462.5,467.0,454.0,460.82501220703125,33178006
2020-04-22,459.57501220703125,466.5,453.6499938964844,464.29998779296875,38289354
2020-04-23,467.5,479.25,456.2749938964844,477.4750061035156,40901222
2020-04-24,466.5,479.20001220703125,463.0,469.0249938964844,33284568
2020-04-27,472.57501220703125,478.70001220703125,463.1499938964844,464.8500061035156,27421072
2020-04-28,471.8999938964844,471.8999938964844,461.0,465.70001220703125,29441436
2020-04-29,467.5,496.3500061035156,467.04998779296875,488.54998779296875,55877778
2020-04-30,500.70001220703125,509.5,496.04998779296875,500.8999938964844,43793134
2020-05-04,478.75,480.0,458.75,461.5,26722324
2020-05-05,469.0,472.0,454.0249938964844,455.7250061035156,29672858
2020-05-06,459.5,475.0,452.82501220703125,473.20001220703125,33785846
2020-05-07,470.25,471.6499938964844,460.67498779296875,462.5,21831730
2020-05-08,471.0,471.9750061035156,462.6000061035156,464.5249938964844,20807484
2020-05-11,468.5,477.0,457.0,457.8999938964844,28550784
2020-05-12,450.5,454.70001220703125,435.54998779296875,450.7749938964844,49568418
2020-05-13,475.5,480.0,461.04998779296875,463.82501220703125,44346966
2020-05-14,449.0,455.5,445.0,446.8500061035156,39554890
2020-05-15,445.25,446.20001220703125,437.5,444.07501220703125,24349628
2020-05-18,444.0,444.0,415.6499938964844,418.32501220703125,46649964
2020-05-19,430.42498779296875,433.6499938964844,413.04998779296875,415.32501220703125,47460692
2020-05-20,418.2250061035156,432.0,416.1000061035156,428.54998779296875,40014306
2020-05-21,430.7250061035156,442.0,426.1499938964844,429.7749938964844,48478908
2020-05-22,425.0,435.1499938964844,416.5249938964844,419.42498779296875,42047432
2020-05-26,428.5,435.875,424.375,426.20001220703125,38005152
2020-05-27,429.95001220703125,454.8999938964844,428.57501220703125,451.82501220703125,56025754
2020-05-28,460.0,475.0,456.9750061035156,472.625,75488806
2020-05-29,472.0,477.5,461.7250061035156,475.82501220703125,53025166
2020-06-01,487.5,497.5,483.04998779296875,493.82501220703125,39190230
2020-06-02,493.3500061035156,502.5,487.6000061035156,500.5,41623594
2020-06-03,510.0,523.125,507.7250061035156,511.125,50546088
2020-06-04,514.0250244140625,519.4749755859375,495.54998779296875,500.8500061035156,54275882
2020-06-05,501.54998779296875,521.2000122070312,501.3999938964844,516.6749877929688,35195984
2020-06-08,530.0,533.3250122070312,503.20001220703125,507.95001220703125,49812664
2020-06-09,510.0,513.375,489.7749938964844,493.6499938964844,61844146
2020-06-10,495.0,499.92498779296875,489.1000061035156,495.92498779296875,36497730
2020-06-11,492.5,494.20001220703125,482.5,484.29998779296875,30897714
2020-06-12,464.0,493.32501220703125,464.0,491.375,42644876
2020-06-15,484.0,487.0,471.5,474.92498779296875,32009936
2020-06-16,487.5,496.9750061035156,476.0,495.20001220703125,45399970
2020-06-17,494.5,499.45001220703125,486.625,489.625,36957838
2020-06-18,490.0,512.4500122070312,486.0,509.9750061035156,40870126
2020-06-19,508.9750061035156,521.5,506.07501220703125,516.6749877929688,47877752
2020-06-22,519.7249755859375,522.9749755859375,511.8999938964844,514.375,29694474
2020-06-23,519.5,522.5,508.2749938964844,521.1500244140625,28830512
2020-06-24,524.25,528.75,515.0250244140625,516.25,39429246
2020-06-25,510.95001220703125,524.5,503.5,514.375,70646790
2020-06-26,520.5,531.5,514.0,528.2249755859375,39969138
2020-06-29,518.5,541.2999877929688,518.5,538.0250244140625,46005956
2020-06-30,537.0,539.2750244140625,528.1500244140625,532.9249877929688,35746130
2020-07-01,532.9249877929688,548.0,530.6500244140625,542.2999877929688,34846718
2020-07-02,545.1500244140625,555.625,542.5999755859375,544.7000122070312,36954496
2020-07-03,546.5,547.9000244140625,535.0,536.9749755859375,27597254
2020-07-06,553.9749755859375,559.9500122070312,550.0,551.5,35558216
2020-07-07,554.7000122070312,555.8499755859375,546.5250244140625,552.5750122070312,24349850
2020-07-08,553.5,562.4500122070312,552.5,555.1749877929688,30056350
2020-07-09,559.0,564.8499755859375,553.625,562.4749755859375,20114484
2020-07-10,558.9500122070312,560.0,549.7750244140625,552.5499877929688,17562978
2020-07-13,554.9500122070312,556.5,535.6500244140625,540.125,29922114
2020-07-14,531.2999877929688,534.4500122070312,525.0,529.4249877929688,26612674
2020-07-15,535.0999755859375,539.5,525.0499877929688,526.5750122070312,20974394
2020-07-16,526.8250122070312,532.75,517.0499877929688,531.2750244140625,23662456
2020-07-17,529.5250244140625,552.0,529.1500244140625,549.2249755859375,28405738
2020-07-20,567.5,576.4500122070312,562.0750122070312,566.5250244140625,65124096
2020-07-21,576.0250244140625,578.9749755859375,567.0,569.2750244140625,47512422
2020-07-22,569.25,572.25,558.7750244140625,563.1749877929688,24718012
2020-07-23,562.5,571.9500122070312,558.125,565.2000122070312,20149122
2020-07-24,561.4500122070312,561.4500122070312,550.625,559.5499877929688,19598440
2020-07-27,549.9249877929688,551.5,537.6749877929688,539.75,37970094
2020-07-28,539.5,547.2000122070312,529.75,543.3250122070312,35596450
2020-07-29,540.5,544.25,527.7750244140625,532.2999877929688,33592086
2020-07-30,537.0,541.8250122070312,523.3499755859375,525.3250122070312,26956266
2020-07-31,528.8499755859375,528.8499755859375,510.0249938964844,516.4000244140625,37726696
2020-08-03,512.9749755859375,513.4749755859375,496.5,501.0,31783542
2020-08-04,504.0,530.5250244140625,501.5,520.8250122070312,60306168
2020-08-05,523.9749755859375,527.9000244140625,510.0,513.7750244140625,33221360
2020-08-06,518.5,527.5,513.125,520.3499755859375,33646888
2020-08-07,517.4249877929688,523.5999755859375,510.29998779296875,521.9249877929688,24836784
2020-08-10,522.0,532.0,521.9000244140625,525.3250122070312,22172854
2020-08-11,524.25,535.5,524.25,533.3250122070312,20136148
2020-08-12,532.5,533.0,524.0,531.8499755859375,20666432
2020-08-13,533.9749755859375,535.6749877929688,528.25,529.5250244140625,19892740
2020-08-14,532.9500122070312,532.9500122070312,513.6500244140625,517.2249755859375,20924512
2020-08-17,523.5,523.5,510.1000061035156,516.375,19561012
2020-08-18,514.0,530.8250122070312,511.0,528.25,24040824
2020-08-19,532.5,534.9000244140625,528.125,533.2999877929688,17715624
2020-08-20,527.4749755859375,534.4749755859375,526.0,529.5,19216734
2020-08-21,532.7000122070312,544.4000244140625,532.2999877929688,542.8250122070312,28924302
2020-08-24,543.0,561.4749755859375,542.8250122070312,558.5250244140625,36779740
2020-08-25,559.5,563.5,553.0999755859375,559.8499755859375,27601738
2020-08-26,560.5,565.875,554.75,559.2249755859375,25190062
2020-08-27,562.9000244140625,564.9500122070312,553.125,556.0499877929688,20645996
2020-08-28,555.9749755859375,562.5,547.5,557.25,38696610
2020-08-31,564.75,574.4000244140625,550.3499755859375,557.9249877929688,38501166
2020-09-01,564.0,571.7999877929688,554.0,563.6500244140625,28877884
2020-09-02,562.0499877929688,569.5,560.3499755859375,567.0750122070312,19761682
2020-09-03,568.625,572.9749755859375,564.0,565.4500122070312,19833362
2020-09-04,555.0,562.7000122070312,552.2000122070312,559.6500244140625,23661370
2020-09-07,558.1500244140625,559.75,549.5,555.25,17615466
2020-09-08,557.0,559.4000244140625,551.5,556.2249755859375,14624918
2020-09-09,550.5,555.0,545.625,548.25,15728872
2020-09-10,551.5,552.4249877929688,542.0,545.2750244140625,15188088
2020-09-11,548.2249755859375,552.4249877929688,535.5,539.3250122070312,20794730
2020-09-14,544.0,547.0,526.1749877929688,528.9749755859375,21650590
2020-09-15,534.0,538.0750122070312,529.0499877929688,535.25,16505110
2020-09-16,535.0999755859375,548.0,534.1749877929688,546.8250122070312,18710112
2020-09-17,542.0,547.0,539.0,541.7999877929688,18318686
2020-09-18,546.0,546.0999755859375,523.5999755859375,528.6500244140625,23481778
2020-09-21,527.5,535.6749877929688,520.75,524.6500244140625,19842878
2020-09-22,527.0250244140625,529.0750122070312,514.75,517.7000122070312,18620678
2020-09-23,523.0,527.5,517.1749877929688,523.625,16079828
2020-09-24,519.0,523.5,512.5,515.2000122070312,19809510
2020-09-25,525.0,525.9749755859375,512.8250122070312,522.0,20321544
2020-09-28,524.4749755859375,529.5,521.3250122070312,527.0999755859375,16152422
2020-09-29,529.0,534.9500122070312,525.5,531.2750244140625,12644446
2020-09-30,530.0,543.4500122070312,526.0,539.2999877929688,18813842
2020-10-01,545.0499877929688,555.0,545.0499877929688,553.4749755859375,21203080
2020-10-05,556.0,566.0,555.5,557.1749877929688,16940126
2020-10-06,567.5250244140625,574.0,563.0999755859375,572.0499877929688,19371990
2020-10-07,572.4500122070312,582.4249877929688,568.7999877929688,581.125,21248778
2020-10-08,590.0,601.5,581.6749877929688,595.9000244140625,35060674
2020-10-09,600.5,618.5,595.8250122070312,616.7750244140625,44972388
2020-10-12,615.7750244140625,621.375,602.7999877929688,606.8250122070312,19220546
2020-10-13,606.7000122070312,611.2249755859375,597.5,599.2249755859375,18353952
2020-10-14,597.7750244140625,607.1500244140625,587.75,605.75,22582918
2020-10-15,607.0999755859375,608.5,582.0,584.625,28246896
2020-10-16,590.0,601.75,586.5,599.6749877929688,25822848
2020-10-19,617.5,617.5,596.2999877929688,601.7750244140625,42359556
2020-10-20,603.75,613.7000122070312,602.9500122070312,611.9749755859375,27411978
2020-10-21,615.2999877929688,625.5,610.8499755859375,623.3499755859375,35640752
2020-10-22,619.9749755859375,625.0,611.5,616.6500244140625,21913060
2020-10-23,621.75,624.2249755859375,615.5999755859375,617.9000244140625,15866230
2020-10-26,614.9000244140625,621.0,602.2999877929688,605.4500122070312,19571976
2020-10-27,613.0,618.0,598.9249877929688,616.5499877929688,24317780
2020-10-28,614.0,616.0,600.75,604.7999877929688,16571186
2020-10-29,600.2999877929688,602.2249755859375,589.25,593.5999755859375,23060024
2020-10-30,591.2750244140625,599.6500244140625,588.1749877929688,591.7750244140625,11522716
2020-11-02,597.1749877929688,612.5,588.75,607.625,21926080
2020-11-03,613.2249755859375,625.375,612.75,623.9749755859375,28164230
2020-11-04,626.0,632.4000244140625,615.0,628.7000122070312,23404822
2020-11-05,633.0,638.0,626.1749877929688,634.5999755859375,21433928
2020-11-06,633.125,655.0,632.75,653.8250122070312,35705724
2020-11-09,657.5999755859375,672.9749755859375,657.5999755859375,670.2750244140625,26288440
2020-11-10,678.5,697.5,675.7750244140625,696.8250122070312,41517356
2020-11-11,699.9500122070312,707.4000244140625,685.25,694.9749755859375,36116194
2020-11-12,688.7000122070312,694.2750244140625,680.0,685.8499755859375,27053948
2020-11-13,684.4000244140625,684.4000244140625,673.5,679.4000244140625,22472480
2020-11-14,683.9000244140625,687.4749755859375,682.5999755859375,684.8499755859375,1835066
2020-11-17,692.9000244140625,706.2999877929688,690.2999877929688,704.2249755859375,31059900
2020-11-18,701.5,709.5,699.5250244140625,704.3499755859375,18862776
2020-11-19,694.8499755859375,699.7249755859375,684.0,687.1749877929688,20266882
2020-11-20,686.3250122070312,704.2000122070312,682.5250244140625,701.8250122070312,20405362
2020-11-23,707.5,711.8250122070312,687.6749877929688,697.2999877929688,25246636
2020-11-24,704.0,722.5,701.0250244140625,719.0999755859375,40154400
2020-11-25,725.6500244140625,732.2000122070312,698.5,701.4000244140625,24152602
2020-11-26,707.5,716.0,693.5,713.3250122070312,27943126
2020-11-27,715.9000244140625,723.0,707.7750244140625,720.4249877929688,17994580
2020-12-01,720.4249877929688,724.5,712.75,716.6500244140625,17147574
2020-12-02,715.5,715.9000244140625,697.4000244140625,703.4749755859375,17892150
2020-12-03,714.5,716.0,687.0250244140625,688.5999755859375,37933222
2020-12-04,690.5,700.7249755859375,686.6500244140625,692.7999877929688,26912322
2020-12-07,687.5,689.9749755859375,679.0499877929688,686.125,24316318
2020-12-08,687.5,694.4000244140625,682.5750122070312,688.1500244140625,19457896
2020-12-09,688.5,705.0250244140625,687.5250244140625,703.5999755859375,22069074
2020-12-10,699.0,701.0,687.875,692.9249877929688,19727966
2020-12-11,695.0250244140625,697.5,686.5,691.4000244140625,21356384
2020-12-14,691.5,694.0,684.0,686.0750122070312,17222050
2020-12-15,690.4000244140625,697.4749755859375,683.0,695.6500244140625,21561436
2020-12-16,702.0,708.4000244140625,697.25,705.3499755859375,16832092
2020-12-17,709.2999877929688,722.5,702.25,720.9000244140625,21924478
2020-12-18,717.5,719.8499755859375,703.1500244140625,705.6749877929688,22995918
2020-12-21,708.75,711.9249877929688,683.3499755859375,686.3250122070312,23761824
2020-12-22,692.4000244140625,692.4000244140625,672.5,686.5499877929688,22851558
2020-12-23,683.75,690.4749755859375,680.5250244140625,687.8250122070312,15467394
2020-12-24,694.7000122070312,702.0,688.5,698.5499877929688,14952188
2020-12-28,702.5,710.5,702.0,706.4249877929688,11699194
2020-12-29,710.5250244140625,717.375,710.0,713.5999755859375,14495346
2020-12-30,719.9500122070312,719.9500122070312,706.5,716.25,16216726
2020-12-31,717.5,722.0,712.5250244140625,718.1500244140625,22145750
2021-01-01,720.0,721.5,710.2999877929688,712.5250244140625,8810938
2021-01-04,719.0,719.0,699.5,708.0,15740192
2021-01-05,709.5999755859375,715.375,704.5,713.3499755859375,14386824
2021-01-06,717.5,720.0,706.5499877929688,710.2750244140625,22134050
2021-01-07,716.25,716.2999877929688,706.2750244140625,708.125,19894842
2021-01-08,716.0,721.0,711.5499877929688,715.8250122070312,13768764
2021-01-11,725.0,732.4500122070312,718.1500244140625,725.7249755859375,17331392
2021-01-12,726.2249755859375,743.8499755859375,724.5499877929688,740.5,20388156
2021-01-13,746.4500122070312,748.4500122070312,731.0499877929688,735.3250122070312,16934650
2021-01-14,735.5750122070312,744.0,728.0,734.375,12297166
2021-01-15,734.5499877929688,735.8250122070312,722.5,733.3250122070312,14165236
2021-01-18,734.9500122070312,751.4249877929688,733.5,741.5499877929688,42825632
2021-01-19,745.9000244140625,755.8250122070312,733.5,751.9249877929688,17360254
2021-01-20,750.5,750.5,743.0,746.0,13346052
2021-01-21,746.0,747.1749877929688,734.0750122070312,737.4000244140625,26333054
2021-01-22,733.9500122070312,733.9500122070312,720.0750122070312,721.7750244140625,15392364
2021-01-25,732.5499877929688,740.5,727.5750122070312,731.4249877929688,20344718
2021-01-27,734.0,735.9500122070312,703.0750122070312,704.7999877929688,23556276
2021-01-28,694.9500122070312,700.6500244140625,671.0,685.7249755859375,42704446
2021-01-29,695.6749877929688,704.375,682.25,695.25,28704502
2021-02-01,705.125,741.25,700.5,738.375,26370544
2021-02-02,750.5,789.25,748.7000122070312,780.2750244140625,42420206
2021-02-03,789.5,790.8499755859375,771.0,787.4000244140625,20237254
2021-02-04,783.0,794.0,771.7249755859375,789.5499877929688,24484684
2021-02-05,774.0,809.125,774.0,798.7999877929688,27054716
2021-02-08,810.0,815.8250122070312,797.8499755859375,802.625,17447580
2021-02-09,805.0,814.0,793.3499755859375,805.9249877929688,18421366
2021-02-10,804.1749877929688,807.4249877929688,783.5,790.875,19788006
2021-02-11,791.0,798.9000244140625,782.0999755859375,786.1749877929688,13648618
2021-02-12,786.9500122070312,796.25,786.5,790.9749755859375,9910106
2021-02-15,800.0499877929688,812.5,798.3499755859375,808.2999877929688,10355244
2021-02-16,810.5999755859375,820.5,804.2249755859375,813.3250122070312,13897358
2021-02-17,810.0,810.9000244140625,791.5,793.25,12794426
2021-02-18,802.9749755859375,802.9749755859375,774.0,777.1500244140625,14720560
2021-02-19,772.5,782.0999755859375,766.5,769.5499877929688,17139508
2021-02-22,772.5250244140625,786.9500122070312,769.7249755859375,774.0,29451838
2021-02-23,776.875,778.8499755859375,761.3250122070312,764.5750122070312,18239906
2021-02-24,763.25,806.9749755859375,758.125,803.2249755859375,14314332
2021-02-25,804.875,818.125,801.0,803.2000122070312,20109570
2021-02-26,793.5250244140625,794.4500122070312,760.5,767.2000122070312,27912846
2021-03-01,782.0,786.2750244140625,770.3499755859375,779.4500122070312,13536018
2021-03-02,787.8499755859375,793.75,775.5,784.0999755859375,16110038
2021-03-03,792.0,798.0,782.5,793.4249877929688,11222410
2021-03-04,774.2750244140625,785.5,769.5499877929688,776.0250244140625,16291438
2021-03-05,765.5,772.7999877929688,760.5499877929688,765.0,17445822
2021-03-08,771.0,777.5,756.25,759.75,15117050
2021-03-09,772.5,782.8499755859375,769.125,781.25,15066696
2021-03-10,786.0,787.5,776.0750122070312,777.875,11055016
2021-03-12,800.0,800.0,767.5250244140625,775.9749755859375,15631204
2021-03-15,774.2000122070312,774.2000122070312,757.6500244140625,764.3250122070312,12230386
2021-03-16,765.4500122070312,770.2000122070312,755.0,756.0750122070312,13722366
2021-03-17,762.125,769.5,745.0999755859375,747.6749877929688,21064428
2021-03-18,755.875,761.0250244140625,740.5750122070312,745.5,18065540
2021-03-19,742.5,755.5999755859375,737.0250244140625,748.75,21235020
2021-03-22,747.4500122070312,747.4500122070312,730.2000122070312,734.5750122070312,14015632
2021-03-23,735.0,753.7249755859375,734.5499877929688,750.0750122070312,19761428
2021-03-24,745.4500122070312,753.2249755859375,735.5,739.4000244140625,16368900
2021-03-25,745.0999755859375,747.7750244140625,725.125,731.6749877929688,23964356
2021-03-26,747.0,749.5,737.0,745.6500244140625,12021258
2021-03-30,753.3250122070312,781.2750244140625,750.7750244140625,776.8499755859375,25607644
2021-03-31,774.0,774.0,744.0,746.8250122070312,30774506
2021-04-01,749.7000122070312,749.7000122070312,732.5,743.375,35763762
2021-04-05,740.0,742.5,715.5,724.7999877929688,16006586
2021-04-06,730.0,731.3250122070312,716.3250122070312,720.125,15075734
2021-04-07,719.6500244140625,728.3499755859375,710.7750244140625,723.5999755859375,25088180
2021-04-08,726.5,730.4500122070312,715.25,716.4000244140625,17613592
2021-04-09,713.0,716.4000244140625,707.5499877929688,710.875,28157816
2021-04-12,696.5,699.5,676.5,683.5250244140625,22549128
2021-04-13,684.0,703.2249755859375,680.5,700.1749877929688,18600682
2021-04-15,702.5,718.3499755859375,695.5,715.0499877929688,34444984
2021-04-16,717.4749755859375,722.5,711.75,714.3250122070312,15606526
2021-04-19,695.0,708.8499755859375,686.1500244140625,706.2000122070312,24069242
2021-04-20,712.5,713.2000122070312,691.9749755859375,695.7000122070312,23186270
2021-04-22,690.0,713.4000244140625,685.5250244140625,711.25,38485312
2021-04-23,704.5,717.2999877929688,700.0999755859375,707.0750122070312,22713528
2021-04-26,706.5,714.5,701.375,702.4000244140625,30170952
2021-04-27,703.625,721.0,702.4000244140625,719.3499755859375,20592906
2021-04-28,718.125,739.5,715.5,738.4000244140625,24103940
2021-04-29,743.0999755859375,751.8250122070312,730.5,736.25,24078552
2021-04-30,722.5,726.9000244140625,703.75,706.1500244140625,35232902
2021-05-03,696.5,710.9500122070312,688.6500244140625,707.2249755859375,22473700
2021-05-04,704.9749755859375,711.5,691.6500244140625,694.1749877929688,21486328
2021-05-05,700.5,704.7999877929688,690.8499755859375,701.2999877929688,14421612
2021-05-06,703.7999877929688,705.4000244140625,697.5,700.4500122070312,11477044
2021-05-07,706.4749755859375,712.4749755859375,705.125,707.375,12048334
2021-05-10,713.5,715.0,706.4000244140625,709.9249877929688,11060050
2021-05-11,698.0,712.0999755859375,697.5250244140625,701.7750244140625,14519034
2021-05-12,699.875,704.2999877929688,694.4249877929688,699.75,13774926
2021-05-14,697.1749877929688,699.4500122070312,691.1749877929688,693.4249877929688,10604142
2021-05-17,697.5750122070312,721.2999877929688,690.6500244140625,720.125,15120692
2021-05-18,729.4749755859375,741.375,727.5,738.3499755859375,22165280
2021-05-19,735.0999755859375,739.4249877929688,726.2750244140625,729.0999755859375,10130916
2021-05-20,729.1749877929688,732.9500122070312,714.25,716.4000244140625,10684184
2021-05-21,721.5,750.9500122070312,721.5,748.6500244140625,19341646
2021-05-24,751.625,760.2249755859375,749.25,754.9749755859375,22146102
2021-05-25,755.25,756.875,735.25,739.4749755859375,19236974
2021-05-26,740.0,743.5,735.0,738.5250244140625,12283990
2021-05-27,736.5499877929688,744.5,731.2249755859375,741.3250122070312,20439496
2021-05-28,745.4500122070312,756.5,739.375,751.7249755859375,17750020
2021-05-31,750.0,759.75,743.75,757.9249877929688,15661054
2021-06-01,760.1500244140625,763.5,753.625,755.8499755859375,11030162
2021-06-02,755.0,755.0999755859375,746.5,752.0,10624016
2021-06-03,754.0,762.4749755859375,743.875,760.2750244140625,10287260
2021-06-04,758.0,760.3250122070312,749.5999755859375,750.4749755859375,9424476
2021-06-07,755.0,757.0,748.0,749.9249877929688,8091668
2021-06-08,748.2750244140625,750.6500244140625,740.75,741.5250244140625,9872540
2021-06-09,741.9500122070312,751.0,736.0250244140625,740.1500244140625,10223442
2021-06-10,741.0499877929688,744.5,736.8250122070312,740.5250244140625,11483540
2021-06-11,745.5,748.2750244140625,740.5250244140625,743.1749877929688,7205974
2021-06-14,739.125,743.0,731.2750244140625,739.7249755859375,8881964
2021-06-15,743.0,748.0,737.4000244140625,745.125,7569602
2021-06-16,744.0,747.0,739.0499877929688,742.2999877929688,7702098
2021-06-17,733.0,739.375,730.0,733.0499877929688,9283802
2021-06-18,734.75,745.0,727.5,739.9000244140625,11938060
2021-06-21,730.6749877929688,745.9000244140625,729.5,744.3499755859375,7260472
2021-06-22,748.5,754.0,740.0,741.9000244140625,14366824
2021-06-23,745.0,748.9000244140625,739.2999877929688,742.75,7844868
2021-06-24,745.0,756.7249755859375,744.0,753.125,14785024
2021-06-25,755.5499877929688,761.0,753.5,757.5499877929688,10383176
2021-06-28,760.0,761.5,752.5,754.1749877929688,9356786
2021-06-29,753.5,754.0999755859375,746.0750122070312,751.0250244140625,10971692
2021-06-30,749.0,754.5,747.0499877929688,748.9500122070312,9679022
2021-07-01,751.0,751.0,741.5,743.375,16911442
2021-07-02,742.5,744.625,738.5,740.2000122070312,14827036
2021-07-05,744.9749755859375,752.25,742.2750244140625,747.7249755859375,7373882
2021-07-06,748.5,770.0,748.0,767.3499755859375,17669032
2021-07-07,767.0,772.6749877929688,763.8499755859375,769.75,9629190
2021-07-08,762.5,768.8499755859375,756.7249755859375,760.2249755859375,8420922
2021-07-09,756.2750244140625,758.0,748.75,751.0,10695842
2021-07-12,751.0,751.0,742.0,743.5,14458978
2021-07-13,748.0499877929688,753.0499877929688,742.0499877929688,750.9249877929688,18178142
2021-07-14,748.75,753.6749877929688,745.5499877929688,749.5750122070312,9788494
2021-07-15,752.5,763.375,749.8250122070312,760.3499755859375,10438802
2021-07-16,763.9749755859375,764.9749755859375,759.4000244140625,761.1749877929688,5170628
2021-07-19,743.5,744.4249877929688,733.0,735.5,25111600
2021-07-20,721.0,727.0,718.0750122070312,721.5750122070312,24174250
2021-07-22,728.0499877929688,734.25,722.5,724.3499755859375,13207114
2021-07-23,725.75,728.7249755859375,717.6500244140625,721.375,13126684
2021-07-26,715.0,722.0,714.0499877929688,717.2750244140625,13167166
2021-07-27,718.0499877929688,724.9500122070312,718.0499877929688,719.875,22401430
2021-07-28,717.5250244140625,719.3499755859375,702.0,708.6500244140625,20670342
2021-07-29,714.125,714.9749755859375,706.6500244140625,709.125,13702230
2021-07-30,709.5,715.875,703.9749755859375,713.2249755859375,11655488
2021-08-02,717.5,717.5,708.125,711.3250122070312,13258786
2021-08-03,705.0,719.9500122070312,705.0,717.3499755859375,12033120
2021-08-04,720.5,737.25,720.0,732.6500244140625,22053948
2021-08-05,733.5499877929688,753.5250244140625,728.7000122070312,742.4249877929688,18822408
2021-08-06,741.7750244140625,750.0,737.0,746.3250122070312,13339270
2021-08-09,746.0,753.6749877929688,738.0,751.9500122070312,10998048
2021-08-10,744.5,759.875,744.5,753.8250122070312,14838346
2021-08-11,757.4500122070312,759.4249877929688,745.5250244140625,747.4749755859375,12585786
2021-08-12,748.5,753.7999877929688,744.6500244140625,750.7000122070312,8597674
2021-08-13,750.5999755859375,765.5,750.5,763.0999755859375,16658428
2021-08-16,763.0750122070312,767.5,760.7249755859375,765.2999877929688,6252778
2021-08-17,758.5999755859375,762.0,752.6500244140625,757.3250122070312,8282666
2021-08-18,778.3499755859375,782.6749877929688,754.1749877929688,756.5,22985932
2021-08-20,743.0250244140625,759.9000244140625,743.0250244140625,757.375,13150406
2021-08-23,764.9249877929688,766.5750122070312,754.3250122070312,762.2999877929688,10843054
2021-08-24,765.0,782.25,763.7249755859375,779.4249877929688,18381314
2021-08-25,776.0499877929688,782.4000244140625,774.0,778.7000122070312,7727974
2021-08-26,775.0,785.5,771.7249755859375,777.4000244140625,11119002
2021-08-27,776.0,779.3250122070312,772.625,774.2249755859375,6382138
2021-08-30,777.7999877929688,785.0,775.7999877929688,784.125,9049166
2021-08-31,781.75,791.6749877929688,781.0999755859375,790.7000122070312,12062576
2021-09-01,787.5,799.0,787.25,789.5499877929688,12422558
2021-09-02,787.0499877929688,796.0,785.625,794.5,9618524
2021-09-03,793.0499877929688,799.0,784.1500244140625,788.0250244140625,10735334
2021-09-06,789.9749755859375,790.4749755859375,780.9749755859375,782.8499755859375,7876896
2021-09-07,781.25,791.0,777.5999755859375,784.625,7245496
2021-09-08,785.9749755859375,790.25,782.7999877929688,788.2000122070312,6724080
2021-09-09,787.0,789.7249755859375,780.5,784.2999877929688,8250948
2021-09-13,781.0,792.0,776.8250122070312,777.7750244140625,8959164
2021-09-14,780.0,782.25,773.2999877929688,774.2750244140625,9758506
2021-09-15,767.5,777.4000244140625,767.5,773.4000244140625,14822998
2021-09-16,768.875,782.1500244140625,768.1500244140625,779.9749755859375,10260550
2021-09-17,784.5,794.5,779.5999755859375,791.0750122070312,20498102
2021-09-20,782.0,790.8499755859375,779.0,779.9249877929688,8781610
2021-09-21,781.0,784.3250122070312,764.4749755859375,775.9749755859375,14774996
2021-09-22,774.5,775.0750122070312,765.0,766.8499755859375,10582202
2021-09-23,771.0,786.0,771.0,785.0,13664304
2021-09-24,789.5,803.9749755859375,787.5,800.7750244140625,20806702
2021-09-27,807.8499755859375,817.75,804.0,812.5499877929688,16415462
2021-09-28,816.0,816.0,791.0,807.5250244140625,12773790
2021-09-29,798.5,803.2999877929688,792.5750122070312,796.9249877929688,16263036
2021-09-30,793.0,803.1749877929688,791.5499877929688,797.4749755859375,15975348
2021-10-01,791.5,794.5,782.625,791.3499755859375,11128596
2021-10-04,794.5,800.6749877929688,791.7999877929688,792.875,7051028
2021-10-05,796.0,798.75,788.125,797.7249755859375,10257178
2021-10-06,798.0,813.4249877929688,793.5,807.4500122070312,18600830
2021-10-07,813.2999877929688,813.8499755859375,803.5,805.25,11265724
2021-10-08,806.0,811.0,800.0750122070312,801.3250122070312,7245562
2021-10-11,799.9500122070312,822.5,799.5,816.9000244140625,13080848
2021-10-12,812.5,820.7750244140625,812.5,814.7999877929688,8176946
2021-10-13,818.5,824.0,815.0,819.7000122070312,6225644
2021-10-14,819.0,845.0,819.0,843.7000122070312,14757288
2021-10-18,852.5,862.5,833.5250244140625,835.1500244140625,28856456
2021-10-19,837.7249755859375,846.2249755859375,835.5,844.3499755859375,8987540
2021-10-20,844.5499877929688,849.375,832.2249755859375,836.9249877929688,10908568
2021-10-21,835.9000244140625,840.9749755859375,830.4249877929688,838.1500244140625,9738190
2021-10-22,840.0499877929688,854.0,835.375,840.375,12175554
2021-10-25,845.0,845.0,806.9000244140625,828.5,16426766
2021-10-26,825.0,836.9249877929688,823.1749877929688,826.375,12090656
2021-10-27,826.375,832.5250244140625,818.6500244140625,821.4000244140625,13249642
2021-10-28,825.0,825.0,793.5750122070312,796.7999877929688,17797750
2021-10-29,795.0,801.0,780.0,791.4249877929688,12406874
2021-11-01,792.5,805.5,791.7750244140625,802.6500244140625,8122320
2021-11-02,803.0,811.0,800.0250244140625,803.375,13237722
2021-11-03,802.5499877929688,804.9500122070312,787.7750244140625,790.7249755859375,10207338
2021-11-04,797.5,798.9249877929688,795.0499877929688,796.9749755859375,1096808
2021-11-08,796.0499877929688,802.3499755859375,785.2249755859375,800.125,18943580
2021-11-09,797.2999877929688,797.2999877929688,784.5250244140625,786.125,12695476
2021-11-10,784.0,784.5,775.0,777.625,13714126
2021-11-11,775.0250244140625,777.4500122070312,767.7999877929688,774.1500244140625,7999404
2021-11-12,775.0,779.5250244140625,772.5250244140625,776.5,14914092
2021-11-15,781.0499877929688,785.9249877929688,777.2000122070312,778.625,9533594
2021-11-16,777.5,778.5999755859375,770.7999877929688,774.0,8245406
2021-11-17,768.4500122070312,772.0,764.25,765.4000244140625,7598878
2021-11-18,763.0250244140625,771.75,762.625,769.7000122070312,9152874
2021-11-22,773.0,776.3499755859375,749.5250244140625,757.6749877929688,15261272
2021-11-23,751.0,763.9000244140625,748.1749877929688,757.7750244140625,11235214
2021-11-24,762.0,768.1749877929688,757.0250244140625,759.0250244140625,30802286
2021-11-25,757.4000244140625,766.6500244140625,753.5,762.9749755859375,10251652
2021-11-26,750.0,753.3499755859375,742.5,744.9500122070312,18624936
2021-11-29,747.4000244140625,753.8250122070312,731.0,750.625,12990996
2021-11-30,747.5,764.5,743.2750244140625,746.7750244140625,25221542
2021-12-01,747.5,753.5250244140625,744.5499877929688,752.3250122070312,8677634
2021-12-02,752.25,764.4000244140625,750.0,762.875,11203110
2021-12-03,762.9000244140625,767.9749755859375,753.5250244140625,756.7750244140625,8124694
2021-12-06,756.5,759.4000244140625,748.6749877929688,751.9000244140625,7029532
2021-12-07,756.9749755859375,766.0,754.9500122070312,762.8499755859375,12427534
2021-12-08,768.0,777.5250244140625,767.0,776.9000244140625,15295534
2021-12-09,772.5999755859375,777.3499755859375,761.0,763.4249877929688,11747744
2021-12-10,762.4500122070312,764.0,754.2249755859375,761.2750244140625,7779384
2021-12-13,763.0,768.8250122070312,753.5999755859375,755.5750122070312,10322142
2021-12-14,751.25,758.0,748.5250244140625,751.2249755859375,9191100
2021-12-15,751.5,761.6749877929688,747.8250122070312,750.0,10115148
2021-12-16,756.4000244140625,758.5,747.0,750.0499877929688,13210432
2021-12-17,748.5,753.0,733.8499755859375,736.5250244140625,14994768
2021-12-20,726.0,729.0,707.0499877929688,712.8250122070312,21156668
2021-12-21,719.75,725.375,715.0,720.9000244140625,9118750
2021-12-22,726.1500244140625,728.0,717.8499755859375,722.5999755859375,8577484
2021-12-23,726.625,728.9000244140625,718.4249877929688,722.0499877929688,9779166
2021-12-24,722.75,726.0,714.0,719.4500122070312,5561024
2021-12-27,714.4500122070312,727.0,711.0750122070312,725.4000244140625,4705098
2021-12-28,730.3499755859375,733.4500122070312,726.7000122070312,730.4000244140625,5450678
2021-12-29,728.0250244140625,730.5,723.7000122070312,726.9249877929688,7668702
2021-12-30,729.25,733.4249877929688,722.5,730.75,7215918
2021-12-31,730.75,742.4000244140625,730.75,739.7000122070312,6325736
2022-01-03,742.5,761.5,740.25,759.8250122070312,9069184
2022-01-04,760.0,766.4500122070312,753.9000244140625,764.2750244140625,8857352
2022-01-05,768.4000244140625,786.0,764.0499877929688,782.4249877929688,14332638
2022-01-06,771.5,777.375,765.0250244140625,769.875,9628930
2022-01-07,772.0,783.375,767.9500122070312,775.2750244140625,11179384
2022-01-10,779.0,786.0,772.75,779.5750122070312,8856496
2022-01-11,780.7750244140625,784.3499755859375,773.9000244140625,782.9500122070312,8389198
2022-01-12,784.0,788.3250122070312,776.0,778.3250122070312,21085530
2022-01-13,777.5,777.5,760.2000122070312,764.0,41963896
2022-01-14,765.0,774.3499755859375,759.5,772.5750122070312,11208968
2022-01-17,765.0,778.0,759.5750122070312,760.75,22989372
2022-01-18,766.5,775.4500122070312,761.5,764.625,12341152
2022-01-19,767.0,769.875,756.6749877929688,759.2249755859375,14317626
2022-01-20,764.2249755859375,764.25,750.0499877929688,754.5,15197846
2022-01-21,750.0,764.9000244140625,742.7999877929688,760.7999877929688,11537694
2022-01-24,754.9749755859375,760.625,733.7750244140625,743.3250122070312,11868508
2022-01-25,729.3250122070312,747.5,722.0,744.0250244140625,13594248
2022-01-27,725.0,742.5,717.5,737.4749755859375,28617838
2022-01-28,738.75,743.3499755859375,730.0,731.625,24925208
2022-01-31,736.375,745.7750244140625,733.4000244140625,742.8499755859375,12842546
2022-02-01,754.25,758.5,736.7249755859375,748.5,14739484
2022-02-02,755.9749755859375,767.5,752.7999877929688,765.5999755859375,13969290
2022-02-03,764.375,769.9749755859375,754.5,757.6749877929688,10564762
2022-02-04,764.2000122070312,766.4249877929688,757.0499877929688,762.0,11579958
2022-02-07,756.0499877929688,759.5,730.0,734.0750122070312,12268042
2022-02-08,738.2000122070312,739.2249755859375,722.2750244140625,730.9249877929688,13981130
2022-02-09,737.0,749.8499755859375,733.5,748.7999877929688,11308342
2022-02-10,757.0,767.75,750.8250122070312,762.5499877929688,14314530
2022-02-11,750.125,762.5,749.75,759.4249877929688,10711104
2022-02-14,745.0,749.7249755859375,734.6500244140625,736.8499755859375,14656620
2022-02-15,738.0,762.4500122070312,736.5250244140625,758.9000244140625,13135066
2022-02-16,767.1749877929688,767.375,753.5,757.875,10032264
2022-02-17,756.5499877929688,761.0,751.0,753.25,7351208
2022-02-18,749.1500244140625,758.5,745.2249755859375,756.1749877929688,7796128
2022-02-21,752.0,765.3499755859375,747.7750244140625,761.0499877929688,7468066
2022-02-22,744.9000244140625,761.0499877929688,743.9749755859375,755.3499755859375,9536196
2022-02-23,762.5499877929688,762.8499755859375,747.8250122070312,750.4500122070312,9029562
2022-02-24,724.9500122070312,737.4749755859375,703.5750122070312,709.7000122070312,23630766
2022-02-25,719.9749755859375,732.9500122070312,716.4249877929688,728.0499877929688,18318654
2022-02-28,713.0,719.2750244140625,707.0250244140625,713.125,24880832
2022-03-02,693.25,699.2000122070312,677.2000122070312,687.125,38505560
2022-03-03,690.5,696.0,681.4500122070312,685.5,17527922
2022-03-04,680.0,693.0,668.4500122070312,683.25,21219364
2022-03-07,659.25,666.1749877929688,648.5250244140625,662.4000244140625,27054458
2022-03-08,651.0999755859375,667.0,646.0,663.9000244140625,39212492
2022-03-09,665.0,687.3499755859375,659.4249877929688,685.5750122070312,23134694
2022-03-10,713.5,713.5,690.125,696.3499755859375,22273206
2022-03-11,694.0,704.4749755859375,686.3499755859375,698.4000244140625,15150780
2022-03-14,707.5,725.0,707.5,721.2750244140625,25018126
2022-03-15,721.75,724.75,705.875,712.0,18867928
2022-03-16,723.5,727.5,718.0999755859375,724.0750122070312,13364108
2022-03-17,736.0,744.9000244140625,735.2750244140625,740.0250244140625,14823954
2022-03-21,743.5,746.8250122070312,736.4000244140625,743.25,12257876
2022-03-22,740.6500244140625,749.0,728.5999755859375,747.0750122070312,10461814
2022-03-23,753.5,759.4000244140625,736.7999877929688,739.625,31188256
2022-03-24,733.0,734.8250122070312,717.2750244140625,721.3250122070312,20160044
2022-03-25,725.5,726.0,709.5,715.4500122070312,16366462
2022-03-28,715.4500122070312,719.0,700.7999877929688,716.4000244140625,15754886
2022-03-29,720.5,730.125,715.0,725.9000244140625,12377448
2022-03-30,736.0,741.375,727.0250244140625,738.4749755859375,20109742
2022-03-31,735.5,742.3499755859375,732.9500122070312,735.1749877929688,14295714
2022-04-01,738.2000122070312,755.0,735.1500244140625,753.0,14568556
2022-04-04,790.0,861.0499877929688,781.2750244140625,828.4000244140625,97450970
2022-04-05,833.3499755859375,833.3499755859375,801.0,804.125,30922582
2022-04-06,793.8499755859375,794.9000244140625,773.6749877929688,775.4249877929688,27027860
2022-04-07,770.6500244140625,770.6749877929688,756.8499755859375,758.375,40781732
2022-04-08,756.0499877929688,762.875,748.6500244140625,757.3250122070312,41256322
2022-04-11,753.0,755.0,746.625,748.0750122070312,20799066
2022-04-12,742.0,753.4249877929688,740.0750122070312,746.75,27435402
2022-04-13,745.0,751.1500244140625,731.3250122070312,732.4749755859375,28892520
2022-04-18,709.4249877929688,715.8250122070312,695.0250244140625,697.7249755859375,45620376
2022-04-19,690.4500122070312,694.7750244140625,663.5,671.0999755859375,74096022
2022-04-20,677.2249755859375,679.9500122070312,667.6749877929688,677.1500244140625,49325736
2022-04-21,682.5,689.9000244140625,676.6500244140625,687.1749877929688,52446270
2022-04-22,680.0,687.6749877929688,674.5750122070312,677.7999877929688,20659148
2022-04-25,675.0,685.3250122070312,661.125,682.875,20935488
2022-04-26,686.0,690.9749755859375,678.5750122070312,686.0250244140625,17016842
2022-04-27,680.0,689.5,678.0499877929688,686.2750244140625,18054334
2022-04-28,686.0,689.5,681.0499877929688,685.6749877929688,20773722
2022-04-29,690.1749877929688,702.375,685.7750244140625,692.2999877929688,28401476
2022-05-02,681.0250244140625,703.2249755859375,681.0250244140625,701.8499755859375,19494316
2022-05-04,700.0,701.7999877929688,675.0,678.0,29055916
2022-05-05,687.5,687.5,673.25,676.4749755859375,17862912
2022-05-06,665.0,667.5,656.5,658.7999877929688,26731268
2022-05-09,650.0,663.25,647.75,659.9249877929688,32762434
2022-05-10,657.5250244140625,676.5,657.5250244140625,670.5250244140625,20113812
2022-05-11,676.5,677.5,664.3250122070312,674.2999877929688,17102924
2022-05-12,660.5499877929688,663.4000244140625,646.5,651.5250244140625,22382290
2022-05-13,655.0250244140625,659.0,643.5,645.6749877929688,16768238
2022-05-16,649.5,656.0,642.6500244140625,652.5499877929688,9804356
2022-05-17,656.2999877929688,658.5,649.0999755859375,657.0,16641444
2022-05-18,662.0250244140625,666.6500244140625,655.0,656.9500122070312,15732384
2022-05-19,643.0999755859375,648.2000122070312,639.1500244140625,643.5250244140625,20537506
2022-05-20,651.5,662.0999755859375,646.1749877929688,660.4749755859375,13919350
2022-05-23,657.0,664.9749755859375,649.5499877929688,652.0,19486320
2022-05-24,650.0,662.5,648.4500122070312,659.4749755859375,12870796
2022-05-25,665.0,667.9749755859375,661.5999755859375,664.4000244140625,12887112
2022-05-26,671.0750122070312,685.5,670.0,683.3499755859375,26992428
2022-05-27,685.9000244140625,697.3499755859375,685.375,696.0250244140625,24031718
2022-05-30,705.125,710.25,699.2249755859375,700.7750244140625,12624674
2022-05-31,697.9500122070312,702.4000244140625,690.0,694.4749755859375,13485388
2022-06-01,690.0,700.2249755859375,689.5750122070312,697.4249877929688,12091896
2022-06-02,693.625,694.0,689.2999877929688,692.5499877929688,11475020
2022-06-03,699.1500244140625,700.375,688.1500244140625,690.1500244140625,6957244
2022-06-06,688.1500244140625,693.5,680.3250122070312,689.2249755859375,6173266
2022-06-07,681.0,687.1500244140625,677.0499877929688,681.2999877929688,10253966
2022-06-08,686.6500244140625,690.5,678.5,683.7000122070312,5986588
2022-06-09,681.125,691.0250244140625,678.5750122070312,688.8499755859375,7311816
2022-06-10,680.0499877929688,683.9749755859375,671.7999877929688,675.5499877929688,9155430
2022-06-13,661.7999877929688,665.0,654.1500244140625,663.2999877929688,10892572
2022-06-14,655.625,663.0,652.5,656.0,11870356
2022-06-15,650.8250122070312,657.9000244140625,649.2000122070312,653.7249755859375,11810470
2022-06-16,655.0,660.2750244140625,639.0,640.6500244140625,12169192
2022-06-17,637.5,649.5,635.7999877929688,644.875,14723922
2022-06-20,652.3499755859375,662.5,647.0750122070312,661.0750122070312,15936840
2022-06-21,668.4500122070312,677.0,662.0250244140625,668.2750244140625,13220684
2022-06-22,666.125,668.4749755859375,661.5999755859375,665.125,8159698
2022-06-23,665.25,674.0,659.25,667.5750122070312,15372244
2022-06-24,669.2750244140625,680.8250122070312,669.2750244140625,676.9000244140625,8013432
2022-06-27,685.0,688.0,676.0,678.125,9804164
2022-06-28,672.0,675.5,669.2000122070312,672.9500122070312,9770574
2022-06-29,665.625,675.375,665.625,671.9749755859375,9994046
2022-06-30,668.0,677.0,668.0,674.0,12475822
2022-07-01,671.9749755859375,680.0,665.0250244140625,676.875,11472452
2022-07-04,676.8499755859375,680.0999755859375,671.125,677.8250122070312,8487480
2022-07-05,682.0,689.6749877929688,674.1500244140625,676.2999877929688,14325718
2022-07-06,674.0,686.7000122070312,673.5499877929688,685.625,15049078
2022-07-07,690.0,699.0,687.2249755859375,697.9000244140625,17743142
2022-07-08,705.0,705.0,697.375,698.5499877929688,12474030
2022-07-11,697.0,704.9500122070312,696.625,703.0750122070312,7462880
2022-07-12,702.625,702.625,694.7000122070312,695.9000244140625,9876974
2022-07-13,695.0,697.0999755859375,677.125,678.9249877929688,15945610
2022-07-14,681.0,686.3250122070312,674.625,675.5250244140625,10372410
2022-07-15,676.5,682.4500122070312,673.4000244140625,681.0250244140625,13595646
2022-07-18,674.0,683.0499877929688,671.0250244140625,673.7750244140625,20332220
2022-07-19,668.5,679.2750244140625,668.5,674.0250244140625,15792538
2022-07-20,679.9500122070312,685.5499877929688,677.625,682.5250244140625,20347862
2022-07-21,680.2750244140625,684.75,679.0499877929688,680.375,12640278
2022-07-22,683.0,698.5,681.2000122070312,696.25,12729592
2022-07-25,697.5,702.2999877929688,691.6500244140625,698.2999877929688,10143126
2022-07-26,698.0,701.0,693.1500244140625,696.875,8527964
2022-07-27,694.4500122070312,703.0,692.125,702.2000122070312,9212778
2022-07-28,707.5250244140625,712.0,705.5,708.4249877929688,17420406
2022-07-29,719.0,719.2999877929688,707.6500244140625,717.0999755859375,20019736
2022-08-01,719.5,724.2249755859375,715.0250244140625,723.0750122070312,13193036
2022-08-02,721.0,722.2999877929688,711.5250244140625,715.125,15036510
2022-08-03,712.4749755859375,717.875,708.5,716.7999877929688,10975498
2022-08-04,720.0,723.3499755859375,706.4749755859375,715.9500122070312,12012206
2022-08-05,716.5,718.4749755859375,710.5750122070312,713.5250244140625,9268982
2022-08-08,714.0,732.25,713.5499877929688,731.0250244140625,15357736
2022-08-10,730.6749877929688,735.75,724.5250244140625,733.1500244140625,17353102
2022-08-11,743.25,745.5,737.2750244140625,742.8499755859375,18301766
2022-08-12,742.5,744.6500244140625,737.9749755859375,742.5750122070312,8850370
2022-08-16,747.4000244140625,754.25,744.0250244140625,751.0750122070312,12563756
2022-08-17,750.0,756.375,742.875,754.9500122070312,12384350
2022-08-18,750.0,756.9500122070312,749.8250122070312,755.8499755859375,8342138
2022-08-19,755.0,756.0,745.0,746.5250244140625,8063702
2022-08-22,742.4000244140625,744.1749877929688,733.8499755859375,735.1749877929688,8234066
2022-08-23,726.6500244140625,737.9749755859375,725.2000122070312,732.9000244140625,14966884
2022-08-24,730.9500122070312,737.75,729.5999755859375,736.4249877929688,13455520
2022-08-25,739.9500122070312,743.4000244140625,728.5,732.4249877929688,11823040
2022-08-26,736.0250244140625,740.9000244140625,730.5999755859375,732.5499877929688,7706176
2022-08-29,718.5,723.0,714.2999877929688,719.7000122070312,8653178
2022-08-30,723.2249755859375,744.9749755859375,721.5499877929688,743.0499877929688,10135400
2022-09-01,732.375,744.7249755859375,729.5,736.0750122070312,22403136
2022-09-02,736.0750122070312,745.25,732.5999755859375,742.75,12038086
2022-09-05,743.0499877929688,749.5,742.0499877929688,747.5250244140625,12131932
2022-09-06,749.4500122070312,753.3250122070312,743.2249755859375,744.6749877929688,12238696
2022-09-07,735.6500244140625,745.0,735.6500244140625,741.1500244140625,9776206
2022-09-08,745.0499877929688,750.0,741.0750122070312,748.7999877929688,11164690
2022-09-09,748.0999755859375,754.5,747.0250244140625,749.2999877929688,15128888
2022-09-12,750.0,752.0,745.0,746.7750244140625,11080492
2022-09-13,749.4500122070312,757.9500122070312,749.2750244140625,756.5499877929688,13001966
2022-09-14,747.0250244140625,769.4500122070312,746.1749877929688,764.3250122070312,20219760
2022-09-15,765.0,770.4749755859375,756.0,760.3499755859375,13539372
2022-09-16,751.5499877929688,757.3499755859375,741.5,746.375,20560046
2022-09-19,744.5,757.0,740.0,751.2999877929688,12076038
2022-09-20,757.0,762.0,754.9500122070312,760.3499755859375,10781668
2022-09-21,754.0,760.75,752.5,759.1749877929688,9072304
2022-09-22,751.0,755.0750122070312,741.375,743.0,12048144
2022-09-23,736.1749877929688,737.5,718.5,723.0750122070312,15806252
2022-09-26,712.6749877929688,718.2249755859375,709.0,713.3250122070312,8923486
2022-09-27,716.2000122070312,720.0,703.5,706.9249877929688,12639700
2022-09-28,703.0,705.2999877929688,692.9500122070312,694.7750244140625,11816132
2022-09-29,698.1500244140625,701.0999755859375,689.4000244140625,691.1749877929688,14410388
2022-09-30,689.4000244140625,715.7249755859375,682.5,710.6749877929688,15781756
2022-10-03,704.9749755859375,708.9249877929688,700.5499877929688,706.5999755859375,11541112
2022-10-04,714.75,729.0,713.0750122070312,726.5,11538526
2022-10-06,729.9749755859375,731.2999877929688,717.0999755859375,718.5,12549198
2022-10-07,715.125,717.4749755859375,710.1749877929688,715.4000244140625,13297994
2022-10-10,704.0,713.0,699.0999755859375,707.5,13109302
2022-10-11,700.5499877929688,708.5,699.7249755859375,700.3250122070312,14521620
2022-10-12,701.5999755859375,707.4249877929688,698.6500244140625,704.9000244140625,9225050
2022-10-13,701.0250244140625,703.125,692.0,696.7999877929688,14714234
2022-10-14,708.5,723.5,707.625,719.5,12849920
2022-10-17,717.5,728.7999877929688,713.5,723.2750244140625,18410500
2022-10-18,729.0250244140625,731.4500122070312,720.0,721.9249877929688,10561108
2022-10-19,732.0,738.7000122070312,726.7000122070312,729.3250122070312,12967040
2022-10-20,722.0,726.4500122070312,721.25,724.4000244140625,7898078
2022-10-21,726.0,728.8250122070312,717.0,719.2999877929688,10492606
2022-10-24,727.1500244140625,731.5,727.1500244140625,730.5250244140625,2167794
2022-10-25,730.5499877929688,733.9000244140625,722.5,725.4500122070312,13773394
2022-10-27,732.25,733.6749877929688,725.625,727.2000122070312,15937276
2022-10-28,725.0,733.5,723.7000122070312,729.3499755859375,10474278
2022-10-31,736.0,749.0,733.625,748.3499755859375,12830528
2022-11-01,751.75,764.5,749.4500122070312,756.625,19073756
2022-11-02,758.5,764.125,755.7999877929688,757.0999755859375,12720406
2022-11-03,748.8499755859375,760.125,748.5,753.7750244140625,10332352
2022-11-04,751.5999755859375,758.0499877929688,744.7999877929688,748.5750122070312,10818060
2022-11-07,755.0,756.0,746.0499877929688,754.4000244140625,9835834
2022-11-09,757.5250244140625,758.9749755859375,752.0,754.1749877929688,9269790
2022-11-10,748.5499877929688,763.5,747.5250244140625,762.375,12774182
2022-11-11,772.5,818.5,769.0,805.5750122070312,56722338
2022-11-14,806.0,814.0,799.0,807.5250244140625,19195390
2022-11-15,811.5750122070312,811.5750122070312,802.625,809.5,11030202
2022-11-16,809.3250122070312,821.0,806.0,816.4500122070312,13578150
2022-11-17,809.0499877929688,815.7750244140625,806.9500122070312,809.0750122070312,12100930
2022-11-18,810.5,811.5,802.625,806.9500122070312,10459232
2022-11-21,803.8250122070312,806.0,795.0999755859375,798.6749877929688,8344816
2022-11-22,800.0,802.1749877929688,795.5,797.5,8546314
2022-11-23,802.5,802.5,797.0,799.5750122070312,10185738
2022-11-24,802.9749755859375,816.0,799.5750122070312,812.5750122070312,17197960
2022-11-25,814.8499755859375,815.8499755859375,807.0499877929688,808.8250122070312,8410496
2022-11-28,801.4500122070312,803.7249755859375,797.0250244140625,800.125,16105980
2022-11-29,798.625,806.1749877929688,796.4249877929688,798.9249877929688,12638236
2022-11-30,798.5499877929688,806.4500122070312,798.5499877929688,804.2249755859375,15184806
2022-12-01,811.0,818.5,807.5,809.75,20446366
2022-12-02,805.0,809.2999877929688,802.5750122070312,803.5499877929688,7811078
2022-12-05,804.9749755859375,807.2999877929688,798.0999755859375,806.4749755859375,11592622
2022-12-06,800.5,806.8499755859375,800.0,805.5750122070312,12353092
2022-12-07,807.0750122070312,809.2999877929688,802.2249755859375,805.2249755859375,11674720
2022-12-08,805.0,813.0,802.5,809.75,14803634
2022-12-09,813.0,817.4249877929688,810.0,815.5250244140625,11963384
2022-12-12,812.5,826.7999877929688,810.7000122070312,821.875,14434808
2022-12-13,825.0,828.5,822.5,824.1500244140625,17031702
2022-12-14,826.5,832.75,825.0,831.125,14227640
2022-12-15,828.5250244140625,834.7000122070312,813.5250244140625,815.9000244140625,18182648
2022-12-16,810.0250244140625,822.5499877929688,804.5,819.8250122070312,14647958
2022-12-19,822.0,823.3250122070312,813.0999755859375,822.375,9604542
2022-12-20,810.0999755859375,818.2000122070312,810.0999755859375,816.7000122070312,7174698
2022-12-21,820.5,822.4000244140625,803.2750244140625,808.7999877929688,9269198
2022-12-22,811.0999755859375,813.75,804.5,806.0250244140625,9747096
2022-12-23,793.5,802.0750122070312,792.7249755859375,798.8250122070312,10693152
2022-12-26,799.75,819.5,795.0,814.7249755859375,9907322
2022-12-27,816.5,817.9749755859375,806.75,815.5499877929688,7926772
2022-12-28,811.5499877929688,816.5,811.5499877929688,814.9000244140625,8691870
2022-12-29,810.0499877929688,821.75,805.5,820.6500244140625,11012896
2022-12-30,822.5,822.5,810.0,814.0750122070312,7122640
2023-01-02,813.5,819.875,809.2750244140625,814.3499755859375,4381378
2023-01-03,811.0999755859375,821.5,811.0999755859375,819.6749877929688,8378030
2023-01-04,817.5,822.875,803.5,805.0250244140625,10351600
2023-01-05,807.5,809.0250244140625,794.7000122070312,799.8499755859375,10941436
2023-01-06,801.0,804.5499877929688,789.0999755859375,797.2000122070312,9092462
2023-01-09,798.0,805.7750244140625,795.0,798.75,10729340
2023-01-10,800.0,800.0,782.5,784.1500244140625,16371766
2023-01-11,783.9749755859375,799.0,780.0,795.4500122070312,15195798
2023-01-12,793.9000244140625,801.9500122070312,792.0750122070312,799.7000122070312,9250070
2023-01-13,799.375,804.9500122070312,793.0,800.3250122070312,9244546
2023-01-16,807.5,810.6500244140625,790.1500244140625,792.6500244140625,14748094
2023-01-17,794.9000244140625,805.5,788.75,804.4500122070312,10786354
2023-01-18,802.5,820.7999877929688,799.8499755859375,818.6500244140625,19090642
2023-01-19,818.5,825.0,816.5,822.0499877929688,11172162
2023-01-20,822.0499877929688,834.5,821.7000122070312,830.4749755859375,18843404
2023-01-23,833.125,841.2999877929688,830.7000122070312,836.5499877929688,15444400
2023-01-24,837.5250244140625,851.2000122070312,837.5,847.75,24983940
2023-01-25,845.7000122070312,846.4749755859375,822.6500244140625,824.3250122070312,14704142
2023-01-27,816.0,818.5,794.9749755859375,807.9000244140625,35179948
2023-01-30,797.5,812.6500244140625,791.0,807.0750122070312,18512822
2023-01-31,809.8499755859375,811.3499755859375,797.5,801.75,18596244
2023-02-01,812.0,832.5,803.0,813.7750244140625,17302790
2023-02-02,804.0499877929688,812.25,794.375,801.6749877929688,17497106
2023-02-03,805.5,830.25,803.5,829.4000244140625,14411100
2023-02-06,830.0,834.7000122070312,823.0999755859375,825.875,11167672
2023-02-07,829.7000122070312,832.4500122070312,816.2999877929688,827.0999755859375,10264588
2023-02-08,827.125,834.0999755859375,825.0,827.0,8444826
2023-02-09,830.0,830.8250122070312,817.7750244140625,825.2750244140625,11777336
2023-02-10,824.4000244140625,829.25,821.0999755859375,828.5499877929688,8172116
2023-02-13,827.5,830.875,822.2750244140625,829.1749877929688,5736944
2023-02-14,832.5,838.75,828.9749755859375,836.8499755859375,10908592
2023-02-15,839.0,839.0,828.375,835.1500244140625,11438712
2023-02-16,836.5999755859375,840.9500122070312,830.5,832.125,8062500
2023-02-17,830.5,834.0750122070312,821.4749755859375,827.9500122070312,8956270
2023-02-20,830.0,834.7249755859375,817.4000244140625,820.1749877929688,8086706
2023-02-21,820.0,831.1749877929688,817.0,823.25,12389296
2023-02-22,819.5,820.9749755859375,804.5250244140625,807.0999755859375,10359102
2023-02-23,806.5,809.4249877929688,796.0499877929688,801.625,27882010
2023-02-24,808.9500122070312,808.9500122070312,792.5999755859375,794.4749755859375,17061740
2023-02-27,792.9500122070312,799.5,788.6500244140625,796.4500122070312,14312972
2023-02-28,796.0,802.6500244140625,794.3499755859375,799.7999877929688,18993992
2023-03-01,806.0,806.5,797.875,799.0250244140625,14137256
2023-03-02,797.0,802.9749755859375,791.0,792.2249755859375,17391814
2023-03-03,798.0,810.0,794.0,807.9500122070312,14986234
2023-03-06,810.0,819.7249755859375,809.0250244140625,813.6500244140625,27004710
2023-03-08,810.0,819.75,810.0,815.2750244140625,20099774
2023-03-09,814.9749755859375,822.9749755859375,813.5,815.3499755859375,20700166
2023-03-10,805.2249755859375,806.875,792.5,794.3250122070312,27387000
2023-03-13,793.9500122070312,801.9000244140625,782.4749755859375,784.2750244140625,26443550
2023-03-14,785.125,791.7999877929688,779.6500244140625,782.1749877929688,33185612
2023-03-15,789.0,791.4500122070312,768.2999877929688,770.9500122070312,37264754
2023-03-16,769.5,779.5499877929688,766.0250244140625,775.9500122070312,21753342
2023-03-17,778.75,789.5999755859375,770.0,786.3250122070312,22950876
2023-03-20,783.9749755859375,784.0499877929688,772.7000122070312,780.875,26503114
2023-03-21,785.9749755859375,791.25,778.0999755859375,789.7249755859375,33050494
2023-03-22,792.0,793.0250244140625,782.6500244140625,787.9000244140625,14177324
2023-03-23,783.875,795.1749877929688,779.2750244140625,781.5750122070312,28364178
2023-03-24,780.0,786.9500122070312,777.4749755859375,780.3250122070312,31477748
2023-03-27,781.0999755859375,789.7249755859375,779.4500122070312,783.7249755859375,31872006
2023-03-28,782.8499755859375,791.4500122070312,782.0499877929688,790.0999755859375,39276302
2023-03-29,792.0,801.0,790.9500122070312,793.9000244140625,39763612
2023-03-31,797.7999877929688,806.4749755859375,796.2000122070312,804.7750244140625,34711228
2023-04-03,803.7750244140625,807.8499755859375,801.375,805.2750244140625,40025398
2023-04-05,809.2999877929688,828.0,808.0,826.875,43365392
2023-04-06,824.2750244140625,834.5999755859375,823.5499877929688,833.1749877929688,44637344
2023-04-10,831.625,835.5,827.0,829.2249755859375,31813286
2023-04-11,829.5,834.7000122070312,825.5499877929688,831.6500244140625,42361542
2023-04-12,834.0,844.0999755859375,833.9000244140625,842.4500122070312,26955504
2023-04-13,844.1500244140625,848.5250244140625,839.0750122070312,846.2249755859375,35330086
2023-04-17,860.0,860.0,826.6500244140625,833.3250122070312,32405148
2023-04-18,835.0,838.625,828.2000122070312,829.7999877929688,29637226
2023-04-19,832.5,835.1500244140625,828.5750122070312,832.8499755859375,24741168
2023-04-20,835.8499755859375,838.7249755859375,833.2000122070312,835.9500122070312,32922716
2023-04-21,834.5,838.4749755859375,831.625,837.2999877929688,20128618
2023-04-24,843.5,845.7249755859375,837.0499877929688,844.0750122070312,35675852
2023-04-25,843.8499755859375,843.8499755859375,830.9500122070312,832.0750122070312,50353068
2023-04-26,830.0,837.5,827.5,835.9000244140625,27392750
2023-04-27,835.25,842.625,832.9249877929688,840.5,47790392
2023-04-28,842.3499755859375,845.5,835.0,843.7999877929688,27916272
2023-05-02,844.3499755859375,849.5,841.0,843.625,32221184
2023-05-03,842.4749755859375,848.0,839.8250122070312,846.5750122070312,29407270
2023-05-04,843.5499877929688,867.2249755859375,843.5499877929688,863.9000244140625,56854638
2023-05-05,819.5,830.4749755859375,811.0499877929688,812.8250122070312,62770416
2023-05-08,817.5,825.1749877929688,815.0,822.2249755859375,37244524
2023-05-09,824.9500122070312,828.0,819.9749755859375,822.25,43688938
2023-05-10,822.25,827.3250122070312,816.5499877929688,826.0499877929688,46340550
2023-05-11,832.5750122070312,844.0,824.625,826.5999755859375,35734618
2023-05-12,823.5,836.4000244140625,822.125,833.9000244140625,22478760
2023-05-15,836.0,840.375,832.5499877929688,837.9000244140625,18512260
2023-05-16,835.9000244140625,835.9000244140625,822.0,823.6500244140625,32722086
2023-05-17,825.0,825.0,812.6749877929688,819.2249755859375,30466868
2023-05-18,824.0,826.9749755859375,820.0,822.5,49646942
2023-05-19,824.0,825.0,815.7750244140625,823.4500122070312,30460332
2023-05-22,822.5,826.4500122070312,816.3499755859375,820.5250244140625,28334032
2023-05-23,824.5,824.7999877929688,816.7249755859375,818.5999755859375,22470074
2023-05-24,813.7750244140625,817.375,806.7999877929688,807.9000244140625,33588112
2023-05-25,807.8499755859375,810.0250244140625,798.6749877929688,804.7999877929688,29776930
2023-05-26,809.5,809.5,801.125,807.9000244140625,26635066
2023-05-29,814.25,820.5,812.4249877929688,817.75,21816292
2023-05-30,816.7999877929688,821.3250122070312,814.2750244140625,818.375,37125928
2023-05-31,814.9500122070312,817.4749755859375,802.3250122070312,805.4249877929688,43334270
2023-06-01,809.9500122070312,809.9500122070312,800.0,802.0,50366938
2023-06-02,806.2249755859375,807.4000244140625,800.5,803.25,17859710
2023-06-05,807.25,808.25,801.2249755859375,802.2000122070312,18697242
2023-06-06,803.8250122070312,804.9249877929688,796.125,799.7000122070312,32182852
2023-06-07,801.7249755859375,806.2750244140625,798.0,803.8499755859375,24949026
2023-06-08,801.625,813.0,801.625,804.3499755859375,37395522
2023-06-09,807.9500122070312,809.25,803.5,805.2999877929688,18212578
2023-06-12,806.2750244140625,807.9000244140625,799.7249755859375,800.4000244140625,13408292
2023-06-13,795.0499877929688,804.5,795.0499877929688,801.75,27926108
2023-06-14,805.2249755859375,806.0,800.0999755859375,800.875,20113968
2023-06-15,802.0,802.9749755859375,789.5,791.0250244140625,35377476
2023-06-16,793.5750122070312,804.5999755859375,792.0,801.375,15779272
2023-06-19,805.5,807.125,799.1749877929688,802.0750122070312,24829146
2023-06-20,802.0750122070312,805.5,795.3250122070312,803.75,20005626
2023-06-21,808.0,818.625,805.5,817.7999877929688,24308946
2023-06-22,820.0,828.7750244140625,819.5250244140625,821.7999877929688,56596140
2023-06-23,818.7750244140625,829.9500122070312,817.0250244140625,821.75,21339218
2023-06-26,822.5,825.375,814.3499755859375,817.7750244140625,16130314
2023-06-27,821.4749755859375,836.4500122070312,819.2750244140625,829.2999877929688,33831864
2023-06-28,835.0,839.9500122070312,830.25,838.0750122070312,59562950
2023-06-30,852.0,854.4000244140625,841.625,850.7000122070312,40699016
2023-07-03,856.25,878.75,855.0,859.9000244140625,44104116
2023-07-04,861.7249755859375,873.5,856.9000244140625,864.0999755859375,38795188
2023-07-05,858.125,860.0,834.2750244140625,836.6500244140625,37165754
2023-07-06,836.5,843.9249877929688,830.2000122070312,837.5,52156544
2023-07-07,832.5,837.5,828.1500244140625,830.2000122070312,19926336
2023-07-10,830.5,838.375,824.8499755859375,828.2249755859375,38398442
2023-07-11,831.5,838.0,822.75,824.2000122070312,50670426
2023-07-12,827.6749877929688,833.1500244140625,813.5750122070312,816.4749755859375,70958358
2023-07-13,828.3499755859375,828.7249755859375,819.0250244140625,820.5499877929688,41913546
2023-07-14,826.7999877929688,826.7999877929688,817.5,822.25,24727214
2023-07-17,825.0,841.0,816.5,839.4500122070312,49252928
2023-07-18,849.0,852.0,835.0,838.75,81076818
2023-07-19,840.5499877929688,844.375,837.5,842.5499877929688,32935134
2023-07-20,840.5750122070312,846.0,840.0,844.375,56210948
2023-07-21,840.0,844.9000244140625,836.625,837.875,42154248
2023-07-24,839.25,842.3250122070312,835.0499877929688,839.2000122070312,32179444
2023-07-25,842.3250122070312,849.5,839.2000122070312,848.2999877929688,55992596
2023-07-26,849.7999877929688,849.7999877929688,844.0,845.3499755859375,24794358
2023-07-27,849.9500122070312,851.5,833.7249755859375,836.5750122070312,59741302
2023-07-28,830.75,834.4500122070312,820.5499877929688,821.75,41015684
2023-07-31,825.0250244140625,828.4000244140625,819.3499755859375,825.5999755859375,34565006
2023-08-01,827.2249755859375,833.7249755859375,825.0,831.125,35394188
2023-08-02,821.0,825.75,816.5750122070312,820.25,28116322
2023-08-03,820.0,825.6749877929688,811.5,814.3250122070312,57673946
2023-08-04,817.5750122070312,828.25,814.625,826.0999755859375,37388304
2023-08-07,831.5499877929688,831.5499877929688,823.7750244140625,825.625,28300918
2023-08-08,825.8499755859375,827.7999877929688,821.0250244140625,824.9500122070312,43773828
2023-08-09,826.5,827.25,815.5499877929688,825.25,33361236
2023-08-10,823.5250244140625,827.125,815.5,817.9249877929688,50781118
2023-08-11,819.2000122070312,819.2000122070312,808.0999755859375,809.4000244140625,28225822
2023-08-14,805.5,807.5,800.125,805.4500122070312,31304410
2023-08-16,791.5499877929688,804.8250122070312,790.6500244140625,803.0999755859375,34137542
2023-08-17,798.7999877929688,804.9500122070312,797.0,798.6500244140625,52884040
2023-08-18,793.7750244140625,798.1500244140625,792.75,795.375,25633366
2023-08-21,800.25,800.25,793.5,794.75,21837270
2023-08-22,798.1749877929688,799.0,790.0,791.3499755859375,32273570
2023-08-23,790.0,795.2750244140625,786.625,793.2999877929688,36498588
2023-08-24,796.6500244140625,798.0999755859375,788.0750122070312,789.6500244140625,43145792
2023-08-25,787.2750244140625,788.75,779.2000122070312,780.75,30069756
2023-08-28,780.75,791.3250122070312,780.75,788.875,28867238
2023-08-29,794.8499755859375,796.3250122070312,790.7249755859375,795.1500244140625,35538932
2023-08-30,801.9749755859375,801.9749755859375,786.8499755859375,789.3499755859375,28084204
2023-08-31,789.5,791.5750122070312,781.5499877929688,785.7249755859375,100075772
2023-09-01,785.5,789.5,779.6749877929688,787.3499755859375,43226776
2023-09-04,795.0,795.7249755859375,787.4500122070312,792.2750244140625,25073638
2023-09-05,794.2000122070312,794.2000122070312,785.2999877929688,787.4500122070312,38712082
2023-09-06,788.4000244140625,800.0,787.4500122070312,797.75,56320910
2023-09-07,797.75,807.0,793.5750122070312,805.4249877929688,34208342
2023-09-08,804.1500244140625,816.4500122070312,803.7999877929688,811.7000122070312,34502210
2023-09-11,814.4500122070312,818.25,812.0,815.9000244140625,31573022
2023-09-12,820.0,821.4500122070312,812.5250244140625,818.4500122070312,39033340
2023-09-13,815.6500244140625,825.7999877929688,814.2999877929688,821.9500122070312,46420094
2023-09-14,822.125,825.0,817.5499877929688,821.4500122070312,23538848
2023-09-15,825.0,835.0,825.0,830.875,173411202
2023-09-18,826.875,827.5,813.0499877929688,814.5250244140625,37056288
2023-09-20,799.5,799.5,780.2000122070312,781.8499755859375,115474648
2023-09-21,776.5,784.4749755859375,768.5250244140625,776.6749877929688,72841442
2023-09-22,779.5,782.2000122070312,761.875,764.8250122070312,61704250
2023-09-25,762.5,770.3499755859375,762.5,765.5,40208754
2023-09-26,762.5,770.0,762.5,768.8250122070312,27575308
2023-09-27,761.5,766.25,757.5,763.4249877929688,39338538
2023-09-28,767.0,768.7999877929688,759.1749877929688,761.8499755859375,55354188
2023-09-29,761.8499755859375,767.7249755859375,761.1500244140625,763.1500244140625,32053782
2023-10-03,763.5,763.5,753.0,754.0250244140625,38971694
2023-10-04,747.5,767.5,744.625,764.7750244140625,54649430
2023-10-05,767.5250244140625,775.7750244140625,766.2999877929688,767.875,48512674
2023-10-06,772.0,772.5,764.9249877929688,767.0250244140625,17759356
2023-10-09,764.0,765.0,756.0,758.125,16454972
2023-10-10,760.2750244140625,764.5,757.5999755859375,762.4249877929688,33266292
2023-10-11,765.0499877929688,771.0750122070312,764.25,769.7999877929688,31333360
2023-10-12,768.0499877929688,776.0,765.7999877929688,774.9249877929688,22025336
2023-10-13,770.0,774.4000244140625,764.9749755859375,767.875,39745300
2023-10-16,765.75,767.2249755859375,760.25,764.7999877929688,17856084
2023-10-17,777.875,777.875,767.5,770.5999755859375,32902558
2023-10-18,770.5999755859375,770.5999755859375,759.0499877929688,759.875,31216200
2023-10-19,752.7000122070312,763.125,751.5999755859375,757.4749755859375,30252364
2023-10-20,752.5,763.5,752.5,761.4000244140625,21094010
2023-10-23,761.75,764.375,750.0499877929688,753.0250244140625,22376136
2023-10-25,760.5,761.4000244140625,745.7249755859375,748.25,28311996
2023-10-26,745.625,746.0,730.125,731.7000122070312,55561798
2023-10-27,734.75,739.0,733.4500122070312,734.5750122070312,31940532
2023-10-30,731.625,744.9749755859375,730.9500122070312,742.5499877929688,23310982
2023-10-31,752.0,752.0,737.0,738.25,32634824
2023-11-01,731.125,738.7249755859375,731.125,737.25,33877466
2023-11-02,742.5,745.25,733.5750122070312,738.375,45225154
2023-11-03,744.0,745.7000122070312,740.8250122070312,741.875,18095340
2023-11-06,749.0,749.0,741.5,747.25,25593730
2023-11-07,747.0,747.0,738.5999755859375,743.625,41952848
2023-11-08,741.9749755859375,746.7249755859375,740.5,745.7750244140625,31399546
2023-11-09,743.0,746.2999877929688,741.75,742.8250122070312,22116740
2023-11-10,740.0499877929688,748.0,740.0250244140625,745.75,14015186
2023-11-13,746.0499877929688,747.9749755859375,742.9500122070312,744.4000244140625,20605914
2023-11-15,752.0499877929688,755.4749755859375,750.2750244140625,752.2000122070312,41245460
2023-11-16,754.8499755859375,759.5,751.875,754.1749877929688,29713838
2023-11-17,745.0,753.75,744.5,752.5499877929688,23701874
2023-11-20,756.5,756.5,750.7750244140625,752.5999755859375,19331452
2023-11-21,759.5,761.0,756.0499877929688,758.9749755859375,24959972
2023-11-22,760.0,760.0,751.7750244140625,756.2750244140625,29123650
2023-11-23,754.25,761.9249877929688,754.25,760.6500244140625,13046220
2023-11-24,760.5999755859375,766.5750122070312,759.9249877929688,766.0499877929688,16469192
2023-11-28,767.5999755859375,768.625,762.9000244140625,764.3250122070312,28489338
2023-11-29,766.9500122070312,781.5,766.5,779.5750122070312,34042488
2023-11-30,784.5750122070312,786.2249755859375,771.0750122070312,779.4000244140625,69491440
2023-12-01,778.9500122070312,782.875,776.0499877929688,777.7000122070312,22153536
2023-12-04,794.0,806.0,786.8250122070312,804.7000122070312,50662456
2023-12-05,818.25,819.5,808.25,811.8499755859375,52230820
2023-12-06,819.2249755859375,819.2249755859375,808.3250122070312,813.9000244140625,38613060
2023-12-07,812.5,817.0,808.0999755859375,815.2249755859375,20450386
2023-12-08,815.2249755859375,827.5,815.2249755859375,826.5999755859375,33728038
2023-12-11,825.0250244140625,831.8499755859375,823.5,825.5,23187620
2023-12-12,827.0999755859375,828.125,815.9249877929688,817.2999877929688,36581476
2023-12-13,816.2249755859375,818.0,807.5499877929688,815.4500122070312,29346914
2023-12-14,823.0,829.4749755859375,822.5,825.0750122070312,35172366
2023-12-15,825.0,834.0,823.2999877929688,828.2750244140625,138837130
2023-12-18,830.3499755859375,832.3499755859375,825.4749755859375,827.8499755859375,18014754
2023-12-19,825.0,829.3250122070312,822.0250244140625,826.4500122070312,24008446
2023-12-20,829.0,834.4749755859375,822.2249755859375,828.5,34232520
2023-12-21,828.5,844.875,825.125,843.3499755859375,36589240
2023-12-22,841.7999877929688,842.9500122070312,833.5499877929688,835.4249877929688,48578850
2023-12-26,836.625,842.9749755859375,834.2750244140625,841.2249755859375,18045856
2023-12-27,840.75,853.25,839.2999877929688,851.6500244140625,27009078
2023-12-28,854.6500244140625,860.7000122070312,851.0,852.625,44076470
2023-12-29,848.5,857.4500122070312,848.0,854.625,25011426
2024-01-01,853.0,854.5750122070312,846.0,849.0499877929688,14239686
2024-01-02,849.4000244140625,851.4000244140625,844.3499755859375,849.5499877929688,29242092
2024-01-03,851.0,852.3499755859375,834.4749755859375,836.4500122070312,28389762
2024-01-04,839.0,847.4749755859375,835.3499755859375,845.4249877929688,26734056
2024-01-05,843.5750122070312,852.4500122070312,834.0499877929688,841.0999755859375,31889470
2024-01-08,839.25,841.1749877929688,830.0,831.7249755859375,17998470
2024-01-09,833.5750122070312,838.9000244140625,823.375,825.25,25326888
2024-01-10,821.5,829.9749755859375,820.7000122070312,827.9749755859375,16115824
2024-01-11,830.0,831.4500122070312,821.5,824.5,18314010
2024-01-12,826.0,828.0,816.7999877929688,820.5999755859375,19773552
2024-01-15,823.8499755859375,840.4500122070312,821.7999877929688,836.4000244140625,28320356
2024-01-16,836.5,841.8250122070312,829.0499877929688,839.5750122070312,25322500
2024-01-17,785.0,798.4000244140625,764.2000122070312,768.75,170145236
2024-01-18,747.0,757.5,740.0250244140625,743.0750122070312,161070930
2024-01-19,752.9749755859375,755.125,734.2000122070312,735.3250122070312,109600538
2024-01-23,732.5,737.3499755859375,712.5,713.6749877929688,115469402
2024-01-24,690.125,729.2249755859375,690.125,727.9500122070312,86004404
2024-01-25,726.25,728.6749877929688,709.7000122070312,717.4500122070312,98941852
2024-01-29,724.0250244140625,731.4000244140625,722.9000244140625,727.3250122070312,65645498
2024-01-30,727.2750244140625,731.5999755859375,720.4500122070312,722.1500244140625,41728768
2024-01-31,719.75,737.4749755859375,718.4000244140625,731.2750244140625,65761040
2024-02-01,732.5250244140625,736.7999877929688,728.0250244140625,733.1749877929688,32690740
2024-02-02,737.5,740.4249877929688,721.0250244140625,723.0750122070312,44867754
2024-02-05,723.0,725.9500122070312,717.0250244140625,722.4249877929688,38605046
2024-02-06,722.7750244140625,724.8499755859375,716.2999877929688,722.0499877929688,41075740
2024-02-07,726.5,726.9000244140625,713.3250122070312,714.9749755859375,54837086
2024-02-08,714.9249877929688,719.4749755859375,700.25,701.5250244140625,69106124
2024-02-09,696.0750122070312,707.0999755859375,693.5,701.7999877929688,56642124
2024-02-12,699.8250122070312,706.8250122070312,691.6749877929688,695.0,34447812
2024-02-13,695.9749755859375,702.1749877929688,692.1749877929688,697.2249755859375,57580994
2024-02-14,688.0,695.75,681.7750244140625,692.0250244140625,91320810
2024-02-15,692.5,707.75,692.1749877929688,707.0250244140625,41584944
2024-02-16,711.9500122070312,713.8499755859375,704.2249755859375,709.9500122070312,32175742
2024-02-19,714.5,714.5,707.5999755859375,708.5499877929688,34451756
2024-02-20,707.5,728.625,705.9000244140625,727.1500244140625,56133508
2024-02-21,732.0,732.0,717.5,719.5750122070312,45893136
2024-02-22,708.875,714.4000244140625,706.0999755859375,709.7750244140625,50560882
2024-02-23,711.2750244140625,716.9500122070312,709.0,710.2999877929688,29833452
2024-02-26,706.7750244140625,717.4249877929688,706.7750244140625,711.1500244140625,23506870
2024-02-27,706.7750244140625,713.3499755859375,706.5250244140625,710.0750122070312,32087150
2024-02-28,710.0750122070312,712.0999755859375,702.0,704.7000122070312,25321986
2024-02-29,701.0499877929688,705.2000122070312,698.6500244140625,701.7000122070312,53295700
2024-03-01,700.0,716.375,700.0,715.375,34738898
2024-03-04,715.4749755859375,718.5,712.1500244140625,716.3499755859375,35616474
2024-03-05,711.0,721.5,710.8250122070312,720.4249877929688,37991672
2024-03-06,716.7750244140625,726.4249877929688,716.7750244140625,721.2999877929688,42409530
2024-03-07,722.75,725.5250244140625,720.7000122070312,723.0499877929688,49348046
2024-03-11,715.0,722.9749755859375,711.5,713.9000244140625,50531094
2024-03-12,717.0,732.0,714.625,729.7750244140625,65418454
2024-03-13,732.75,735.7999877929688,725.0499877929688,730.2000122070312,63067454
2024-03-14,731.0499877929688,733.0,722.1500244140625,727.7249755859375,52432158
2024-03-15,725.0,729.6500244140625,721.125,726.3250122070312,143613804
2024-03-18,723.5,728.0,717.9000244140625,723.0250244140625,21437856
2024-03-19,717.75,726.2000122070312,717.75,724.6749877929688,36183594
2024-03-20,724.5250244140625,725.8250122070312,712.3250122070312,715.5250244140625,43606094
2024-03-21,721.2999877929688,725.625,719.1500244140625,722.875,28922860
2024-03-22,720.5,725.375,718.875,721.4249877929688,45980326
2024-03-26,713.5999755859375,718.9749755859375,711.0750122070312,712.7000122070312,56844290
2024-03-27,711.7750244140625,723.9749755859375,710.625,720.3499755859375,62168668
2024-03-28,720.3499755859375,730.25,720.3499755859375,723.9500122070312,55592142
2024-04-01,729.0,736.9000244140625,727.7999877929688,735.25,25199570
2024-04-02,732.5750122070312,747.4249877929688,731.625,740.0750122070312,41225446
2024-04-03,736.0499877929688,747.8250122070312,735.7000122070312,741.1500244140625,45584386
2024-04-04,752.0,765.0,752.0,763.7999877929688,88935066
2024-04-05,769.5,777.25,765.0750122070312,774.7750244140625,59055902
2024-04-08,777.4749755859375,778.625,770.7750244140625,773.2999877929688,20482940
2024-04-09,777.4249877929688,777.4249877929688,770.1500244140625,774.2750244140625,21884494
2024-04-10,774.9500122070312,774.9500122070312,766.4749755859375,768.1749877929688,27807400
2024-04-12,760.5,764.9249877929688,756.7249755859375,759.4749755859375,41084208
2024-04-15,748.7750244140625,755.0,746.0250244140625,747.3499755859375,23415248
2024-04-16,743.5,756.4500122070312,741.125,754.625,20744886
2024-04-18,754.9000244140625,759.4249877929688,745.5250244140625,747.3499755859375,34234884
2024-04-19,743.2750244140625,767.4749755859375,740.125,765.6500244140625,34576434
2024-04-22,778.7000122070312,778.7000122070312,754.1500244140625,756.0999755859375,42298438
2024-04-23,763.1500244140625,763.25,751.625,753.7999877929688,26827060
2024-04-24,757.5,760.875,754.5250244140625,755.8499755859375,22441580
2024-04-25,753.125,759.8499755859375,753.125,755.375,35445204
2024-04-26,759.9000244140625,764.0,752.7750244140625,754.9000244140625,24854694
2024-04-29,757.5,767.2249755859375,753.2750244140625,764.75,36093350
2024-04-30,764.5999755859375,769.75,757.4500122070312,760.0499877929688,52307382
2024-05-02,761.0,768.5,760.1749877929688,766.125,33475006
2024-05-03,766.625,770.2999877929688,753.5999755859375,759.7999877929688,31865242
2024-05-06,761.0,767.25,758.5750122070312,761.3250122070312,28793396
2024-05-07,760.9749755859375,762.0250244140625,752.0750122070312,753.0750122070312,28480602
2024-05-08,747.9749755859375,748.4749755859375,740.1749877929688,741.3250122070312,41687862
2024-05-09,737.4749755859375,743.375,722.6500244140625,723.75,46281278
2024-05-10,719.5,725.9749755859375,713.4000244140625,718.9500122070312,27276608
2024-05-13,716.0,729.9000244140625,715.1500244140625,727.625,27047202
2024-05-14,726.125,732.75,725.1500244140625,730.4749755859375,25665142
2024-05-15,729.8499755859375,729.8499755859375,717.9000244140625,719.25,38931996
2024-05-16,723.0250244140625,731.2750244140625,717.75,730.125,34945236
2024-05-17,723.0999755859375,734.0,723.0999755859375,732.0499877929688,20920190
2024-05-21,725.0499877929688,734.8499755859375,725.0499877929688,729.4000244140625,43769978
2024-05-22,728.9249877929688,732.7999877929688,724.0750122070312,729.5999755859375,39996278
2024-05-23,729.3250122070312,747.8250122070312,728.5250244140625,746.2999877929688,40861920
2024-05-24,743.75,759.9500122070312,743.0,758.5999755859375,31060206
2024-05-27,761.6749877929688,772.5,759.5250244140625,763.8499755859375,29385440
2024-05-28,765.0499877929688,768.0250244140625,762.4000244140625,765.25,27908904
2024-05-29,759.0,761.9249877929688,750.625,754.1500244140625,35147706
2024-05-30,749.5999755859375,761.7999877929688,748.8250122070312,757.4249877929688,33755350
2024-05-31,759.5,768.0,757.0,765.7750244140625,74079588
2024-06-03,799.5,799.5,775.0,786.0999755859375,72637256
2024-06-04,778.5,779.5,727.0,741.5750122070312,89531240
2024-06-05,747.0250244140625,779.7999877929688,741.1749877929688,775.9000244140625,81631650
2024-06-06,782.4500122070312,782.7249755859375,773.2999877929688,779.8499755859375,46422870
2024-06-07,780.5250244140625,792.1749877929688,776.0250244140625,786.6749877929688,36712216
2024-06-10,787.0,790.3250122070312,778.7999877929688,780.6500244140625,22454058
2024-06-11,778.0,785.5,776.0999755859375,782.4000244140625,29545326
2024-06-12,787.5,794.1500244140625,783.2000122070312,787.0750122070312,39280436
2024-06-13,790.875,792.8499755859375,787.0,790.375,24120192
2024-06-14,792.0,799.5,788.8499755859375,798.4500122070312,25540554
2024-06-18,798.4500122070312,805.25,794.7249755859375,803.9000244140625,32415714
2024-06-19,806.7000122070312,834.9500122070312,802.0,828.9249877929688,90131196
2024-06-20,834.9000244140625,840.7249755859375,826.0,834.6749877929688,41408742
2024-06-21,836.4249877929688,836.4249877929688,821.5750122070312,832.875,51630776
2024-06-24,823.5,837.5499877929688,822.875,836.2000122070312,28544994
2024-06-25,835.5499877929688,858.4749755859375,835.5499877929688,855.6749877929688,74521548
2024-06-26,853.9749755859375,855.4500122070312,845.5499877929688,850.75,47596666
2024-06-27,848.0499877929688,856.5,843.2999877929688,848.0750122070312,55074650
2024-06-28,848.7999877929688,853.2999877929688,839.5,841.9000244140625,26476046
2024-07-01,840.0,853.6500244140625,840.0,852.5999755859375,21187024
2024-07-02,857.5,867.4500122070312,851.375,865.2999877929688,45921690
2024-07-03,895.5,897.0,882.3250122070312,884.3250122070312,123217802
2024-07-04,879.875,879.875,862.4249877929688,863.5750122070312,45848658
2024-07-05,842.5,842.5,821.0999755859375,824.0499877929688,82242548
2024-07-08,822.6500244140625,827.4749755859375,813.5750122070312,817.6749877929688,39087800
2024-07-09,812.5,823.3499755859375,810.1749877929688,818.25,48550878
2024-07-10,814.9749755859375,820.0,810.375,813.0499877929688,45507182
2024-07-11,811.9749755859375,812.9249877929688,800.5,810.9500122070312,44177074
2024-07-12,811.0,819.2000122070312,805.5750122070312,811.3499755859375,56049960
2024-07-15,811.75,814.9000244140625,807.5999755859375,811.0499877929688,33375694
2024-07-16,810.375,813.5,808.4000244140625,809.875,28950324
2024-07-18,804.0,811.9749755859375,799.5750122070312,807.4000244140625,33717064
2024-07-19,808.0,811.5,801.75,803.6500244140625,26002152
2024-07-22,808.5,825.5,806.3250122070312,821.2750244140625,53744822
2024-07-23,823.7750244140625,823.9000244140625,802.5,809.2000122070312,52002152
2024-07-24,804.0750122070312,810.5,794.0250244140625,802.0250244140625,61728206
2024-07-25,796.5,812.5,796.5,808.2999877929688,25535732
2024-07-26,802.5,810.875,798.2249755859375,809.0750122070312,43810540
2024-07-29,807.5,815.9249877929688,799.1500244140625,802.5250244140625,51001148
2024-07-30,801.0,817.375,799.5,807.7750244140625,54595834
2024-07-31,807.0,813.9500122070312,804.5999755859375,807.875,37820484
2024-08-01,811.4500122070312,825.0250244140625,808.9749755859375,819.4000244140625,26215174
2024-08-02,815.5,835.25,815.5,829.5750122070312,44119238
2024-08-05,820.0499877929688,823.0,800.5,807.875,41333634
2024-08-06,815.0,816.4749755859375,796.6500244140625,800.5999755859375,45116050
2024-08-07,808.5,815.0,801.0999755859375,811.75,42346264
2024-08-08,812.0,826.6500244140625,809.625,821.3499755859375,33976950
2024-08-09,826.0,831.2750244140625,822.9000244140625,825.0999755859375,26644618
2024-08-12,826.0,837.9749755859375,823.6749877929688,830.0499877929688,39316196
2024-08-13,814.0,816.2000122070312,800.5750122070312,801.5999755859375,54055042
2024-08-14,803.25,806.8499755859375,801.5999755859375,803.9000244140625,32334428
2024-08-16,814.25,817.0750122070312,805.5,816.0499877929688,27849246
2024-08-19,818.8250122070312,818.8250122070312,811.8499755859375,815.7750244140625,19502164
2024-08-20,813.7249755859375,823.0,813.7249755859375,818.8499755859375,31134494
2024-08-21,814.0499877929688,817.2750244140625,808.9000244140625,812.9000244140625,47630904
2024-08-22,816.0,819.1500244140625,814.0,815.6500244140625,21300638
2024-08-23,817.0,817.0,811.5,812.5250244140625,20333422
2024-08-26,816.0999755859375,823.9749755859375,816.0999755859375,819.9749755859375,22364266
2024-08-27,821.7000122070312,823.7000122070312,816.0999755859375,818.875,35773244
2024-08-28,818.875,819.875,815.0999755859375,818.5499877929688,26921188
2024-08-29,821.0,822.2000122070312,815.5750122070312,819.2750244140625,49052604
2024-08-30,828.0,831.0,810.5750122070312,818.4500122070312,445342100
2024-09-02,823.4000244140625,823.4000244140625,811.5999755859375,813.4749755859375,34049680
2024-09-03,817.0,819.9749755859375,812.2999877929688,818.6749877929688,37282860
2024-09-04,819.5,822.4000244140625,816.0,820.9000244140625,24682744
2024-09-05,823.0,824.9500122070312,821.0,822.7249755859375,22876318
2024-09-06,819.1500244140625,823.875,817.0499877929688,818.4749755859375,26029602
2024-09-09,819.0,824.25,815.0499877929688,823.25,23792914
2024-09-10,827.0,827.0,819.0,825.1749877929688,26606646
2024-09-11,825.2000122070312,826.25,819.5999755859375,821.9500122070312,22226684
2024-09-12,827.0,835.0,823.5250244140625,833.2999877929688,32424046
2024-09-13,837.0,837.0,828.5250244140625,832.9749755859375,23860532
2024-09-16,833.5,838.9000244140625,832.0250244140625,835.4749755859375,15172820
2024-09-17,839.0,839.0,832.0750122070312,834.4000244140625,20127122
2024-09-18,835.9249877929688,849.4500122070312,835.5499877929688,847.4000244140625,40917342
2024-09-19,849.5999755859375,859.5,849.5750122070312,854.25,30651776
2024-09-20,858.25,872.4749755859375,853.7750244140625,870.5999755859375,60623386
2024-09-23,874.5,883.1749877929688,870.125,879.9000244140625,26965350
2024-09-24,882.5,890.8250122070312,877.125,884.0250244140625,33039036
2024-09-25,880.0750122070312,894.0,880.0750122070312,889.5499877929688,31965312
2024-09-26,886.5250244140625,894.0,884.0250244140625,891.7249755859375,31899644
2024-09-27,888.5,889.0999755859375,875.0,876.3250122070312,35613502
2024-09-30,874.4000244140625,875.7249755859375,862.2000122070312,866.0250244140625,26383534
2024-10-01,862.0,871.0,860.0499877929688,863.0999755859375,24572284
2024-10-03,857.8250122070312,863.0750122070312,836.6749877929688,841.0,48473398
2024-10-04,837.25,845.3250122070312,826.5,828.8250122070312,48683232
2024-10-07,826.0999755859375,829.5,806.5,808.9000244140625,94458296
2024-10-08,815.0,828.4000244140625,811.0,825.5250244140625,29734406
2024-10-09,824.75,828.375,814.3499755859375,816.5750122070312,41125642
2024-10-10,819.5,832.7249755859375,816.25,831.2000122070312,21754766
2024-10-11,832.2249755859375,832.2249755859375,821.625,825.5,23672594
2024-10-14,828.0250244140625,846.0250244140625,827.0,844.0499877929688,18527508
2024-10-15,847.0,849.0,837.75,842.0499877929688,19651130
2024-10-16,840.0499877929688,853.9749755859375,840.0499877929688,849.9000244140625,20470682
2024-10-17,847.4749755859375,848.8250122070312,832.5999755859375,836.5750122070312,14695732
2024-10-18,831.5499877929688,845.5,827.0499877929688,840.9249877929688,24809724
2024-10-21,857.5,874.0750122070312,855.5250244140625,864.3499755859375,46548354
2024-10-22,865.0250244140625,870.0,855.3499755859375,857.2750244140625,38875280
2024-10-23,852.5250244140625,873.25,852.5250244140625,867.9000244140625,38036090
2024-10-24,869.0499877929688,884.3250122070312,869.0499877929688,874.8250122070312,30832258
2024-10-25,877.5,878.9249877929688,864.3499755859375,871.7000122070312,26130478
2024-10-28,871.0,875.5,864.4500122070312,867.0999755859375,22012142
2024-10-29,863.0750122070312,882.0,862.5499877929688,875.9249877929688,35794926
2024-10-30,871.0,877.375,862.0999755859375,867.2999877929688,32715724
2024-10-31,864.0,869.4500122070312,859.7000122070312,867.8499755859375,22895912
2024-11-01,866.5,872.0499877929688,863.0499877929688,868.6500244140625,1759692
2024-11-04,872.5,872.5,855.4500122070312,857.0499877929688,28089248
2024-11-05,851.5,881.3499755859375,848.9500122070312,878.9249877929688,44232406
2024-11-06,885.75,885.75,872.6749877929688,877.625,27787910
2024-11-07,872.1500244140625,880.4749755859375,869.0,873.2750244140625,18895456
2024-11-08,876.0,880.9000244140625,872.9249877929688,877.2249755859375,19902986
2024-11-11,877.2750244140625,891.4000244140625,875.5999755859375,883.1500244140625,24565362
2024-11-12,886.0,887.5,854.3250122070312,859.0999755859375,31395406
2024-11-13,858.375,864.7000122070312,836.5,840.6749877929688,35728500
2024-11-14,836.5499877929688,852.4249877929688,836.0499877929688,846.375,27146470
2024-11-18,850.0,859.4500122070312,847.5,852.5499877929688,27081968
2024-11-19,857.0,876.875,851.3499755859375,871.125,50981272
2024-11-21,874.7000122070312,879.5,867.0999755859375,870.5999755859375,35716512
2024-11-22,871.7750244140625,877.1500244140625,864.7750244140625,872.7999877929688,24773612
2024-11-25,892.5250244140625,901.7750244140625,882.4500122070312,892.7999877929688,427737274
2024-11-26,905.0,905.0,884.9000244140625,892.7750244140625,30935566
2024-11-27,894.9500122070312,908.6749877929688,892.5750122070312,906.1500244140625,32714976
2024-11-28,909.5,918.0499877929688,894.0,896.5750122070312,35722392
2024-11-29,900.6500244140625,902.2999877929688,891.4500122070312,898.0250244140625,27669536
2024-12-02,901.75,904.0750122070312,887.5,902.3499755859375,15110876
2024-12-03,911.3499755859375,918.7000122070312,908.0499877929688,913.1500244140625,43410242
2024-12-04,919.0,932.5,915.5750122070312,930.0499877929688,44669084
2024-12-05,930.0,939.9749755859375,917.5999755859375,932.875,39682714
2024-12-06,928.5,932.0999755859375,922.0,927.9249877929688,17783156
2024-12-09,926.8250122070312,940.0,924.5,935.0,26947912
2024-12-10,938.8499755859375,938.8499755859375,929.2750244140625,934.0499877929688,13325480
2024-12-11,930.8499755859375,935.9500122070312,928.375,931.5499877929688,14045426
2024-12-12,925.5,934.3250122070312,924.3499755859375,929.625,17293790
2024-12-13,931.25,937.5,914.625,935.875,19009002
2024-12-16,932.5499877929688,934.9749755859375,927.625,932.5999755859375,13107082
2024-12-17,928.1749877929688,931.1749877929688,913.25,916.625,21079532
2024-12-18,914.9249877929688,918.0,903.5750122070312,905.3499755859375,23422312
2024-12-19,899.7999877929688,900.5499877929688,889.5,896.75,25380770
2024-12-20,891.0999755859375,898.7750244140625,883.5250244140625,885.75,25692348
2024-12-23,891.0,903.0,890.6500244140625,900.5,11044592
2024-12-24,901.0250244140625,904.3499755859375,894.7750244140625,899.0499877929688,14485834
2024-12-26,899.2750244140625,906.0,890.375,895.375,10481678
2024-12-27,897.4000244140625,902.9749755859375,894.5499877929688,899.125,7259330
2024-12-30,896.0999755859375,907.5,885.5,888.9500122070312,22222218
2024-12-31,885.1500244140625,890.9000244140625,882.7999877929688,886.4249877929688,14117236
2025-01-01,886.7249755859375,897.0,880.5499877929688,891.375,7313806
2025-01-02,888.5499877929688,901.7249755859375,886.5,896.875,18558576
2025-01-03,895.5,897.625,873.1500244140625,874.5999755859375,24426194
2025-01-06,870.0499877929688,878.5999755859375,852.9000244140625,855.25,18816348
2025-01-07,857.5,860.5,850.0,856.7000122070312,13527906
2025-01-08,854.125,855.8250122070312,841.6749877929688,847.1500244140625,19738190
2025-01-09,842.0750122070312,844.5,829.0499877929688,833.9000244140625,40420222
2025-01-10,835.5,837.4500122070312,827.0,828.375,17453280
2025-01-13,820.0,823.375,812.1500244140625,815.4249877929688,21669066
2025-01-14,819.9500122070312,828.0999755859375,818.5,823.2999877929688,26661432
2025-01-15,828.25,831.3499755859375,818.1500244140625,821.5250244140625,14022892
2025-01-16,826.4249877929688,830.2750244140625,821.4249877929688,826.0250244140625,21212454
2025-01-17,821.75,825.25,814.25,818.375,23112076
2025-01-20,813.0,830.4749755859375,813.0,825.625,17557618
2025-01-21,829.125,830.5250244140625,816.5250244140625,821.2000122070312,31158144
2025-01-22,821.2000122070312,835.9500122070312,812.7249755859375,833.0250244140625,30619306
2025-01-23,843.5,843.5,825.625,832.4500122070312,34909158
2025-01-24,830.0,835.1500244140625,822.25,824.9000244140625,24236200
2025-01-27,820.5499877929688,821.7999877929688,813.0,814.9000244140625,22804166
2025-01-28,823.5,842.1500244140625,823.5,835.2000122070312,30179312
2025-01-29,837.5,840.5750122070312,834.4249877929688,838.6500244140625,12619890
2025-01-30,840.5,848.9500122070312,836.2750244140625,845.75,25744846
2025-01-31,843.625,852.3499755859375,841.9749755859375,849.375,15821686
2025-02-01,848.75,856.5,838.0250244140625,845.4749755859375,5587528
2025-02-03,835.0,843.4000244140625,831.7249755859375,839.0,20276540
2025-02-04,844.3499755859375,862.9000244140625,840.0250244140625,860.4500122070312,28616502
2025-02-05,866.5,872.0999755859375,859.4500122070312,868.9000244140625,23675506
2025-02-06,867.75,874.5,862.0,871.9249877929688,26760716
2025-02-07,875.0,883.5,862.5,866.375,23509600
2025-02-10,858.6500244140625,861.7249755859375,854.25,857.875,17195950
2025-02-11,851.5,855.5,844.3499755859375,850.7000122070312,22724704
2025-02-12,846.5,856.0,840.5999755859375,853.4000244140625,22809570
2025-02-13,849.5,857.125,846.7750244140625,848.8499755859375,12602434
2025-02-14,850.9500122070312,850.9500122070312,840.0,847.4249877929688,19959892
2025-02-17,842.5999755859375,860.0,840.625,858.6749877929688,12938946
2025-02-18,856.5250244140625,865.7750244140625,853.0750122070312,861.5250244140625,16350910
2025-02-19,858.5,868.9500122070312,856.2249755859375,863.5999755859375,11884112
2025-02-20,855.5,857.3499755859375,842.6500244140625,843.5499877929688,26390510
2025-02-21,840.4500122070312,847.4749755859375,838.625,846.25,15680940
2025-02-24,840.5499877929688,842.0999755859375,830.5499877929688,838.5499877929688,20693646
2025-02-25,835.5499877929688,844.0,835.5499877929688,841.1749877929688,24138708
2025-02-27,841.2750244140625,855.375,841.2750244140625,850.3499755859375,35786800
2025-02-28,842.5,868.625,842.5,866.2000122070312,54516728
2025-03-03,869.9000244140625,871.5250244140625,847.0499877929688,850.7750244140625,21205364
2025-03-04,849.0,857.1500244140625,846.625,855.0,19920958
2025-03-05,850.9749755859375,855.4000244140625,844.125,845.0,21583872
2025-03-06,843.5,849.9500122070312,836.125,845.5999755859375,32966088
2025-03-07,841.0,850.5750122070312,838.7999877929688,844.625,13372914
2025-03-10,844.5,849.9500122070312,841.5250244140625,843.75,15604050
2025-03-11,841.2000122070312,847.0,835.0250244140625,842.75,19898430
2025-03-12,845.7750244140625,859.25,845.7750244140625,855.5750122070312,18784106
2025-03-13,858.0250244140625,860.4000244140625,850.0250244140625,853.2999877929688,15736264
2025-03-17,852.5,862.0,852.5,855.2000122070312,18950652
2025-03-18,855.2000122070312,855.2000122070312,855.2000122070312,855.2000122070312,0
2025-03-19,867.5,875.5,866.0999755859375,872.0499877929688,15221406
2025-03-20,877.0,887.0,874.6500244140625,884.375,17833978
2025-03-21,877.7750244140625,887.0499877929688,877.7750244140625,885.1749877929688,33508264
2025-03-24,889.5,902.2000122070312,886.8250122070312,900.0,17393736
2025-03-25,902.4500122070312,921.8499755859375,900.75,910.7249755859375,39101416
2025-03-26,912.5,913.75,901.0,903.2750244140625,24478442
2025-03-27,900.0,920.5,899.0499877929688,912.6749877929688,41658100
2025-03-28,914.5,918.0,902.9249877929688,914.0999755859375,28773648
2025-04-01,901.0,904.9500122070312,882.6749877929688,883.9249877929688,28511006
2025-04-02,885.3499755859375,899.5999755859375,885.3499755859375,898.4500122070312,11573564
2025-04-03,890.5499877929688,902.0,888.5,897.4249877929688,11250038
2025-04-04,906.5,920.9749755859375,905.5499877929688,908.6500244140625,33540454
2025-04-07,881.4000244140625,889.9249877929688,869.0999755859375,878.8499755859375,37995450
2025-04-08,882.5,891.0,875.1500244140625,884.5750122070312,35563872
2025-04-09,882.5,887.5,876.75,882.5,22454608
2025-04-11,887.375,909.7000122070312,887.375,903.375,32775766
2025-04-15,932.5,938.4000244140625,927.5,932.4500122070312,49298344
2025-04-16,941.9000244140625,941.9000244140625,930.25,939.0,19136820
2025-04-17,941.0,959.8499755859375,938.3499755859375,953.3499755859375,35703084
2025-04-21,962.0,975.3499755859375,955.0,963.5499877929688,34247298
2025-04-22,967.5,985.2999877929688,967.5,980.8499755859375,45961750
2025-04-23,989.4500122070312,989.4500122070312,960.25,961.9500122070312,30570642
2025-04-24,955.0,961.9500122070312,952.5499877929688,958.4000244140625,25931754
2025-04-25,962.4000244140625,966.5,945.9000244140625,955.5999755859375,18500878
2025-04-28,955.5999755859375,964.8499755859375,954.2000122070312,960.0999755859375,13920492
2025-04-29,959.4000244140625,964.4000244140625,950.0999755859375,954.4000244140625,18918308
2025-04-30,956.5,968.4500122070312,955.1500244140625,962.5,31936870
2025-05-02,964.9000244140625,970.9500122070312,960.0,960.9500122070312,17840404
2025-05-05,969.5,976.0,966.1500244140625,968.4000244140625,15068024
2025-05-06,965.0,970.0499877929688,962.1500244140625,965.8499755859375,17490156
2025-05-07,967.0,974.3499755859375,961.2000122070312,972.7999877929688,21420778
2025-05-08,977.4000244140625,977.4000244140625,959.5499877929688,964.25,34803430
2025-05-09,955.0499877929688,959.5,943.4000244140625,944.8499755859375,17188796
2025-05-12,958.7999877929688,979.9500122070312,956.1500244140625,978.5999755859375,18618972
2025-05-13,975.0,980.8499755859375,960.0,961.2999877929688,24242102
2025-05-14,961.0499877929688,965.0999755859375,951.5,955.2999877929688,15445308
2025-05-15,956.75,972.4000244140625,948.5,966.9000244140625,32241458
2025-05-16,966.9000244140625,971.9000244140625,964.2000122070312,967.3499755859375,15868010
2025-05-19,968.5,972.5,965.5,969.3499755859375,10202964
2025-05-20,964.0499877929688,967.2999877929688,956.5,957.4500122070312,23879090
2025-05-21,963.5,973.4500122070312,960.5499877929688,963.4000244140625,15132040
2025-05-22,957.5999755859375,962.0999755859375,952.5999755859375,959.9500122070312,21306670
2025-05-23,960.0499877929688,968.5,957.25,966.7999877929688,9566072
2025-05-26,967.5,974.9500122070312,963.4500122070312,970.0999755859375,10802860
2025-05-27,965.7999877929688,974.0,958.1500244140625,963.1500244140625,26162148
2025-05-28,960.0999755859375,967.25,958.8499755859375,961.75,18157594
2025-05-29,964.0,970.4000244140625,953.6500244140625,963.75,28917794
2025-05-30,965.9500122070312,974.4000244140625,962.7000122070312,972.4500122070312,28748078
2025-06-02,965.0499877929688,968.0,954.0,966.0499877929688,14668822
2025-06-03,969.0,976.0,960.0,962.2999877929688,24377584
2025-06-04,960.5,971.6500244140625,960.4500122070312,970.5999755859375,12961542
2025-06-05,974.0,979.4500122070312,970.0999755859375,974.7999877929688,22255418
2025-06-06,972.0,998.1500244140625,971.3499755859375,989.3499755859375,30127008
2025-06-09,997.5,997.5,987.9500122070312,989.4500122070312,13202588
2025-06-10,991.4000244140625,991.4000244140625,980.5499877929688,982.6500244140625,15533126
2025-06-11,983.7999877929688,983.7999877929688,973.5,975.2000122070312,11096394
2025-06-12,975.0,980.5,967.6500244140625,971.7000122070312,16349130
2025-06-13,960.0,966.5,956.5,958.7999877929688,12117762
2025-06-16,962.0,969.4500122070312,960.0499877929688,967.7000122070312,16513746
2025-06-17,968.5,970.7999877929688,959.5499877929688,964.7999877929688,16978736
2025-06-18,958.5,968.1500244140625,958.5,966.9500122070312,18433816
2025-06-19,966.9500122070312,973.4000244140625,962.7999877929688,967.6500244140625,16876220
2025-06-20,965.7999877929688,984.9500122070312,965.7999877929688,982.3499755859375,32900408
2025-06-23,974.2000122070312,978.9500122070312,970.9000244140625,974.2000122070312,11739518
2025-06-24,982.5,989.5,977.7999877929688,980.4500122070312,22625322
2025-06-25,983.0,991.0,981.9500122070312,990.0999755859375,18405932
2025-06-26,990.7000122070312,1013.5499877929688,990.0,1010.9000244140625,50084830
2025-06-27,1006.5,1009.9000244140625,996.7000122070312,1007.4500122070312,28213384
2025-06-30,1005.75,1006.9000244140625,997.75,1000.75,13649020
2025-07-01,1002.5,1008.0,1002.0,1006.0499877929688,14389386
2025-07-02,1009.9500122070312,1009.9500122070312,988.9500122070312,993.0,18878250
2025-07-03,997.4500122070312,1004.0,992.1500244140625,993.5499877929688,16860506
2025-07-04,993.5499877929688,1001.75,990.0,994.6500244140625,7863944
2025-07-07,994.5,999.2000122070312,991.9000244140625,993.7000122070312,11349426
2025-07-08,988.5,1002.5,988.5,1000.7000122070312,15224316
2025-07-09,1003.5,1006.9000244140625,999.0499877929688,1005.5999755859375,13861428
2025-07-10,1008.0,1008.5,1000.0,1003.0999755859375,17030310
2025-07-11,999.0,1002.4000244140625,990.4500122070312,991.8499755859375,12516922
2025-07-14,991.5,994.3499755859375,985.2999877929688,991.5,13088850
2025-07-15,986.5,1001.7999877929688,986.5,997.75,14498168
2025-07-16,1009.0,1011.3499755859375,996.2999877929688,998.1500244140625,17994612
2025-07-17,1002.0,1002.4000244140625,991.3499755859375,993.4500122070312,22529158
2025-07-18,993.4500122070312,998.5,976.5,978.7000122070312,16129446
2025-07-21,989.0999755859375,1001.0,988.25,1000.25,22309078
2025-07-22,1006.5499877929688,1009.0,1001.5,1003.5499877929688,14836814
2025-07-23,1005.5,1014.9000244140625,1001.5,1012.1500244140625,13634916
2025-07-24,1018.8499755859375,1018.8499755859375,1004.2000122070312,1007.0999755859375,19107176
2025-07-25,1007.5,1007.5,999.5,1002.2999877929688,9306598
2025-07-28,1001.5,1010.7000122070312,1000.25,1004.25,12059580
2025-07-29,999.9500122070312,1013.25,998.1500244140625,1010.7999877929688,19895696
2025-07-30,1014.0,1016.2999877929688,1008.5,1012.9000244140625,15154036
2025-07-31,1007.2999877929688,1015.7000122070312,1004.0,1009.0999755859375,22183032
2025-08-01,1007.0,1014.1500244140625,1004.6500244140625,1006.0999755859375,11317258
2025-08-04,1005.0499877929688,1009.25,994.0499877929688,996.0,13933946
2025-08-05,993.25,997.2000122070312,982.75,988.7999877929688,23978058
2025-08-06,985.5499877929688,994.0,985.0,992.6500244140625,14080204
2025-08-07,990.0499877929688,1000.7999877929688,988.4000244140625,997.7000122070312,13081186
2025-08-08,993.5499877929688,996.4000244140625,985.0,986.9500122070312,13895264
2025-08-11,987.9500122070312,998.7999877929688,986.5499877929688,997.7999877929688,9105854
2025-08-12,995.9500122070312,998.0,983.75,984.9500122070312,12937802
2025-08-13,997.0,997.0,984.5499877929688,990.1500244140625,13577396
2025-08-14,989.0,998.0,985.5999755859375,995.5499877929688,17511716
2025-08-18,1005.0,1013.2999877929688,997.7999877929688,1001.7999877929688,19284796
2025-08-19,999.1500244140625,1003.0499877929688,993.3499755859375,995.5499877929688,12352438
2025-08-20,993.5,996.0,989.5,994.0999755859375,9950228
2025-08-21,998.75,998.75,991.5999755859375,995.5999755859375,12439850
2025-08-22,994.9500122070312,998.0,978.5499877929688,982.2999877929688,19833502
2025-08-25,980.0999755859375,988.7000122070312,978.5,982.0499877929688,17518044
2025-08-26,979.5,985.7000122070312,968.0,973.4000244140625,16917731
2025-08-28,967.0,972.2000122070312,955.0,957.7999877929688,25438255
2025-08-29,954.0,963.2999877929688,950.0999755859375,951.5999755859375,14823813
2025-09-01,949.5999755859375,957.4500122070312,946.3499755859375,950.5999755859375,20178344
2025-09-02,951.0,954.7999877929688,944.0,944.5,14196320
2025-09-03,945.0,956.2999877929688,940.0,954.4500122070312,16083481
2025-09-04,960.2000122070312,965.7000122070312,956.25,961.25,17597657
2025-09-05,967.5,967.5,954.0499877929688,963.4000244140625,11602111
2025-09-08,969.0,973.1500244140625,960.4500122070312,966.0,11711307
2025-09-09,974.0,974.4000244140625,962.7000122070312,965.1500244140625,13985539
2025-09-10,973.9000244140625,973.9000244140625,961.7000122070312,965.9000244140625,18091100
2025-09-11,960.2999877929688,969.25,959.9000244140625,967.7999877929688,15113633
2025-09-12,969.9000244140625,970.75,962.25,967.2999877929688,14363519
2025-09-15,969.5999755859375,972.3499755859375,965.0,967.0499877929688,14486377
2025-09-16,961.2000122070312,969.3499755859375,961.2000122070312,966.8499755859375,18661794
2025-09-17,965.1500244140625,974.4000244140625,964.3499755859375,966.5,17361476
2025-09-18,973.2999877929688,979.6500244140625,969.25,976.9000244140625,17791598
2025-09-19,974.9000244140625,976.7000122070312,962.0999755859375,966.9000244140625,31243267
2025-09-22,964.0,971.2000122070312,961.9500122070312,964.2000122070312,10854415
2025-09-23,967.0,968.2000122070312,955.5,957.2000122070312,21022298
2025-09-24,952.2000122070312,956.4500122070312,943.0,951.0499877929688,15117220
2025-09-25,952.5,958.0,947.4000244140625,949.8499755859375,31413279
2025-09-26,945.0999755859375,951.4500122070312,941.2999877929688,945.0499877929688,14874656
2025-09-29,946.0499877929688,956.7999877929688,939.0999755859375,950.2999877929688,32398179
2025-09-30,958.0499877929688,960.0,946.2999877929688,951.0,28296687
2025-10-01,952.7000122070312,969.5999755859375,946.0,965.25,25350832
2025-10-03,952.0,966.75,952.0,965.1500244140625,26658296
2025-10-06,971.9000244140625,977.4000244140625,962.0,973.4500122070312,18542683
2025-10-07,974.0,989.8499755859375,971.0,982.5,25535736
2025-10-08,976.0,985.9000244140625,974.5499877929688,978.7000122070312,15939710
2025-10-09,974.5,979.0,970.1500244140625,977.0999755859375,15370950
2025-10-10,979.0,986.2000122070312,978.0999755859375,980.9000244140625,13757080
2025-10-13,974.2999877929688,981.0,972.0,977.0,18634254
2025-10-14,970.0,980.4500122070312,967.0,977.1500244140625,22934382
2025-10-15,975.0,984.9000244140625,973.3499755859375,978.25,23310447
2025-10-16,982.6500244140625,996.5999755859375,981.5,994.3499755859375,22936566
2025-10-17,993.9500122070312,1009.0,986.0,1002.5499877929688,25210511
2025-10-20,997.0,1020.0,997.0,1002.9500122070312,22195202
2025-10-21,1006.0,1010.0,1004.0,1007.7000122070312,3471600
2025-10-23,1016.0,1020.5,1006.0,1008.7999877929688,43526526
2025-10-24,1011.0,1011.9500122070312,991.2999877929688,994.75,17707768
2025-10-27,996.5,1009.0499877929688,996.2000122070312,1002.9500122070312,15700796
2025-10-28,997.6500244140625,1008.0,995.0,1003.5499877929688,33904289
2025-10-29,1004.9000244140625,1012.5,1000.0,1007.8499755859375,17769445
2025-10-30,1000.0,1009.5,997.0999755859375,998.1500244140625,19962917
2025-10-31,994.0,1004.4500122070312,981.1500244140625,987.2999877929688,23221330
2025-11-03,985.0,994.5499877929688,983.2999877929688,992.6500244140625,16607180
2025-11-04,987.0,997.0,983.7000122070312,985.25,20024544
2025-11-06,981.0,991.0499877929688,974.0,984.6500244140625,22279516
2025-11-07,980.0,984.9000244140625,974.75,982.2999877929688,15004568
2025-11-10,982.2999877929688,990.9500122070312,980.2000122070312,984.5,15988262
2025-11-11,983.5,993.5,978.0,991.7000122070312,10200530
2025-11-12,998.7999877929688,999.0,987.7000122070312,989.5,13137263
2025-11-13,984.0,990.0999755859375,982.5999755859375,986.6500244140625,14124839
2025-11-14,976.0499877929688,991.6500244140625,976.0499877929688,989.5999755859375,21386965
2025-11-17,991.25,997.9500122070312,985.5999755859375,996.5499877929688,18396408
2025-11-18,997.6500244140625,999.0,990.0,992.4500122070312,20002640
2025-11-19,990.0,996.5499877929688,984.0,994.5999755859375,19813847
2025-11-20,995.2999877929688,1011.5999755859375,992.4500122070312,1008.8499755859375,19850865
2025-11-21,1003.0999755859375,1008.2999877929688,996.5499877929688,998.0499877929688,17499897
2025-11-24,1000.0,1011.4500122070312,993.5999755859375,999.1500244140625,32204053
2025-11-25,1004.0,1006.0999755859375,988.4000244140625,989.7999877929688,24989383
2025-11-26,981.2999877929688,1006.9500122070312,981.2999877929688,1003.9000244140625,19494356
2025-11-27,1002.0999755859375,1016.7999877929688,1001.0,1009.5,25536848
2025-11-28,1007.0,1012.0499877929688,1004.2000122070312,1007.5999755859375,15988807
2025-12-01,1017.5,1017.5,999.2999877929688,1002.0999755859375,16746566
2025-12-02,988.0,994.4000244140625,985.0,989.7999877929688,27316662
2025-12-03,986.0,1002.2999877929688,986.0,1000.5,15448777
2025-12-04,1000.0,1004.7000122070312,993.0,997.2000122070312,14528169
2025-12-05,992.0,1008.0,990.2000122070312,1003.2999877929688,12843366
2025-12-08,1000.0,1006.5,997.5,1003.0999755859375,12901022
2025-12-09,994.9000244140625,1002.7999877929688,994.0,997.0999755859375,15294322
2025-12-10,997.5,998.5,985.2999877929688,989.7999877929688,15322830
2025-12-11,990.0,1002.7000122070312,988.5,1000.2999877929688,11844809
2025-12-12,1003.0,1004.7000122070312,998.2000122070312,1001.5,11988618
2025-12-15,992.0,1001.7999877929688,992.0,996.0999755859375,9790060
2025-12-16,990.0999755859375,998.7000122070312,990.0999755859375,994.2999877929688,20049088
2025-12-17,996.0,996.0,980.7999877929688,984.0,19080922
2025-12-18,973.2999877929688,987.4000244140625,973.2999877929688,979.7000122070312,14912404
2025-12-19,987.0,988.0,978.7000122070312,985.5,25952384
2025-12-22,988.0,992.9000244140625,983.9000244140625,987.7000122070312,13540411
2025-12-23,990.5,998.9000244140625,987.7000122070312,996.5999755859375,17927849
2025-12-24,993.0,999.4000244140625,993.0,997.2000122070312,13699996
2025-12-26,996.0,997.2000122070312,987.7000122070312,992.0999755859375,9360853
2025-12-29,993.0999755859375,997.4000244140625,987.2000122070312,991.7000122070312,13545749
2025-12-30,990.2000122070312,995.0,982.2000122070312,990.9000244140625,33155849
2025-12-31,991.0,997.5999755859375,987.5999755859375,991.2000122070312,10963454
2026-01-01,993.5,997.5499877929688,989.5,991.1500244140625,7132074
2026-01-02,991.1500244140625,1003.2000122070312,988.7999877929688,1001.5999755859375,11751459
2026-01-05,1005.75,1006.4000244140625,976.2999877929688,977.5,27647379
2026-01-06,962.7000122070312,966.7000122070312,956.0,962.2000122070312,31988783
2026-01-07,956.0,956.4500122070312,946.0,949.0499877929688,52884712
2026-01-08,944.7000122070312,953.0,941.4000244140625,946.7000122070312,21928849
2026-01-09,945.0,950.5999755859375,933.2999877929688,939.0,38183839
2026-01-12,937.5,942.0,929.5999755859375,936.9500122070312,21071666
2026-01-13,947.7000122070312,947.7000122070312,932.5999755859375,937.3499755859375,32042827
2026-01-14,930.0,940.0499877929688,920.2000122070312,925.4500122070312,36688248
2026-01-15,925.4500122070312,925.4500122070312,925.4500122070312,925.4500122070312,0
2026-01-16,922.0,935.9500122070312,919.2000122070312,931.0999755859375,37780235
2026-01-19,935.9000244140625,936.1500244140625,919.5,927.9000244140625,38191942
2026-01-20,929.2999877929688,934.5,919.5999755859375,931.2000122070312,36022727
2026-01-21,925.0,932.1500244140625,915.5,920.3499755859375,32766854
2026-01-22,928.0,928.2999877929688,913.2000122070312,918.7000122070312,44444755
2026-01-23,920.0,926.0999755859375,909.25,916.0999755859375,30985247
2026-01-27,906.0,931.2000122070312,905.0,926.4000244140625,44753093
2026-01-28,932.5,941.4500122070312,928.4000244140625,932.7000122070312,35347138
2026-01-29,930.0999755859375,939.2999877929688,924.3499755859375,935.5,37175628
2026-01-30,930.0,938.9000244140625,927.75,929.25,29691233
2026-02-02,915.0,929.7999877929688,909.2999877929688,928.0999755859375,28032106
2026-02-03,983.75,994.0,945.0,948.7000122070312,50336968
2026-02-04,952.5,957.2000122070312,947.9500122070312,953.0999755859375,24366770
2026-02-05,956.0,956.0499877929688,946.7000122070312,949.7000122070312,28103169
2026-02-06,945.0,948.0999755859375,937.5999755859375,941.0999755859375,18120272
2026-02-09,945.0,950.0,935.3499755859375,937.25,23947829
2026-02-10,930.0,940.9000244140625,929.9500122070312,932.4000244140625,31525385
2026-02-11,931.25,936.0,925.2999877929688,927.0999755859375,24869804
2026-02-12,927.0,928.5999755859375,918.5,920.5999755859375,33872203
2026-02-13,913.0,928.2000122070312,901.0,903.9000244140625,50188359
2026-02-16,903.9000244140625,929.5,902.0999755859375,925.7999877929688,18806989
2026-02-17,923.0,928.0999755859375,918.5999755859375,925.7000122070312,22599629
2026-02-18,923.2000122070312,925.5,919.5499877929688,924.7000122070312,12738702
2026-02-19,929.0,929.2000122070312,912.4500122070312,915.5999755859375,21209234
2026-02-20,911.0,917.8499755859375,908.4000244140625,911.8499755859375,22654907
2026-02-23,916.5,925.6500244140625,915.25,923.5999755859375,23270122
2026-02-24,927.9500122070312,927.9500122070312,909.1500244140625,910.5,31313985
2026-02-25,910.5499877929688,916.0,903.0999755859375,907.5999755859375,27884303
2026-02-26,912.0,912.0,895.0,898.5999755859375,41165937
2026-02-27,898.5999755859375,898.9500122070312,885.0,887.75,34620755
2026-03-02,876.2000122070312,887.75,871.5499877929688,879.4000244140625,38378924
2026-03-04,848.0,879.2999877929688,848.0,868.6500244140625,39862322
2026-03-05,873.8499755859375,881.4000244140625,863.5,877.75,31324582
2026-03-06,868.0499877929688,871.7000122070312,855.0999755859375,857.0499877929688,34439647
2026-03-09,825.0,842.4500122070312,821.5,840.7000122070312,35592613
2026-03-10,850.0499877929688,856.7999877929688,840.5999755859375,849.4500122070312,52866024
2026-03-11,845.0,848.8499755859375,827.5999755859375,833.9500122070312,42261076
2026-03-12,820.0999755859375,836.4000244140625,820.0999755859375,832.75,46107561
2026-03-13,820.0,823.7999877929688,812.0,817.0,41700464
2026-03-16,817.0,844.5,815.6500244140625,840.5999755859375,52182605
2026-03-17,847.7000122070312,848.9000244140625,835.0999755859375,845.3499755859375,38826979
2026-03-18,845.3499755859375,846.7999877929688,831.5999755859375,843.0499877929688,23507063
2026-03-19,770.0,815.6500244140625,770.0,798.2000122070312,171637393
2026-03-20,785.0,793.75,778.2000122070312,780.4500122070312,103129469
2026-03-23,763.1500244140625,768.7000122070312,741.0499877929688,744.1500244140625,72341738
2026-03-24,755.0,772.75,747.7000122070312,764.9000244140625,61269986
2026-03-25,768.2000122070312,794.7999877929688,768.2000122070312,782.2999877929688,59230640
2026-03-27,773.2000122070312,774.9000244140625,754.5499877929688,756.2000122070312,65485199
2026-03-30,745.2000122070312,751.0,726.6500244140625,731.5499877929688,103500135
2026-04-01,743.0,755.9000244140625,739.0999755859375,742.25,78862761
2026-04-02,730.0,755.0,726.6500244140625,750.9000244140625,49310300
2026-04-06,759.0,772.75,745.0,771.0,42976659
2026-04-07,766.0,774.0,761.0,772.0,51309793
2026-04-08,800.0,817.7999877929688,796.0,816.0999755859375,70269512
2026-04-09,815.0,819.0,793.0999755859375,797.7000122070312,48879392
2026-04-10,804.0,812.25,801.0,810.2999877929688,38156026
2026-04-13,791.5,798.5,787.3499755859375,794.7000122070312,47549328
2026-04-15,804.9500122070312,814.7999877929688,804.0,809.9000244140625,39769515
2026-04-16,818.0,820.0499877929688,792.2000122070312,795.4500122070312,62861293
2026-04-17,790.0999755859375,803.9500122070312,788.2000122070312,799.9000244140625,37282544
2026-04-20,797.0999755859375,809.9500122070312,790.0,795.4500122070312,52148044
2026-04-21,795.2000122070312,814.9000244140625,795.2000122070312,811.75,49135752
2026-04-22,810.0,813.0499877929688,798.0,799.9000244140625,23876412
2026-04-23,792.0,796.6500244140625,782.5,784.3499755859375,37677616
2026-04-24,777.2999877929688,787.5999755859375,777.0,784.8499755859375,27720358
2026-04-27,787.5,793.0,785.0,789.7999877929688,18115375
2026-04-28,785.0,794.5,778.2999877929688,782.5499877929688,35366803
2026-04-29,785.5,790.0,777.3499755859375,779.0,25799963
2026-04-30,770.0,778.7999877929688,762.25,771.7000122070312,47998755
2026-05-01,771.7000122070312,771.7000122070312,771.7000122070312,771.7000122070312,0
2026-05-04,772.5999755859375,786.5999755859375,772.5999755859375,779.4000244140625,29028060
2026-05-05,774.4000244140625,776.9000244140625,763.7000122070312,772.2999877929688,38887657
2026-05-06,775.1500244140625,798.9500122070312,773.5,796.5499877929688,35530831
2026-05-07,794.0,801.5499877929688,788.5499877929688,796.0499877929688,46137553
2026-05-08,784.0,788.75,777.2000122070312,780.8499755859375,38016841
2026-05-11,771.9500122070312,774.8499755859375,761.9000244140625,763.6500244140625,41123422
2026-05-12,756.5999755859375,759.7000122070312,747.7999877929688,750.4500122070312,43937132
2026-05-13,752.0,759.9500122070312,747.3499755859375,749.5999755859375,28960919
2026-05-14,751.0,778.2999877929688,747.0,769.5499877929688,50992358
2026-05-15,773.0,781.9000244140625,765.4000244140625,767.5,24347873
2026-05-18,759.0,774.0999755859375,751.3499755859375,768.6500244140625,29812079
2026-05-19,766.7000122070312,770.7999877929688,760.25,762.4500122070312,40307830
2026-05-20,759.5999755859375,762.25,755.1500244140625,759.5,24013451
2026-05-21,767.0,768.25,755.1500244140625,759.1500244140625,34664725
2026-05-22,759.1500244140625,775.0,759.1500244140625,766.7999877929688,25604071
2026-05-25,776.0,787.8499755859375,775.2000122070312,786.8499755859375,26043952
2026-05-26,784.0499877929688,790.8499755859375,776.75,778.9000244140625,31528062
2026-05-27,769.5,773.9000244140625,756.9000244140625,758.6500244140625,63680153
2026-05-28,758.6500244140625,758.6500244140625,758.6500244140625,758.6500244140625,0
2026-05-29,746.0499877929688,760.5,737.75,744.5499877929688,101299431
2026-06-01,749.0,752.3499755859375,739.2000122070312,742.7000122070312,47996441
2026-06-02,737.0,753.5999755859375,733.1500244140625,748.25,47314447
2026-06-03,744.4500122070312,756.9000244140625,742.5999755859375,753.6500244140625,36109480
2026-06-04,749.1500244140625,757.2999877929688,745.0,754.2000122070312,42673538
2026-06-05,753.9500122070312,758.7000122070312,744.6500244140625,747.0499877929688,22116568
2026-06-08,738.0,741.5,734.5,738.6500244140625,21550700
2026-06-09,739.4500122070312,743.9500122070312,732.2999877929688,738.3499755859375,38539563
2026-06-10,736.5,755.9500122070312,736.4000244140625,746.8499755859375,44458159
2026-06-11,743.0,756.0,740.0999755859375,744.5999755859375,32632007
2026-06-12,754.7000122070312,774.4500122070312,753.0999755859375,772.4500122070312,36088159
2026-06-15,790.0,793.5,775.5999755859375,777.3499755859375,39990334
2026-06-16,780.5,787.7000122070312,779.4500122070312,784.9000244140625,27820970
2026-06-17,787.6500244140625,794.2999877929688,783.0999755859375,787.0999755859375,32405604
2026-06-18,786.5,802.9500122070312,786.2000122070312,799.0,41492071
2026-06-19,788.7000122070312,789.0499877929688,776.2000122070312,779.7999877929688,33798761
2026-06-22,789.9000244140625,789.9000244140625,783.0999755859375,786.4000244140625,25194765
2026-06-23,783.0499877929688,790.9000244140625,772.5499877929688,774.6500244140625,28289062
2026-06-24,773.0,794.9000244140625,772.6500244140625,793.2000122070312,34701292
2026-06-25,798.5,804.4500122070312,794.75,796.2999877929688,46707966
2026-06-26,796.2999877929688,796.2999877929688,796.2999877929688,796.2999877929688,0
2026-06-29,800.0,805.9000244140625,793.2999877929688,798.9000244140625,46695977
2026-06-30,806.0999755859375,806.0999755859375,792.75,797.9500122070312,45778356
2026-07-01,793.5,802.25,793.5,796.1500244140625,26094378
2026-07-02,795.0,805.4500122070312,794.0,795.9000244140625,34143823
2026-07-03,803.0,807.0,798.5499877929688,801.0499877929688,25871958
2026-07-06,805.0,831.5,805.0,829.8499755859375,63203327
2026-07-07,843.0,843.0,826.0999755859375,829.2999877929688,57611729
2026-07-08,825.9000244140625,834.3499755859375,806.9500122070312,810.2999877929688,38754632
2026-07-09,813.0,822.8499755859375,812.2999877929688,817.5499877929688,39891798
2026-07-10,824.0,827.7000122070312,820.2999877929688,824.9500122070312,23595785
2026-07-13,817.0,821.9500122070312,811.0,817.9500122070312,21741736
2026-07-14,811.4000244140625,818.4000244140625,807.0,809.4000244140625,25605395
2026-07-15,811.0,819.7000122070312,809.7000122070312,815.4500122070312,21488739
2026-07-16,814.5,818.0,806.5,808.2999877929688,18698186
2026-07-17,810.0,823.7000122070312,808.5,819.5999755859375,17415322
2026-07-20,790.0,790.0,774.5499877929688,777.5999755859375,56061789
2026-07-21,769.1500244140625,772.5,760.0999755859375,761.4500122070312,42246009
2026-07-22,760.25,761.3499755859375,750.3499755859375,753.1500244140625,23385446
2026-07-23,749.4000244140625,751.0,743.25,747.25,32532090
2026-07-24,738.5,748.25,737.25,742.7999877929688,23837859
2026-07-27,746.0999755859375,747.9500122070312,738.0999755859375,739.5499877929688,29678752
2026-07-28,732.0,740.25,732.0,735.4000244140625,33886037
2026-07-29,743.0,751.25,740.7999877929688,748.2000122070312,20460659
2026-07-30,752.7999877929688,757.9000244140625,745.5,753.9500122070312,35844392
2026-07-31,753.9500122070312,757.5499877929688,747.2000122070312,748.1500244140625,25522483
2026-08-03,753.0499877929688,756.8499755859375,750.0499877929688,753.0,14827841
2026-08-04,753.2000122070312,753.2000122070312,738.0,742.0,31559802
2026-08-05,733.7999877929688,741.9500122070312,732.5999755859375,735.0,60050538
2026-08-06,739.0,740.5,733.5499877929688,734.2999877929688,44772122
2026-08-07,733.0,736.0,728.2000122070312,731.0,19382042
