date,open,high,low,close,volume
2002-07-01,40.11111068725586,40.72444534301758,40.11111068725586,40.43555450439453,3709080
2002-07-02,40.5555534362793,40.93333435058594,40.44444274902344,40.53333282470703,2500024
2002-07-03,40.68888854980469,40.75555419921875,40.022220611572266,40.08000183105469,1910772
2002-07-04,40.24444580078125,40.377777099609375,39.83555603027344,39.924442291259766,1515924
2002-07-05,39.79999923706055,40.22222137451172,39.79999923706055,40.022220611572266,1038928
2002-07-08,40.64444351196289,40.86666488647461,40.0,40.79111099243164,1772149
2002-07-09,40.88888931274414,41.22222137451172,40.502220153808594,40.61333465576172,2892991
2002-07-10,40.11111068725586,40.71110916137695,40.0,40.502220153808594,1063845
2002-07-11,40.42222213745117,40.666664123535156,40.10222244262695,40.155555725097656,1413315
2002-07-12,40.44444274902344,40.5555534362793,40.08000183105469,40.35555648803711,1485990
2002-07-15,40.377777099609375,40.377777099609375,39.733333587646484,40.22222137451172,2159154
2002-07-16,39.5555534362793,40.33333206176758,39.5555534362793,40.057777404785156,1652139
2002-07-17,39.77777862548828,40.0,39.47999954223633,39.76888656616211,1308973
2002-07-18,39.88888931274414,40.133331298828125,39.70222091674805,40.022220611572266,1634161
2002-07-19,39.77777862548828,40.377777099609375,39.77777862548828,40.23555374145508,4430164
2002-07-22,38.599998474121094,38.599998474121094,37.34666442871094,37.488887786865234,2559451
2002-07-23,37.511112213134766,37.880001068115234,37.022220611572266,37.43555450439453,1543779
2002-07-24,37.155555725097656,37.502220153808594,37.11111068725586,37.168888092041016,1839717
2002-07-25,37.88888931274414,37.88888931274414,36.133331298828125,36.43555450439453,9698058
2002-07-26,36.31111145019531,36.71110916137695,36.11111068725586,36.266666412353516,2582338
2002-07-29,36.42222213745117,36.65777587890625,35.57777786254883,35.86666488647461,1608246
2002-07-30,36.44444274902344,36.44444274902344,35.11111068725586,35.36888885498047,1532263
2002-07-31,34.911109924316406,35.5555534362793,34.72444534301758,35.279998779296875,1588950
2002-08-01,34.88888931274414,35.488887786865234,34.88888931274414,34.9555549621582,939127
2002-08-02,34.77777862548828,35.266666412353516,34.44444274902344,35.155555725097656,1121058
2002-08-05,35.33333206176758,36.64444351196289,35.33333206176758,36.44444274902344,1788777
2002-08-06,36.20000076293945,36.42222213745117,35.57777786254883,36.25777816772461,968539
2002-08-07,36.64444351196289,36.64444351196289,36.266666412353516,36.35555648803711,884349
2002-08-08,36.44444274902344,37.46666717529297,36.33333206176758,36.43555450439453,2182081
2002-08-09,36.44444274902344,37.71110916137695,36.42222213745117,36.86666488647461,3620929
2002-08-12,37.0444450378418,37.64444351196289,36.746665954589844,37.06666564941406,2180412
2002-08-13,37.08888626098633,37.400001525878906,36.83555603027344,37.10222244262695,844686
2002-08-14,37.11111068725586,37.44444274902344,36.9466667175293,37.266666412353516,893839
2002-08-15,37.266666412353516,37.266666412353516,37.266666412353516,37.266666412353516,0
2002-08-16,37.43555450439453,38.22222137451172,37.33333206176758,37.911109924316406,2908156
2002-08-19,38.502220153808594,38.622222900390625,37.911109924316406,38.11111068725586,4380849
2002-08-20,38.22222137451172,38.42222213745117,38.06666564941406,38.34666442871094,1884010
2002-08-21,38.0,38.911109924316406,37.79999923706055,38.76888656616211,3296326
2002-08-22,39.06666564941406,39.22222137451172,38.82222366333008,39.133331298828125,4005877
2002-08-23,39.54666519165039,40.11111068725586,39.03555679321289,39.93333435058594,6834802
2002-08-26,40.12444305419922,41.43555450439453,40.12444305419922,41.057777404785156,11248938
2002-08-27,41.31111145019531,41.502220153808594,40.24444580078125,41.266666412353516,8647789
2002-08-28,40.502220153808594,41.24444580078125,40.502220153808594,41.133331298828125,4746235
2002-08-29,41.5555534362793,41.77777862548828,41.21333312988281,41.56888961791992,5962054
2002-08-30,40.77777862548828,41.11111068725586,40.47999954223633,40.813331604003906,4825647
2002-09-02,41.08888626098633,41.5555534362793,37.133331298828125,40.64444351196289,2064600
2002-09-03,40.0,40.488887786865234,39.88888931274414,39.991111755371094,3253635
2002-09-04,39.77777862548828,40.168888092041016,39.33333206176758,40.0,2993845
2002-09-05,40.022220611572266,40.68888854980469,39.9466667175293,40.44444274902344,2468727
2002-09-06,40.5555534362793,40.71110916137695,39.9466667175293,40.01333236694336,1862496
2002-09-09,39.88888931274414,40.21333312988281,39.68000030517578,39.991111755371094,921829
2002-09-10,39.991111755371094,39.991111755371094,39.991111755371094,39.991111755371094,0
2002-09-11,40.19111251831055,40.22222137451172,39.9555549621582,40.022220611572266,799830
2002-09-12,40.0,40.65777587890625,39.9555549621582,40.377777099609375,1589184
2002-09-13,40.911109924316406,41.71110916137695,40.17777633666992,40.25777816772461,2314170
2002-09-16,40.44444274902344,40.53333282470703,40.17777633666992,40.23555374145508,954940
2002-09-17,40.391109466552734,40.622222900390625,40.23555374145508,40.488887786865234,767758
2002-09-18,40.0,40.844444274902344,40.0,40.4577751159668,1567084
2002-09-19,40.0,40.59111022949219,40.0,40.377777099609375,1522656
2002-09-20,40.0,40.57777786254883,40.0,40.43555450439453,1161648
2002-09-23,40.46666717529297,40.502220153808594,40.31111145019531,40.36888885498047,893119
2002-09-24,40.20000076293945,40.42222213745117,39.391109466552734,39.733333587646484,1465078
2002-09-25,39.54666519165039,39.5555534362793,38.733333587646484,38.8577766418457,2070009
2002-09-26,38.88888931274414,39.33333206176758,38.168888092041016,38.266666412353516,2245162
2002-09-27,38.44444274902344,38.502220153808594,37.666664123535156,37.75555419921875,5235849
2002-09-30,37.44444274902344,37.9555549621582,37.12444305419922,37.25777816772461,2770704
2002-10-01,36.72444534301758,37.377777099609375,36.72444534301758,37.11111068725586,956223
2002-10-02,37.11111068725586,37.11111068725586,37.11111068725586,37.11111068725586,0
2002-10-03,37.44444274902344,37.71110916137695,37.155555725097656,37.28888702392578,1258051
2002-10-04,37.53333282470703,37.622222900390625,37.22222137451172,37.391109466552734,951331
2002-10-07,37.76888656616211,38.0444450378418,37.400001525878906,37.9022216796875,1377747
2002-10-08,38.19111251831055,38.19111251831055,37.9022216796875,38.022220611572266,2341683
2002-10-09,38.21333312988281,38.488887786865234,38.01333236694336,38.23555374145508,1962693
2002-10-10,38.5555534362793,38.666664123535156,37.8577766418457,38.24444580078125,848902
2002-10-11,38.76888656616211,38.76888656616211,38.11111068725586,38.24444580078125,1389636
2002-10-14,39.83555603027344,40.377777099609375,39.61333465576172,40.23555374145508,8814321
2002-10-15,40.23555374145508,40.23555374145508,40.23555374145508,40.23555374145508,0
2002-10-16,40.635555267333984,40.635555267333984,40.23555374145508,40.54666519165039,2409858
2002-10-17,40.53333282470703,42.14666748046875,40.391109466552734,42.022220611572266,4899537
2002-10-18,42.22222137451172,42.44444274902344,41.0,41.9022216796875,3001617
2002-10-21,42.0,42.0,41.24444580078125,41.844444274902344,1880032
2002-10-22,42.77777862548828,42.77777862548828,41.23555374145508,41.31111145019531,1635525
2002-10-23,41.279998779296875,41.33333206176758,41.03555679321289,41.23555374145508,1090525
2002-10-24,41.22222137451172,41.44444274902344,41.10222244262695,41.168888092041016,1062405
2002-10-25,40.666664123535156,41.53333282470703,40.666664123535156,41.24444580078125,1884136
2002-10-28,41.33333206176758,41.33333206176758,41.11111068725586,41.20000076293945,1037448
2002-10-29,41.11111068725586,41.77777862548828,40.88888931274414,41.70222091674805,1670868
2002-10-30,41.64444351196289,41.72444534301758,41.11111068725586,41.635555267333984,1123609
2002-10-31,41.524444580078125,42.0,41.524444580078125,41.9022216796875,3234775
2002-11-01,41.666664123535156,42.279998779296875,41.666664123535156,41.97777557373047,2127649
2002-11-04,42.22222137451172,42.33333206176758,42.0444450378418,42.168888092041016,461115
2002-11-05,42.22222137451172,43.20000076293945,42.057777404785156,42.924442291259766,2325154
2002-11-06,42.924442291259766,42.924442291259766,42.924442291259766,42.924442291259766,0
2002-11-07,43.19111251831055,43.19111251831055,42.23555374145508,42.377777099609375,1580611
2002-11-08,43.0,43.83555603027344,42.666664123535156,43.43555450439453,4796464
2002-11-11,43.5555534362793,43.75555419921875,43.133331298828125,43.32444381713867,1813365
2002-11-12,43.168888092041016,43.266666412353516,42.88888931274414,43.12444305419922,1793362
2002-11-13,43.266666412353516,43.42222213745117,42.5555534362793,42.733333587646484,3112983
2002-11-14,42.666664123535156,43.155555725097656,42.61333465576172,42.72444534301758,1496961
2002-11-15,42.9022216796875,43.10222244262695,42.400001525878906,42.813331604003906,1876644
2002-11-18,43.0,43.65777587890625,42.022220611572266,42.76888656616211,4090977
2002-11-19,42.76888656616211,42.76888656616211,42.76888656616211,42.76888656616211,0
2002-11-20,42.68888854980469,42.991111755371094,41.5555534362793,42.813331604003906,3215218
2002-11-21,44.33333206176758,45.20000076293945,43.266666412353516,43.33333206176758,5462640
2002-11-22,43.42222213745117,45.733333587646484,42.844444274902344,45.168888092041016,13755784
2002-11-25,45.8577766418457,45.97777557373047,44.08000183105469,44.24444580078125,11834545
2002-11-26,44.22222137451172,44.844444274902344,43.79111099243164,44.266666412353516,4445869
2002-11-27,44.22222137451172,45.9555549621582,43.79999923706055,44.53333282470703,17878828
2002-11-28,44.911109924316406,45.733333587646484,44.82222366333008,45.43555450439453,7935615
2002-11-29,46.24444580078125,46.44444274902344,44.911109924316406,45.57777786254883,6705027
2002-12-02,47.511112213134766,47.511112213134766,45.14666748046875,45.400001525878906,4943533
2002-12-03,45.71110916137695,45.71110916137695,44.12444305419922,44.266666412353516,2909682
2002-12-04,42.88888931274414,44.44444274902344,42.88888931274414,43.511112213134766,2827377
2002-12-05,43.666664123535156,44.813331604003906,43.61333465576172,43.86666488647461,3419167
2002-12-06,44.44444274902344,44.77777862548828,43.86666488647461,44.635555267333984,2154298
2002-12-09,44.8577766418457,45.5555534362793,43.83555603027344,44.24444580078125,2670601
2002-12-10,44.0,44.44444274902344,43.635555267333984,44.266666412353516,1149660
2002-12-11,44.44444274902344,44.64444351196289,43.77777862548828,43.924442291259766,1602972
2002-12-12,44.168888092041016,44.168888092041016,43.70222091674805,43.9555549621582,617044
2002-12-13,44.0,44.635555267333984,44.0,44.14666748046875,2313391
2002-12-16,44.666664123535156,44.666664123535156,43.88888931274414,44.08000183105469,1658191
2002-12-17,44.22222137451172,44.22222137451172,43.413333892822266,43.524444580078125,976140
2002-12-18,43.79999923706055,45.168888092041016,43.599998474121094,44.42222213745117,9846864
2002-12-19,44.413333892822266,45.08888626098633,44.413333892822266,44.56888961791992,2943229
2002-12-20,44.65777587890625,45.0444450378418,44.12444305419922,44.31111145019531,2145852
2002-12-23,43.68888854980469,44.54666519165039,43.68888854980469,44.155555725097656,1300698
2002-12-24,44.0,44.666664123535156,44.0,44.47999954223633,1627767
2002-12-25,44.47999954223633,44.47999954223633,44.47999954223633,44.47999954223633,0
2002-12-26,44.44444274902344,45.46666717529297,44.25777816772461,44.72444534301758,8073936
2002-12-27,44.666664123535156,46.11111068725586,44.666664123535156,45.96888732910156,6796165
2002-12-30,46.44444274902344,47.06666564941406,46.133331298828125,46.82222366333008,7411014
2002-12-31,47.0,47.5555534362793,46.813331604003906,47.400001525878906,4987710
2003-01-01,47.488887786865234,47.635555267333984,46.88888931274414,47.0444450378418,2485881
2003-01-02,47.11111068725586,47.488887786865234,46.68000030517578,46.79111099243164,2634268
2003-01-03,46.82222366333008,47.11111068725586,45.33333206176758,45.488887786865234,3617793
2003-01-06,45.635555267333984,45.77777862548828,44.44444274902344,44.65777587890625,3239698
2003-01-07,45.11111068725586,45.53333282470703,44.635555267333984,45.377777099609375,2724322
2003-01-08,45.391109466552734,46.622222900390625,45.22222137451172,46.302223205566406,6860502
2003-01-09,46.22222137451172,46.32444381713867,44.88888931274414,45.97777557373047,1652395
2003-01-10,45.96888732910156,46.057777404785156,45.14666748046875,45.502220153808594,1340140
2003-01-13,45.5555534362793,46.31111145019531,45.302223205566406,45.5555534362793,2794941
2003-01-14,45.24444580078125,45.77777862548828,45.22222137451172,45.68000030517578,1326222
2003-01-15,46.10222244262695,46.12444305419922,45.4577751159668,45.622222900390625,2034202
2003-01-16,45.64444351196289,45.813331604003906,44.911109924316406,45.03555679321289,2021215
2003-01-17,45.17777633666992,45.511112213134766,45.0,45.08888626098633,1466334
2003-01-20,45.0444450378418,45.22222137451172,43.96888732910156,44.11111068725586,1949940
2003-01-21,44.22222137451172,44.61333465576172,43.9555549621582,44.11111068725586,2044692
2003-01-22,44.666664123535156,44.666664123535156,43.413333892822266,43.56888961791992,2851780
2003-01-23,43.75555419921875,44.21333312988281,43.35555648803711,43.76888656616211,1293894
2003-01-24,44.0,44.155555725097656,43.022220611572266,43.35555648803711,2336238
2003-01-27,42.666664123535156,43.5555534362793,41.9022216796875,42.42222213745117,1459201
2003-01-28,42.666664123535156,43.33333206176758,41.68888854980469,42.35555648803711,3410748
2003-01-29,42.844444274902344,43.22222137451172,42.08000183105469,42.24444580078125,2097279
2003-01-30,42.77777862548828,42.86666488647461,41.133331298828125,41.35555648803711,4909464
2003-01-31,41.413333892822266,41.502220153808594,40.813331604003906,41.22222137451172,2251179
2003-02-03,41.43555450439453,42.19111251831055,41.43555450439453,42.022220611572266,2117115
2003-02-04,42.33333206176758,42.635555267333984,41.79111099243164,41.86666488647461,1848996
2003-02-05,41.11111068725586,42.0444450378418,40.502220153808594,41.68000030517578,1650897
2003-02-06,41.77777862548828,42.622222900390625,41.68000030517578,42.33333206176758,1951960
2003-02-07,42.33333206176758,43.5555534362793,42.22222137451172,43.21333312988281,3600949
2003-02-10,43.33333206176758,43.86666488647461,43.01333236694336,43.44444274902344,4595980
2003-02-11,43.666664123535156,43.72444534301758,42.68888854980469,42.79111099243164,1337350
2003-02-12,42.77777862548828,43.33333206176758,42.77777862548828,42.97777557373047,1470708
2003-02-13,42.97777557373047,42.97777557373047,42.97777557373047,42.97777557373047,0
2003-02-14,43.28888702392578,43.377777099609375,42.46666717529297,42.5555534362793,1537348
2003-02-17,42.88888931274414,43.56888961791992,42.88888931274414,43.377777099609375,1898784
2003-02-18,43.391109466552734,43.53333282470703,42.924442291259766,42.991111755371094,1051947
2003-02-19,43.133331298828125,43.42222213745117,42.93333435058594,43.0,1018705
2003-02-20,43.22222137451172,43.32444381713867,42.5555534362793,42.82222366333008,1041655
2003-02-21,42.79111099243164,43.61333465576172,42.72444534301758,43.133331298828125,2821927
2003-02-24,43.4577751159668,43.64444351196289,43.11111068725586,43.22222137451172,1757416
2003-02-25,43.266666412353516,43.266666412353516,42.622222900390625,42.70222091674805,1064227
2003-02-26,42.88888931274414,45.93333435058594,42.511112213134766,44.36888885498047,39399255
2003-02-27,44.666664123535156,44.9466667175293,44.10222244262695,44.25777816772461,8504604
2003-02-28,44.44444274902344,45.599998474121094,44.133331298828125,44.56888961791992,9156258
2003-03-03,44.72444534301758,44.97777557373047,44.12444305419922,44.302223205566406,4243572
2003-03-04,43.77777862548828,44.44444274902344,43.511112213134766,43.635555267333984,2058300
2003-03-05,43.77777862548828,45.44444274902344,43.33333206176758,43.54666519165039,14600083
2003-03-06,43.76888656616211,43.96888732910156,42.88888931274414,43.0444450378418,4689670
2003-03-07,42.88888931274414,43.22222137451172,42.47999954223633,42.68888854980469,2361438
2003-03-10,42.666664123535156,43.11111068725586,41.24444580078125,41.43555450439453,3030367
2003-03-11,41.266666412353516,42.0,40.924442291259766,41.880001068115234,1401250
2003-03-12,42.20000076293945,42.279998779296875,41.502220153808594,41.57777786254883,1786401
2003-03-13,41.733333587646484,41.77777862548828,41.23555374145508,41.377777099609375,839718
2003-03-14,41.377777099609375,41.377777099609375,41.377777099609375,41.377777099609375,0
2003-03-17,41.5555534362793,42.46666717529297,41.5555534362793,41.746665954589844,1789663
2003-03-18,41.746665954589844,41.746665954589844,41.746665954589844,41.746665954589844,0
2003-03-19,41.77777862548828,42.17777633666992,41.53333282470703,41.65777587890625,1286968
2003-03-20,41.97777557373047,42.53333282470703,41.59111022949219,42.168888092041016,2023074
2003-03-21,42.12444305419922,42.53333282470703,42.03555679321289,42.24444580078125,1125805
2003-03-24,42.33333206176758,42.35555648803711,41.46666717529297,41.56888961791992,1051897
2003-03-25,41.168888092041016,41.70222091674805,41.168888092041016,41.5555534362793,1823440
2003-03-26,41.666664123535156,41.83555603027344,41.4577751159668,41.511112213134766,1307187
2003-03-27,41.599998474121094,41.666664123535156,40.71110916137695,40.86666488647461,4035564
2003-03-28,40.88888931274414,41.33333206176758,40.733333587646484,41.19111251831055,1224351
2003-03-31,41.279998779296875,41.33333206176758,40.9022216796875,41.01333236694336,662332
2003-04-01,41.08000183105469,41.46666717529297,40.488887786865234,41.08888626098633,1209982
2003-04-02,41.22222137451172,41.44444274902344,41.022220611572266,41.24444580078125,494869
2003-04-03,41.35555648803711,41.666664123535156,41.14666748046875,41.24444580078125,2163375
2003-04-04,41.53333282470703,41.53333282470703,41.11111068725586,41.44444274902344,1072606
2003-04-07,41.77777862548828,42.11111068725586,41.65777587890625,41.93333435058594,2307946
2003-04-08,42.155555725097656,43.19111251831055,41.68000030517578,42.59111022949219,4933449
2003-04-09,42.61333465576172,42.88888931274414,41.82222366333008,41.93333435058594,1742832
2003-04-10,42.0,42.302223205566406,41.42222213745117,41.524444580078125,1531080
2003-04-11,41.9555549621582,42.19111251831055,41.11111068725586,41.377777099609375,1607193
2003-04-14,41.377777099609375,41.377777099609375,41.377777099609375,41.377777099609375,0
2003-04-15,42.0,43.25777816772461,41.20000076293945,41.599998474121094,620176
2003-04-16,42.0,42.0,41.44444274902344,41.61333465576172,532687
2003-04-17,41.57777786254883,42.08888626098633,41.11111068725586,41.733333587646484,1145776
2003-04-18,41.733333587646484,41.733333587646484,41.733333587646484,41.733333587646484,0
2003-04-21,42.17777633666992,42.24444580078125,41.68000030517578,41.79999923706055,976099
2003-04-22,41.77777862548828,42.168888092041016,41.71110916137695,41.93333435058594,1161360
2003-04-23,41.77777862548828,42.666664123535156,41.57777786254883,42.43555450439453,3396046
2003-04-24,42.53333282470703,42.53333282470703,41.77777862548828,42.0444450378418,4814077
2003-04-25,41.93333435058594,42.42222213745117,41.8577766418457,42.34666442871094,2045470
2003-04-28,43.23555374145508,43.23555374145508,42.31111145019531,42.47999954223633,1005912
2003-04-29,42.5555534362793,43.391109466552734,42.5555534362793,43.17777633666992,2918439
2003-04-30,43.44444274902344,44.666664123535156,43.133331298828125,44.46666717529297,7102993
2003-05-01,44.46666717529297,44.46666717529297,44.46666717529297,44.46666717529297,0
2003-05-02,44.44444274902344,45.33333206176758,43.83555603027344,45.19111251831055,5366560
2003-05-05,45.43555450439453,45.43555450439453,44.266666412353516,44.71110916137695,2749401
2003-05-06,44.666664123535156,46.11111068725586,44.666664123535156,45.97777557373047,6746683
2003-05-07,45.5555534362793,46.0,44.83555603027344,45.44444274902344,3397909
2003-05-08,45.53333282470703,45.53333282470703,44.79111099243164,45.155555725097656,1247427
2003-05-09,45.33333206176758,45.33333206176758,44.400001525878906,44.4577751159668,1963759
2003-05-12,44.666664123535156,45.057777404785156,44.502220153808594,44.911109924316406,1650532
2003-05-13,44.88888931274414,45.31111145019531,44.44444274902344,45.08000183105469,1299244
2003-05-14,44.9022216796875,45.42222213745117,44.9022216796875,45.23555374145508,957487
2003-05-15,45.22222137451172,46.0,45.11111068725586,45.666664123535156,2448873
2003-05-16,45.5555534362793,46.666664123535156,45.5555534362793,46.21333312988281,3489142
2003-05-19,46.01333236694336,47.57777786254883,46.01333236694336,47.25777816772461,6396583
2003-05-20,46.88888931274414,47.28888702392578,46.057777404785156,46.4577751159668,3148276
2003-05-21,46.88888931274414,46.88888931274414,45.64444351196289,45.813331604003906,1862833
2003-05-22,53.35555648803711,53.35555648803711,45.5555534362793,46.21333312988281,1791076
2003-05-23,46.155555725097656,46.746665954589844,46.155555725097656,46.57777786254883,1373706
2003-05-26,46.666664123535156,48.28888702392578,46.53333282470703,48.08000183105469,4894362
2003-05-27,48.22222137451172,48.82222366333008,45.924442291259766,46.279998779296875,7105657
2003-05-28,47.746665954589844,47.8577766418457,46.0,47.61333465576172,3712023
2003-05-29,47.77777862548828,48.86666488647461,47.133331298828125,48.65777587890625,5224581
2003-05-30,48.65777587890625,49.68888854980469,48.65777587890625,49.413333892822266,4152546
2003-06-02,49.77777862548828,50.5555534362793,49.77777862548828,50.35555648803711,3242803
2003-06-03,50.022220611572266,50.44444274902344,49.14666748046875,49.36888885498047,1430689
2003-06-04,49.97777557373047,50.0,49.23555374145508,49.36888885498047,1068138
2003-06-05,49.391109466552734,50.20000076293945,47.79999923706055,48.10222244262695,3443076
2003-06-06,48.42222213745117,48.635555267333984,47.88888931274414,48.23555374145508,1747786
2003-06-09,48.83555603027344,51.400001525878906,48.4577751159668,51.133331298828125,6396615
2003-06-10,51.511112213134766,51.75555419921875,49.813331604003906,50.12444305419922,4297000
2003-06-11,49.77777862548828,51.5555534362793,49.77777862548828,51.10222244262695,4111735
2003-06-12,51.22222137451172,51.72444534301758,50.12444305419922,50.391109466552734,4344498
2003-06-13,50.28888702392578,52.0,50.28888702392578,50.9022216796875,4867375
2003-06-16,50.666664123535156,52.924442291259766,50.0,52.43555450439453,8525331
2003-06-17,54.22222137451172,54.59111022949219,53.01333236694336,53.24444580078125,13718533
2003-06-18,54.70222091674805,55.14666748046875,51.61333465576172,53.0444450378418,15770079
2003-06-19,52.88888931274414,53.9555549621582,52.44444274902344,53.20000076293945,6666084
2003-06-20,53.20000076293945,53.28888702392578,52.46666717529297,52.9555549621582,2697939
2003-06-23,53.33333206176758,54.44444274902344,51.44444274902344,51.68000030517578,3373938
2003-06-24,53.88888931274414,53.88888931274414,51.22222137451172,51.4577751159668,5281303
2003-06-25,51.377777099609375,53.5555534362793,51.377777099609375,53.19111251831055,8903992
2003-06-26,52.25777816772461,53.5555534362793,52.25777816772461,52.79111099243164,5695362
2003-06-27,52.666664123535156,55.5555534362793,52.34666442871094,55.24444580078125,9098905
2003-06-30,55.5555534362793,56.5555534362793,54.24444580078125,54.54666519165039,3679546
2003-07-01,54.24444580078125,54.88888931274414,53.59111022949219,53.991111755371094,2276514
2003-07-02,54.20000076293945,56.0,54.06666564941406,55.488887786865234,5913324
2003-07-03,55.86666488647461,56.635555267333984,54.70222091674805,55.43555450439453,4326223
2003-07-04,54.88888931274414,57.19111251831055,54.88888931274414,56.9022216796875,5573965
2003-07-07,56.88888931274414,57.24444580078125,55.82222366333008,56.635555267333984,2503561
2003-07-08,56.666664123535156,58.5555534362793,56.266666412353516,58.36888885498047,6774768
2003-07-09,58.22222137451172,60.22222137451172,57.377777099609375,60.022220611572266,11118775
2003-07-10,59.59111022949219,60.168888092041016,58.68888854980469,59.19111251831055,5285025
2003-07-11,59.11111068725586,60.733333587646484,58.9466667175293,59.33333206176758,3496054
2003-07-14,59.11111068725586,60.43555450439453,59.11111068725586,60.20000076293945,2304594
2003-07-15,60.279998779296875,60.88888931274414,59.06666564941406,60.36888885498047,2489337
2003-07-16,60.44444274902344,61.057777404785156,59.9022216796875,60.4577751159668,3025597
2003-07-17,60.666664123535156,61.11111068725586,59.5555534362793,60.279998779296875,2376963
2003-07-18,59.77777862548828,61.64444351196289,59.11111068725586,60.86666488647461,3710587
2003-07-21,60.88888931274414,61.33333206176758,59.79999923706055,60.08000183105469,2348788
2003-07-22,58.9466667175293,60.0,57.79111099243164,58.622222900390625,4308772
2003-07-23,59.44444274902344,59.44444274902344,57.502220153808594,58.400001525878906,3566731
2003-07-24,58.22222137451172,59.666664123535156,58.01333236694336,59.24444580078125,6669441
2003-07-25,59.34666442871094,60.32444381713867,59.022220611572266,59.991111755371094,2509420
2003-07-28,60.22222137451172,62.08888626098633,60.22222137451172,60.9022216796875,4716423
2003-07-29,59.77777862548828,61.880001068115234,59.77777862548828,61.70222091674805,3122077
2003-07-30,62.0,63.302223205566406,61.88888931274414,62.97777557373047,4286493
2003-07-31,63.42222213745117,65.32444763183594,63.22222137451172,64.9111099243164,7912939
2003-08-01,64.4000015258789,64.44444274902344,62.844444274902344,63.56888961791992,5984865
2003-08-04,63.68000030517578,64.94666290283203,62.88888931274414,64.44444274902344,4100697
2003-08-05,65.19999694824219,65.19999694824219,62.20000076293945,62.377777099609375,3966075
2003-08-06,61.5555534362793,61.88888931274414,59.844444274902344,60.59111022949219,7909573
2003-08-07,61.168888092041016,62.880001068115234,60.35555648803711,62.47999954223633,6190830
2003-08-08,62.599998474121094,62.82222366333008,61.622222900390625,62.24444580078125,5151838
2003-08-11,60.88888931274414,61.72444534301758,60.44444274902344,60.911109924316406,3934998
2003-08-12,61.33333206176758,61.54666519165039,59.622222900390625,59.93333435058594,3873033
2003-08-13,60.22222137451172,60.9555549621582,59.86666488647461,60.71110916137695,4176801
2003-08-14,61.488887786865234,62.75555419921875,61.11111068725586,61.77777862548828,5228176
2003-08-15,61.77777862548828,61.77777862548828,61.77777862548828,61.77777862548828,0
2003-08-18,62.77777862548828,62.77777862548828,61.72444534301758,62.31111145019531,3118000
2003-08-19,63.11111068725586,64.31111145019531,61.68000030517578,62.43555450439453,6045624
2003-08-20,62.88888931274414,63.5555534362793,62.14666748046875,62.5555534362793,2859768
2003-08-21,62.65777587890625,63.46666717529297,62.22222137451172,62.71110916137695,4342545
2003-08-22,63.44444274902344,64.61333465576172,63.0,63.9022216796875,5405584
2003-08-25,64.97777557373047,65.88888549804688,60.47999954223633,61.77777862548828,8869671
2003-08-26,61.77777862548828,63.5555534362793,61.666664123535156,63.25777816772461,3783235
2003-08-27,64.0,65.4888916015625,63.57777786254883,65.03555297851562,5274409
2003-08-28,65.55555725097656,65.55555725097656,62.88888931274414,63.168888092041016,4267530
2003-08-29,63.77777862548828,65.55555725097656,63.33333206176758,64.4222183227539,5807538
2003-09-01,65.11111450195312,67.77777862548828,64.46666717529297,67.57777404785156,10430181
2003-09-02,67.55555725097656,68.86666870117188,66.71111297607422,67.27999877929688,5388673
2003-09-03,67.55555725097656,67.55555725097656,64.9111099243164,65.83555603027344,6225700
2003-09-04,65.33333587646484,66.19999694824219,62.88888931274414,63.44444274902344,10547604
2003-09-05,65.55555725097656,65.55555725097656,63.666664123535156,64.33333587646484,6579117
2003-09-08,65.73332977294922,66.44444274902344,64.72444152832031,65.72444152832031,4179807
2003-09-09,66.44444274902344,67.33333587646484,64.45777893066406,66.5999984741211,6883312
2003-09-10,66.44444274902344,68.55555725097656,66.44444274902344,68.3022232055664,10520478
2003-09-11,68.62222290039062,69.26666259765625,67.06666564941406,67.54666900634766,6491344
2003-09-12,68.11111450195312,68.93333435058594,66.55555725097656,66.85778045654297,6970716
2003-09-15,61.11111068725586,67.64444732666016,61.11111068725586,65.25777435302734,3872547
2003-09-16,64.44444274902344,68.26666259765625,63.377777099609375,67.97777557373047,7363525
2003-09-17,68.22222137451172,68.77777862548828,65.84444427490234,66.4888916015625,4204021
2003-09-18,66.66666412353516,66.66666412353516,63.5555534362793,63.9466667175293,4080159
2003-09-19,66.44444274902344,66.44444274902344,62.9466667175293,64.94666290283203,4069075
2003-09-22,65.33333587646484,66.44444274902344,64.01333618164062,65.43555450439453,3364393
2003-09-23,65.33333587646484,66.44444274902344,64.4800033569336,65.9111099243164,2762446
2003-09-24,66.44444274902344,69.0,65.63555145263672,68.54666900634766,6893505
2003-09-25,68.39111328125,68.72444152832031,67.11111450195312,68.16888427734375,2856465
2003-09-26,68.22222137451172,69.82221984863281,67.88888549804688,69.5999984741211,4988709
2003-09-29,69.77777862548828,71.5022201538086,69.77777862548828,71.11111450195312,3764295
2003-09-30,71.413330078125,72.17778015136719,70.11111450195312,71.80000305175781,4463482
2003-10-01,71.11111450195312,72.19999694824219,70.66666412353516,71.21333312988281,3458623
2003-10-02,71.21333312988281,71.21333312988281,71.21333312988281,71.21333312988281,0
2003-10-03,72.0,75.97777557373047,71.01333618164062,75.34666442871094,6677284
2003-10-06,75.55555725097656,77.77777862548828,74.28888702392578,77.43555450439453,6884622
2003-10-07,78.65777587890625,79.9911117553711,74.66666412353516,78.71111297607422,6284745
2003-10-08,79.28888702392578,79.55555725097656,76.55555725097656,77.74666595458984,5816034
2003-10-09,78.22222137451172,80.44444274902344,77.46666717529297,80.08000183105469,6759702
2003-10-10,80.44444274902344,84.88888549804688,80.0,84.15555572509766,7526187
2003-10-13,84.33333587646484,88.44444274902344,82.9111099243164,85.14666748046875,5591502
2003-10-14,84.44444274902344,86.44444274902344,83.77777862548828,84.85778045654297,5412384
2003-10-15,84.33333587646484,86.0,83.16888427734375,85.28888702392578,5294929
2003-10-16,84.88888549804688,87.0888900756836,84.73332977294922,85.71111297607422,4375620
2003-10-17,85.97777557373047,89.74666595458984,83.35555267333984,89.04444122314453,8353471
2003-10-20,89.55555725097656,92.82221984863281,88.0,91.59111022949219,8343648
2003-10-21,90.22222137451172,91.31111145019531,88.10221862792969,89.80000305175781,7973721
2003-10-22,88.88888549804688,90.22222137451172,88.26666259765625,89.23555755615234,5835631
2003-10-23,88.88888549804688,90.87999725341797,87.4000015258789,88.15555572509766,5672452
2003-10-24,87.80000305175781,88.53333282470703,83.77777862548828,86.92444610595703,6917472
2003-10-27,88.0,89.4222183227539,85.77777862548828,86.413330078125,5254537
2003-10-28,86.19999694824219,89.11111450195312,84.62222290039062,87.57777404785156,4644468
2003-10-29,88.88888549804688,89.11111450195312,86.01333618164062,86.84444427490234,4584154
2003-10-30,87.11111450195312,88.4000015258789,86.66666412353516,87.63555145263672,2709481
2003-10-31,88.413330078125,90.75555419921875,88.11111450195312,90.34666442871094,4445820
2003-11-03,90.97777557373047,93.66666412353516,90.97777557373047,93.33333587646484,5234962
2003-11-04,93.82221984863281,94.46666717529297,91.37777709960938,94.02222442626953,5923521
2003-11-05,93.9911117553711,95.28888702392578,92.88888549804688,93.66666412353516,5452960
2003-11-06,94.4222183227539,94.63555145263672,92.44444274902344,93.19110870361328,2811199
2003-11-07,93.33333587646484,94.4000015258789,91.70222473144531,91.96888732910156,2395498
2003-11-10,91.77777862548828,91.77777862548828,89.55555725097656,90.61333465576172,1410669
2003-11-11,91.11111450195312,92.0,90.26666259765625,91.26666259765625,3238659
2003-11-12,90.46666717529297,93.55555725097656,90.0,93.02222442626953,4339683
2003-11-13,92.72444152832031,93.33333587646484,90.22222137451172,91.39111328125,2921580
2003-11-14,90.88888549804688,91.77777862548828,86.22222137451172,86.9911117553711,5082633
2003-11-17,88.0,89.31111145019531,86.8133316040039,88.32444763183594,2452558
2003-11-18,89.0888900756836,89.31111145019531,85.55555725097656,86.21333312988281,3757050
2003-11-19,86.22222137451172,86.22222137451172,80.4800033569336,82.0888900756836,7637458
2003-11-20,82.44444274902344,84.19999694824219,80.22222137451172,80.92444610595703,5729310
2003-11-21,80.37777709960938,81.77777862548828,79.46666717529297,80.93333435058594,4624231
2003-11-24,81.55555725097656,83.9022216796875,81.11111450195312,83.08000183105469,3871494
2003-11-25,84.0,85.4222183227539,83.33333587646484,84.88888549804688,3929112
2003-11-26,84.88888549804688,84.88888549804688,84.88888549804688,84.88888549804688,0
2003-11-27,84.66666412353516,86.39111328125,84.66666412353516,85.85778045654297,4734261
2003-11-28,86.11111450195312,89.44444274902344,86.01333618164062,89.0888900756836,3504330
2003-12-01,89.88888549804688,91.97777557373047,88.66666412353516,91.17778015136719,3846514
2003-12-02,92.0888900756836,92.22222137451172,89.44444274902344,90.70222473144531,5820192
2003-12-03,90.88888549804688,92.32444763183594,90.7911148071289,91.57777404785156,4036666
2003-12-04,91.11111450195312,91.55555725097656,89.68000030517578,90.82221984863281,2119675
2003-12-05,91.11111450195312,93.82221984863281,90.92444610595703,91.45777893066406,6106576
2003-12-08,91.11111450195312,93.31111145019531,90.23555755615234,92.413330078125,4346226
2003-12-09,93.0,96.17778015136719,92.9022216796875,95.80000305175781,5529991
2003-12-10,95.77777862548828,97.75555419921875,95.33333587646484,97.0888900756836,5594283
2003-12-11,97.33333587646484,98.0,95.55555725097656,97.53333282470703,4666356
2003-12-12,97.55555725097656,98.64444732666016,96.26666259765625,97.15555572509766,4528192
2003-12-15,97.33333587646484,98.88888549804688,97.01333618164062,98.34666442871094,2260885
2003-12-16,97.77777862548828,97.77777862548828,95.61333465576172,97.02222442626953,2673958
2003-12-17,97.11111450195312,97.19110870361328,95.82221984863281,96.54666900634766,2443864
2003-12-18,95.4222183227539,102.94666290283203,95.4222183227539,101.84444427490234,5256720
2003-12-19,102.44444274902344,111.55555725097656,100.55555725097656,110.82221984863281,18859203
2003-12-22,109.33333587646484,111.86666870117188,107.77777862548828,109.5022201538086,5350891
2003-12-23,109.77777862548828,110.61333465576172,108.11111450195312,108.52444458007812,4918248
2003-12-24,108.88888549804688,116.0,108.88888549804688,114.3022232055664,6237126
2003-12-25,114.3022232055664,114.3022232055664,114.3022232055664,114.3022232055664,0
2003-12-26,102.22222137451172,118.5999984741211,102.22222137451172,117.63555145263672,8638717
2003-12-29,117.33333587646484,119.87999725341797,117.11111450195312,118.39111328125,4914202
2003-12-30,133.11111450195312,133.11111450195312,114.52444458007812,117.36888885498047,5246325
2003-12-31,118.0,121.11111450195312,116.68000030517578,117.15555572509766,5466577
2004-01-01,118.84444427490234,119.4888916015625,117.57777404785156,118.11111450195312,3294675
2004-01-02,97.75555419921875,120.11111450195312,97.75555419921875,119.24444580078125,4129173
2004-01-05,120.0,120.08000183105469,112.22222137451172,117.0888900756836,4551741
2004-01-06,117.55555725097656,125.5022201538086,114.66666412353516,116.9022216796875,10554138
2004-01-07,117.77777862548828,119.87999725341797,114.02222442626953,118.68888854980469,8909910
2004-01-08,120.0,128.6666717529297,119.77777862548828,127.39111328125,8139487
2004-01-09,132.22222900390625,133.3333282470703,127.37777709960938,129.47999572753906,8712864
2004-01-12,129.22222900390625,130.64443969726562,126.0,128.8000030517578,4771791
2004-01-13,125.55555725097656,130.22222900390625,125.55555725097656,128.8444366455078,4608364
2004-01-14,129.99110412597656,132.64443969726562,129.55555725097656,131.1911163330078,4193365
2004-01-15,132.26666259765625,132.26666259765625,123.37777709960938,124.75555419921875,5831635
2004-01-16,125.11111450195312,125.11111450195312,112.46666717529297,117.04444122314453,9842337
2004-01-19,116.66666412353516,123.70222473144531,113.37777709960938,119.4000015258789,9485599
2004-01-20,119.55555725097656,122.0,114.44444274902344,115.52444458007812,7995181
2004-01-21,115.11111450195312,118.4000015258789,110.66666412353516,112.84444427490234,7296264
2004-01-22,113.55555725097656,115.53333282470703,109.33333587646484,111.23555755615234,7439013
2004-01-23,113.33333587646484,119.5111083984375,113.33333587646484,118.4000015258789,5233963
2004-01-26,118.4000015258789,118.4000015258789,118.4000015258789,118.4000015258789,0
2004-01-27,120.44444274902344,122.9911117553711,116.66666412353516,122.25777435302734,4538893
2004-01-28,122.0,123.43555450439453,115.80000305175781,117.03555297851562,5742544
2004-01-29,117.77777862548828,119.11111450195312,113.73332977294922,115.87999725341797,7272441
2004-01-30,117.55555725097656,118.0,110.4800033569336,111.45777893066406,4934988
2004-02-02,111.45777893066406,111.45777893066406,111.45777893066406,111.45777893066406,0
2004-02-03,110.0,112.86666870117188,108.27999877929688,110.3022232055664,7655467
2004-02-04,111.55555725097656,115.85778045654297,110.02222442626953,115.28888702392578,5682951
2004-02-05,115.77777862548828,117.33333587646484,110.16888427734375,111.36888885498047,7219809
2004-02-06,112.22222137451172,112.22222137451172,103.03555297851562,110.62222290039062,20517808
2004-02-09,111.55555725097656,113.33333587646484,108.44444274902344,112.08000183105469,11643696
2004-02-10,112.22222137451172,114.66666412353516,110.5111083984375,112.13333129882812,12063951
2004-02-11,113.11111450195312,115.5111083984375,112.88888549804688,115.15555572509766,6971526
2004-02-12,115.37777709960938,117.74666595458984,114.44444274902344,115.86666870117188,9576936
2004-02-13,116.0,117.77777862548828,114.46666717529297,117.0888900756836,4857970
2004-02-16,117.55555725097656,122.4222183227539,117.55555725097656,121.55555725097656,8718133
2004-02-17,121.77777862548828,124.68888854980469,120.04444122314453,123.9911117553711,8071789
2004-02-18,124.55555725097656,125.0888900756836,120.88888549804688,121.52444458007812,7845547
2004-02-19,121.11111450195312,123.08000183105469,119.53333282470703,120.53333282470703,8819532
2004-02-20,120.19110870361328,122.66666412353516,118.22222137451172,120.33333587646484,9385501
2004-02-23,120.68888854980469,121.95555877685547,115.11111450195312,115.9022216796875,5127138
2004-02-24,116.0,121.97777557373047,115.23555755615234,121.27999877929688,8290359
2004-02-25,122.22222137451172,124.413330078125,121.33333587646484,122.0888900756836,10090858
2004-02-26,123.19999694824219,126.4000015258789,120.0,124.97777557373047,11960037
2004-02-27,125.77777862548828,126.66666412353516,122.68000030517578,125.03555297851562,6689146
2004-03-01,125.33333587646484,132.11111450195312,125.33333587646484,131.1022186279297,7585236
2004-03-02,131.1022186279297,131.1022186279297,131.1022186279297,131.1022186279297,0
2004-03-03,131.88888549804688,131.88888549804688,128.9022216796875,130.73333740234375,5009904
2004-03-04,130.44444274902344,133.4888916015625,128.67999267578125,130.26666259765625,6662727
2004-03-05,130.44444274902344,133.22222900390625,129.8000030517578,132.63555908203125,6313194
2004-03-08,132.88888549804688,136.37777709960938,132.88888549804688,134.7111053466797,6924348
2004-03-09,134.22222900390625,134.88888549804688,130.22222900390625,132.04444885253906,4094446
2004-03-10,131.55555725097656,131.93333435058594,129.35556030273438,130.12445068359375,3788991
2004-03-11,128.977783203125,129.99110412597656,125.0,125.56888580322266,4147200
2004-03-12,125.11111450195312,129.64443969726562,123.5999984741211,127.68888854980469,4930425
2004-03-15,130.0,130.22222900390625,103.35555267333984,123.34666442871094,4670212
2004-03-16,123.75555419921875,126.87999725341797,121.57777404785156,124.25777435302734,6082060
2004-03-17,125.33333587646484,132.88888549804688,123.88888549804688,126.93333435058594,4505067
2004-03-18,127.77777862548828,127.86666870117188,123.59111022949219,124.62222290039062,4772484
2004-03-19,125.55555725097656,125.62222290039062,120.73332977294922,124.54666900634766,5721313
2004-03-22,124.88888549804688,125.24444580078125,122.22222137451172,123.76889038085938,4969093
2004-03-23,122.88888549804688,127.33333587646484,122.33333587646484,125.83555603027344,7810654
2004-03-24,125.55555725097656,125.55555725097656,123.35555267333984,124.84444427490234,3267315
2004-03-25,125.55555725097656,128.22222900390625,125.11111450195312,127.5022201538086,4362151
2004-03-26,128.76889038085938,129.7111053466797,126.25777435302734,127.31111145019531,6070513
2004-03-29,127.11111450195312,127.33333587646484,117.45777893066406,123.46666717529297,11961387
2004-03-30,124.0,125.86666870117188,123.28888702392578,123.94666290283203,3822916
2004-03-31,122.66666412353516,129.977783203125,121.8133316040039,127.63555145263672,6694065
2004-04-01,128.0,131.53334045410156,126.52444458007812,130.44444274902344,5398951
2004-04-02,130.44444274902344,131.88888549804688,128.93333435058594,130.79110717773438,3983377
2004-04-05,131.11111450195312,136.99110412597656,129.5111083984375,135.45777893066406,6937429
2004-04-06,134.22222900390625,138.1999969482422,133.55555725097656,134.50222778320312,7668414
2004-04-07,134.6666717529297,137.27999877929688,133.55555725097656,136.64443969726562,5805225
2004-04-08,136.44444274902344,136.64443969726562,134.05776977539062,135.16888427734375,3313552
2004-04-09,135.16888427734375,135.16888427734375,135.16888427734375,135.16888427734375,0
2004-04-12,135.53334045410156,136.1777801513672,131.35556030273438,132.73333740234375,2496285
2004-04-13,132.3333282470703,137.11111450195312,130.6666717529297,136.3111114501953,3655840
2004-04-14,136.3111114501953,136.3111114501953,136.3111114501953,136.3111114501953,0
2004-04-15,136.35556030273438,137.85777282714844,134.44444274902344,135.22222900390625,3908884
2004-04-16,135.55555725097656,137.3111114501953,134.25778198242188,134.8222198486328,2131722
2004-04-19,134.0,136.35556030273438,130.9244384765625,131.6133270263672,4286893
2004-04-20,131.11111450195312,132.0,129.88888549804688,131.37777709960938,2242102
2004-04-21,130.01333618164062,134.5688934326172,129.6133270263672,133.0,3802162
2004-04-22,133.3333282470703,142.8000030517578,132.08888244628906,140.0,12029796
2004-04-23,141.06666564941406,141.12445068359375,137.35556030273438,138.55555725097656,6629881
2004-04-26,138.55555725097656,138.55555725097656,138.55555725097656,138.55555725097656,0
2004-04-27,137.35556030273438,137.35556030273438,127.80000305175781,128.83555603027344,6519105
2004-04-28,128.73333740234375,131.11111450195312,127.45777893066406,130.14666748046875,5820133
2004-04-29,130.22222900390625,130.6666717529297,123.35555267333984,124.22222137451172,8850969
2004-04-30,125.55555725097656,129.0,124.68888854980469,126.12444305419922,6057234
2004-05-03,126.22222137451172,126.22222137451172,120.0,122.31111145019531,3832258
2004-05-04,123.0888900756836,127.31111145019531,123.0888900756836,125.52444458007812,5725111
2004-05-05,126.86666870117188,131.30221557617188,125.13333129882812,129.94667053222656,8326179
2004-05-06,131.11111450195312,135.55555725097656,131.0,132.04444885253906,7586482
2004-05-07,131.75555419921875,132.8444366455078,128.55555725097656,129.4888916015625,9776988
2004-05-10,127.75555419921875,128.42222595214844,122.73332977294922,124.03555297851562,5787886
2004-05-11,123.33333587646484,128.24444580078125,116.66666412353516,117.5111083984375,8063302
2004-05-12,117.33333587646484,121.0888900756836,115.88888549804688,119.96888732910156,6369232
2004-05-13,117.77777862548828,126.23555755615234,113.33333587646484,120.87999725341797,8531455
2004-05-14,121.77777862548828,122.66666412353516,111.55555725097656,113.88888549804688,7106818
2004-05-17,113.32444763183594,113.32444763183594,89.17778015136719,100.68888854980469,4893412
2004-05-18,100.0,110.85778045654297,89.77777862548828,99.83555603027344,15843762
2004-05-19,57.77777862548828,57.77777862548828,49.77777862548828,54.795555114746094,32499792
2004-05-20,55.77777862548828,55.77777862548828,50.0,50.83333206176758,9616446
2004-05-21,50.0,56.93333435058594,48.0,55.76222229003906,43676289
2004-05-24,55.76222229003906,55.76222229003906,55.76222229003906,55.76222229003906,0
2004-05-25,55.76222229003906,55.76222229003906,55.76222229003906,55.76222229003906,0
2004-05-26,55.76222229003906,55.76222229003906,55.76222229003906,55.76222229003906,0
2004-05-27,55.76222229003906,55.76222229003906,55.76222229003906,55.76222229003906,0
2004-05-28,55.76222229003906,55.76222229003906,55.76222229003906,55.76222229003906,0
2004-05-31,55.76222229003906,55.76222229003906,55.76222229003906,55.76222229003906,0
2004-06-01,55.76222229003906,55.76222229003906,55.76222229003906,55.76222229003906,0
2004-06-02,55.76222229003906,55.76222229003906,55.76222229003906,55.76222229003906,0
2004-06-03,55.76222229003906,55.76222229003906,55.76222229003906,55.76222229003906,0
2004-06-04,55.76222229003906,55.76222229003906,55.76222229003906,55.76222229003906,0
2004-06-07,55.76222229003906,55.76222229003906,55.76222229003906,55.76222229003906,0
2004-06-08,55.76222229003906,55.76222229003906,55.76222229003906,55.76222229003906,0
2004-06-09,55.76222229003906,55.76222229003906,55.76222229003906,55.76222229003906,0
2004-06-10,55.76222229003906,55.76222229003906,55.76222229003906,55.76222229003906,0
2004-06-11,55.76222229003906,55.76222229003906,55.76222229003906,55.76222229003906,0
2004-06-14,55.76222229003906,55.76222229003906,55.76222229003906,55.76222229003906,0
2004-06-15,55.76222229003906,55.76222229003906,55.76222229003906,55.76222229003906,0
2004-06-16,55.76222229003906,55.76222229003906,55.76222229003906,55.76222229003906,0
2004-06-17,55.76222229003906,55.76222229003906,55.76222229003906,55.76222229003906,0
2004-06-18,55.76222229003906,55.76222229003906,55.76222229003906,55.76222229003906,0
2004-06-21,55.76222229003906,55.76222229003906,55.76222229003906,55.76222229003906,0
2004-06-22,55.76222229003906,55.76222229003906,55.76222229003906,55.76222229003906,0
2004-06-23,55.5555534362793,82.77777862548828,16.66666603088379,70.6611099243164,24293637
2004-06-24,70.0,70.0,67.5999984741211,68.44444274902344,8222175
2004-06-25,68.77777862548828,75.44444274902344,68.45555877685547,74.25555419921875,14736447
2004-06-28,73.33333587646484,74.65555572509766,71.13333129882812,72.93333435058594,8220141
2004-06-29,72.88888549804688,75.93333435058594,72.55555725097656,74.63333129882812,6687567
2004-06-30,74.66666412353516,77.77777862548828,74.44444274902344,77.2388916015625,6500070
2004-07-01,78.0,85.0,76.67778015136719,82.80000305175781,14243166
2004-07-02,82.77777862548828,86.66666412353516,80.51666259765625,81.16666412353516,26900505
2004-07-05,80.9111099243164,82.61111450195312,79.0111083984375,79.89444732666016,11449692
2004-07-06,80.19999694824219,82.0,79.47777557373047,81.06666564941406,9733662
2004-07-07,81.44444274902344,82.11111450195312,80.57777404785156,80.85555267333984,5434560
2004-07-08,81.11111450195312,82.44444274902344,77.30000305175781,79.10555267333984,5240448
2004-07-09,77.22222137451172,83.11111450195312,69.44444274902344,82.75,5083965
2004-07-12,82.66666412353516,83.55555725097656,79.72222137451172,80.47222137451172,3096468
2004-07-13,80.85555267333984,82.21111297607422,80.0,81.2388916015625,2126817
2004-07-14,82.0,82.22222137451172,79.12777709960938,79.64444732666016,2416770
2004-07-15,80.55555725097656,81.33333587646484,79.44444274902344,80.4888916015625,1831077
2004-07-16,80.86666870117188,84.87777709960938,80.77777862548828,83.99444580078125,7386381
2004-07-19,84.31111145019531,86.33333587646484,83.11111450195312,85.01666259765625,6984792
2004-07-20,84.66666412353516,88.77777862548828,84.0,88.0888900756836,14619762
2004-07-21,88.33333587646484,89.57777404785156,86.2388916015625,88.47777557373047,10050804
2004-07-22,88.31111145019531,89.63333129882812,86.13888549804688,87.13333129882812,6068970
2004-07-23,87.11111450195312,87.66666412353516,85.02222442626953,86.18333435058594,5094405
2004-07-26,84.44444274902344,87.07777404785156,83.88888549804688,86.0999984741211,6109191
2004-07-27,86.6611099243164,88.55555725097656,83.9111099243164,87.82777404785156,3618234
2004-07-28,89.44444274902344,92.77777862548828,85.55555725097656,85.74444580078125,3075822
2004-07-29,86.11111450195312,87.0111083984375,85.80000305175781,86.30555725097656,2602818
2004-07-30,87.0,87.74444580078125,85.42778015136719,86.07777404785156,3135195
2004-08-02,86.83333587646484,87.21111297607422,83.38888549804688,84.44999694824219,3904758
2004-08-03,84.88888549804688,86.22222137451172,84.72222137451172,85.4000015258789,3079683
2004-08-04,85.33333587646484,89.33333587646484,85.11111450195312,88.67778015136719,6343686
2004-08-05,87.0,90.5,87.0,90.07221984863281,5666850
2004-08-06,91.37777709960938,91.37777709960938,88.58333587646484,89.80000305175781,5487642
2004-08-09,88.88888549804688,91.33333587646484,88.88888549804688,90.11111450195312,4017168
2004-08-10,90.22222137451172,90.76666259765625,89.02222442626953,89.5111083984375,1761282
2004-08-11,89.55000305175781,90.22222137451172,85.0,86.03888702392578,2528118
2004-08-12,86.66666412353516,88.33333587646484,85.3388900756836,85.90555572509766,3531744
2004-08-13,86.88888549804688,86.9888916015625,84.62777709960938,85.1500015258789,2869380
2004-08-16,85.83333587646484,86.89444732666016,84.45555877685547,86.63333129882812,3295233
2004-08-17,86.33333587646484,88.04444122314453,86.33333587646484,87.39444732666016,1693980
2004-08-18,87.44444274902344,87.44444274902344,85.55555725097656,85.82777404785156,751311
2004-08-19,86.0999984741211,90.11111450195312,86.0999984741211,89.93333435058594,5856651
2004-08-20,90.55555725097656,90.55555725097656,88.03333282470703,88.65555572509766,2636694
2004-08-23,89.43333435058594,89.9888916015625,87.44444274902344,89.0,3763692
2004-08-24,89.4111099243164,92.0999984741211,89.11111450195312,91.6722183227539,6971904
2004-08-25,92.11111450195312,93.30000305175781,91.11111450195312,92.73332977294922,3643569
2004-08-26,93.88888549804688,93.88888549804688,89.69444274902344,90.32777404785156,3411513
2004-08-27,90.66666412353516,91.6500015258789,90.22222137451172,90.79444122314453,1843200
2004-08-30,92.22222137451172,92.22222137451172,90.56666564941406,91.1722183227539,1364103
2004-08-31,91.5999984741211,92.77777862548828,90.77777862548828,92.57221984863281,2001159
2004-09-01,91.22777557373047,97.72222137451172,88.88888549804688,97.11111450195312,9941418
2004-09-02,96.11111450195312,99.81111145019531,95.0111083984375,95.57221984863281,10644300
2004-09-03,95.33333587646484,97.31666564941406,94.44444274902344,95.62222290039062,7219017
2004-09-06,96.33333587646484,97.33333587646484,94.81111145019531,95.01666259765625,4453191
2004-09-07,96.0,96.44444274902344,94.68888854980469,95.1500015258789,3133845
2004-09-08,96.18888854980469,96.18888854980469,94.32221984863281,94.87222290039062,2672946
2004-09-09,95.55555725097656,96.0,93.88888549804688,94.25555419921875,3709908
2004-09-10,94.85555267333984,94.85555267333984,93.77777862548828,94.4000015258789,2503044
2004-09-13,94.44444274902344,94.44444274902344,93.0111083984375,93.41666412353516,5378544
2004-09-14,92.77777862548828,94.74444580078125,91.78888702392578,93.82221984863281,5970483
2004-09-15,94.44444274902344,95.0,92.37222290039062,93.24444580078125,3951828
2004-09-16,93.22222137451172,94.38888549804688,92.88888549804688,94.05555725097656,2160045
2004-09-17,94.31111145019531,96.43333435058594,93.55555725097656,94.89444732666016,3516579
2004-09-20,95.16666412353516,96.11111450195312,95.0,95.67778015136719,1731240
2004-09-21,96.33333587646484,96.33333587646484,94.44444274902344,95.02777862548828,1688346
2004-09-22,95.9888916015625,98.0,95.2388916015625,96.8499984741211,4096872
2004-09-23,96.11111450195312,97.77777862548828,94.46111297607422,95.32221984863281,1842894
2004-09-24,96.66666412353516,97.53888702392578,95.77777862548828,97.1722183227539,2620296
2004-09-27,98.32221984863281,98.88888549804688,96.68333435058594,97.15555572509766,3859920
2004-09-28,97.77777862548828,97.77777862548828,94.3499984741211,95.28888702392578,2111940
2004-09-29,95.0,96.11111450195312,94.28888702392578,94.52777862548828,1997397
2004-09-30,95.33333587646484,95.88888549804688,94.66666412353516,95.09444427490234,1407339
2004-10-01,95.22222137451172,97.66666412353516,95.22222137451172,97.25,2231109
2004-10-04,97.77777862548828,99.42778015136719,96.80555725097656,97.46111297607422,2086227
2004-10-05,97.22222137451172,97.88888549804688,95.56666564941406,95.82777404785156,1477089
2004-10-06,96.55555725097656,97.11111450195312,93.88888549804688,94.17778015136719,2168100
2004-10-07,95.0,95.44444274902344,93.5,94.30555725097656,2532789
2004-10-08,94.4222183227539,94.77777862548828,93.33333587646484,93.57221984863281,2526021
2004-10-11,94.9888916015625,94.9888916015625,93.88888549804688,94.12222290039062,1298745
2004-10-12,94.44444274902344,94.44444274902344,92.77777862548828,92.9111099243164,1054773
2004-10-13,92.9111099243164,92.9111099243164,92.9111099243164,92.9111099243164,0
2004-10-14,93.76666259765625,95.55555725097656,93.22222137451172,94.80555725097656,2036223
2004-10-15,95.31111145019531,97.05555725097656,93.11111450195312,93.44444274902344,3990141
2004-10-18,94.11111450195312,94.44444274902344,92.80555725097656,93.11111450195312,1615491
2004-10-19,93.86666870117188,94.05555725097656,92.9000015258789,93.63888549804688,2171979
2004-10-20,94.05555725097656,94.05555725097656,92.88888549804688,93.1611099243164,871632
2004-10-21,93.11111450195312,93.11111450195312,90.70555877685547,91.19444274902344,3494781
2004-10-22,91.19444274902344,91.19444274902344,91.19444274902344,91.19444274902344,0
2004-10-25,91.63333129882812,92.97777557373047,90.27777862548828,92.2611083984375,3756123
2004-10-26,92.77777862548828,92.77777862548828,88.33333587646484,89.36666870117188,6624243
2004-10-27,89.97777557373047,90.93888854980469,87.81666564941406,88.39444732666016,2209455
2004-10-28,88.86111450195312,91.27777862548828,88.66666412353516,90.03888702392578,2533563
2004-10-29,90.82777404785156,92.83333587646484,89.44444274902344,92.25,1919115
2004-11-01,91.88888549804688,92.92778015136719,90.66666412353516,92.6611099243164,1451277
2004-11-02,93.31666564941406,93.31666564941406,90.69999694824219,91.18333435058594,2193867
2004-11-03,91.33333587646484,92.44444274902344,91.22222137451172,92.35555267333984,1437201
2004-11-04,92.33333587646484,92.75555419921875,91.33333587646484,91.6722183227539,808785
2004-11-05,91.88888549804688,94.11111450195312,91.66666412353516,93.57777404785156,1446516
2004-11-08,93.66666412353516,95.55555725097656,93.33333587646484,94.6500015258789,2178225
2004-11-09,94.0,95.33333587646484,93.36111450195312,94.90555572509766,2133243
2004-11-10,95.55555725097656,95.55555725097656,93.8388900756836,94.69444274902344,1441665
2004-11-11,95.11111450195312,95.55555725097656,93.33333587646484,95.05000305175781,1918665
2004-11-12,95.54444122314453,96.55555725097656,95.11111450195312,95.37222290039062,483309
2004-11-15,95.37222290039062,95.37222290039062,95.37222290039062,95.37222290039062,0
2004-11-16,95.44444274902344,96.93888854980469,94.9111099243164,95.4222183227539,2734119
2004-11-17,93.44999694824219,96.33333587646484,93.44999694824219,94.27777862548828,1463562
2004-11-18,95.11111450195312,96.11111450195312,94.33333587646484,95.6722183227539,957429
2004-11-19,96.31666564941406,96.31666564941406,93.77777862548828,94.28888702392578,1186299
2004-11-22,95.52222442626953,95.52222442626953,92.37222290039062,94.03888702392578,468135
2004-11-23,94.44444274902344,94.99444580078125,93.12222290039062,94.52222442626953,1165887
2004-11-24,94.92778015136719,96.03333282470703,93.89444732666016,95.6500015258789,1392147
2004-11-25,95.66666412353516,97.55555725097656,95.22222137451172,97.26666259765625,2408823
2004-11-26,97.26666259765625,97.26666259765625,97.26666259765625,97.26666259765625,0
2004-11-29,96.66666412353516,98.55555725097656,94.88888549804688,97.86111450195312,2351727
2004-11-30,98.44444274902344,101.52222442626953,96.77777862548828,100.43333435058594,4653045
2004-12-01,100.02222442626953,104.0999984741211,98.90555572509766,102.5,6529176
2004-12-02,102.22222137451172,109.33333587646484,102.22222137451172,106.00555419921875,9026739
2004-12-03,106.13888549804688,111.65555572509766,106.13888549804688,110.81666564941406,14227704
2004-12-06,111.11111450195312,112.21111297607422,105.56111145019531,106.46666717529297,5617305
2004-12-07,108.87777709960938,108.87777709960938,100.7388916015625,101.70555877685547,5125581
2004-12-08,102.22222137451172,105.11111450195312,101.14444732666016,101.52777862548828,4299543
2004-12-09,102.4222183227539,103.77777862548828,100.0,100.55000305175781,4436883
2004-12-10,101.75555419921875,102.78888702392578,100.11111450195312,100.68333435058594,3845745
2004-12-13,101.11111450195312,102.22222137451172,100.68333435058594,100.90555572509766,2593881
2004-12-14,101.11111450195312,102.0,100.79444122314453,101.11111450195312,2209005
2004-12-15,102.0999984741211,107.11111450195312,101.11111450195312,104.98332977294922,6437583
2004-12-16,105.33333587646484,110.6611099243164,105.33333587646484,110.03333282470703,10943955
2004-12-17,110.0,110.55555725097656,103.46666717529297,104.53888702392578,6157368
2004-12-20,106.11111450195312,110.0,104.44444274902344,108.86666870117188,6500070
2004-12-21,110.44444274902344,110.44444274902344,106.55555725097656,108.76666259765625,5978223
2004-12-22,109.44444274902344,109.55555725097656,106.66666412353516,108.18333435058594,3562443
2004-12-23,109.31111145019531,109.43888854980469,108.11111450195312,108.9222183227539,1659132
2004-12-24,109.43333435058594,111.0,108.11666870117188,108.64444732666016,3192813
2004-12-27,108.33333587646484,110.66666412353516,108.0,110.1722183227539,2766798
2004-12-28,109.11111450195312,112.22222137451172,109.11111450195312,111.57777404785156,3724371
2004-12-29,111.55555725097656,113.44444274902344,109.44444274902344,109.88888549804688,2259225
2004-12-30,110.43888854980469,111.11111450195312,107.44444274902344,110.06111145019531,3131127
2004-12-31,110.11111450195312,111.08333587646484,108.88888549804688,109.39444732666016,1213101
2005-01-03,111.0,111.0,107.29444122314453,108.53333282470703,3338964
2005-01-04,108.88888549804688,109.88888549804688,108.0,108.24444580078125,1394550
2005-01-05,108.33333587646484,110.44444274902344,105.19999694824219,106.58333587646484,3575070
2005-01-06,106.65555572509766,106.66666412353516,104.05555725097656,104.43888854980469,1900755
2005-01-07,104.55555725097656,108.88888549804688,104.55555725097656,108.27777862548828,2619549
2005-01-10,108.44444274902344,109.98332977294922,107.80000305175781,108.07777404785156,1226736
2005-01-11,107.77777862548828,108.77777862548828,104.16666412353516,104.33333587646484,2063367
2005-01-12,104.44444274902344,106.77777862548828,100.5888900756836,102.53888702392578,2825109
2005-01-13,103.33333587646484,103.88888549804688,101.0999984741211,102.14444732666016,3798585
2005-01-14,100.69444274902344,103.33333587646484,100.56666564941406,100.96666717529297,2631141
2005-01-17,101.87222290039062,102.54444122314453,100.66666412353516,102.11666870117188,2853747
2005-01-18,102.33333587646484,102.62222290039062,100.93333435058594,102.26666259765625,3880170
2005-01-19,102.34444427490234,103.58333587646484,102.0,102.89444732666016,1309365
2005-01-20,102.77777862548828,106.33333587646484,101.11111450195312,105.85555267333984,1862631
2005-01-24,107.11111450195312,107.11111450195312,101.16666412353516,101.84444427490234,2969343
2005-01-25,102.22222137451172,102.66666412353516,100.17778015136719,101.04444122314453,2442420
2005-01-27,98.88888549804688,102.5,98.88888549804688,101.4111099243164,3166470
2005-01-28,102.21111297607422,109.37222290039062,101.79444122314453,107.25555419921875,4851018
2005-01-31,107.77777862548828,112.22222137451172,107.31666564941406,111.69444274902344,6053967
2005-02-01,111.66666412353516,111.66666412353516,107.87777709960938,109.77777862548828,3283065
2005-02-02,109.38888549804688,111.11111450195312,108.33333587646484,108.81111145019531,1363923
2005-02-03,108.88888549804688,112.11111450195312,108.88888549804688,109.9888916015625,3577221
2005-02-04,110.44444274902344,111.22222137451172,108.00555419921875,110.05000305175781,3479823
2005-02-07,110.22222137451172,110.75555419921875,108.12777709960938,108.68888854980469,993771
2005-02-08,108.66666412353516,108.66666412353516,106.90555572509766,107.47222137451172,3235212
2005-02-09,107.8388900756836,111.33333587646484,107.55555725097656,110.71666717529297,3320739
2005-02-10,110.55555725097656,111.10555267333984,109.44999694824219,110.82777404785156,1441575
2005-02-11,111.0999984741211,111.66666412353516,110.33333587646484,110.56111145019531,2235267
2005-02-14,114.9888916015625,114.9888916015625,110.25,111.26666259765625,1989387
2005-02-15,111.65555572509766,115.0,109.44444274902344,111.47222137451172,4917447
2005-02-16,112.22777557373047,114.30000305175781,111.78888702392578,112.56666564941406,2766033
2005-02-17,112.22222137451172,113.88888549804688,111.25,113.40555572509766,3490200
2005-02-18,113.88888549804688,115.16666412353516,113.13888549804688,113.91666412353516,2147148
2005-02-21,112.33333587646484,114.88888549804688,112.22222137451172,113.30555725097656,1631817
2005-02-22,113.82221984863281,119.43888854980469,112.77777862548828,118.63333129882812,6581520
2005-02-23,118.88888549804688,122.6611099243164,117.33333587646484,121.14444732666016,5887440
2005-02-24,121.63333129882812,121.64444732666016,117.11111450195312,117.75,2883618
2005-02-25,118.33333587646484,121.30000305175781,116.88888549804688,120.2611083984375,3166713
2005-02-28,120.0,124.88888549804688,119.78888702392578,120.91666412353516,5251608
2005-03-01,124.9888916015625,127.75,120.55555725097656,126.2611083984375,6088347
2005-03-02,127.55555725097656,127.55555725097656,123.18333435058594,123.75555419921875,3720744
2005-03-03,124.44444274902344,126.21111297607422,121.9000015258789,122.40555572509766,2851056
2005-03-04,123.77777862548828,125.66666412353516,123.0,124.17778015136719,3552399
2005-03-07,125.88888549804688,126.0,121.25,122.13333129882812,2184084
2005-03-08,122.77777862548828,124.66666412353516,121.66666412353516,123.04444122314453,2559177
2005-03-09,123.9000015258789,124.21666717529297,121.22222137451172,121.93888854980469,1541970
2005-03-10,122.22222137451172,122.66666412353516,120.55555725097656,121.21111297607422,1305063
2005-03-11,122.20555877685547,122.22222137451172,121.11111450195312,121.53888702392578,1196352
2005-03-14,121.11111450195312,123.33333587646484,121.11111450195312,121.8388900756836,1162125
2005-03-15,122.69444274902344,122.69444274902344,118.36666870117188,120.68333435058594,1418733
2005-03-16,122.22222137451172,123.33333587646484,117.77777862548828,118.32777404785156,2399490
2005-03-17,121.11111450195312,121.11111450195312,115.9000015258789,116.56111145019531,1357668
2005-03-18,114.50555419921875,117.0999984741211,114.16666412353516,114.74444580078125,2438253
2005-03-21,114.67778015136719,116.33333587646484,113.33333587646484,113.68333435058594,1328499
2005-03-22,114.18888854980469,114.88888549804688,111.22222137451172,112.0111083984375,1336509
2005-03-23,111.77777862548828,113.55555725097656,108.88888549804688,109.45555877685547,2464587
2005-03-24,110.0,111.87777709960938,107.25,107.95555877685547,2517966
2005-03-28,114.11111450195312,114.11111450195312,108.88888549804688,111.78333282470703,1231416
2005-03-29,111.77777862548828,112.77777862548828,108.22222137451172,109.11111450195312,2358459
2005-03-30,110.11111450195312,111.11111450195312,107.55555725097656,108.73332977294922,1680957
2005-03-31,110.04444122314453,111.88888549804688,108.68888854980469,111.05555725097656,2288421
2005-04-01,111.4222183227539,113.88888549804688,109.44444274902344,113.45555877685547,1660797
2005-04-04,113.33333587646484,116.20555877685547,112.22222137451172,114.9111099243164,1750896
2005-04-05,115.87777709960938,116.43333435058594,113.44444274902344,114.20555877685547,1988487
2005-04-06,114.65555572509766,117.22222137451172,113.44999694824219,113.88888549804688,2365677
2005-04-07,116.66666412353516,116.66666412353516,110.55555725097656,111.53333282470703,2419137
2005-04-08,112.5,112.5,108.33333587646484,109.28333282470703,3147795
2005-04-11,109.66666412353516,110.31111145019531,105.57221984863281,106.39444732666016,3226464
2005-04-12,107.2611083984375,108.11111450195312,106.0,107.55555725097656,2161359
2005-04-13,108.23332977294922,109.33333587646484,106.87222290039062,107.29444122314453,1998720
2005-04-15,107.22222137451172,108.57777404785156,104.34444427490234,105.80000305175781,2701530
2005-04-18,105.22222137451172,108.33333587646484,103.12777709960938,106.81111145019531,2978091
2005-04-19,108.18888854980469,109.9888916015625,103.22222137451172,104.66666412353516,2778354
2005-04-20,107.21111297607422,107.21111297607422,104.06111145019531,105.62777709960938,1995633
2005-04-21,108.88888549804688,108.88888549804688,104.66666412353516,108.11111450195312,1769472
2005-04-22,110.27777862548828,110.88888549804688,108.11111450195312,110.27222442626953,1422558
2005-04-25,111.07777404785156,111.07777404785156,102.22222137451172,110.57777404785156,1110996
2005-04-26,110.77777862548828,110.77777862548828,107.44999694824219,108.4000015258789,1578690
2005-04-27,110.0,110.0,106.77777862548828,107.53333282470703,942381
2005-04-28,109.0,109.0,107.66666412353516,107.91666412353516,762453
2005-04-29,109.31111145019531,109.31111145019531,106.88888549804688,107.4000015258789,967383
2005-05-02,108.63333129882812,108.63333129882812,106.88888549804688,107.5888900756836,506826
2005-05-03,108.32221984863281,108.88888549804688,107.0,107.72222137451172,396270
2005-05-04,107.76666259765625,111.05555725097656,107.75555419921875,110.76666259765625,1557720
2005-05-05,110.79444122314453,116.0,110.33333587646484,114.76666259765625,2923506
2005-05-06,113.32221984863281,115.21111297607422,111.55555725097656,112.40555572509766,1920438
2005-05-09,113.22222137451172,114.43333435058594,111.0,113.63333129882812,2325069
2005-05-10,114.33333587646484,114.33333587646484,112.11111450195312,112.94999694824219,2098827
2005-05-11,112.22222137451172,112.88888549804688,111.05555725097656,111.32221984863281,2537415
2005-05-12,111.66666412353516,113.34444427490234,111.44444274902344,112.77777862548828,856908
2005-05-13,112.44444274902344,113.88888549804688,111.68333435058594,113.45555877685547,950436
2005-05-16,113.33333587646484,115.77777862548828,113.33333587646484,114.54444122314453,1212354
2005-05-17,115.27777862548828,115.55555725097656,113.44444274902344,114.02222442626953,1291545
2005-05-18,113.0,115.44444274902344,112.56111145019531,114.5111083984375,1338984
2005-05-19,115.19999694824219,117.04444122314453,114.22222137451172,116.01666259765625,3558321
2005-05-20,116.88888549804688,120.77222442626953,116.33333587646484,119.66666412353516,3076425
2005-05-23,119.44444274902344,123.11111450195312,118.9000015258789,120.10555267333984,2250126
2005-05-24,121.10555267333984,121.54444122314453,118.9222183227539,120.11111450195312,1266948
2005-05-25,120.54444122314453,120.55555725097656,119.03333282470703,119.96111297607422,998622
2005-05-26,120.22222137451172,123.55555725097656,120.22222137451172,122.77222442626953,3404466
2005-05-27,124.66666412353516,126.0999984741211,120.61666870117188,121.7388916015625,3807153
2005-05-30,120.44444274902344,122.19444274902344,117.0,117.57221984863281,3343500
2005-05-31,116.68333435058594,119.1611099243164,114.83333587646484,116.44444274902344,4203567
2005-06-01,116.6500015258789,117.6611099243164,114.33333587646484,116.80000305175781,1210977
2005-06-02,117.71111297607422,121.61111450195312,117.22222137451172,120.46666717529297,2861487
2005-06-03,120.0,124.33333587646484,119.44444274902344,123.62777709960938,3543228
2005-06-06,122.11111450195312,124.22222137451172,121.67778015136719,122.28888702392578,2453643
2005-06-07,123.31666564941406,123.95555877685547,122.33333587646484,123.02777862548828,1394739
2005-06-08,123.44444274902344,124.44444274902344,122.22222137451172,122.75555419921875,906372
2005-06-09,122.88888549804688,127.77777862548828,122.88888549804688,126.0,5766993
2005-06-10,124.77777862548828,126.66666412353516,122.22222137451172,122.3388900756836,2470374
2005-06-13,122.9888916015625,128.3333282470703,122.2388916015625,127.7611083984375,3212190
2005-06-14,127.73332977294922,128.22222900390625,125.35555267333984,126.78888702392578,3768327
2005-06-15,126.78888702392578,127.77777862548828,125.77777862548828,126.8499984741211,1699578
2005-06-16,126.28333282470703,127.0,124.41666412353516,125.19444274902344,1341738
2005-06-17,126.09444427490234,127.44444274902344,122.55555725097656,123.92778015136719,2667564
2005-06-20,124.44444274902344,126.04444122314453,122.22222137451172,122.26666259765625,1452222
2005-06-21,122.43333435058594,124.55555725097656,122.28888702392578,122.65555572509766,1416465
2005-06-22,123.22222137451172,126.66666412353516,123.0,126.07221984863281,3412197
2005-06-23,125.88888549804688,126.11111450195312,123.22222137451172,124.07777404785156,2725830
2005-06-24,124.11666870117188,127.11111450195312,122.32221984863281,126.31111145019531,2776968
2005-06-27,125.11111450195312,130.11111450195312,123.77777862548828,127.56666564941406,6784875
2005-06-28,126.66666412353516,127.55555725097656,123.66666412353516,124.87222290039062,2323620
2005-06-29,125.77222442626953,127.07777404785156,123.91666412353516,126.20555877685547,1310517
2005-06-30,127.11111450195312,127.77777862548828,125.33333587646484,125.80555725097656,1514160
2005-07-01,125.78888702392578,132.44444274902344,125.78888702392578,131.42222595214844,4668354
2005-07-04,131.11111450195312,131.11111450195312,129.5611114501953,129.96665954589844,2294316
2005-07-05,129.88888549804688,132.22222900390625,129.6777801513672,131.5,2409840
2005-07-06,128.88888549804688,134.55555725097656,128.88888549804688,133.99444580078125,2161764
2005-07-07,133.88888549804688,136.11111450195312,131.44444274902344,133.26666259765625,3018051
2005-07-08,133.33888244628906,137.11111450195312,133.0,136.05555725097656,1658862
2005-07-11,135.6666717529297,138.88888549804688,135.13333129882812,138.55555725097656,2123262
2005-07-12,137.77777099609375,140.54444885253906,133.3333282470703,138.94444274902344,2316141
2005-07-13,137.92222595214844,140.9388885498047,136.55555725097656,140.36111450195312,1809306
2005-07-14,140.44444274902344,140.44444274902344,137.22222900390625,137.72222900390625,1522683
2005-07-15,138.3333282470703,140.54444885253906,137.77777099609375,140.13333129882812,875844
2005-07-18,140.44444274902344,144.44444274902344,139.55555725097656,143.21665954589844,2131200
2005-07-19,142.77777099609375,144.22222900390625,141.80555725097656,143.11111450195312,2374632
2005-07-20,143.3333282470703,145.38888549804688,142.44444274902344,143.95555114746094,1769733
2005-07-21,144.00555419921875,144.77777099609375,138.3333282470703,138.64999389648438,1138833
2005-07-22,139.86666870117188,141.04444885253906,138.67222595214844,139.6999969482422,1411434
2005-07-25,140.22222900390625,140.22222900390625,136.25,138.1777801513672,3519738
2005-07-26,138.3222198486328,138.3222198486328,136.15554809570312,136.82777404785156,1754244
2005-07-27,137.22222900390625,137.22222900390625,135.55555725097656,136.5500030517578,534636
2005-07-28,136.5500030517578,136.5500030517578,136.5500030517578,136.5500030517578,0
2005-07-29,136.6666717529297,142.44444274902344,136.22222900390625,140.88888549804688,4967784
2005-08-01,141.11111450195312,141.55555725097656,138.12222290039062,139.08888244628906,880920
2005-08-02,140.0,142.22222900390625,137.89999389648438,138.77777099609375,1084554
2005-08-03,139.45555114746094,145.0,138.88888549804688,143.48333740234375,2414646
2005-08-04,143.30555725097656,152.6666717529297,143.30555725097656,151.477783203125,3518937
2005-08-05,151.6666717529297,152.22222900390625,147.22222900390625,148.21665954589844,2275614
2005-08-08,149.522216796875,149.522216796875,142.0388946533203,145.66111755371094,2246679
2005-08-09,145.66111755371094,147.77777099609375,144.55555725097656,147.272216796875,1402038
2005-08-10,147.22222900390625,149.38888549804688,146.6666717529297,147.11111450195312,1617408
2005-08-11,147.6666717529297,150.3333282470703,146.77777099609375,149.5944366455078,1575297
2005-08-12,148.77777099609375,148.77777099609375,146.11111450195312,146.96665954589844,911313
2005-08-16,148.3111114501953,149.3333282470703,145.6666717529297,147.49444580078125,1091430
2005-08-17,147.22222900390625,147.76666259765625,144.88888549804688,146.2611083984375,2155059
2005-08-18,148.0,153.3222198486328,145.55555725097656,146.14999389648438,2014803
2005-08-19,146.6666717529297,148.77777099609375,146.6666717529297,148.08888244628906,1062567
2005-08-22,149.43333435058594,151.42222595214844,146.7888946533203,147.23333740234375,1279944
2005-08-23,148.11111450195312,148.64999389648438,141.12222290039062,141.90554809570312,1697850
2005-08-24,141.88888549804688,144.77777099609375,141.6666717529297,143.37777709960938,2983905
2005-08-25,143.6666717529297,149.3333282470703,143.3333282470703,147.4611053466797,2144169
2005-08-26,147.77777099609375,148.6666717529297,136.65554809570312,147.38888549804688,1643355
2005-08-29,148.6666717529297,149.44444274902344,146.6666717529297,148.03334045410156,1718964
2005-08-30,149.43333435058594,152.43333435058594,147.77777099609375,149.1777801513672,2232072
2005-08-31,148.3333282470703,149.11111450195312,146.0,148.23333740234375,1761813
2005-09-01,148.77777099609375,150.22222900390625,147.6666717529297,148.522216796875,2692566
2005-09-02,148.6666717529297,149.44444274902344,145.40554809570312,145.81666564941406,3258117
2005-09-05,147.63333129882812,148.27777099609375,146.0111083984375,147.35556030273438,1121103
2005-09-06,147.55555725097656,148.10000610351562,144.61111450195312,145.76666259765625,798498
2005-09-08,146.6666717529297,148.07777404785156,145.6666717529297,147.5833282470703,1425843
2005-09-09,147.77777099609375,149.88888549804688,147.22222900390625,148.52777099609375,1648179
2005-09-12,148.52777099609375,150.54444885253906,147.0,147.90554809570312,1395963
2005-09-13,148.88888549804688,148.88888549804688,146.28334045410156,147.10000610351562,1764405
2005-09-14,148.88888549804688,148.88888549804688,146.1666717529297,146.8000030517578,902043
2005-09-15,147.21665954589844,147.22222900390625,146.11666870117188,146.727783203125,1030302
2005-09-16,147.22222900390625,151.6666717529297,147.0,151.14999389648438,2419299
2005-09-19,151.6666717529297,155.55555725097656,151.6666717529297,153.4611053466797,1195407
2005-09-20,154.44444274902344,158.0,153.3333282470703,156.4499969482422,2494035
2005-09-21,156.11111450195312,156.44444274902344,152.8000030517578,155.28334045410156,2145771
2005-09-22,155.88888549804688,158.3333282470703,149.68333435058594,152.11666870117188,2304207
2005-09-23,154.38333129882812,155.4888916015625,149.6666717529297,152.52777099609375,1974699
2005-09-26,155.0,159.3222198486328,153.27777099609375,157.772216796875,1769949
2005-09-27,159.22222900390625,161.10556030273438,157.78334045410156,160.2611083984375,1764909
2005-09-28,161.11111450195312,165.51666259765625,159.11111450195312,163.97222900390625,1641546
2005-09-29,161.3444366455078,175.1999969482422,161.3444366455078,171.52777099609375,5385123
2005-09-30,177.6666717529297,177.6666717529297,167.77777099609375,168.772216796875,2342493
2005-10-03,168.77777099609375,171.38888549804688,168.77777099609375,169.24444580078125,1175652
2005-10-04,169.24444580078125,175.0,169.24444580078125,171.00555419921875,2360655
2005-10-05,172.04444885253906,173.11111450195312,170.0,171.10000610351562,1677240
2005-10-06,170.88888549804688,170.88888549804688,167.0,168.24444580078125,1355850
2005-10-07,168.0,169.0,163.77777099609375,166.3333282470703,2078055
2005-10-10,168.22222900390625,168.3333282470703,164.11666870117188,165.10556030273438,1266723
2005-10-11,165.77777099609375,166.64443969726562,163.88888549804688,165.91111755371094,796995
2005-10-13,165.55555725097656,165.89999389648438,163.55555725097656,164.2388916015625,1163880
2005-10-14,164.44444274902344,164.44444274902344,156.11111450195312,157.37777709960938,2742822
2005-10-17,156.88888549804688,158.88888549804688,154.23333740234375,156.4888916015625,2054088
2005-10-18,157.3333282470703,162.0,156.227783203125,159.0722198486328,2449341
2005-10-19,158.77777099609375,158.88888549804688,152.90554809570312,153.4888916015625,1650420
2005-10-20,157.0,157.6666717529297,144.22222900390625,150.07777404785156,3079647
2005-10-21,149.44444274902344,151.88888549804688,145.0,147.38333129882812,2323008
2005-10-24,149.44444274902344,150.0,142.86666870117188,144.40554809570312,1903257
2005-10-25,145.55555725097656,151.11111450195312,145.55555725097656,149.60556030273438,2247777
2005-10-26,150.44444274902344,152.11111450195312,148.94444274902344,150.87777709960938,1024470
2005-10-27,150.77777099609375,154.22222900390625,148.44444274902344,149.87777709960938,2872152
2005-10-28,151.11111450195312,152.21665954589844,147.11111450195312,149.37777709960938,4160844
2005-10-31,149.96665954589844,158.88888549804688,147.22222900390625,155.4166717529297,2421702
2005-11-02,158.85556030273438,168.3333282470703,156.6666717529297,167.52777099609375,3280086
2005-11-04,167.52777099609375,167.52777099609375,167.52777099609375,167.52777099609375,0
2005-11-07,157.77777099609375,168.88888549804688,157.77777099609375,168.6999969482422,2464587
2005-11-08,168.3333282470703,172.22222900390625,167.227783203125,171.78334045410156,4463991
2005-11-09,172.11111450195312,173.87777709960938,167.90554809570312,171.2111053466797,2594952
2005-11-10,169.55555725097656,171.6666717529297,168.88888549804688,170.4499969482422,1749753
2005-11-11,170.55555725097656,177.63888549804688,169.17222595214844,175.0388946533203,4775409
2005-11-14,176.0,176.44444274902344,170.77777099609375,172.37777709960938,1555038
2005-11-16,173.0,175.0,171.55555725097656,173.727783203125,1117719
2005-11-17,174.04444885253906,175.6666717529297,172.3333282470703,174.55555725097656,1175076
2005-11-18,174.55555725097656,176.63333129882812,172.00555419921875,173.29444885253906,1240479
2005-11-21,174.3333282470703,174.44444274902344,169.0,172.1888885498047,1231830
2005-11-22,173.3333282470703,177.65554809570312,171.22222900390625,174.522216796875,2606121
2005-11-23,174.94444274902344,176.5833282470703,173.55555725097656,176.18333435058594,1977795
2005-11-24,176.22222900390625,178.7111053466797,175.88888549804688,177.65554809570312,2492595
2005-11-25,177.91111755371094,183.3333282470703,176.55555725097656,182.13333129882812,2990412
2005-11-28,188.3333282470703,194.3111114501953,188.3333282470703,190.35556030273438,3591531
2005-11-29,190.44444274902344,192.22222900390625,183.68333435058594,190.3111114501953,3077793
2005-11-30,191.6666717529297,196.977783203125,186.11111450195312,187.2388916015625,4127913
2005-12-01,188.86666870117188,198.71665954589844,188.44444274902344,196.13888549804688,6611994
2005-12-02,196.6666717529297,201.11111450195312,194.44444274902344,196.022216796875,4697640
2005-12-05,197.55555725097656,197.77777099609375,190.01666259765625,191.06666564941406,1676187
2005-12-06,192.98333740234375,195.44444274902344,190.88888549804688,192.23333740234375,1917504
2005-12-07,193.22222900390625,195.38888549804688,188.4611053466797,190.42222595214844,2099466
2005-12-08,192.18333435058594,192.18333435058594,185.0,188.03334045410156,3219570
2005-12-09,188.0,190.88888549804688,187.77777099609375,189.60556030273438,1503972
2005-12-12,190.0,195.57777404785156,190.0,194.022216796875,2948346
2005-12-13,194.44444274902344,198.0500030517578,189.88888549804688,197.02777099609375,5536782
2005-12-14,194.68333435058594,199.6666717529297,190.91111755371094,192.1999969482422,2565279
2005-12-15,193.75555419921875,195.49444580078125,192.22222900390625,192.79444885253906,1240488
2005-12-16,193.87777709960938,194.3000030517578,188.6666717529297,190.01666259765625,2886129
2005-12-19,193.3333282470703,197.11111450195312,190.6666717529297,192.14999389648438,3755862
2005-12-20,193.11111450195312,195.22222900390625,192.3444366455078,194.2611083984375,1522449
2005-12-21,194.88888549804688,195.77777099609375,193.3333282470703,194.8333282470703,1479672
2005-12-22,195.11111450195312,195.3222198486328,191.6666717529297,192.5,1131354
2005-12-23,194.41111755371094,195.54444885253906,193.11111450195312,194.63333129882812,1316691
2005-12-26,193.11111450195312,195.55555725097656,190.3333282470703,194.58888244628906,1278063
2005-12-27,194.6888885498047,199.77777099609375,194.6777801513672,199.022216796875,2169027
2005-12-28,199.44444274902344,199.9888916015625,196.8000030517578,197.65554809570312,1292166
2005-12-29,198.22222900390625,202.31666564941406,197.22222900390625,200.9888916015625,2536722
2005-12-30,200.53334045410156,205.55555725097656,198.55555725097656,205.01666259765625,2529306
2006-01-02,205.55555725097656,206.42222595214844,202.3333282470703,202.85000610351562,980442
2006-01-03,203.88888549804688,204.9888916015625,202.72222900390625,203.56666564941406,1052703
2006-01-04,203.88888549804688,207.22222900390625,203.88888549804688,205.72222900390625,1227186
2006-01-05,205.72222900390625,208.87222290039062,204.88888549804688,205.5,1992978
2006-01-06,205.477783203125,206.22222900390625,201.3333282470703,204.53334045410156,4256775
2006-01-09,205.69444274902344,207.11111450195312,201.6666717529297,203.11666870117188,1990971
2006-01-10,202.75555419921875,204.44444274902344,198.88888549804688,200.30555725097656,1483389
2006-01-12,200.65554809570312,202.22222900390625,189.0,198.43333435058594,2792349
2006-01-13,199.77777099609375,202.22222900390625,198.3333282470703,200.6999969482422,1395351
2006-01-16,200.3333282470703,206.07777404785156,200.3333282470703,205.06666564941406,1428354
2006-01-17,205.06666564941406,208.3333282470703,203.3333282470703,206.36111450195312,2147895
2006-01-18,203.3333282470703,208.88888549804688,200.88888549804688,203.61111450195312,2003256
2006-01-19,204.3000030517578,212.53334045410156,202.44444274902344,211.46665954589844,5931486
2006-01-20,212.77777099609375,213.88888549804688,206.88888549804688,207.66111755371094,4162005
2006-01-23,208.74444580078125,212.77777099609375,206.12777709960938,207.3333282470703,3872628
2006-01-24,209.22222900390625,216.93333435058594,208.11111450195312,215.71665954589844,4105872
2006-01-25,216.93333435058594,228.88888549804688,216.11111450195312,226.9277801513672,7801650
2006-01-27,228.88888549804688,239.55555725097656,228.88888549804688,237.27777099609375,5805981
2006-01-30,239.55555725097656,257.1111145019531,231.11111450195312,233.977783203125,2825334
2006-01-31,235.0,246.10000610351562,233.4611053466797,241.3444366455078,2633769
2006-02-01,242.22222900390625,265.0,242.22222900390625,253.6999969482422,13482810
2006-02-02,246.10000610351562,258.5555419921875,246.10000610351562,247.85000610351562,5144769
2006-02-03,247.77777099609375,250.07777404785156,241.2388916015625,244.7388916015625,4757499
2006-02-06,246.07777404785156,257.6666564941406,244.44444274902344,250.70555114746094,6094701
2006-02-07,251.11111450195312,253.88888549804688,249.39999389648438,252.9277801513672,3301182
2006-02-08,252.77777099609375,253.3333282470703,242.6666717529297,244.92222595214844,5376609
2006-02-10,249.74444580078125,257.77777099609375,247.22222900390625,256.8722229003906,7431237
2006-02-13,257.77777099609375,280.0,256.1111145019531,277.6333312988281,10589409
2006-02-14,278.8888854980469,278.8888854980469,263.8888854980469,266.772216796875,7804539
2006-02-15,269.77777099609375,275.0,257.477783203125,263.1222229003906,7527303
2006-02-16,266.6666564941406,268.0944519042969,258.3611145019531,259.53887939453125,4140531
2006-02-17,262.1111145019531,263.31109619140625,251.6666717529297,254.15554809570312,5914350
2006-02-20,256.0888977050781,256.1111145019531,246.11111450195312,249.9888916015625,4932756
2006-02-21,251.60556030273438,261.6666564941406,250.55555725097656,259.522216796875,6702453
2006-02-22,258.6333312988281,268.8888854980469,253.88888549804688,255.91111755371094,8063802
2006-02-23,260.5333251953125,262.9666748046875,253.88888549804688,255.2888946533203,4696380
2006-02-24,263.1055603027344,263.1055603027344,255.56666564941406,260.4388732910156,4380156
2006-02-27,261.6666564941406,265.4888916015625,259.4444580078125,263.5777893066406,5346702
2006-02-28,265.4888916015625,270.8888854980469,261.727783203125,266.3277893066406,8323713
2006-03-01,268.3333435058594,275.3777770996094,267.22222900390625,272.1722106933594,5453901
2006-03-02,274.4444580078125,283.22222900390625,273.3444519042969,274.8055419921875,7698447
2006-03-03,275.22222900390625,278.77777099609375,266.8055419921875,267.7166748046875,5839074
2006-03-06,274.2166748046875,274.22222900390625,266.6666564941406,268.24444580078125,4177404
2006-03-07,268.22222900390625,280.5555419921875,268.22222900390625,277.75,6144741
2006-03-08,280.5555419921875,283.8555603027344,269.47222900390625,271.0,8067357
2006-03-09,271.0,273.8666687011719,264.6833190917969,271.6888732910156,5047614
2006-03-10,275.22222900390625,281.1111145019531,272.3333435058594,279.6055603027344,4112802
2006-03-13,279.4444580078125,286.1000061035156,279.4444580078125,281.8388977050781,4429467
2006-03-14,283.3333435058594,284.22222900390625,278.22222900390625,282.46112060546875,3305268
2006-03-16,283.3333435058594,290.5555419921875,276.29443359375,278.4166564941406,5297247
2006-03-17,279.1222229003906,283.3333435058594,272.77777099609375,274.1944580078125,3931596
2006-03-20,277.77777099609375,277.77777099609375,269.5555419921875,271.8833312988281,3571263
2006-03-21,275.3333435058594,279.4444580078125,271.6666564941406,273.6666564941406,5416173
2006-03-22,273.4444580078125,274.4444580078125,263.8888854980469,265.3555603027344,4736079
2006-03-23,272.0,272.0,264.8444519042969,266.8055419921875,3224529
2006-03-24,267.77777099609375,273.0777893066406,266.1111145019531,271.8333435058594,2938401
2006-03-27,276.5555419921875,276.5555419921875,271.8333435058594,273.3722229003906,2051334
2006-03-28,274.0,275.0,266.6666564941406,268.9277648925781,2990763
2006-03-29,269.1111145019531,271.1111145019531,266.1222229003906,268.29443359375,2801025
2006-03-30,270.4444580078125,278.3444519042969,266.95001220703125,275.04443359375,2630673
2006-03-31,269.3833312988281,275.522216796875,268.5722351074219,270.29998779296875,2954754
2006-04-03,273.1888732910156,278.8888854980469,270.5555419921875,277.5111083984375,3542121
2006-04-04,277.77777099609375,286.6555480957031,277.77777099609375,281.6111145019531,3491199
2006-04-05,283.3333435058594,294.3333435058594,281.4444580078125,293.53887939453125,7346763
2006-04-07,294.4444580078125,305.0,281.1111145019531,293.31109619140625,8382015
2006-04-10,294.1111145019531,297.22222900390625,290.0,295.00555419921875,3687309
2006-04-12,296.6666564941406,297.1611022949219,281.6944580078125,284.1555480957031,4843188
2006-04-13,285.522216796875,286.6166687011719,269.22222900390625,276.98333740234375,5269707
2006-04-17,279.5555419921875,284.3055419921875,276.6666564941406,282.1055603027344,2126412
2006-04-18,284.3055419921875,294.3333435058594,284.22222900390625,292.6333312988281,5472099
2006-04-19,293.77777099609375,295.6111145019531,286.77777099609375,294.1944580078125,2427939
2006-04-20,294.8888854980469,296.6555480957031,291.1333312988281,294.8166809082031,1847349
2006-04-21,291.1111145019531,302.77777099609375,291.1111145019531,300.6499938964844,3340908
2006-04-24,302.77777099609375,309.8611145019531,297.77777099609375,306.99444580078125,3675177
2006-04-25,307.5555419921875,307.5555419921875,297.77777099609375,298.73333740234375,2300427
2006-04-26,297.77777099609375,300.4444580078125,292.8888854980469,295.6000061035156,4652163
2006-04-27,298.3333435058594,304.6444396972656,297.77777099609375,301.227783203125,2485260
2006-04-28,294.6166687011719,304.26666259765625,272.77777099609375,299.4222106933594,2963511
2006-05-02,302.77777099609375,308.0,300.5888977050781,302.76666259765625,1778922
2006-05-03,304.4111022949219,306.4111022949219,295.4444580078125,298.5111083984375,1954098
2006-05-04,299.77777099609375,303.22222900390625,291.8999938964844,293.1166687011719,2826324
2006-05-05,294.4444580078125,305.26666259765625,294.4444580078125,303.77777099609375,3150018
2006-05-08,305.22222900390625,306.1000061035156,299.4444580078125,302.1722106933594,1617696
2006-05-09,304.6666564941406,310.9888916015625,300.8888854980469,308.6499938964844,3167604
2006-05-10,308.8888854980469,315.0,308.8888854980469,312.6666564941406,2545785
2006-05-11,308.8888854980469,313.21112060546875,304.0666809082031,307.1277770996094,932733
2006-05-12,305.3333435058594,323.22222900390625,301.2833251953125,315.29443359375,4718160
2006-05-15,311.1111145019531,315.5555419921875,296.1111145019531,300.70001220703125,3475575
2006-05-16,303.1888732910156,303.1888732910156,275.5555419921875,292.4166564941406,5198166
2006-05-17,299.99444580078125,302.99444580078125,294.4444580078125,298.3500061035156,2701701
2006-05-18,296.6777648925781,296.6777648925781,278.3333435058594,282.48333740234375,4586607
2006-05-19,285.5555419921875,294.4444580078125,254.46665954589844,275.6000061035156,4828230
2006-05-22,284.6111145019531,284.6111145019531,220.48333740234375,258.3999938964844,4801680
2006-05-23,266.1111145019531,269.4444580078125,242.22222900390625,259.4055480957031,4900671
2006-05-24,261.1111145019531,263.8888854980469,247.77777099609375,252.22222900390625,5487651
2006-05-25,251.0,268.6666564941406,241.67222595214844,254.57777404785156,10783971
2006-05-26,266.6666564941406,275.5555419921875,258.3333435058594,261.3388977050781,7141464
2006-05-29,262.22222900390625,273.8888854980469,262.22222900390625,271.6499938964844,4541967
2006-05-30,273.8888854980469,277.77777099609375,270.78887939453125,272.3277893066406,4328190
2006-05-31,266.6666564941406,268.8888854980469,255.55555725097656,257.5944519042969,4227345
2006-06-01,258.3444519042969,264.6666564941406,240.55555725097656,242.5500030517578,5663493
2006-06-02,245.55555725097656,255.44444274902344,236.8222198486328,243.58888244628906,4212963
2006-06-05,247.77777099609375,258.3333435058594,244.77777099609375,252.02777099609375,5676021
2006-06-06,247.77777099609375,250.0,234.55555725097656,236.5611114501953,6504210
2006-06-07,243.3333282470703,246.55555725097656,215.55555725097656,221.272216796875,9492327
2006-06-08,221.11111450195312,227.22222900390625,206.12222290039062,209.10556030273438,11078505
2006-06-09,210.0,234.99444580078125,210.0,224.98333740234375,7563654
2006-06-12,229.88888549804688,232.0,216.3333282470703,219.0500030517578,5839506
2006-06-13,216.3333282470703,216.3333282470703,201.63888549804688,205.46665954589844,4793994
2006-06-14,204.38333129882812,215.22222900390625,202.22222900390625,204.0,4697775
2006-06-15,208.88888549804688,235.3333282470703,207.71665954589844,227.56666564941406,7724349
2006-06-16,234.0833282470703,246.44444274902344,227.88888549804688,233.0388946533203,10826487
2006-06-19,227.88888549804688,235.56666564941406,218.3333282470703,228.12222290039062,4962150
2006-06-20,230.55555725097656,230.55555725097656,214.022216796875,217.88333129882812,4653936
2006-06-21,216.6666717529297,226.44444274902344,215.55555725097656,225.12222290039062,4211676
2006-06-22,228.0,244.44444274902344,228.0,243.49444580078125,6281019
2006-06-23,240.0,243.22222900390625,230.0,241.31666564941406,4602690
2006-06-26,242.77777099609375,243.77777099609375,229.57777404785156,231.20555114746094,3986532
2006-06-27,237.55555725097656,237.77777099609375,229.50555419921875,231.5833282470703,3683061
2006-06-28,225.77777099609375,230.6666717529297,223.88888549804688,229.9888916015625,1955970
2006-06-29,230.6666717529297,238.3333282470703,230.6666717529297,235.95555114746094,2639844
2006-06-30,243.0,249.91111755371094,242.22222900390625,249.11111450195312,3655791
2006-07-03,249.91111755371094,254.3111114501953,246.6666717529297,252.35556030273438,1938627
2006-07-04,253.61666870117188,257.77777099609375,242.77777099609375,243.53334045410156,3477843
2006-07-05,244.44444274902344,261.22222900390625,235.55555725097656,252.89999389648438,3812895
2006-07-06,250.0,251.11111450195312,243.44444274902344,246.0,3797856
2006-07-07,247.22222900390625,251.77777099609375,237.88888549804688,241.39443969726562,3199680
2006-07-10,241.55555725097656,243.272216796875,237.22222900390625,242.0500030517578,2651022
2006-07-11,241.5388946533203,242.55555725097656,239.44444274902344,241.2611083984375,1266795
2006-07-12,239.44444274902344,252.11111450195312,234.5722198486328,251.07777404785156,3762369
2006-07-13,249.87777709960938,251.6666717529297,244.44444274902344,250.31666564941406,3462192
2006-07-14,248.76666259765625,248.76666259765625,240.0,243.88333129882812,2397006
2006-07-17,243.8222198486328,243.8222198486328,235.02777099609375,236.61111450195312,2489202
2006-07-18,238.3000030517578,241.0,227.88888549804688,230.0388946533203,3244077
2006-07-19,233.21665954589844,235.2111053466797,224.44444274902344,227.63333129882812,3433113
2006-07-20,234.55555725097656,238.22222900390625,232.77777099609375,237.13888549804688,1997316
2006-07-21,235.55555725097656,236.11111450195312,223.0,224.8222198486328,3351897
2006-07-24,223.45555114746094,232.87777709960938,217.23333740234375,229.5944366455078,5546898
2006-07-25,232.87777709960938,236.55555725097656,230.0111083984375,234.95555114746094,3174984
2006-07-26,235.6666717529297,241.11111450195312,232.2388916015625,239.7611083984375,2538324
2006-07-27,240.6666717529297,245.3333282470703,240.6666717529297,244.37777709960938,2243259
2006-07-28,246.55555725097656,246.55555725097656,240.22222900390625,242.75555419921875,1374588
2006-07-31,246.08888244628906,247.11111450195312,243.5833282470703,245.50555419921875,1814850
2006-08-01,244.4388885498047,251.6666717529297,242.33888244628906,249.87222290039062,5266998
2006-08-02,251.6666717529297,265.5555419921875,246.77777099609375,252.227783203125,2846448
2006-08-03,251.88888549804688,258.5555419921875,250.0,252.04444885253906,3629205
2006-08-04,252.22222900390625,256.1111145019531,245.61111450195312,248.4166717529297,2633292
2006-08-07,248.88333129882812,252.1888885498047,242.11666870117188,246.0722198486328,3438999
2006-08-08,245.62777709960938,255.3333282470703,245.55555725097656,253.6777801513672,2129868
2006-08-09,253.3222198486328,258.6666564941406,251.44444274902344,257.74444580078125,4215375
2006-08-10,255.55555725097656,261.1111145019531,252.77777099609375,257.8166809082031,2660328
2006-08-11,258.1111145019531,266.5555419921875,254.22222900390625,257.8388977050781,3846672
2006-08-14,257.5555419921875,258.21112060546875,253.9499969482422,256.3999938964844,2051487
2006-08-16,258.45556640625,266.1111145019531,257.3888854980469,264.6222229003906,3310299
2006-08-17,265.03887939453125,268.3333435058594,262.9222106933594,266.1499938964844,3508947
2006-08-18,266.4888916015625,268.6666564941406,260.3500061035156,262.1666564941406,1659609
2006-08-21,264.5555419921875,264.8333435058594,261.6888732910156,263.227783203125,1569852
2006-08-22,262.46112060546875,269.4444580078125,262.46112060546875,266.227783203125,3077352
2006-08-23,265.77777099609375,266.5555419921875,261.3444519042969,262.23333740234375,1081971
2006-08-24,261.1055603027344,263.3222351074219,258.1222229003906,262.6388854980469,2052531
2006-08-25,261.9111022949219,265.5555419921875,259.0,261.02777099609375,1913490
2006-08-28,262.6666564941406,268.8888854980469,260.1722106933594,268.3777770996094,2705472
2006-08-29,283.3333435058594,283.3333435058594,268.6777648925781,270.4388732910156,2700972
2006-08-30,271.77777099609375,272.0,268.3333435058594,270.0555419921875,1678446
2006-08-31,270.77777099609375,272.22222900390625,265.77777099609375,267.0833435058594,1740186
2006-09-01,267.7833251953125,271.0,266.3333435058594,269.8944396972656,2225214
2006-09-04,271.8888854980469,276.6666564941406,271.0,276.1388854980469,3128382
2006-09-05,276.1388854980469,276.6555480957031,273.3333435058594,273.96112060546875,2134251
2006-09-06,274.4444580078125,286.1111145019531,273.3333435058594,284.00555419921875,6196311
2006-09-07,283.21112060546875,291.54998779296875,278.3333435058594,285.31109619140625,6806790
2006-09-08,286.1166687011719,290.4444580078125,281.1111145019531,283.5888977050781,3551526
2006-09-11,284.4444580078125,288.3333435058594,273.3333435058594,274.1166687011719,5852439
2006-09-12,276.4111022949219,276.6055603027344,270.77777099609375,273.23333740234375,4407741
2006-09-13,274.6166687011719,282.77777099609375,274.6166687011719,280.48333740234375,3628035
2006-09-14,283.3222351074219,284.4444580078125,278.3333435058594,281.8222351074219,3851352
2006-09-15,284.4444580078125,295.54443359375,279.5722351074219,293.45001220703125,11304531
2006-09-18,293.8833312988281,301.5944519042969,293.3888854980469,299.3666687011719,8340300
2006-09-19,301.1111145019531,302.6666564941406,291.6666564941406,293.9222106933594,6889239
2006-09-20,288.8888854980469,300.4444580078125,288.8888854980469,299.48333740234375,7469406
2006-09-21,301.1111145019531,303.22222900390625,296.5944519042969,298.54998779296875,6910659
2006-09-22,299.8999938964844,299.8999938964844,293.6722106933594,295.4222106933594,7348626
2006-09-25,296.1000061035156,296.54443359375,289.0666809082031,290.1444396972656,5699925
2006-09-26,292.78887939453125,294.23333740234375,290.4444580078125,291.0333251953125,7028352
2006-09-27,146.6699981689453,147.14999389648438,143.51666259765625,143.86666870117188,7589664
2006-09-28,299.31109619140625,299.31109619140625,279.77777099609375,280.6777648925781,6826203
2006-09-29,285.4222106933594,285.4222106933594,280.5,282.76666259765625,1946308
2006-10-03,284.4444580078125,301.5555419921875,277.4444580078125,278.29998779296875,2416266
2006-10-04,280.4444580078125,282.22222900390625,272.6666564941406,273.79998779296875,2145757
2006-10-05,274.4444580078125,281.5555419921875,274.4444580078125,280.9111022949219,2175390
2006-10-06,283.3333435058594,284.3999938964844,280.9222106933594,281.5555419921875,1468606
2006-10-09,280.0,288.76666259765625,276.0666809082031,286.9333190917969,2451366
2006-10-10,288.8888854980469,289.8888854980469,282.9222106933594,284.8888854980469,1466185
2006-10-11,285.77777099609375,288.1555480957031,277.8333435058594,280.26666259765625,2265313
2006-10-12,278.0,283.26666259765625,276.27777099609375,282.5666809082031,2001658
2006-10-13,284.4444580078125,286.6000061035156,280.4666748046875,281.9888916015625,3225379
2006-10-16,285.5555419921875,292.4444580078125,282.73333740234375,291.1222229003906,4535761
2006-10-17,291.5555419921875,293.0555419921875,285.3444519042969,286.9888916015625,2864691
2006-10-18,287.1111145019531,292.27777099609375,285.3333435058594,290.0777893066406,4955890
2006-10-19,291.79998779296875,293.04443359375,281.1111145019531,283.75555419921875,5211949
2006-10-20,285.5555419921875,287.22222900390625,283.1111145019531,284.3666687011719,3250921
2006-10-23,287.75555419921875,287.75555419921875,282.22222900390625,283.1777648925781,1703367
2006-10-26,286.6666564941406,286.6666564941406,279.77777099609375,282.1222229003906,4744687
2006-10-27,282.4444580078125,286.22222900390625,279.1666564941406,281.9666748046875,3058771
2006-10-30,282.27777099609375,290.54443359375,281.77777099609375,289.1555480957031,3649468
2006-10-31,289.4888916015625,293.8888854980469,288.0,291.6000061035156,3407548
2006-11-01,292.22222900390625,295.5555419921875,289.3555603027344,293.70001220703125,3018541
2006-11-02,296.0,299.77777099609375,295.1111145019531,297.5,3097746
2006-11-03,298.22222900390625,298.8888854980469,295.3666687011719,297.9222106933594,3945843
2006-11-06,297.5555419921875,300.8888854980469,297.3333435058594,298.5666809082031,2468511
2006-11-07,300.4444580078125,300.4444580078125,292.4444580078125,293.81109619140625,2533963
2006-11-08,294.4444580078125,295.5555419921875,286.6666564941406,291.6555480957031,2276734
2006-11-09,292.22222900390625,294.3999938964844,289.1444396972656,291.28887939453125,1864593
2006-11-10,291.1111145019531,297.8888854980469,290.0777893066406,296.78887939453125,2002036
2006-11-13,297.022216796875,299.4888916015625,294.9444580078125,297.20001220703125,1930117
2006-11-14,297.77777099609375,301.6444396972656,295.5666809082031,299.1333312988281,3223422
2006-11-15,300.0,302.22222900390625,296.4666748046875,299.8333435058594,3298351
2006-11-16,299.8333435058594,302.22222900390625,297.77777099609375,300.4111022949219,3179448
2006-11-17,303.31109619140625,310.0,299.5888977050781,300.8444519042969,5720004
2006-11-20,302.22222900390625,302.22222900390625,286.1222229003906,294.977783203125,5087794
2006-11-21,297.77777099609375,300.8888854980469,292.8888854980469,299.3999938964844,3731940
2006-11-22,304.4444580078125,306.6666564941406,299.3999938964844,305.3222351074219,3824428
2006-11-23,307.5555419921875,316.21112060546875,307.0,311.4666748046875,6401304
2006-11-24,312.4444580078125,313.3333435058594,305.4444580078125,308.0666809082031,2772346
2006-11-27,307.77777099609375,312.6666564941406,306.72222900390625,310.1222229003906,1226088
2006-11-28,306.72222900390625,309.977783203125,300.022216796875,307.0666809082031,2354161
2006-11-29,307.77777099609375,311.1111145019531,305.5666809082031,306.78887939453125,1432885
2006-11-30,310.8222351074219,310.8222351074219,302.1777648925781,303.23333740234375,2807122
2006-12-01,308.04443359375,309.77777099609375,304.4222106933594,306.54443359375,1781280
2006-12-04,306.8888854980469,317.5111083984375,306.8888854980469,316.31109619140625,3737533
2006-12-05,317.77777099609375,326.3555603027344,317.1111145019531,325.0,5482408
2006-12-06,325.77777099609375,327.77777099609375,320.0,325.0555419921875,3358665
2006-12-07,326.6666564941406,331.1111145019531,320.0,326.5888977050781,2854413
2006-12-08,326.5888977050781,328.8888854980469,321.1111145019531,322.3888854980469,1433970
2006-12-11,323.1111145019531,324.6666564941406,312.6666564941406,319.22222900390625,4579681
2006-12-12,320.0,330.8222351074219,300.0,309.4666748046875,8375976
2006-12-13,310.22222900390625,320.1111145019531,300.5111083984375,315.3444519042969,4639972
2006-12-14,315.5666809082031,324.1888732910156,314.72222900390625,322.6888732910156,2493985
2006-12-15,324.8888854980469,327.5555419921875,323.3333435058594,324.6000061035156,2124216
2006-12-18,326.4444580078125,328.0,319.477783203125,327.1000061035156,2309985
2006-12-19,327.77777099609375,328.8222351074219,310.6666564941406,314.72222900390625,4920403
2006-12-20,314.26666259765625,320.3777770996094,304.4444580078125,313.28887939453125,4592979
2006-12-21,313.3333435058594,314.8888854980469,306.6666564941406,311.8333435058594,2306875
2006-12-22,310.6666564941406,321.1111145019531,310.6666564941406,318.6111145019531,1721695
2006-12-26,319.77777099609375,323.5555419921875,316.73333740234375,322.71112060546875,1662763
2006-12-27,327.5555419921875,327.5555419921875,320.22222900390625,322.5,1484595
2006-12-28,322.8888854980469,325.1111145019531,317.31109619140625,319.1555480957031,1982412
2006-12-29,320.0,322.6444396972656,319.1444396972656,321.31109619140625,895833
2007-01-02,321.5555419921875,327.1111145019531,320.4888916015625,324.477783203125,782302
2007-01-03,324.0,330.4333190917969,315.5555419921875,328.0777893066406,3066156
2007-01-04,331.04443359375,334.22222900390625,329.3333435058594,331.8555603027344,2979693
2007-01-05,333.3333435058594,333.3333435058594,325.1111145019531,326.8444519042969,1553481
2007-01-08,326.8888854980469,326.8888854980469,319.22222900390625,324.8222351074219,1603836
2007-01-09,325.9222106933594,326.6000061035156,315.81109619140625,317.9888916015625,2013925
2007-01-10,318.22222900390625,322.22222900390625,311.5555419921875,313.3444519042969,2252731
2007-01-11,322.6888732910156,322.6888732910156,311.3333435058594,319.8444519042969,1209987
2007-01-12,325.1555480957031,330.0,320.4444580078125,325.8222351074219,2665539
2007-01-15,326.70001220703125,335.5555419921875,326.70001220703125,333.477783203125,2060014
2007-01-16,335.5555419921875,339.6000061035156,333.1111145019531,338.1555480957031,2417728
2007-01-17,340.0,348.8666687011719,334.6666564941406,345.5888977050781,3014667
2007-01-18,345.5555419921875,355.5555419921875,342.5,353.4222106933594,3447918
2007-01-19,346.9333190917969,355.28887939453125,344.022216796875,348.72222900390625,1627456
2007-01-22,351.04443359375,352.8444519042969,342.4888916015625,344.8333435058594,1676556
2007-01-23,344.6666564941406,347.1111145019531,339.1888732910156,341.75555419921875,1925671
2007-01-24,342.22222900390625,353.22222900390625,340.0,351.8666687011719,2022916
2007-01-25,352.8888854980469,360.6666564941406,350.0,358.9222106933594,3964581
2007-01-29,357.77777099609375,362.1888732910156,351.5777893066406,358.22222900390625,2071458
2007-01-31,358.26666259765625,361.1111145019531,347.77777099609375,353.1111145019531,2883276
2007-02-01,355.5111083984375,358.22222900390625,347.8222351074219,356.0111083984375,1489891
2007-02-02,355.5555419921875,376.0,355.5555419921875,373.3999938964844,4208485
2007-02-05,375.1111145019531,378.4444580078125,368.4444580078125,376.1777648925781,1955358
2007-02-06,377.77777099609375,380.6666564941406,373.5888977050781,378.0,2292934
2007-02-07,378.6666564941406,392.1666564941406,376.0,387.1888732910156,4206829
2007-02-08,388.6666564941406,392.8444519042969,378.25555419921875,390.3888854980469,3013947
2007-02-09,390.8888854980469,394.6444396972656,379.22222900390625,381.3666687011719,4596210
2007-02-12,381.73333740234375,383.31109619140625,364.9111022949219,369.022216796875,3510823
2007-02-13,366.4444580078125,374.8888854980469,355.5555419921875,358.70001220703125,4927086
2007-02-14,358.70001220703125,360.8888854980469,349.77777099609375,358.6777648925781,3250219
2007-02-15,359.77777099609375,378.1111145019531,359.77777099609375,376.71112060546875,3797122
2007-02-19,369.3777770996094,384.1555480957031,369.3777770996094,376.3555603027344,2285937
2007-02-20,376.6666564941406,380.4444580078125,368.8888854980469,370.9333190917969,1905970
2007-02-21,370.8888854980469,379.1111145019531,366.6666564941406,368.5,2917795
2007-02-22,368.5,376.6666564941406,364.8888854980469,367.4666748046875,4780516
2007-02-23,369.3333435058594,370.0,354.75555419921875,358.0333251953125,3639942
2007-02-26,359.5555419921875,361.77777099609375,351.1333312988281,354.1111145019531,3410770
2007-02-27,356.0,356.4444580078125,344.45556640625,347.5666809082031,4238334
2007-02-28,340.0,346.3333435058594,314.4444580078125,331.0777893066406,7514626
2007-03-01,333.3333435058594,347.77777099609375,325.9111022949219,343.0777893066406,4850968
2007-03-02,341.5555419921875,341.5555419921875,322.22222900390625,324.9666748046875,5177452
2007-03-05,324.9666748046875,324.9666748046875,305.5555419921875,307.3999938964844,5647117
2007-03-06,324.22222900390625,324.22222900390625,308.8888854980469,317.9888916015625,3247785
2007-03-07,320.0,329.28887939453125,313.3888854980469,323.26666259765625,4555098
2007-03-08,323.26666259765625,342.0,323.26666259765625,338.522216796875,2672802
2007-03-09,342.22222900390625,355.5333251953125,326.6666564941406,329.79998779296875,3282840
2007-03-12,333.28887939453125,338.6444396972656,330.022216796875,333.04443359375,2810160
2007-03-13,334.4444580078125,341.1111145019531,333.3333435058594,340.3222351074219,1568011
2007-03-14,331.1111145019531,334.4444580078125,311.3666687011719,330.3777770996094,3048534
2007-03-15,332.22222900390625,340.28887939453125,328.022216796875,330.6555480957031,2634786
2007-03-16,332.22222900390625,335.1111145019531,314.24444580078125,321.6222229003906,4221675
2007-03-19,328.8888854980469,329.1111145019531,318.26666259765625,326.1666564941406,1725745
2007-03-20,328.8888854980469,332.8666687011719,326.0,327.8444519042969,1833034
2007-03-21,330.6666564941406,335.5555419921875,326.70001220703125,334.5888977050781,1802808
2007-03-22,337.77777099609375,352.0,337.77777099609375,349.73333740234375,3484692
2007-03-23,349.77777099609375,364.6666564941406,346.0,361.3666687011719,5103184
2007-03-26,364.8888854980469,364.8888854980469,354.74444580078125,359.6222229003906,2518731
2007-03-28,355.5555419921875,358.6666564941406,344.4444580078125,348.22222900390625,3829864
2007-03-29,347.77777099609375,363.3333435058594,347.77777099609375,359.1777648925781,3846910
2007-03-30,361.1111145019531,363.5555419921875,355.8222351074219,360.022216796875,3256942
2007-04-02,353.3333435058594,353.3333435058594,336.78887939453125,338.9333190917969,3907125
2007-04-03,350.0,350.0,334.4444580078125,339.76666259765625,2757343
2007-04-04,342.22222900390625,348.4222106933594,342.20001220703125,344.28887939453125,2985165
2007-04-05,345.1111145019531,346.6666564941406,341.1666564941406,344.1222229003906,2390917
2007-04-09,344.8888854980469,357.78887939453125,344.3999938964844,354.977783203125,2594128
2007-04-10,358.8888854980469,359.5555419921875,349.1555480957031,351.3555603027344,3222940
2007-04-11,351.5555419921875,357.77777099609375,349.3888854980469,352.1777648925781,3129948
2007-04-12,349.3333435058594,349.977783203125,344.6666564941406,348.1333312988281,3420985
2007-04-13,350.0,359.6444396972656,347.77777099609375,358.6888732910156,2336593
2007-04-16,361.1111145019531,370.977783203125,346.9444580078125,369.1444396972656,4321237
2007-04-17,371.3333435058594,374.5555419921875,368.8888854980469,370.9222106933594,3976587
2007-04-18,372.22222900390625,375.5555419921875,366.9222106933594,369.0666809082031,1430802
2007-04-19,364.4444580078125,371.1000061035156,357.8666687011719,369.21112060546875,2692804
2007-04-20,371.1111145019531,377.76666259765625,371.1111145019531,377.31109619140625,1813761
2007-04-23,383.3333435058594,383.3333435058594,376.77777099609375,377.9333190917969,1340532
2007-04-24,378.0,382.22222900390625,372.23333740234375,379.0666809082031,1883632
2007-04-25,377.74444580078125,381.77777099609375,373.3333435058594,375.4888916015625,1883430
2007-04-26,378.0,382.5555419921875,376.6666564941406,381.4333190917969,2750967
2007-04-27,380.8444519042969,381.0888977050781,372.5,374.20001220703125,1556014
2007-04-30,370.22222900390625,379.5333251953125,365.3333435058594,377.4222106933594,2143750
2007-05-03,342.0,389.6333312988281,342.0,387.3777770996094,2725717
2007-05-04,387.1111145019531,390.8999938964844,376.0666809082031,377.27777099609375,2436903
2007-05-07,377.77777099609375,384.3666687011719,376.26666259765625,377.23333740234375,1293354
2007-05-08,377.77777099609375,382.3333435058594,375.5666809082031,377.6666564941406,1242513
2007-05-09,381.77777099609375,382.22222900390625,372.6666564941406,380.70001220703125,1401637
2007-05-10,382.4444580078125,384.8888854980469,373.81109619140625,375.6555480957031,1085134
2007-05-11,371.20001220703125,377.3333435058594,367.1444396972656,375.1111145019531,1814143
2007-05-14,376.0,382.4444580078125,372.28887939453125,375.1000061035156,1413009
2007-05-15,375.5555419921875,379.77777099609375,370.6666564941406,371.9111022949219,1993612
2007-05-16,373.1111145019531,381.977783203125,369.3777770996094,380.9111022949219,1554138
2007-05-17,385.5555419921875,386.6666564941406,381.5555419921875,383.23333740234375,1874223
2007-05-18,382.22222900390625,386.8888854980469,374.6888732910156,384.8333435058594,1549138
2007-05-21,387.77777099609375,387.77777099609375,378.8888854980469,385.79998779296875,1169928
2007-05-22,384.5333251953125,394.4444580078125,377.3333435058594,385.28887939453125,2496442
2007-05-23,385.5555419921875,394.6666564941406,381.1111145019531,383.0777893066406,2591833
2007-05-24,383.3333435058594,384.8888854980469,376.6666564941406,378.6555480957031,1840284
2007-05-25,374.4444580078125,387.54443359375,371.1222229003906,386.4111022949219,2545861
2007-05-28,386.8888854980469,398.22222900390625,386.8888854980469,396.3666687011719,2486016
2007-05-29,398.8888854980469,415.4222106933594,393.8222351074219,412.477783203125,6959902
2007-05-30,410.4444580078125,446.6666564941406,410.4444580078125,443.29998779296875,15251701
2007-05-31,444.4444580078125,457.77777099609375,436.4111022949219,446.6444396972656,7620228
2007-06-01,445.5555419921875,450.6444396972656,441.1444396972656,444.4333190917969,3369937
2007-06-04,450.0,451.1111145019531,436.8888854980469,438.1888732910156,2655153
2007-06-05,439.77777099609375,439.77777099609375,430.3666687011719,432.1666564941406,3614391
2007-06-06,427.8555603027344,442.22222900390625,425.6111145019531,426.9222106933594,3677049
2007-06-07,422.4444580078125,431.1111145019531,417.5555419921875,421.54443359375,3036955
2007-06-08,422.4666748046875,426.6666564941406,414.5333251953125,418.81109619140625,3687246
2007-06-11,422.22222900390625,428.6666564941406,418.0,420.3666687011719,3988174
2007-06-12,428.22222900390625,428.6666564941406,418.0,423.72222900390625,4234396
2007-06-13,424.4444580078125,426.8888854980469,413.3333435058594,415.21112060546875,4728762
2007-06-14,436.6666564941406,436.6666564941406,417.77777099609375,427.5777893066406,5226633
2007-06-15,429.5555419921875,436.8888854980469,428.8888854980469,432.8222351074219,4406787
2007-06-18,433.1111145019531,437.5111083984375,426.4444580078125,428.20001220703125,2885913
2007-06-19,431.5555419921875,445.0888977050781,427.5555419921875,443.5333251953125,3811293
2007-06-20,445.1111145019531,452.20001220703125,445.1111145019531,450.3666687011719,3873892
2007-06-21,445.5555419921875,477.77777099609375,445.5555419921875,467.8777770996094,9143100
2007-06-22,467.8777770996094,472.1888732910156,463.77777099609375,468.3333435058594,3624606
2007-06-25,468.4444580078125,488.6222229003906,456.78887939453125,483.1222229003906,4637853
2007-06-26,484.5,484.5,476.0,480.04443359375,3060391
2007-06-27,481.0666809082031,481.0666809082031,474.4444580078125,476.3999938964844,1924546
2007-06-28,477.1111145019531,481.3333435058594,472.6666564941406,478.5555419921875,2078959
2007-06-29,480.6666564941406,490.4111022949219,480.0,488.4444580078125,3297510
2007-07-02,495.5555419921875,506.1777648925781,490.45556640625,496.76666259765625,3057115
2007-07-03,503.3333435058594,510.6444396972656,498.0,502.4444580078125,4416466
2007-07-04,507.3333435058594,515.5555419921875,498.9111022949219,509.6111145019531,3151296
2007-07-05,511.1444396972656,525.3110961914062,511.1444396972656,518.0333251953125,4685836
2007-07-06,518.888916015625,530.6666870117188,517.7777709960938,525.477783203125,3963681
2007-07-09,525.5555419921875,539.5555419921875,525.5555419921875,536.8777465820312,4275405
2007-07-10,541.111083984375,541.111083984375,528.888916015625,530.933349609375,3658711
2007-07-11,528.6666870117188,536.6666870117188,525.1333618164062,529.2000122070312,2891187
2007-07-12,533.3333129882812,537.111083984375,526.0333251953125,528.4111328125,2323993
2007-07-13,533.3333129882812,544.4444580078125,531.7777709960938,533.2555541992188,4819410
2007-07-16,533.3333129882812,540.888916015625,530.6777954101562,536.7444458007812,2923974
2007-07-17,542.0,542.0,528.0777587890625,531.611083984375,2811078
2007-07-18,532.2222290039062,532.2222290039062,510.26666259765625,517.7777709960938,4035888
2007-07-19,520.2222290039062,537.5555419921875,519.5555419921875,528.7888793945312,6727239
2007-07-20,535.5555419921875,555.5555419921875,532.2222290039062,550.8777465820312,8236075
2007-07-23,551.111083984375,593.111083984375,543.7777709960938,583.3333129882812,5965636
2007-07-24,598.8444213867188,607.111083984375,581.477783203125,593.388916015625,6586114
2007-07-25,592.4444580078125,592.4444580078125,564.4666748046875,570.8666381835938,5567881
2007-07-26,571.1444702148438,585.5555419921875,556.9222412109375,565.477783203125,6904089
2007-07-27,555.5555419921875,562.2222290039062,533.3333129882812,537.8222045898438,10150407
2007-07-30,537.7777709960938,555.5555419921875,526.7555541992188,542.95556640625,6187486
2007-07-31,546.888916015625,584.4444580078125,546.888916015625,579.5111083984375,7794639
2007-08-01,575.5555419921875,575.5555419921875,550.0,552.2555541992188,6834105
2007-08-02,553.7111206054688,566.6666870117188,550.022216796875,553.0,6052338
2007-08-03,562.0,567.111083984375,557.7888793945312,560.0333251953125,3656817
2007-08-06,547.7777709960938,551.111083984375,537.8666381835938,544.0888671875,4820485
2007-08-07,555.5555419921875,560.9666748046875,541.111083984375,545.433349609375,4470565
2007-08-08,549.7777709960938,557.0999755859375,548.5,553.888916015625,4182345
2007-08-09,558.2222290039062,562.888916015625,541.1666870117188,544.4888916015625,3249706
2007-08-10,533.3333129882812,542.2222290039062,522.4666748046875,539.7111206054688,4473342
2007-08-13,544.4444580078125,548.0,539.5777587890625,541.3444213867188,2749815
2007-08-14,546.3222045898438,546.6666870117188,536.6889038085938,537.977783203125,2221092
2007-08-16,522.2222290039062,527.7777709960938,511.3333435058594,515.6666870117188,6135858
2007-08-17,515.6666870117188,521.9222412109375,498.0,512.9000244140625,7942950
2007-08-20,529.7777709960938,536.4444580078125,519.3777465820312,522.1666870117188,3997921
2007-08-21,527.7333374023438,527.7333374023438,511.1111145019531,512.566650390625,4393120
2007-08-22,521.111083984375,533.111083984375,507.5777893066406,529.54443359375,4127256
2007-08-23,533.3333129882812,548.4444580078125,524.4444580078125,532.5555419921875,5978623
2007-08-24,535.5555419921875,546.0555419921875,525.2000122070312,543.3222045898438,3038980
2007-08-27,548.888916015625,564.3555297851562,544.4444580078125,563.04443359375,3044475
2007-08-28,562.2222290039062,571.111083984375,556.977783203125,567.3555297851562,3314016
2007-08-29,560.888916015625,577.5555419921875,551.2000122070312,575.933349609375,3239635
2007-08-30,577.8110961914062,584.2222290039062,569.1444702148438,575.2555541992188,4873819
2007-08-31,576.888916015625,579.977783203125,572.4444580078125,573.95556640625,2367004
2007-09-03,577.6889038085938,583.3333129882812,572.888916015625,574.8333129882812,2678809
2007-09-04,577.3333129882812,586.6666870117188,575.5555419921875,583.2999877929688,3604594
2007-09-05,586.6666870117188,588.4444580078125,573.2222290039062,575.4000244140625,2788510
2007-09-06,574.4444580078125,579.7777709960938,571.1333618164062,577.611083984375,1804432
2007-09-07,580.0,582.2222290039062,573.566650390625,575.7444458007812,2363080
2007-09-10,568.888916015625,577.5555419921875,566.933349609375,572.7111206054688,1648368
2007-09-11,577.5555419921875,584.6666870117188,573.3333129882812,575.45556640625,2569945
2007-09-12,581.111083984375,581.111083984375,568.0,570.066650390625,1966378
2007-09-13,572.2222290039062,575.2222290039062,567.1889038085938,570.5333251953125,2231050
2007-09-14,574.6666870117188,584.4222412109375,573.3666381835938,575.8333129882812,3048111
2007-09-17,578.0,579.7777709960938,572.2444458007812,575.7111206054688,1505092
2007-09-18,575.5555419921875,584.4222412109375,574.2222290039062,581.9000244140625,2931493
2007-09-19,588.888916015625,597.7777709960938,584.9222412109375,593.3222045898438,4781160
2007-09-20,596.6666870117188,622.0,594.5333251953125,610.95556640625,6294343
2007-09-21,610.95556640625,623.3333129882812,608.566650390625,619.2111206054688,2783119
2007-09-24,620.0,648.933349609375,612.3110961914062,644.566650390625,5292526
2007-09-25,645.5555419921875,655.5555419921875,624.6666870117188,637.2666625976562,4757427
2007-09-26,637.2666625976562,643.111083984375,628.977783203125,632.0,2047873
2007-09-27,638.4444580078125,643.3333129882812,625.3333129882812,629.8110961914062,6868759
2007-09-28,612.3333129882812,637.7777709960938,612.3333129882812,623.9888916015625,3032545
2007-10-01,623.9888916015625,634.4222412109375,618.066650390625,626.388916015625,2947369
2007-10-03,633.3333129882812,648.6666870117188,626.6666870117188,645.2444458007812,5272249
2007-10-04,644.4222412109375,654.4444580078125,638.9000244140625,644.888916015625,3385462
2007-10-05,647.7777709960938,710.888916015625,646.6666870117188,686.5888671875,10093837
2007-10-08,699.95556640625,699.95556640625,662.2333374023438,671.2111206054688,4497327
2007-10-09,675.2888793945312,705.5555419921875,662.2222290039062,702.977783203125,4698337
2007-10-10,711.111083984375,755.5555419921875,706.6889038085938,749.1889038085938,8113063
2007-10-11,751.111083984375,779.5555419921875,751.111083984375,774.2444458007812,5134860
2007-10-12,773.3333129882812,779.3333129882812,735.3333129882812,745.9888916015625,6861042
2007-10-15,746.6666870117188,764.4444580078125,746.6666870117188,759.7555541992188,3992211
2007-10-16,764.4444580078125,767.3555297851562,734.9111328125,743.6221923828125,3772084
2007-10-17,722.2222290039062,749.04443359375,661.111083984375,732.2222290039062,8317917
2007-10-18,735.5555419921875,766.1777954101562,675.7777709960938,706.2999877929688,8135482
2007-10-19,711.111083984375,715.5555419921875,660.3333129882812,669.7888793945312,4217548
2007-10-22,644.6889038085938,697.7777709960938,644.6889038085938,690.6777954101562,5467000
2007-10-23,700.0,761.3333129882812,696.2222290039062,741.2777709960938,5836941
2007-10-24,766.4444580078125,766.4444580078125,739.111083984375,756.388916015625,4049613
2007-10-25,765.5555419921875,780.0,750.022216796875,765.8222045898438,5146582
2007-10-26,773.3333129882812,865.5555419921875,766.6666870117188,860.6221923828125,13980627
2007-10-29,887.6444702148438,955.5555419921875,877.7777709960938,948.388916015625,12322971
2007-10-30,953.0888671875,988.888916015625,939.2333374023438,959.3110961914062,7703055
2007-10-31,966.6889038085938,969.0,933.3333129882812,942.9444580078125,4303030
2007-11-01,950.0,1042.22216796875,950.0,983.1666870117188,10439275
2007-11-02,977.5111083984375,1020.0,955.5555419921875,991.2000122070312,7730676
2007-11-05,993.3333129882812,1015.04443359375,946.2777709960938,951.8222045898438,9156960
2007-11-06,973.2888793945312,982.7777709960938,904.4444580078125,916.2444458007812,6144646
2007-11-07,924.4444580078125,955.2555541992188,902.4444580078125,913.7666625976562,7735230
2007-11-08,906.6666870117188,932.888916015625,890.0,916.6777954101562,7016674
2007-11-12,900.0,933.3333129882812,882.3555297851562,926.433349609375,7177806
2007-11-13,930.888916015625,982.2222290039062,927.0111083984375,971.7555541992188,5605987
2007-11-14,988.888916015625,1013.3333129882812,984.4444580078125,1001.4888916015625,4747662
2007-11-15,1002.2222290039062,1011.111083984375,978.2222290039062,1000.977783203125,3426484
2007-11-16,995.5555419921875,1000.0,964.477783203125,972.5888671875,3676320
2007-11-19,984.4444580078125,991.111083984375,965.7777709960938,970.7777709960938,3577216
2007-11-20,966.6666870117188,979.7777709960938,957.5555419921875,963.2555541992188,4358592
2007-11-21,962.4444580078125,962.4444580078125,900.5555419921875,912.7777709960938,4091058
2007-11-22,912.888916015625,920.0,856.888916015625,879.022216796875,7395624
2007-11-23,900.0,917.7777709960938,894.0,910.888916015625,3146458
2007-11-26,928.4444580078125,938.888916015625,926.933349609375,928.7777709960938,2765358
2007-11-27,924.4444580078125,931.066650390625,917.7777709960938,927.5777587890625,2015163
2007-11-28,933.3333129882812,943.3333129882812,906.6666870117188,914.3666381835938,2698902
2007-11-29,1024.0888671875,1024.0888671875,902.3333129882812,908.433349609375,4471780
2007-11-30,911.111083984375,923.3333129882812,897.7777709960938,917.5,3490299
2007-12-03,920.888916015625,935.3333129882812,917.7777709960938,928.6666870117188,2043121
2007-12-04,951.111083984375,951.111083984375,926.4222412109375,940.9888916015625,1795981
2007-12-05,944.4444580078125,966.8110961914062,940.0888671875,960.066650390625,2634417
2007-12-06,979.5333251953125,979.5333251953125,946.7555541992188,956.1444702148438,2142549
2007-12-07,966.6666870117188,966.6666870117188,938.888916015625,947.7333374023438,2477560
2007-12-10,951.111083984375,965.4888916015625,935.5555419921875,940.022216796875,2263189
2007-12-11,955.2444458007812,958.888916015625,944.9222412109375,953.5111083984375,1620747
2007-12-12,945.5555419921875,957.7777709960938,934.5,952.7666625976562,2395795
2007-12-13,957.7777709960938,963.111083984375,938.888916015625,942.04443359375,1910173
2007-12-14,943.3333129882812,948.888916015625,923.3444213867188,927.5999755859375,3171051
2007-12-17,923.3333129882812,943.5555419921875,900.0,906.2444458007812,3565822
2007-12-18,917.3333129882812,917.3333129882812,873.5777587890625,880.7666625976562,5572408
2007-12-19,891.7777709960938,899.8666381835938,878.1221923828125,886.6555786132812,2736477
2007-12-20,895.111083984375,897.5555419921875,878.888916015625,886.2999877929688,2261835
2007-12-24,900.0,911.111083984375,894.6889038085938,909.04443359375,2264827
2007-12-26,914.4444580078125,940.6666870117188,910.4444580078125,932.022216796875,2478028
2007-12-27,941.111083984375,943.5999755859375,920.04443359375,923.8444213867188,2852730
2007-12-28,928.8444213867188,932.111083984375,911.388916015625,923.5,1691086
2007-12-31,925.5555419921875,937.7777709960938,922.7999877929688,926.0888671875,935397
2008-01-01,929.5555419921875,931.111083984375,916.7111206054688,921.388916015625,927621
2008-01-02,921.388916015625,927.6444702148438,906.7777709960938,919.6333618164062,1753294
2008-01-03,919.6333618164062,919.6333618164062,897.7777709960938,901.0777587890625,3060486
2008-01-04,906.2222290039062,951.111083984375,903.5555419921875,944.1889038085938,4535194
2008-01-07,935.7777709960938,959.066650390625,931.111083984375,951.7666625976562,3975547
2008-01-08,957.7777709960938,972.2222290039062,947.7777709960938,963.888916015625,4898331
2008-01-09,962.2222290039062,980.0,953.5555419921875,965.0555419921875,2577096
2008-01-10,966.9444580078125,975.5111083984375,930.0,935.8333129882812,2562057
2008-01-11,940.0,946.6666870117188,921.1666870117188,928.2000122070312,2624517
2008-01-14,931.111083984375,938.8333129882812,923.1333618164062,926.4888916015625,2186383
2008-01-15,933.3333129882812,950.0,899.933349609375,902.6333618164062,3104761
2008-01-16,905.5111083984375,905.5111083984375,872.2222290039062,883.8555297851562,3096144
2008-01-17,893.3333129882812,920.6666870117188,885.5555419921875,907.1333618164062,2916085
2008-01-18,898.022216796875,903.3333129882812,867.7777709960938,875.3666381835938,3451594
2008-01-21,873.3333129882812,875.3666381835938,771.111083984375,821.45556640625,7394872
2008-01-22,800.0,833.2888793945312,657.1666870117188,814.4000244140625,6955380
2008-01-23,833.3333129882812,863.3333129882812,811.3333129882812,833.6221923828125,6757560
2008-01-24,847.888916015625,854.4444580078125,775.7777709960938,784.2777709960938,5467707
2008-01-25,791.1444702148438,867.7777709960938,791.1444702148438,865.0333251953125,2927466
2008-01-28,853.3333129882812,858.0,808.0,853.8666381835938,3052629
2008-01-29,855.5555419921875,877.7777709960938,830.1444702148438,838.7111206054688,2663838
2008-01-30,840.0,851.111083984375,820.022216796875,823.8777465820312,2632689
2008-01-31,831.111083984375,834.2222290039062,800.0111083984375,810.4111328125,5582560
2008-02-01,815.5555419921875,830.7333374023438,798.888916015625,827.0888671875,3262491
2008-02-04,838.4444580078125,850.0,831.111083984375,847.111083984375,2160355
2008-02-05,841.111083984375,861.3333129882812,835.5555419921875,856.95556640625,1977237
2008-02-06,844.4444580078125,845.5555419921875,822.2222290039062,840.6777954101562,1688188
2008-02-07,844.4000244140625,844.4000244140625,801.111083984375,807.611083984375,2389819
2008-02-08,811.111083984375,815.5555419921875,770.2222290039062,784.0555419921875,3807013
2008-02-11,799.7333374023438,799.7333374023438,728.888916015625,737.2111206054688,5826528
2008-02-12,745.5555419921875,748.6666870117188,711.3333129882812,726.066650390625,4791042
2008-02-13,733.3333129882812,748.6666870117188,711.3333129882812,728.3222045898438,2714701
2008-02-14,747.5555419921875,791.111083984375,740.6666870117188,778.0777587890625,5615833
2008-02-15,760.0,789.7777709960938,755.5555419921875,786.2555541992188,3126442
2008-02-18,788.888916015625,799.6444702148438,757.7777709960938,779.7333374023438,1407420
2008-02-19,794.4444580078125,794.4444580078125,782.2222290039062,789.8110961914062,1909327
2008-02-20,783.3333129882812,786.6666870117188,762.3777465820312,769.4666748046875,1982983
2008-02-21,782.2222290039062,788.888916015625,755.5555419921875,767.04443359375,1995799
2008-02-22,752.6666870117188,775.3333129882812,752.6666870117188,761.9000244140625,1790865
2008-02-25,765.9111328125,780.8555297851562,755.5555419921875,774.2444458007812,2013268
2008-02-26,776.6666870117188,785.5777587890625,772.4444580078125,783.522216796875,1857334
2008-02-27,788.888916015625,819.3222045898438,788.888916015625,809.2222290039062,3538660
2008-02-28,810.0,811.111083984375,795.5555419921875,809.2333374023438,2925544
2008-02-29,813.3333129882812,821.7777709960938,773.3333129882812,782.5,3430444
2008-03-03,766.2222290039062,768.8444213867188,728.9000244140625,742.8110961914062,2442339
2008-03-04,744.4444580078125,744.4444580078125,711.111083984375,715.9222412109375,4068094
2008-03-05,718.888916015625,727.111083984375,705.7777709960938,711.3555297851562,2956711
2008-03-07,707.5555419921875,707.5555419921875,651.111083984375,663.5333251953125,8293234
2008-03-10,646.7777709960938,655.5555419921875,580.0,606.2666625976562,15562755
2008-03-11,603.3333129882812,655.5555419921875,588.888916015625,648.2111206054688,6518151
2008-03-12,666.6666870117188,706.0,649.1333618164062,653.9111328125,4976235
2008-03-13,654.4444580078125,654.4444580078125,611.3555297851562,624.1221923828125,4567081
2008-03-14,633.3333129882812,652.6666870117188,616.888916015625,646.0777587890625,3820662
2008-03-17,644.4444580078125,644.4444580078125,580.0,601.7666625976562,4349106
2008-03-18,604.4444580078125,623.7777709960938,596.7555541992188,614.5111083984375,4767466
2008-03-19,637.5555419921875,647.7777709960938,626.888916015625,631.3333129882812,4963711
2008-03-24,640.0,661.3777465820312,633.3333129882812,652.6777954101562,4898308
2008-03-25,662.4666748046875,683.3333129882812,660.1221923828125,679.2999877929688,3700593
2008-03-26,684.4444580078125,688.4222412109375,673.3333129882812,679.0555419921875,2675767
2008-03-27,677.7666625976562,677.7666625976562,653.3333129882812,657.7666625976562,4246033
2008-03-28,664.4444580078125,706.7555541992188,655.6444702148438,700.1666870117188,3662491
2008-03-31,696.6666870117188,696.6666870117188,663.7888793945312,674.6555786132812,3800637
2008-04-01,680.4444580078125,686.2222290039062,631.3333129882812,643.8777465820312,5699470
2008-04-02,657.7111206054688,682.1889038085938,633.3333129882812,637.6666870117188,4846815
2008-04-03,633.3555297851562,646.6666870117188,623.3333129882812,632.3444213867188,5629261
2008-04-04,637.7777709960938,637.7777709960938,589.4666748046875,596.888916015625,9055759
2008-04-07,600.0,610.888916015625,577.7777709960938,604.2222290039062,6785235
2008-04-08,600.0,602.6666870117188,571.1221923828125,574.2555541992188,11021989
2008-04-09,575.5555419921875,589.7777709960938,566.888916015625,585.9444580078125,6152593
2008-04-10,584.4444580078125,609.3333129882812,582.3222045898438,597.3333129882812,5588343
2008-04-11,599.5555419921875,624.4444580078125,596.6666870117188,617.1221923828125,5390869
2008-04-15,613.3333129882812,629.3222045898438,602.2222290039062,623.6889038085938,4111344
2008-04-16,627.7777709960938,639.7777709960938,618.3333129882812,622.95556640625,3627261
2008-04-17,630.0,635.5555419921875,611.3444213867188,616.3444213867188,3113635
2008-04-21,622.2222290039062,637.7777709960938,621.111083984375,633.3110961914062,4302337
2008-04-22,628.0,651.111083984375,625.5555419921875,649.388916015625,3503997
2008-04-23,655.54443359375,664.5333251953125,636.04443359375,645.4222412109375,4448808
2008-04-24,649.111083984375,660.0,646.7000122070312,652.6333618164062,4132624
2008-04-25,655.54443359375,664.4444580078125,645.5555419921875,662.6333618164062,4517586
2008-04-28,666.6666870117188,669.111083984375,650.0,655.2222290039062,2421166
2008-04-29,655.5555419921875,675.5555419921875,653.3333129882812,668.611083984375,4012803
2008-04-30,655.5555419921875,677.7555541992188,655.5555419921875,667.388916015625,3494344
2008-05-02,678.0777587890625,700.0,673.5555419921875,696.6777954101562,3894709
2008-05-05,689.3666381835938,726.4444580078125,689.3666381835938,696.4000244140625,4846756
2008-05-06,698.6333618164062,701.0777587890625,678.0,680.6777954101562,4209502
2008-05-07,667.9000244140625,682.2111206054688,654.888916015625,665.022216796875,4258426
2008-05-08,661.111083984375,661.111083984375,638.0,642.388916015625,3987630
2008-05-09,638.888916015625,655.3333129882812,625.5777587890625,630.2555541992188,3403606
2008-05-12,632.2222290039062,637.6889038085938,612.8444213867188,631.6777954101562,3924783
2008-05-13,638.0,651.04443359375,617.7777709960938,625.566650390625,3985650
2008-05-14,621.95556640625,633.3333129882812,617.7777709960938,628.477783203125,3275055
2008-05-15,633.3333129882812,664.0,633.3333129882812,659.7999877929688,4916088
2008-05-16,665.6444702148438,675.3333129882812,661.1666870117188,666.388916015625,4036837
2008-05-20,662.2222290039062,665.6555786132812,651.111083984375,660.6777954101562,2506500
2008-05-21,654.6666870117188,673.3222045898438,651.5555419921875,665.04443359375,2743987
2008-05-22,660.0,660.0,644.7000122070312,648.522216796875,3406383
2008-05-23,650.2222290039062,656.6555786132812,627.7777709960938,631.977783203125,3577693
2008-05-26,623.6221923828125,627.7777709960938,607.7888793945312,610.6333618164062,3874698
2008-05-27,612.0,631.111083984375,606.022216796875,609.7888793945312,2776666
2008-05-28,619.5555419921875,619.5555419921875,591.5777587890625,601.8333129882812,3200949
2008-05-29,610.6666870117188,655.111083984375,603.3333129882812,640.5,17930880
2008-05-30,655.5555419921875,677.7333374023438,650.888916015625,662.8110961914062,10305441
2008-06-02,658.888916015625,675.4222412109375,641.111083984375,648.8555297851562,5488645
2008-06-03,644.4000244140625,644.4000244140625,623.3110961914062,632.6889038085938,7815541
2008-06-04,632.4444580078125,637.7777709960938,607.9000244140625,612.477783203125,5795293
2008-06-05,611.111083984375,617.7666625976562,588.888916015625,603.6555786132812,8997768
2008-06-06,608.888916015625,615.2777709960938,593.8110961914062,595.7333374023438,6461644
2008-06-09,593.3333129882812,594.888916015625,570.7000122070312,577.6444702148438,6555105
2008-06-10,573.3333129882812,588.6221923828125,558.388916015625,574.522216796875,5763667
2008-06-11,577.7777709960938,596.7666625976562,577.7777709960938,589.6444702148438,3644068
2008-06-12,586.6221923828125,604.2222290039062,571.111083984375,600.977783203125,4876546
2008-06-13,605.5555419921875,610.8777465820312,596.6777954101562,602.9222412109375,4271436
2008-06-16,608.6666870117188,617.7777709960938,604.95556640625,607.3333129882812,3453840
2008-06-17,607.7777709960938,636.888916015625,604.4444580078125,631.6666870117188,7583895
2008-06-18,633.3333129882812,636.4444580078125,604.6666870117188,611.3444213867188,3442770
2008-06-19,604.45556640625,605.5111083984375,579.3333129882812,582.0,4613737
2008-06-20,584.4444580078125,588.888916015625,564.9444580078125,569.8222045898438,6204069
2008-06-23,567.7777709960938,567.7777709960938,529.111083984375,532.7222290039062,7286571
2008-06-24,533.3333129882812,542.6666870117188,505.5555419921875,511.8999938964844,7336323
2008-06-25,500.0,523.2666625976562,497.81109619140625,514.0555419921875,7585236
2008-06-26,522.2222290039062,527.6666870117188,518.6666870117188,523.9222412109375,6594664
2008-06-27,513.3333129882812,514.0,491.1111145019531,503.5111083984375,9308686
2008-06-30,501.1111145019531,513.111083984375,480.8888854980469,485.4888916015625,6847816
2008-07-01,482.522216796875,494.8888854980469,473.3333435058594,476.0777893066406,5754132
2008-07-02,474.4444580078125,518.888916015625,466.8888854980469,510.23333740234375,9164079
2008-07-03,508.8888854980469,510.0,487.1777648925781,495.977783203125,7461571
2008-07-04,500.0,532.2222290039062,491.20001220703125,529.2111206054688,7767999
2008-07-07,533.3333129882812,550.0,518.0111083984375,524.8444213867188,5714095
2008-07-08,517.7777709960938,544.2222290039062,501.3333435058594,532.6889038085938,6963547
2008-07-09,543.3333129882812,566.6666870117188,542.2222290039062,560.7111206054688,6078793
2008-07-10,558.1444702148438,572.2222290039062,546.6666870117188,562.7555541992188,6471436
2008-07-11,562.2222290039062,574.4444580078125,520.0,523.1444702148438,6472449
2008-07-14,514.4444580078125,544.2222290039062,511.70001220703125,530.4000244140625,5285893
2008-07-15,522.2222290039062,526.6666870117188,504.4888916015625,506.5111083984375,3498408
2008-07-16,505.0,521.111083984375,498.22222900390625,503.0888977050781,4983943
2008-07-17,531.111083984375,546.6666870117188,515.5555419921875,542.8777465820312,7365388
2008-07-18,549.111083984375,571.111083984375,537.1666870117188,566.1221923828125,7099267
2008-07-21,573.3110961914062,581.0,548.9111328125,558.2111206054688,9073584
2008-07-22,553.3444213867188,575.54443359375,542.2222290039062,571.5333251953125,7436484
2008-07-23,599.7777709960938,622.6666870117188,589.7777709960938,616.2000122070312,12484084
2008-07-24,623.3333129882812,625.4888916015625,589.0,603.2666625976562,7481119
2008-07-25,593.3333129882812,605.3110961914062,578.4888916015625,583.4444580078125,7321540
2008-07-28,586.6666870117188,622.2222290039062,578.2555541992188,604.477783203125,11294815
2008-07-29,591.0888671875,598.6666870117188,561.1444702148438,565.9222412109375,11531092
2008-07-30,571.3333129882812,583.2888793945312,563.4000244140625,575.5777587890625,12224974
2008-07-31,584.4444580078125,584.4444580078125,566.6666870117188,579.0111083984375,6207241
2008-08-01,566.6666870117188,600.0,564.7222290039062,597.7555541992188,7343964
2008-08-04,591.1221923828125,604.4444580078125,588.6666870117188,590.54443359375,5368297
2008-08-05,588.6666870117188,601.5555419921875,584.4444580078125,599.611083984375,6441970
2008-08-06,605.5555419921875,626.888916015625,605.5555419921875,613.5999755859375,11431314
2008-08-07,604.4444580078125,622.0,604.4444580078125,613.022216796875,4520511
2008-08-08,608.4222412109375,633.3333129882812,601.3222045898438,630.2999877929688,7316703
2008-08-11,639.7777709960938,644.4444580078125,634.111083984375,642.7888793945312,6025657
2008-08-12,644.4444580078125,646.888916015625,628.2222290039062,632.3777465820312,7966561
2008-08-13,622.4444580078125,638.7555541992188,617.7888793945312,619.54443359375,6064308
2008-08-14,622.2222290039062,622.2222290039062,589.0111083984375,591.3666381835938,6219810
2008-08-18,591.1221923828125,606.0,585.7999877929688,598.9000244140625,4197564
2008-08-19,589.2222290039062,599.7777709960938,586.95556640625,594.4666748046875,4111249
2008-08-20,599.4888916015625,605.7777709960938,597.111083984375,603.3666381835938,3400087
2008-08-21,600.0,603.9222412109375,581.3777465820312,584.022216796875,4387842
2008-08-22,579.7777709960938,583.3333129882812,571.5777587890625,578.8777465820312,6484783
2008-08-25,583.388916015625,594.6666870117188,577.3333129882812,579.5333251953125,3773124
2008-08-26,573.5555419921875,583.3333129882812,569.3333129882812,581.9111328125,3443071
2008-08-27,588.4222412109375,588.4222412109375,571.4111328125,572.7555541992188,3246853
2008-08-28,571.111083984375,577.5555419921875,550.2222290039062,555.7333374023438,7150158
2008-08-29,563.3333129882812,579.5555419921875,563.3333129882812,576.388916015625,4602775
2008-09-01,574.2222290039062,574.2222290039062,561.111083984375,570.2444458007812,3650449
2008-09-02,575.3333129882812,601.4000244140625,572.2222290039062,597.2888793945312,7498048
2008-09-04,592.1777954101562,596.0,582.888916015625,593.522216796875,4437967
2008-09-05,585.5555419921875,588.6666870117188,578.2222290039062,581.3444213867188,4491162
2008-09-08,608.888916015625,641.95556640625,600.0,608.3333129882812,8295327
2008-09-09,604.2222290039062,612.8222045898438,598.0,608.6555786132812,4540396
2008-09-10,603.3333129882812,612.4222412109375,598.933349609375,603.566650390625,4854190
2008-09-11,598.0,602.7777709960938,589.3777465820312,592.1555786132812,5366376
2008-09-12,598.0,600.0,582.0,586.477783203125,6164374
2008-09-15,572.45556640625,577.3333129882812,554.0,564.7999877929688,6903679
2008-09-16,551.3333129882812,563.7777709960938,544.5555419921875,561.2000122070312,6295950
2008-09-17,566.6666870117188,568.8333129882812,551.3333129882812,556.3333129882812,5365890
2008-09-18,542.2222290039062,570.0,522.2777709960938,567.4111328125,8031150
2008-09-19,588.888916015625,600.2333374023438,574.3777465820312,587.5888671875,6332229
2008-09-22,595.3333129882812,597.8666381835938,566.6666870117188,571.2444458007812,6271978
2008-09-23,566.3777465820312,576.8777465820312,559.0111083984375,562.5555419921875,5700222
2008-09-24,566.4444580078125,577.7777709960938,562.888916015625,566.7888793945312,5623965
2008-09-25,568.888916015625,574.4444580078125,561.5555419921875,570.111083984375,6397105
2008-09-26,569.9888916015625,569.9888916015625,546.6666870117188,548.5999755859375,6717181
2008-09-29,555.5555419921875,555.5555419921875,516.888916015625,521.611083984375,9195588
2008-09-30,522.1555786132812,550.0,432.22222900390625,543.6444702148438,12589114
2008-10-01,555.5111083984375,568.888916015625,512.2666625976562,540.4888916015625,6017692
2008-10-03,537.3333129882812,554.6666870117188,511.1111145019531,515.111083984375,6355941
2008-10-06,497.77777099609375,506.6666564941406,474.6666564941406,481.75555419921875,5806923
2008-10-07,488.8888854980469,500.0,442.22222900390625,448.022216796875,12960339
2008-10-08,431.1111145019531,453.77777099609375,415.1111145019531,429.5555419921875,9189108
2008-10-10,400.0,413.28887939453125,377.77777099609375,395.71112060546875,9614949
2008-10-13,400.04443359375,444.4444580078125,400.04443359375,438.26666259765625,6621021
2008-10-14,453.3333435058594,479.1111145019531,442.1333312988281,446.71112060546875,7046266
2008-10-15,444.4444580078125,444.4444580078125,392.9333190917969,398.04443359375,12120459
2008-10-16,359.1555480957031,384.4444580078125,355.5555419921875,366.0,11078617
2008-10-17,373.3333435058594,382.22222900390625,351.1333312988281,355.4222106933594,8917940
2008-10-20,373.3333435058594,391.1111145019531,348.0,360.75555419921875,8605305
2008-10-21,366.6666564941406,402.0888977050781,362.26666259765625,382.04443359375,9397280
2008-10-22,373.3555603027344,376.4444580078125,359.1111145019531,362.5111083984375,6532517
2008-10-23,351.1111145019531,376.95556640625,343.5555419921875,370.0,8990388
2008-10-24,357.77777099609375,366.22222900390625,333.9333190917969,341.5333251953125,8120733
2008-10-27,337.77777099609375,342.22222900390625,302.22222900390625,321.5555419921875,6776088
2008-10-29,351.5555419921875,360.0,332.0,337.6888732910156,6724435
2008-10-31,351.0888977050781,364.8888854980469,345.3555603027344,358.6888732910156,10454559
2008-11-03,368.8888854980469,404.4444580078125,368.8888854980469,398.8444519042969,9222444
2008-11-04,393.3555603027344,412.8888854980469,384.022216796875,410.26666259765625,6685272
2008-11-05,426.6666564941406,426.6666564941406,382.22222900390625,384.77777099609375,6177658
2008-11-06,371.1111145019531,399.79998779296875,364.4444580078125,381.9111022949219,6470298
2008-11-07,382.22222900390625,394.77777099609375,372.4444580078125,386.8222351074219,5658005
2008-11-10,396.0,417.0666809082031,389.1777648925781,410.1333312988281,7730298
2008-11-11,395.5555419921875,408.75555419921875,381.77777099609375,384.022216796875,5983944
2008-11-12,386.8888854980469,391.1111145019531,360.4888916015625,366.4444580078125,8129785
2008-11-14,376.4444580078125,382.22222900390625,348.0,351.977783203125,8814633
2008-11-17,357.77777099609375,357.77777099609375,335.6000061035156,351.20001220703125,8342604
2008-11-18,346.6444396972656,354.5333251953125,335.5555419921875,339.31109619140625,4966760
2008-11-19,344.4444580078125,351.1111145019531,322.26666259765625,325.3999938964844,6836256
2008-11-20,320.0,320.0,309.0666809082031,316.4222106933594,6369531
2008-11-21,311.1111145019531,346.6666564941406,311.1111145019531,336.5333251953125,7797249
2008-11-24,344.31109619140625,351.1111145019531,331.26666259765625,337.20001220703125,7567724
2008-11-25,344.4444580078125,348.4444580078125,324.8888854980469,327.4666748046875,5227465
2008-11-26,333.3333435058594,336.3999938964844,320.4444580078125,333.8444519042969,6253350
2008-11-27,333.8444519042969,333.8444519042969,333.8444519042969,333.8444519042969,0
2008-11-28,328.8888854980469,335.4888916015625,314.22222900390625,323.22222900390625,7458997
2008-12-01,337.77777099609375,339.77777099609375,311.1111145019531,312.4222106933594,6645123
2008-12-02,305.6888732910156,308.8888854980469,297.77777099609375,302.1333312988281,9534611
2008-12-03,315.4888916015625,315.4888916015625,301.1111145019531,307.0888977050781,7124307
2008-12-04,309.77777099609375,339.0666809082031,306.73333740234375,332.5333251953125,9660690
2008-12-05,330.6666564941406,338.6666564941406,321.24444580078125,324.04443359375,6060249
2008-12-08,326.9333190917969,345.6444396972656,324.8666687011719,328.5111083984375,7404378
2008-12-10,331.5555419921875,348.75555419921875,329.77777099609375,346.5777893066406,8402935
2008-12-11,351.1111145019531,352.3555603027344,337.3333435058594,347.5555419921875,7188286
2008-12-12,340.0,357.3333435058594,330.22222900390625,350.28887939453125,9927839
2008-12-15,357.75555419921875,369.6444396972656,354.04443359375,365.4444580078125,9881986
2008-12-16,368.8888854980469,375.1111145019531,356.0,360.24444580078125,7739367
2008-12-17,362.4666748046875,368.4444580078125,345.8222351074219,348.8888854980469,6449548
2008-12-18,346.6888732910156,361.77777099609375,337.77777099609375,360.3999938964844,7368603
2008-12-19,351.1111145019531,368.6666564941406,351.1111145019531,364.1333312988281,5566329
2008-12-22,364.977783203125,371.5555419921875,359.1111145019531,362.22222900390625,4334175
2008-12-23,357.77777099609375,358.28887939453125,340.8888854980469,344.26666259765625,6719357
2008-12-24,337.77777099609375,344.4444580078125,333.8666687011719,340.20001220703125,5200854
2008-12-26,342.1777648925781,349.3333435058594,328.8888854980469,330.9333190917969,3310787
2008-12-29,329.77777099609375,334.22222900390625,320.5555419921875,329.8666687011719,4496487
2008-12-30,330.1333312988281,345.24444580078125,330.1333312988281,343.0666809082031,4614916
2008-12-31,346.6666564941406,352.6666564941406,338.31109619140625,343.8888854980469,4132491
2009-01-02,362.4666748046875,372.75555419921875,362.3777770996094,366.8222351074219,5061543
2009-01-05,376.8888854980469,383.0888977050781,369.8666687011719,381.022216796875,5645972
2009-01-06,375.5555419921875,386.6222229003906,370.5777893066406,377.8666687011719,7650951
2009-01-07,382.22222900390625,382.977783203125,337.6444396972656,344.28887939453125,8478630
2009-01-09,341.20001220703125,341.20001220703125,289.8666687011719,320.3777770996094,14629203
2009-01-12,311.1111145019531,324.4444580078125,302.22222900390625,305.9111022949219,10397673
2009-01-13,304.4444580078125,317.6888732910156,302.22222900390625,311.04443359375,3816596
2009-01-14,315.5555419921875,319.73333740234375,310.0888977050781,315.20001220703125,4125746
2009-01-15,306.6666564941406,319.977783203125,297.77777099609375,314.1777648925781,5900134
2009-01-16,316.0,324.3999938964844,311.26666259765625,318.73333740234375,5162105
2009-01-19,320.8888854980469,327.3333435058594,317.77777099609375,323.3999938964844,4500114
2009-01-20,314.24444580078125,319.1111145019531,312.0888977050781,314.977783203125,4352742
2009-01-21,308.8888854980469,313.3333435058594,302.3333435058594,304.5111083984375,4640548
2009-01-22,309.77777099609375,312.8888854980469,289.3777770996094,295.3999938964844,7262968
2009-01-23,293.3333435058594,297.0,283.1111145019531,284.9111022949219,6345996
2009-01-27,284.4888916015625,293.3333435058594,269.1333312988281,283.4444580078125,8124363
2009-01-28,286.6666564941406,301.24444580078125,284.0888977050781,298.5333251953125,10260022
2009-01-29,302.8222351074219,308.75555419921875,289.77777099609375,293.79998779296875,8641829
2009-01-30,290.5777893066406,308.8888854980469,287.28887939453125,306.77777099609375,13529535
2009-02-02,301.77777099609375,310.22222900390625,291.1111145019531,293.5777893066406,7096974
2009-02-03,297.77777099609375,301.77777099609375,287.3333435058594,292.26666259765625,7514228
2009-02-04,295.6222229003906,299.95556640625,288.977783203125,291.24444580078125,7324445
2009-02-05,292.8888854980469,294.977783203125,280.8888854980469,282.9333190917969,6124889
2009-02-06,284.4444580078125,288.79998779296875,282.26666259765625,283.95556640625,5069990
2009-02-09,288.8888854980469,301.3333435058594,284.1111145019531,299.73333740234375,7300433
2009-02-10,297.77777099609375,313.1111145019531,297.77777099609375,310.4666748046875,8320095
2009-02-11,302.71112060546875,309.977783203125,299.4888916015625,306.4222106933594,6146941
2009-02-12,302.22222900390625,307.9111022949219,300.6222229003906,303.31109619140625,4093355
2009-02-13,305.77777099609375,315.75555419921875,304.4444580078125,312.0888977050781,5804655
2009-02-16,311.0888977050781,315.5555419921875,293.79998779296875,296.3555603027344,6058410
2009-02-17,292.4222106933594,295.4888916015625,289.3333435058594,292.6222229003906,5156642
2009-02-18,291.1111145019531,294.8888854980469,287.20001220703125,289.75555419921875,4687839
2009-02-19,292.8888854980469,294.5333251953125,283.6000061035156,284.6000061035156,5990494
2009-02-20,282.22222900390625,282.6666564941406,273.3777770996094,276.20001220703125,5595815
2009-02-24,273.3333435058594,280.4444580078125,268.977783203125,277.5555419921875,5589929
2009-02-25,288.0,288.0,270.8666687011719,271.95556640625,6715505
2009-02-26,275.1111145019531,279.3333435058594,269.3999938964844,271.0666809082031,9112797
2009-02-27,280.0,280.0,265.95556640625,272.77777099609375,8016619
2009-03-02,264.4666748046875,270.22222900390625,258.3777770996094,259.6444396972656,5660480
2009-03-03,259.5555419921875,263.3333435058594,253.3333282470703,254.22222900390625,6417834
2009-03-04,255.55555725097656,260.3999938964844,254.6888885498047,257.977783203125,5352426
2009-03-05,260.0,260.8888854980469,251.3333282470703,252.77777099609375,5519619
2009-03-06,252.44444274902344,260.79998779296875,247.11111450195312,258.1555480957031,6585619
2009-03-09,254.6666717529297,259.77777099609375,247.15554809570312,249.8000030517578,4426002
2009-03-12,257.77777099609375,259.28887939453125,253.3333282470703,256.04443359375,4060228
2009-03-13,263.1111145019531,275.1111145019531,258.6666564941406,273.4222106933594,7093777
2009-03-16,275.0666809082031,281.1111145019531,270.3333435058594,278.6222229003906,4788839
2009-03-17,274.22222900390625,279.5555419921875,271.1111145019531,274.4888916015625,4717336
2009-03-18,276.5777893066406,287.1111145019531,275.5555419921875,282.5555419921875,7764986
2009-03-19,284.4222106933594,288.4444580078125,269.3777770996094,270.8444519042969,7903244
2009-03-20,268.8888854980469,271.95556640625,257.8666687011719,260.04443359375,10652949
2009-03-23,262.6666564941406,271.3333435058594,261.4666748046875,268.77777099609375,7009710
2009-03-24,272.6666564941406,279.5555419921875,268.022216796875,270.1555480957031,7690711
2009-03-25,272.4444580078125,279.3333435058594,268.0888977050781,277.1555480957031,7555725
2009-03-26,279.5555419921875,297.77777099609375,279.5555419921875,294.28887939453125,13953386
2009-03-27,297.6444396972656,307.73333740234375,294.6666564941406,302.3999938964844,6607489
2009-03-30,295.5555419921875,300.3999938964844,287.04443359375,289.6222229003906,6225813
2009-03-31,290.6666564941406,306.6666564941406,290.22222900390625,298.3999938964844,7538161
2009-04-01,301.77777099609375,304.3999938964844,293.9111022949219,298.8666687011719,5407339
2009-04-02,304.4444580078125,326.9333190917969,304.4444580078125,319.0,11436900
2009-04-06,326.6666564941406,345.3333435058594,322.4888916015625,342.3555603027344,11551000
2009-04-08,332.4444580078125,360.8888854980469,329.04443359375,358.6444396972656,13743522
2009-04-09,373.24444580078125,378.6666564941406,357.9333190917969,369.977783203125,10567176
2009-04-13,374.4222106933594,382.22222900390625,349.022216796875,367.28887939453125,20620055
2009-04-15,364.4444580078125,398.22222900390625,356.4444580078125,390.3333435058594,11543917
2009-04-16,400.0,400.4444580078125,362.9333190917969,369.79998779296875,14644273
2009-04-17,375.5555419921875,400.8888854980469,370.0,386.3333435058594,14387769
2009-04-20,395.79998779296875,399.5555419921875,384.4888916015625,393.0,6806526
2009-04-21,382.22222900390625,390.1777648925781,376.4888916015625,379.24444580078125,5741370
2009-04-22,385.0,388.4444580078125,365.022216796875,367.26666259765625,5426167
2009-04-23,369.95556640625,388.79998779296875,362.22222900390625,383.77777099609375,6322752
2009-04-24,391.1111145019531,397.77777099609375,382.3555603027344,394.022216796875,5528738
2009-04-27,387.1777648925781,406.6666564941406,385.8666687011719,403.3999938964844,8708303
2009-04-28,401.3333435058594,410.8888854980469,385.8888854980469,388.0666809082031,9193182
2009-04-29,381.1333312988281,395.1111145019531,378.6666564941406,390.8222351074219,7548455
2009-04-30,390.8222351074219,390.8222351074219,390.8222351074219,390.8222351074219,0
2009-05-04,400.0,426.4888916015625,397.77777099609375,423.4888916015625,8165099
2009-05-05,426.5777893066406,441.20001220703125,424.4444580078125,436.20001220703125,7809315
2009-05-06,440.0,445.77777099609375,427.1111145019531,431.5333251953125,7292531
2009-05-07,433.3333435058594,444.0,432.0,438.9333190917969,4476109
2009-05-08,438.22222900390625,448.8888854980469,426.71112060546875,440.6222229003906,7600187
2009-05-11,442.6666564941406,451.4222106933594,423.5555419921875,428.3555603027344,5489914
2009-05-12,431.1111145019531,438.6222229003906,415.5555419921875,436.6222229003906,6959877
2009-05-13,440.0,444.4444580078125,427.1111145019531,433.9333190917969,6420624
2009-05-14,422.22222900390625,428.4444580078125,403.0,420.6222229003906,5205771
2009-05-15,438.6666564941406,443.1111145019531,424.4444580078125,439.5555419921875,5925168
2009-05-18,506.8444519042969,571.111083984375,488.8888854980469,547.4000244140625,68467
2009-05-19,577.7777709960938,656.4444580078125,563.5555419921875,596.95556640625,23310641
2009-05-20,595.5555419921875,639.5555419921875,591.1555786132812,605.022216796875,14970723
2009-05-21,600.0,604.4444580078125,542.5777587890625,550.3555297851562,8622207
2009-05-22,546.6444702148438,581.9111328125,542.2444458007812,578.111083984375,8190389
2009-05-25,586.6666870117188,592.888916015625,573.3777465820312,579.977783203125,4805129
2009-05-26,584.4444580078125,587.9111328125,553.4444580078125,556.7999877929688,4124776
2009-05-27,567.5555419921875,585.1555786132812,566.6666870117188,583.2000122070312,4623885
2009-05-28,586.6666870117188,611.111083984375,569.022216796875,598.0888671875,11480843
2009-05-29,607.111083984375,630.2222290039062,602.2222290039062,623.2000122070312,7212413
2009-06-01,628.9111328125,637.2000122070312,612.4444580078125,622.5111083984375,6410166
2009-06-02,627.5555419921875,634.6666870117188,613.933349609375,628.111083984375,7677495
2009-06-03,631.111083984375,638.2222290039062,615.7777709960938,624.5999755859375,6108336
2009-06-04,617.7777709960938,651.5111083984375,608.888916015625,646.8444213867188,6116033
2009-06-05,655.5555419921875,688.888916015625,650.066650390625,676.7111206054688,8260922
2009-06-08,677.7777709960938,698.977783203125,646.7333374023438,657.9111328125,10661949
2009-06-09,653.3333129882812,705.2888793945312,653.3333129882812,699.022216796875,8605282
2009-06-10,711.6221923828125,746.5777587890625,711.6221923828125,723.888916015625,10878432
2009-06-11,728.933349609375,735.111083984375,704.933349609375,724.0,9711380
2009-06-12,744.888916015625,754.977783203125,690.6666870117188,703.022216796875,7893762
2009-06-15,700.0,704.933349609375,664.4666748046875,669.4666748046875,6220656
2009-06-16,660.0,686.2222290039062,649.4666748046875,678.0,6641028
2009-06-17,675.5555419921875,677.2444458007812,646.6666870117188,652.8222045898438,8521548
2009-06-18,647.1333618164062,657.7777709960938,623.2888793945312,629.2222290039062,6450252
2009-06-19,637.7555541992188,671.9111328125,635.5555419921875,665.3555297851562,5325475
2009-06-22,673.3110961914062,686.2222290039062,662.2888793945312,672.5111083984375,5315672
2009-06-23,660.0,664.4444580078125,640.0,660.6221923828125,7336224
2009-06-24,666.2222290039062,677.3333129882812,660.933349609375,670.4888916015625,5615235
2009-06-25,674.04443359375,688.0,668.888916015625,679.7111206054688,6988970
2009-06-26,684.5555419921875,719.4222412109375,684.5555419921875,715.7333374023438,8213595
2009-06-29,702.7777709960938,732.888916015625,702.7777709960938,720.7999877929688,5011337
2009-06-30,732.4444580078125,737.7777709960938,689.04443359375,696.7999877929688,9098784
2009-07-01,708.8666381835938,713.1555786132812,687.5555419921875,699.4444580078125,5039556
2009-07-02,701.7777709960938,706.5999755859375,683.2000122070312,696.4666748046875,5237115
2009-07-03,688.888916015625,720.0,684.4444580078125,714.4666748046875,4331034
2009-07-06,718.6666870117188,738.6221923828125,642.2222290039062,650.7333374023438,10162104
2009-07-07,658.6666870117188,677.2444458007812,653.7777709960938,666.7333374023438,7719243
2009-07-08,661.7777709960938,661.7777709960938,623.2222290039062,628.6221923828125,7845547
2009-07-09,635.5555419921875,640.0,607.6444702148438,617.3333129882812,5950041
2009-07-10,622.2222290039062,632.7333374023438,595.5555419921875,602.9111328125,6619385
2009-07-13,594.0,602.04443359375,580.1777954101562,591.1555786132812,4871529
2009-07-14,600.6889038085938,616.4444580078125,597.066650390625,607.8222045898438,6078064
2009-07-15,615.5555419921875,639.111083984375,613.3777465820312,635.8444213867188,5571378
2009-07-16,639.95556640625,660.888916015625,608.888916015625,612.933349609375,11484562
2009-07-17,613.3333129882812,636.4000244140625,613.3333129882812,630.8666381835938,6598631
2009-07-20,636.4444580078125,652.2222290039062,635.5555419921875,647.95556640625,4977168
2009-07-21,648.888916015625,661.3333129882812,636.4444580078125,654.4666748046875,4781301
2009-07-22,656.4444580078125,666.6444702148438,637.0,643.8666381835938,4959711
2009-07-23,653.3333129882812,666.2222290039062,647.5555419921875,662.1333618164062,4396684
2009-07-24,667.2666625976562,675.066650390625,657.7777709960938,666.4888916015625,4724329
2009-07-27,669.3333129882812,675.5555419921875,657.2444458007812,666.7999877929688,3701184
2009-07-28,667.111083984375,675.5555419921875,660.6444702148438,663.933349609375,3919864
2009-07-29,657.7777709960938,672.888916015625,644.888916015625,651.5777587890625,5016433
2009-07-30,648.7555541992188,670.6666870117188,637.3555297851562,663.4888916015625,5201743
2009-07-31,671.111083984375,682.6221923828125,661.3333129882812,669.4888916015625,4799497
2009-08-03,666.2222290039062,683.95556640625,663.3555297851562,675.4444580078125,3155132
2009-08-04,679.5555419921875,686.0888671875,668.977783203125,675.2666625976562,4661464
2009-08-05,675.4222412109375,680.2000122070312,660.0,673.8666381835938,3735076
2009-08-06,669.95556640625,683.066650390625,654.2222290039062,660.9111328125,4821934
2009-08-07,657.7777709960938,661.3333129882812,648.888916015625,651.7333374023438,3708351
2009-08-10,660.4000244140625,663.8666381835938,623.7333374023438,638.2888793945312,3840644
2009-08-11,631.111083984375,648.4444580078125,622.6666870117188,642.0888671875,4153347
2009-08-12,635.4222412109375,636.8444213867188,617.7777709960938,632.04443359375,4901683
2009-08-13,643.5555419921875,666.6666870117188,640.04443359375,664.6444702148438,3799390
2009-08-14,664.4444580078125,674.6666870117188,655.5555419921875,660.6444702148438,3326760
2009-08-17,653.7777709960938,653.7777709960938,623.5555419921875,627.95556640625,3989506
2009-08-18,628.4222412109375,660.0,622.2222290039062,657.111083984375,5838309
2009-08-19,656.888916015625,667.7111206054688,640.4888916015625,658.6666870117188,5537875
2009-08-20,664.4444580078125,675.111083984375,656.4888916015625,659.0888671875,4613584
2009-08-21,659.5555419921875,661.7777709960938,644.5111083984375,659.2444458007812,4656402
2009-08-24,666.6666870117188,692.0,664.4444580078125,689.022216796875,5436407
2009-08-25,682.2222290039062,707.5555419921875,676.022216796875,699.3333129882812,5066190
2009-08-26,700.888916015625,704.1333618164062,695.4222412109375,700.2000122070312,2628639
2009-08-27,693.7777709960938,714.8444213867188,686.6666870117188,711.3110961914062,4000556
2009-08-28,708.4444580078125,722.2222290039062,707.1777954101562,719.2666625976562,4893203
2009-08-31,712.4444580078125,715.5555419921875,693.3333129882812,696.6444702148438,4075409
2009-09-01,691.5555419921875,708.6666870117188,684.0,689.1333618164062,3373533
2009-09-02,677.7777709960938,690.977783203125,675.7555541992188,680.977783203125,2260080
2009-09-03,684.4444580078125,689.2444458007812,668.2222290039062,673.2222290039062,2420973
2009-09-04,704.7111206054688,704.7111206054688,670.4888916015625,696.6221923828125,3368106
2009-09-07,706.2222290039062,712.0,700.0,710.4000244140625,2779290
2009-09-08,717.888916015625,727.066650390625,709.5777587890625,718.95556640625,3927723
2009-09-09,717.6444702148438,723.8666381835938,709.3333129882812,712.022216796875,3116036
2009-09-10,720.0,723.5555419921875,702.6666870117188,711.5333251953125,3630021
2009-09-11,712.0,725.3333129882812,711.111083984375,723.5333251953125,3518865
2009-09-14,720.0,721.7777709960938,708.977783203125,713.2666625976562,1897510
2009-09-15,716.0,732.3333129882812,715.5555419921875,724.2222290039062,3343572
2009-09-16,728.4444580078125,735.5555419921875,720.0888671875,724.9111328125,3451023
2009-09-17,726.6666870117188,739.4222412109375,720.3110961914062,731.3777465820312,2901217
2009-09-18,727.5555419921875,737.7777709960938,726.2222290039062,735.5999755859375,2544401
2009-09-22,737.7777709960938,745.3110961914062,731.111083984375,741.5999755859375,2794493
2009-09-23,742.2222290039062,746.0888671875,722.95556640625,726.7111206054688,2959933
2009-09-24,720.0,742.2222290039062,718.2666625976562,737.04443359375,4296678
2009-09-25,734.2222290039062,743.5999755859375,727.5555419921875,731.7111206054688,2222025
2009-09-29,733.3333129882812,741.066650390625,728.888916015625,733.1333618164062,2215226
2009-09-30,733.2444458007812,754.4444580078125,729.7333374023438,750.7555541992188,3439041
2009-10-01,750.0888671875,750.7555541992188,734.888916015625,740.0888671875,2496165
2009-10-05,732.7555541992188,741.7777709960938,727.111083984375,735.3333129882812,2522225
2009-10-06,737.3333129882812,750.2222290039062,720.4444580078125,746.933349609375,3003241
2009-10-07,748.888916015625,768.6221923828125,741.3333129882812,745.4444580078125,5869174
2009-10-08,753.3333129882812,754.6666870117188,724.4444580078125,733.6889038085938,5536527
2009-10-09,737.7777709960938,737.7777709960938,722.2444458007812,725.9111328125,3073045
2009-10-12,735.5555419921875,738.2222290039062,724.4444580078125,736.4444580078125,2437373
2009-10-13,736.4444580078125,736.4444580078125,736.4444580078125,736.4444580078125,0
2009-10-14,740.888916015625,755.111083984375,740.0,751.1333618164062,2253177
2009-10-15,757.7777709960938,759.111083984375,740.2666625976562,752.3777465820312,3148098
2009-10-16,754.6666870117188,759.3777465820312,740.111083984375,753.4222412109375,3894660
2009-10-20,759.111083984375,759.8666381835938,740.5555419921875,743.9111328125,3988401
2009-10-21,743.9111328125,753.7777709960938,740.0,743.6221923828125,4934736
2009-10-22,747.1555786132812,747.1555786132812,708.5333251953125,715.4666748046875,7450814
2009-10-23,719.5555419921875,723.5555419921875,693.3777465820312,697.95556640625,10039088
2009-10-26,702.111083984375,717.3333129882812,690.2222290039062,702.2888793945312,4979274
2009-10-27,694.6666870117188,713.2444458007812,686.5333251953125,692.022216796875,4334940
2009-10-28,688.888916015625,714.5333251953125,685.888916015625,707.1777954101562,4424721
2009-10-29,689.5555419921875,705.8666381835938,689.5555419921875,698.7111206054688,7504643
2009-10-30,706.6666870117188,715.5555419921875,685.022216796875,696.888916015625,4443527
2009-11-03,688.888916015625,711.1333618164062,673.4000244140625,678.2222290039062,4550726
2009-11-04,685.111083984375,692.0,675.5555419921875,687.4000244140625,4093130
2009-11-05,685.8444213867188,688.0,660.1333618164062,685.4666748046875,5514898
2009-11-06,693.3333129882812,707.5555419921875,688.888916015625,702.022216796875,3759747
2009-11-09,711.04443359375,713.5555419921875,693.7777709960938,711.7555541992188,3031341
2009-11-10,721.066650390625,721.066650390625,700.0,709.977783203125,3266430
2009-11-11,710.022216796875,730.6666870117188,703.2000122070312,728.4666748046875,3685945
2009-11-12,728.888916015625,737.3333129882812,720.977783203125,729.066650390625,3748032
2009-11-13,730.6666870117188,740.7999877929688,726.888916015625,730.8444213867188,2348658
2009-11-16,737.7777709960938,742.2222290039062,732.8444213867188,734.6444702148438,2395766
2009-11-17,736.4444580078125,739.5555419921875,727.6221923828125,736.1333618164062,2265599
2009-11-18,737.022216796875,737.022216796875,721.04443359375,723.4888916015625,2753223
2009-11-19,720.04443359375,726.6444702148438,713.7777709960938,717.6666870117188,2079704
2009-11-20,712.0,730.0,711.111083984375,726.111083984375,3093988
2009-11-23,726.111083984375,733.2888793945312,723.6666870117188,726.888916015625,1458427
2009-11-24,726.6666870117188,736.3555297851562,720.022216796875,733.022216796875,2516161
2009-11-25,731.5555419921875,737.3333129882812,727.8666381835938,733.6889038085938,2006813
2009-11-26,733.3333129882812,735.6666870117188,717.7999877929688,724.933349609375,3446750
2009-11-27,705.04443359375,714.6666870117188,680.0,706.4222412109375,5987634
2009-11-30,716.4444580078125,724.4444580078125,711.111083984375,717.5999755859375,2256637
2009-12-01,719.8666381835938,727.111083984375,716.6889038085938,724.0888671875,2338949
2009-12-02,726.6666870117188,728.888916015625,716.111083984375,722.933349609375,2488680
2009-12-03,725.3333129882812,727.0888671875,717.8222045898438,721.977783203125,2369214
2009-12-04,719.5555419921875,728.8444213867188,714.4888916015625,721.2888793945312,1357357
2009-12-07,722.2222290039062,729.3333129882812,717.3333129882812,727.6666870117188,1553508
2009-12-08,727.5555419921875,737.6889038085938,724.888916015625,736.1777954101562,2058522
2009-12-09,733.3333129882812,743.95556640625,730.6666870117188,736.3555297851562,2154156
2009-12-10,736.4666748046875,751.8222045898438,730.7333374023438,750.066650390625,3212124
2009-12-11,755.066650390625,756.6666870117188,740.2000122070312,751.4000244140625,3578213
2009-12-14,746.6666870117188,761.7555541992188,743.5999755859375,755.5333251953125,2939512
2009-12-15,756.0,764.4444580078125,744.4444580078125,747.5111083984375,3126188
2009-12-16,750.6666870117188,754.6666870117188,736.1555786132812,748.022216796875,2825410
2009-12-17,744.4444580078125,749.3333129882812,732.4444580078125,737.7333374023438,1617669
2009-12-18,735.5555419921875,739.5555419921875,730.2222290039062,733.3555297851562,1648023
2009-12-21,733.3333129882812,734.2222290039062,714.022216796875,715.5777587890625,2306445
2009-12-22,722.2222290039062,722.3110961914062,715.5999755859375,718.6221923828125,1548654
2009-12-23,720.0,744.4444580078125,715.5555419921875,743.111083984375,2902459
2009-12-24,751.5555419921875,751.5555419921875,735.2000122070312,747.6221923828125,2358245
2009-12-29,748.933349609375,755.5555419921875,744.2666625976562,748.2222290039062,1888929
2009-12-30,748.888916015625,748.888916015625,737.8666381835938,739.3333129882812,1241291
2009-12-31,740.0,752.3555297851562,740.0,745.5999755859375,2847861
2010-01-04,748.0,754.1555786132812,748.0,751.7333374023438,1060024
2010-01-05,757.7777709960938,760.1777954101562,748.5111083984375,753.066650390625,2683989
2010-01-06,736.8222045898438,758.6221923828125,736.8222045898438,744.7333374023438,3076209
2010-01-07,743.977783203125,750.4444580078125,737.7999877929688,741.1555786132812,2033021
2010-01-08,742.4444580078125,754.1555786132812,742.4444580078125,745.8444213867188,2940979
2010-01-11,751.5555419921875,755.5555419921875,743.6444702148438,745.4666748046875,2235555
2010-01-12,747.5555419921875,754.1777954101562,739.111083984375,746.3333129882812,3121051
2010-01-13,742.2222290039062,750.6666870117188,738.5333251953125,743.6444702148438,1822801
2010-01-14,746.7555541992188,746.7555541992188,734.6666870117188,741.5111083984375,3908340
2010-01-15,744.022216796875,744.022216796875,731.111083984375,733.8666381835938,3226792
2010-01-18,735.4666748046875,743.5555419921875,728.888916015625,735.4444580078125,1598541
2010-01-19,737.7777709960938,740.7999877929688,726.9111328125,730.0,2303975
2010-01-20,733.7777709960938,734.1777954101562,724.6666870117188,727.0888671875,2281223
2010-01-21,726.5777587890625,728.0,674.7555541992188,677.3777465820312,11137290
2010-01-22,677.4000244140625,677.4000244140625,638.3777465820312,654.0888671875,12968561
2010-01-25,654.6666870117188,666.2222290039062,647.111083984375,662.4222412109375,3983746
2010-01-27,656.8444213867188,661.7777709960938,639.111083984375,648.022216796875,5295822
2010-01-28,653.3333129882812,660.7111206054688,626.6666870117188,636.2222290039062,9322481
2010-01-29,633.3333129882812,645.111083984375,622.6666870117188,632.8222045898438,8075187
2010-02-01,642.0888671875,642.0888671875,625.7777709960938,629.888916015625,5986399
2010-02-02,635.5555419921875,639.111083984375,617.7777709960938,620.6221923828125,5351231
2010-02-03,622.8222045898438,647.5555419921875,617.7777709960938,644.5111083984375,6031122
2010-02-04,640.0,647.5111083984375,633.5999755859375,642.1333618164062,3639273
2010-02-05,628.888916015625,641.1555786132812,617.7333374023438,632.888916015625,4964971
2010-02-08,640.0,649.7777709960938,628.2222290039062,641.977783203125,3517267
2010-02-09,644.0,651.04443359375,637.0,649.7111206054688,3634060
2010-02-10,653.7777709960938,656.4444580078125,636.0,638.3110961914062,2548539
2010-02-11,640.4444580078125,648.888916015625,640.4444580078125,643.5999755859375,1173273
2010-02-15,648.0,648.3110961914062,632.888916015625,636.9111328125,1660459
2010-02-16,628.6221923828125,650.2222290039062,626.6666870117188,642.5333251953125,1971357
2010-02-17,649.0,659.5555419921875,648.4000244140625,655.2444458007812,1994555
2010-02-18,659.3555297851562,659.3555297851562,650.2222290039062,656.111083984375,1557193
2010-02-19,653.2444458007812,664.0,641.4666748046875,657.0888671875,2128083
2010-02-22,662.2222290039062,667.5111083984375,656.7555541992188,662.9111328125,1523517
2010-02-23,660.0,664.3777465820312,651.3555297851562,662.04443359375,2109415
2010-02-24,660.0,673.7777709960938,653.7777709960938,667.1777954101562,3990600
2010-02-25,671.111083984375,685.7777709960938,668.2444458007812,682.4888916015625,5460808
2010-02-26,682.2222290039062,703.5555419921875,679.5555419921875,695.2444458007812,4210276
2010-03-02,723.8666381835938,723.8666381835938,698.2222290039062,704.6221923828125,2401391
2010-03-03,702.3333129882812,706.6666870117188,696.2222290039062,701.4000244140625,1871334
2010-03-04,699.9111328125,707.7111206054688,694.4000244140625,706.2444458007812,1820173
2010-03-05,708.0,717.7333374023438,703.2666625976562,705.5555419921875,2443961
2010-03-08,713.3333129882812,717.6444702148438,706.2222290039062,712.5333251953125,2874874
2010-03-09,713.7777709960938,717.888916015625,703.4000244140625,706.1777954101562,2392031
2010-03-10,706.2222290039062,711.111083984375,696.1333618164062,700.5111083984375,1706316
2010-03-11,701.5555419921875,704.4000244140625,693.5777587890625,698.933349609375,1944045
2010-03-12,700.111083984375,704.3333129882812,691.8666381835938,695.4444580078125,3276096
2010-03-15,695.111083984375,701.977783203125,685.7777709960938,690.5777587890625,2918470
2010-03-16,691.111083984375,715.7999877929688,689.8666381835938,710.7555541992188,2171043
2010-03-17,711.7111206054688,724.8444213867188,707.4000244140625,723.0888671875,3615536
2010-03-18,721.7777709960938,726.6666870117188,711.5555419921875,718.1333618164062,2314122
2010-03-19,718.2666625976562,724.4000244140625,713.5777587890625,720.5777587890625,2263830
2010-03-22,715.5555419921875,721.3555297851562,705.1333618164062,717.4888916015625,2033208
2010-03-23,720.0,722.6666870117188,712.2666625976562,717.8444213867188,1728180
2010-03-25,717.3333129882812,734.1333618164062,711.111083984375,729.5777587890625,3721788
2010-03-26,728.4444580078125,733.1777954101562,723.4444580078125,725.7333374023438,1978742
2010-03-29,728.3555297851562,742.2222290039062,722.2666625976562,739.5333251953125,2884736
2010-03-30,742.2222290039062,742.2222290039062,722.9111328125,727.6889038085938,1500988
2010-03-31,728.4444580078125,731.111083984375,718.3333129882812,724.8222045898438,3110625
2010-04-01,729.8222045898438,736.2222290039062,725.3555297851562,733.6444702148438,1565478
2010-04-05,736.5555419921875,737.3333129882812,728.022216796875,731.7111206054688,1798537
2010-04-06,733.3333129882812,738.5999755859375,727.5555419921875,734.2444458007812,3518421
2010-04-07,735.5555419921875,737.3333129882812,729.4666748046875,731.5555419921875,3612735
2010-04-08,730.977783203125,732.3555297851562,718.5333251953125,722.6221923828125,2082294
2010-04-09,723.111083984375,733.3333129882812,718.3333129882812,729.2222290039062,2930469
2010-04-12,731.111083984375,731.111083984375,709.7777709960938,713.5111083984375,3428640
2010-04-13,714.6666870117188,717.2000122070312,707.2666625976562,710.3333129882812,2510948
2010-04-15,715.5555419921875,719.4888916015625,695.6444702148438,698.6666870117188,3426606
2010-04-16,697.7777709960938,702.6666870117188,693.3333129882812,699.5555419921875,2464409
2010-04-19,696.1555786132812,703.7333374023438,687.5111083984375,700.5999755859375,2127881
2010-04-20,700.0,712.9111328125,696.2222290039062,706.1777954101562,2659090
2010-04-21,709.7777709960938,710.7111206054688,695.5555419921875,701.2444458007812,2041605
2010-04-22,697.3333129882812,713.7777709960938,692.5111083984375,698.7999877929688,3432105
2010-04-23,702.2222290039062,720.888916015625,700.022216796875,718.933349609375,3712324
2010-04-26,722.2222290039062,727.3110961914062,716.4888916015625,720.0,1145562
2010-04-27,719.111083984375,728.7555541992188,716.0888671875,724.2444458007812,1749150
2010-04-28,713.3333129882812,722.2222290039062,703.3333129882812,707.8444213867188,2194976
2010-04-29,707.5555419921875,717.7777709960938,704.4444580078125,710.9111328125,2317718
2010-04-30,715.5555419921875,722.2222290039062,712.0,717.7999877929688,1467288
2010-05-03,712.4444580078125,712.888916015625,700.4000244140625,707.5111083984375,1266999
2010-05-04,708.4444580078125,715.5555419921875,681.5111083984375,688.5999755859375,2654397
2010-05-05,684.4444580078125,685.977783203125,673.2888793945312,683.933349609375,2211421
2010-05-06,680.5777587890625,684.0,667.5555419921875,678.6221923828125,2816106
2010-05-07,673.3333129882812,681.7777709960938,659.5555419921875,674.3777465820312,3154284
2010-05-10,686.2222290039062,734.9111328125,676.0,687.4666748046875,2772567
2010-05-11,686.7777709960938,693.2888793945312,682.7111206054688,686.3333129882812,1915303
2010-05-12,691.111083984375,697.3333129882812,686.2222290039062,695.066650390625,2177352
2010-05-13,697.7777709960938,703.111083984375,689.4888916015625,698.2222290039062,1618011
2010-05-14,693.8666381835938,704.4444580078125,676.0,679.7111206054688,1718943
2010-05-17,677.7999877929688,719.888916015625,655.5999755859375,714.1777954101562,8069409
2010-05-18,717.7777709960938,748.7555541992188,717.7777709960938,738.2444458007812,10550373
2010-05-19,733.3333129882812,743.4888916015625,717.7777709960938,726.04443359375,8234842
2010-05-20,726.6666870117188,740.0,718.6666870117188,729.8222045898438,4416095
2010-05-21,724.4444580078125,724.4444580078125,707.7777709960938,714.9111328125,3020890
2010-05-24,724.4444580078125,732.888916015625,718.3555297851562,725.066650390625,2727688
2010-05-25,723.5555419921875,723.5555419921875,691.2222290039062,692.6666870117188,4179827
2010-05-26,702.2222290039062,720.0,698.3555297851562,714.5555419921875,2481957
2010-05-27,715.5555419921875,728.3333129882812,713.3333129882812,723.933349609375,3673959
2010-05-28,726.6666870117188,731.111083984375,718.3777465820312,722.9111328125,1934824
2010-05-31,722.6666870117188,728.8444213867188,720.0,725.04443359375,1919479
2010-06-01,723.5111083984375,723.5111083984375,706.5777587890625,708.2666625976562,1810874
2010-06-02,713.3333129882812,728.0,704.4444580078125,725.1333618164062,2664166
2010-06-03,725.1333618164062,742.2222290039062,725.1333618164062,740.7777709960938,2846650
2010-06-04,744.888916015625,744.888916015625,730.7555541992188,743.111083984375,1538853
2010-06-07,728.888916015625,735.5555419921875,721.6889038085938,728.977783203125,1230927
2010-06-08,731.111083984375,734.888916015625,719.5555419921875,723.2888793945312,2037291
2010-06-09,727.111083984375,733.3333129882812,718.0,730.111083984375,2243997
2010-06-10,732.0888671875,744.4444580078125,732.0,743.2888793945312,3062198
2010-06-11,747.5555419921875,748.888916015625,742.6666870117188,745.3555297851562,2269413
2010-06-14,747.5555419921875,759.9111328125,746.1777954101562,757.2888793945312,3002206
2010-06-15,766.066650390625,768.2222290039062,755.5555419921875,766.4222412109375,3101676
2010-06-16,773.3333129882812,773.3333129882812,760.022216796875,764.977783203125,1983834
2010-06-17,764.4444580078125,792.0,760.4444580078125,789.7777709960938,6239173
2010-06-18,791.111083984375,807.7777709960938,791.111083984375,799.3333129882812,5589558
2010-06-21,802.4666748046875,819.111083984375,800.5555419921875,816.1555786132812,3011031
2010-06-22,814.2222290039062,817.7777709960938,802.8222045898438,811.1777954101562,3265074
2010-06-23,810.6666870117188,811.1777954101562,780.9111328125,784.4666748046875,5630807
2010-06-24,790.2222290039062,799.0,784.6889038085938,796.2888793945312,3753819
2010-06-25,795.5555419921875,797.7555541992188,778.8222045898438,781.8222045898438,1729572
2010-06-28,781.7777709960938,798.4666748046875,781.1555786132812,796.8444213867188,1676344
2010-06-29,795.4000244140625,802.977783203125,791.111083984375,798.5777587890625,3150002
2010-06-30,791.111083984375,807.5555419921875,789.4222412109375,803.977783203125,2708743
2010-07-01,799.8222045898438,802.6444702148438,793.7777709960938,797.4000244140625,1386580
2010-07-02,799.2000122070312,805.3333129882812,791.111083984375,793.7777709960938,1035810
2010-07-05,793.7777709960938,802.8444213867188,791.1777954101562,795.933349609375,955363
2010-07-06,796.888916015625,802.3333129882812,794.2222290039062,799.8666381835938,1142779
2010-07-07,801.3333129882812,802.0888671875,791.111083984375,794.1555786132812,1253083
2010-07-08,800.0,812.888916015625,799.95556640625,808.8444213867188,2338247
2010-07-09,813.3333129882812,816.933349609375,808.0,809.8444213867188,1404481
2010-07-12,804.4444580078125,816.4222412109375,802.2222290039062,811.6221923828125,2396166
2010-07-13,813.3333129882812,821.2888793945312,808.0,817.2666625976562,2688162
2010-07-14,815.6221923828125,842.6221923828125,815.6221923828125,837.2666625976562,4515871
2010-07-15,841.7777709960938,843.4666748046875,830.3555297851562,832.8222045898438,2694048
2010-07-16,833.3333129882812,837.7777709960938,827.3777465820312,831.3777465820312,2488567
2010-07-19,829.2000122070312,843.95556640625,825.04443359375,841.9111328125,2349240
2010-07-20,841.9111328125,852.888916015625,840.1333618164062,846.2222290039062,2295076
2010-07-21,846.6221923828125,853.3333129882812,843.2666625976562,851.3555297851562,2049833
2010-07-22,852.888916015625,858.6221923828125,842.5333251953125,856.5777587890625,2340938
2010-07-23,862.1333618164062,864.4666748046875,857.7777709960938,861.2666625976562,2851672
2010-07-26,862.2222290039062,866.977783203125,851.111083984375,853.3110961914062,1649025
2010-07-27,857.7777709960938,857.7777709960938,820.04443359375,828.2888793945312,10142736
2010-07-28,826.6666870117188,835.5555419921875,808.4000244140625,810.5111083984375,3784592
2010-07-29,804.5333251953125,816.2444458007812,796.4444580078125,807.977783203125,4492296
2010-07-30,819.977783203125,819.977783203125,796.04443359375,797.4666748046875,2407952
2010-08-02,800.4444580078125,810.933349609375,800.4444580078125,805.4666748046875,1354565
2010-08-03,808.888916015625,810.6221923828125,789.4000244140625,793.4000244140625,2674543
2010-08-04,794.6666870117188,807.5555419921875,789.2888793945312,802.6666870117188,2379782
2010-08-05,808.8444213867188,810.2888793945312,801.7777709960938,803.8666381835938,2221589
2010-08-06,806.6666870117188,813.2000122070312,797.8444213867188,800.6666870117188,1769087
2010-08-09,803.8666381835938,807.5555419921875,798.5999755859375,805.7333374023438,1381054
2010-08-10,805.7333374023438,815.3777465820312,800.6889038085938,812.1555786132812,2302929
2010-08-11,808.888916015625,817.3110961914062,802.2222290039062,806.0,2323271
2010-08-12,806.0,808.0,798.2444458007812,801.1555786132812,1762942
2010-08-13,804.0,810.2222290039062,800.04443359375,803.8666381835938,1214565
2010-08-16,796.4444580078125,814.2222290039062,792.04443359375,795.5111083984375,1765008
2010-08-17,796.0,799.4222412109375,786.1555786132812,788.2444458007812,1806876
2010-08-18,789.111083984375,800.0,783.111083984375,796.4888916015625,2044404
2010-08-19,800.0,809.7777709960938,800.0,808.1777954101562,1500898
2010-08-20,811.111083984375,833.2888793945312,804.4444580078125,830.5777587890625,4259988
2010-08-23,831.111083984375,838.4444580078125,821.7777709960938,834.8444213867188,2872219
2010-08-24,833.3333129882812,836.7333374023438,822.7111206054688,826.933349609375,1041077
2010-08-25,827.5555419921875,832.2666625976562,818.2222290039062,822.7333374023438,1543353
2010-08-26,823.5555419921875,832.888916015625,818.6666870117188,828.7777709960938,2526671
2010-08-27,831.1555786132812,833.3110961914062,808.0888671875,817.6221923828125,1126498
2010-08-30,822.1333618164062,828.888916015625,804.4444580078125,808.3333129882812,1018057
2010-08-31,811.5555419921875,811.5555419921875,795.5555419921875,806.066650390625,1978731
2010-09-01,808.888916015625,816.888916015625,800.888916015625,814.977783203125,1221300
2010-09-02,819.5555419921875,825.3333129882812,813.3777465820312,818.3777465820312,1309945
2010-09-03,833.2000122070312,833.2000122070312,811.111083984375,815.5777587890625,818982
2010-09-06,822.2222290039062,825.3333129882812,812.4444580078125,815.066650390625,1504644
2010-09-07,821.7777709960938,839.4222412109375,820.0888671875,833.888916015625,2665080
2010-09-08,832.6221923828125,836.933349609375,823.3333129882812,829.5777587890625,1481566
2010-09-09,831.5555419921875,837.7777709960938,825.8222045898438,836.2222290039062,1592421
2010-09-13,844.4444580078125,853.3333129882812,842.2222290039062,846.4444580078125,2837234
2010-09-14,852.0,855.5555419921875,844.8444213867188,853.4222412109375,1916343
2010-09-15,855.3777465820312,861.7333374023438,850.3777465820312,852.4222412109375,2247961
2010-09-16,852.4444580078125,865.3333129882812,847.5555419921875,859.5555419921875,2209729
2010-09-17,863.111083984375,875.5555419921875,863.111083984375,872.5111083984375,2239938
2010-09-20,872.5111083984375,893.3333129882812,871.111083984375,888.9111328125,3409791
2010-09-21,892.0,922.2222290039062,889.933349609375,906.6221923828125,6131047
2010-09-22,906.6221923828125,914.3777465820312,874.8444213867188,885.1777954101562,4561510
2010-09-23,888.0,895.5555419921875,873.3333129882812,888.1333618164062,2538103
2010-09-24,889.4444580078125,899.4222412109375,882.2666625976562,897.4000244140625,2791309
2010-09-27,913.2000122070312,913.2000122070312,898.0,900.7999877929688,2639112
2010-09-28,902.2666625976562,912.2000122070312,897.7777709960938,909.933349609375,2439474
2010-09-29,911.111083984375,913.6444702148438,901.3333129882812,906.7999877929688,2400585
2010-09-30,905.7777709960938,920.0,894.6666870117188,912.5111083984375,2514471
2010-10-01,916.0,936.7999877929688,911.111083984375,932.7333374023438,3206045
2010-10-04,936.888916015625,942.1777954101562,913.4222412109375,918.888916015625,2183289
2010-10-05,918.888916015625,926.6666870117188,908.2222290039062,912.5999755859375,1689304
2010-10-06,919.95556640625,926.3777465820312,917.933349609375,921.066650390625,1010398
2010-10-07,924.4444580078125,924.4444580078125,900.4444580078125,905.2222290039062,1826232
2010-10-08,907.3333129882812,919.5777587890625,900.04443359375,908.1555786132812,1945073
2010-10-11,898.2222290039062,917.7777709960938,863.3110961914062,905.7777709960938,1192133
2010-10-12,906.7333374023438,906.7333374023438,882.2222290039062,888.6666870117188,2013504
2010-10-13,884.4444580078125,929.6444702148438,882.3555297851562,923.5999755859375,3789018
2010-10-14,925.7777709960938,928.4444580078125,890.6666870117188,894.2444458007812,3678925
2010-10-15,899.3333129882812,899.933349609375,878.6666870117188,883.8222045898438,2230823
2010-10-18,883.8222045898438,898.5777587890625,856.933349609375,895.7333374023438,6507976
2010-10-19,905.7777709960938,905.7777709960938,882.7777709960938,887.022216796875,2547825
2010-10-20,883.5555419921875,901.7777709960938,882.5777587890625,891.111083984375,1966275
2010-10-21,893.3333129882812,910.6666870117188,891.111083984375,908.0888671875,1909687
2010-10-22,904.9111328125,907.6889038085938,888.95556640625,897.4888916015625,995294
2010-10-25,902.2222290039062,908.888916015625,896.888916015625,904.2888793945312,2130489
2010-10-26,903.5555419921875,910.977783203125,895.5555419921875,906.9111328125,1435412
2010-10-27,905.7555541992188,905.7555541992188,890.1333618164062,894.8444213867188,1282765
2010-10-28,897.3333129882812,906.888916015625,882.8222045898438,889.1333618164062,4552312
2010-10-29,890.2222290039062,905.3110961914062,888.933349609375,901.2444458007812,2605164
2010-11-01,908.4444580078125,930.2222290039062,908.4444580078125,926.2444458007812,3896343
2010-11-02,926.1777954101562,950.8444213867188,925.1555786132812,948.0888671875,4719055
2010-11-03,950.8222045898438,957.7777709960938,940.888916015625,955.066650390625,2535651
2010-11-04,957.888916015625,983.4222412109375,957.7777709960938,965.3110961914062,2436734
2010-11-08,965.3333129882812,972.888916015625,948.4444580078125,960.2444458007812,1887714
2010-11-09,960.888916015625,968.888916015625,950.0,965.7111206054688,1232426
2010-11-10,965.7777709960938,966.6666870117188,953.3777465820312,961.5333251953125,1012527
2010-11-11,957.8222045898438,963.7999877929688,943.7777709960938,945.95556640625,1658310
2010-11-12,940.0,944.0,921.3555297851562,924.5555419921875,2681655
2010-11-15,924.0,929.3333129882812,908.888916015625,926.5777587890625,1468368
2010-11-16,928.0,928.0,888.888916015625,891.3555297851562,3144071
2010-11-18,893.3333129882812,911.111083984375,886.888916015625,905.933349609375,2716767
2010-11-19,908.4000244140625,923.9111328125,902.3333129882812,910.4888916015625,3840786
2010-11-22,912.4444580078125,917.7777709960938,904.6666870117188,908.5999755859375,1380593
2010-11-23,902.2222290039062,914.022216796875,884.4444580078125,910.6666870117188,2276763
2010-11-24,905.3777465820312,906.6666870117188,889.3777465820312,896.4000244140625,2580241
2010-11-25,897.7777709960938,898.6666870117188,842.111083984375,859.6221923828125,4548982
2010-11-26,867.111083984375,876.888916015625,848.888916015625,860.95556640625,2993089
2010-11-29,864.4444580078125,879.9111328125,862.2222290039062,873.2888793945312,1327344
2010-11-30,873.2888793945312,873.2888793945312,852.0,866.6889038085938,2439371
2010-12-01,867.5555419921875,908.888916015625,864.2666625976562,901.9111328125,2268067
2010-12-02,907.6889038085938,917.3333129882812,891.111083984375,895.5777587890625,2625504
2010-12-03,895.5555419921875,904.3110961914062,887.111083984375,898.3777465820312,1680277
2010-12-06,897.7777709960938,911.5555419921875,888.4444580078125,893.066650390625,1496598
2010-12-07,893.3333129882812,901.2444458007812,878.7333374023438,896.2222290039062,1552527
2010-12-08,898.4444580078125,898.4444580078125,882.2222290039062,886.2888793945312,2058198
2010-12-09,892.888916015625,894.04443359375,858.2222290039062,862.3777465820312,2073019
2010-12-10,862.1333618164062,880.888916015625,853.3333129882812,863.888916015625,3772410
2010-12-13,871.111083984375,877.7777709960938,852.6889038085938,872.1555786132812,2777512
2010-12-14,876.4444580078125,892.0,875.5555419921875,888.8222045898438,1793063
2010-12-15,887.5555419921875,897.7777709960938,881.4000244140625,888.5999755859375,2239247
2010-12-16,891.111083984375,891.111083984375,876.4888916015625,881.4666748046875,1933483
2010-12-20,884.888916015625,894.1555786132812,875.5555419921875,879.2222290039062,2291856
2010-12-21,880.888916015625,886.6666870117188,872.4444580078125,877.9111328125,1393944
2010-12-22,880.4444580078125,884.1333618164062,864.5111083984375,868.977783203125,1472377
2010-12-23,869.7777709960938,875.3110961914062,856.4888916015625,860.066650390625,1899060
2010-12-24,857.7777709960938,873.2000122070312,857.7333374023438,871.2000122070312,1392831
2010-12-27,872.7555541992188,882.6666870117188,863.3777465820312,866.6666870117188,1314828
2010-12-28,871.5555419921875,871.5555419921875,860.0,862.111083984375,1326836
2010-12-29,865.7777709960938,871.8222045898438,860.1333618164062,869.6444702148438,923613
2010-12-30,864.888916015625,879.95556640625,864.888916015625,877.977783203125,1954530
2010-12-31,883.111083984375,890.2222290039062,877.7777709960938,879.6666870117188,1729930
2011-01-03,882.3777465820312,885.9111328125,875.5555419921875,880.2222290039062,1478535
2011-01-04,884.4444580078125,885.4666748046875,870.888916015625,878.04443359375,1810300
2011-01-05,880.933349609375,888.0,851.2000122070312,857.111083984375,3261451
2011-01-06,864.4444580078125,864.4444580078125,832.888916015625,834.6221923828125,4125462
2011-01-07,831.111083984375,834.1333618164062,812.4444580078125,820.5555419921875,2917224
2011-01-10,817.7777709960938,818.977783203125,783.2666625976562,791.4444580078125,4401749
2011-01-11,792.888916015625,801.95556640625,781.3555297851562,791.3110961914062,5237136
2011-01-12,800.0,800.0,768.0888671875,782.2888793945312,7337814
2011-01-13,786.6666870117188,793.3333129882812,768.888916015625,777.0,4601603
2011-01-14,780.0,781.6444702148438,752.8444213867188,760.022216796875,6219774
2011-01-17,762.6666870117188,770.0888671875,737.7777709960938,746.5333251953125,7212552
2011-01-18,750.04443359375,754.3333129882812,740.0,748.4444580078125,3374766
2011-01-19,751.111083984375,753.2000122070312,729.4666748046875,734.0,4831413
2011-01-20,732.6666870117188,741.933349609375,729.3777465820312,736.066650390625,3892342
2011-01-21,738.6666870117188,742.2222290039062,727.5555419921875,733.0888671875,3417734
2011-01-24,740.0,742.2222290039062,731.8666381835938,737.2666625976562,3100599
2011-01-25,749.3333129882812,755.5555419921875,737.7777709960938,740.7555541992188,5373103
2011-01-27,747.5555419921875,748.4444580078125,726.2222290039062,731.2666625976562,4441221
2011-01-28,731.111083984375,733.3333129882812,708.1777954101562,714.3555297851562,4194535
2011-01-31,711.066650390625,732.5999755859375,698.95556640625,729.3777465820312,3201194
2011-02-01,733.3333129882812,738.8444213867188,696.5555419921875,701.5555419921875,6206307
2011-02-02,710.2222290039062,711.4222412109375,695.5555419921875,699.3333129882812,3391728
2011-02-03,696.0,728.8444213867188,693.3333129882812,724.7111206054688,5758688
2011-02-04,726.2222290039062,726.2222290039062,692.4444580078125,697.7999877929688,3790093
2011-02-07,702.2222290039062,704.4444580078125,682.5333251953125,684.111083984375,3455390
2011-02-08,687.2666625976562,687.95556640625,668.4444580078125,669.7333374023438,3494623
2011-02-09,669.7333374023438,683.5555419921875,653.7999877929688,658.5999755859375,5214852
2011-02-10,655.7111206054688,672.4444580078125,649.3333129882812,662.977783203125,6364118
2011-02-11,664.4444580078125,697.2000122070312,664.4444580078125,691.5999755859375,3785906
2011-02-14,694.3777465820312,742.2222290039062,694.3777465820312,737.8444213867188,6076608
2011-02-15,742.2222290039062,750.6444702148438,718.2222290039062,722.111083984375,3955646
2011-02-16,726.6666870117188,737.6889038085938,724.933349609375,735.3333129882812,2497790
2011-02-17,740.8444213867188,755.5555419921875,727.5333251953125,753.5333251953125,3822984
2011-02-18,756.022216796875,766.6666870117188,725.4000244140625,728.5111083984375,3901322
2011-02-21,734.5333251953125,746.0,715.8222045898438,734.3777465820312,3571402
2011-02-22,728.888916015625,728.888916015625,710.2666625976562,713.7111206054688,2874710
2011-02-23,711.2666625976562,722.888916015625,709.7777709960938,711.5333251953125,2230881
2011-02-24,711.111083984375,711.111083984375,671.111083984375,673.95556640625,6143303
2011-02-25,683.7555541992188,687.111083984375,657.9111328125,672.8666381835938,5492310
2011-02-28,680.888916015625,708.4444580078125,674.8222045898438,679.0888671875,6935082
2011-03-01,685.8666381835938,721.3333129882812,684.4444580078125,716.111083984375,4832788
2011-03-03,713.1333618164062,745.2000122070312,704.4222412109375,739.888916015625,6411539
2011-03-04,746.6666870117188,747.7777709960938,713.7777709960938,715.9111328125,5027978
2011-03-07,710.977783203125,710.977783203125,686.8222045898438,697.7999877929688,4015599
2011-03-08,700.04443359375,710.2222290039062,689.111083984375,695.6221923828125,4105386
2011-03-09,702.2222290039062,704.8444213867188,692.2666625976562,697.977783203125,2121221
2011-03-10,696.888916015625,696.888916015625,686.6666870117188,690.7555541992188,2059998
2011-03-11,684.4666748046875,698.5777587890625,681.3777465820312,685.1555786132812,2587018
2011-03-14,684.4444580078125,695.5555419921875,680.5111083984375,694.2888793945312,2048739
2011-03-15,684.4444580078125,690.6221923828125,669.7555541992188,677.3333129882812,3840709
2011-03-16,679.4222412109375,691.066650390625,679.4222412109375,685.6666870117188,3243012
2011-03-17,675.5555419921875,691.0888671875,675.5555419921875,676.95556640625,2149013
2011-03-18,680.5777587890625,684.04443359375,671.111083984375,673.8666381835938,2309958
2011-03-21,678.6666870117188,680.2666625976562,667.6444702148438,669.4666748046875,2223816
2011-03-22,675.111083984375,679.95556640625,672.4444580078125,675.977783203125,1504255
2011-03-23,676.7555541992188,684.2666625976562,673.933349609375,680.2888793945312,2625477
2011-03-24,685.3333129882812,691.7777709960938,684.4444580078125,688.7777709960938,2654894
2011-03-25,693.3333129882812,714.5777587890625,693.3333129882812,710.4000244140625,4286706
2011-03-28,711.5555419921875,737.7777709960938,711.5555419921875,728.1555786132812,6824902
2011-03-29,730.022216796875,746.6666870117188,724.933349609375,731.95556640625,5168335
2011-03-30,735.1555786132812,751.5333251953125,733.3555297851562,736.2888793945312,6342788
2011-03-31,740.0,754.022216796875,731.5999755859375,734.1777954101562,9210750
2011-04-01,741.5555419921875,744.7999877929688,729.888916015625,732.022216796875,3182373
2011-04-04,737.7333374023438,753.3333129882812,730.3777465820312,750.7999877929688,3494499
2011-04-05,754.2222290039062,757.7777709960938,736.933349609375,741.111083984375,3508836
2011-04-06,737.7777709960938,745.2888793945312,732.0,735.7999877929688,3454193
2011-04-07,736.933349609375,745.111083984375,732.0,742.0,3521011
2011-04-08,744.4444580078125,752.888916015625,734.6666870117188,745.977783203125,4908201
2011-04-11,736.5777587890625,751.066650390625,736.5777587890625,741.3777465820312,2400909
2011-04-13,733.933349609375,763.4666748046875,731.1555786132812,763.4666748046875,5485954
2011-04-15,761.04443359375,785.7777709960938,758.2666625976562,767.8444213867188,6036297
2011-04-18,773.3333129882812,785.2666625976562,740.6221923828125,745.8444213867188,5653149
2011-04-19,739.111083984375,760.0,738.2222290039062,757.4000244140625,3598330
2011-04-20,764.4888916015625,767.3777465820312,747.066650390625,758.2888793945312,3265987
2011-04-21,764.4444580078125,768.888916015625,752.2666625976562,758.7777709960938,2849265
2011-04-25,754.7111206054688,771.111083984375,753.4666748046875,765.9111328125,2182234
2011-04-26,766.95556640625,768.6666870117188,747.2222290039062,761.4888916015625,2296977
2011-04-27,762.2222290039062,766.6444702148438,748.888916015625,749.933349609375,1890643
2011-04-28,754.6666870117188,757.1777954101562,734.4888916015625,737.8444213867188,3009555
2011-04-29,739.8666381835938,742.977783203125,706.6666870117188,709.1333618164062,4104495
2011-05-02,715.5555419921875,716.7555541992188,692.933349609375,713.2000122070312,2658894
2011-05-03,711.3333129882812,712.8666381835938,680.1777954101562,683.2888793945312,4947205
2011-05-04,685.2000122070312,689.95556640625,678.4666748046875,685.2888793945312,3056598
2011-05-05,688.4444580078125,696.888916015625,677.7999877929688,681.1333618164062,2940534
2011-05-06,688.3110961914062,697.2888793945312,683.5555419921875,687.1555786132812,2961454
2011-05-09,688.888916015625,693.6221923828125,680.2222290039062,689.2666625976562,2071185
2011-05-10,688.4444580078125,695.5111083984375,681.7777709960938,685.3110961914062,1498772
2011-05-11,684.933349609375,687.4000244140625,674.888916015625,676.7333374023438,2003258
2011-05-12,676.7999877929688,682.977783203125,666.6666870117188,667.2222290039062,3766083
2011-05-13,670.4444580078125,688.8444213867188,662.2444458007812,679.3333129882812,3839989
2011-05-16,679.5555419921875,683.95556640625,671.6444702148438,674.1555786132812,2306061
2011-05-17,674.7555541992188,683.3333129882812,666.6666870117188,669.1333618164062,2714382
2011-05-18,672.1333618164062,678.0,667.3777465820312,669.7777709960938,2534994
2011-05-19,673.3333129882812,715.5555419921875,655.3333129882812,708.8222045898438,18927369
2011-05-20,716.0,742.2222290039062,716.0,734.3333129882812,11148126
2011-05-23,731.5999755859375,731.5999755859375,715.5999755859375,716.6666870117188,3812436
2011-05-24,712.4888916015625,735.4222412109375,712.4888916015625,730.0,4869490
2011-05-25,729.111083984375,730.0,703.4222412109375,713.111083984375,4163996
2011-05-26,715.5999755859375,732.7999877929688,708.7555541992188,728.1555786132812,4982631
2011-05-27,726.7555541992188,740.0,723.5555419921875,728.1333618164062,2230137
2011-05-30,733.3110961914062,735.4222412109375,721.5555419921875,724.8666381835938,2061364
2011-05-31,727.3333129882812,736.111083984375,725.977783203125,729.933349609375,3108892
2011-06-01,729.7777709960938,750.6666870117188,729.5777587890625,748.8666381835938,4219699
2011-06-02,740.0888671875,745.6666870117188,735.2222290039062,743.1555786132812,3224497
2011-06-03,747.111083984375,764.3110961914062,746.888916015625,761.2222290039062,6236988
2011-06-06,755.5555419921875,771.5777587890625,755.1555786132812,767.9111328125,2770548
2011-06-07,765.0888671875,767.2888793945312,754.4444580078125,758.04443359375,2802726
2011-06-08,756.7999877929688,763.111083984375,752.6889038085938,756.7555541992188,1610478
2011-06-09,755.4666748046875,770.5333251953125,752.4444580078125,767.0888671875,2912073
2011-06-10,764.4666748046875,769.2888793945312,745.7999877929688,752.9111328125,3212021
2011-06-13,751.066650390625,761.2888793945312,745.1777954101562,759.066650390625,1973511
2011-06-14,760.066650390625,770.5333251953125,760.066650390625,767.7555541992188,1774512
2011-06-15,768.2666625976562,769.4666748046875,759.3777465820312,763.5111083984375,1409166
2011-06-16,755.5555419921875,759.3110961914062,743.2666625976562,745.8222045898438,2299558
2011-06-17,747.2666625976562,753.022216796875,738.6666870117188,746.6221923828125,1702062
2011-06-20,745.7777709960938,754.4888916015625,730.95556640625,738.1333618164062,2854723
2011-06-21,738.7555541992188,746.6444702148438,724.6666870117188,730.022216796875,2035138
2011-06-22,734.7111206054688,743.888916015625,732.4444580078125,734.933349609375,2015952
2011-06-23,735.5555419921875,745.2222290039062,728.888916015625,741.3777465820312,1817696
2011-06-24,746.6666870117188,775.5555419921875,745.7999877929688,773.0888671875,4067613
2011-06-27,764.0,795.5555419921875,764.0,794.0,4865978
2011-06-28,795.8444213867188,801.95556640625,788.9111328125,800.4000244140625,5150391
2011-06-29,802.2222290039062,804.4444580078125,794.2888793945312,800.0888671875,3296556
2011-06-30,808.4444580078125,815.4888916015625,798.7111206054688,810.5555419921875,4361301
2011-07-01,821.6666870117188,821.7777709960938,800.977783203125,803.3333129882812,1984846
2011-07-04,810.0888671875,811.111083984375,791.111083984375,795.6444702148438,2675067
2011-07-05,799.5555419921875,804.7333374023438,791.7555541992188,796.2666625976562,1991445
2011-07-06,793.888916015625,808.8444213867188,793.888916015625,802.933349609375,2167166
2011-07-07,804.4444580078125,830.2222290039062,803.1333618164062,828.2000122070312,3999406
2011-07-08,828.4444580078125,830.4222412109375,810.5555419921875,816.2666625976562,2738970
2011-07-11,813.2888793945312,821.9111328125,810.04443359375,814.5777587890625,1775047
2011-07-12,805.4666748046875,810.5555419921875,785.7777709960938,790.7333374023438,3227294
2011-07-13,795.6221923828125,803.022216796875,793.3333129882812,800.2222290039062,1931782
2011-07-14,798.6666870117188,818.8222045898438,791.5777587890625,808.2000122070312,3232190
2011-07-15,808.0,813.2888793945312,800.5555419921875,810.2444458007812,2054200
2011-07-18,811.111083984375,811.111083984375,794.2222290039062,796.6889038085938,2100084
2011-07-19,795.95556640625,809.3333129882812,791.6666870117188,806.5111083984375,2144520
2011-07-20,808.888916015625,812.888916015625,797.7777709960938,801.111083984375,2066654
2011-07-21,800.0,806.4444580078125,793.933349609375,795.3555297851562,3153199
2011-07-22,801.5777587890625,813.3333129882812,798.7555541992188,812.111083984375,1879575
2011-07-25,808.111083984375,825.9111328125,808.066650390625,823.2666625976562,1897796
2011-07-26,824.0,828.6666870117188,788.2000122070312,790.3555297851562,4202653
2011-07-27,792.0888671875,797.933349609375,771.1555786132812,781.6889038085938,3477559
2011-07-28,777.3333129882812,779.4222412109375,767.5999755859375,773.4444580078125,2498379
2011-07-29,771.5555419921875,778.2222290039062,763.6221923828125,766.9111328125,2020509
2011-08-01,771.5555419921875,785.4444580078125,771.5555419921875,784.0,1771922
2011-08-02,781.3333129882812,783.066650390625,764.4444580078125,770.6889038085938,1774575
2011-08-03,763.5555419921875,763.5555419921875,733.7777709960938,737.2222290039062,6375530
2011-08-04,741.3333129882812,743.2222290039062,730.0,732.7111206054688,2753907
2011-08-05,719.4888916015625,731.111083984375,698.3555297851562,728.2888793945312,4570713
2011-08-08,706.6666870117188,744.04443359375,704.4444580078125,725.0,7153551
2011-08-09,696.2222290039062,736.4444580078125,696.2222290039062,716.4444580078125,6592207
2011-08-10,733.3333129882812,739.022216796875,723.7777709960938,736.6221923828125,3323326
2011-08-11,733.3333129882812,737.7777709960938,725.3333129882812,729.066650390625,2138206
2011-08-12,738.6666870117188,741.3333129882812,722.5999755859375,731.933349609375,2999376
2011-08-16,738.7555541992188,741.7777709960938,715.5555419921875,722.2222290039062,2738360
2011-08-17,720.5777587890625,735.111083984375,712.95556640625,730.4000244140625,3086698
2011-08-18,732.4444580078125,733.04443359375,720.4666748046875,723.5555419921875,2878245
2011-08-19,711.111083984375,712.4444580078125,684.4444580078125,686.9111328125,6431069
2011-08-22,688.04443359375,699.5555419921875,674.7333374023438,694.2222290039062,3630177
2011-08-23,700.1555786132812,711.022216796875,694.5777587890625,707.933349609375,2935183
2011-08-24,708.4444580078125,715.4222412109375,684.888916015625,692.4666748046875,2945610
2011-08-25,692.0888671875,697.2888793945312,677.3777465820312,687.3333129882812,4280528
2011-08-26,689.5555419921875,697.3333129882812,677.7777709960938,680.5999755859375,4128718
2011-08-29,692.0,727.7555541992188,685.5999755859375,717.4444580078125,4091377
2011-08-30,723.3333129882812,732.0,698.4000244140625,715.0888671875,4570249
2011-09-02,722.0888671875,722.2222290039062,705.5333251953125,715.2444458007812,3198474
2011-09-05,704.0,726.2222290039062,702.2222290039062,722.3333129882812,3969778
2011-09-06,720.04443359375,732.888916015625,711.933349609375,730.7999877929688,3606844
2011-09-07,730.7333374023438,752.8444213867188,730.7333374023438,746.6889038085938,4741474
2011-09-08,750.6666870117188,765.7777709960938,735.5999755859375,760.5555419921875,5243762
2011-09-09,757.7999877929688,761.7777709960938,746.066650390625,752.2444458007812,4400844
2011-09-12,740.0,742.2222290039062,722.6666870117188,731.3110961914062,3986239
2011-09-13,731.111083984375,743.5777587890625,721.7777709960938,726.5999755859375,1956251
2011-09-14,727.6444702148438,728.888916015625,709.3777465820312,714.95556640625,4403047
2011-09-15,720.4000244140625,720.4000244140625,700.066650390625,706.95556640625,4613487
2011-09-16,712.066650390625,725.5111083984375,709.8222045898438,715.022216796875,4003663
2011-09-19,710.2222290039062,710.2222290039062,693.3110961914062,693.888916015625,4533997
2011-09-20,695.111083984375,698.933349609375,689.3333129882812,694.6221923828125,5632206
2011-09-21,696.3110961914062,706.2222290039062,690.2888793945312,692.888916015625,3408439
2011-09-22,685.5999755859375,685.5999755859375,657.8222045898438,662.9111328125,7750496
2011-09-23,657.7777709960938,657.7777709960938,640.04443359375,645.0,6487438
2011-09-26,646.2222290039062,647.5555419921875,626.6666870117188,634.022216796875,4349502
2011-09-27,646.7111206054688,649.7777709960938,640.888916015625,642.5111083984375,2792272
2011-09-28,646.1333618164062,646.3777465820312,622.2444458007812,623.8666381835938,4059875
2011-09-29,623.022216796875,623.022216796875,599.4000244140625,608.6666870117188,9596691
2011-09-30,609.3333129882812,621.5111083984375,600.3555297851562,603.3777465820312,6847715
2011-10-03,597.2000122070312,597.2222290039062,578.95556640625,586.3110961914062,5427659
2011-10-04,584.888916015625,606.0,582.7333374023438,594.977783203125,6583880
2011-10-05,600.0,607.7777709960938,595.1777954101562,596.9111328125,3468762
2011-10-07,613.7777709960938,621.5555419921875,611.111083984375,619.1777954101562,3980576
2011-10-10,619.111083984375,622.5555419921875,608.066650390625,615.6889038085938,3331874
2011-10-11,622.6666870117188,633.2888793945312,622.6666870117188,626.5777587890625,3042045
2011-10-12,631.111083984375,643.2444458007812,623.7333374023438,641.5999755859375,3873584
2011-10-13,643.5555419921875,644.4444580078125,628.0,630.7111206054688,2629665
2011-10-14,628.4444580078125,635.04443359375,621.7777709960938,625.5777587890625,3309770
2011-10-17,630.0,630.6221923828125,611.2666625976562,613.4000244140625,2715502
2011-10-18,605.7777709960938,606.888916015625,595.1555786132812,599.4222412109375,3575472
2011-10-19,604.4444580078125,624.3555297851562,602.933349609375,622.2444458007812,4050706
2011-10-20,614.5777587890625,617.3333129882812,609.4222412109375,615.6444702148438,3491086
2011-10-21,615.5555419921875,630.1777954101562,588.888916015625,593.4666748046875,13013939
2011-10-24,599.95556640625,600.0,573.7777709960938,575.2222290039062,9524337
2011-10-25,574.8222045898438,596.0,563.4000244140625,594.2444458007812,10888454
2011-10-28,615.5111083984375,632.0,613.8444213867188,629.7777709960938,6231267
2011-10-31,629.7777709960938,635.111083984375,623.2888793945312,628.066650390625,3296135
2011-11-01,620.0,620.4444580078125,612.4444580078125,617.7999877929688,4145467
2011-11-02,611.111083984375,622.0,607.4222412109375,617.7555541992188,4977823
2011-11-03,615.1555786132812,617.3333129882812,605.066650390625,613.4444580078125,4186282
2011-11-04,622.111083984375,624.8444213867188,616.2666625976562,619.4222412109375,3629814
2011-11-08,622.6666870117188,624.4444580078125,612.6889038085938,618.933349609375,3537020
2011-11-09,622.6666870117188,622.6666870117188,608.4666748046875,610.7777709960938,3021079
2011-11-11,607.5555419921875,608.3555297851562,587.7777709960938,591.2888793945312,4496253
2011-11-14,599.5555419921875,599.95556640625,586.6666870117188,589.7111206054688,3099834
2011-11-15,589.3333129882812,595.4666748046875,566.888916015625,572.6221923828125,3474310
2011-11-16,567.5111083984375,567.5111083984375,544.0,549.5555419921875,7832115
2011-11-17,548.0,557.6889038085938,542.3777465820312,547.888916015625,5588752
2011-11-18,546.2222290039062,556.8666381835938,533.8222045898438,553.1555786132812,6318573
2011-11-21,555.111083984375,561.5999755859375,542.2222290039062,545.5333251953125,5830969
2011-11-22,546.6666870117188,552.7555541992188,542.7999877929688,545.3777465820312,3818682
2011-11-23,541.3333129882812,546.6666870117188,525.5555419921875,528.5555419921875,5963413
2011-11-24,528.888916015625,546.5777587890625,521.888916015625,544.0,8078782
2011-11-25,540.888916015625,571.4666748046875,537.7777709960938,562.6444702148438,8496528
2011-11-28,570.6666870117188,575.9111328125,560.0888671875,568.7333374023438,4008177
2011-11-29,568.888916015625,573.0888671875,559.1777954101562,567.5999755859375,4489008
2011-11-30,562.6666870117188,567.7777709960938,555.5999755859375,565.4000244140625,4421153
2011-12-01,580.4444580078125,589.2888793945312,571.7777709960938,575.3777465820312,5102259
2011-12-02,576.7999877929688,584.0888671875,568.111083984375,582.3555297851562,3822012
2011-12-05,579.111083984375,588.4222412109375,575.111083984375,584.7333374023438,3181830
2011-12-07,584.4444580078125,593.3333129882812,581.2444458007812,591.933349609375,3292254
2011-12-08,588.888916015625,591.111083984375,556.3110961914062,560.1333618164062,5225202
2011-12-09,553.2444458007812,557.4666748046875,541.4666748046875,545.2666625976562,5142129
2011-12-12,551.1777954101562,552.04443359375,527.6444702148438,531.3555297851562,5179016
2011-12-13,526.7555541992188,527.4444580078125,512.888916015625,520.2888793945312,5621775
2011-12-14,517.1555786132812,530.6221923828125,513.7777709960938,515.4666748046875,5109322
2011-12-15,511.95556640625,514.022216796875,494.4888916015625,503.6000061035156,6545531
2011-12-16,509.6000061035156,512.888916015625,471.1111145019531,476.73333740234375,9478680
2011-12-19,474.22222900390625,474.22222900390625,455.6000061035156,459.0666809082031,7771565
2011-12-20,457.022216796875,458.977783203125,431.3333435058594,434.5333251953125,12356095
2011-12-21,444.0,449.3333435058594,430.73333740234375,444.31109619140625,14205451
2011-12-22,443.1111145019531,452.20001220703125,434.71112060546875,446.5777893066406,9982147
2011-12-23,453.28887939453125,463.8666687011719,444.0,448.3777770996094,8273101
2011-12-26,451.4444580078125,459.4444580078125,450.6666564941406,455.977783203125,2640631
2011-12-27,457.0666809082031,466.4444580078125,453.3333435058594,457.1555480957031,5180217
2011-12-28,455.1111145019531,459.6888732910156,447.6000061035156,457.4888916015625,3220272
2011-12-29,455.5111083984375,456.77777099609375,441.8222351074219,444.22222900390625,4525890
2011-12-30,446.6666564941406,449.77777099609375,440.22222900390625,442.0666809082031,5552145
2012-01-02,445.3333435058594,451.1111145019531,440.31109619140625,448.4666748046875,3307961
2012-01-03,454.1777648925781,473.20001220703125,453.3333435058594,471.4888916015625,5295413
2012-01-04,473.0666809082031,479.0666809082031,467.1111145019531,475.4888916015625,5844006
2012-01-05,475.5555419921875,486.6666564941406,473.3777770996094,483.4666748046875,5904018
2012-01-06,479.5555419921875,485.5555419921875,471.5777893066406,480.6666564941406,3931557
2012-01-09,479.9111022949219,485.6000061035156,465.022216796875,483.6000061035156,3845646
2012-01-10,486.77777099609375,506.75555419921875,486.77777099609375,503.9111022949219,6069096
2012-01-11,505.77777099609375,511.5555419921875,498.31109619140625,509.8222351074219,4396176
2012-01-12,508.0,521.1777954101562,499.75555419921875,503.022216796875,5465009
2012-01-13,506.22222900390625,523.5333251953125,503.1111145019531,521.111083984375,5014075
2012-01-16,517.7777709960938,537.111083984375,509.4222106933594,534.111083984375,4925682
2012-01-17,537.7777709960938,566.6666870117188,537.7777709960938,563.2888793945312,6813906
2012-01-18,562.2222290039062,571.977783203125,548.4666748046875,551.3777465820312,7361262
2012-01-19,557.7777709960938,569.5333251953125,553.7777709960938,567.6221923828125,4449406
2012-01-20,570.6221923828125,574.6666870117188,558.5555419921875,566.4000244140625,5514394
2012-01-23,564.0,576.4444580078125,544.9111328125,567.6889038085938,11460876
2012-01-24,573.2444458007812,607.3110961914062,571.8444213867188,600.8222045898438,12254886
2012-01-25,600.888916015625,607.6889038085938,584.977783203125,591.4222412109375,6968337
2012-01-27,597.7777709960938,616.888916015625,589.8444213867188,614.0,6682002
2012-01-30,608.4444580078125,610.4666748046875,576.2444458007812,580.1333618164062,4611111
2012-01-31,585.3333129882812,587.111083984375,568.0,582.5777587890625,9500521
2012-02-01,581.7777709960938,599.04443359375,575.111083984375,597.6444702148438,7372667
2012-02-02,604.3555297851562,611.977783203125,596.4444580078125,605.3777465820312,6649706
2012-02-03,604.4444580078125,606.6666870117188,593.7111206054688,602.04443359375,3953160
2012-02-06,610.6666870117188,621.066650390625,605.5111083984375,615.5333251953125,5029398
2012-02-07,620.0,620.0,599.1333618164062,602.0,4848473
2012-02-08,602.2222290039062,613.2888793945312,600.0,607.7777709960938,3747699
2012-02-09,605.5999755859375,609.5555419921875,595.6444702148438,602.3333129882812,4724952
2012-02-10,597.7777709960938,611.111083984375,594.0,600.4444580078125,3808199
2012-02-13,602.1777954101562,602.1777954101562,585.2444458007812,590.3333129882812,5562740
2012-02-14,588.888916015625,621.7777709960938,585.8444213867188,613.111083984375,4569243
2012-02-15,622.7333374023438,650.2222290039062,622.7333374023438,646.7111206054688,8671513
2012-02-16,640.4444580078125,652.7333374023438,637.022216796875,643.7999877929688,5016546
2012-02-17,647.8444213867188,680.7999877929688,639.6889038085938,643.1777954101562,9588433
2012-02-21,644.4444580078125,657.2222290039062,639.111083984375,643.0,4853180
2012-02-22,644.888916015625,650.933349609375,628.4666748046875,632.4444580078125,6779436
2012-02-23,629.022216796875,635.111083984375,615.5555419921875,621.977783203125,5664775
2012-02-24,624.888916015625,629.977783203125,595.8444213867188,599.3777465820312,5436767
2012-02-27,593.4888916015625,599.9111328125,572.7999877929688,578.6221923828125,5668177
2012-02-28,584.7777709960938,604.1777954101562,568.0,599.4666748046875,9477146
2012-02-29,606.7111206054688,612.888916015625,576.4444580078125,581.3555297851562,9253140
2012-03-01,579.7111206054688,579.7111206054688,560.9111328125,567.95556640625,7183536
2012-03-02,573.3333129882812,587.0888671875,564.95556640625,577.6221923828125,5530313
2012-03-05,572.888916015625,573.0,559.3333129882812,563.0,3785870
2012-03-06,559.5555419921875,581.3333129882812,547.111083984375,548.9111328125,6304637
2012-03-07,547.111083984375,556.4222412109375,537.7777709960938,550.022216796875,5709262
2012-03-09,561.3333129882812,582.2222290039062,560.1555786132812,578.8222045898438,6192355
2012-03-12,587.5555419921875,604.3555297851562,587.5555419921875,599.5555419921875,6440044
2012-03-13,605.3777465820312,611.111083984375,602.6666870117188,605.2000122070312,3485542
2012-03-14,615.5555419921875,625.6666870117188,614.4444580078125,620.7111206054688,6052284
2012-03-15,617.977783203125,619.9111328125,599.4000244140625,605.111083984375,4040635
2012-03-16,609.6889038085938,614.1555786132812,584.0888671875,586.6666870117188,7069088
2012-03-19,588.4444580078125,589.95556640625,571.6889038085938,576.2444458007812,3823886
2012-03-20,576.888916015625,584.888916015625,568.888916015625,572.04443359375,3823713
2012-03-21,571.2222290039062,603.4000244140625,567.7333374023438,598.4000244140625,6648729
2012-03-22,595.5777587890625,606.1777954101562,573.0,576.4000244140625,5477647
2012-03-23,580.4444580078125,588.4444580078125,571.95556640625,578.0888671875,3590799
2012-03-26,576.7999877929688,576.7999877929688,566.2222290039062,568.7777709960938,2872901
2012-03-27,575.5555419921875,587.5555419921875,568.111083984375,579.2000122070312,3973146
2012-03-28,575.9111328125,588.0,574.5111083984375,581.2444458007812,4141455
2012-03-29,573.2444458007812,576.7777709960938,566.2666625976562,569.1333618164062,4393489
2012-03-30,573.2000122070312,584.4444580078125,570.111083984375,581.7777709960938,4765610
2012-04-02,580.4444580078125,594.1777954101562,576.2888793945312,592.2000122070312,2958588
2012-04-03,597.3777465820312,607.6444702148438,596.4444580078125,605.3777465820312,3980855
2012-04-04,600.4888916015625,601.4666748046875,593.066650390625,597.9111328125,1984155
2012-04-09,590.6889038085938,591.977783203125,575.2222290039062,577.04443359375,2730296
2012-04-10,580.4444580078125,582.95556640625,567.111083984375,571.2444458007812,3511278
2012-04-11,566.6666870117188,575.5555419921875,562.6666870117188,570.5777587890625,2918090
2012-04-12,573.4222412109375,580.7555541992188,572.4888916015625,573.95556640625,2826650
2012-04-13,579.2222290039062,589.5555419921875,566.6889038085938,569.9111328125,2981160
2012-04-16,568.888916015625,580.4444580078125,567.1333618164062,578.4444580078125,2931918
2012-04-17,584.3110961914062,594.2222290039062,573.5555419921875,592.3555297851562,5571009
2012-04-18,596.0,600.4222412109375,585.95556640625,588.7333374023438,3300639
2012-04-19,589.933349609375,591.04443359375,580.2222290039062,585.6889038085938,2114534
2012-04-20,581.3333129882812,584.888916015625,566.7111206054688,573.933349609375,2760441
2012-04-23,570.5777587890625,580.3110961914062,555.5555419921875,557.2444458007812,3341821
2012-04-24,557.3333129882812,559.7777709960938,540.1555786132812,541.5777587890625,6388141
2012-04-25,543.111083984375,550.1333618164062,529.7777709960938,547.3333129882812,6283737
2012-04-26,548.888916015625,550.5333251953125,540.6666870117188,545.1777954101562,3780180
2012-04-27,544.888916015625,550.6666870117188,534.8444213867188,542.3333129882812,2763339
2012-04-30,542.2222290039062,550.2222290039062,542.2222290039062,545.2666625976562,1956827
2012-05-02,544.4444580078125,549.7777709960938,538.2222290039062,539.7111206054688,2470268
2012-05-03,534.7999877929688,539.5777587890625,530.6666870117188,533.022216796875,2898213
2012-05-04,530.5333251953125,530.5333251953125,503.1333312988281,509.8444519042969,6363870
2012-05-07,503.4666748046875,539.95556640625,494.1555480957031,534.6221923828125,7239073
2012-05-08,534.9111328125,537.3333129882812,512.888916015625,515.0,4396351
2012-05-09,510.6666564941406,527.9111328125,507.6444396972656,514.2000122070312,4351851
2012-05-10,515.7999877929688,527.5333251953125,511.6000061035156,513.3110961914062,3143418
2012-05-11,508.0,518.2000122070312,499.4222106933594,505.77777099609375,4564158
2012-05-14,509.73333740234375,532.4444580078125,493.0888977050781,515.2888793945312,14932732
2012-05-15,510.22222900390625,548.4444580078125,508.1111145019531,543.2222290039062,11236882
2012-05-16,535.066650390625,542.6221923828125,531.3333129882812,535.933349609375,6503508
2012-05-17,540.04443359375,544.4444580078125,512.9111328125,517.1333618164062,7619402
2012-05-18,506.6666564941406,520.7999877929688,504.4888916015625,516.066650390625,5787510
2012-05-21,517.7777709960938,534.6666870117188,516.4444580078125,529.888916015625,4134312
2012-05-22,536.1333618164062,537.7777709960938,512.888916015625,515.4444580078125,4457585
2012-05-23,511.1111145019531,519.3333129882812,507.71112060546875,510.8222351074219,3707581
2012-05-24,514.7111206054688,522.2222290039062,507.24444580078125,519.3110961914062,3454017
2012-05-25,516.4444580078125,529.9111328125,514.7999877929688,528.0,2922234
2012-05-28,527.2000122070312,537.7333374023438,526.2444458007812,535.3777465820312,4012173
2012-05-29,538.7555541992188,541.2666625976562,532.7111206054688,534.2888793945312,2939562
2012-05-30,529.9111328125,532.1777954101562,523.6444702148438,527.8222045898438,2751655
2012-05-31,522.3555297851562,530.6666870117188,516.0,521.1555786132812,3397911
2012-06-01,518.0,520.7777709960938,502.24444580078125,504.3999938964844,3349428
2012-06-04,496.0888977050781,524.0,491.5777893066406,521.5555419921875,5481600
2012-06-05,524.4444580078125,540.4222412109375,518.3110961914062,538.2888793945312,7028545
2012-06-06,541.111083984375,565.3333129882812,539.3333129882812,563.1777954101562,7566138
2012-06-07,566.7777709960938,573.6221923828125,557.4444580078125,566.6666870117188,5720737
2012-06-08,568.8222045898438,586.6666870117188,561.0888671875,581.977783203125,5932631
2012-06-11,586.6666870117188,591.95556640625,566.7333374023438,570.3333129882812,5815503
2012-06-12,566.2222290039062,587.4222412109375,564.1333618164062,584.7333374023438,5188783
2012-06-13,584.4444580078125,609.5999755859375,578.3333129882812,599.95556640625,9055959
2012-06-14,596.0,599.7111206054688,572.7777709960938,576.4000244140625,6869812
2012-06-15,578.2222290039062,593.3110961914062,572.066650390625,588.3333129882812,10299271
2012-06-18,592.4444580078125,603.888916015625,576.0,586.6444702148438,7539880
2012-06-19,583.022216796875,595.5111083984375,579.5555419921875,591.2444458007812,6246220
2012-06-20,593.5555419921875,600.888916015625,591.977783203125,596.7777709960938,4667064
2012-06-21,593.7333374023438,612.7999877929688,593.1555786132812,610.1555786132812,5802727
2012-06-22,600.0,609.3333129882812,596.4888916015625,605.3110961914062,4618579
2012-06-25,604.5555419921875,614.5555419921875,600.4444580078125,602.4222412109375,3390329
2012-06-26,602.8444213867188,608.0888671875,594.8666381835938,599.3777465820312,3446338
2012-06-27,604.6444702148438,606.6666870117188,597.3333129882812,598.9111328125,3260709
2012-06-28,601.4444580078125,605.111083984375,594.3110961914062,597.04443359375,4081792
2012-06-29,604.0,622.6666870117188,603.1333618164062,621.2444458007812,5414791
2012-07-02,622.5555419921875,628.8666381835938,618.3110961914062,622.022216796875,3378390
2012-07-03,625.0,630.9111328125,620.888916015625,623.977783203125,2687593
2012-07-04,626.1333618164062,632.3555297851562,620.888916015625,630.5777587890625,3753058
2012-07-05,628.888916015625,637.6666870117188,625.7777709960938,634.8666381835938,3198705
2012-07-06,631.6889038085938,634.1333618164062,621.3333129882812,624.4444580078125,2555246
2012-07-09,620.5333251953125,622.9111328125,613.3333129882812,617.2444458007812,2607086
2012-07-10,619.5555419921875,631.5333251953125,617.111083984375,629.7777709960938,3033297
2012-07-11,624.5999755859375,640.888916015625,624.0,638.1777954101562,3760461
2012-07-12,631.5777587890625,636.6444702148438,624.0,625.5999755859375,3059554
2012-07-13,628.0,632.4000244140625,622.9111328125,624.3333129882812,1711581
2012-07-16,626.6666870117188,628.8444213867188,612.933349609375,614.7777709960938,2996491
2012-07-17,620.0888671875,622.0888671875,610.5111083984375,612.6444702148438,2564183
2012-07-18,613.3555297851562,624.4444580078125,606.04443359375,622.888916015625,3184132
2012-07-19,630.2444458007812,631.5777587890625,622.2444458007812,625.1555786132812,1640313
2012-07-20,629.3333129882812,630.7555541992188,615.1555786132812,617.95556640625,2144160
2012-07-23,612.6666870117188,618.1555786132812,598.2222290039062,612.4888916015625,9061431
2012-07-24,614.6666870117188,618.5777587890625,600.5555419921875,602.0888671875,4014294
2012-07-25,600.0,601.9111328125,591.5999755859375,596.3777465820312,2753604
2012-07-26,597.7777709960938,599.0888671875,584.4444580078125,585.8444213867188,3932214
2012-07-27,592.2888793945312,600.5999755859375,581.2888793945312,586.5777587890625,3398332
2012-07-30,591.2666625976562,608.888916015625,589.888916015625,607.2444458007812,2987266
2012-07-31,609.0,613.022216796875,595.1777954101562,608.6221923828125,3081606
2012-08-01,606.933349609375,615.7999877929688,604.4000244140625,614.2666625976562,2091730
2012-08-02,611.7111206054688,620.7333374023438,608.2222290039062,618.2000122070312,2932636
2012-08-03,613.2000122070312,619.933349609375,601.3555297851562,614.3777465820312,3000912
2012-08-06,622.2222290039062,628.6666870117188,620.0,624.977783203125,2442912
2012-08-07,626.2666625976562,631.5555419921875,622.7555541992188,630.0888671875,1996521
2012-08-08,631.1555786132812,635.066650390625,622.5555419921875,624.4888916015625,2109111
2012-08-09,626.6666870117188,633.3110961914062,618.6666870117188,630.3777465820312,2869107
2012-08-10,632.4444580078125,635.111083984375,624.4888916015625,632.8666381835938,2133697
2012-08-13,631.9111328125,640.888916015625,628.0888671875,640.111083984375,2059618
2012-08-14,637.3333129882812,648.3555297851562,633.3333129882812,646.4888916015625,3716007
2012-08-16,647.5555419921875,658.5333251953125,644.9111328125,656.6221923828125,3476083
2012-08-17,655.5555419921875,658.4222412109375,642.4666748046875,645.2666625976562,2852140
2012-08-21,645.3333129882812,654.2444458007812,635.5555419921875,651.888916015625,2794401
2012-08-22,646.6666870117188,651.7333374023438,643.8222045898438,647.6666870117188,1943563
2012-08-23,648.977783203125,651.6221923828125,635.2000122070312,636.5111083984375,3005172
2012-08-24,634.5555419921875,636.2222290039062,625.4888916015625,631.4666748046875,2935311
2012-08-27,628.04443359375,631.111083984375,617.022216796875,620.7111206054688,2594868
2012-08-28,619.4888916015625,621.3777465820312,602.4444580078125,605.2000122070312,2949187
2012-08-29,611.4666748046875,611.4666748046875,598.1555786132812,599.7111206054688,2466006
2012-08-30,598.6666870117188,611.111083984375,588.5999755859375,602.066650390625,5589564
2012-08-31,599.111083984375,603.066650390625,590.022216796875,596.8444213867188,3766646
2012-09-03,602.8444213867188,604.9111328125,592.4444580078125,600.933349609375,2290700
2012-09-04,600.1333618164062,608.8222045898438,596.2666625976562,607.04443359375,2074734
2012-09-05,599.5999755859375,601.6889038085938,586.7555541992188,588.5777587890625,2469975
2012-09-06,586.6221923828125,592.4444580078125,581.7999877929688,584.4000244140625,2362430
2012-09-07,593.3777465820312,610.5333251953125,593.3777465820312,608.0888671875,3860579
2012-09-10,611.5555419921875,616.8222045898438,604.888916015625,612.7555541992188,2305743
2012-09-11,606.6666870117188,611.111083984375,602.7111206054688,608.4888916015625,2163604
2012-09-12,610.2222290039062,630.6666870117188,610.2222290039062,626.4000244140625,3310427
2012-09-13,627.6444702148438,634.6889038085938,627.6444702148438,630.3555297851562,2661750
2012-09-14,642.2222290039062,663.5555419921875,641.2000122070312,662.2222290039062,5950365
2012-09-17,667.2444458007812,709.7777709960938,667.2444458007812,691.3110961914062,7289304
2012-09-18,687.111083984375,694.4000244140625,681.7777709960938,690.5111083984375,3646172
2012-09-20,675.5555419921875,683.2888793945312,671.1555786132812,676.2666625976562,3619476
2012-09-21,679.5555419921875,709.5999755859375,679.5555419921875,704.5555419921875,6232628
2012-09-24,701.7777709960938,718.6221923828125,693.2444458007812,701.4444580078125,4303343
2012-09-25,702.2222290039062,711.888916015625,697.4666748046875,699.7555541992188,3666741
2012-09-26,695.5555419921875,698.6666870117188,689.4666748046875,694.4000244140625,3299116
2012-09-27,696.2222290039062,712.95556640625,696.2222290039062,710.2888793945312,4454552
2012-09-28,713.4666748046875,719.9111328125,705.6444702148438,709.6889038085938,3004535
2012-10-01,707.7999877929688,715.5555419921875,702.7111206054688,714.0888671875,1982324
2012-10-03,715.7999877929688,719.95556640625,708.4444580078125,715.1333618164062,2941420
2012-10-04,718.3333129882812,727.4666748046875,717.6221923828125,726.2444458007812,3029123
2012-10-05,730.04443359375,733.2888793945312,730.04443359375,733.2888793945312,6693144
2012-10-08,731.5555419921875,731.95556640625,707.3333129882812,709.2222290039062,2771205
2012-10-09,715.2000122070312,729.5555419921875,715.2000122070312,725.6889038085938,4255211
2012-10-10,717.7777709960938,722.7111206054688,711.5777587890625,718.4444580078125,2265230
2012-10-11,720.2444458007812,737.5555419921875,709.3333129882812,734.7333374023438,3877508
2012-10-12,731.111083984375,739.95556640625,724.977783203125,733.3333129882812,2871666
2012-10-15,733.7777709960938,735.9111328125,724.7111206054688,727.1333618164062,2385576
2012-10-16,730.3333129882812,732.888916015625,711.6889038085938,713.6889038085938,2023299
2012-10-17,721.3333129882812,726.6221923828125,713.3333129882812,722.7777709960938,2804280
2012-10-18,725.9111328125,737.6889038085938,720.1333618164062,734.2666625976562,2749119
2012-10-19,729.8222045898438,734.2222290039062,720.5111083984375,725.7999877929688,1883747
2012-10-22,722.6666870117188,744.4000244140625,718.2222290039062,742.6666870117188,7509908
2012-10-23,744.888916015625,757.7777709960938,744.888916015625,756.1555786132812,6734607
2012-10-25,755.5555419921875,764.2888793945312,752.0,761.066650390625,4807415
2012-10-29,759.6889038085938,764.4444580078125,748.1555786132812,750.066650390625,2718108
2012-10-30,749.3333129882812,752.6666870117188,724.888916015625,728.3555297851562,3702496
2012-10-31,729.5111083984375,733.7333374023438,715.7777709960938,723.04443359375,3839613
2012-11-01,724.977783203125,730.1777954101562,719.5999755859375,725.04443359375,2708858
2012-11-02,734.2000122070312,747.4666748046875,730.933349609375,744.6221923828125,4271015
2012-11-05,743.6444702148438,751.111083984375,739.1333618164062,744.95556640625,2214828
2012-11-06,747.111083984375,747.8666381835938,735.2000122070312,740.2444458007812,2187263
2012-11-07,737.7777709960938,748.4444580078125,733.7777709960938,741.977783203125,2410272
2012-11-08,732.2444458007812,737.3333129882812,723.4000244140625,726.8222045898438,3092395
2012-11-09,728.888916015625,730.3333129882812,715.2000122070312,720.4888916015625,2760979
2012-11-12,723.111083984375,724.888916015625,710.0,713.95556640625,2372386
2012-11-15,713.4222412109375,722.2000122070312,704.95556640625,713.3110961914062,4255229
2012-11-16,710.4222412109375,720.4444580078125,698.5555419921875,701.4888916015625,2771847
2012-11-19,703.2222290039062,707.066650390625,689.7999877929688,692.6444702148438,2543694
2012-11-20,697.7777709960938,699.3555297851562,682.7111206054688,688.6221923828125,1554473
2012-11-21,691.111083984375,696.888916015625,684.3777465820312,695.8444213867188,2347933
2012-11-22,697.888916015625,711.111083984375,694.5111083984375,707.0,2223366
2012-11-23,710.2222290039062,710.6666870117188,698.4444580078125,705.4888916015625,1344847
2012-11-26,706.9111328125,717.4444580078125,706.04443359375,715.8444213867188,1710861
2012-11-27,716.888916015625,724.4000244140625,716.888916015625,721.5111083984375,1671338
2012-11-29,724.8222045898438,741.1555786132812,720.5111083984375,739.066650390625,4426886
2012-11-30,741.4666748046875,745.3110961914062,735.6666870117188,741.2888793945312,2942887
2012-12-03,744.2888793945312,748.888916015625,734.2444458007812,741.04443359375,1919475
2012-12-04,740.2888793945312,740.888916015625,730.7555541992188,737.2888793945312,1902073
2012-12-05,740.6221923828125,747.2666625976562,737.7777709960938,740.7333374023438,2418570
2012-12-06,747.111083984375,748.0,729.5777587890625,744.2222290039062,3161448
2012-12-07,747.111083984375,755.111083984375,741.3333129882812,744.6444702148438,3069411
2012-12-10,745.888916015625,747.7999877929688,737.7777709960938,739.888916015625,1198100
2012-12-11,742.2222290039062,746.6221923828125,733.7777709960938,741.1777954101562,2317025
2012-12-12,743.1555786132812,744.6666870117188,729.3777465820312,732.2666625976562,2670894
2012-12-13,733.4444580078125,735.3333129882812,720.4666748046875,722.977783203125,2170631
2012-12-14,725.111083984375,732.888916015625,722.8222045898438,728.5111083984375,2176062
2012-12-17,726.5777587890625,731.111083984375,720.5333251953125,726.4000244140625,1283602
2012-12-18,728.888916015625,738.8444213867188,726.2222290039062,736.4222412109375,2879959
2012-12-19,741.7777709960938,743.7777709960938,723.1333618164062,726.0,2853315
2012-12-20,726.6666870117188,730.022216796875,715.7777709960938,718.888916015625,4081158
2012-12-21,713.111083984375,719.4444580078125,703.111083984375,706.7111206054688,2939395
2012-12-24,712.888916015625,712.888916015625,698.933349609375,704.5777587890625,2381967
2012-12-26,707.111083984375,722.0,704.6666870117188,721.04443359375,2145327
2012-12-27,723.8444213867188,725.6666870117188,714.888916015625,716.8222045898438,2741298
2012-12-28,720.0,724.2222290039062,715.2888793945312,719.977783203125,1510569
2012-12-31,720.5111083984375,721.6444702148438,712.066650390625,714.2888793945312,1331221
2013-01-01,718.3110961914062,725.6666870117188,718.066650390625,722.1777954101562,1721670
2013-01-02,728.6221923828125,735.5555419921875,725.1333618164062,733.1333618164062,2631399
2013-01-03,735.5555419921875,738.3555297851562,724.4444580078125,727.4888916015625,2839403
2013-01-04,724.888916015625,727.066650390625,719.5111083984375,723.5555419921875,2227387
2013-01-07,725.4222412109375,725.7777709960938,704.4444580078125,705.8444213867188,4125613
2013-01-08,705.3333129882812,705.6666870117188,692.7555541992188,696.4000244140625,5971054
2013-01-09,693.7777709960938,703.4666748046875,686.888916015625,688.7555541992188,5481434
2013-01-10,692.4444580078125,693.95556640625,680.111083984375,687.3777465820312,4787451
2013-01-11,687.5555419921875,688.5999755859375,677.7777709960938,680.8666381835938,3456486
2013-01-14,682.6666870117188,692.4444580078125,680.0,691.022216796875,2511222
2013-01-15,691.4222412109375,700.3110961914062,688.7333374023438,693.3333129882812,4279311
2013-01-16,688.977783203125,697.3333129882812,683.111083984375,686.3110961914062,2080365
2013-01-17,683.5555419921875,688.5555419921875,676.066650390625,678.977783203125,2456646
2013-01-18,680.5999755859375,691.7777709960938,680.2444458007812,683.2000122070312,2414625
2013-01-21,684.4444580078125,697.7777709960938,682.3777465820312,696.5999755859375,2002873
2013-01-22,696.4888916015625,700.2888793945312,688.0888671875,690.4000244140625,2733189
2013-01-23,691.7777709960938,697.7111206054688,686.8444213867188,693.8222045898438,2191965
2013-01-24,694.2222290039062,712.4444580078125,666.2222290039062,704.4444580078125,14036971
2013-01-25,706.6444702148438,718.4888916015625,701.1555786132812,716.1333618164062,5253986
2013-01-28,716.4444580078125,717.5333251953125,706.888916015625,709.7777709960938,2286380
2013-01-29,709.3333129882812,714.6221923828125,704.4444580078125,708.7111206054688,2225565
2013-01-30,708.888916015625,713.7777709960938,692.933349609375,695.0,2282654
2013-01-31,691.7111206054688,694.1333618164062,683.8666381835938,685.2666625976562,2437740
2013-02-01,687.95556640625,691.3110961914062,679.1333618164062,681.4888916015625,2228364
2013-02-04,681.4888916015625,688.7999877929688,678.6666870117188,682.2000122070312,2350743
2013-02-05,680.5555419921875,684.4444580078125,676.0888671875,681.888916015625,2281601
2013-02-06,686.5999755859375,686.5999755859375,668.6666870117188,672.4444580078125,2099310
2013-02-07,667.111083984375,671.5333251953125,660.4666748046875,665.066650390625,2380275
2013-02-08,662.2222290039062,678.6221923828125,662.2222290039062,671.5999755859375,2011970
2013-02-11,672.8444213867188,673.3555297851562,660.4444580078125,662.1555786132812,1560595
2013-02-12,660.4444580078125,668.0,656.6889038085938,664.4444580078125,1741970
2013-02-13,662.888916015625,671.111083984375,656.888916015625,658.6889038085938,1381088
2013-02-14,658.8222045898438,661.7777709960938,637.0,640.4888916015625,3035481
2013-02-15,638.4000244140625,646.5111083984375,634.4666748046875,641.7777709960938,2598363
2013-02-18,640.4888916015625,654.8444213867188,640.4444580078125,652.8666381835938,2023089
2013-02-19,652.888916015625,656.3333129882812,643.6221923828125,650.1777954101562,1894702
2013-02-20,653.3333129882812,655.5555419921875,646.3555297851562,647.6444702148438,1772408
2013-02-21,642.6666870117188,644.0,631.6221923828125,633.7111206054688,3276740
2013-02-22,633.9111328125,640.888916015625,629.3333129882812,637.9111328125,2206822
2013-02-25,638.3777465820312,641.2666625976562,621.4222412109375,623.04443359375,2709407
2013-02-26,621.3333129882812,621.3333129882812,604.4666748046875,606.977783203125,3774753
2013-02-27,613.3333129882812,631.7333374023438,610.6666870117188,626.5111083984375,4357989
2013-02-28,636.0,643.2222290039062,600.5555419921875,607.9111328125,8570641
2013-03-01,609.7777709960938,626.6221923828125,608.04443359375,622.4222412109375,4172217
2013-03-04,617.7777709960938,618.3333129882812,604.4444580078125,606.5555419921875,2519865
2013-03-05,612.2888793945312,621.6889038085938,603.5777587890625,620.2666625976562,3606358
2013-03-06,624.4444580078125,640.4222412109375,624.4444580078125,636.5777587890625,3393414
2013-03-07,637.066650390625,652.7999877929688,636.2888793945312,650.5777587890625,3992447
2013-03-08,652.4444580078125,670.6444702148438,649.04443359375,665.5777587890625,5020121
2013-03-11,648.888916015625,674.7777709960938,647.2222290039062,671.2000122070312,8683071
2013-03-12,671.3555297851562,676.2222290039062,660.977783203125,666.977783203125,6524122
2013-03-13,662.2222290039062,672.0,659.5111083984375,664.6444702148438,3694032
2013-03-14,661.888916015625,680.7999877929688,656.977783203125,676.4666748046875,5284833
2013-03-15,678.977783203125,681.022216796875,666.1777954101562,670.2888793945312,4192744
2013-03-18,661.7777709960938,676.2666625976562,656.8666381835938,671.2666625976562,3248280
2013-03-19,672.1333618164062,674.4444580078125,649.7777709960938,653.6221923828125,5333843
2013-03-20,652.4444580078125,657.4666748046875,627.111083984375,638.2666625976562,4226015
2013-03-21,641.022216796875,646.6666870117188,616.4444580078125,619.7333374023438,3304093
2013-03-22,620.0,628.2222290039062,615.5999755859375,621.8444213867188,2869931
2013-03-25,631.0888671875,631.4888916015625,604.977783203125,607.3110961914062,2853411
2013-03-26,604.3555297851562,610.6221923828125,592.6666870117188,594.4222412109375,2805108
2013-03-28,595.2666625976562,609.4222412109375,595.2666625976562,607.2000122070312,3910230
2013-04-01,611.111083984375,624.4000244140625,608.888916015625,621.6221923828125,2719021
2013-04-02,621.6221923828125,636.4444580078125,620.0,633.5111083984375,2553102
2013-04-03,628.888916015625,634.4222412109375,607.4000244140625,613.1555786132812,4509895
2013-04-04,612.2222290039062,616.04443359375,601.4000244140625,605.2666625976562,3572840
2013-04-05,604.888916015625,609.7555541992188,596.2222290039062,599.9111328125,3272782
2013-04-08,599.111083984375,599.111083984375,586.6666870117188,589.1777954101562,2725339
2013-04-09,593.3333129882812,606.4222412109375,583.5555419921875,586.7999877929688,3731121
2013-04-10,591.2444458007812,604.4444580078125,587.111083984375,601.7333374023438,4089033
2013-04-11,608.888916015625,616.4444580078125,601.2666625976562,613.1555786132812,3671361
2013-04-12,607.111083984375,614.2222290039062,601.4222412109375,604.3333129882812,1853176
2013-04-15,601.1333618164062,618.0888671875,596.5333251953125,614.2222290039062,2290329
2013-04-16,613.2888793945312,635.5555419921875,611.4666748046875,634.2222290039062,2749925
2013-04-17,635.5555419921875,643.3777465820312,625.7777709960938,632.95556640625,2613642
2013-04-18,633.3333129882812,659.933349609375,631.3110961914062,655.7555541992188,3434278
2013-04-22,657.7777709960938,684.0,656.95556640625,681.7111206054688,3710067
2013-04-23,681.022216796875,681.3777465820312,661.7999877929688,668.7555541992188,3519969
2013-04-25,671.5555419921875,679.111083984375,667.111083984375,675.2222290039062,3983744
2013-04-26,673.7777709960938,687.0,668.977783203125,684.8222045898438,2805925
2013-04-29,683.6444702148438,687.5555419921875,676.04443359375,679.9111328125,1658495
2013-04-30,682.2222290039062,684.4444580078125,658.2444458007812,672.0888671875,2767410
2013-05-02,668.933349609375,693.7777709960938,667.111083984375,689.7999877929688,4134078
2013-05-03,687.7555541992188,704.0,680.7555541992188,697.95556640625,3290397
2013-05-06,694.6666870117188,699.888916015625,688.04443359375,693.1333618164062,1968574
2013-05-07,695.5555419921875,704.4444580078125,693.3333129882812,701.3555297851562,2863822
2013-05-08,702.2666625976562,703.977783203125,685.6666870117188,694.4444580078125,2067439
2013-05-09,692.4444580078125,700.0,684.4444580078125,694.5111083984375,1721486
2013-05-10,690.5111083984375,700.0,689.0,694.2444458007812,2204757
2013-05-13,691.2222290039062,694.6666870117188,672.066650390625,674.4000244140625,2508972
2013-05-14,675.5555419921875,679.7111206054688,667.4888916015625,676.1555786132812,2167638
2013-05-15,680.0,703.977783203125,678.2222290039062,702.4666748046875,3513449
2013-05-16,700.4888916015625,713.2888793945312,696.8666381835938,707.888916015625,4613838
2013-05-17,710.6666870117188,724.7777709960938,702.5111083984375,721.5111083984375,3439973
2013-05-20,721.5111083984375,730.04443359375,716.6666870117188,721.0888671875,3103076
2013-05-21,717.04443359375,722.6666870117188,707.022216796875,713.5777587890625,2417676
2013-05-22,717.2222290039062,734.2222290039062,666.7111206054688,672.8444213867188,15881609
2013-05-23,666.6666870117188,667.7999877929688,624.4444580078125,630.3110961914062,9395635
2013-05-24,641.7111206054688,652.3777465820312,631.5555419921875,647.4666748046875,6528521
2013-05-27,649.7777709960938,655.0888671875,640.888916015625,652.2444458007812,2487939
2013-05-28,653.7777709960938,656.977783203125,641.5777587890625,646.5999755859375,3034244
2013-05-29,644.5999755859375,646.2000122070312,637.7777709960938,642.7555541992188,2239776
2013-05-30,640.977783203125,646.0888671875,630.2222290039062,634.4222412109375,3493487
2013-05-31,629.7777709960938,632.3777465820312,621.3333129882812,622.5555419921875,3592066
2013-06-03,619.111083984375,623.7111206054688,611.2222290039062,616.5777587890625,2594994
2013-06-04,617.0888671875,636.4444580078125,617.0888671875,626.4444580078125,4358504
2013-06-05,624.4444580078125,633.6889038085938,620.4444580078125,631.0,3244873
2013-06-06,627.5555419921875,642.2000122070312,625.5999755859375,636.2444458007812,3316495
2013-06-07,632.6666870117188,639.9111328125,625.3777465820312,627.6889038085938,3320874
2013-06-10,631.111083984375,636.2222290039062,622.2222290039062,624.2000122070312,2648724
2013-06-11,621.6444702148438,631.111083984375,617.3333129882812,623.5777587890625,3793911
2013-06-12,622.2222290039062,626.5999755859375,615.5555419921875,620.7111206054688,3626205
2013-06-13,614.6666870117188,624.888916015625,614.6666870117188,619.4444580078125,2492048
2013-06-14,625.5777587890625,642.2222290039062,625.1555786132812,640.3333129882812,2805099
2013-06-17,640.0,648.7777709960938,634.2222290039062,646.7555541992188,2701732
2013-06-18,646.2222290039062,650.6666870117188,636.0,639.04443359375,2511767
2013-06-19,637.7777709960938,640.0,632.1333618164062,639.022216796875,2169288
2013-06-20,630.1333618164062,630.1333618164062,616.0,620.3555297851562,3549224
2013-06-21,618.2222290039062,627.95556640625,613.3333129882812,619.022216796875,3393816
2013-06-24,616.4444580078125,619.5333251953125,597.7777709960938,602.04443359375,3094233
2013-06-25,604.3555297851562,616.2888793945312,595.7999877929688,607.6889038085938,3526535
2013-06-26,610.8666381835938,619.8222045898438,594.6666870117188,601.1333618164062,3969684
2013-06-27,608.888916015625,609.8666381835938,593.3333129882812,600.1777954101562,6115081
2013-06-28,609.3333129882812,626.6666870117188,609.3333129882812,625.7333374023438,3598170
2013-07-01,625.3333129882812,647.5555419921875,625.3333129882812,645.1777954101562,3219549
2013-07-02,644.3110961914062,644.3110961914062,631.111083984375,635.3333129882812,2048301
2013-07-03,630.1333618164062,630.1333618164062,616.888916015625,618.95556640625,2235555
2013-07-04,628.4444580078125,636.0,618.4000244140625,623.1777954101562,2970258
2013-07-05,633.111083984375,635.5555419921875,623.8222045898438,626.1333618164062,1762148
2013-07-08,624.1777954101562,627.9111328125,616.4444580078125,623.5777587890625,2306263
2013-07-09,630.6666870117188,636.7555541992188,626.5555419921875,634.7999877929688,2004518
2013-07-10,637.3333129882812,639.8666381835938,625.0,628.3110961914062,2369364
2013-07-11,646.5333251953125,653.3333129882812,638.3333129882812,643.2333374023438,2623677
2013-07-12,650.0,666.0,640.3333129882812,663.6666870117188,3020893
2013-07-15,663.3333129882812,673.933349609375,661.3333129882812,670.933349609375,2322480
2013-07-16,657.5333251953125,657.5333251953125,639.3666381835938,647.5,2565174
2013-07-17,656.6666870117188,657.8666381835938,640.0,645.4666748046875,3068145
2013-07-18,646.7000122070312,659.1666870117188,645.5,656.8666381835938,2181913
2013-07-19,656.8666381835938,659.7000122070312,643.8333129882812,649.3333129882812,1872306
2013-07-22,651.933349609375,658.5333251953125,599.7000122070312,601.0,12102994
2013-07-23,602.0333251953125,615.1666870117188,591.8666381835938,600.7333374023438,9307068
2013-07-24,600.0,600.6666870117188,572.9000244140625,578.2333374023438,8819574
2013-07-25,573.5,579.566650390625,566.7333374023438,569.566650390625,5297964
2013-07-26,573.3333129882812,582.3333129882812,562.066650390625,563.8333129882812,3707046
2013-07-29,564.0,574.1333618164062,557.3333129882812,560.7666625976562,3961692
2013-07-30,566.6333618164062,575.2999877929688,563.5,566.5999755859375,5122897
2013-07-31,567.3333129882812,569.6666870117188,556.6666870117188,564.7666625976562,3893292
2013-08-01,564.0,576.5999755859375,552.0,563.3333129882812,3165391
2013-08-02,563.5,567.9666748046875,551.0999755859375,553.433349609375,2316699
2013-08-05,554.6666870117188,558.4666748046875,540.066650390625,542.5,3464776
2013-08-06,539.7999877929688,539.7999877929688,521.7999877929688,530.1666870117188,4088920
2013-08-07,524.6666870117188,529.2666625976562,514.2000122070312,519.3333129882812,5682076
2013-08-08,521.3333129882812,525.3333129882812,518.2999877929688,520.0,3485574
2013-08-12,526.6333618164062,537.5999755859375,521.3333129882812,531.8666381835938,4671435
2013-08-13,526.6666870117188,541.066650390625,520.0,535.8333129882812,5736387
2013-08-14,537.3333129882812,539.933349609375,526.933349609375,532.9666748046875,2667424
2013-08-16,527.0333251953125,530.0,503.3666687011719,504.9666748046875,5721759
2013-08-19,506.0,506.0,472.23333740234375,491.73333740234375,4197307
2013-08-20,485.3333435058594,496.6666564941406,477.3333435058594,488.3333435058594,5477955
2013-08-21,496.0,513.9666748046875,470.0,472.9333190917969,5652478
2013-08-22,470.0,487.29998779296875,465.23333740234375,482.9333190917969,6076081
2013-08-23,485.0333251953125,495.29998779296875,480.76666259765625,492.6666564941406,5540469
2013-08-26,496.1333312988281,506.26666259765625,490.0,497.5666809082031,3226623
2013-08-27,492.26666259765625,493.3333435058594,465.0,470.4333190917969,6005872
2013-08-28,465.26666259765625,476.6666564941406,451.4333190917969,470.0333251953125,6160429
2013-08-29,477.4666748046875,488.8666687011719,476.5333251953125,482.26666259765625,7195912
2013-08-30,481.9333190917969,488.6666564941406,474.1666564941406,483.0333251953125,4706265
2013-09-02,483.3333435058594,489.3333435058594,482.6666564941406,485.1000061035156,3400771
2013-09-03,488.8333435058594,491.29998779296875,460.70001220703125,462.9333190917969,3911592
2013-09-04,465.3333435058594,475.5,458.26666259765625,466.0,5312422
2013-09-05,480.20001220703125,486.6666564941406,478.0,485.20001220703125,4638228
2013-09-06,488.8999938964844,507.6000061035156,486.0,502.73333740234375,5137642
2013-09-10,513.3333129882812,540.433349609375,513.3333129882812,538.1333618164062,7192485
2013-09-11,538.6666870117188,554.7999877929688,530.0,545.5999755859375,4813329
2013-09-12,550.0,553.1333618164062,538.433349609375,543.2999877929688,3541308
2013-09-13,541.9666748046875,559.3333129882812,540.6666870117188,557.5999755859375,3311869
2013-09-16,565.3333129882812,575.1666870117188,550.0,552.2666625976562,3746242
2013-09-17,552.0,555.933349609375,543.4000244140625,547.5,1891096
2013-09-18,548.7999877929688,563.3333129882812,546.1333618164062,557.9666748046875,1848907
2013-09-19,574.6666870117188,599.0999755859375,571.2333374023438,592.2666625976562,5395239
2013-09-20,591.4666748046875,591.4666748046875,555.2000122070312,564.2666625976562,4464213
2013-09-23,554.6666870117188,566.6666870117188,538.0,541.3333129882812,2826306
2013-09-24,538.433349609375,555.2000122070312,536.0,551.2000122070312,3117540
2013-09-25,551.5999755859375,560.5333251953125,544.6666870117188,554.2333374023438,2794282
2013-09-26,551.9000244140625,562.6666870117188,550.3333129882812,552.7333374023438,3691578
2013-09-27,558.6666870117188,562.4000244140625,542.2000122070312,543.9000244140625,1913719
2013-09-30,540.1333618164062,541.933349609375,522.3333129882812,525.8333129882812,3285600
2013-10-01,526.8666381835938,536.0,517.7000122070312,533.3333129882812,3170175
2013-10-03,540.0,554.2666625976562,536.7000122070312,552.433349609375,2881162
2013-10-04,550.0,556.6666870117188,544.066650390625,546.5999755859375,1934352
2013-10-07,548.5333251953125,548.5333251953125,534.066650390625,539.433349609375,2332347
2013-10-08,546.6666870117188,556.6666870117188,543.4666748046875,552.2666625976562,2997115
2013-10-09,546.0,566.0,544.7999877929688,563.433349609375,2702965
2013-10-10,563.4666748046875,570.0,560.1333618164062,563.7999877929688,2064199
2013-10-11,570.6666870117188,589.933349609375,566.6666870117188,588.6333618164062,4685206
2013-10-14,587.2000122070312,596.0999755859375,583.3333129882812,584.433349609375,2546866
2013-10-15,589.1333618164062,593.1333618164062,573.0,581.1333618164062,2601645
2013-10-17,576.0,577.9000244140625,555.6666870117188,557.933349609375,2502418
2013-10-18,558.066650390625,586.5333251953125,551.8333129882812,581.3666381835938,7851892
2013-10-21,590.0,619.6666870117188,590.0,617.0333251953125,10203471
2013-10-22,616.6666870117188,626.0,610.7666625976562,623.5999755859375,3992478
2013-10-23,624.0,634.6333618164062,616.8333129882812,632.9000244140625,3742662
2013-10-24,630.5,649.0,628.8333129882812,643.7666625976562,5472924
2013-10-25,638.0,639.8333129882812,623.7999877929688,631.6666870117188,3323959
2013-10-28,632.2666625976562,650.566650390625,632.2000122070312,643.5999755859375,3632244
2013-10-29,643.2666625976562,653.2666625976562,627.3333129882812,651.3666381835938,4114273
2013-10-30,649.4666748046875,653.3333129882812,644.0,647.6333618164062,2948908
2013-10-31,643.2000122070312,656.6333618164062,642.6666870117188,649.1333618164062,4199709
2013-11-01,648.6666870117188,657.3333129882812,646.6666870117188,654.7999877929688,3469186
2013-11-05,646.0,653.7999877929688,642.7999877929688,644.933349609375,3314157
2013-11-06,645.0,652.8333129882812,641.0333251953125,642.5333251953125,1842012
2013-11-07,642.0,656.9666748046875,636.7333374023438,638.2999877929688,2947050
2013-11-08,636.5333251953125,652.6666870117188,630.066650390625,649.933349609375,3992884
2013-11-11,641.5333251953125,647.933349609375,625.2666625976562,629.0999755859375,3367299
2013-11-12,630.0,639.8333129882812,615.566650390625,619.2333374023438,2945373
2013-11-13,616.2999877929688,622.3333129882812,608.066650390625,613.2000122070312,4307623
2013-11-14,620.0,640.9000244140625,618.5,626.3666381835938,2848777
2013-11-18,634.2000122070312,653.933349609375,634.2000122070312,652.0333251953125,3619893
2013-11-19,653.3333129882812,665.3333129882812,652.6666870117188,663.9000244140625,3666787
2013-11-20,661.7999877929688,662.2666625976562,648.933349609375,651.0,2002276
2013-11-21,646.5333251953125,651.3333129882812,630.6666870117188,632.066650390625,3509820
2013-11-22,633.3333129882812,647.2999877929688,632.2999877929688,642.7666625976562,2229484
2013-11-25,646.7666625976562,669.8333129882812,646.7666625976562,668.433349609375,4170087
2013-11-26,665.8666381835938,677.5999755859375,664.6666870117188,669.6666870117188,4268599
2013-11-27,669.3333129882812,673.3333129882812,659.3333129882812,671.0333251953125,2749060
2013-11-28,673.3333129882812,685.6666870117188,672.8666381835938,681.933349609375,3786025
2013-11-29,682.2333374023438,699.2000122070312,677.566650390625,697.2999877929688,3379231
2013-12-02,694.6666870117188,716.0,693.4666748046875,713.3666381835938,3499135
2013-12-03,710.0,722.6666870117188,701.8666381835938,703.0999755859375,3915412
2013-12-04,697.4000244140625,702.433349609375,688.433349609375,692.8333129882812,3999606
2013-12-05,710.1666870117188,726.5999755859375,710.1666870117188,724.2999877929688,5140780
2013-12-06,721.066650390625,733.3333129882812,721.066650390625,730.933349609375,4490938
2013-12-09,749.3333129882812,769.5999755859375,749.3333129882812,764.5999755859375,10248993
2013-12-10,762.0,762.0,728.7000122070312,733.5999755859375,5716003
2013-12-11,726.0,727.7333374023438,717.3666381835938,720.4000244140625,3671109
2013-12-12,713.3333129882812,719.2000122070312,705.9666748046875,710.0333251953125,2607294
2013-12-13,700.0333251953125,705.433349609375,695.9000244140625,699.9666748046875,2455011
2013-12-16,701.0,713.2666625976562,697.7333374023438,705.566650390625,2871384
2013-12-17,712.7333374023438,716.0,705.066650390625,709.6666870117188,1781410
2013-12-18,709.0333251953125,733.2999877929688,709.0333251953125,728.4666748046875,3677757
2013-12-19,736.0,737.7999877929688,704.7000122070312,707.2999877929688,3006412
2013-12-20,704.2000122070312,709.3333129882812,695.433349609375,707.4000244140625,3290514
2013-12-23,710.3666381835938,719.9666748046875,709.433349609375,712.6666870117188,1976616
2013-12-24,714.8666381835938,723.7333374023438,714.2999877929688,717.3333129882812,1472157
2013-12-26,716.6666870117188,722.9666748046875,710.5333251953125,715.1333618164062,3320446
2013-12-27,714.5999755859375,726.0,713.3333129882812,718.6333618164062,1130763
2013-12-30,718.3333129882812,721.3333129882812,705.4666748046875,709.3333129882812,1315138
2013-12-31,709.3333129882812,715.433349609375,708.6666870117188,713.5,807739
2014-01-01,716.7666625976562,719.933349609375,710.933349609375,712.3666381835938,694318
2014-01-02,711.5,719.933349609375,685.5333251953125,690.7000122070312,2322501
2014-01-03,680.0,688.6333618164062,672.0333251953125,674.7000122070312,3701602
2014-01-06,674.7333374023438,683.9666748046875,666.7000122070312,673.6666870117188,2579617
2014-01-07,676.6666870117188,685.7000122070312,672.066650390625,679.6666870117188,2833413
2014-01-08,681.3333129882812,683.933349609375,664.5,665.566650390625,3084265
2014-01-09,665.9000244140625,669.3333129882812,646.6666870117188,647.933349609375,4402965
2014-01-10,648.5,656.0,634.3333129882812,637.3666381835938,4818324
2014-01-13,636.7333374023438,658.5999755859375,636.7333374023438,653.7000122070312,3526029
2014-01-14,652.0333251953125,664.5333251953125,645.3333129882812,648.0,2725885
2014-01-15,650.2000122070312,669.0,650.2000122070312,666.066650390625,2702491
2014-01-16,670.4000244140625,675.2999877929688,660.8666381835938,669.3333129882812,2767075
2014-01-17,666.2000122070312,674.433349609375,663.7666625976562,668.566650390625,2133013
2014-01-20,668.0,673.2666625976562,659.5,665.9666748046875,2311656
2014-01-21,670.8666381835938,678.3666381835938,670.0333251953125,674.3333129882812,1709856
2014-01-22,675.933349609375,678.2000122070312,664.3666381835938,669.8666381835938,3245709
2014-01-23,673.4000244140625,695.5999755859375,673.4000244140625,688.6333618164062,6787534
2014-01-24,686.0,686.2999877929688,669.433349609375,670.9000244140625,3782706
2014-01-27,659.1333618164062,661.6333618164062,648.7000122070312,653.433349609375,3345742
2014-01-28,652.6666870117188,664.3666381835938,649.3333129882812,655.6666870117188,3471943
2014-01-29,660.7000122070312,670.6666870117188,659.0999755859375,662.0999755859375,2601379
2014-01-30,652.6333618164062,658.2999877929688,649.5999755859375,653.6333618164062,2887870
2014-01-31,656.9000244140625,663.7333374023438,650.433349609375,657.2666625976562,2014065
2014-02-03,654.0,659.7999877929688,650.2666625976562,652.8666381835938,1745134
2014-02-04,645.7666625976562,659.2333374023438,643.4000244140625,655.3333129882812,1948258
2014-02-05,653.3333129882812,659.0,649.9666748046875,656.933349609375,2288964
2014-02-06,657.3333129882812,659.3333129882812,646.0,650.1666870117188,2699857
2014-02-07,655.5333251953125,658.5999755859375,650.7999877929688,656.0999755859375,2114169
2014-02-10,657.5,667.2999877929688,652.6666870117188,663.933349609375,2414272
2014-02-11,664.2666625976562,671.3333129882812,658.2333374023438,662.433349609375,1820484
2014-02-12,666.6666870117188,678.6333618164062,662.6333618164062,673.6666870117188,2079207
2014-02-13,675.3333129882812,677.2999877929688,656.933349609375,657.9666748046875,1827121
2014-02-14,661.7000122070312,665.3333129882812,650.6666870117188,661.8333129882812,1588461
2014-02-17,664.0999755859375,669.7333374023438,659.0,665.5333251953125,1273681
2014-02-18,665.3666381835938,681.2000122070312,660.2666625976562,678.2666625976562,3418378
2014-02-19,678.0,689.1666870117188,675.8333129882812,687.5333251953125,2676043
2014-02-20,681.8666381835938,692.6333618164062,677.6333618164062,689.7666625976562,2632165
2014-02-21,691.3333129882812,704.6666870117188,691.1333618164062,703.433349609375,2793133
2014-02-24,701.066650390625,726.0,700.066650390625,723.0999755859375,3940515
2014-02-25,724.3666381835938,726.5999755859375,715.0,725.2666625976562,2892156
2014-02-26,722.4666748046875,733.2999877929688,721.433349609375,731.0999755859375,3813249
2014-02-28,727.4666748046875,743.1333618164062,727.4666748046875,739.7666625976562,3390912
2014-03-03,733.7000122070312,735.1666870117188,724.433349609375,731.7000122070312,1801497
2014-03-04,728.6666870117188,747.4000244140625,726.3333129882812,744.4666748046875,2621673
2014-03-05,749.2000122070312,754.1333618164062,742.7999877929688,748.9000244140625,2453523
2014-03-06,749.5,763.6666870117188,745.9000244140625,761.6666870117188,2598480
2014-03-07,762.0,815.3333129882812,762.0,799.0999755859375,9813319
2014-03-10,792.8333129882812,828.0,792.8333129882812,824.5999755859375,6267502
2014-03-11,821.2333374023438,837.2333374023438,812.433349609375,820.0333251953125,4450599
2014-03-12,816.6666870117188,820.0,804.6666870117188,812.1666870117188,3076795
2014-03-13,812.6666870117188,825.2333374023438,812.6666870117188,816.7999877929688,2942418
2014-03-14,811.6666870117188,842.2999877929688,801.1333618164062,836.6333618164062,4093326
2014-03-18,836.0,845.7000122070312,822.0,827.0333251953125,3189525
2014-03-19,826.2666625976562,836.2000122070312,819.4666748046875,830.6666870117188,2946181
2014-03-20,820.0,829.2333374023438,810.6666870117188,812.7000122070312,2957193
2014-03-21,816.0999755859375,823.3333129882812,807.0,811.066650390625,3006924
2014-03-24,819.0,825.6333618164062,811.2333374023438,820.2333374023438,4826047
2014-03-25,820.0,833.3333129882812,815.066650390625,832.2999877929688,3608031
2014-03-26,834.6666870117188,852.4666748046875,834.2999877929688,850.5333251953125,4239243
2014-03-27,849.9666748046875,864.066650390625,845.7000122070312,855.7333374023438,6435498
2014-03-28,860.0,861.5999755859375,840.2333374023438,858.7666625976562,2952043
2014-03-31,860.0,868.1666870117188,843.2333374023438,847.933349609375,3946083
2014-04-01,848.7333374023438,860.0,836.0,852.7000122070312,2856469
2014-04-02,860.0,873.3333129882812,850.0333251953125,866.9666748046875,3237921
2014-04-03,863.4000244140625,865.2999877929688,836.4000244140625,860.066650390625,4524073
2014-04-04,859.2666625976562,859.2666625976562,844.5333251953125,851.4000244140625,3040353
2014-04-07,850.8666381835938,863.1666870117188,844.7999877929688,856.2333374023438,2376559
2014-04-09,859.3333129882812,872.5333251953125,851.6333618164062,865.3666381835938,4062904
2014-04-10,864.1666870117188,884.8333129882812,862.7000122070312,876.1666870117188,4725337
2014-04-11,870.7666625976562,872.2666625976562,860.0333251953125,865.6666870117188,2806795
2014-04-15,860.433349609375,874.4000244140625,850.6666870117188,865.2333374023438,2215813
2014-04-16,860.9000244140625,863.2666625976562,837.3333129882812,839.933349609375,2713372
2014-04-17,840.3666381835938,851.2666625976562,828.0,845.9666748046875,4721797
2014-04-21,848.0,883.3333129882812,848.0,881.7000122070312,3254260
2014-04-22,883.3333129882812,903.3333129882812,878.0333251953125,897.7000122070312,4476646
2014-04-23,910.0,925.6666870117188,900.7999877929688,917.566650390625,4769422
2014-04-24,917.566650390625,917.566650390625,917.566650390625,917.566650390625,0
2014-04-25,916.5999755859375,918.7666625976562,896.6666870117188,899.933349609375,4510083
2014-04-28,900.0,909.2666625976562,883.3333129882812,885.6666870117188,4266412
2014-04-29,890.0,894.5,871.7000122070312,880.933349609375,3339325
2014-04-30,887.3333129882812,889.8666381835938,854.2999877929688,862.7333374023438,3469714
2014-05-02,867.2999877929688,873.3333129882812,840.0333251953125,842.3666381835938,2832487
2014-05-05,842.7333374023438,863.3333129882812,834.1333618164062,855.9666748046875,2194435
2014-05-06,861.0333251953125,869.7999877929688,859.2666625976562,866.6666870117188,1984606
2014-05-07,865.1333618164062,875.3333129882812,859.3666381835938,863.7333374023438,2302158
2014-05-08,868.3333129882812,871.8666381835938,850.6666870117188,866.0999755859375,3285168
2014-05-09,864.3333129882812,899.2999877929688,858.7999877929688,895.1333618164062,4375510
2014-05-12,900.0,927.3333129882812,898.433349609375,924.8333129882812,3919360
2014-05-13,933.3333129882812,960.6666870117188,933.3333129882812,939.5333251953125,5188618
2014-05-14,943.3333129882812,950.0,920.2999877929688,929.6666870117188,3231376
2014-05-15,929.4666748046875,933.3333129882812,914.0,918.933349609375,3786319
2014-05-16,966.6666870117188,996.6666870117188,925.7000122070312,951.7999877929688,11804331
2014-05-19,960.1333618164062,1022.5999755859375,960.1333618164062,1016.3666381835938,5544801
2014-05-20,1022.6666870117188,1025.2667236328125,998.2000122070312,1006.2333374023438,3532723
2014-05-21,1007.4000244140625,1008.2999877929688,980.1666870117188,984.0333251953125,3201142
2014-05-22,993.3333129882812,1004.5999755859375,983.3333129882812,987.0999755859375,3015093
2014-05-23,989.3333129882812,1014.2666625976562,989.2000122070312,1009.3333129882812,2387221
2014-05-26,1025.3333740234375,1084.9000244140625,1002.2000122070312,1032.1666259765625,7535436
2014-05-27,1033.3333740234375,1051.7667236328125,1014.9666748046875,1044.0333251953125,3261094
2014-05-28,1046.8333740234375,1068.800048828125,1046.0999755859375,1051.4000244140625,3189786
2014-05-29,1051.800048828125,1059.9666748046875,1021.3333129882812,1033.0999755859375,3391968
2014-05-30,1039.0,1056.0,1026.199951171875,1030.3333740234375,2490952
2014-06-02,1076.5999755859375,1103.3333740234375,1069.3333740234375,1097.3333740234375,6711372
2014-06-03,1100.6666259765625,1116.3333740234375,1095.300048828125,1102.2332763671875,4200799
2014-06-04,1108.0,1119.9666748046875,1097.3333740234375,1116.433349609375,2499418
2014-06-05,1119.8333740234375,1129.3333740234375,1108.9000244140625,1121.2332763671875,3696321
2014-06-06,1130.0,1133.3333740234375,1115.433349609375,1127.36669921875,3277179
2014-06-09,1133.3333740234375,1184.4000244140625,1026.0,1168.0999755859375,5893852
2014-06-10,1170.5333251953125,1172.0,1146.4666748046875,1159.300048828125,3124296
2014-06-11,1161.3333740234375,1163.3333740234375,1139.3333740234375,1144.9666748046875,4316724
2014-06-12,1147.699951171875,1155.199951171875,1140.0,1148.2667236328125,1378804
2014-06-13,1149.3333740234375,1166.0,1113.5333251953125,1123.9666748046875,2794629
2014-06-16,1122.6666259765625,1123.3333740234375,1091.8333740234375,1100.3333740234375,2210658
2014-06-17,1090.6666259765625,1129.800048828125,1090.6666259765625,1123.0333251953125,2791131
2014-06-18,1122.6666259765625,1138.6666259765625,1100.6666259765625,1114.2332763671875,2892595
2014-06-19,1121.0,1130.8333740234375,1100.0,1104.4666748046875,1613632
2014-06-20,1112.5333251953125,1114.13330078125,1093.7332763671875,1098.63330078125,1485903
2014-06-23,1101.3333740234375,1111.2667236328125,1084.9666748046875,1104.7667236328125,2017126
2014-06-24,1109.066650390625,1133.0,1103.5333251953125,1113.63330078125,2484652
2014-06-25,1116.4666748046875,1119.5999755859375,1096.5333251953125,1100.0333251953125,1570332
2014-06-26,1107.5333251953125,1125.199951171875,1100.6666259765625,1115.699951171875,2534928
2014-06-27,1117.4666748046875,1125.3333740234375,1108.066650390625,1111.5333251953125,1327365
2014-06-30,1116.6666259765625,1143.3333740234375,1114.6666259765625,1134.4666748046875,2685537
2014-07-01,1141.3333740234375,1154.5999755859375,1138.433349609375,1150.9000244140625,1997301
2014-07-02,1163.300048828125,1173.3333740234375,1154.4666748046875,1169.300048828125,2128129
2014-07-03,1173.3333740234375,1177.2667236328125,1163.4000244140625,1168.2332763671875,2313723
2014-07-04,1174.6666259765625,1174.6666259765625,1150.3333740234375,1161.800048828125,1657803
2014-07-07,1166.6666259765625,1170.0,1159.1666259765625,1166.2332763671875,1767925
2014-07-08,1170.0,1174.5333251953125,1108.1666259765625,1115.0333251953125,4277095
2014-07-09,1126.6666259765625,1131.066650390625,1084.4000244140625,1101.0999755859375,3643758
2014-07-10,1107.4000244140625,1144.9666748046875,1074.0,1103.1666259765625,5212540
2014-07-11,1104.0,1115.63330078125,1033.3333740234375,1049.566650390625,4338265
2014-07-14,1050.0,1071.3333740234375,1033.7332763671875,1064.9666748046875,2333917
2014-07-15,1080.0,1094.0333251953125,1070.0,1089.0999755859375,2732493
2014-07-16,1097.5333251953125,1116.0,1079.199951171875,1106.0333251953125,2329224
2014-07-17,1100.6666259765625,1116.6666259765625,1098.86669921875,1112.63330078125,1217437
2014-07-18,1106.6666259765625,1130.566650390625,1097.86669921875,1124.3333740234375,1997386
2014-07-21,1123.699951171875,1132.5333251953125,1110.199951171875,1113.5,1887466
2014-07-22,1115.3333740234375,1122.800048828125,1089.5333251953125,1103.300048828125,1536589
2014-07-23,1109.2332763671875,1118.0,1100.1666259765625,1102.36669921875,1801548
2014-07-24,1103.433349609375,1113.0,1091.7667236328125,1108.9666748046875,1650940
2014-07-25,1111.3333740234375,1113.0,1092.13330078125,1105.3333740234375,1344507
2014-07-28,1108.9666748046875,1112.933349609375,1090.0999755859375,1094.066650390625,2294470
2014-07-30,1058.5999755859375,1058.5999755859375,1008.0,1016.066650390625,13149229
2014-07-31,1018.6666870117188,1027.3333740234375,999.5333251953125,1001.933349609375,7753987
2014-08-01,991.933349609375,1001.8666381835938,975.4000244140625,979.1333618164062,6859360
2014-08-04,984.066650390625,998.6333618164062,984.066650390625,995.9666748046875,4058344
2014-08-05,1000.0,1001.0333251953125,983.4000244140625,993.3666381835938,2510001
2014-08-06,989.3333129882812,1007.2000122070312,986.7000122070312,988.8666381835938,3269770
2014-08-07,995.0,997.2999877929688,984.3666381835938,987.933349609375,1772376
2014-08-08,978.9000244140625,983.3333129882812,960.0,961.8666381835938,3253360
2014-08-11,966.7999877929688,979.9666748046875,966.7999877929688,975.1666870117188,2653017
2014-08-12,978.1666870117188,995.3333129882812,978.1666870117188,992.7333374023438,2213149
2014-08-13,985.2000122070312,985.3333129882812,961.1333618164062,969.066650390625,2688088
2014-08-14,975.433349609375,993.1666870117188,972.0,989.4000244140625,2250747
2014-08-18,990.066650390625,1016.5999755859375,989.2000122070312,1010.6666870117188,3954625
2014-08-19,1018.7333374023438,1029.86669921875,1014.6666870117188,1021.7666625976562,3303576
2014-08-20,1023.3333129882812,1026.433349609375,1007.7000122070312,1011.933349609375,1420566
2014-08-21,1013.1333618164062,1025.3333740234375,1004.3666381835938,1022.2999877929688,2482074
2014-08-22,1025.5333251953125,1038.5999755859375,1020.6666870117188,1026.6666259765625,2614005
2014-08-25,1030.0,1033.3333740234375,1013.3333129882812,1018.2999877929688,1714194
2014-08-26,1013.3333129882812,1015.1666870117188,993.3333129882812,1004.1333618164062,2759887
2014-08-27,1010.6666870117188,1013.1666870117188,996.7999877929688,1002.433349609375,2603056
2014-08-28,1005.5333251953125,1023.3333129882812,1005.5333251953125,1017.6666870117188,3008883
2014-09-01,1023.3333129882812,1053.933349609375,1023.3333129882812,1051.566650390625,3557881
2014-09-02,1053.3333740234375,1064.7332763671875,1037.8333740234375,1052.9000244140625,2650210
2014-09-03,1055.63330078125,1072.0,1052.13330078125,1065.4666748046875,3937872
2014-09-04,1069.9000244140625,1069.9000244140625,1048.6666259765625,1059.9666748046875,1717581
2014-09-05,1060.0,1080.8333740234375,1054.6666259765625,1075.066650390625,2508046
2014-09-08,1081.4666748046875,1088.4666748046875,1078.0,1086.2667236328125,2037934
2014-09-09,1086.2667236328125,1086.2667236328125,1067.5,1070.1666259765625,1648011
2014-09-10,1064.6666259765625,1065.933349609375,1053.3333740234375,1056.7332763671875,1970533
2014-09-11,1063.3333740234375,1072.6666259765625,1057.1666259765625,1063.433349609375,1703541
2014-09-12,1064.2667236328125,1071.066650390625,1050.0,1052.4666748046875,1810773
2014-09-15,1046.0333251953125,1049.0,1036.7332763671875,1040.36669921875,1171498
2014-09-16,1043.0,1045.5999755859375,1005.3666381835938,1010.433349609375,2086846
2014-09-17,1020.0,1022.0,1000.1333618164062,1012.7666625976562,2430664
2014-09-18,1007.7333374023438,1054.6666259765625,1007.7333374023438,1049.4666748046875,2263371
2014-09-19,1052.13330078125,1059.63330078125,1018.6666870117188,1021.6333618164062,2851128
2014-09-22,1015.933349609375,1028.6666259765625,1010.8666381835938,1022.1333618164062,1744293
2014-09-23,1013.3333129882812,1017.3666381835938,993.5,997.1666870117188,2434546
2014-09-24,1000.0,1004.4666748046875,958.6333618164062,976.0,3623152
2014-09-25,980.0,984.3333129882812,954.433349609375,964.7333374023438,2664181
2014-09-26,955.7000122070312,986.6333618164062,955.7000122070312,984.0,2586988
2014-09-29,983.9000244140625,990.5333251953125,964.566650390625,979.066650390625,1763739
2014-09-30,973.3666381835938,999.8666381835938,967.3333129882812,972.1666870117188,2474358
2014-10-01,972.1666870117188,978.5999755859375,961.5999755859375,964.566650390625,1696510
2014-10-07,956.6666870117188,972.3666381835938,936.6666870117188,943.2000122070312,3002658
2014-10-08,934.0,968.4666748046875,934.0,964.8333129882812,2570920
2014-10-09,970.6666870117188,995.0,970.6666870117188,991.2666625976562,2460468
2014-10-10,981.2000122070312,985.066650390625,962.6666870117188,974.4666748046875,2465217
2014-10-13,964.933349609375,969.3333129882812,955.433349609375,963.8666381835938,2268106
2014-10-14,970.1666870117188,973.933349609375,957.5999755859375,959.933349609375,2222278
2014-10-15,959.933349609375,959.933349609375,959.933349609375,959.933349609375,0
2014-10-16,951.0999755859375,960.0,946.3333129882812,949.1333618164062,2213427
2014-10-17,954.0999755859375,974.8666381835938,951.433349609375,968.5999755859375,3123661
2014-10-20,988.2000122070312,1002.0,984.7999877929688,996.8333129882812,2714394
2014-10-21,998.3333129882812,1010.6333618164062,994.9666748046875,1008.0,1853868
2014-10-22,1020.0,1040.0,1017.066650390625,1035.8333740234375,3645714
2014-10-27,1044.0,1053.9000244140625,1040.5999755859375,1044.9000244140625,3198228
2014-10-28,1053.3333740234375,1061.199951171875,1048.3333740234375,1051.0,1867963
2014-10-29,1060.0,1060.0,1044.4000244140625,1051.4666748046875,1314040
2014-10-30,1048.0,1067.2667236328125,1048.0,1065.13330078125,2742090
2014-10-31,1068.36669921875,1109.0,1068.36669921875,1103.63330078125,3781296
2014-11-03,1107.3333740234375,1117.066650390625,1099.0333251953125,1105.199951171875,2578879
2014-11-05,1106.6666259765625,1117.2667236328125,1103.13330078125,1110.5999755859375,2419614
2014-11-07,1114.800048828125,1128.5999755859375,1086.6666259765625,1102.5333251953125,3786600
2014-11-10,1076.6666259765625,1097.199951171875,1062.3333740234375,1079.5999755859375,4498915
2014-11-11,1084.0,1093.2667236328125,1077.699951171875,1091.4666748046875,1984456
2014-11-12,1094.0,1096.0,1072.199951171875,1075.6666259765625,1937980
2014-11-13,1080.0,1092.6666259765625,1072.9666748046875,1077.5999755859375,1714051
2014-11-14,1080.3333740234375,1088.5999755859375,1072.6666259765625,1081.0999755859375,1522411
2014-11-17,1080.6666259765625,1085.3333740234375,1065.3333740234375,1077.2332763671875,1502209
2014-11-18,1077.7332763671875,1100.4000244140625,1077.6666259765625,1096.4000244140625,2021485
2014-11-19,1099.800048828125,1116.5999755859375,1098.6666259765625,1105.7332763671875,2530605
2014-11-20,1108.7332763671875,1111.300048828125,1086.699951171875,1096.63330078125,1216285
2014-11-21,1093.3333740234375,1115.8333740234375,1086.6666259765625,1110.86669921875,1920028
2014-11-24,1114.0,1121.300048828125,1099.5333251953125,1113.2332763671875,2035971
2014-11-25,1113.3333740234375,1114.0,1081.800048828125,1091.199951171875,2391166
2014-11-26,1092.0,1097.86669921875,1082.7667236328125,1087.3333740234375,2177278
2014-11-27,1090.0333251953125,1094.0,1074.0,1079.433349609375,2207175
2014-11-28,1084.86669921875,1104.36669921875,1084.86669921875,1092.9000244140625,2598367
2014-12-01,1087.4666748046875,1093.8333740234375,1068.300048828125,1081.3333740234375,1493083
2014-12-02,1079.066650390625,1103.3333740234375,1077.3333740234375,1093.0999755859375,1361464
2014-12-03,1094.0,1102.5,1088.6666259765625,1096.0999755859375,1616703
2014-12-04,1097.2667236328125,1103.3333740234375,1083.3333740234375,1086.199951171875,1773838
2014-12-05,1089.4666748046875,1103.3333740234375,1079.5333251953125,1085.6666259765625,2146855
2014-12-08,1086.6666259765625,1090.7667236328125,1062.86669921875,1067.86669921875,1585636
2014-12-09,1064.7667236328125,1067.3333740234375,1034.0,1039.7332763671875,2569558
2014-12-10,1033.3333740234375,1043.433349609375,1025.8333740234375,1029.5333251953125,3034126
2014-12-11,1026.6666259765625,1038.933349609375,1001.933349609375,1025.4000244140625,4328835
2014-12-12,1028.6666259765625,1034.8333740234375,1003.3333129882812,1007.2999877929688,3774426
2014-12-15,1000.0,1012.0,996.1666870117188,1000.7999877929688,2593509
2014-12-16,993.3333129882812,1007.3333129882812,985.7999877929688,988.9000244140625,2809615
2014-12-17,985.0333251953125,996.1333618164062,966.7999877929688,979.0,5619423
2014-12-18,996.8333129882812,1006.0,986.2333374023438,1004.2666625976562,2815365
2014-12-19,1015.7666625976562,1031.13330078125,1012.0,1023.433349609375,3407025
2014-12-22,1025.3333740234375,1029.2667236328125,1009.7000122070312,1016.1333618164062,1321836
2014-12-23,1016.6666870117188,1026.2667236328125,994.933349609375,998.5333251953125,1721754
2014-12-24,998.7333374023438,1004.9666748046875,980.3666381835938,985.2333374023438,4556031
2014-12-26,988.7999877929688,998.5999755859375,984.6666870117188,993.4666748046875,1010929
2014-12-29,996.7666625976562,1004.0,990.7999877929688,993.5333251953125,1193694
2014-12-30,1002.7999877929688,1007.3333129882812,995.5333251953125,998.8333129882812,1373809
2014-12-31,995.5,1003.8666381835938,994.6666870117188,996.433349609375,1255716
2015-01-01,995.8666381835938,1004.5999755859375,994.6666870117188,1001.9666748046875,674298
2015-01-02,1001.0,1026.0,1001.0,1023.0999755859375,1936584
2015-01-05,1030.2332763671875,1047.3333740234375,1030.2332763671875,1037.3333740234375,2176527
2015-01-06,1027.3333740234375,1029.8333740234375,997.3666381835938,1002.7333374023438,3048025
2015-01-07,999.1666870117188,1006.6666870117188,990.3666381835938,1000.3333129882812,2063635
2015-01-08,1013.0,1015.6666870117188,1002.7666625976562,1006.7000122070312,1455954
2015-01-09,1014.6666870117188,1016.0,992.0,1000.1666870117188,1735729
2015-01-12,1002.5999755859375,1024.6666259765625,996.7333374023438,1022.7999877929688,1535320
2015-01-13,1029.9666748046875,1031.433349609375,1010.7999877929688,1013.0,1318348
2015-01-14,1015.0,1022.7333374023438,1000.0,1012.0,1476891
2015-01-15,1030.0,1057.4666748046875,1023.6666870117188,1049.13330078125,3419091
2015-01-16,1055.0,1074.6666259765625,1040.0,1061.1666259765625,4195027
2015-01-19,1068.6666259765625,1082.0,1067.933349609375,1076.566650390625,2087947
2015-01-20,1081.2667236328125,1089.3333740234375,1067.3333740234375,1086.36669921875,2088778
2015-01-21,1089.199951171875,1112.13330078125,1087.1666259765625,1103.0333251953125,3705237
2015-01-22,1104.0,1112.6666259765625,1102.2332763671875,1108.86669921875,1811173
2015-01-23,1116.6666259765625,1143.9666748046875,1116.6666259765625,1140.86669921875,4374211
2015-01-27,1146.6666259765625,1166.6666259765625,1145.3333740234375,1161.3333740234375,3390609
2015-01-28,1156.800048828125,1160.3333740234375,1123.3333740234375,1132.2332763671875,3463524
2015-01-29,1128.2332763671875,1155.800048828125,1125.5,1149.2667236328125,3460012
2015-01-30,1152.4000244140625,1160.5333251953125,1122.2332763671875,1133.699951171875,2282494
2015-02-02,1130.6666259765625,1159.9000244140625,1130.6666259765625,1156.7332763671875,2125707
2015-02-03,1161.3333740234375,1166.5999755859375,1138.2332763671875,1148.3333740234375,2930722
2015-02-04,1153.0333251953125,1154.800048828125,1121.5999755859375,1125.5999755859375,1846012
2015-02-05,1127.300048828125,1137.3333740234375,1116.066650390625,1121.5999755859375,2015947
2015-02-06,1121.3333740234375,1129.3333740234375,1108.6666259765625,1122.36669921875,2210620
2015-02-09,1108.86669921875,1112.6666259765625,1033.3333740234375,1048.300048828125,5339823
2015-02-10,1030.066650390625,1074.0,1021.433349609375,1047.800048828125,10472047
2015-02-11,1058.0,1082.4666748046875,1055.800048828125,1075.13330078125,4675647
2015-02-12,1078.6666259765625,1106.0,1070.13330078125,1100.0333251953125,3162283
2015-02-13,1106.6666259765625,1116.0,1100.0,1108.0999755859375,2363568
2015-02-16,1110.0,1118.6666259765625,1093.4000244140625,1098.9666748046875,1676532
2015-02-18,1103.199951171875,1116.5999755859375,1102.6666259765625,1108.9000244140625,2187792
2015-02-19,1112.5333251953125,1140.0,1108.2667236328125,1132.36669921875,2808871
2015-02-20,1133.3333740234375,1143.199951171875,1114.3333740234375,1118.4000244140625,5372566
2015-02-23,1124.300048828125,1141.2667236328125,1119.566650390625,1124.6666259765625,3558913
2015-02-24,1127.63330078125,1149.6666259765625,1126.699951171875,1147.4000244140625,3186507
2015-02-25,1150.0,1156.5333251953125,1124.0,1131.933349609375,2760175
2015-02-26,1132.6666259765625,1133.8333740234375,1113.3333740234375,1118.699951171875,2867676
2015-02-27,1135.199951171875,1176.6666259765625,1133.3333740234375,1172.63330078125,6404554
2015-03-02,1188.0,1233.3333740234375,1188.0,1230.7332763671875,7276993
2015-03-03,1233.3333740234375,1239.3333740234375,1218.7332763671875,1234.433349609375,3566704
2015-03-04,1246.6666259765625,1262.5333251953125,1211.3333740234375,1225.2667236328125,4956996
2015-03-05,1228.1666259765625,1230.9666748046875,1196.6666259765625,1217.36669921875,2831550
2015-03-09,1211.4666748046875,1214.4000244140625,1170.0,1174.86669921875,2366515
2015-03-10,1179.3333740234375,1193.066650390625,1149.36669921875,1168.300048828125,2668429
2015-03-11,1176.566650390625,1177.0,1154.800048828125,1159.800048828125,2817523
2015-03-12,1166.6666259765625,1176.6666259765625,1160.0999755859375,1164.933349609375,2488366
2015-03-13,1177.5333251953125,1179.566650390625,1122.13330078125,1128.0999755859375,3480124
2015-03-16,1132.0,1139.933349609375,1114.199951171875,1119.86669921875,1994878
2015-03-17,1130.6666259765625,1148.6666259765625,1122.13330078125,1143.7667236328125,2178091
2015-03-18,1150.0333251953125,1151.6666259765625,1128.4666748046875,1132.699951171875,1931079
2015-03-19,1147.36669921875,1159.300048828125,1113.3333740234375,1121.5999755859375,3146062
2015-03-20,1122.13330078125,1131.63330078125,1102.0333251953125,1113.566650390625,2528511
2015-03-23,1121.5333251953125,1126.6666259765625,1108.6666259765625,1115.2332763671875,1682382
2015-03-24,1115.699951171875,1125.86669921875,1104.0,1114.7667236328125,2093748
2015-03-25,1115.3333740234375,1117.9000244140625,1084.2332763671875,1088.5,2524261
2015-03-26,1081.3333740234375,1110.0,1075.63330078125,1089.63330078125,5232288
2015-03-27,1100.066650390625,1123.7332763671875,1094.6666259765625,1118.5,4774842
2015-03-30,1126.6666259765625,1156.0,1122.3333740234375,1152.5,3359008
2015-03-31,1156.699951171875,1164.6666259765625,1140.8333740234375,1146.433349609375,2813583
2015-04-01,1147.7667236328125,1159.4000244140625,1145.3333740234375,1156.1666259765625,1500330
2015-04-06,1157.699951171875,1176.199951171875,1148.13330078125,1171.933349609375,2732079
2015-04-07,1180.1666259765625,1188.4666748046875,1165.5,1179.800048828125,2142483
2015-04-08,1183.2667236328125,1191.5,1174.13330078125,1186.300048828125,2066943
2015-04-09,1190.0,1192.0,1170.4000244140625,1180.5333251953125,1702879
2015-04-10,1180.0,1185.3333740234375,1166.6666259765625,1176.0,1415592
2015-04-13,1186.8333740234375,1204.6666259765625,1180.8333740234375,1202.3333740234375,2358313
2015-04-15,1202.6666259765625,1213.300048828125,1178.5999755859375,1191.7667236328125,2280493
2015-04-16,1192.0,1192.0,1160.0,1169.5333251953125,2251882
2015-04-17,1173.4000244140625,1177.5999755859375,1153.4000244140625,1159.8333740234375,1497997
2015-04-20,1161.2667236328125,1161.2667236328125,1112.6666259765625,1132.300048828125,2375331
2015-04-21,1132.0,1146.933349609375,1120.0,1125.8333740234375,2067291
2015-04-22,1129.86669921875,1168.0,1123.8333740234375,1163.7332763671875,2776149
2015-04-23,1170.0,1174.933349609375,1142.0333251953125,1149.4000244140625,2547232
2015-04-24,1148.0,1150.5333251953125,1113.3333740234375,1119.066650390625,2187252
2015-04-27,1119.9666748046875,1130.566650390625,1105.0,1111.800048828125,2775021
2015-04-28,1123.0,1123.0,1090.6666259765625,1110.300048828125,3310885
2015-04-29,1107.7332763671875,1114.8333740234375,1097.3333740234375,1103.5,2125135
2015-04-30,1103.86669921875,1104.4666748046875,1083.7332763671875,1087.5333251953125,3737527
2015-05-04,1093.8333740234375,1100.300048828125,1078.7332763671875,1086.199951171875,2455548
2015-05-05,1090.0,1110.0,1084.5,1094.933349609375,2135422
2015-05-06,1095.0,1095.933349609375,1038.800048828125,1043.0999755859375,4843735
2015-05-07,1040.0,1056.6666259765625,1029.066650390625,1045.933349609375,3978019
2015-05-08,1059.3333740234375,1076.6666259765625,1054.36669921875,1067.5,3842286
2015-05-11,1074.199951171875,1088.0,1071.8333740234375,1076.86669921875,3087799
2015-05-12,1076.5999755859375,1076.5999755859375,1036.6666259765625,1039.5999755859375,3287785
2015-05-13,1046.699951171875,1063.3333740234375,1040.5333251953125,1059.800048828125,2439559
2015-05-14,1057.433349609375,1061.2667236328125,1046.933349609375,1051.2332763671875,1777146
2015-05-15,1057.9000244140625,1068.0,1050.3333740234375,1061.300048828125,2762061
2015-05-18,1064.933349609375,1077.5333251953125,1059.3333740234375,1074.9000244140625,1792155
2015-05-19,1076.63330078125,1090.0,1072.6666259765625,1080.4666748046875,2281797
2015-05-20,1085.300048828125,1090.300048828125,1072.0,1075.0333251953125,1442643
2015-05-21,1080.0,1094.0,1072.9000244140625,1092.199951171875,2451279
2015-05-22,1093.3333740234375,1108.0,1088.5333251953125,1102.300048828125,2647665
2015-05-25,1099.86669921875,1099.86669921875,1083.3333740234375,1086.8333740234375,1397434
2015-05-26,1091.13330078125,1091.13330078125,1072.3333740234375,1078.933349609375,2059530
2015-05-27,1080.0,1097.2667236328125,1072.8333740234375,1090.2667236328125,1575588
2015-05-28,1091.4000244140625,1093.9000244140625,1070.0,1084.5,2633245
2015-05-29,1087.0,1113.1666259765625,1083.800048828125,1102.9666748046875,4191568
2015-06-01,1116.0,1139.3333740234375,1095.3333740234375,1137.0333251953125,5386807
2015-06-02,1140.6666259765625,1145.199951171875,1111.3333740234375,1115.699951171875,4373604
2015-06-03,1116.6666259765625,1125.0333251953125,1096.0,1102.433349609375,3209997
2015-06-04,1105.3333740234375,1120.0,1097.0333251953125,1108.300048828125,1967170
2015-06-05,1106.6666259765625,1136.0,1105.8333740234375,1122.4000244140625,2404830
2015-06-08,1122.4666748046875,1137.3333740234375,1114.066650390625,1119.1666259765625,2129532
2015-06-09,1117.300048828125,1123.86669921875,1104.0,1111.2667236328125,1416730
2015-06-10,1114.0,1145.2667236328125,1113.3333740234375,1137.36669921875,2389308
2015-06-11,1143.2667236328125,1149.63330078125,1113.5,1117.433349609375,2981295
2015-06-12,1116.4000244140625,1122.13330078125,1100.0,1104.9666748046875,1835109
2015-06-15,1110.13330078125,1129.5999755859375,1101.3333740234375,1112.2667236328125,1700772
2015-06-16,1113.3333740234375,1123.3333740234375,1103.9000244140625,1118.2667236328125,2043630
2015-06-17,1124.0,1148.3333740234375,1117.3333740234375,1140.566650390625,3984108
2015-06-18,1143.3333740234375,1153.0,1139.1666259765625,1144.7667236328125,2842159
2015-06-19,1150.0,1161.4000244140625,1138.1666259765625,1144.066650390625,2126232
2015-06-22,1150.0,1159.3333740234375,1144.36669921875,1155.0,1613481
2015-06-23,1160.6666259765625,1181.3333740234375,1158.3333740234375,1177.699951171875,2350728
2015-06-24,1178.6666259765625,1183.13330078125,1163.3333740234375,1168.8333740234375,1816593
2015-06-25,1160.066650390625,1211.3333740234375,1160.066650390625,1206.5,4201746
2015-06-26,1202.4000244140625,1202.6666259765625,1183.3333740234375,1187.13330078125,1818054
2015-06-29,1164.6666259765625,1196.6666259765625,1146.0,1193.699951171875,3110302
2015-06-30,1190.4000244140625,1205.933349609375,1178.6666259765625,1188.5333251953125,3076677
2015-07-01,1188.63330078125,1212.6666259765625,1188.63330078125,1207.800048828125,2471292
2015-07-02,1208.0,1212.0,1194.6666259765625,1200.2332763671875,1335757
2015-07-03,1200.0,1216.6666259765625,1195.0,1204.86669921875,1830951
2015-07-06,1183.36669921875,1214.3333740234375,1183.3333740234375,1210.699951171875,2029512
2015-07-07,1211.300048828125,1216.0,1196.800048828125,1207.566650390625,1728982
2015-07-08,1193.3333740234375,1209.800048828125,1180.0,1204.300048828125,2385891
2015-07-09,1210.1666259765625,1234.0,1210.1666259765625,1232.5999755859375,2888308
2015-07-10,1233.3333740234375,1253.3333740234375,1233.0333251953125,1250.933349609375,2696910
2015-07-13,1250.933349609375,1253.3333740234375,1229.3333740234375,1238.4666748046875,2160397
2015-07-14,1239.800048828125,1247.9666748046875,1234.066650390625,1238.36669921875,1669578
2015-07-15,1243.3333740234375,1253.3333740234375,1241.63330078125,1246.2667236328125,1757511
2015-07-16,1246.6666259765625,1251.3333740234375,1238.0,1245.36669921875,2124406
2015-07-17,1247.2667236328125,1258.6666259765625,1242.699951171875,1247.7332763671875,2513529
2015-07-20,1248.6666259765625,1253.2667236328125,1233.3333740234375,1244.86669921875,1654725
2015-07-21,1246.5999755859375,1255.3333740234375,1225.4000244140625,1229.9666748046875,1305582
2015-07-22,1229.066650390625,1245.3333740234375,1220.699951171875,1236.300048828125,1643224
2015-07-23,1240.0,1243.0333251953125,1215.3333740234375,1220.699951171875,2011395
2015-07-24,1223.3333740234375,1224.63330078125,1198.0333251953125,1201.566650390625,1986279
2015-07-27,1198.066650390625,1198.6666259765625,1158.566650390625,1162.2332763671875,3556780
2015-07-28,1166.6666259765625,1181.3333740234375,1162.433349609375,1172.63330078125,1856446
2015-07-29,1177.86669921875,1198.9666748046875,1166.699951171875,1193.5333251953125,1687711
2015-07-30,1203.3333740234375,1206.6666259765625,1178.9666748046875,1182.5,2621203
2015-07-31,1189.6666259765625,1210.566650390625,1177.3333740234375,1194.1666259765625,2882673
2015-08-03,1140.0333251953125,1189.3333740234375,1136.0333251953125,1186.2667236328125,4953312
2015-08-04,1186.6666259765625,1196.5333251953125,1172.6666259765625,1183.1666259765625,2105218
2015-08-05,1183.1666259765625,1194.5999755859375,1179.4000244140625,1186.4000244140625,1552152
2015-08-06,1184.7332763671875,1224.5333251953125,1183.3333740234375,1220.5,2809791
2015-08-07,1220.0,1229.3333740234375,1210.7332763671875,1222.300048828125,2368350
2015-08-10,1221.0333251953125,1229.4666748046875,1204.066650390625,1213.8333740234375,2166975
2015-08-11,1214.800048828125,1216.5999755859375,1188.0,1200.7667236328125,1658853
2015-08-12,1195.0333251953125,1195.13330078125,1168.0,1175.0,2478813
2015-08-13,1175.0,1195.9666748046875,1165.3333740234375,1173.433349609375,3626170
2015-08-14,1185.8333740234375,1203.1666259765625,1166.699951171875,1199.6666259765625,1955958
2015-08-17,1195.2667236328125,1200.0,1177.0333251953125,1186.9000244140625,1508725
2015-08-18,1195.4666748046875,1209.9666748046875,1188.7332763671875,1200.0999755859375,2073873
2015-08-19,1199.933349609375,1213.3333740234375,1190.6666259765625,1209.800048828125,1626091
2015-08-20,1196.6666259765625,1212.6666259765625,1176.0,1187.9000244140625,2032938
2015-08-21,1170.0,1170.0,1150.0,1160.0,3087904
2015-08-24,1132.0,1132.0,1070.0,1087.699951171875,4809892
2015-08-25,1099.9666748046875,1110.3333740234375,1050.0,1083.0999755859375,5436565
2015-08-26,1085.2667236328125,1095.0,1056.4000244140625,1061.4666748046875,3418867
2015-08-27,1086.6666259765625,1092.0,1060.066650390625,1080.0333251953125,6486766
2015-08-28,1093.2667236328125,1103.3333740234375,1070.13330078125,1077.63330078125,3557331
2015-08-31,1078.0,1086.6666259765625,1066.0,1068.5999755859375,2546173
2015-09-01,1053.3333740234375,1058.0,1025.6666259765625,1038.5999755859375,4791088
2015-09-02,1056.0,1056.0,1013.2999877929688,1018.433349609375,4657150
2015-09-03,1028.199951171875,1048.0,1025.066650390625,1045.86669921875,3510199
2015-09-04,1039.2667236328125,1043.13330078125,1013.3333129882812,1022.566650390625,3262708
2015-09-07,1026.36669921875,1034.0,1002.6666870117188,1006.3333129882812,1831632
2015-09-08,1010.0,1046.0,993.3333129882812,1043.0,2772253
2015-09-09,1057.0,1065.0,1040.0,1061.6666259765625,3469864
2015-09-10,1047.5999755859375,1083.3333740234375,1036.9666748046875,1076.9000244140625,2940453
2015-09-11,1083.3333740234375,1086.4000244140625,1061.699951171875,1068.63330078125,2370705
2015-09-14,1071.0999755859375,1079.3333740234375,1058.6666259765625,1070.63330078125,1564111
2015-09-15,1070.6666259765625,1076.2667236328125,1033.3333740234375,1038.7667236328125,4171896
2015-09-16,1048.0,1048.4000244140625,1023.4666748046875,1032.4666748046875,3774322
2015-09-18,1040.6666259765625,1056.0,1023.3666381835938,1027.066650390625,3023722
2015-09-21,1020.0,1038.2332763671875,1018.3333129882812,1033.5,2421045
2015-09-22,1040.199951171875,1041.2667236328125,986.8333129882812,989.9666748046875,4925386
2015-09-23,982.0,1002.6666870117188,964.8333129882812,996.8666381835938,4148463
2015-09-24,991.5999755859375,991.5999755859375,973.3333129882812,974.9666748046875,3337753
2015-09-28,976.0,979.3666381835938,950.4000244140625,953.3666381835938,3741877
2015-09-29,946.6666870117188,976.6666870117188,941.566650390625,964.1666870117188,4576866
2015-09-30,976.5333251953125,979.3333129882812,964.2666625976562,977.5,3287628
2015-10-01,988.6666870117188,996.433349609375,974.7333374023438,993.4000244140625,2706871
2015-10-05,1002.7333374023438,1036.0,1002.7333374023438,1033.7667236328125,3955770
2015-10-06,1042.4666748046875,1042.4666748046875,1026.3333740234375,1036.566650390625,3646411
2015-10-07,1033.3333740234375,1037.2667236328125,1026.6666259765625,1029.8333740234375,1399029
2015-10-08,1028.6666259765625,1032.5999755859375,1013.6333618164062,1022.4666748046875,1634403
2015-10-09,1031.5333251953125,1043.300048828125,1025.3333740234375,1030.933349609375,2046471
2015-10-12,1036.6666259765625,1044.1666259765625,1033.0,1036.0,1188325
2015-10-13,1040.0,1044.4666748046875,1021.6666870117188,1030.5333251953125,1813896
2015-10-14,1025.933349609375,1035.933349609375,1023.3666381835938,1026.9000244140625,1693611
2015-10-15,1033.433349609375,1042.3333740234375,1030.066650390625,1040.3333740234375,1884301
2015-10-16,1043.6666259765625,1072.5999755859375,1035.0333251953125,1069.9666748046875,2580712
2015-10-19,1071.933349609375,1073.3333740234375,1050.199951171875,1053.86669921875,1893249
2015-10-20,1057.13330078125,1064.5333251953125,1045.4000244140625,1049.0333251953125,2194296
2015-10-21,1050.63330078125,1051.699951171875,1030.699951171875,1033.63330078125,2086108
2015-10-23,1041.36669921875,1046.566650390625,1004.1666870117188,1006.8666381835938,4297068
2015-10-26,1013.3666381835938,1020.0,1002.6666870117188,1005.6333618164062,2636010
2015-10-27,1003.4000244140625,1015.3333129882812,993.4000244140625,996.5,3801229
2015-10-28,993.2666625976562,999.3333129882812,988.6666870117188,995.1666870117188,2522211
2015-10-29,996.6666870117188,997.2999877929688,977.7333374023438,980.5,2901601
2015-10-30,982.0,998.4666748046875,933.3333129882812,940.5,11414433
2015-11-02,933.3333129882812,936.0,916.1666870117188,925.7666625976562,7422958
2015-11-03,931.2666625976562,931.2666625976562,911.7333374023438,915.5333251953125,5215915
2015-11-04,925.3333129882812,925.3333129882812,910.0,912.066650390625,3886504
2015-11-05,913.3333129882812,919.7000122070312,909.3333129882812,912.6333618164062,3723427
2015-11-06,915.3333129882812,924.3333129882812,914.7333374023438,918.1666870117188,2817822
2015-11-09,900.0,909.3333129882812,887.4000244140625,906.0333251953125,3894880
2015-11-10,903.3666381835938,911.6666870117188,895.3333129882812,898.933349609375,3552916
2015-11-13,906.0,906.0,886.6666870117188,887.4666748046875,2728915
2015-11-16,886.3333129882812,908.5333251953125,884.0,904.7666625976562,3453009
2015-11-17,912.3333129882812,915.0,896.6666870117188,901.1666870117188,2795227
2015-11-18,902.6666870117188,912.6666870117188,894.0,896.2999877929688,2537497
2015-11-19,905.3333129882812,910.0,900.066650390625,905.9666748046875,1806705
2015-11-20,908.2666625976562,915.5999755859375,896.3333129882812,911.2333374023438,2543665
2015-11-23,913.3333129882812,922.5999755859375,910.0333251953125,912.5999755859375,2178064
2015-11-24,908.6666870117188,912.5999755859375,891.6666870117188,894.3666381835938,2611854
2015-11-26,899.8333129882812,902.8666381835938,886.7666625976562,888.433349609375,4076958
2015-11-27,890.933349609375,911.6666870117188,890.6666870117188,910.0,3462969
2015-11-30,909.9000244140625,922.6333618164062,909.3333129882812,916.4000244140625,3613390
2015-12-01,916.6666870117188,921.933349609375,907.0333251953125,909.9000244140625,1377124
2015-12-02,912.0,916.0,901.2333374023438,902.6666870117188,1781221
2015-12-03,900.3333129882812,909.933349609375,896.1666870117188,898.566650390625,1776231
2015-12-04,893.7000122070312,900.8666381835938,892.0,893.2333374023438,2201155
2015-12-07,896.9666748046875,901.0,890.7333374023438,894.0999755859375,1649014
2015-12-08,891.9666748046875,893.3333129882812,876.0,881.4000244140625,2217838
2015-12-09,880.066650390625,883.2999877929688,865.5999755859375,867.1333618164062,3327682
2015-12-10,873.066650390625,878.5,867.3333129882812,873.9666748046875,2893311
2015-12-11,874.066650390625,875.8333129882812,851.0333251953125,857.1666870117188,4114018
2015-12-14,856.2666625976562,861.566650390625,843.0,849.5999755859375,4010256
2015-12-15,850.0,859.5333251953125,843.4000244140625,855.4666748046875,3333246
2015-12-16,860.5,866.0,850.6666870117188,853.933349609375,3351052
2015-12-17,859.3333129882812,866.4666748046875,854.3666381835938,864.1333618164062,3764286
2015-12-18,861.2333374023438,872.4000244140625,856.066650390625,858.2666625976562,3934995
2015-12-21,857.6333618164062,865.1333618164062,856.3333129882812,860.2000122070312,1760169
2015-12-22,860.6666870117188,864.5999755859375,850.6666870117188,853.4666748046875,2622499
2015-12-23,858.6666870117188,866.0,855.3333129882812,860.6666870117188,2420179
2015-12-24,864.5333251953125,867.6666870117188,857.5333251953125,863.0,2227447
2015-12-28,864.7666625976562,866.7999877929688,858.7666625976562,863.433349609375,2357763
2015-12-29,866.6666870117188,867.3333129882812,856.8666381835938,859.7000122070312,2280091
2015-12-30,862.3333129882812,865.3333129882812,854.3333129882812,855.6666870117188,1811727
2015-12-31,857.3333129882812,857.7000122070312,848.0999755859375,850.2999877929688,2324868
2016-01-01,852.6666870117188,860.6666870117188,848.3666381835938,859.4666748046875,1127733
2016-01-04,857.3333129882812,859.9666748046875,835.5333251953125,837.2999877929688,2767263
2016-01-05,841.8666381835938,846.0,835.0,837.933349609375,2470134
2016-01-06,839.3333129882812,839.8666381835938,823.3333129882812,824.566650390625,2728635
2016-01-07,818.7666625976562,818.9000244140625,800.0,804.2666625976562,4689760
2016-01-08,810.066650390625,811.2666625976562,783.3333129882812,786.066650390625,5356012
2016-01-11,774.6666870117188,789.933349609375,763.3666381835938,782.2333374023438,4304283
2016-01-12,790.9000244140625,800.0,782.1666870117188,786.0999755859375,4095195
2016-01-13,796.0,796.0,752.066650390625,771.1666870117188,5619939
2016-01-14,756.2666625976562,770.0,740.066650390625,756.433349609375,5099718
2016-01-15,759.933349609375,761.0,733.3333129882812,738.5999755859375,3987867
2016-01-18,737.3333129882812,740.0,716.0,722.3666381835938,4166632
2016-01-19,722.8666381835938,755.0,712.7333374023438,748.6333618164062,4372536
2016-01-20,733.9666748046875,748.3333129882812,718.2333374023438,744.066650390625,5856754
2016-01-21,753.3333129882812,758.4000244140625,727.4000244140625,735.1333618164062,3802062
2016-01-22,743.933349609375,763.3333129882812,740.2000122070312,761.4666748046875,3694869
2016-01-25,767.3333129882812,771.9000244140625,739.2666625976562,742.7666625976562,2472816
2016-01-27,748.0,748.0,731.7666625976562,738.5333251953125,2618145
2016-01-28,734.0,735.6666870117188,713.3333129882812,716.3333129882812,5794726
2016-01-29,716.0,739.3333129882812,713.4666748046875,734.433349609375,4848987
2016-02-01,750.0,772.6333618164062,740.066650390625,748.0333251953125,7053951
2016-02-02,749.3333129882812,763.3333129882812,740.6666870117188,747.933349609375,4505643
2016-02-03,737.8666381835938,746.6666870117188,728.2000122070312,739.2000122070312,3731595
2016-02-04,746.0,766.566650390625,745.4666748046875,757.1333618164062,5956549
2016-02-05,761.2000122070312,768.0,751.0333251953125,759.933349609375,4000879
2016-02-08,760.6666870117188,771.9000244140625,746.933349609375,753.5333251953125,2539246
2016-02-09,743.3333129882812,751.9666748046875,734.933349609375,742.7999877929688,2523124
2016-02-10,738.4666748046875,753.3333129882812,735.3333129882812,747.066650390625,3203877
2016-02-11,745.7999877929688,750.1666870117188,719.3333129882812,728.2666625976562,4395021
2016-02-12,733.066650390625,735.0,677.3666381835938,702.433349609375,6160240
2016-02-15,714.8666381835938,769.7999877929688,709.7000122070312,766.2666625976562,5939226
2016-02-16,771.933349609375,771.933349609375,732.8666381835938,736.0,3548740
2016-02-17,737.066650390625,755.7999877929688,721.433349609375,748.2999877929688,3479412
2016-02-18,756.2666625976562,783.2999877929688,755.3333129882812,766.433349609375,5457168
2016-02-19,764.0999755859375,779.2666625976562,754.2666625976562,767.0,3036894
2016-02-22,766.6666870117188,778.8333129882812,760.1333618164062,766.5,2054481
2016-02-23,770.1666870117188,770.6666870117188,750.066650390625,753.433349609375,2045679
2016-02-24,748.0,753.3333129882812,740.0,741.933349609375,1816150
2016-02-25,745.3333129882812,746.6666870117188,721.3333129882812,724.2999877929688,2655282
2016-02-26,728.3333129882812,745.0,728.2000122070312,740.433349609375,2277972
2016-02-29,742.6666870117188,749.0,702.0333251953125,717.3333129882812,5500993
2016-03-01,724.6666870117188,752.6666870117188,720.6666870117188,749.2999877929688,3647113
2016-03-02,762.0,767.2666625976562,755.4666748046875,758.5999755859375,3652203
2016-03-03,765.933349609375,807.4666748046875,756.2999877929688,804.7333374023438,5552958
2016-03-04,810.0,815.9666748046875,791.3333129882812,795.4666748046875,3438969
2016-03-08,800.6666870117188,808.0,782.1333618164062,791.6333618164062,3022782
2016-03-09,788.2666625976562,813.3333129882812,785.3333129882812,808.566650390625,3121141
2016-03-10,809.3333129882812,814.3333129882812,787.5,790.7666625976562,2932767
2016-03-11,792.6333618164062,801.3333129882812,780.8666381835938,790.433349609375,2996377
2016-03-14,798.0,804.433349609375,785.1333618164062,789.4666748046875,2726301
2016-03-15,792.4666748046875,798.566650390625,783.7000122070312,787.1666870117188,2444158
2016-03-16,791.3333129882812,794.4666748046875,776.5999755859375,788.7999877929688,2704711
2016-03-17,798.6666870117188,803.3333129882812,789.6333618164062,795.5,3872653
2016-03-18,799.3333129882812,802.0,793.4000244140625,799.5333251953125,2566830
2016-03-21,800.6666870117188,821.7000122070312,796.2333374023438,818.7666625976562,3575446
2016-03-22,822.6666870117188,830.0,814.6666870117188,824.8666381835938,2979816
2016-03-23,826.6666870117188,832.6666870117188,820.2000122070312,828.3666381835938,2438136
2016-03-28,827.3333129882812,830.7999877929688,798.7000122070312,804.2333374023438,3717456
2016-03-29,805.3333129882812,810.7000122070312,793.3333129882812,795.9666748046875,2703178
2016-03-30,805.3333129882812,821.2666625976562,801.0,818.7000122070312,2874000
2016-03-31,817.2999877929688,820.0,807.6666870117188,811.1333618164062,4945963
2016-04-01,808.0,832.2000122070312,808.0,825.2666625976562,2539944
2016-04-04,826.5999755859375,833.3333129882812,814.4000244140625,823.9000244140625,1740162
2016-04-05,818.933349609375,823.1666870117188,793.3666381835938,796.7666625976562,3151113
2016-04-06,799.4000244140625,810.0,788.3333129882812,807.9000244140625,2583834
2016-04-07,805.3333129882812,806.6333618164062,785.2000122070312,788.5999755859375,2707579
2016-04-08,789.3333129882812,798.0,787.3333129882812,794.8333129882812,1565038
2016-04-11,797.3333129882812,810.5999755859375,790.4000244140625,808.9000244140625,2529934
2016-04-12,810.0,823.2666625976562,804.7000122070312,814.933349609375,2837052
2016-04-13,824.0,835.3333129882812,819.4000244140625,823.2666625976562,4955905
2016-04-18,822.066650390625,837.9666748046875,806.0333251953125,835.3333129882812,2644515
2016-04-20,838.0,845.2999877929688,832.0,843.9666748046875,2522848
2016-04-21,846.4666748046875,850.0,830.7000122070312,834.6333618164062,1723543
2016-04-22,833.3333129882812,846.0,827.6666870117188,843.4000244140625,2008374
2016-04-25,846.6666870117188,851.7333374023438,838.066650390625,843.6666870117188,2128689
2016-04-26,840.7333374023438,855.6333618164062,840.2333374023438,854.0,1877685
2016-04-27,854.0,859.1666870117188,847.3666381835938,850.9666748046875,1557685
2016-04-28,851.3333129882812,855.2666625976562,835.5999755859375,839.7000122070312,2789970
2016-04-29,840.0999755859375,844.066650390625,830.3333129882812,836.4000244140625,1689373
2016-05-02,830.6666870117188,837.3333129882812,824.0,833.8333129882812,1344315
2016-05-03,837.3333129882812,855.433349609375,830.0,834.2666625976562,2525149
2016-05-04,831.3666381835938,838.5999755859375,826.6666870117188,831.2000122070312,1644345
2016-05-05,829.6666870117188,855.0,829.4666748046875,849.2333374023438,2821255
2016-05-06,847.3333129882812,848.2666625976562,836.0,840.2999877929688,1610382
2016-05-09,842.6666870117188,864.5999755859375,842.1333618164062,863.0333251953125,2788513
2016-05-10,863.3333129882812,881.7999877929688,858.6666870117188,880.0333251953125,3676146
2016-05-11,866.566650390625,889.3333129882812,863.3333129882812,885.1666870117188,4603557
2016-05-12,883.4000244140625,893.2666625976562,874.1666870117188,877.4000244140625,1553274
2016-05-13,873.3333129882812,876.6666870117188,853.6333618164062,857.6666870117188,2103742
2016-05-16,861.2000122070312,864.0,845.8333129882812,855.5,2410951
2016-05-17,859.3333129882812,872.6666870117188,856.433349609375,860.7333374023438,2223565
2016-05-18,856.933349609375,874.7999877929688,851.3666381835938,873.2333374023438,2603508
2016-05-19,869.3333129882812,872.0,840.0333251953125,844.066650390625,2005083
2016-05-20,848.0,853.1333618164062,834.066650390625,836.7333374023438,1672558
2016-05-23,842.433349609375,843.9000244140625,825.3333129882812,827.4666748046875,2198760
2016-05-24,827.4666748046875,832.4000244140625,815.5333251953125,828.0999755859375,1858491
2016-05-25,840.0,865.7666625976562,834.0333251953125,861.066650390625,3721570
2016-05-26,936.0,989.933349609375,926.6666870117188,982.7666625976562,20691907
2016-05-27,982.6666870117188,991.566650390625,968.0,983.2666625976562,5885740
2016-05-30,979.933349609375,997.6333618164062,977.433349609375,991.4000244140625,3487939
2016-05-31,990.7999877929688,991.4000244140625,978.1333618164062,982.3666381835938,3809605
2016-06-01,980.0333251953125,989.433349609375,974.066650390625,976.7000122070312,2486295
2016-06-02,973.3333129882812,988.4666748046875,961.0999755859375,984.8333129882812,3103587
2016-06-03,984.6666870117188,990.6333618164062,970.6666870117188,973.7333374023438,2250340
2016-06-06,975.2000122070312,982.2333374023438,974.0333251953125,978.7999877929688,1901931
2016-06-07,983.3333129882812,1000.0,974.2000122070312,991.933349609375,3348535
2016-06-08,996.7999877929688,1009.7999877929688,993.433349609375,1007.4666748046875,3325263
2016-06-09,1007.5333251953125,1009.1333618164062,991.4000244140625,994.2999877929688,1813729
2016-06-10,988.2000122070312,1003.3333129882812,984.2000122070312,991.7999877929688,2152996
2016-06-13,980.0,982.5999755859375,970.2000122070312,977.433349609375,2209357
2016-06-14,978.6666870117188,982.1666870117188,970.066650390625,973.7000122070312,1689316
2016-06-15,976.0,1011.3333129882812,975.6666870117188,1009.2000122070312,2960616
2016-06-16,1006.0,1006.0,985.3333129882812,996.1333618164062,2447025
2016-06-17,996.3333129882812,1001.9000244140625,981.933349609375,986.8333129882812,2653944
2016-06-20,975.5999755859375,1006.6666870117188,973.5333251953125,1004.7000122070312,2975367
2016-06-21,1006.6666870117188,1007.2666625976562,993.6666870117188,996.5333251953125,1195078
2016-06-22,997.3333129882812,1002.0,986.7999877929688,994.3666381835938,1813926
2016-06-23,991.4000244140625,1005.2999877929688,982.2666625976562,999.066650390625,2053992
2016-06-24,965.6666870117188,978.6666870117188,934.0,953.7333374023438,6840802
2016-06-27,952.6333618164062,979.5999755859375,952.0,977.8333129882812,2560092
2016-06-28,979.1333618164062,994.3333129882812,978.6666870117188,982.7000122070312,2342134
2016-06-29,990.7999877929688,995.3333129882812,984.8333129882812,988.7999877929688,2000545
2016-06-30,992.1333618164062,1003.2666625976562,989.933349609375,997.6666870117188,3960568
2016-07-01,1003.2000122070312,1030.0,1000.4666748046875,1028.433349609375,3497923
2016-07-04,1033.3333740234375,1051.3333740234375,1032.2332763671875,1045.4000244140625,2718052
2016-07-05,1044.199951171875,1054.6666259765625,1034.6666259765625,1050.7332763671875,2636760
2016-07-07,1050.6666259765625,1054.63330078125,1033.7667236328125,1036.3333740234375,2084571
2016-07-08,1036.63330078125,1037.433349609375,1014.7000122070312,1021.7666625976562,1915600
2016-07-11,1038.6666259765625,1047.4666748046875,1036.36669921875,1039.86669921875,1815517
2016-07-12,1045.199951171875,1047.8333740234375,1031.300048828125,1045.3333740234375,2383048
2016-07-13,1045.4000244140625,1046.5333251953125,1028.7332763671875,1034.2667236328125,2036055
2016-07-14,1039.300048828125,1047.300048828125,1028.6666259765625,1042.9666748046875,1909636
2016-07-15,1044.066650390625,1063.3333740234375,1038.0999755859375,1057.2332763671875,2428458
2016-07-18,1058.6666259765625,1069.0999755859375,1043.3333740234375,1049.5999755859375,1855422
2016-07-19,1048.0,1055.6666259765625,1041.066650390625,1048.5333251953125,1926168
2016-07-20,1048.6666259765625,1057.3333740234375,1045.699951171875,1047.2332763671875,1790911
2016-07-21,1050.0,1050.0,1034.6666259765625,1038.36669921875,1678212
2016-07-22,1040.066650390625,1051.933349609375,1035.0333251953125,1049.3333740234375,1877206
2016-07-25,1048.0,1059.199951171875,1042.0,1057.2667236328125,2209774
2016-07-26,1059.0,1065.3333740234375,1054.066650390625,1061.800048828125,1729183
2016-07-27,1064.199951171875,1076.6666259765625,1057.7667236328125,1068.0999755859375,2467012
2016-07-28,1069.3333740234375,1071.066650390625,1040.933349609375,1051.5,2811580
2016-07-29,1060.0,1062.300048828125,1033.3333740234375,1039.2332763671875,4228011
2016-08-01,1039.36669921875,1057.3333740234375,993.3333129882812,995.7999877929688,9155449
2016-08-02,997.3333129882812,1009.2000122070312,993.5,1002.2333374023438,2410914
2016-08-03,1005.3333129882812,1011.433349609375,980.3333129882812,985.7333374023438,2619658
2016-08-04,997.3333129882812,997.3333129882812,973.5999755859375,979.433349609375,2254336
2016-08-05,986.9000244140625,1011.1666870117188,985.3333129882812,1008.1333618164062,2805628
2016-08-08,1013.3333129882812,1016.433349609375,998.066650390625,1004.7666625976562,1403923
2016-08-09,1006.5999755859375,1006.6666870117188,991.5999755859375,1000.6333618164062,1865400
2016-08-10,1000.9000244140625,1002.6666870117188,984.2333374023438,988.7999877929688,1683261
2016-08-11,983.3666381835938,986.0,975.2333374023438,983.1333618164062,2240371
2016-08-12,986.0,1003.7999877929688,985.6666870117188,994.5999755859375,1659132
2016-08-16,995.9666748046875,1008.433349609375,981.3333129882812,1004.2333374023438,2610843
2016-08-17,1002.5,1009.5,994.0,1001.6666870117188,1384653
2016-08-18,994.0,999.1333618164062,986.6666870117188,988.066650390625,1780732
2016-08-19,992.0,998.0,986.433349609375,996.2333374023438,1392250
2016-08-22,996.6666870117188,1002.6666870117188,986.0,995.0999755859375,1837995
2016-08-23,995.0999755859375,996.4666748046875,975.4666748046875,984.7666625976562,1273489
2016-08-24,983.3333129882812,992.2999877929688,976.7000122070312,982.3333129882812,1230627
2016-08-25,984.066650390625,988.8666381835938,967.0,969.7666625976562,2616154
2016-08-26,970.0,973.2999877929688,946.933349609375,951.4666748046875,2788650
2016-08-29,954.6666870117188,975.8333129882812,946.1333618164062,973.0,2094229
2016-08-30,978.6666870117188,985.2000122070312,971.9000244140625,983.7666625976562,2598309
2016-08-31,983.3333129882812,1011.9666748046875,980.2000122070312,1008.6333618164062,4152240
2016-09-01,1008.6666870117188,1011.7000122070312,1001.3666381835938,1004.7333374023438,1905766
2016-09-02,1004.7333374023438,1008.3333129882812,991.2000122070312,1003.3666381835938,1755505
2016-09-06,1008.1333618164062,1016.1666870117188,1002.0999755859375,1010.933349609375,1960860
2016-09-07,1015.1333618164062,1027.63330078125,1006.6666870117188,1012.1666870117188,2648263
2016-09-08,1017.0333251953125,1030.63330078125,1014.0999755859375,1026.3333740234375,1692184
2016-09-09,1026.6666259765625,1027.4000244140625,1006.6666870117188,1011.7999877929688,2262933
2016-09-12,992.0,994.4000244140625,973.2666625976562,975.4666748046875,1953571
2016-09-14,975.4666748046875,988.0,970.7333374023438,983.5333251953125,1718754
2016-09-15,983.4000244140625,984.7000122070312,971.433349609375,980.1666870117188,1126282
2016-09-16,984.7333374023438,999.3333129882812,979.0,982.1333618164062,2112271
2016-09-19,984.0,993.3333129882812,976.0,986.5333251953125,942540
2016-09-20,985.3333129882812,989.566650390625,979.0333251953125,983.9666748046875,1097205
2016-09-21,986.6666870117188,991.933349609375,977.5333251953125,981.4000244140625,1337071
2016-09-22,993.3333129882812,1002.6666870117188,984.6666870117188,999.9666748046875,1952950
2016-09-23,1003.3333129882812,1011.6666870117188,993.7333374023438,998.0,3121780
2016-09-26,994.6666870117188,1007.9666748046875,974.4000244140625,977.1333618164062,2122144
2016-09-27,980.0333251953125,984.2000122070312,954.2999877929688,957.5999755859375,2819209
2016-09-28,961.3333129882812,978.0,958.9666748046875,970.5999755859375,2393218
2016-09-29,974.4000244140625,979.3333129882812,946.9666748046875,958.4000244140625,3040345
2016-09-30,956.6666870117188,960.3666381835938,941.0,955.433349609375,3497865
2016-10-03,958.7000122070312,983.1666870117188,956.7999877929688,980.4666748046875,2181718
2016-10-04,984.5333251953125,986.3666381835938,962.2333374023438,966.0999755859375,2289637
2016-10-05,973.3333129882812,974.5999755859375,960.7666625976562,969.2999877929688,2059848
2016-10-06,976.0,978.2999877929688,964.0,969.6666870117188,1627375
2016-10-07,968.6666870117188,973.2666625976562,960.6666870117188,971.2999877929688,1098751
2016-10-10,973.9666748046875,976.933349609375,964.7000122070312,966.6666870117188,875911
2016-10-13,959.2666625976562,965.0,954.2000122070312,958.933349609375,2659995
2016-10-14,962.6666870117188,984.933349609375,959.066650390625,983.2333374023438,2632323
2016-10-17,983.2666625976562,984.6666870117188,960.6666870117188,965.2999877929688,2140920
2016-10-18,971.7999877929688,994.5999755859375,967.3666381835938,992.1666870117188,1983013
2016-10-19,992.1666870117188,1000.6666870117188,984.0333251953125,994.0333251953125,2146896
2016-10-20,997.3333129882812,1005.0,988.3666381835938,1002.433349609375,1502340
2016-10-21,1002.6666870117188,1009.4000244140625,995.4000244140625,1007.2333374023438,1670799
2016-10-24,1011.0999755859375,1013.3333129882812,991.2000122070312,995.0999755859375,1517035
2016-10-25,996.6666870117188,999.566650390625,985.7999877929688,989.4000244140625,838206
2016-10-26,986.4666748046875,992.6666870117188,980.3666381835938,988.2000122070312,867619
2016-10-27,986.5,988.5999755859375,971.4000244140625,983.5333251953125,2440678
2016-10-28,980.6666870117188,989.933349609375,975.3333129882812,987.1333618164062,1212981
2016-11-01,987.3333129882812,987.3666381835938,973.3333129882812,975.433349609375,947158
2016-11-02,965.2000122070312,970.0,957.6666870117188,965.7666625976562,1493443
2016-11-03,961.433349609375,977.7666625976562,961.3333129882812,962.7999877929688,1411942
2016-11-04,951.2666625976562,956.2666625976562,931.2666625976562,946.5333251953125,18639006
2016-11-07,950.0,954.4666748046875,928.2333374023438,932.0,2158653
2016-11-08,937.0,937.3333129882812,922.6666870117188,931.4666748046875,1881726
2016-11-09,880.0,939.4000244140625,863.4000244140625,926.9666748046875,4757398
2016-11-10,933.7000122070312,951.3333129882812,933.7000122070312,941.4000244140625,2766432
2016-11-11,931.2666625976562,939.3333129882812,924.0,925.8666381835938,2518285
2016-11-15,919.3333129882812,938.3333129882812,908.8333129882812,913.5333251953125,3958053
2016-11-16,924.8666381835938,925.5333251953125,900.6666870117188,917.0333251953125,3299710
2016-11-17,918.7999877929688,922.6666870117188,906.6666870117188,914.0,1377642
2016-11-18,914.6666870117188,921.566650390625,907.3333129882812,913.6333618164062,1654947
2016-11-21,919.1333618164062,919.1333618164062,893.3333129882812,898.5999755859375,1962840
2016-11-22,905.5,906.6666870117188,869.6666870117188,886.3666381835938,3084870
2016-11-23,904.6666870117188,923.3333129882812,898.6666870117188,904.8333129882812,7493139
2016-11-24,902.5999755859375,910.5999755859375,893.3333129882812,899.7666625976562,4315369
2016-11-25,905.2000122070312,916.7999877929688,890.933349609375,913.7999877929688,3065824
2016-11-28,913.6333618164062,914.7999877929688,900.0,904.6333618164062,1777818
2016-11-29,904.6666870117188,913.1333618164062,899.3666381835938,901.6333618164062,1741327
2016-11-30,910.0,927.5,900.0,921.8333129882812,4335631
2016-12-01,924.2666625976562,935.0,915.2000122070312,925.566650390625,2151997
2016-12-02,918.6666870117188,919.7333374023438,906.0,907.9000244140625,1217827
2016-12-05,906.7999877929688,909.8666381835938,899.4000244140625,904.0999755859375,1062822
2016-12-06,905.433349609375,916.0,905.2000122070312,908.0999755859375,1771909
2016-12-07,912.0,916.7333374023438,900.0,902.5333251953125,1557765
2016-12-08,910.0999755859375,917.1666870117188,907.8666381835938,911.2999877929688,1388842
2016-12-09,915.2666625976562,915.5333251953125,904.6666870117188,908.1333618164062,1211254
2016-12-12,906.6666870117188,916.5999755859375,904.066650390625,909.9666748046875,1636279
2016-12-13,910.6666870117188,919.2666625976562,910.1333618164062,917.1333618164062,2168125
2016-12-14,921.2666625976562,921.2666625976562,904.7333374023438,906.6333618164062,1360938
2016-12-15,899.8333129882812,911.4000244140625,899.3333129882812,904.566650390625,900523
2016-12-16,904.2000122070312,909.6666870117188,901.3666381835938,907.066650390625,1577425
2016-12-19,905.0,906.0,894.3666381835938,896.6333618164062,1148169
2016-12-20,896.6666870117188,907.4666748046875,896.0999755859375,903.6666870117188,1177779
2016-12-21,905.4666748046875,907.0333251953125,893.3333129882812,894.6666870117188,950224
2016-12-22,893.8333129882812,896.0,874.7000122070312,876.433349609375,1357563
2016-12-23,877.1666870117188,894.6666870117188,868.3333129882812,891.6333618164062,2136648
2016-12-26,890.4000244140625,896.6666870117188,878.9000244140625,891.7333374023438,1198728
2016-12-27,893.3333129882812,906.3333129882812,886.066650390625,903.7333374023438,1222356
2016-12-28,904.6666870117188,908.8333129882812,897.3333129882812,899.9666748046875,1294264
2016-12-29,894.3666381835938,902.6666870117188,886.933349609375,892.7999877929688,2010627
2016-12-30,896.6666870117188,903.6666870117188,896.0,899.4000244140625,1280979
2017-01-02,904.0333251953125,912.6666870117188,899.433349609375,906.4000244140625,1476811
2017-01-03,906.6666870117188,916.6666870117188,901.4666748046875,911.4666748046875,1363398
2017-01-04,916.6666870117188,920.9000244140625,913.6666870117188,917.7333374023438,2144739
2017-01-05,921.5,930.0,918.6666870117188,928.2000122070312,2781498
2017-01-06,930.0,935.7999877929688,925.066650390625,927.2999877929688,1462912
2017-01-09,928.0,931.9666748046875,917.7999877929688,920.433349609375,819484
2017-01-10,920.1666870117188,930.0,918.3666381835938,925.0,1359729
2017-01-11,932.0,945.2333374023438,930.0,941.566650390625,1514451
2017-01-12,943.2666625976562,969.5333251953125,942.6666870117188,966.2333374023438,2707455
2017-01-13,973.3333129882812,973.3333129882812,954.7999877929688,959.1666870117188,1400770
2017-01-16,956.6666870117188,966.6666870117188,954.8666381835938,961.8666381835938,1052802
2017-01-17,960.0,973.2999877929688,960.0,963.8333129882812,1423840
2017-01-18,964.0,979.3333129882812,964.0,968.2999877929688,1538178
2017-01-19,968.6666870117188,975.3333129882812,963.3666381835938,966.2999877929688,1019914
2017-01-20,966.2999877929688,969.2666625976562,940.6666870117188,943.1666870117188,2177485
2017-01-23,941.3333129882812,942.0,921.2666625976562,929.0333251953125,3534069
2017-01-24,932.1666870117188,949.3333129882812,932.0,946.5333251953125,1879687
2017-01-25,949.8666381835938,969.3333129882812,946.933349609375,966.5,2294773
2017-01-27,967.3666381835938,980.1666870117188,955.566650390625,959.933349609375,1871125
2017-01-30,962.0,978.0,958.6666870117188,961.8666381835938,2601585
2017-01-31,960.0,970.0,951.3333129882812,964.1666870117188,1894153
2017-02-01,965.2999877929688,996.566650390625,964.2000122070312,993.5,3577633
2017-02-02,994.4000244140625,996.0,980.2000122070312,984.3333129882812,2257914
2017-02-03,984.3333129882812,992.0,971.3333129882812,987.1333618164062,1650459
2017-02-06,990.0,1000.0,986.2666625976562,989.2000122070312,1526715
2017-02-07,986.7999877929688,1003.2000122070312,981.433349609375,1000.2000122070312,2499546
2017-02-08,1003.2000122070312,1007.3333129882812,992.8333129882812,1004.566650390625,1689792
2017-02-09,1005.3333129882812,1007.2333374023438,984.2666625976562,993.7999877929688,1529256
2017-02-10,996.8333129882812,1005.433349609375,994.8333129882812,1001.2999877929688,1300986
2017-02-13,1003.7000122070312,1006.0,987.7000122070312,1000.0999755859375,930046
2017-02-14,1003.3333129882812,1004.6333618164062,990.6666870117188,995.066650390625,926545
2017-02-15,995.1333618164062,1003.7999877929688,984.0999755859375,986.6666870117188,1952469
2017-02-16,989.2666625976562,990.0,974.0333251953125,980.1666870117188,2071947
2017-02-17,980.7000122070312,990.0,976.6666870117188,985.3333129882812,1028691
2017-02-20,988.566650390625,994.6666870117188,983.3666381835938,988.433349609375,1105371
2017-02-21,984.0,993.4000244140625,984.0,988.8666381835938,970615
2017-02-22,988.6666870117188,992.5,981.8666381835938,984.6333618164062,1291317
2017-02-23,986.6666870117188,1004.0,978.7999877929688,991.066650390625,2175397
2017-02-27,996.4666748046875,1000.0,973.4000244140625,977.2333374023438,1553899
2017-02-28,981.3333129882812,991.9666748046875,977.433349609375,979.4666748046875,1773558
2017-03-01,981.3333129882812,989.9000244140625,980.7666625976562,984.0999755859375,1219411
2017-03-02,988.0333251953125,996.9000244140625,980.0,982.6333618164062,1920216
2017-03-03,980.9000244140625,985.566650390625,973.3333129882812,980.2333374023438,1205019
2017-03-06,978.6666870117188,992.6666870117188,978.6666870117188,990.4000244140625,821986
2017-03-07,989.3333129882812,994.3666381835938,986.2999877929688,990.933349609375,991566
2017-03-08,989.5999755859375,996.3333129882812,979.2333374023438,984.2000122070312,1424362
2017-03-09,981.933349609375,988.5333251953125,976.6666870117188,984.5999755859375,1111050
2017-03-10,987.2666625976562,998.3333129882812,986.7000122070312,994.4000244140625,1836264
2017-03-14,1011.3333129882812,1045.800048828125,1011.3333129882812,1038.7332763671875,7224810
2017-03-15,1038.0,1040.0,1026.800048828125,1032.5999755859375,2408866
2017-03-16,1039.3333740234375,1050.0,1038.6666259765625,1047.36669921875,2396146
2017-03-17,1047.36669921875,1048.5999755859375,1029.433349609375,1035.0333251953125,1927983
2017-03-20,1036.0,1036.933349609375,1023.5,1025.0999755859375,1442107
2017-03-21,1033.3333740234375,1043.066650390625,1028.6666259765625,1032.699951171875,2415213
2017-03-22,1025.2332763671875,1034.5,1016.933349609375,1019.9000244140625,3371401
2017-03-23,1024.6666259765625,1038.933349609375,1012.7000122070312,1029.2667236328125,2511771
2017-03-24,1032.0,1038.6666259765625,1027.6666259765625,1034.13330078125,1347655
2017-03-27,1033.2667236328125,1036.6666259765625,1025.3333740234375,1029.2667236328125,1583550
2017-03-28,1032.0,1038.5333251953125,1027.4000244140625,1029.5,2628958
2017-03-29,1036.0,1045.066650390625,1033.3333740234375,1037.699951171875,2280357
2017-03-30,1042.0,1046.6666259765625,1034.8333740234375,1038.300048828125,2288326
2017-03-31,1034.7332763671875,1062.433349609375,1034.7332763671875,1049.933349609375,3543100
2017-04-03,1054.5999755859375,1110.6666259765625,1051.066650390625,1107.3333740234375,6576885
2017-04-05,1107.3333740234375,1133.300048828125,1098.566650390625,1130.9666748046875,5179798
2017-04-06,1123.3333740234375,1134.9000244140625,1112.6666259765625,1122.13330078125,2740816
2017-04-07,1116.6666259765625,1146.63330078125,1114.066650390625,1123.6666259765625,4096639
2017-04-10,1125.3333740234375,1139.4000244140625,1108.6666259765625,1116.0333251953125,2406430
2017-04-11,1116.0333251953125,1139.3333740234375,1114.0,1136.5999755859375,1974126
2017-04-12,1130.0,1141.0,1117.5333251953125,1135.199951171875,2135064
2017-04-13,1129.6666259765625,1129.6666259765625,1114.9666748046875,1119.0333251953125,1975483
2017-04-17,1120.0,1126.4000244140625,1113.933349609375,1120.9000244140625,1135260
2017-04-18,1122.6666259765625,1132.63330078125,1108.800048828125,1113.0,1839489
2017-04-19,1113.3333740234375,1116.6666259765625,1107.9000244140625,1113.699951171875,1158162
2017-04-20,1115.933349609375,1124.4000244140625,1108.800048828125,1120.800048828125,1044189
2017-04-21,1130.0,1134.4666748046875,1120.0,1125.0,2415931
2017-04-24,1128.6666259765625,1157.5999755859375,1127.3333740234375,1155.13330078125,3238530
2017-04-25,1160.0,1166.6666259765625,1157.3333740234375,1164.066650390625,2879794
2017-04-26,1164.0,1176.0,1160.0,1167.5333251953125,2885722
2017-04-27,1165.2332763671875,1182.6666259765625,1162.6666259765625,1177.8333740234375,2126127
2017-04-28,1175.36669921875,1177.1666259765625,1160.13330078125,1166.5333251953125,1637739
2017-05-02,1166.7332763671875,1178.0,1150.0,1154.699951171875,1861141
2017-05-03,1157.3333740234375,1163.5,1144.0,1146.800048828125,1296282
2017-05-04,1149.3333740234375,1161.300048828125,1148.0,1154.433349609375,1255336
2017-05-05,1153.3333740234375,1154.066650390625,1135.4666748046875,1149.5999755859375,1555141
2017-05-08,1152.0,1159.199951171875,1136.7332763671875,1139.7332763671875,1246116
2017-05-09,1141.3333740234375,1171.300048828125,1136.6666259765625,1163.0999755859375,1836462
2017-05-10,1169.800048828125,1176.6666259765625,1154.066650390625,1159.5,2010127
2017-05-11,1166.6666259765625,1169.6666259765625,1146.4000244140625,1157.9000244140625,1270446
2017-05-12,1158.300048828125,1171.3333740234375,1151.066650390625,1160.4000244140625,1803768
2017-05-15,1165.7332763671875,1167.699951171875,1157.6666259765625,1161.5999755859375,1195701
2017-05-16,1164.6666259765625,1165.5,1151.699951171875,1160.4666748046875,1654389
2017-05-17,1162.5999755859375,1176.0,1153.6666259765625,1170.300048828125,2502879
2017-05-18,1159.7667236328125,1166.7332763671875,1144.2667236328125,1148.4000244140625,2155830
2017-05-19,1152.6666259765625,1156.0,1131.699951171875,1149.699951171875,2268141
2017-05-22,1155.3333740234375,1172.6666259765625,1152.6666259765625,1167.9666748046875,2839224
2017-05-23,1170.0,1176.5999755859375,1151.5999755859375,1160.5,1463805
2017-05-24,1161.4000244140625,1171.2667236328125,1118.4000244140625,1122.9666748046875,2173069
2017-05-25,1128.0,1183.3333740234375,1128.0,1179.2332763671875,5404771
2017-05-26,1180.0,1199.3333740234375,1169.2332763671875,1191.7332763671875,3066081
2017-05-29,1189.2667236328125,1206.63330078125,1177.3333740234375,1188.2667236328125,3033658
2017-05-30,1210.6666259765625,1222.63330078125,1169.3333740234375,1178.36669921875,6550440
2017-05-31,1181.6666259765625,1190.0,1167.13330078125,1173.800048828125,3000732
2017-06-01,1173.3333740234375,1198.6666259765625,1165.3333740234375,1195.199951171875,2898184
2017-06-02,1200.0,1203.3333740234375,1185.4000244140625,1189.3333740234375,1425321
2017-06-05,1196.6666259765625,1206.2667236328125,1189.0,1203.2667236328125,1906419
2017-06-06,1205.13330078125,1205.36669921875,1181.433349609375,1183.433349609375,1431069
2017-06-07,1182.6666259765625,1196.3333740234375,1182.0,1192.4000244140625,1327540
2017-06-08,1192.6666259765625,1199.3333740234375,1181.0,1182.8333740234375,1428979
2017-06-09,1184.6666259765625,1189.2667236328125,1174.4000244140625,1185.4666748046875,1632207
2017-06-12,1185.199951171875,1185.3333740234375,1139.2667236328125,1157.7332763671875,4068957
2017-06-13,1163.0333251953125,1169.800048828125,1157.699951171875,1159.3333740234375,1412274
2017-06-14,1161.3333740234375,1180.9000244140625,1156.5333251953125,1176.300048828125,2079657
2017-06-15,1171.433349609375,1174.5999755859375,1153.3333740234375,1156.9000244140625,1481092
2017-06-16,1156.566650390625,1167.3333740234375,1147.13330078125,1151.13330078125,2243152
2017-06-19,1157.3333740234375,1173.3333740234375,1154.800048828125,1170.5333251953125,1781056
2017-06-20,1172.4666748046875,1179.300048828125,1160.13330078125,1167.0,1565472
2017-06-21,1172.3333740234375,1188.0,1167.3333740234375,1169.4666748046875,3556927
2017-06-22,1173.3333740234375,1177.066650390625,1154.86669921875,1157.5999755859375,1761759
2017-06-23,1160.0,1162.1666259765625,1146.0,1148.4666748046875,1716825
2017-06-27,1145.0333251953125,1158.63330078125,1123.933349609375,1134.4666748046875,2317045
2017-06-28,1132.566650390625,1138.6666259765625,1120.9000244140625,1135.5,1578525
2017-06-29,1136.066650390625,1148.7667236328125,1130.36669921875,1135.7667236328125,2709552
2017-06-30,1132.6666259765625,1132.6666259765625,1107.5333251953125,1125.066650390625,3251535
2017-07-03,1125.3333740234375,1140.3333740234375,1115.5999755859375,1124.8333740234375,2170096
2017-07-04,1133.3333740234375,1133.3333740234375,1114.0,1122.2332763671875,1640038
2017-07-05,1122.6666259765625,1132.6666259765625,1120.066650390625,1130.199951171875,1034440
2017-07-06,1132.800048828125,1137.9666748046875,1126.86669921875,1131.7332763671875,1417581
2017-07-07,1131.3333740234375,1145.2667236328125,1126.800048828125,1136.2667236328125,1845099
2017-07-10,1141.3333740234375,1159.3333740234375,1141.3333740234375,1154.7667236328125,324259
2017-07-11,1159.5999755859375,1166.5999755859375,1153.3333740234375,1160.7332763671875,2123947
2017-07-12,1165.3333740234375,1171.13330078125,1157.13330078125,1159.699951171875,2036904
2017-07-13,1165.0999755859375,1182.5,1160.0,1175.0999755859375,1643754
2017-07-14,1183.0,1183.0,1159.550048828125,1171.199951171875,1401864
2017-07-17,1178.0,1182.0,1162.4000244140625,1171.25,1646087
2017-07-18,1169.9000244140625,1187.0,1168.0999755859375,1177.9000244140625,2375324
2017-07-19,1184.0,1187.0,1170.0999755859375,1181.300048828125,1827242
2017-07-20,1182.0,1194.449951171875,1176.0,1185.6500244140625,1845852
2017-07-21,1190.0,1190.0,1170.199951171875,1179.25,1912305
2017-07-24,1177.0,1182.6500244140625,1171.0999755859375,1178.0,1313657
2017-07-25,1178.0,1179.949951171875,1165.5,1170.8499755859375,2182162
2017-07-26,1169.9000244140625,1184.0,1166.0,1180.25,1161591
2017-07-27,1180.800048828125,1194.9000244140625,1173.0,1182.050048828125,3881208
2017-07-28,1184.0,1190.4000244140625,1153.5,1161.4000244140625,3278658
2017-07-31,1193.699951171875,1207.5,1180.0999755859375,1193.949951171875,5000536
2017-08-01,1198.25,1198.25,1171.699951171875,1190.050048828125,2721660
2017-08-02,1191.0,1191.8499755859375,1172.5,1176.800048828125,2154488
2017-08-03,1179.9000244140625,1184.6500244140625,1167.6500244140625,1174.75,1426006
2017-08-04,1174.0,1181.949951171875,1169.699951171875,1175.8499755859375,1082867
2017-08-07,1176.699951171875,1184.5999755859375,1172.0,1179.949951171875,1035670
2017-08-08,1180.0,1186.0,1164.0,1171.199951171875,1531255
2017-08-09,1171.0,1171.0,1148.0,1153.9000244140625,1439328
2017-08-10,1151.0,1166.9000244140625,1140.0,1157.699951171875,1713614
2017-08-11,1138.0,1144.050048828125,1125.199951171875,1131.949951171875,2001103
2017-08-14,1143.25,1153.0,1119.0,1146.9000244140625,1866838
2017-08-16,1149.0,1152.4000244140625,1123.25,1142.25,2143899
2017-08-17,1145.0,1157.0,1131.050048828125,1134.0,1508949
2017-08-18,1124.0,1137.6500244140625,1123.0,1130.5999755859375,1230709
2017-08-21,1133.449951171875,1140.0,1124.5999755859375,1127.0999755859375,1651344
2017-08-22,1132.0,1135.0,1113.050048828125,1117.699951171875,1361351
2017-08-23,1120.0,1128.8499755859375,1114.4000244140625,1124.1500244140625,1710949
2017-08-24,1130.0,1135.800048828125,1126.0,1131.699951171875,1316100
2017-08-28,1134.699951171875,1155.0,1128.800048828125,1138.9000244140625,1884734
2017-08-29,1135.6500244140625,1138.75,1123.3499755859375,1130.050048828125,1045267
2017-08-30,1140.0,1145.9000244140625,1133.0,1139.6500244140625,895791
2017-08-31,1144.0,1145.0,1130.5,1136.300048828125,1926054
2017-09-01,1134.949951171875,1144.4000244140625,1131.550048828125,1139.199951171875,976551
2017-09-04,1127.949951171875,1138.949951171875,1122.0,1130.6500244140625,1006945
2017-09-05,1131.1500244140625,1139.0,1122.300048828125,1126.6500244140625,1110437
2017-09-06,1122.0,1126.0999755859375,1115.9000244140625,1117.5999755859375,891224
2017-09-07,1121.0999755859375,1130.949951171875,1118.25,1129.0999755859375,1038623
2017-09-08,1137.5,1182.0,1134.050048828125,1172.4000244140625,4947759
2017-09-11,1180.0,1225.0,1152.550048828125,1217.8499755859375,4364705
2017-09-12,1219.5,1234.0,1219.5,1230.25,2451814
2017-09-13,1222.0,1229.0,1207.5,1223.3499755859375,2233311
2017-09-14,1223.550048828125,1234.0,1211.5,1214.199951171875,1440488
2017-09-15,1214.0,1221.6500244140625,1202.050048828125,1212.4000244140625,1723247
2017-09-18,1218.550048828125,1246.0,1218.550048828125,1237.949951171875,3005809
2017-09-19,1235.0,1237.800048828125,1220.5,1225.9000244140625,900287
2017-09-20,1228.1500244140625,1250.5,1228.1500244140625,1235.949951171875,2347635
2017-09-21,1236.9000244140625,1240.0,1208.75,1228.050048828125,2216227
2017-09-22,1228.050048828125,1229.1500244140625,1176.050048828125,1184.800048828125,2968531
2017-09-25,1187.0,1187.0,1145.0,1165.199951171875,2720490
2017-09-26,1151.0,1170.0,1151.0,1162.9000244140625,1809036
2017-09-27,1172.9000244140625,1172.9000244140625,1131.5,1137.199951171875,2317721
2017-09-28,1140.3499755859375,1143.699951171875,1128.0,1133.3499755859375,3474398
2017-09-29,1139.949951171875,1154.050048828125,1131.050048828125,1142.050048828125,3193745
2017-10-03,1155.550048828125,1157.75,1128.050048828125,1134.9000244140625,1413186
2017-10-04,1135.0,1143.8499755859375,1133.3499755859375,1138.300048828125,1155472
2017-10-05,1142.0,1145.800048828125,1128.5,1132.050048828125,1303081
2017-10-06,1135.0,1144.949951171875,1135.0,1141.800048828125,1814990
2017-10-09,1142.0,1158.25,1138.8499755859375,1140.949951171875,1737288
2017-10-10,1154.0,1155.25,1138.25,1142.699951171875,2347406
2017-10-11,1147.4000244140625,1151.5,1127.3499755859375,1133.8499755859375,1638071
2017-10-12,1142.0,1146.0999755859375,1134.25,1143.6500244140625,1151274
2017-10-13,1143.6500244140625,1150.0,1136.1500244140625,1138.6500244140625,1762307
2017-10-16,1143.0,1150.949951171875,1140.6500244140625,1144.699951171875,1189499
2017-10-17,1142.0,1155.0,1140.0,1148.75,1123634
2017-10-18,1150.0,1156.9000244140625,1138.0999755859375,1141.4000244140625,1263098
2017-10-19,1143.0,1147.050048828125,1137.0,1139.75,264888
2017-10-23,1143.0,1152.0,1123.199951171875,1135.75,1077546
2017-10-24,1139.0,1145.4000244140625,1126.0999755859375,1142.550048828125,1281327
2017-10-25,1150.0999755859375,1215.0,1150.0999755859375,1204.199951171875,6377478
2017-10-26,1209.949951171875,1243.5,1209.1500244140625,1223.5,5486055
2017-10-27,1232.949951171875,1242.0,1220.4000244140625,1224.6500244140625,2036609
2017-10-30,1228.0,1239.9000244140625,1224.1500244140625,1236.949951171875,1808153
2017-10-31,1237.0,1238.199951171875,1210.800048828125,1222.300048828125,1815888
2017-11-01,1226.0999755859375,1236.6500244140625,1213.300048828125,1215.300048828125,1929731
2017-11-02,1215.5,1216.0,1203.75,1210.949951171875,1183382
2017-11-03,1211.0,1247.1500244140625,1211.0,1235.0,1797145
2017-11-06,1225.0,1241.5,1218.5,1224.699951171875,1691967
2017-11-07,1225.550048828125,1233.5999755859375,1203.0999755859375,1211.050048828125,1658527
2017-11-08,1212.0,1225.0,1208.199951171875,1218.199951171875,1905789
2017-11-09,1220.1500244140625,1231.0999755859375,1205.9000244140625,1215.9000244140625,1733475
2017-11-10,1217.6500244140625,1274.949951171875,1217.0,1264.949951171875,5671395
2017-11-13,1229.800048828125,1259.949951171875,1208.199951171875,1240.550048828125,5216845
2017-11-14,1235.0,1238.0,1207.050048828125,1210.199951171875,2519826
2017-11-15,1210.5,1225.0,1206.050048828125,1209.5,1801470
2017-11-16,1211.0999755859375,1223.9000244140625,1209.0,1219.300048828125,2003168
2017-11-17,1230.0,1239.449951171875,1215.0,1222.800048828125,2261694
2017-11-20,1240.0,1248.0,1224.0,1229.800048828125,2799314
2017-11-21,1235.5,1235.5,1212.25,1222.6500244140625,2192795
2017-11-22,1225.0,1232.0,1215.1500244140625,1222.699951171875,2266995
2017-11-23,1222.0,1229.199951171875,1211.300048828125,1215.949951171875,1654930
2017-11-24,1216.0,1224.0,1213.5,1218.5,1637839
2017-11-27,1215.0,1234.0,1215.0,1224.75,1464649
2017-11-28,1228.0,1228.0,1209.0,1211.699951171875,4940494
2017-11-29,1215.449951171875,1223.0,1212.0,1217.8499755859375,2046078
2017-11-30,1215.0,1223.9000244140625,1209.0,1216.550048828125,3419336
2017-12-01,1216.1500244140625,1235.0,1208.0,1211.6500244140625,1772981
2017-12-04,1217.0,1225.0999755859375,1201.800048828125,1217.5,1796642
2017-12-05,1214.5,1214.5,1191.3499755859375,1209.9000244140625,2139688
2017-12-06,1205.9000244140625,1212.0,1189.0,1191.25,1696890
2017-12-07,1196.0,1228.449951171875,1196.0,1218.4000244140625,2476888
2017-12-08,1225.0,1227.0,1217.699951171875,1220.3499755859375,2316890
2017-12-11,1224.0,1229.0,1215.25,1221.8499755859375,2227028
2017-12-12,1221.199951171875,1221.5,1200.5,1202.9000244140625,2009798
2017-12-13,1204.5,1210.0,1185.0,1189.25,2262858
2017-12-14,1196.5,1200.0,1176.0999755859375,1188.800048828125,1709762
2017-12-15,1202.0,1216.25,1201.0,1203.550048828125,2161729
2017-12-18,1195.0,1224.0,1175.0,1217.9000244140625,2851823
2017-12-19,1222.0,1222.0,1213.3499755859375,1219.9000244140625,2878543
2017-12-20,1217.199951171875,1240.449951171875,1209.0,1232.5,3293207
2017-12-21,1239.0,1265.0,1237.0,1258.800048828125,3664052
2017-12-22,1260.4000244140625,1270.0,1253.0,1266.1500244140625,2490561
2017-12-26,1271.800048828125,1275.0,1257.300048828125,1269.699951171875,2493302
2017-12-27,1268.9000244140625,1275.949951171875,1251.300048828125,1257.8499755859375,1675081
2017-12-28,1257.5,1264.949951171875,1249.449951171875,1252.75,2850194
2017-12-29,1262.0,1270.0,1247.949951171875,1258.25,1819413
2018-01-01,1261.0,1274.0,1255.9000244140625,1260.699951171875,2048058
2018-01-02,1267.0,1269.9000244140625,1242.8499755859375,1249.75,1512324
2018-01-03,1255.9000244140625,1283.949951171875,1251.5,1275.300048828125,2720736
2018-01-04,1284.949951171875,1320.0,1280.0999755859375,1315.699951171875,4546456
2018-01-05,1325.0,1328.949951171875,1308.0,1314.9000244140625,2418902
2018-01-08,1316.5,1345.949951171875,1316.5,1338.25,3513256
2018-01-09,1340.0,1343.0,1326.4000244140625,1332.75,1703294
2018-01-10,1332.199951171875,1336.5,1317.6500244140625,1323.75,1098019
2018-01-11,1320.199951171875,1326.800048828125,1313.050048828125,1323.550048828125,1232290
2018-01-12,1325.5,1332.300048828125,1309.75,1329.1500244140625,1825056
2018-01-15,1334.8499755859375,1351.199951171875,1323.5999755859375,1325.949951171875,2386631
2018-01-16,1331.050048828125,1339.6500244140625,1323.3499755859375,1326.199951171875,3139385
2018-01-17,1323.0,1357.0,1320.25,1353.3499755859375,2724814
2018-01-18,1360.0,1385.0,1350.449951171875,1360.800048828125,4966982
2018-01-19,1362.0,1378.6500244140625,1353.5,1371.449951171875,2127776
2018-01-22,1289.199951171875,1403.6500244140625,1289.199951171875,1398.8499755859375,3067658
2018-01-23,1406.0,1415.0,1393.0999755859375,1410.699951171875,4804202
2018-01-24,1407.0999755859375,1409.800048828125,1389.800048828125,1401.199951171875,2147973
2018-01-25,1392.0,1427.050048828125,1392.0,1416.5,6113475
2018-01-29,1418.0,1441.6500244140625,1418.0,1431.949951171875,2945415
2018-01-30,1429.949951171875,1436.699951171875,1406.75,1429.9000244140625,1988140
2018-01-31,1431.9000244140625,1439.699951171875,1412.0,1416.5,2614515
2018-02-01,1458.9000244140625,1470.0,1405.199951171875,1455.5999755859375,8187730
2018-02-02,1448.0,1448.0,1410.050048828125,1415.449951171875,3621563
2018-02-05,1380.0,1400.0,1355.0999755859375,1363.6500244140625,3060688
2018-02-06,1319.949951171875,1372.3499755859375,1294.25,1353.050048828125,4230633
2018-02-07,1370.0,1370.0,1330.0,1333.75,2927403
2018-02-08,1345.0,1359.5,1333.0,1347.4000244140625,1932082
2018-02-09,1324.800048828125,1343.0,1318.0999755859375,1329.25,2029257
2018-02-12,1334.550048828125,1355.0,1334.550048828125,1350.5,1543603
2018-02-14,1354.699951171875,1372.5,1345.5999755859375,1361.199951171875,2310144
2018-02-15,1364.4000244140625,1370.0,1346.4000244140625,1350.3499755859375,1861841
2018-02-16,1358.0,1364.0,1320.449951171875,1328.4000244140625,1424576
2018-02-19,1328.0,1330.949951171875,1287.0,1295.5,4275673
2018-02-20,1300.0,1309.5999755859375,1287.25,1290.5999755859375,2063972
2018-02-21,1299.0,1299.5999755859375,1279.0,1282.800048828125,1584305
2018-02-22,1278.0,1298.0,1276.0,1292.0,3028574
2018-02-23,1292.5999755859375,1305.0,1280.4000244140625,1301.699951171875,2176017
2018-02-26,1306.0,1347.699951171875,1306.0,1344.25,2239306
2018-02-27,1347.5,1355.800048828125,1331.300048828125,1338.0999755859375,2243499
2018-02-28,1328.0,1331.5999755859375,1310.5999755859375,1318.1500244140625,2439968
2018-03-01,1319.0,1332.9000244140625,1313.0999755859375,1315.199951171875,1927606
2018-03-05,1312.699951171875,1312.699951171875,1297.949951171875,1300.699951171875,1302005
2018-03-06,1308.699951171875,1318.9000244140625,1275.0,1283.4000244140625,2381856
2018-03-07,1284.0,1293.9000244140625,1260.0,1263.300048828125,2156582
2018-03-08,1271.9000244140625,1289.800048828125,1259.25,1283.800048828125,3588828
2018-03-09,1285.199951171875,1296.050048828125,1280.0,1290.5,2508919
2018-03-12,1300.0,1312.0,1297.0,1310.050048828125,2267260
2018-03-13,1311.4000244140625,1322.949951171875,1294.050048828125,1302.75,1915199
2018-03-14,1303.0,1313.0,1292.0,1303.25,1714051
2018-03-15,1304.9000244140625,1309.5999755859375,1292.0999755859375,1295.0999755859375,1178352
2018-03-16,1299.9000244140625,1303.9000244140625,1260.4000244140625,1269.300048828125,5152611
2018-03-19,1280.0,1292.0,1265.8499755859375,1279.550048828125,4452882
2018-03-20,1275.0,1300.0,1275.0,1293.5,2831066
2018-03-21,1295.0,1313.5999755859375,1295.0,1309.3499755859375,2835466
2018-03-22,1314.800048828125,1321.4000244140625,1289.0,1296.25,1834024
2018-03-23,1278.5999755859375,1283.300048828125,1261.5,1267.9000244140625,2280525
2018-03-26,1268.0,1300.0999755859375,1268.0,1297.4000244140625,1697069
2018-03-27,1307.0,1314.0,1301.0,1307.550048828125,2003736
2018-03-28,1301.0999755859375,1325.0,1292.4000244140625,1310.9000244140625,3989865
2018-04-02,1313.0,1339.5,1312.050048828125,1335.949951171875,1302024
2018-04-03,1332.75,1339.0,1318.050048828125,1330.4000244140625,1123582
2018-04-04,1331.0,1332.699951171875,1290.199951171875,1296.1500244140625,1285513
2018-04-05,1314.0,1335.050048828125,1311.0,1328.800048828125,1758313
2018-04-06,1305.199951171875,1323.0,1305.199951171875,1316.550048828125,1492796
2018-04-09,1318.0,1333.0,1317.8499755859375,1327.9000244140625,1118116
2018-04-10,1328.0,1355.449951171875,1328.0,1349.9000244140625,2177789
2018-04-11,1358.4000244140625,1359.4000244140625,1340.0,1352.75,1536552
2018-04-12,1356.300048828125,1361.4000244140625,1345.550048828125,1357.449951171875,1695410
2018-04-13,1362.0,1364.3499755859375,1340.5999755859375,1354.8499755859375,1320241
2018-04-16,1347.9000244140625,1372.0,1346.1500244140625,1368.0999755859375,1304778
2018-04-17,1370.5,1377.9000244140625,1355.199951171875,1359.550048828125,1058589
2018-04-18,1363.0999755859375,1371.449951171875,1351.0,1360.0999755859375,1459202
2018-04-19,1365.0999755859375,1388.0999755859375,1361.800048828125,1385.0,2229317
2018-04-20,1385.0,1385.0,1359.0,1365.050048828125,1091415
2018-04-23,1370.0,1378.0,1355.5,1360.0,1364935
2018-04-24,1355.699951171875,1382.199951171875,1352.0,1378.0,1002866
2018-04-25,1375.9000244140625,1376.75,1356.949951171875,1362.9000244140625,1536003
2018-04-26,1365.5,1366.25,1330.0999755859375,1347.199951171875,4513014
2018-04-27,1353.5,1383.0,1353.5,1377.75,1746280
2018-04-30,1381.300048828125,1405.0,1381.300048828125,1400.9000244140625,1309980
2018-05-02,1420.0,1423.75,1390.0999755859375,1403.1500244140625,3975516
2018-05-03,1405.699951171875,1406.550048828125,1374.5999755859375,1377.75,1278892
2018-05-04,1380.0,1386.75,1362.0,1368.699951171875,1274703
2018-05-07,1374.0,1393.9000244140625,1366.300048828125,1389.1500244140625,1250082
2018-05-08,1391.300048828125,1393.0,1356.1500244140625,1364.9000244140625,1604486
2018-05-09,1362.199951171875,1382.5999755859375,1361.25,1375.6500244140625,1270004
2018-05-10,1380.0999755859375,1385.199951171875,1355.1500244140625,1362.199951171875,1262157
2018-05-11,1367.5,1389.5,1364.300048828125,1387.4000244140625,1033691
2018-05-14,1381.550048828125,1399.0,1377.0,1381.75,1265158
2018-05-15,1381.0,1403.0,1368.9000244140625,1374.199951171875,1824434
2018-05-16,1364.9000244140625,1374.050048828125,1358.699951171875,1362.3499755859375,1491335
2018-05-17,1368.0,1375.0,1350.0,1355.949951171875,1833028
2018-05-18,1350.0,1360.5999755859375,1312.0,1315.550048828125,2070654
2018-05-21,1311.0,1336.8499755859375,1311.0,1313.25,2047129
2018-05-22,1317.9000244140625,1340.9000244140625,1316.0999755859375,1320.1500244140625,1375132
2018-05-23,1317.0,1350.0,1315.0,1326.9000244140625,1851368
2018-05-24,1336.0,1347.5,1326.4000244140625,1338.050048828125,1482329
2018-05-25,1340.949951171875,1347.5999755859375,1331.75,1342.0,1696915
2018-05-28,1346.0,1384.949951171875,1344.0999755859375,1376.449951171875,2127978
2018-05-29,1393.699951171875,1424.949951171875,1375.4000244140625,1380.5999755859375,6814062
2018-05-30,1380.0,1380.0,1357.1500244140625,1365.6500244140625,2286366
2018-05-31,1370.949951171875,1377.449951171875,1356.0,1370.4000244140625,2930988
2018-06-01,1375.800048828125,1396.0,1362.5999755859375,1372.4000244140625,2234018
2018-06-04,1375.949951171875,1385.0,1354.0,1357.8499755859375,1346919
2018-06-05,1361.800048828125,1361.800048828125,1326.5999755859375,1333.75,1905926
2018-06-06,1331.0,1355.0,1331.0,1350.550048828125,1581905
2018-06-07,1360.4000244140625,1366.0,1348.949951171875,1355.1500244140625,2272271
2018-06-08,1349.050048828125,1355.0,1331.0999755859375,1343.949951171875,2483519
2018-06-11,1343.0,1355.0,1337.0,1343.25,1417401
2018-06-12,1348.0,1368.449951171875,1344.5999755859375,1366.4000244140625,1853562
2018-06-13,1366.800048828125,1368.25,1353.0,1358.75,1253808
2018-06-14,1354.0,1359.449951171875,1340.0,1343.0,1325652
2018-06-15,1341.0,1343.0,1323.25,1329.9000244140625,2660969
2018-06-18,1331.25,1337.4000244140625,1321.050048828125,1323.199951171875,951701
2018-06-19,1318.8499755859375,1327.5,1307.050048828125,1310.4000244140625,1607343
2018-06-20,1311.050048828125,1319.199951171875,1300.0,1306.75,2207289
2018-06-21,1310.0,1316.0,1286.0,1289.800048828125,2161971
2018-06-22,1288.699951171875,1305.0,1283.5,1299.8499755859375,3364048
2018-06-25,1301.0,1303.75,1264.25,1268.1500244140625,1622133
2018-06-26,1268.800048828125,1283.5,1261.0999755859375,1270.050048828125,2003243
2018-06-27,1273.0,1275.0,1229.0,1232.75,2332129
2018-06-28,1228.0,1240.0,1206.0,1234.949951171875,4677061
2018-06-29,1235.949951171875,1277.949951171875,1233.050048828125,1275.0999755859375,2324572
2018-07-02,1277.9000244140625,1277.949951171875,1242.9000244140625,1255.949951171875,3832519
2018-07-03,1259.25,1264.0,1246.050048828125,1251.5,2096700
2018-07-04,1251.9000244140625,1261.4000244140625,1243.199951171875,1259.5,1842579
2018-07-05,1265.0,1265.0,1245.5999755859375,1254.449951171875,2006459
2018-07-06,1251.0,1278.25,1244.9000244140625,1266.300048828125,2064484
2018-07-09,1271.800048828125,1291.449951171875,1263.199951171875,1288.0,2021357
2018-07-10,1294.449951171875,1298.0,1272.75,1284.5999755859375,1923397
2018-07-11,1283.550048828125,1285.949951171875,1271.5999755859375,1274.75,1326221
2018-07-12,1280.0999755859375,1304.5,1275.0,1299.75,2777124
2018-07-13,1307.0,1319.0,1287.25,1298.4000244140625,2360493
2018-07-16,1300.0,1301.1500244140625,1277.9000244140625,1283.0999755859375,1593400
2018-07-17,1285.050048828125,1291.0,1268.800048828125,1286.8499755859375,1598278
2018-07-18,1295.0,1308.0,1283.0,1292.1500244140625,1855985
2018-07-19,1294.300048828125,1296.6500244140625,1253.0,1258.0999755859375,1468552
2018-07-20,1257.5,1289.0,1255.550048828125,1270.3499755859375,1937969
2018-07-23,1270.5,1283.0,1262.199951171875,1279.1500244140625,1229445
2018-07-24,1285.0,1328.0,1281.0,1324.0,4071039
2018-07-25,1331.449951171875,1335.949951171875,1313.6500244140625,1320.699951171875,2254936
2018-07-26,1331.800048828125,1346.9000244140625,1293.25,1305.949951171875,7489743
2018-07-27,1313.699951171875,1319.5,1300.5,1311.449951171875,1785314
2018-07-30,1312.5,1316.5,1291.199951171875,1295.3499755859375,3090391
2018-07-31,1299.949951171875,1310.449951171875,1285.0,1302.300048828125,2304148
2018-08-01,1306.0,1308.8499755859375,1292.949951171875,1298.0,1924210
2018-08-02,1294.4000244140625,1296.949951171875,1280.0,1282.4000244140625,1415162
2018-08-03,1285.199951171875,1297.699951171875,1283.050048828125,1290.0,1279748
2018-08-06,1294.0,1299.800048828125,1285.800048828125,1290.449951171875,842106
2018-08-07,1296.699951171875,1308.0,1292.3499755859375,1295.300048828125,1458197
2018-08-08,1297.6500244140625,1308.800048828125,1290.1500244140625,1298.25,1308818
2018-08-09,1299.949951171875,1303.9000244140625,1282.75,1284.699951171875,1035908
2018-08-10,1282.3499755859375,1295.4000244140625,1262.0,1264.6500244140625,1784956
2018-08-13,1264.5,1278.800048828125,1252.0,1269.050048828125,1627092
2018-08-14,1264.1500244140625,1266.699951171875,1250.0999755859375,1253.25,2146242
2018-08-16,1247.9000244140625,1262.6500244140625,1226.0,1231.6500244140625,2292161
2018-08-17,1239.0,1247.800048828125,1231.449951171875,1240.1500244140625,1750983
2018-08-20,1300.0,1331.9000244140625,1282.0,1323.699951171875,11227838
2018-08-21,1335.0,1335.0,1315.0,1322.550048828125,3057182
2018-08-23,1329.199951171875,1363.9000244140625,1318.699951171875,1352.050048828125,8248115
2018-08-24,1353.699951171875,1363.0,1341.0,1342.9000244140625,3506532
2018-08-27,1355.0,1366.0,1345.4000244140625,1356.0999755859375,2595682
2018-08-28,1362.3499755859375,1366.0,1352.0,1355.5999755859375,1889337
2018-08-29,1356.800048828125,1356.800048828125,1344.699951171875,1351.550048828125,1435495
2018-08-30,1351.1500244140625,1362.9000244140625,1344.0,1346.550048828125,2288925
2018-08-31,1348.949951171875,1374.0,1348.949951171875,1369.550048828125,3549583
2018-09-03,1375.0,1390.0,1360.0999755859375,1363.0,2347852
2018-09-04,1365.0,1371.5999755859375,1354.0999755859375,1359.300048828125,1517216
2018-09-05,1357.9000244140625,1363.9000244140625,1341.4000244140625,1348.0,2413590
2018-09-06,1349.800048828125,1355.5999755859375,1338.800048828125,1347.0999755859375,1586350
2018-09-07,1349.0,1357.0,1341.0,1347.5,1307928
2018-09-10,1347.75,1352.0,1335.0,1336.800048828125,1228247
2018-09-11,1341.550048828125,1347.75,1326.800048828125,1329.6500244140625,1617176
2018-09-12,1335.0,1355.949951171875,1320.5,1352.25,1319469
2018-09-14,1356.0,1367.199951171875,1350.550048828125,1358.8499755859375,1462192
2018-09-17,1351.550048828125,1353.800048828125,1339.5999755859375,1344.75,912431
2018-09-18,1343.800048828125,1350.1500244140625,1325.25,1327.9000244140625,1501479
2018-09-19,1332.949951171875,1343.0,1326.0,1332.9000244140625,867001
2018-09-21,1342.199951171875,1352.449951171875,1309.550048828125,1329.699951171875,2309530
2018-09-24,1333.300048828125,1338.800048828125,1302.300048828125,1318.3499755859375,2425415
2018-09-25,1316.0,1332.699951171875,1308.0,1319.050048828125,2684511
2018-09-26,1329.0,1336.800048828125,1309.0,1332.6500244140625,2846089
2018-09-27,1336.8499755859375,1337.0,1296.5,1309.9000244140625,3847372
2018-09-28,1314.5,1316.699951171875,1250.1500244140625,1272.0999755859375,4301355
2018-10-01,1274.0,1274.0,1217.550048828125,1248.0999755859375,4955435
2018-10-03,1247.0999755859375,1262.0,1226.6500244140625,1245.449951171875,4302314
2018-10-04,1258.0,1292.9000244140625,1251.25,1257.9000244140625,7398229
2018-10-05,1258.0,1267.699951171875,1215.8499755859375,1227.4000244140625,4206887
2018-10-08,1230.0,1244.0,1203.0999755859375,1215.3499755859375,3957900
2018-10-09,1222.800048828125,1236.050048828125,1215.449951171875,1221.050048828125,2559815
2018-10-10,1227.0,1265.9000244140625,1223.699951171875,1250.6500244140625,4134413
2018-10-11,1230.0,1237.0,1220.0999755859375,1225.8499755859375,3942878
2018-10-12,1224.800048828125,1245.0,1218.75,1235.25,2773440
2018-10-15,1230.0,1236.800048828125,1208.4000244140625,1216.4000244140625,2945137
2018-10-16,1220.0,1228.949951171875,1215.550048828125,1224.6500244140625,2336499
2018-10-17,1236.6500244140625,1238.0,1208.699951171875,1211.9000244140625,1746801
2018-10-19,1200.0,1211.9000244140625,1186.0,1206.050048828125,2006965
2018-10-22,1214.0,1218.6500244140625,1200.0999755859375,1206.5999755859375,1452784
2018-10-23,1195.9000244140625,1209.050048828125,1182.5,1200.699951171875,2109820
2018-10-24,1211.199951171875,1222.300048828125,1204.0999755859375,1218.9000244140625,1484693
2018-10-25,1208.0,1212.050048828125,1195.1500244140625,1201.550048828125,3063065
2018-10-26,1200.5999755859375,1213.0,1191.300048828125,1197.449951171875,1101325
2018-10-29,1201.0,1264.5,1198.25,1261.300048828125,2140956
2018-10-30,1258.4000244140625,1278.6500244140625,1248.25,1271.25,1957735
2018-10-31,1266.0,1304.0,1249.199951171875,1297.5,3117499
2018-11-01,1337.449951171875,1384.0,1321.5999755859375,1326.75,8903105
2018-11-02,1340.0,1369.8499755859375,1340.0,1358.199951171875,2665756
2018-11-05,1358.300048828125,1365.0,1343.550048828125,1350.1500244140625,1457946
2018-11-06,1350.1500244140625,1369.800048828125,1350.050048828125,1363.8499755859375,1616734
2018-11-07,1370.0,1370.0,1363.6500244140625,1365.949951171875,255086
2018-11-09,1365.949951171875,1379.0,1360.0,1368.5999755859375,1247358
2018-11-12,1372.9000244140625,1384.5,1362.0,1367.199951171875,2174698
2018-11-13,1364.0,1395.0,1358.199951171875,1391.0999755859375,2068670
2018-11-14,1394.0,1398.0,1379.0,1384.699951171875,1364551
2018-11-15,1388.0,1408.0,1386.0999755859375,1398.5,2890196
2018-11-16,1402.75,1414.0,1391.5,1399.050048828125,1732865
2018-11-19,1400.0,1419.8499755859375,1395.050048828125,1417.199951171875,1932311
2018-11-20,1410.25,1423.0999755859375,1407.699951171875,1413.0999755859375,1889461
2018-11-21,1410.0,1413.75,1393.25,1402.0999755859375,1320423
2018-11-22,1405.0,1419.5,1396.199951171875,1410.1500244140625,1723570
2018-11-26,1410.199951171875,1430.0,1410.199951171875,1422.0,2630117
2018-11-27,1419.449951171875,1434.0,1415.3499755859375,1431.5999755859375,1956946
2018-11-28,1431.5999755859375,1434.0,1399.0,1403.4000244140625,1390580
2018-11-29,1413.6500244140625,1435.5,1407.5,1422.449951171875,2816724
2018-11-30,1425.1500244140625,1438.1500244140625,1410.0,1432.5,2018571
2018-12-03,1435.050048828125,1439.949951171875,1412.0,1427.5,1115862
2018-12-04,1423.050048828125,1429.75,1415.0,1419.9000244140625,1061729
2018-12-05,1412.0,1419.0,1389.1500244140625,1394.800048828125,1582751
2018-12-06,1387.800048828125,1397.050048828125,1372.050048828125,1379.5,1574405
2018-12-07,1387.0,1404.0,1372.0999755859375,1399.9000244140625,1185686
2018-12-10,1374.699951171875,1386.4000244140625,1358.199951171875,1367.75,1657418
2018-12-11,1358.0,1369.8499755859375,1343.6500244140625,1361.4000244140625,2302505
2018-12-12,1368.5999755859375,1407.6500244140625,1365.5,1400.300048828125,1751549
2018-12-13,1413.699951171875,1429.0,1406.0,1426.449951171875,1863210
2018-12-14,1423.449951171875,1428.550048828125,1405.050048828125,1411.4000244140625,2189734
2018-12-17,1395.4000244140625,1424.4000244140625,1395.050048828125,1408.0,1610515
2018-12-18,1405.0,1430.0,1405.0,1428.5,1568498
2018-12-19,1431.0,1438.0,1426.4000244140625,1434.75,2073536
2018-12-20,1430.5999755859375,1453.0,1423.25,1450.800048828125,2782410
2018-12-21,1450.800048828125,1459.699951171875,1415.199951171875,1420.0,1975704
2018-12-24,1427.5999755859375,1428.699951171875,1400.0,1404.800048828125,1390194
2018-12-26,1398.800048828125,1432.0,1384.300048828125,1422.6500244140625,1712084
2018-12-27,1429.199951171875,1434.3499755859375,1408.5,1425.050048828125,1872745
2018-12-28,1426.550048828125,1448.0,1426.300048828125,1439.4000244140625,1918767
2018-12-31,1445.0,1450.0,1431.199951171875,1437.550048828125,1487860
2019-01-01,1445.0,1445.0,1425.199951171875,1441.9000244140625,786846
2019-01-02,1441.0,1444.9000244140625,1417.0999755859375,1425.5,2058504
2019-01-03,1426.0,1429.0,1391.0,1395.0,2290756
2019-01-04,1401.9000244140625,1407.5999755859375,1373.550048828125,1388.050048828125,2711485
2019-01-07,1397.0,1408.5999755859375,1379.050048828125,1383.800048828125,1851513
2019-01-08,1387.5,1393.8499755859375,1375.0,1382.199951171875,1437271
2019-01-09,1389.5,1393.550048828125,1372.0,1386.050048828125,1413005
2019-01-10,1388.0,1398.9000244140625,1383.25,1392.5999755859375,1063647
2019-01-11,1393.0,1393.9000244140625,1361.050048828125,1369.5999755859375,2489197
2019-01-14,1367.199951171875,1367.199951171875,1331.0,1333.9000244140625,3080984
2019-01-15,1340.0,1348.0,1330.0,1340.9000244140625,3079248
2019-01-16,1342.9000244140625,1361.5,1336.0,1342.1500244140625,2454470
2019-01-17,1345.0999755859375,1351.800048828125,1336.949951171875,1346.050048828125,1610419
2019-01-18,1350.8499755859375,1352.0,1313.0,1317.9000244140625,2135781
2019-01-21,1279.0,1337.25,1273.449951171875,1314.550048828125,8813681
2019-01-22,1316.9000244140625,1321.5,1298.0999755859375,1301.1500244140625,2544978
2019-01-23,1301.0,1306.9000244140625,1293.550048828125,1301.449951171875,1821323
2019-01-24,1305.0,1305.550048828125,1287.0,1295.3499755859375,1654706
2019-01-25,1300.0,1314.0999755859375,1281.5,1285.449951171875,3136788
2019-01-28,1295.449951171875,1337.9000244140625,1291.6500244140625,1300.449951171875,8004136
2019-01-29,1304.0,1308.800048828125,1268.199951171875,1278.050048828125,3685535
2019-01-30,1284.300048828125,1309.0,1281.0,1294.449951171875,2385425
2019-01-31,1304.0,1321.699951171875,1296.550048828125,1314.300048828125,5852257
2019-02-01,1315.5,1334.550048828125,1313.0,1324.5999755859375,2515736
2019-02-04,1326.8499755859375,1326.8499755859375,1302.5999755859375,1307.4000244140625,2308931
2019-02-05,1310.699951171875,1323.0,1300.0,1304.5999755859375,1447400
2019-02-06,1308.0,1322.0,1293.050048828125,1314.4000244140625,2034886
2019-02-07,1314.0,1320.8499755859375,1289.199951171875,1296.050048828125,1556295
2019-02-08,1295.0,1298.9000244140625,1255.550048828125,1261.75,2993525
2019-02-11,1259.0,1259.0,1221.0,1246.5,2981408
2019-02-12,1244.5,1264.9000244140625,1241.550048828125,1246.8499755859375,1571390
2019-02-14,1219.0,1231.75,1201.0999755859375,1227.5999755859375,6974738
2019-02-15,1244.0,1253.9000244140625,1230.9000244140625,1243.0999755859375,3620228
2019-02-18,1245.0,1259.550048828125,1240.0,1244.5,2186849
2019-02-19,1245.0,1270.0,1245.0,1258.300048828125,2389086
2019-02-20,1265.0,1282.6500244140625,1264.199951171875,1276.550048828125,2433082
2019-02-21,1282.0,1291.5,1265.0999755859375,1284.0999755859375,2392129
2019-02-22,1282.0,1283.4000244140625,1265.5,1280.3499755859375,2390188
2019-02-25,1280.3499755859375,1286.449951171875,1264.0,1275.8499755859375,5873730
2019-02-26,1263.800048828125,1275.0,1253.0,1265.8499755859375,2417931
2019-02-27,1270.550048828125,1295.0,1268.0,1284.699951171875,3555914
2019-02-28,1293.0,1302.949951171875,1273.300048828125,1292.949951171875,9321535
2019-03-01,1300.300048828125,1311.949951171875,1297.25,1308.550048828125,2831577
2019-03-05,1302.0,1310.4000244140625,1277.050048828125,1305.800048828125,3948051
2019-03-06,1310.5,1327.550048828125,1310.5,1317.0,2776738
2019-03-07,1323.8499755859375,1357.300048828125,1310.0,1352.4000244140625,6207580
2019-03-08,1350.0,1363.0,1337.0,1339.4000244140625,4868283
2019-03-11,1343.550048828125,1351.0,1340.0,1346.550048828125,2661353
2019-03-12,1355.0,1403.0,1355.0,1388.9000244140625,6631152
2019-03-13,1395.699951171875,1397.550048828125,1372.8499755859375,1378.5999755859375,2241672
2019-03-14,1384.699951171875,1396.0,1377.0,1379.75,1838850
2019-03-15,1386.0,1410.800048828125,1378.5999755859375,1396.5,5723980
2019-03-18,1397.0,1411.699951171875,1370.3499755859375,1378.9000244140625,2450686
2019-03-19,1371.0,1374.949951171875,1346.5,1357.949951171875,4053209
2019-03-20,1362.0,1382.0,1361.0,1370.9000244140625,3871744
2019-03-22,1379.0,1415.0,1376.199951171875,1394.699951171875,3788604
2019-03-25,1387.0,1389.0,1370.0999755859375,1376.75,1666203
2019-03-26,1379.800048828125,1388.800048828125,1367.75,1372.800048828125,2021089
2019-03-27,1379.0,1391.0999755859375,1363.1500244140625,1366.449951171875,2558997
2019-03-28,1371.0,1392.5,1364.0,1386.699951171875,3184285
2019-04-01,1390.0999755859375,1424.0,1390.0999755859375,1412.199951171875,3842703
2019-04-02,1415.0999755859375,1426.949951171875,1403.5,1409.75,2737093
2019-04-03,1409.4000244140625,1415.0,1375.0,1378.050048828125,2366304
2019-04-04,1384.9000244140625,1393.9000244140625,1365.699951171875,1368.699951171875,1980318
2019-04-05,1373.75,1392.75,1370.300048828125,1373.800048828125,2037782
2019-04-08,1379.699951171875,1386.800048828125,1365.449951171875,1373.6500244140625,1013017
2019-04-09,1375.9000244140625,1387.0,1366.0,1375.199951171875,2209945
2019-04-10,1370.0,1382.0,1365.0,1371.550048828125,2014958
2019-04-11,1371.6500244140625,1387.949951171875,1371.6500244140625,1378.0,3110225
2019-04-12,1380.0,1381.8499755859375,1358.300048828125,1360.9000244140625,2751659
2019-04-15,1365.0,1368.0,1354.0,1356.9000244140625,1933204
2019-04-16,1360.0,1390.9000244140625,1360.0,1381.4000244140625,3217456
2019-04-18,1387.0,1387.5999755859375,1357.4000244140625,1360.699951171875,2594906
2019-04-22,1362.0,1370.9000244140625,1352.5,1360.1500244140625,3101477
2019-04-23,1361.699951171875,1365.0,1336.5999755859375,1348.199951171875,2016454
2019-04-24,1353.0,1363.449951171875,1350.0,1360.6500244140625,1753395
2019-04-25,1366.8499755859375,1380.550048828125,1352.1500244140625,1355.1500244140625,2886022
2019-04-26,1358.199951171875,1367.0,1351.0,1358.199951171875,1767153
2019-04-30,1365.0,1366.5,1340.0,1348.550048828125,1905624
2019-05-02,1349.449951171875,1376.5,1342.0,1358.75,1985540
2019-05-03,1362.0,1373.199951171875,1360.0,1363.5999755859375,1239667
2019-05-06,1353.300048828125,1364.8499755859375,1349.9000244140625,1352.699951171875,1515052
2019-05-07,1357.4000244140625,1374.3499755859375,1350.0,1366.5999755859375,2596385
2019-05-08,1363.9000244140625,1371.0,1355.0,1360.3499755859375,1601700
2019-05-09,1357.0,1368.800048828125,1337.5999755859375,1356.449951171875,2464425
2019-05-10,1359.6500244140625,1362.5,1345.0999755859375,1355.5,1466154
2019-05-13,1345.0,1355.0,1312.0,1317.6500244140625,3422913
2019-05-14,1309.0,1347.6500244140625,1285.300048828125,1341.800048828125,3132767
2019-05-15,1347.5,1355.0,1320.5,1325.800048828125,2054728
2019-05-16,1326.0,1348.0,1308.300048828125,1337.1500244140625,2058450
2019-05-17,1335.0,1371.5,1332.550048828125,1361.9000244140625,2776586
2019-05-20,1400.0,1455.0,1400.0,1451.449951171875,6210427
2019-05-21,1455.0,1462.050048828125,1437.8499755859375,1449.0999755859375,2961180
2019-05-22,1450.0999755859375,1473.4000244140625,1441.5999755859375,1461.0999755859375,3304912
2019-05-23,1476.199951171875,1562.4000244140625,1466.0,1476.0999755859375,10485813
2019-05-24,1493.0,1549.199951171875,1490.3499755859375,1544.1500244140625,5626500
2019-05-27,1543.699951171875,1600.0,1532.0999755859375,1596.0,6730594
2019-05-28,1596.0,1607.0,1563.300048828125,1574.5,4987068
2019-05-29,1570.199951171875,1596.949951171875,1546.199951171875,1552.449951171875,3070738
2019-05-30,1550.0,1569.3499755859375,1540.0,1558.5999755859375,2675199
2019-05-31,1569.949951171875,1581.5,1534.800048828125,1557.550048828125,3945900
2019-06-03,1563.699951171875,1570.0,1546.4000244140625,1559.4000244140625,2617068
2019-06-04,1561.0,1585.0,1558.0,1569.800048828125,3854101
2019-06-06,1569.6500244140625,1571.800048828125,1511.5999755859375,1515.9000244140625,3268594
2019-06-07,1518.550048828125,1533.699951171875,1495.5,1513.8499755859375,2572146
2019-06-10,1525.0,1542.0,1521.300048828125,1532.0999755859375,1608705
2019-06-11,1540.199951171875,1540.199951171875,1522.0,1524.300048828125,1745105
2019-06-12,1524.0999755859375,1525.9000244140625,1503.699951171875,1509.25,1495586
2019-06-13,1509.0,1529.0,1504.5999755859375,1517.550048828125,1828211
2019-06-14,1521.0,1539.9000244140625,1513.050048828125,1526.300048828125,1854211
2019-06-17,1530.0,1537.0,1495.25,1498.75,2048759
2019-06-18,1500.0,1519.949951171875,1497.800048828125,1505.300048828125,2098714
2019-06-19,1513.949951171875,1530.0,1497.0,1505.1500244140625,2140698
2019-06-20,1509.25,1563.0,1507.050048828125,1557.0999755859375,3483179
2019-06-21,1560.0,1569.949951171875,1530.0,1539.75,3028524
2019-06-24,1545.5,1563.449951171875,1537.1500244140625,1541.0,1941777
2019-06-25,1545.800048828125,1552.0,1521.0999755859375,1535.0,2384122
2019-06-26,1533.0,1563.75,1529.0,1551.199951171875,2789166
2019-06-27,1560.0,1568.949951171875,1540.6500244140625,1550.9000244140625,3763146
2019-06-28,1556.199951171875,1573.9000244140625,1547.6500244140625,1553.199951171875,3002811
2019-07-01,1563.449951171875,1569.0,1552.25,1556.6500244140625,1537022
2019-07-02,1560.0,1565.949951171875,1553.0,1563.8499755859375,1294135
2019-07-03,1565.0,1583.9000244140625,1560.199951171875,1578.050048828125,2800104
2019-07-04,1582.949951171875,1590.5999755859375,1568.25,1571.699951171875,1981745
2019-07-05,1581.0,1591.6500244140625,1545.550048828125,1558.3499755859375,3693134
2019-07-08,1549.9000244140625,1551.25,1461.550048828125,1490.3499755859375,4697122
2019-07-09,1486.5999755859375,1538.4000244140625,1485.3499755859375,1526.5999755859375,4329323
2019-07-10,1523.800048828125,1529.5999755859375,1482.699951171875,1499.550048828125,2823544
2019-07-11,1512.0,1512.949951171875,1490.0999755859375,1495.199951171875,2156264
2019-07-12,1499.0,1499.0,1462.0,1466.8499755859375,3495971
2019-07-15,1471.0,1473.949951171875,1431.9000244140625,1440.5999755859375,3950399
2019-07-16,1442.0,1464.0,1426.9000244140625,1461.199951171875,3654380
2019-07-17,1461.0,1470.550048828125,1452.0,1455.449951171875,2225647
2019-07-18,1444.800048828125,1454.949951171875,1432.0,1435.199951171875,2342881
2019-07-19,1446.4000244140625,1446.800048828125,1402.0999755859375,1411.550048828125,3199700
2019-07-22,1409.5999755859375,1419.0,1394.0,1403.699951171875,2646126
2019-07-23,1414.800048828125,1414.800048828125,1386.199951171875,1409.5,4013444
2019-07-24,1410.25,1420.199951171875,1376.1500244140625,1387.3499755859375,5434450
2019-07-25,1395.0999755859375,1402.9000244140625,1369.0,1372.4000244140625,4181824
2019-07-26,1370.9000244140625,1397.25,1363.0999755859375,1392.1500244140625,3019850
2019-07-29,1393.449951171875,1398.0,1360.5,1371.5,1987927
2019-07-30,1376.0,1393.1500244140625,1372.300048828125,1376.3499755859375,2714475
2019-07-31,1371.6500244140625,1397.949951171875,1367.0999755859375,1387.300048828125,2693653
2019-08-01,1380.0,1386.0,1339.0,1358.050048828125,2774996
2019-08-02,1352.5999755859375,1376.9000244140625,1340.0,1370.25,2776965
2019-08-05,1355.0,1358.800048828125,1325.0,1345.800048828125,2287548
2019-08-06,1342.699951171875,1399.4000244140625,1340.050048828125,1377.5,4152548
2019-08-07,1380.0,1389.9000244140625,1352.8499755859375,1360.050048828125,2247223
2019-08-08,1370.0,1372.0,1340.0999755859375,1360.6500244140625,2788577
2019-08-09,1372.0,1392.5,1361.0999755859375,1364.5999755859375,2419380
2019-08-13,1370.0,1370.0,1307.0,1313.25,3135817
2019-08-14,1320.0,1340.949951171875,1316.0,1333.699951171875,2798429
2019-08-16,1335.0,1339.9000244140625,1320.5,1335.25,2654524
2019-08-19,1339.0,1360.949951171875,1339.0,1352.199951171875,2509331
2019-08-20,1352.949951171875,1355.550048828125,1334.0,1342.5,2145169
2019-08-21,1341.199951171875,1341.9000244140625,1302.550048828125,1310.6500244140625,2361165
2019-08-22,1302.0,1327.449951171875,1283.1500244140625,1294.25,3780476
2019-08-23,1290.0,1297.449951171875,1274.0,1286.5,5252370
2019-08-26,1310.0,1343.199951171875,1276.550048828125,1333.6500244140625,3759248
2019-08-27,1344.8499755859375,1379.949951171875,1343.6500244140625,1356.949951171875,5431422
2019-08-28,1362.0999755859375,1370.0,1336.0999755859375,1344.6500244140625,2272465
2019-08-29,1339.9000244140625,1355.0,1332.25,1342.449951171875,2421312
2019-08-30,1344.949951171875,1356.9000244140625,1302.9000244140625,1328.25,3715119
2019-09-03,1327.0,1327.0,1290.0,1294.4000244140625,3617815
2019-09-04,1296.0,1314.300048828125,1292.4000244140625,1308.050048828125,2786181
2019-09-05,1312.8499755859375,1338.0,1308.6500244140625,1320.300048828125,2758679
2019-09-06,1328.449951171875,1334.0,1320.3499755859375,1328.6500244140625,1694661
2019-09-09,1330.0,1361.800048828125,1323.050048828125,1357.0,3508361
2019-09-11,1364.0,1383.800048828125,1356.0,1363.6500244140625,2545642
2019-09-12,1370.0999755859375,1379.75,1355.3499755859375,1362.4000244140625,2249695
2019-09-13,1362.0,1366.949951171875,1344.0999755859375,1363.449951171875,1771658
2019-09-16,1354.0,1356.949951171875,1338.5999755859375,1343.5999755859375,1835805
2019-09-17,1344.0,1345.0,1310.199951171875,1313.699951171875,2210178
2019-09-18,1320.0999755859375,1328.4000244140625,1313.300048828125,1318.0,2081625
2019-09-19,1320.0,1320.199951171875,1298.0,1300.699951171875,1808736
2019-09-20,1305.0,1416.449951171875,1289.0999755859375,1411.5,9975807
2019-09-23,1452.0,1551.0,1451.0,1528.5,12082820
2019-09-24,1524.0,1524.0,1475.550048828125,1481.300048828125,3831602
2019-09-25,1480.9000244140625,1481.699951171875,1446.6500244140625,1450.0999755859375,2746428
2019-09-26,1456.300048828125,1495.0,1456.300048828125,1489.8499755859375,3560962
2019-09-27,1484.050048828125,1491.699951171875,1462.0,1472.6500244140625,2167976
2019-09-30,1473.0,1484.0,1448.199951171875,1474.25,2961398
2019-10-01,1480.0,1496.449951171875,1439.1500244140625,1464.050048828125,2578275
2019-10-03,1445.449951171875,1475.5,1422.25,1458.050048828125,1966976
2019-10-04,1463.800048828125,1474.0,1420.0999755859375,1424.9000244140625,3266487
2019-10-07,1420.0,1429.0,1381.050048828125,1397.8499755859375,2192329
2019-10-09,1401.0,1433.4000244140625,1399.0999755859375,1426.25,1818865
2019-10-10,1423.0,1432.0,1407.050048828125,1425.0999755859375,1626821
2019-10-11,1431.0,1450.0,1420.199951171875,1427.699951171875,2024214
2019-10-14,1435.0,1439.9000244140625,1418.3499755859375,1423.949951171875,2220364
2019-10-15,1429.0999755859375,1444.800048828125,1420.6500244140625,1432.25,1797471
2019-10-16,1440.0,1441.800048828125,1416.25,1424.199951171875,2446615
2019-10-17,1428.0,1438.5999755859375,1420.199951171875,1424.3499755859375,2304434
2019-10-18,1428.0,1457.0,1425.4000244140625,1447.800048828125,3516394
2019-10-22,1448.5,1467.800048828125,1439.1500244140625,1442.550048828125,2858390
2019-10-23,1445.0,1448.9000244140625,1418.5999755859375,1431.800048828125,2410781
2019-10-24,1460.0,1467.0,1426.3499755859375,1432.25,3646005
2019-10-25,1439.949951171875,1441.699951171875,1420.0999755859375,1425.0,2013793
2019-10-27,1436.699951171875,1438.949951171875,1428.8499755859375,1434.4000244140625,398258
2019-10-29,1435.5,1464.800048828125,1431.0,1461.0999755859375,3351491
2019-10-30,1469.949951171875,1491.949951171875,1465.0,1474.25,3722066
2019-10-31,1481.0,1486.5,1467.25,1473.050048828125,2210277
2019-11-01,1476.699951171875,1481.050048828125,1445.0,1449.4000244140625,2287220
2019-11-04,1457.800048828125,1468.0,1450.0,1452.199951171875,1459894
2019-11-05,1455.0,1459.5999755859375,1432.0,1439.800048828125,2401916
2019-11-06,1440.0,1466.949951171875,1437.75,1453.050048828125,2434431
2019-11-07,1459.949951171875,1459.949951171875,1431.0,1435.050048828125,1999085
2019-11-08,1429.949951171875,1448.0,1420.0,1423.0,2217408
2019-11-11,1419.199951171875,1430.75,1408.050048828125,1417.0,2097492
2019-11-13,1418.449951171875,1419.8499755859375,1389.050048828125,1393.0,2929404
2019-11-14,1397.0,1405.949951171875,1376.949951171875,1380.449951171875,3000518
2019-11-15,1383.5999755859375,1392.699951171875,1366.199951171875,1377.6500244140625,3409434
2019-11-18,1388.0,1393.800048828125,1361.25,1364.5,2733161
2019-11-19,1364.5,1378.199951171875,1361.5,1365.75,2396206
2019-11-20,1372.0,1393.3499755859375,1365.3499755859375,1380.800048828125,3914075
2019-11-21,1405.0,1417.9000244140625,1385.0,1392.699951171875,5719318
2019-11-22,1393.75,1398.949951171875,1371.0,1378.6500244140625,2363205
2019-11-25,1378.5,1389.0,1371.0999755859375,1380.8499755859375,2956576
2019-11-26,1379.3499755859375,1380.0,1359.550048828125,1363.0,4853977
2019-11-27,1365.0,1370.0,1314.1500244140625,1335.5,7904745
2019-11-28,1344.0,1354.0,1327.199951171875,1349.9000244140625,4503913
2019-11-29,1350.0,1350.199951171875,1328.0,1330.550048828125,2515083
2019-12-02,1330.550048828125,1342.9000244140625,1320.3499755859375,1333.3499755859375,3044008
2019-12-03,1333.449951171875,1333.449951171875,1310.0,1313.199951171875,3068849
2019-12-04,1310.0,1312.0,1282.1500244140625,1285.0999755859375,10230371
2019-12-05,1294.0,1313.0,1285.1500244140625,1302.199951171875,6644324
2019-12-06,1308.8499755859375,1309.0,1283.0999755859375,1290.800048828125,3302384
2019-12-09,1294.0,1298.9000244140625,1271.800048828125,1276.0,3038475
2019-12-10,1277.0,1284.0,1267.1500244140625,1279.0,2759100
2019-12-11,1282.949951171875,1288.75,1255.0,1264.300048828125,3949135
2019-12-12,1270.0,1282.8499755859375,1268.199951171875,1279.699951171875,3264836
2019-12-13,1287.949951171875,1308.0,1285.300048828125,1305.300048828125,3655956
2019-12-16,1314.449951171875,1318.0,1300.0,1303.0,3969819
2019-12-17,1309.199951171875,1325.0,1303.800048828125,1317.949951171875,3719446
2019-12-18,1324.75,1325.949951171875,1314.5999755859375,1319.3499755859375,2961222
2019-12-19,1316.75,1321.0,1307.0999755859375,1311.75,1936623
2019-12-20,1313.0,1327.9000244140625,1307.300048828125,1311.550048828125,3297390
2019-12-23,1307.9000244140625,1322.0,1305.0,1311.25,3394916
2019-12-24,1314.6500244140625,1319.0,1298.0,1301.0,1803814
2019-12-26,1299.6500244140625,1306.699951171875,1277.0,1279.300048828125,3723801
2019-12-27,1281.550048828125,1301.8499755859375,1280.1500244140625,1299.5999755859375,2459664
2019-12-30,1301.9000244140625,1307.199951171875,1296.5,1302.300048828125,2072838
2019-12-31,1300.0,1310.0,1291.1500244140625,1298.199951171875,3043254
2020-01-01,1308.4000244140625,1318.9000244140625,1303.0,1309.949951171875,3123998
2020-01-02,1312.0,1348.0,1311.0,1345.300048828125,4335359
2020-01-03,1344.949951171875,1344.949951171875,1330.1500244140625,1335.050048828125,2059871
2020-01-06,1331.0,1332.0,1314.0999755859375,1316.75,2646905
2020-01-07,1328.0,1339.5,1313.75,1320.5,2077893
2020-01-08,1302.0,1308.699951171875,1283.3499755859375,1291.550048828125,4147568
2020-01-09,1311.0,1319.9000244140625,1305.0999755859375,1316.1500244140625,2067779
2020-01-10,1319.0,1335.949951171875,1319.0,1324.5999755859375,2360798
2020-01-13,1329.0,1339.4000244140625,1328.699951171875,1334.699951171875,1825244
2020-01-14,1329.800048828125,1331.0,1315.0999755859375,1326.0999755859375,2046500
2020-01-15,1325.5999755859375,1336.1500244140625,1320.0,1323.5999755859375,2127677
2020-01-16,1327.699951171875,1332.9000244140625,1317.4000244140625,1319.300048828125,1773135
2020-01-17,1320.5999755859375,1325.949951171875,1302.0,1304.199951171875,2941837
2020-01-20,1313.949951171875,1319.9000244140625,1306.5,1309.5999755859375,2542477
2020-01-21,1304.75,1313.9000244140625,1300.449951171875,1302.3499755859375,1361576
2020-01-22,1311.0,1312.0,1292.0,1294.199951171875,2449753
2020-01-23,1307.0,1339.8499755859375,1306.0,1332.300048828125,10056067
2020-01-24,1332.0,1367.8499755859375,1332.0,1359.199951171875,5837319
2020-01-27,1340.0,1364.9000244140625,1340.0,1348.5999755859375,2510013
2020-01-28,1350.9000244140625,1355.0,1338.0,1346.6500244140625,2352852
2020-01-29,1353.0999755859375,1374.949951171875,1352.0999755859375,1365.699951171875,3678474
2020-01-30,1365.949951171875,1376.800048828125,1353.0,1370.199951171875,2743506
2020-01-31,1375.949951171875,1377.0,1360.449951171875,1369.300048828125,3939306
2020-02-03,1290.0,1303.9000244140625,1272.0,1286.6500244140625,5767353
2020-02-04,1296.0,1307.300048828125,1287.550048828125,1291.75,3604309
2020-02-05,1297.9000244140625,1325.0,1295.0,1310.050048828125,4220104
2020-02-06,1322.9000244140625,1325.0,1309.050048828125,1317.5999755859375,2354458
2020-02-07,1313.050048828125,1314.4000244140625,1296.0,1299.0,3053804
2020-02-10,1300.0,1302.449951171875,1273.0999755859375,1285.300048828125,3039992
2020-02-11,1292.0,1298.949951171875,1284.0,1286.9000244140625,2200796
2020-02-12,1289.0999755859375,1299.8499755859375,1280.0,1297.300048828125,2568696
2020-02-13,1299.0,1299.8499755859375,1285.0,1292.25,1545536
2020-02-14,1295.0,1304.949951171875,1290.5999755859375,1295.1500244140625,1780119
2020-02-17,1297.0,1297.8499755859375,1277.0,1280.199951171875,2155085
2020-02-18,1281.5,1289.800048828125,1266.449951171875,1286.3499755859375,2347917
2020-02-19,1298.0,1299.0,1276.5999755859375,1281.4000244140625,1820353
2020-02-20,1279.9000244140625,1288.9000244140625,1275.300048828125,1280.5999755859375,3034681
2020-02-24,1271.9000244140625,1271.9000244140625,1252.6500244140625,1259.699951171875,3414064
2020-02-25,1262.199951171875,1265.6500244140625,1240.1500244140625,1242.050048828125,3133077
2020-02-26,1235.0,1238.0,1206.0,1211.1500244140625,5721483
2020-02-27,1212.3499755859375,1216.949951171875,1200.0,1210.3499755859375,4003149
2020-02-28,1189.6500244140625,1196.449951171875,1162.0,1187.550048828125,6286647
2020-03-02,1205.0,1212.3499755859375,1150.550048828125,1160.9000244140625,3177486
2020-03-03,1166.0,1186.800048828125,1162.050048828125,1181.300048828125,3134527
2020-03-04,1185.0,1187.8499755859375,1158.0,1176.6500244140625,3135151
2020-03-05,1180.0999755859375,1187.25,1166.199951171875,1182.449951171875,2625152
2020-03-06,1148.0,1164.0,1130.8499755859375,1158.9000244140625,3956575
2020-03-09,1135.800048828125,1135.800048828125,1067.300048828125,1101.949951171875,8038295
2020-03-11,1090.0,1120.949951171875,1085.800048828125,1116.949951171875,5628125
2020-03-12,1070.0,1070.050048828125,1004.0999755859375,1016.5499877929688,9200130
2020-03-13,950.0,1060.449951171875,890.0,1051.449951171875,8117911
2020-03-16,1014.25,1042.0,961.9000244140625,968.7000122070312,6671806
2020-03-17,972.0,1005.0,940.1500244140625,956.75,4720207
2020-03-18,968.0,974.75,900.0,904.5499877929688,5586097
2020-03-19,873.9000244140625,884.0,837.7000122070312,843.0999755859375,7251950
2020-03-20,849.0,877.7999877929688,831.2999877929688,864.7000122070312,6130185
2020-03-23,809.0,809.9500122070312,706.0,724.0499877929688,7308612
2020-03-24,755.0,755.75,672.0,707.9000244140625,7110384
2020-03-25,697.2000122070312,775.0,661.0,765.75,16122446
2020-03-26,787.75,842.2999877929688,754.1500244140625,838.0,9028497
2020-03-27,867.9000244140625,890.0,812.0,837.0499877929688,6573448
2020-03-30,801.0,815.0,791.0,798.6500244140625,4474168
2020-03-31,820.0,823.0,791.2000122070312,808.5,8045468
2020-04-01,806.8499755859375,812.4000244140625,766.5499877929688,774.3499755859375,4104403
2020-04-03,791.0999755859375,791.0999755859375,762.7999877929688,774.6500244140625,4268480
2020-04-07,805.0,813.0,791.0,801.6500244140625,5768998
2020-04-08,804.0,832.0,797.7000122070312,807.0999755859375,6151091
2020-04-09,834.3499755859375,834.3499755859375,804.4000244140625,812.7999877929688,6410296
2020-04-13,812.7999877929688,872.4000244140625,807.9500122070312,865.4500122070312,9462711
2020-04-15,890.9500122070312,926.5999755859375,869.0,880.1500244140625,10435477
2020-04-16,875.9500122070312,919.7999877929688,870.1500244140625,911.6500244140625,6980512
2020-04-17,930.0,940.0,916.0,932.9000244140625,5827648
2020-04-20,940.7999877929688,943.0,911.0,915.5999755859375,4958362
2020-04-21,897.0,906.5999755859375,863.0,870.3499755859375,5122305
2020-04-22,873.0,885.5,850.0,852.5999755859375,6090168
2020-04-23,860.0,869.5,835.0,840.5999755859375,6321888
2020-04-24,838.0,869.0,834.1500244140625,851.2000122070312,7960368
2020-04-27,861.9500122070312,874.9000244140625,852.25,855.25,4224177
2020-04-28,863.7999877929688,867.7000122070312,852.0999755859375,857.1500244140625,3772704
2020-04-29,862.0,883.0499877929688,854.0,875.3499755859375,4837925
2020-04-30,890.2000122070312,916.7999877929688,884.0999755859375,897.5499877929688,6332497
2020-05-04,880.0,880.0,845.0,850.6500244140625,4678576
2020-05-05,861.0,869.7999877929688,835.0,836.9000244140625,4296433
2020-05-06,838.0,848.0,817.5999755859375,837.2999877929688,5081524
2020-05-07,833.0,836.0499877929688,820.0999755859375,822.8499755859375,3529134
2020-05-08,833.0,834.8499755859375,810.0,815.9500122070312,4394509
2020-05-11,821.2000122070312,827.5,816.3499755859375,821.5999755859375,2882920
2020-05-12,817.0,819.25,804.0,814.7999877929688,3024381
2020-05-13,863.7000122070312,871.9500122070312,850.5,862.9000244140625,8625444
2020-05-14,858.9000244140625,879.5999755859375,841.5,871.6500244140625,6778584
2020-05-15,881.9500122070312,885.0,854.0,864.4000244140625,5653901
2020-05-18,869.9000244140625,870.0,810.0,813.3499755859375,6211249
2020-05-19,827.0999755859375,833.7999877929688,791.7000122070312,796.3499755859375,5533176
2020-05-20,800.0,841.0,800.0,835.0,5949898
2020-05-21,835.9500122070312,845.0,818.0999755859375,820.5,4701930
2020-05-22,815.0,826.5,810.0999755859375,815.7000122070312,4607479
2020-05-26,821.9000244140625,842.7000122070312,821.0,825.5499877929688,4335209
2020-05-27,831.9500122070312,857.2000122070312,827.0,850.8499755859375,5159287
2020-05-28,855.0,912.0,855.0,905.5,11481079
2020-05-29,893.2000122070312,937.5,891.0,932.25,10166556
2020-06-01,944.6500244140625,974.1500244140625,924.0,928.1500244140625,7617144
2020-06-02,935.0,953.0,913.0499877929688,945.4500122070312,7325471
2020-06-03,955.9500122070312,972.8499755859375,955.0,961.2999877929688,4651554
2020-06-04,961.0499877929688,968.0,928.5999755859375,930.7000122070312,5355931
2020-06-05,940.0,959.9000244140625,936.5999755859375,955.25,6071040
2020-06-08,979.5,995.0,949.0,961.3499755859375,9858804
2020-06-09,964.5,970.25,949.7000122070312,953.2999877929688,5117749
2020-06-10,957.0,959.5,935.7000122070312,946.5499877929688,5175923
2020-06-11,944.0,952.0,928.2000122070312,930.4500122070312,3602957
2020-06-12,890.0,929.9000244140625,890.0,926.4000244140625,5411314
2020-06-15,921.7999877929688,929.4500122070312,894.0999755859375,899.9000244140625,4982324
2020-06-16,920.0,924.7000122070312,891.1500244140625,895.0499877929688,4661460
2020-06-17,892.7000122070312,899.75,881.0999755859375,884.7999877929688,4681085
2020-06-18,876.0,900.0,874.0,896.6500244140625,5869802
2020-06-19,902.0,915.9000244140625,895.0999755859375,898.2000122070312,5409996
2020-06-22,905.0,916.0,896.0,907.4500122070312,6839642
2020-06-23,910.0,970.0,909.0,967.5999755859375,14580218
2020-06-24,979.0,989.9000244140625,952.0,955.5499877929688,11985132
2020-06-25,949.9000244140625,964.7999877929688,936.25,943.0999755859375,7508087
2020-06-26,955.0,976.0999755859375,940.5,962.2000122070312,6554103
2020-06-29,950.0,956.0999755859375,930.0,936.5999755859375,4575801
2020-06-30,948.7000122070312,952.1500244140625,931.4000244140625,943.6500244140625,3656480
2020-07-01,941.0,941.0,917.0,924.2999877929688,6426017
2020-07-02,936.0,950.7000122070312,926.0,941.2999877929688,6542705
2020-07-03,948.0,955.4000244140625,941.5999755859375,944.25,3928063
2020-07-06,953.0999755859375,959.5,946.6500244140625,951.2000122070312,3900219
2020-07-07,955.0,961.9000244140625,940.0,943.5999755859375,4051767
2020-07-08,944.9500122070312,964.4000244140625,938.0,941.25,5227021
2020-07-09,945.0,952.0,940.0,944.9500122070312,3777760
2020-07-10,940.0,952.0,930.5499877929688,932.1500244140625,4537688
2020-07-13,940.0,944.7999877929688,925.0,928.1500244140625,3821300
2020-07-14,928.0,934.9500122070312,905.8499755859375,912.9000244140625,3646237
2020-07-15,918.0499877929688,925.0,909.2999877929688,912.2000122070312,3229770
2020-07-16,913.0,924.0,898.4500122070312,921.1500244140625,3134451
2020-07-17,922.0999755859375,929.9500122070312,918.0,925.5499877929688,2040517
2020-07-20,929.0,931.9000244140625,915.0,919.5999755859375,3035845
2020-07-21,927.0,942.2999877929688,920.5999755859375,938.0499877929688,4756570
2020-07-22,939.2000122070312,941.0,910.0,920.9000244140625,4977432
2020-07-23,912.0,937.9500122070312,911.3499755859375,916.5499877929688,9075059
2020-07-24,914.4000244140625,914.5,898.0499877929688,904.4000244140625,6059379
2020-07-27,908.0,915.0,896.2999877929688,903.7999877929688,3615970
2020-07-28,908.7999877929688,917.0,899.0,913.5,3793721
2020-07-29,919.5999755859375,940.8499755859375,917.25,921.9500122070312,7245021
2020-07-30,929.0,932.7000122070312,904.2000122070312,908.25,3364408
2020-07-31,913.9000244140625,922.9000244140625,907.0499877929688,913.4500122070312,2943858
2020-08-03,913.0,919.75,903.5499877929688,915.9000244140625,3583167
2020-08-04,918.0,930.0,916.5999755859375,924.25,3860346
2020-08-05,923.9500122070312,934.5,920.7999877929688,925.75,3007723
2020-08-06,926.0499877929688,933.7000122070312,920.25,922.1500244140625,2188023
2020-08-07,922.5499877929688,926.8499755859375,914.0999755859375,915.6500244140625,2461109
2020-08-10,925.0,970.0,925.0,960.0499877929688,11861641
2020-08-11,969.5999755859375,979.7000122070312,957.0999755859375,961.9000244140625,5427516
2020-08-12,952.0,956.0,945.0,949.75,3672458
2020-08-13,957.0,993.6500244140625,951.5499877929688,990.7000122070312,8816193
2020-08-14,999.9500122070312,1017.0,973.4000244140625,982.7999877929688,13443785
2020-08-17,1002.0,1007.0,987.7000122070312,1000.7999877929688,4735094
2020-08-18,1005.9500122070312,1008.0,995.4000244140625,1004.5499877929688,4362050
2020-08-19,1017.25,1024.949951171875,1005.4000244140625,1009.0999755859375,4914223
2020-08-20,986.0,1005.0,981.0,995.75,4791040
2020-08-21,1010.0,1010.0,992.0,994.1500244140625,2806380
2020-08-24,996.0,1001.4000244140625,990.0,991.3499755859375,2026255
2020-08-25,993.0,999.9000244140625,977.7999877929688,980.4000244140625,2914757
2020-08-26,987.0,988.0,965.0,968.9500122070312,4482066
2020-08-27,975.25,980.0,965.2999877929688,975.5999755859375,4466609
2020-08-28,988.0,1004.7000122070312,978.2000122070312,981.8499755859375,7821191
2020-08-31,988.0999755859375,995.4000244140625,940.4000244140625,944.9500122070312,8489726
2020-09-01,964.9500122070312,966.0,943.2999877929688,955.2000122070312,5099949
2020-09-02,956.4500122070312,959.7999877929688,948.0,955.5499877929688,2107714
2020-09-03,960.0,971.0,953.2999877929688,961.1500244140625,3278899
2020-09-04,948.0,956.1500244140625,940.0,942.5,3130721
2020-09-07,947.1500244140625,950.75,916.25,932.1500244140625,3470806
2020-09-08,936.0,936.0,912.9500122070312,916.7000122070312,3738931
2020-09-09,907.5499877929688,928.0,901.0,909.5,5656245
2020-09-10,917.7000122070312,923.0,912.0,920.9500122070312,2948599
2020-09-11,920.0,921.5499877929688,912.0,917.4000244140625,2632298
2020-09-14,922.4000244140625,923.3499755859375,901.0,902.0999755859375,5006356
2020-09-15,910.0,915.2000122070312,900.0,909.9500122070312,4488829
2020-09-16,915.0,924.0,911.3499755859375,921.7999877929688,3596197
2020-09-17,915.0,917.9500122070312,905.0499877929688,906.2999877929688,4512652
2020-09-18,911.2000122070312,914.0999755859375,897.0,900.7000122070312,7496145
2020-09-21,901.0,903.7999877929688,874.2999877929688,881.8499755859375,4597697
2020-09-22,887.9500122070312,887.9500122070312,852.0,856.5,5089087
2020-09-23,866.2000122070312,873.7000122070312,854.5499877929688,860.5999755859375,3709291
2020-09-24,856.0,859.9000244140625,843.0,850.7000122070312,11609426
2020-09-25,860.0999755859375,895.4000244140625,852.0,889.25,4961967
2020-09-28,898.0,917.5,893.0,902.8499755859375,3853608
2020-09-29,909.9500122070312,912.8499755859375,892.4000244140625,895.4500122070312,3362381
2020-09-30,897.7999877929688,904.5,884.0999755859375,901.5999755859375,3582787
2020-10-01,909.9500122070312,913.5999755859375,900.7000122070312,902.7999877929688,2506154
2020-10-05,907.9500122070312,908.5499877929688,895.0499877929688,896.9500122070312,2788003
2020-10-06,901.0499877929688,904.5499877929688,888.25,892.5999755859375,3497325
2020-10-07,895.0,895.0,876.0499877929688,887.9000244140625,5073845
2020-10-08,890.2999877929688,894.0,879.0499877929688,881.0499877929688,3918217
2020-10-09,887.4000244140625,914.9500122070312,885.5999755859375,908.4500122070312,9668150
2020-10-12,916.9500122070312,925.75,902.0499877929688,905.75,6188905
2020-10-13,907.9500122070312,915.7000122070312,888.8499755859375,896.4500122070312,4548652
2020-10-14,897.0,917.0,887.2000122070312,915.2000122070312,5286914
2020-10-15,913.0,919.0,885.4000244140625,888.7999877929688,4927777
2020-10-16,894.0,903.5,889.5,894.0999755859375,2373435
2020-10-19,899.0,906.0,884.0,902.9000244140625,5800391
2020-10-20,919.0,935.5,913.0,917.2999877929688,13188572
2020-10-21,924.9500122070312,931.0,908.6500244140625,924.4500122070312,6390783
2020-10-22,922.0,939.0,920.1500244140625,936.2999877929688,6151367
2020-10-23,940.0,948.5,928.0,941.25,5102184
2020-10-26,949.8499755859375,959.25,943.0,951.75,6975809
2020-10-27,960.0,986.0,955.1500244140625,981.9500122070312,9638520
2020-10-28,989.9500122070312,994.6500244140625,974.2000122070312,982.8499755859375,7369181
2020-10-29,951.0999755859375,958.7999877929688,926.0,934.5,11852038
2020-10-30,941.0,946.7999877929688,924.2000122070312,929.5,4797473
2020-11-02,930.0,937.9500122070312,920.6500244140625,929.2999877929688,3682174
2020-11-03,944.9000244140625,952.9000244140625,932.5,947.75,4049112
2020-11-04,934.25,950.6500244140625,930.0,939.8499755859375,3369408
2020-11-05,952.0,959.7999877929688,944.2999877929688,958.0999755859375,2889134
2020-11-06,959.0,967.5,950.0999755859375,960.75,3419233
2020-11-09,971.0,974.5999755859375,962.4000244140625,965.8499755859375,3040456
2020-11-10,975.0,1036.9000244140625,971.5999755859375,1033.699951171875,12149416
2020-11-11,1040.0,1062.800048828125,1021.25,1059.449951171875,10254627
2020-11-12,1054.9000244140625,1075.8499755859375,1052.449951171875,1073.199951171875,6743163
2020-11-13,1065.050048828125,1068.1500244140625,1038.0999755859375,1051.5,5025096
2020-11-14,1060.050048828125,1067.800048828125,1054.0,1059.199951171875,911852
2020-11-17,1063.0,1096.8499755859375,1061.050048828125,1080.9000244140625,7611327
2020-11-18,1080.9000244140625,1154.25,1079.1500244140625,1148.1500244140625,13436421
2020-11-19,1125.050048828125,1177.0,1107.699951171875,1134.25,10841151
2020-11-20,1140.0,1161.0,1118.5,1132.300048828125,7009257
2020-11-23,1138.800048828125,1147.8499755859375,1122.8499755859375,1125.8499755859375,4998877
2020-11-24,1135.0,1144.0,1128.300048828125,1135.5,4623887
2020-11-25,1141.5,1147.800048828125,1112.449951171875,1116.0,4651911
2020-11-26,1130.0,1134.949951171875,1101.550048828125,1118.8499755859375,7360928
2020-11-27,1129.0,1139.800048828125,1092.0,1122.4000244140625,18995549
2020-12-01,1140.0,1140.0,1111.199951171875,1115.949951171875,3551604
2020-12-02,1120.050048828125,1132.050048828125,1104.0999755859375,1113.75,4434968
2020-12-03,1135.0,1137.449951171875,1120.300048828125,1125.1500244140625,4087608
2020-12-04,1130.0,1162.0,1128.75,1149.5,6542918
2020-12-07,1154.800048828125,1171.9000244140625,1144.0,1169.699951171875,5484461
2020-12-08,1174.949951171875,1182.5,1148.050048828125,1171.4000244140625,4982626
2020-12-09,1178.0,1185.0,1166.3499755859375,1181.0,4304573
2020-12-10,1182.0,1193.75,1170.050048828125,1190.3499755859375,4921373
2020-12-11,1188.0,1216.800048828125,1182.0,1194.300048828125,6689415
2020-12-14,1198.0999755859375,1263.9000244140625,1198.0999755859375,1249.6500244140625,9723233
2020-12-15,1250.0,1252.0,1216.0999755859375,1246.25,6953407
2020-12-16,1256.25,1278.0,1247.050048828125,1268.25,5729223
2020-12-17,1270.0,1284.0,1254.050048828125,1278.800048828125,5345257
2020-12-18,1283.949951171875,1301.0,1270.0,1281.550048828125,10315248
2020-12-21,1276.25,1338.5,1154.0,1234.8499755859375,21153346
2020-12-22,1235.25,1268.0,1213.550048828125,1262.699951171875,7998730
2020-12-23,1268.0,1271.300048828125,1248.3499755859375,1264.800048828125,4057070
2020-12-24,1275.0,1281.0,1253.5,1262.199951171875,3277840
2020-12-28,1275.0,1291.0,1266.5,1289.4000244140625,3405825
2020-12-29,1294.949951171875,1295.050048828125,1267.699951171875,1284.8499755859375,3778319
2020-12-30,1288.199951171875,1296.3499755859375,1271.0,1292.050048828125,2866392
2020-12-31,1293.0,1304.0,1282.0,1287.5999755859375,3889877
2021-01-01,1283.0,1299.949951171875,1283.0,1297.0,2058419
2021-01-04,1305.0,1322.550048828125,1302.0,1314.5999755859375,4014636
2021-01-05,1307.0,1313.0,1295.050048828125,1306.300048828125,2833637
2021-01-06,1308.0,1330.0,1300.0,1314.0,4615963
2021-01-07,1330.0,1346.800048828125,1325.0,1338.949951171875,4270598
2021-01-08,1349.800048828125,1382.949951171875,1347.0,1373.4000244140625,4984995
2021-01-11,1382.0,1384.949951171875,1345.0,1350.0,3252470
2021-01-12,1354.0,1366.8499755859375,1344.050048828125,1349.800048828125,2836161
2021-01-13,1354.0,1373.0,1344.300048828125,1352.5,4389762
2021-01-14,1358.0,1389.699951171875,1356.25,1376.5999755859375,5168591
2021-01-15,1376.699951171875,1384.5,1345.050048828125,1354.1500244140625,2587576
2021-01-18,1345.199951171875,1353.8499755859375,1326.1500244140625,1336.050048828125,3185998
2021-01-19,1340.050048828125,1382.0,1337.0,1369.8499755859375,3885798
2021-01-20,1369.0,1393.050048828125,1362.550048828125,1382.6500244140625,3957992
2021-01-21,1395.0,1396.0,1361.050048828125,1371.300048828125,2985423
2021-01-22,1362.0,1375.0,1348.5,1362.0999755859375,3282665
2021-01-25,1370.0,1396.4000244140625,1342.0,1361.300048828125,4847989
2021-01-27,1368.800048828125,1392.699951171875,1330.0999755859375,1359.8499755859375,8896211
2021-01-28,1344.699951171875,1365.0999755859375,1340.0,1345.3499755859375,2962948
2021-01-29,1362.0,1369.0,1325.0999755859375,1334.699951171875,5130876
2021-02-01,1345.75,1462.0,1337.199951171875,1448.8499755859375,11317043
2021-02-02,1474.0,1593.0,1474.0,1520.199951171875,14349665
2021-02-03,1530.0,1558.0,1505.0,1528.550048828125,6197782
2021-02-04,1525.0,1550.0,1510.0,1529.800048828125,3957579
2021-02-05,1534.4000244140625,1547.0,1511.0999755859375,1516.5,3270494
2021-02-08,1521.1500244140625,1570.0,1520.0,1551.800048828125,5223019
2021-02-09,1557.0,1574.5,1545.0,1566.449951171875,3825206
2021-02-10,1560.0,1564.0,1528.699951171875,1552.8499755859375,2578777
2021-02-11,1549.4000244140625,1559.9000244140625,1526.550048828125,1530.5,2720190
2021-02-12,1535.0,1544.0,1516.0999755859375,1521.3499755859375,1867284
2021-02-15,1527.0,1544.0,1521.3499755859375,1537.6500244140625,1917477
2021-02-16,1540.0,1574.0,1539.0,1549.449951171875,3838556
2021-02-17,1544.0,1567.0,1533.0,1548.3499755859375,2340184
2021-02-18,1542.199951171875,1551.199951171875,1515.1500244140625,1524.5999755859375,2446843
2021-02-19,1523.8499755859375,1547.0,1498.8499755859375,1508.800048828125,3044240
2021-02-22,1510.9000244140625,1511.949951171875,1447.0999755859375,1452.199951171875,6168108
2021-02-23,1462.0,1498.0,1460.0,1486.300048828125,3733776
2021-02-24,1486.699951171875,1532.0,1486.699951171875,1526.5999755859375,2380414
2021-02-25,1534.0,1540.5999755859375,1502.0,1506.449951171875,3168105
2021-02-26,1482.0,1493.5,1435.1500244140625,1442.5,5579058
2021-03-01,1456.0,1486.0,1438.199951171875,1472.8499755859375,2494481
2021-03-02,1479.300048828125,1489.6500244140625,1458.1500244140625,1485.6500244140625,2089473
2021-03-03,1493.5,1510.0,1481.3499755859375,1496.9000244140625,2184001
2021-03-04,1473.0,1494.3499755859375,1458.0,1462.5999755859375,3530366
2021-03-05,1453.5999755859375,1477.199951171875,1439.0999755859375,1463.550048828125,3306902
2021-03-08,1478.0,1525.0,1470.0,1515.199951171875,4150049
2021-03-09,1525.0,1532.300048828125,1491.800048828125,1508.300048828125,3779948
2021-03-10,1523.0,1534.75,1507.5,1524.199951171875,2210547
2021-03-12,1526.300048828125,1565.0,1503.1500244140625,1514.0,4885349
2021-03-15,1520.0,1528.0999755859375,1463.300048828125,1483.75,3181450
2021-03-16,1488.300048828125,1497.0,1457.0,1461.800048828125,3233903
2021-03-17,1476.0,1492.949951171875,1431.75,1437.6500244140625,5178384
2021-03-18,1455.550048828125,1469.699951171875,1420.0,1428.0999755859375,3381940
2021-03-19,1415.0,1421.8499755859375,1378.5999755859375,1411.25,9920812
2021-03-22,1409.0,1417.4000244140625,1392.25,1400.050048828125,2964175
2021-03-23,1401.9000244140625,1416.5,1398.0999755859375,1404.3499755859375,2564844
2021-03-24,1400.0,1407.0,1360.050048828125,1369.1500244140625,4237815
2021-03-25,1361.0,1389.0,1361.0,1371.0999755859375,3894604
2021-03-26,1386.300048828125,1408.0,1382.0,1398.300048828125,3093766
2021-03-30,1408.0,1428.199951171875,1395.550048828125,1423.550048828125,2801282
2021-03-31,1423.5999755859375,1431.5999755859375,1410.4000244140625,1418.9000244140625,2400871
2021-04-01,1432.0,1447.8499755859375,1420.5,1444.5999755859375,1380763
2021-04-05,1439.0,1439.0,1381.4000244140625,1403.800048828125,2548649
2021-04-06,1405.9000244140625,1416.300048828125,1393.300048828125,1401.0,1824079
2021-04-07,1402.0,1417.199951171875,1389.25,1404.1500244140625,1841308
2021-04-08,1410.0,1434.800048828125,1410.0,1419.1500244140625,1644834
2021-04-09,1414.0,1417.0,1397.0999755859375,1404.0999755859375,2015002
2021-04-12,1393.949951171875,1393.949951171875,1332.0,1345.1500244140625,3755497
2021-04-13,1347.25,1382.0,1347.25,1373.699951171875,2063654
2021-04-15,1378.949951171875,1391.0999755859375,1358.0999755859375,1374.6500244140625,2625838
2021-04-16,1360.5,1393.300048828125,1355.300048828125,1359.1500244140625,3752588
2021-04-19,1340.0,1346.199951171875,1306.0,1310.449951171875,4157065
2021-04-20,1320.0,1339.449951171875,1317.699951171875,1331.5,2989204
2021-04-22,1310.0,1339.5,1307.25,1336.800048828125,2398100
2021-04-23,1330.0,1344.6500244140625,1314.449951171875,1322.9000244140625,2062964
2021-04-26,1330.050048828125,1341.199951171875,1323.0,1335.9000244140625,1431562
2021-04-27,1339.0,1388.449951171875,1335.9000244140625,1380.6500244140625,4303909
2021-04-28,1384.8499755859375,1399.949951171875,1372.5,1375.9000244140625,3220346
2021-04-29,1383.949951171875,1389.550048828125,1353.5,1358.6500244140625,2221346
2021-04-30,1350.0,1365.0,1336.0999755859375,1340.449951171875,1968093
2021-05-03,1325.5,1351.300048828125,1319.1500244140625,1342.5,1653245
2021-05-04,1350.0,1350.9000244140625,1331.0,1337.5999755859375,2029558
2021-05-05,1342.199951171875,1346.75,1324.0,1338.6500244140625,1813150
2021-05-06,1344.0,1356.550048828125,1335.75,1339.9000244140625,2333882
2021-05-07,1347.0,1359.9000244140625,1339.0,1342.699951171875,2362325
2021-05-10,1347.0,1398.8499755859375,1347.0,1395.0,3929224
2021-05-11,1380.0,1399.9000244140625,1376.0999755859375,1383.5999755859375,1975828
2021-05-12,1380.0,1425.0,1377.0,1385.300048828125,4283174
2021-05-14,1394.0,1423.9000244140625,1374.050048828125,1415.5,4558155
2021-05-17,1433.0,1441.0,1368.199951171875,1386.75,9620003
2021-05-18,1405.0,1422.0,1397.0,1417.300048828125,3312380
2021-05-19,1414.0,1435.0,1400.0,1403.449951171875,3215258
2021-05-20,1410.800048828125,1426.949951171875,1401.6500244140625,1409.75,1996254
2021-05-21,1415.0,1424.699951171875,1407.0999755859375,1418.050048828125,2185322
2021-05-24,1420.0,1458.0,1410.0,1443.25,5035538
2021-05-25,1460.0,1461.949951171875,1442.0999755859375,1450.949951171875,2892219
2021-05-26,1458.9000244140625,1476.5999755859375,1452.800048828125,1472.9000244140625,3230579
2021-05-27,1475.949951171875,1485.0,1461.75,1482.8499755859375,3747221
2021-05-28,1487.0999755859375,1499.6500244140625,1473.9000244140625,1478.0999755859375,2315923
2021-05-31,1472.300048828125,1476.0,1457.550048828125,1467.699951171875,2405318
2021-06-01,1465.949951171875,1492.5,1463.0,1474.6500244140625,2077742
2021-06-02,1468.300048828125,1474.5999755859375,1455.050048828125,1471.050048828125,2469417
2021-06-03,1480.0999755859375,1515.0,1473.199951171875,1510.8499755859375,3025466
2021-06-04,1518.949951171875,1547.25,1516.9000244140625,1537.550048828125,5677538
2021-06-07,1545.449951171875,1569.5,1540.75,1557.800048828125,3131245
2021-06-08,1561.0,1583.0,1546.050048828125,1549.1500244140625,3945382
2021-06-09,1550.0,1555.0,1513.300048828125,1519.300048828125,3025732
2021-06-10,1525.0,1534.0,1515.0,1519.699951171875,1584311
2021-06-11,1521.0,1527.1500244140625,1498.6500244140625,1503.449951171875,1909384
2021-06-14,1503.449951171875,1519.5,1478.0,1515.75,2005404
2021-06-15,1520.0,1523.699951171875,1505.8499755859375,1510.800048828125,1831871
2021-06-16,1505.8499755859375,1516.0,1488.0,1490.9000244140625,1504791
2021-06-17,1481.0,1499.8499755859375,1480.25,1487.550048828125,1675778
2021-06-18,1487.550048828125,1490.949951171875,1460.0999755859375,1476.0,4649835
2021-06-21,1460.0,1469.4000244140625,1447.25,1467.050048828125,1970012
2021-06-22,1470.0999755859375,1504.800048828125,1469.550048828125,1499.199951171875,3862264
2021-06-23,1505.0,1507.0,1476.0999755859375,1479.25,1818874
2021-06-24,1490.0,1513.199951171875,1482.0,1504.050048828125,2762042
2021-06-25,1510.5,1529.300048828125,1507.5,1523.8499755859375,2099002
2021-06-28,1526.0,1527.949951171875,1510.3499755859375,1514.449951171875,1173658
2021-06-29,1513.0,1529.800048828125,1503.9000244140625,1510.9000244140625,2174022
2021-06-30,1516.0,1523.4000244140625,1495.5,1500.550048828125,2139362
2021-07-01,1497.0999755859375,1503.0,1480.1500244140625,1492.300048828125,2060651
2021-07-02,1500.0,1500.6500244140625,1475.5,1485.6500244140625,1814564
2021-07-05,1490.0,1514.0,1488.0,1507.949951171875,1605396
2021-07-06,1506.0,1519.0,1500.0,1505.5,1072506
2021-07-07,1495.0,1519.699951171875,1495.0,1516.449951171875,1096808
2021-07-08,1503.0,1524.0,1497.0,1500.699951171875,1456033
2021-07-09,1497.9000244140625,1502.8499755859375,1485.5,1499.5999755859375,1248405
2021-07-12,1504.4000244140625,1516.0,1491.5999755859375,1500.75,865284
2021-07-13,1515.0,1515.0,1501.3499755859375,1513.5999755859375,995833
2021-07-14,1513.550048828125,1549.9000244140625,1508.0,1544.699951171875,4010254
2021-07-15,1550.0,1625.0,1549.949951171875,1609.3499755859375,9066480
2021-07-16,1609.3499755859375,1622.800048828125,1595.0999755859375,1618.75,4157388
2021-07-19,1600.0,1639.4000244140625,1597.5999755859375,1609.5999755859375,3027093
2021-07-20,1609.8499755859375,1622.6500244140625,1582.0,1590.3499755859375,1847026
2021-07-22,1610.0,1647.1500244140625,1591.550048828125,1642.1500244140625,3231269
2021-07-23,1644.0,1645.949951171875,1606.8499755859375,1611.75,2259058
2021-07-26,1611.75,1627.300048828125,1592.800048828125,1597.5999755859375,2219416
2021-07-27,1610.1500244140625,1619.0,1584.25,1608.25,3984778
2021-07-28,1592.449951171875,1601.300048828125,1553.0,1594.199951171875,4119892
2021-07-29,1594.0,1607.3499755859375,1586.0,1596.0,1672177
2021-07-30,1598.0,1624.9000244140625,1585.0,1601.449951171875,2536568
2021-08-02,1606.300048828125,1618.0,1602.050048828125,1613.949951171875,1083353
2021-08-03,1625.0,1638.699951171875,1610.300048828125,1634.3499755859375,1777140
2021-08-04,1640.0,1644.300048828125,1613.5999755859375,1623.199951171875,2067087
2021-08-05,1620.0,1632.8499755859375,1608.800048828125,1627.4000244140625,1831728
2021-08-06,1627.0,1639.0,1608.300048828125,1610.3499755859375,1192143
2021-08-09,1620.0,1624.0,1590.0,1597.449951171875,1223794
2021-08-10,1606.0,1609.9000244140625,1572.0,1588.449951171875,1429931
2021-08-11,1590.199951171875,1597.9000244140625,1562.75,1583.300048828125,1370930
2021-08-12,1590.0,1627.0,1582.0,1623.449951171875,1645811
2021-08-13,1626.0,1676.800048828125,1625.0,1668.4000244140625,5439442
2021-08-16,1674.0,1677.050048828125,1653.3499755859375,1656.0999755859375,1794407
2021-08-17,1658.0,1665.0,1625.050048828125,1638.75,1838525
2021-08-18,1647.0,1661.0999755859375,1627.0999755859375,1632.8499755859375,1570228
2021-08-20,1618.9000244140625,1623.0,1590.0,1593.5999755859375,2416059
2021-08-23,1600.0999755859375,1619.0,1567.9000244140625,1580.75,1973841
2021-08-24,1590.0,1613.3499755859375,1582.800048828125,1605.800048828125,1580003
2021-08-25,1614.949951171875,1626.0,1590.0,1593.800048828125,1795313
2021-08-26,1593.800048828125,1602.949951171875,1585.0,1595.75,2051262
2021-08-27,1604.0,1666.699951171875,1598.050048828125,1638.0999755859375,4903187
2021-08-30,1646.699951171875,1684.949951171875,1645.0999755859375,1660.0999755859375,3345934
2021-08-31,1660.050048828125,1676.0,1645.0,1672.199951171875,3264644
2021-09-01,1672.25,1718.0,1672.199951171875,1686.4000244140625,3530101
2021-09-02,1687.9000244140625,1710.0,1682.0,1686.199951171875,2400278
2021-09-03,1697.0,1704.300048828125,1672.0999755859375,1691.5,2336258
2021-09-06,1700.0,1716.0,1690.199951171875,1694.199951171875,1850835
2021-09-07,1694.199951171875,1705.0,1679.449951171875,1681.699951171875,1734879
2021-09-08,1682.0,1694.699951171875,1658.0,1666.550048828125,1644392
2021-09-09,1655.199951171875,1680.5999755859375,1655.199951171875,1670.050048828125,1225239
2021-09-13,1662.050048828125,1675.6500244140625,1660.5,1671.699951171875,1578773
2021-09-14,1676.0,1698.800048828125,1675.4000244140625,1696.449951171875,1407269
2021-09-15,1700.0,1724.5999755859375,1697.0,1717.0,2757989
2021-09-16,1709.5999755859375,1728.5,1709.25,1721.25,2128381
2021-09-17,1724.0,1741.699951171875,1706.0999755859375,1716.199951171875,3473932
2021-09-20,1700.199951171875,1735.0,1699.949951171875,1704.3499755859375,1820374
2021-09-21,1698.5999755859375,1730.75,1692.4000244140625,1720.9000244140625,2029747
2021-09-22,1720.9000244140625,1730.0,1706.0,1710.9000244140625,1487933
2021-09-23,1718.300048828125,1775.0,1715.050048828125,1769.699951171875,3702946
2021-09-24,1780.0,1810.0,1750.0,1768.75,3612494
2021-09-27,1772.0,1782.75,1737.0,1739.5999755859375,1650711
2021-09-28,1745.300048828125,1759.050048828125,1719.0,1737.1500244140625,1442615
2021-09-29,1732.0,1742.0,1716.5999755859375,1721.0,1698747
2021-09-30,1719.949951171875,1734.25,1697.0,1702.949951171875,1792078
2021-10-01,1697.5,1712.5,1687.5,1696.9000244140625,1563937
2021-10-04,1696.5,1723.949951171875,1684.050048828125,1715.25,1588493
2021-10-05,1714.5,1740.0,1706.0,1716.699951171875,1705242
2021-10-06,1716.699951171875,1735.9000244140625,1690.0,1695.050048828125,1845661
2021-10-07,1710.0,1729.300048828125,1700.0,1712.449951171875,1378863
2021-10-08,1740.0,1741.0,1720.0,1726.9000244140625,1755402
2021-10-11,1733.75,1746.8499755859375,1715.0,1716.9000244140625,1528151
2021-10-12,1710.5,1725.550048828125,1700.0,1718.199951171875,1671988
2021-10-13,1727.0,1763.9000244140625,1724.050048828125,1752.050048828125,2105025
2021-10-14,1775.0,1817.9000244140625,1767.449951171875,1789.300048828125,4440909
2021-10-18,1807.1500244140625,1810.5,1782.0,1788.449951171875,1918546
2021-10-19,1809.800048828125,1885.0,1802.050048828125,1846.050048828125,6639827
2021-10-20,1855.0,1868.6500244140625,1796.300048828125,1806.699951171875,3295376
2021-10-21,1815.0,1826.5,1791.050048828125,1805.75,2774633
2021-10-22,1816.0,1831.5,1781.3499755859375,1792.25,1520637
2021-10-25,1792.25,1812.800048828125,1760.3499755859375,1784.1500244140625,2488386
2021-10-26,1785.0,1811.9000244140625,1781.550048828125,1796.25,1930107
2021-10-27,1801.0,1814.0,1775.0999755859375,1784.550048828125,1408879
2021-10-28,1799.550048828125,1862.0,1791.0,1814.25,6379424
2021-10-29,1822.0,1824.9000244140625,1735.800048828125,1766.6500244140625,3984689
2021-11-01,1776.0,1805.0,1751.199951171875,1795.3499755859375,2316925
2021-11-02,1800.0,1824.449951171875,1795.4000244140625,1815.6500244140625,1687119
2021-11-03,1818.0,1915.0,1818.0,1889.5,11580233
2021-11-04,1900.0,1920.8499755859375,1900.0,1908.949951171875,764191
2021-11-08,1944.550048828125,1953.9000244140625,1912.199951171875,1924.550048828125,3674523
2021-11-09,1933.5,1964.0999755859375,1930.300048828125,1943.5999755859375,3550645
2021-11-10,1932.699951171875,1954.0,1932.0,1950.1500244140625,3208195
2021-11-11,1947.8499755859375,1981.75,1925.6500244140625,1931.699951171875,7061537
2021-11-12,1940.0,1965.0,1928.0999755859375,1959.949951171875,2026320
2021-11-15,1961.25,1974.5,1943.0,1947.050048828125,1127678
2021-11-16,1950.0,1979.949951171875,1944.0,1955.300048828125,2279531
2021-11-17,1949.0,1978.9000244140625,1943.550048828125,1952.9000244140625,2166686
2021-11-18,1952.9000244140625,1954.0,1893.0,1897.0,1883794
2021-11-22,1898.25,1900.0,1837.8499755859375,1864.5,2407464
2021-11-23,1850.0,1895.5999755859375,1844.5,1886.3499755859375,2028470
2021-11-24,1894.0,1902.4000244140625,1845.949951171875,1862.5,1361828
2021-11-25,1855.0,1866.8499755859375,1838.199951171875,1849.9000244140625,1930012
2021-11-26,1820.0,1841.75,1768.5999755859375,1778.1500244140625,2796595
2021-11-29,1778.0,1790.050048828125,1735.1500244140625,1767.25,2111420
2021-11-30,1767.25,1798.9000244140625,1751.300048828125,1764.75,3385628
2021-12-01,1764.0,1794.0,1762.050048828125,1786.0,1359786
2021-12-02,1785.949951171875,1794.0,1763.0,1789.199951171875,2813690
2021-12-03,1799.949951171875,1844.800048828125,1796.550048828125,1801.25,3612772
2021-12-06,1799.0,1821.0,1778.0,1782.6500244140625,1566109
2021-12-07,1790.199951171875,1810.0,1772.0999755859375,1798.0999755859375,2097201
2021-12-08,1802.0,1841.0,1802.0,1825.050048828125,3433206
2021-12-09,1835.0,1884.1500244140625,1827.949951171875,1879.800048828125,3791595
2021-12-10,1879.800048828125,1890.8499755859375,1861.050048828125,1873.4000244140625,1771926
2021-12-13,1893.699951171875,1896.25,1855.050048828125,1861.5,1857829
2021-12-14,1850.0,1874.0,1846.199951171875,1865.699951171875,1685243
2021-12-15,1866.0,1898.75,1863.6500244140625,1880.800048828125,2176709
2021-12-16,1892.0,1908.0,1866.300048828125,1873.9000244140625,2469902
2021-12-17,1866.5,1874.699951171875,1831.699951171875,1847.0999755859375,2352938
2021-12-20,1821.0,1829.6500244140625,1771.5,1799.3499755859375,2488158
2021-12-21,1817.9000244140625,1852.199951171875,1812.5,1827.550048828125,2077840
2021-12-22,1827.550048828125,1879.550048828125,1827.550048828125,1871.0,1692505
2021-12-23,1883.0,1887.8499755859375,1862.0999755859375,1878.449951171875,1677127
2021-12-24,1888.75,1888.75,1850.0,1859.4000244140625,1203991
2021-12-27,1859.4000244140625,1875.6500244140625,1845.800048828125,1866.199951171875,1139744
2021-12-28,1872.0999755859375,1909.0,1872.0999755859375,1899.5,1916098
2021-12-29,1895.0,1908.949951171875,1890.050048828125,1894.8499755859375,1287946
2021-12-30,1892.300048828125,1901.699951171875,1880.9000244140625,1885.699951171875,1805349
2021-12-31,1887.3499755859375,1907.0999755859375,1887.300048828125,1895.9000244140625,1145546
2022-01-03,1895.0,1937.449951171875,1893.6500244140625,1922.8499755859375,1906676
2022-01-04,1922.8499755859375,1943.0,1914.550048828125,1937.550048828125,1643920
2022-01-05,1940.699951171875,1951.0,1927.6500244140625,1948.5999755859375,1711667
2022-01-06,1944.5,1953.0,1919.5999755859375,1924.5,1372015
2022-01-07,1929.050048828125,1934.949951171875,1897.1500244140625,1904.9000244140625,1447123
2022-01-10,1910.0,1959.949951171875,1907.25,1953.0999755859375,2397846
2022-01-11,1949.0,1970.0,1937.6500244140625,1961.1500244140625,2232435
2022-01-12,1978.5,1984.0,1960.300048828125,1974.199951171875,1585970
2022-01-13,1975.550048828125,2029.0,1975.550048828125,2018.4000244140625,2373324
2022-01-14,2014.0,2049.949951171875,2007.0,2044.75,3124945
2022-01-17,2044.75,2071.949951171875,2042.0,2069.39990234375,1858651
2022-01-18,2075.64990234375,2078.550048828125,2010.550048828125,2022.199951171875,1460676
2022-01-19,2019.9000244140625,2027.0,1987.0,2020.9000244140625,2336679
2022-01-20,2020.0,2035.0,1984.0999755859375,2003.5,2031107
2022-01-21,1982.1500244140625,1994.800048828125,1943.050048828125,1956.050048828125,2209132
2022-01-24,1955.0,1959.0,1881.550048828125,1899.9000244140625,2307120
2022-01-25,1895.0,1931.300048828125,1850.0999755859375,1925.300048828125,2998042
2022-01-27,1914.550048828125,1922.0,1867.0,1910.8499755859375,2932713
2022-01-28,1916.0999755859375,1948.0,1891.300048828125,1897.550048828125,2233620
2022-01-31,1890.199951171875,1924.0,1850.449951171875,1909.199951171875,3161064
2022-02-01,1928.6500244140625,1999.9000244140625,1917.0,1990.5,5392787
2022-02-02,1995.0999755859375,2008.0,1970.5999755859375,1982.699951171875,3579380
2022-02-03,1981.5,1985.0,1930.0,1933.6500244140625,2262217
2022-02-04,1948.0,1957.800048828125,1923.300048828125,1947.949951171875,1440816
2022-02-07,1932.5,1947.5,1874.550048828125,1884.5,2641464
2022-02-08,1890.0,1896.949951171875,1848.0,1875.5999755859375,2040523
2022-02-09,1884.5,1899.9000244140625,1875.5999755859375,1888.800048828125,1390810
2022-02-10,1892.0,1911.0,1881.0,1901.0,1288856
2022-02-11,1889.0,1889.0,1850.0,1871.25,1744894
2022-02-14,1843.25,1846.949951171875,1795.0,1799.0,2290199
2022-02-15,1810.0,1882.0,1806.1500244140625,1876.050048828125,2602134
2022-02-16,1876.050048828125,1887.300048828125,1842.1500244140625,1860.699951171875,1898439
2022-02-17,1869.0,1884.9000244140625,1854.0999755859375,1868.699951171875,1459905
2022-02-18,1870.0,1896.0,1865.1500244140625,1883.0999755859375,1912482
2022-02-21,1874.949951171875,1883.9000244140625,1848.8499755859375,1863.949951171875,1262585
2022-02-22,1813.0,1855.0,1800.5,1844.449951171875,2288298
2022-02-23,1849.0,1852.0,1816.1500244140625,1820.300048828125,1583872
2022-02-24,1783.25,1800.0,1751.0,1757.3499755859375,3616355
2022-02-25,1782.0,1798.699951171875,1765.0,1777.050048828125,2476882
2022-02-28,1764.9000244140625,1822.25,1752.800048828125,1816.75,2553662
2022-03-02,1800.0,1826.949951171875,1768.5,1784.5,3152628
2022-03-03,1810.0,1813.550048828125,1745.550048828125,1752.300048828125,2259979
2022-03-04,1740.0,1754.050048828125,1703.0,1711.75,3906819
2022-03-07,1658.25,1666.800048828125,1605.550048828125,1634.449951171875,6318251
2022-03-08,1627.9000244140625,1666.0,1595.0,1658.5,4421730
2022-03-09,1676.5,1699.800048828125,1650.050048828125,1690.949951171875,3306502
2022-03-10,1740.0,1758.0,1707.0,1728.199951171875,2776325
2022-03-11,1720.0,1735.449951171875,1705.800048828125,1728.6500244140625,1577597
2022-03-14,1735.0,1754.0,1715.5,1746.75,1558334
2022-03-15,1748.0,1765.0,1726.5999755859375,1743.449951171875,2062332
2022-03-16,1761.0,1770.6500244140625,1746.199951171875,1756.199951171875,2101909
2022-03-17,1781.1500244140625,1804.5999755859375,1768.449951171875,1787.9000244140625,3383036
2022-03-21,1805.0,1805.0,1745.0,1756.300048828125,2301462
2022-03-22,1756.300048828125,1777.0,1721.1500244140625,1774.050048828125,3986030
2022-03-23,1780.0,1791.550048828125,1759.1500244140625,1767.25,1574226
2022-03-24,1755.0,1779.699951171875,1751.0,1771.550048828125,1580887
2022-03-25,1775.5999755859375,1777.9000244140625,1739.0,1751.0999755859375,1483897
2022-03-28,1752.0,1755.0,1725.0999755859375,1741.5999755859375,1799629
2022-03-29,1748.699951171875,1754.0999755859375,1733.0,1746.6500244140625,2071779
2022-03-30,1766.9000244140625,1777.050048828125,1754.0999755859375,1773.5999755859375,1712835
2022-03-31,1779.949951171875,1781.3499755859375,1758.0,1767.6500244140625,1401916
2022-04-01,1759.0,1794.0,1759.0,1790.0999755859375,2050573
2022-04-04,1784.0,1829.8499755859375,1776.5999755859375,1826.3499755859375,1955281
2022-04-05,1840.0,1845.0,1827.0,1836.050048828125,1718581
2022-04-06,1833.0,1858.0,1827.699951171875,1852.800048828125,2245496
2022-04-07,1849.9000244140625,1855.8499755859375,1810.1500244140625,1826.300048828125,2003954
2022-04-08,1835.4000244140625,1838.9000244140625,1818.050048828125,1830.75,1903321
2022-04-11,1820.25,1829.75,1779.0,1781.5,2262446
2022-04-12,1780.0,1781.5,1733.5999755859375,1747.699951171875,4215141
2022-04-13,1754.199951171875,1772.8499755859375,1747.0999755859375,1760.800048828125,1673417
2022-04-18,1746.300048828125,1749.949951171875,1715.0,1738.3499755859375,1808707
2022-04-19,1748.300048828125,1760.75,1687.0,1705.75,2737766
2022-04-20,1709.949951171875,1712.4000244140625,1671.3499755859375,1691.5999755859375,3832617
2022-04-21,1702.949951171875,1725.800048828125,1700.0,1714.5,1797489
2022-04-22,1701.0,1716.4000244140625,1690.4000244140625,1694.3499755859375,1474689
2022-04-25,1675.0,1675.0,1652.0,1657.3499755859375,1964344
2022-04-26,1680.0,1703.0999755859375,1664.0,1699.949951171875,2440990
2022-04-27,1675.0,1691.5999755859375,1666.699951171875,1677.050048828125,1346726
2022-04-28,1690.0,1731.0,1680.0,1719.25,3117433
2022-04-29,1731.0,1739.0,1687.1500244140625,1694.3499755859375,2404830
2022-05-02,1668.5999755859375,1685.949951171875,1655.050048828125,1679.449951171875,1399802
2022-05-04,1679.5,1681.9000244140625,1625.050048828125,1633.949951171875,1777673
2022-05-05,1650.699951171875,1671.199951171875,1633.0,1637.6500244140625,1707752
2022-05-06,1616.0,1633.0,1612.0999755859375,1622.449951171875,1439520
2022-05-09,1607.550048828125,1629.8499755859375,1591.25,1616.1500244140625,1400010
2022-05-10,1611.0,1629.5999755859375,1601.0,1607.949951171875,1176030
2022-05-11,1600.5,1609.0,1557.3499755859375,1570.800048828125,2988788
2022-05-12,1550.0,1554.949951171875,1513.0999755859375,1526.1500244140625,3407191
2022-05-13,1530.0,1574.9000244140625,1502.0,1534.5,4328846
2022-05-16,1550.0,1567.5,1539.449951171875,1542.9000244140625,1775914
2022-05-17,1545.0,1607.9000244140625,1545.0,1604.0999755859375,1608711
2022-05-18,1623.0,1623.0,1565.0,1572.5,2984009
2022-05-19,1550.0,1562.75,1540.3499755859375,1547.949951171875,1798843
2022-05-20,1569.4000244140625,1613.449951171875,1561.050048828125,1610.0999755859375,2175224
2022-05-23,1629.0,1660.0,1605.5999755859375,1644.1500244140625,4177811
2022-05-24,1644.800048828125,1653.699951171875,1610.0999755859375,1626.300048828125,1970395
2022-05-25,1633.0,1639.699951171875,1571.0999755859375,1574.75,1417130
2022-05-26,1575.0,1588.9000244140625,1536.6500244140625,1564.550048828125,3578710
2022-05-27,1575.199951171875,1606.0,1574.0,1600.300048828125,1279218
2022-05-30,1620.0,1663.699951171875,1613.5999755859375,1660.8499755859375,2119326
2022-05-31,1660.5,1674.4000244140625,1645.0,1654.5,3534742
2022-06-01,1653.550048828125,1661.0,1638.449951171875,1648.0,1425466
2022-06-02,1632.0,1649.449951171875,1623.699951171875,1637.1500244140625,1852251
2022-06-03,1657.949951171875,1673.699951171875,1644.949951171875,1652.050048828125,2928263
2022-06-06,1652.1500244140625,1662.300048828125,1634.0999755859375,1640.199951171875,1538005
2022-06-07,1630.0,1638.4000244140625,1586.0999755859375,1589.449951171875,2157491
2022-06-08,1595.0,1607.800048828125,1570.0999755859375,1584.550048828125,2122442
2022-06-09,1556.199951171875,1600.0,1556.199951171875,1595.0999755859375,1361104
2022-06-10,1570.0,1594.5,1569.050048828125,1585.0999755859375,1337799
2022-06-13,1560.1500244140625,1565.949951171875,1518.300048828125,1532.050048828125,2460367
2022-06-14,1532.050048828125,1554.300048828125,1525.199951171875,1544.6500244140625,1983405
2022-06-15,1547.949951171875,1567.0,1539.050048828125,1560.3499755859375,1461683
2022-06-16,1568.4000244140625,1575.0,1516.75,1527.4000244140625,2329325
2022-06-17,1522.0,1529.949951171875,1481.4000244140625,1489.949951171875,4548572
2022-06-20,1490.0,1497.8499755859375,1456.3499755859375,1471.800048828125,1837431
2022-06-21,1480.0,1515.199951171875,1476.9000244140625,1500.300048828125,1458922
2022-06-22,1490.0,1490.949951171875,1468.0,1478.75,1906619
2022-06-23,1481.5,1511.75,1481.5,1494.300048828125,1828491
2022-06-24,1501.75,1512.0,1489.0,1494.8499755859375,1731440
2022-06-27,1524.0,1544.699951171875,1509.75,1535.800048828125,2389778
2022-06-28,1530.0,1557.5,1524.0999755859375,1551.5,2072405
2022-06-29,1531.25,1554.0,1525.4000244140625,1547.9000244140625,1480197
2022-06-30,1549.050048828125,1566.9000244140625,1542.0999755859375,1558.25,3308971
2022-07-01,1560.949951171875,1576.0,1534.5999755859375,1572.1500244140625,1294305
2022-07-04,1572.0999755859375,1587.449951171875,1550.199951171875,1581.699951171875,1269969
2022-07-05,1584.0,1597.25,1561.5999755859375,1564.9000244140625,1445200
2022-07-06,1565.550048828125,1590.5,1551.800048828125,1556.1500244140625,2422594
2022-07-07,1565.9000244140625,1614.1500244140625,1565.6500244140625,1611.0999755859375,1697912
2022-07-08,1621.0,1702.0,1618.0,1687.449951171875,6516138
2022-07-11,1684.949951171875,1688.8499755859375,1653.4000244140625,1663.0,1316037
2022-07-12,1655.0,1672.9000244140625,1649.050048828125,1653.75,781516
2022-07-13,1664.0,1683.25,1644.4000244140625,1647.25,1914814
2022-07-14,1651.8499755859375,1667.3499755859375,1634.5999755859375,1646.1500244140625,1170472
2022-07-15,1653.9000244140625,1687.8499755859375,1649.199951171875,1684.8499755859375,1345141
2022-07-18,1696.050048828125,1734.5999755859375,1690.0,1727.6500244140625,3200640
2022-07-19,1719.949951171875,1734.949951171875,1714.0,1729.800048828125,1351783
2022-07-20,1740.3499755859375,1746.8499755859375,1727.949951171875,1739.949951171875,1509911
2022-07-21,1726.9000244140625,1768.949951171875,1715.0999755859375,1765.1500244140625,2827327
2022-07-22,1765.5,1779.550048828125,1752.550048828125,1767.75,1495629
2022-07-25,1765.0,1785.5,1760.050048828125,1782.449951171875,1916615
2022-07-26,1780.75,1780.75,1741.9000244140625,1751.25,1585897
2022-07-27,1754.0,1819.5,1750.0,1796.6500244140625,5369460
2022-07-28,1805.0,1816.0,1786.949951171875,1801.25,1831059
2022-07-29,1814.949951171875,1832.5,1794.0,1808.050048828125,1747781
2022-08-01,1808.0,1817.8499755859375,1790.300048828125,1814.699951171875,1341943
2022-08-02,1809.0,1811.6500244140625,1775.699951171875,1793.050048828125,1749346
2022-08-03,1793.050048828125,1804.0,1773.0,1789.800048828125,1264299
2022-08-04,1793.800048828125,1814.800048828125,1775.0,1780.0999755859375,1856927
2022-08-05,1782.949951171875,1807.0,1775.300048828125,1787.449951171875,1430542
2022-08-08,1796.4000244140625,1832.050048828125,1790.25,1829.6500244140625,2625195
2022-08-10,1830.0,1867.0,1822.25,1855.1500244140625,3422074
2022-08-11,1870.050048828125,1878.800048828125,1855.199951171875,1867.1500244140625,1918049
2022-08-12,1865.0,1869.0,1838.0,1846.449951171875,1041383
2022-08-16,1860.0,1864.0,1842.0,1848.9000244140625,1426893
2022-08-17,1861.449951171875,1867.3499755859375,1850.050048828125,1855.699951171875,1748371
2022-08-18,1857.0,1898.550048828125,1850.0,1894.550048828125,2519639
2022-08-19,1894.0999755859375,1942.0,1892.75,1936.050048828125,4134598
2022-08-22,1937.0999755859375,1944.0,1875.0,1880.6500244140625,3175874
2022-08-23,1870.0,1911.949951171875,1865.699951171875,1877.050048828125,1811509
2022-08-24,1876.0,1898.0,1851.5999755859375,1893.3499755859375,1534933
2022-08-25,1900.0,1918.0,1873.0,1877.9000244140625,1121363
2022-08-26,1890.199951171875,1912.0,1887.199951171875,1905.4000244140625,1119310
2022-08-29,1870.0,1890.0,1861.0,1881.5,1183546
2022-08-30,1893.9000244140625,1928.0,1889.1500244140625,1922.5,1394462
2022-09-01,1905.0,1930.5,1892.0999755859375,1912.949951171875,2014905
2022-09-02,1900.5,1958.800048828125,1900.25,1940.5,3201140
2022-09-05,1947.949951171875,1972.75,1942.0999755859375,1968.3499755859375,2474746
2022-09-06,1973.800048828125,1985.0999755859375,1951.300048828125,1962.300048828125,1172733
2022-09-07,1941.0999755859375,1961.3499755859375,1934.0,1958.0999755859375,1238549
2022-09-08,1967.9000244140625,1977.0,1947.550048828125,1974.4000244140625,1632797
2022-09-09,1977.3499755859375,1987.4000244140625,1944.0,1949.75,980869
2022-09-12,1949.75,1967.0,1947.9000244140625,1961.9000244140625,791708
2022-09-13,1968.9000244140625,1995.0,1963.0999755859375,1991.3499755859375,1761021
2022-09-14,1964.6500244140625,1972.949951171875,1949.4000244140625,1953.9000244140625,2322752
2022-09-15,1959.0999755859375,1984.699951171875,1954.800048828125,1957.5,1566565
2022-09-16,1947.0,1956.9000244140625,1915.0,1920.0,3881617
2022-09-19,1921.0999755859375,1931.949951171875,1905.0,1910.699951171875,1755456
2022-09-20,1931.0,1955.800048828125,1925.0,1932.699951171875,1666658
2022-09-21,1921.0999755859375,1946.300048828125,1891.5999755859375,1895.6500244140625,1618385
2022-09-22,1882.0,1905.5999755859375,1873.0,1888.199951171875,1875115
2022-09-23,1890.0,1895.449951171875,1852.550048828125,1856.8499755859375,1948766
2022-09-26,1849.0,1876.800048828125,1818.0,1851.449951171875,1529101
2022-09-27,1856.0,1864.0,1832.5,1841.199951171875,1443698
2022-09-28,1829.699951171875,1856.0,1825.5999755859375,1835.449951171875,1853503
2022-09-29,1844.6500244140625,1857.4000244140625,1797.4000244140625,1815.5,2377718
2022-09-30,1823.949951171875,1882.949951171875,1816.050048828125,1847.699951171875,2339518
2022-10-03,1852.0,1852.0,1814.0,1819.300048828125,1850414
2022-10-04,1835.300048828125,1880.949951171875,1835.300048828125,1871.550048828125,1637532
2022-10-06,1882.0,1919.0,1878.0999755859375,1912.949951171875,2771898
2022-10-07,1905.0,1928.949951171875,1903.050048828125,1924.550048828125,1469264
2022-10-10,1905.0,1917.0,1883.5,1909.6500244140625,1656954
2022-10-11,1923.800048828125,1923.800048828125,1871.25,1878.949951171875,1047963
2022-10-12,1880.0,1916.0,1858.050048828125,1911.25,1907748
2022-10-13,1901.0,1912.0,1868.25,1876.1500244140625,1303645
2022-10-14,1900.0,1936.75,1898.449951171875,1911.5999755859375,1819114
2022-10-17,1902.9000244140625,1914.0,1878.4000244140625,1883.199951171875,2588147
2022-10-18,1893.0999755859375,1931.199951171875,1893.0999755859375,1918.0999755859375,1401849
2022-10-19,1920.0,1947.0,1901.6500244140625,1904.9000244140625,1636141
2022-10-20,1898.6500244140625,1917.800048828125,1886.300048828125,1904.1500244140625,1374019
2022-10-21,1913.699951171875,1925.0,1867.0999755859375,1876.75,2225676
2022-10-24,1906.0,1919.9000244140625,1900.0,1909.75,269400
2022-10-25,1915.0,1954.6500244140625,1891.550048828125,1949.0999755859375,2136147
2022-10-27,1952.0999755859375,1971.8499755859375,1949.9000244140625,1964.050048828125,2245395
2022-10-28,1972.0,1986.0,1963.800048828125,1975.050048828125,2013794
2022-10-31,1986.0,2034.6500244140625,1978.199951171875,2023.0999755859375,3176507
2022-11-01,2032.0,2056.0,1990.050048828125,2024.449951171875,4464211
2022-11-02,2036.5,2042.0,2000.0,2013.300048828125,1889651
2022-11-03,2006.0,2022.5,1993.0,2008.699951171875,1052241
2022-11-04,2010.0,2029.3499755859375,2004.75,2015.0999755859375,2312753
2022-11-07,2021.4000244140625,2032.0,1993.0,2017.6500244140625,1395070
2022-11-09,2025.050048828125,2036.949951171875,1996.25,2003.5,1301233
2022-11-10,1995.0,2001.8499755859375,1970.199951171875,1977.6500244140625,1261210
2022-11-11,2003.5999755859375,2018.800048828125,1991.949951171875,2011.0999755859375,1203125
2022-11-14,2013.050048828125,2021.9000244140625,1995.25,1999.800048828125,1175155
2022-11-15,2003.0,2017.0,1978.0999755859375,1996.550048828125,1450841
2022-11-16,1986.0,2009.8499755859375,1985.050048828125,2003.5999755859375,1195832
2022-11-17,2002.0,2059.0,2001.0999755859375,2029.550048828125,3786182
2022-11-18,2039.0,2050.949951171875,2006.8499755859375,2024.449951171875,1248459
2022-11-21,2019.0,2033.0,2007.0,2011.449951171875,714687
2022-11-22,2021.550048828125,2033.1500244140625,2019.5999755859375,2029.800048828125,1337869
2022-11-23,2038.949951171875,2044.0,2018.0,2025.0,1046988
2022-11-24,2030.5,2060.0,2028.4000244140625,2052.199951171875,1611889
2022-11-25,2061.0,2095.800048828125,2058.449951171875,2062.75,2652761
2022-11-28,2064.35009765625,2072.0,2052.0,2064.449951171875,1105372
2022-11-29,2070.0,2072.0,2038.5999755859375,2050.550048828125,1413764
2022-11-30,2053.0,2086.0,2045.0,2074.85009765625,2104550
2022-12-01,2085.25,2110.0,2079.449951171875,2104.25,2614357
2022-12-02,2096.10009765625,2098.89990234375,2069.14990234375,2085.5,1957264
2022-12-05,2095.949951171875,2096.800048828125,2068.85009765625,2085.60009765625,1767537
2022-12-06,2081.0,2100.0,2067.0,2093.5,1530731
2022-12-07,2096.300048828125,2144.0,2096.300048828125,2124.0,3438327
2022-12-08,2120.0,2175.0,2120.0,2167.699951171875,3743754
2022-12-09,2168.0,2194.35009765625,2137.5,2154.050048828125,2573609
2022-12-12,2148.89990234375,2169.0,2134.550048828125,2163.699951171875,1536090
2022-12-13,2170.0,2175.699951171875,2152.5,2172.89990234375,1233124
2022-12-14,2176.949951171875,2210.0,2175.050048828125,2195.449951171875,1516631
2022-12-15,2196.699951171875,2209.0,2173.60009765625,2177.550048828125,1323412
2022-12-16,2161.0,2211.60009765625,2161.0,2175.0,2822390
2022-12-19,2171.0,2187.449951171875,2155.050048828125,2184.0,1592779
2022-12-20,2179.89990234375,2179.89990234375,2138.0,2163.25,1747181
2022-12-21,2153.10009765625,2174.949951171875,2142.85009765625,2146.300048828125,1979681
2022-12-22,2144.0,2148.35009765625,2096.89990234375,2109.949951171875,1993744
2022-12-23,2094.5,2104.14990234375,2050.10009765625,2062.75,2026125
2022-12-26,2052.75,2108.0,2051.0,2091.050048828125,1154610
2022-12-27,2101.550048828125,2128.0,2085.0,2124.10009765625,1059351
2022-12-28,2129.0,2136.0,2113.64990234375,2121.10009765625,1153883
2022-12-29,2109.64990234375,2120.550048828125,2094.14990234375,2110.89990234375,1517150
2022-12-30,2115.0,2133.0,2081.10009765625,2085.800048828125,1189427
2023-01-02,2092.89990234375,2097.60009765625,2075.050048828125,2089.449951171875,807344
2023-01-03,2088.0,2096.800048828125,2067.949951171875,2088.949951171875,1260225
2023-01-04,2090.949951171875,2101.449951171875,2058.0,2070.550048828125,1015547
2023-01-05,2080.0,2099.199951171875,2068.5,2087.35009765625,1881403
2023-01-06,2090.199951171875,2121.699951171875,2071.85009765625,2086.550048828125,1877917
2023-01-09,2108.0,2127.300048828125,2100.75,2121.699951171875,1844365
2023-01-10,2131.89990234375,2131.89990234375,2097.199951171875,2106.64990234375,1425414
2023-01-11,2106.10009765625,2140.0,2097.10009765625,2125.35009765625,1455621
2023-01-12,2118.10009765625,2164.64990234375,2118.10009765625,2159.75,2726901
2023-01-13,2161.89990234375,2164.85009765625,2117.199951171875,2153.39990234375,2180210
2023-01-16,2147.0,2161.0,2132.300048828125,2137.199951171875,1009649
2023-01-17,2139.89990234375,2217.800048828125,2136.39990234375,2213.10009765625,4645453
2023-01-18,2221.0,2274.800048828125,2200.0,2266.5,4090049
2023-01-19,2259.85009765625,2283.800048828125,2241.0,2273.10009765625,2176835
2023-01-20,2282.449951171875,2297.64990234375,2238.449951171875,2249.949951171875,1962410
2023-01-23,2255.0,2273.300048828125,2227.0,2233.5,1466706
2023-01-24,2244.699951171875,2252.300048828125,2200.0,2207.5,1036962
2023-01-25,2201.0,2205.0,2155.0,2174.699951171875,2134447
2023-01-27,2174.699951171875,2195.0,2127.10009765625,2159.85009765625,1647900
2023-01-30,2129.39990234375,2173.25,2083.800048828125,2112.89990234375,3441304
2023-01-31,2119.949951171875,2132.75,2072.64990234375,2124.39990234375,4516463
2023-02-01,2133.0,2215.949951171875,2080.300048828125,2145.550048828125,6868872
2023-02-02,2135.60009765625,2166.949951171875,2107.85009765625,2144.89990234375,3488506
2023-02-03,2176.949951171875,2181.85009765625,2131.050048828125,2166.550048828125,2045634
2023-02-06,2164.25,2181.60009765625,2142.300048828125,2156.10009765625,1332484
2023-02-07,2162.25,2172.0,2150.050048828125,2165.300048828125,1089248
2023-02-08,2160.550048828125,2175.25,2125.550048828125,2130.85009765625,1452145
2023-02-09,2150.0,2151.949951171875,2135.699951171875,2147.39990234375,1563181
2023-02-10,2140.199951171875,2169.949951171875,2137.550048828125,2163.85009765625,1454665
2023-02-13,2173.0,2210.39990234375,2160.199951171875,2203.300048828125,2978938
2023-02-14,2215.0,2216.0,2182.14990234375,2191.64990234375,1874906
2023-02-15,2186.0,2187.85009765625,2157.25,2175.050048828125,1946344
2023-02-16,2186.800048828125,2202.300048828125,2171.699951171875,2178.300048828125,2464602
2023-02-17,2169.800048828125,2249.0,2160.0,2226.35009765625,3753179
2023-02-20,2233.699951171875,2252.0,2215.0,2225.5,1779752
2023-02-21,2239.0,2262.0,2222.699951171875,2229.449951171875,1882604
2023-02-22,2229.0,2241.0,2182.050048828125,2194.75,2103097
2023-02-23,2204.0,2208.199951171875,2153.5,2159.14990234375,2000556
2023-02-24,2160.0,2172.300048828125,2118.75,2134.050048828125,1479060
2023-02-27,2134.050048828125,2139.89990234375,2082.10009765625,2113.699951171875,1398112
2023-02-28,2115.0,2138.300048828125,2085.0,2109.14990234375,2108587
2023-03-01,2100.0,2130.0,2100.0,2115.300048828125,1389077
2023-03-02,2129.949951171875,2149.0,2107.550048828125,2121.60009765625,1727640
2023-03-03,2140.0,2159.89990234375,2132.25,2152.050048828125,1821066
2023-03-06,2158.25,2184.85009765625,2139.800048828125,2141.14990234375,1821012
2023-03-08,2152.0,2189.60009765625,2140.60009765625,2170.800048828125,2965342
2023-03-09,2174.949951171875,2199.0,2171.5,2193.199951171875,1873933
2023-03-10,2171.5,2182.0,2133.0,2157.85009765625,1900535
2023-03-13,2164.050048828125,2178.949951171875,2107.0,2133.85009765625,2334468
2023-03-14,2144.35009765625,2171.0,2134.39990234375,2144.199951171875,2871343
2023-03-15,2164.199951171875,2212.449951171875,2160.0,2176.64990234375,3044201
2023-03-16,2184.89990234375,2187.0,2132.0,2173.60009765625,2946792
2023-03-17,2186.699951171875,2228.89990234375,2186.699951171875,2195.75,3286473
2023-03-20,2191.10009765625,2205.0,2152.0,2177.550048828125,1996773
2023-03-21,2182.699951171875,2227.0,2182.0,2208.449951171875,3178680
2023-03-22,2219.5,2246.25,2207.89990234375,2213.949951171875,1956033
2023-03-23,2214.0,2242.0,2200.550048828125,2206.64990234375,2455799
2023-03-24,2206.0,2219.35009765625,2153.050048828125,2166.14990234375,1449544
2023-03-27,2175.050048828125,2190.0,2150.0,2154.0,1540581
2023-03-28,2167.75,2169.800048828125,2122.449951171875,2133.60009765625,1627243
2023-03-29,2137.64990234375,2159.300048828125,2121.0,2147.449951171875,2372385
2023-03-31,2156.5,2176.949951171875,2150.550048828125,2164.199951171875,1489542
2023-04-03,2180.0,2183.5,2155.0,2170.14990234375,1231654
2023-04-05,2170.0,2262.5,2165.0,2257.75,2763363
2023-04-06,2257.75,2291.64990234375,2254.449951171875,2274.25,2389899
2023-04-10,2284.89990234375,2319.89990234375,2278.050048828125,2309.699951171875,1955914
2023-04-11,2320.0,2330.0,2287.300048828125,2301.5,1342440
2023-04-12,2304.0,2312.699951171875,2281.949951171875,2288.5,1165839
2023-04-13,2294.800048828125,2295.0,2242.449951171875,2258.75,1956668
2023-04-17,2258.75,2273.800048828125,2201.14990234375,2214.0,4125850
2023-04-18,2220.0,2230.0,2188.0,2216.60009765625,2848601
2023-04-19,2208.10009765625,2235.0,2208.10009765625,2219.60009765625,1970015
2023-04-20,2225.0,2251.449951171875,2222.25,2232.75,1898996
2023-04-21,2240.14990234375,2243.0,2202.0,2215.199951171875,1009316
2023-04-24,2220.0,2232.699951171875,2186.550048828125,2228.89990234375,1239073
2023-04-25,2231.050048828125,2254.0,2218.10009765625,2247.949951171875,1350118
2023-04-26,2247.85009765625,2287.300048828125,2244.050048828125,2276.14990234375,1894812
2023-04-27,2275.75,2310.0,2267.10009765625,2305.60009765625,1252989
2023-04-28,2312.300048828125,2369.0,2312.300048828125,2364.39990234375,2884961
2023-05-02,2373.199951171875,2416.35009765625,2373.199951171875,2384.449951171875,1840153
2023-05-03,2384.10009765625,2390.0,2348.5,2356.300048828125,998235
2023-05-04,2361.800048828125,2381.64990234375,2342.85009765625,2356.89990234375,1230912
2023-05-05,2357.0,2406.949951171875,2357.0,2377.5,2425866
2023-05-08,2377.449951171875,2385.0,2354.050048828125,2365.39990234375,1583576
2023-05-09,2367.64990234375,2401.89990234375,2367.64990234375,2374.35009765625,1417301
2023-05-10,2387.0,2388.949951171875,2350.0,2364.449951171875,1675409
2023-05-11,2300.0,2314.050048828125,2237.35009765625,2242.14990234375,9470848
2023-05-12,2222.64990234375,2235.0,2197.35009765625,2221.10009765625,5367292
2023-05-15,2220.89990234375,2260.0,2215.0,2246.85009765625,2662740
2023-05-16,2254.60009765625,2255.0,2223.10009765625,2227.199951171875,2528855
2023-05-17,2224.35009765625,2244.0,2210.199951171875,2219.60009765625,1961004
2023-05-18,2230.0,2233.550048828125,2181.0,2188.199951171875,2290757
2023-05-19,2192.0,2199.050048828125,2168.5,2190.050048828125,1729803
2023-05-22,2190.0,2222.0,2178.39990234375,2216.60009765625,1112099
2023-05-23,2225.60009765625,2228.60009765625,2194.0,2197.64990234375,2265389
2023-05-24,2200.0,2208.5,2176.0,2185.14990234375,2648479
2023-05-25,2190.0,2207.300048828125,2178.0,2204.699951171875,1689521
2023-05-26,2209.0,2220.75,2201.0,2218.449951171875,1249128
2023-05-29,2225.0,2241.800048828125,2220.199951171875,2224.550048828125,1369656
2023-05-30,2230.0,2237.0,2207.199951171875,2210.800048828125,1716729
2023-05-31,2201.10009765625,2224.0,2200.0,2205.64990234375,2809284
2023-06-01,2217.0,2222.0,2202.14990234375,2207.800048828125,1049488
2023-06-02,2221.0,2237.300048828125,2212.14990234375,2234.550048828125,1399950
2023-06-05,2245.0,2272.800048828125,2240.0,2268.300048828125,2344944
2023-06-06,2269.0,2280.699951171875,2263.699951171875,2277.949951171875,1677680
2023-06-07,2278.0,2318.0,2278.0,2315.5,2128603
2023-06-08,2316.949951171875,2345.050048828125,2312.75,2340.300048828125,2556995
2023-06-09,2345.0,2368.85009765625,2338.25,2363.0,2501720
2023-06-12,2365.0,2370.0,2333.10009765625,2339.949951171875,1172382
2023-06-13,2345.85009765625,2357.89990234375,2327.10009765625,2354.39990234375,1688768
2023-06-14,2352.89990234375,2360.0,2340.0,2355.050048828125,1013564
2023-06-15,2355.0,2369.5,2349.0,2361.300048828125,2561534
2023-06-16,2363.75,2380.0,2352.25,2366.800048828125,1794542
2023-06-19,2379.0,2419.89990234375,2361.0,2366.35009765625,3111256
2023-06-20,2364.949951171875,2389.64990234375,2354.449951171875,2382.0,1771306
2023-06-21,2382.0,2412.0,2382.0,2394.449951171875,1607299
2023-06-22,2394.60009765625,2424.0,2380.0,2416.25,1741775
2023-06-23,2418.949951171875,2427.0,2383.25,2389.550048828125,1212955
2023-06-26,2398.10009765625,2403.85009765625,2367.949951171875,2377.550048828125,793572
2023-06-27,2387.449951171875,2396.949951171875,2371.550048828125,2388.050048828125,1012317
2023-06-28,2400.0,2432.89990234375,2390.050048828125,2421.449951171875,1734938
2023-06-30,2420.0,2483.5,2415.050048828125,2475.550048828125,2690699
2023-07-03,2478.199951171875,2492.39990234375,2448.0,2454.050048828125,1078456
2023-07-04,2458.199951171875,2484.39990234375,2458.199951171875,2461.85009765625,1441581
2023-07-05,2461.0,2484.949951171875,2454.35009765625,2470.800048828125,1191896
2023-07-06,2468.10009765625,2499.949951171875,2467.550048828125,2488.60009765625,1796824
2023-07-07,2482.75,2504.0,2444.60009765625,2449.35009765625,1837661
2023-07-10,2450.0,2463.35009765625,2420.0,2438.75,1178479
2023-07-11,2447.199951171875,2479.0,2447.199951171875,2474.550048828125,1219658
2023-07-12,2480.300048828125,2485.949951171875,2447.800048828125,2454.949951171875,1822435
2023-07-13,2466.0,2484.89990234375,2446.25,2450.14990234375,1141663
2023-07-14,2450.25,2477.050048828125,2448.64990234375,2472.25,845623
2023-07-17,2475.0,2494.0,2465.0,2468.800048828125,878697
2023-07-18,2469.0,2489.949951171875,2468.10009765625,2474.699951171875,720865
2023-07-19,2474.60009765625,2502.949951171875,2466.39990234375,2494.14990234375,1431080
2023-07-20,2494.0,2495.699951171875,2469.050048828125,2489.699951171875,1045704
2023-07-21,2522.0,2595.0,2521.10009765625,2586.25,4610417
2023-07-24,2637.64990234375,2638.0,2583.89990234375,2605.25,2155297
2023-07-25,2616.0,2617.75,2553.0,2560.89990234375,2068876
2023-07-26,2591.0,2673.85009765625,2585.0,2646.25,5820099
2023-07-27,2668.949951171875,2676.35009765625,2646.449951171875,2660.199951171875,2117794
2023-07-28,2660.14990234375,2668.14990234375,2625.0,2649.550048828125,1325724
2023-07-31,2655.0,2690.0,2631.10009765625,2681.35009765625,1284981
2023-08-01,2681.35009765625,2689.0,2655.35009765625,2666.64990234375,1298745
2023-08-02,2638.0,2644.949951171875,2602.699951171875,2622.14990234375,1479486
2023-08-03,2615.0,2642.75,2586.300048828125,2598.10009765625,1612618
2023-08-04,2605.0,2635.0,2598.5,2626.89990234375,1101278
2023-08-07,2628.0,2654.0,2623.10009765625,2635.89990234375,1163125
2023-08-08,2639.050048828125,2649.5,2628.300048828125,2632.199951171875,767310
2023-08-09,2635.0,2655.0,2615.25,2651.60009765625,906865
2023-08-10,2640.10009765625,2661.60009765625,2621.64990234375,2643.5,1040041
2023-08-11,2642.050048828125,2656.89990234375,2631.25,2638.5,1320121
2023-08-14,2637.0,2663.550048828125,2616.0,2659.89990234375,1364413
2023-08-16,2669.0,2695.0,2652.050048828125,2691.050048828125,1703875
2023-08-17,2691.050048828125,2691.050048828125,2642.0,2652.5,1629067
2023-08-18,2650.0,2674.699951171875,2632.75,2641.949951171875,1898966
2023-08-21,2641.85009765625,2666.60009765625,2623.449951171875,2662.25,1376318
2023-08-22,2668.0,2685.64990234375,2662.0,2678.800048828125,1497180
2023-08-23,2689.550048828125,2726.0,2682.449951171875,2717.60009765625,1990672
2023-08-24,2747.5,2766.800048828125,2680.60009765625,2688.14990234375,2619182
2023-08-25,2677.449951171875,2682.699951171875,2631.0,2638.39990234375,1408427
2023-08-28,2653.550048828125,2700.0,2650.050048828125,2695.35009765625,1551734
2023-08-29,2710.0,2722.10009765625,2696.300048828125,2718.949951171875,1101830
2023-08-30,2722.949951171875,2737.64990234375,2707.0,2709.0,1920079
2023-08-31,2720.0,2724.60009765625,2678.35009765625,2702.699951171875,2439625
2023-09-01,2710.0,2715.949951171875,2688.300048828125,2702.10009765625,1263430
2023-09-04,2733.0,2742.0,2705.0,2711.10009765625,1548282
2023-09-05,2720.5,2739.0,2720.0,2732.949951171875,1066447
2023-09-06,2740.0,2742.800048828125,2712.0,2730.449951171875,1747425
2023-09-07,2733.0,2855.949951171875,2730.0,2846.39990234375,4100519
2023-09-08,2888.0,2928.699951171875,2872.449951171875,2901.60009765625,3638510
2023-09-11,2905.0,2926.0,2890.050048828125,2894.199951171875,1545803
2023-09-12,2951.60009765625,3009.0,2932.449951171875,2944.10009765625,7788759
2023-09-13,2943.5,2943.699951171875,2888.449951171875,2906.75,2458417
2023-09-14,2924.89990234375,2931.64990234375,2906.0,2918.60009765625,1910041
2023-09-15,2933.0,2934.949951171875,2900.0,2908.550048828125,1655275
2023-09-18,2910.0,2930.0,2907.0,2919.85009765625,736631
2023-09-20,2926.949951171875,2944.949951171875,2886.050048828125,2890.0,1399240
2023-09-21,2885.050048828125,2905.10009765625,2846.050048828125,2899.35009765625,2444711
2023-09-22,2908.699951171875,2936.449951171875,2902.25,2918.5,1965569
2023-09-25,2917.949951171875,2923.800048828125,2871.0,2902.5,1049532
2023-09-26,2915.0,2944.0,2910.0,2912.550048828125,953456
2023-09-27,2922.0,2994.89990234375,2911.64990234375,2965.050048828125,2903693
2023-09-28,2989.0,3050.5,2978.25,3010.0,4081102
2023-09-29,3040.0,3058.35009765625,3005.25,3023.550048828125,2698016
2023-10-03,3040.5,3077.449951171875,2995.10009765625,3073.25,3254492
2023-10-04,3064.10009765625,3064.10009765625,2990.050048828125,3027.75,3100946
2023-10-05,3032.550048828125,3114.89990234375,3032.550048828125,3096.050048828125,3413447
2023-10-06,3114.949951171875,3114.949951171875,3073.14990234375,3093.699951171875,1898118
2023-10-09,3075.0,3085.0,3055.550048828125,3074.699951171875,1181760
2023-10-10,3073.85009765625,3099.0,3072.14990234375,3076.0,1551789
2023-10-11,3090.0,3110.0,3084.39990234375,3088.699951171875,2066921
2023-10-12,3094.0,3105.050048828125,3067.050048828125,3081.75,1870280
2023-10-13,3067.75,3099.0,3063.5,3089.60009765625,1437808
2023-10-16,3098.949951171875,3113.25,3074.699951171875,3101.89990234375,818794
2023-10-17,3109.89990234375,3114.199951171875,3063.0,3066.300048828125,1847182
2023-10-18,3068.64990234375,3079.14990234375,3037.14990234375,3045.60009765625,1350839
2023-10-19,3025.60009765625,3069.89990234375,3007.14990234375,3054.39990234375,1599104
2023-10-20,3039.949951171875,3056.25,2977.300048828125,3012.35009765625,1667471
2023-10-23,3003.0,3006.89990234375,2949.0,2958.300048828125,1614030
2023-10-25,2959.0,2965.5,2910.300048828125,2916.10009765625,2108353
2023-10-26,2906.0,2916.14990234375,2857.050048828125,2864.60009765625,3286109
2023-10-27,2864.64990234375,2910.550048828125,2857.64990234375,2901.89990234375,2399538
2023-10-30,2899.199951171875,2932.0,2856.14990234375,2926.35009765625,1693052
2023-10-31,2929.949951171875,2951.550048828125,2907.949951171875,2929.050048828125,1556467
2023-11-01,2947.449951171875,2983.14990234375,2871.050048828125,2895.300048828125,3875595
2023-11-02,2935.0,2937.85009765625,2903.199951171875,2918.10009765625,1451606
2023-11-03,2934.0,2948.050048828125,2905.0,2911.25,1136175
2023-11-06,2933.0,2979.0,2927.25,2975.449951171875,1235499
2023-11-07,2970.0,2983.60009765625,2956.10009765625,2961.300048828125,1112206
2023-11-08,2974.699951171875,3002.75,2961.0,2996.449951171875,1013438
2023-11-09,3003.0,3028.699951171875,2997.0,3024.85009765625,1719911
2023-11-10,3021.050048828125,3044.0,3005.25,3033.25,947753
2023-11-13,3050.0,3054.35009765625,3031.64990234375,3048.5,531769
2023-11-15,3062.35009765625,3071.050048828125,3055.0,3064.949951171875,1160184
2023-11-16,3057.949951171875,3082.10009765625,3045.0,3051.14990234375,1597607
2023-11-17,3050.0,3115.449951171875,3045.14990234375,3109.0,1325050
2023-11-20,3095.10009765625,3111.949951171875,3076.199951171875,3088.800048828125,1231164
2023-11-21,3088.5,3099.0,3062.449951171875,3074.85009765625,1884782
2023-11-22,3074.85009765625,3088.64990234375,3062.5,3082.300048828125,1104208
2023-11-23,3080.0,3088.0,3031.050048828125,3045.64990234375,1514688
2023-11-24,3050.0,3067.0,3039.60009765625,3054.25,915121
2023-11-28,3054.0,3059.14990234375,3035.0,3050.0,1210508
2023-11-29,3050.0,3089.89990234375,3049.0,3083.75,1801107
2023-11-30,3076.300048828125,3124.550048828125,3058.699951171875,3109.199951171875,3131624
2023-12-01,3129.949951171875,3197.949951171875,3121.050048828125,3190.64990234375,2112908
2023-12-04,3285.0,3347.550048828125,3250.0,3313.550048828125,3095974
2023-12-05,3319.050048828125,3325.0,3279.050048828125,3315.449951171875,1659309
2023-12-06,3330.0,3401.0,3321.0,3392.300048828125,2057233
2023-12-07,3392.300048828125,3409.89990234375,3337.050048828125,3355.60009765625,2128823
2023-12-08,3377.0,3430.0,3366.0,3378.449951171875,2428891
2023-12-11,3377.949951171875,3405.0,3360.0,3385.800048828125,1534238
2023-12-12,3375.0,3375.0,3332.0,3342.39990234375,1888423
2023-12-13,3352.949951171875,3410.0,3346.199951171875,3399.800048828125,1509107
2023-12-14,3425.949951171875,3440.0,3400.10009765625,3433.10009765625,2425646
2023-12-15,3435.14990234375,3498.89990234375,3432.85009765625,3488.0,2632935
2023-12-18,3496.0,3506.0,3466.0,3491.60009765625,1767429
2023-12-19,3488.949951171875,3525.0,3476.050048828125,3498.949951171875,1311700
2023-12-20,3505.0,3514.60009765625,3412.550048828125,3418.5,1876048
2023-12-21,3390.050048828125,3439.949951171875,3333.0,3424.14990234375,2292802
2023-12-22,3424.0,3496.0,3408.60009765625,3477.949951171875,1681707
2023-12-26,3477.949951171875,3508.35009765625,3477.949951171875,3490.050048828125,1072263
2023-12-27,3510.0,3549.0,3504.14990234375,3544.0,1389266
2023-12-28,3545.0,3559.949951171875,3500.5,3518.050048828125,3371121
2023-12-29,3531.0,3540.0,3495.0,3526.0,968577
2024-01-01,3538.0,3538.0,3496.050048828125,3525.449951171875,777080
2024-01-02,3525.050048828125,3525.449951171875,3432.0,3438.10009765625,1511464
2024-01-03,3433.0,3465.85009765625,3411.60009765625,3440.35009765625,1283859
2024-01-04,3441.050048828125,3480.10009765625,3423.0,3458.699951171875,1651616
2024-01-05,3464.949951171875,3555.0,3460.0,3521.89990234375,2069018
2024-01-08,3540.0,3559.949951171875,3490.0,3501.10009765625,1993855
2024-01-09,3527.449951171875,3593.75,3520.10009765625,3555.949951171875,1807271
2024-01-10,3549.949951171875,3558.949951171875,3520.0,3545.5,1534821
2024-01-11,3545.5,3559.550048828125,3500.550048828125,3504.85009765625,1105348
2024-01-12,3505.050048828125,3578.64990234375,3494.050048828125,3568.800048828125,1782631
2024-01-15,3576.10009765625,3605.699951171875,3538.050048828125,3543.050048828125,1783518
2024-01-16,3548.0,3589.0,3538.0,3573.5,1791818
2024-01-17,3555.0,3614.449951171875,3547.699951171875,3570.949951171875,2699076
2024-01-18,3570.800048828125,3616.949951171875,3525.0,3596.0,2148898
2024-01-19,3603.0,3655.85009765625,3603.0,3646.0,1913923
2024-01-23,3637.60009765625,3661.35009765625,3536.199951171875,3551.0,1742142
2024-01-24,3570.0,3617.949951171875,3521.699951171875,3589.199951171875,3711521
2024-01-25,3599.89990234375,3618.25,3564.800048828125,3593.449951171875,2206540
2024-01-29,3604.0,3733.85009765625,3600.10009765625,3708.0,2072982
2024-01-30,3715.949951171875,3737.89990234375,3624.89990234375,3633.300048828125,1454989
2024-01-31,3520.0,3538.0,3387.050048828125,3479.75,9637606
2024-02-01,3480.0,3493.75,3371.0,3398.0,6149780
2024-02-02,3402.699951171875,3436.35009765625,3361.0,3376.050048828125,7579802
2024-02-05,3375.5,3407.949951171875,3318.449951171875,3341.75,2954238
2024-02-06,3346.0,3427.75,3337.550048828125,3424.25,2545192
2024-02-07,3445.0,3447.0,3389.0,3394.699951171875,2099940
2024-02-08,3413.0,3417.800048828125,3293.85009765625,3335.5,3471727
2024-02-09,3336.25,3390.0,3308.949951171875,3324.550048828125,3121873
2024-02-12,3330.0,3339.14990234375,3287.0,3299.550048828125,1922273
2024-02-13,3312.0,3338.550048828125,3284.10009765625,3321.5,2151493
2024-02-14,3290.050048828125,3316.949951171875,3263.050048828125,3309.0,2502138
2024-02-15,3309.0,3321.949951171875,3290.199951171875,3300.300048828125,1999189
2024-02-16,3304.949951171875,3398.0,3304.050048828125,3386.75,2768329
2024-02-19,3400.550048828125,3408.0,3335.5,3339.85009765625,1216447
2024-02-20,3339.85009765625,3367.75,3328.449951171875,3356.75,1578162
2024-02-21,3356.89990234375,3356.89990234375,3290.050048828125,3296.39990234375,2430672
2024-02-22,3310.0,3369.0,3276.949951171875,3363.75,2521388
2024-02-23,3363.75,3399.89990234375,3340.75,3387.949951171875,2107176
2024-02-26,3400.0,3491.64990234375,3393.0,3470.14990234375,4122419
2024-02-27,3475.0,3512.0,3451.89990234375,3506.449951171875,2122286
2024-02-28,3505.0,3513.0,3446.14990234375,3470.199951171875,1666903
2024-02-29,3485.0,3496.0,3436.449951171875,3477.550048828125,2119512
2024-03-01,3501.64990234375,3658.35009765625,3500.0,3633.5,4407803
2024-03-04,3670.0,3679.800048828125,3622.050048828125,3644.449951171875,1307501
2024-03-05,3631.199951171875,3644.449951171875,3590.300048828125,3612.60009765625,1981370
2024-03-06,3618.0,3652.449951171875,3586.050048828125,3642.199951171875,1500196
2024-03-07,3660.75,3705.14990234375,3643.25,3676.949951171875,2344401
2024-03-11,3700.0,3700.0,3631.449951171875,3640.60009765625,1748541
2024-03-12,3639.050048828125,3672.0,3613.14990234375,3621.64990234375,1470377
2024-03-13,3634.89990234375,3636.800048828125,3511.89990234375,3538.550048828125,2503293
2024-03-14,3527.050048828125,3636.0,3522.0,3608.199951171875,4528490
2024-03-15,3598.0,3603.0,3524.050048828125,3537.14990234375,4054210
2024-03-18,3537.14990234375,3572.199951171875,3526.699951171875,3561.199951171875,1354787
2024-03-19,3541.0,3549.5,3481.0,3501.699951171875,1447405
2024-03-20,3502.75,3524.949951171875,3487.75,3509.699951171875,1442811
2024-03-21,3525.14990234375,3596.0,3525.14990234375,3560.0,2504962
2024-03-22,3546.199951171875,3647.300048828125,3546.199951171875,3617.800048828125,3020545
2024-03-26,3605.0,3676.89990234375,3600.0,3670.10009765625,2320963
2024-03-27,3683.0,3727.199951171875,3670.10009765625,3706.39990234375,2387693
2024-03-28,3706.550048828125,3813.35009765625,3697.550048828125,3763.89990234375,4278668
2024-04-01,3780.85009765625,3851.85009765625,3780.85009765625,3838.0,1905190
2024-04-02,3849.800048828125,3860.0,3771.25,3807.39990234375,3608162
2024-04-03,3799.699951171875,3799.699951171875,3770.14990234375,3782.449951171875,1684618
2024-04-04,3804.89990234375,3819.75,3731.050048828125,3797.85009765625,2339529
2024-04-05,3770.10009765625,3790.0,3716.25,3743.10009765625,1645597
2024-04-08,3745.0,3819.800048828125,3743.10009765625,3807.85009765625,1083395
2024-04-09,3820.0,3827.949951171875,3775.0,3785.25,1997057
2024-04-10,3800.0,3800.0,3750.10009765625,3753.199951171875,1951581
2024-04-12,3749.949951171875,3802.10009765625,3663.5,3679.25,3437544
2024-04-15,3626.050048828125,3679.85009765625,3586.199951171875,3600.800048828125,1719910
2024-04-16,3580.050048828125,3598.14990234375,3529.449951171875,3543.449951171875,2291042
2024-04-18,3561.949951171875,3617.64990234375,3539.699951171875,3550.949951171875,3273257
2024-04-19,3525.0,3542.89990234375,3472.39990234375,3518.35009765625,2759031
2024-04-22,3568.75,3620.0,3540.949951171875,3612.699951171875,2605754
2024-04-23,3632.75,3632.75,3588.0,3610.14990234375,1434580
2024-04-24,3616.550048828125,3654.949951171875,3601.10009765625,3634.85009765625,1501234
2024-04-25,3616.10009765625,3666.0,3611.60009765625,3652.300048828125,2420380
2024-04-26,3652.0,3660.89990234375,3585.0,3605.199951171875,1973113
2024-04-29,3606.10009765625,3649.89990234375,3605.199951171875,3634.300048828125,1396979
2024-04-30,3639.0,3648.949951171875,3584.050048828125,3594.300048828125,1571996
2024-05-02,3590.050048828125,3634.14990234375,3576.050048828125,3599.5,3748847
2024-05-03,3610.0,3622.0,3488.449951171875,3499.800048828125,4079696
2024-05-06,3522.800048828125,3527.0,3441.10009765625,3463.300048828125,2614667
2024-05-07,3479.39990234375,3496.0,3425.0,3427.75,3376013
2024-05-08,3429.0,3497.39990234375,3367.800048828125,3486.85009765625,4116670
2024-05-09,3312.75,3377.0,3266.64990234375,3275.449951171875,12120574
2024-05-10,3281.60009765625,3306.14990234375,3234.60009765625,3271.449951171875,4132191
2024-05-13,3267.050048828125,3315.0,3225.199951171875,3293.85009765625,3557067
2024-05-14,3300.0,3384.89990234375,3293.39990234375,3379.449951171875,2870328
2024-05-15,3390.0,3417.39990234375,3353.14990234375,3411.300048828125,2718682
2024-05-16,3428.949951171875,3468.5,3378.699951171875,3460.60009765625,3398714
2024-05-17,3475.949951171875,3475.949951171875,3412.14990234375,3450.75,2676919
2024-05-21,3458.0,3470.300048828125,3434.0,3440.949951171875,2100848
2024-05-22,3450.050048828125,3472.699951171875,3435.050048828125,3460.85009765625,1409992
2024-05-23,3460.89990234375,3601.64990234375,3455.0,3585.39990234375,4525637
2024-05-24,3586.0,3659.0,3582.300048828125,3625.89990234375,2740360
2024-05-27,3644.89990234375,3695.0,3600.0,3652.0,2570708
2024-05-28,3652.0,3685.25,3646.050048828125,3658.199951171875,1440187
2024-05-29,3611.0,3661.85009765625,3610.35009765625,3634.800048828125,1506146
2024-05-30,3626.050048828125,3643.949951171875,3607.75,3634.699951171875,2701849
2024-05-31,3636.39990234375,3744.800048828125,3636.39990234375,3669.300048828125,6432341
2024-06-03,3855.39990234375,3919.89990234375,3801.10009765625,3897.14990234375,5767666
2024-06-04,3852.0,3898.0,3320.0,3403.199951171875,9920882
2024-06-05,3441.5,3441.5,3175.050048828125,3409.0,10372458
2024-06-06,3438.0,3538.199951171875,3385.300048828125,3482.550048828125,8374602
2024-06-07,3465.050048828125,3548.0,3446.0,3532.5,5879660
2024-06-10,3521.050048828125,3585.0,3521.050048828125,3543.75,3151257
2024-06-11,3570.0,3639.0,3551.199951171875,3598.699951171875,2548176
2024-06-12,3615.0,3648.949951171875,3578.0,3630.300048828125,2242274
2024-06-13,3665.5,3715.89990234375,3635.0,3703.64990234375,2965500
2024-06-14,3718.0,3720.0,3675.0,3687.800048828125,1746508
2024-06-18,3708.0,3710.0,3675.0,3689.199951171875,1936792
2024-06-19,3690.0,3699.0,3575.0,3589.949951171875,2936151
2024-06-20,3584.949951171875,3613.300048828125,3564.60009765625,3594.449951171875,2618715
2024-06-21,3604.050048828125,3610.0,3516.0,3535.0,4508508
2024-06-24,3520.35009765625,3567.0,3505.0,3531.60009765625,2330559
2024-06-25,3556.5,3591.949951171875,3528.0,3587.800048828125,2158039
2024-06-26,3601.0,3624.89990234375,3592.25,3602.949951171875,2480187
2024-06-27,3597.449951171875,3601.300048828125,3550.0,3564.39990234375,5519875
2024-06-28,3540.0,3575.949951171875,3538.10009765625,3548.449951171875,3141514
2024-07-01,3535.199951171875,3541.39990234375,3514.0,3526.550048828125,2961120
2024-07-02,3535.050048828125,3634.0,3535.050048828125,3626.5,5087748
2024-07-03,3650.35009765625,3650.5,3605.0,3614.35009765625,1923801
2024-07-04,3616.10009765625,3644.0,3565.800048828125,3573.300048828125,1851947
2024-07-05,3573.300048828125,3638.0,3568.0,3627.14990234375,1635209
2024-07-08,3640.10009765625,3645.699951171875,3594.0,3632.0,1706210
2024-07-09,3650.0,3685.0,3646.10009765625,3666.10009765625,2425176
2024-07-10,3685.050048828125,3694.0,3601.0,3650.050048828125,2231438
2024-07-11,3660.0,3684.60009765625,3603.0,3621.10009765625,2942924
2024-07-12,3630.0,3667.699951171875,3612.699951171875,3649.35009765625,2001185
2024-07-15,3670.0,3674.0,3637.0,3651.60009765625,943302
2024-07-16,3646.10009765625,3651.60009765625,3621.0,3636.550048828125,2220953
2024-07-18,3640.0,3679.25,3598.64990234375,3656.199951171875,3240772
2024-07-19,3651.0,3658.949951171875,3610.0,3618.5,2432533
2024-07-22,3617.89990234375,3661.85009765625,3567.60009765625,3651.449951171875,3639057
2024-07-23,3669.60009765625,3714.0,3460.0,3538.050048828125,6957691
2024-07-24,3549.0,3557.949951171875,3501.0,3519.449951171875,3184060
2024-07-25,3539.0,3630.89990234375,3532.050048828125,3619.14990234375,4691483
2024-07-26,3629.0,3701.0,3596.10009765625,3679.89990234375,2617659
2024-07-29,3701.0,3790.0,3686.60009765625,3774.949951171875,4159919
2024-07-30,3774.85009765625,3795.0,3738.60009765625,3784.64990234375,1979989
2024-07-31,3777.050048828125,3822.0,3763.10009765625,3815.0,2703636
2024-08-01,3810.0,3838.949951171875,3765.85009765625,3779.300048828125,1998663
2024-08-02,3730.35009765625,3748.89990234375,3657.10009765625,3665.699951171875,2512525
2024-08-05,3597.0,3607.89990234375,3511.5,3528.0,2900685
2024-08-06,3548.0,3634.89990234375,3546.0,3576.199951171875,2125532
2024-08-07,3630.0,3655.75,3610.35009765625,3638.25,1613097
2024-08-08,3621.0,3628.75,3547.449951171875,3553.550048828125,2038088
2024-08-09,3600.0,3605.550048828125,3575.699951171875,3592.050048828125,848232
2024-08-12,3579.0,3611.0,3563.0,3571.949951171875,1965035
2024-08-13,3580.0,3607.0,3545.199951171875,3551.800048828125,1316218
2024-08-14,3558.949951171875,3578.699951171875,3536.5,3545.199951171875,1584372
2024-08-16,3578.0,3580.89990234375,3533.0,3568.35009765625,2808865
2024-08-19,3599.85009765625,3599.89990234375,3547.0,3555.050048828125,1898535
2024-08-20,3562.0,3580.0,3548.0,3572.699951171875,1285569
2024-08-21,3590.0,3615.300048828125,3581.89990234375,3596.050048828125,1714248
2024-08-22,3607.050048828125,3612.14990234375,3583.949951171875,3606.5,1734927
2024-08-23,3606.5,3622.0,3587.050048828125,3598.550048828125,1825180
2024-08-26,3611.0,3648.0,3594.699951171875,3641.89990234375,1606911
2024-08-27,3642.64990234375,3737.0,3636.0,3702.699951171875,3315435
2024-08-28,3705.0,3724.39990234375,3685.0,3689.050048828125,1278175
2024-08-29,3690.5,3710.0,3651.550048828125,3683.449951171875,2165489
2024-08-30,3718.35009765625,3745.0,3666.39990234375,3704.64990234375,2592912
2024-09-02,3706.0,3721.949951171875,3666.35009765625,3683.10009765625,1277813
2024-09-03,3693.949951171875,3713.949951171875,3666.89990234375,3690.14990234375,1211993
2024-09-04,3650.0,3681.0,3631.10009765625,3650.800048828125,1930121
2024-09-05,3668.0,3668.0,3608.39990234375,3624.14990234375,2958770
2024-09-06,3615.10009765625,3623.800048828125,3536.199951171875,3574.75,3096557
2024-09-09,3584.0,3594.0,3553.85009765625,3578.300048828125,1454589
2024-09-10,3585.0,3625.0,3571.0,3596.14990234375,1203483
2024-09-11,3595.0,3603.949951171875,3516.39990234375,3536.949951171875,1865165
2024-09-12,3558.0,3638.050048828125,3534.0,3622.0,3751523
2024-09-13,3622.0,3634.75,3600.050048828125,3613.0,1752455
2024-09-16,3619.14990234375,3670.0,3613.0,3662.25,1045964
2024-09-17,3668.0,3705.0,3659.699951171875,3695.199951171875,1289060
2024-09-18,3689.0,3757.949951171875,3684.199951171875,3730.449951171875,2249929
2024-09-19,3750.0,3750.39990234375,3674.0,3683.699951171875,1711564
2024-09-20,3700.0,3809.89990234375,3680.25,3793.89990234375,5401701
2024-09-23,3800.0,3838.800048828125,3749.0,3787.699951171875,1937874
2024-09-24,3787.699951171875,3831.800048828125,3775.0,3791.60009765625,2676546
2024-09-25,3787.550048828125,3813.199951171875,3778.0,3793.85009765625,2113862
2024-09-26,3801.0,3802.949951171875,3736.39990234375,3762.14990234375,2750597
2024-09-27,3738.0,3738.0,3651.0,3705.64990234375,4095425
2024-09-30,3699.0,3715.64990234375,3665.0,3675.550048828125,1837697
2024-10-01,3667.0,3724.0,3639.35009765625,3653.5,1674100
2024-10-03,3582.5,3617.0,3485.39990234375,3497.64990234375,5315877
2024-10-04,3515.0,3553.550048828125,3468.5,3493.949951171875,3445879
2024-10-07,3505.0,3512.949951171875,3429.0,3468.35009765625,2304227
2024-10-08,3492.949951171875,3538.5,3469.0,3532.39990234375,2249452
2024-10-09,3542.050048828125,3557.699951171875,3481.0,3487.10009765625,1645791
2024-10-10,3515.0,3554.89990234375,3455.5,3460.35009765625,2686116
2024-10-11,3469.39990234375,3497.10009765625,3447.0,3482.550048828125,1280465
2024-10-14,3510.0,3573.85009765625,3501.300048828125,3555.050048828125,1974378
2024-10-15,3570.0,3570.0,3520.14990234375,3551.89990234375,1231552
2024-10-16,3550.0,3581.89990234375,3513.550048828125,3532.60009765625,1961835
2024-10-17,3549.89990234375,3583.0,3521.800048828125,3570.300048828125,2968537
2024-10-18,3569.949951171875,3592.449951171875,3540.25,3577.800048828125,2102609
2024-10-21,3580.0,3621.949951171875,3571.300048828125,3585.60009765625,1750549
2024-10-22,3585.0,3591.64990234375,3500.0,3511.89990234375,1363574
2024-10-23,3501.050048828125,3513.949951171875,3443.0,3455.39990234375,2125268
2024-10-24,3444.0,3474.60009765625,3416.75,3442.64990234375,1924421
2024-10-25,3425.0,3435.0,3315.050048828125,3326.39990234375,3236774
2024-10-28,3316.0,3373.0,3262.550048828125,3340.800048828125,2991674
2024-10-29,3316.0,3384.39990234375,3316.0,3380.89990234375,2253467
2024-10-30,3379.949951171875,3438.39990234375,3353.0,3408.35009765625,1785128
2024-10-31,3530.0,3654.949951171875,3508.35009765625,3622.300048828125,7637083
2024-11-01,3624.949951171875,3641.89990234375,3620.0,3626.35009765625,212796
2024-11-04,3624.949951171875,3624.949951171875,3530.89990234375,3574.449951171875,1724189
2024-11-05,3556.0,3585.0,3541.89990234375,3574.800048828125,1251506
2024-11-06,3594.0,3659.89990234375,3557.39990234375,3645.449951171875,1819732
2024-11-07,3647.35009765625,3663.0,3620.0,3646.550048828125,1581009
2024-11-08,3640.39990234375,3667.0,3620.64990234375,3660.300048828125,1622142
2024-11-11,3646.0,3661.0,3606.0,3628.85009765625,926127
2024-11-12,3650.0,3651.0,3580.0,3591.35009765625,1116206
2024-11-13,3585.0,3604.85009765625,3535.64990234375,3547.949951171875,1568694
2024-11-14,3558.0,3565.75,3500.14990234375,3526.25,1291765
2024-11-18,3521.10009765625,3568.300048828125,3510.85009765625,3542.14990234375,1233217
2024-11-19,3559.89990234375,3607.0,3495.0,3505.89990234375,1826460
2024-11-21,3530.0,3530.550048828125,3452.449951171875,3483.5,1510581
2024-11-22,3500.0,3613.5,3473.10009765625,3603.5,2534018
2024-11-25,3660.0,3761.0,3654.0,3753.0,4753829
2024-11-26,3754.89990234375,3754.89990234375,3690.0,3702.60009765625,1141534
2024-11-27,3704.0,3720.0,3685.0,3698.699951171875,971816
2024-11-28,3700.0,3720.5,3648.0,3666.050048828125,2124283
2024-11-29,3635.10009765625,3750.0,3635.10009765625,3724.800048828125,2094305
2024-12-02,3706.85009765625,3717.85009765625,3672.89990234375,3704.050048828125,1158369
2024-12-03,3721.0,3798.85009765625,3701.5,3787.050048828125,3252670
2024-12-04,3775.0,3835.0,3758.050048828125,3789.89990234375,2510166
2024-12-05,3810.0,3884.0,3760.0,3831.550048828125,2765170
2024-12-06,3832.0,3883.949951171875,3800.0,3866.699951171875,1856562
2024-12-09,3867.5,3959.0,3867.5,3947.300048828125,3332753
2024-12-10,3955.0,3963.5,3901.300048828125,3923.14990234375,2349493
2024-12-11,3923.14990234375,3947.64990234375,3902.0,3916.75,1237958
2024-12-12,3930.0,3959.0,3846.949951171875,3859.89990234375,1899867
2024-12-13,3859.0,3898.0,3794.199951171875,3887.0,2300361
2024-12-16,3882.0,3914.39990234375,3857.25,3877.85009765625,918660
2024-12-17,3863.050048828125,3875.39990234375,3797.0,3807.199951171875,1690180
2024-12-18,3807.199951171875,3819.0,3745.0,3758.14990234375,1318341
2024-12-19,3702.14990234375,3762.199951171875,3700.0,3716.35009765625,1856838
2024-12-20,3716.35009765625,3725.0,3607.10009765625,3629.85009765625,2796593
2024-12-23,3670.0,3700.0,3617.050048828125,3640.5,1217612
2024-12-24,3647.949951171875,3679.0,3632.39990234375,3639.75,627922
2024-12-26,3658.0,3665.14990234375,3610.35009765625,3629.5,1124705
2024-12-27,3632.39990234375,3643.64990234375,3603.5,3608.10009765625,1309122
2024-12-30,3607.89990234375,3623.0,3566.0,3578.949951171875,1591690
2024-12-31,3562.550048828125,3620.60009765625,3550.0,3607.64990234375,1267628
2025-01-01,3600.0,3689.0,3599.949951171875,3667.5,1202029
2025-01-02,3676.60009765625,3724.10009765625,3650.050048828125,3713.5,1882900
2025-01-03,3708.0,3719.89990234375,3651.449951171875,3659.89990234375,1290107
2025-01-06,3684.75,3692.25,3585.5,3603.199951171875,1212012
2025-01-07,3607.10009765625,3649.85009765625,3595.699951171875,3643.300048828125,1453540
2025-01-08,3662.0,3663.85009765625,3590.0,3596.35009765625,1813201
2025-01-09,3599.89990234375,3606.300048828125,3486.0,3527.89990234375,2921681
2025-01-10,3499.949951171875,3552.199951171875,3492.300048828125,3536.14990234375,1794238
2025-01-13,3505.550048828125,3534.5,3448.60009765625,3464.300048828125,2137212
2025-01-14,3465.85009765625,3491.949951171875,3448.60009765625,3462.60009765625,2924491
2025-01-15,3471.300048828125,3526.14990234375,3471.300048828125,3501.39990234375,1155446
2025-01-16,3535.0,3543.449951171875,3483.75,3507.89990234375,2305460
2025-01-17,3524.0,3579.85009765625,3511.949951171875,3568.64990234375,1600246
2025-01-20,3574.89990234375,3617.14990234375,3556.5,3593.0,1593334
2025-01-21,3612.75,3643.300048828125,3528.10009765625,3541.10009765625,2576596
2025-01-22,3563.0,3582.35009765625,3490.10009765625,3518.199951171875,1626055
2025-01-23,3492.0,3527.800048828125,3460.60009765625,3503.25,1993204
2025-01-24,3514.5,3521.10009765625,3446.050048828125,3458.199951171875,1206454
2025-01-27,3447.199951171875,3493.89990234375,3401.14990234375,3457.64990234375,1552938
2025-01-28,3464.949951171875,3482.14990234375,3404.050048828125,3413.89990234375,1657689
2025-01-29,3431.0,3455.0,3412.0,3449.699951171875,1238704
2025-01-30,3455.0,3517.800048828125,3395.0,3420.949951171875,2717740
2025-01-31,3501.050048828125,3590.0,3481.050048828125,3567.39990234375,3995513
2025-02-01,3578.0,3629.199951171875,3402.0,3447.5,4752505
2025-02-03,3420.0,3420.0,3270.0,3289.199951171875,6077580
2025-02-04,3316.0,3449.0,3307.25,3439.14990234375,4742516
2025-02-05,3444.64990234375,3450.949951171875,3379.449951171875,3383.199951171875,2670316
2025-02-06,3404.0,3404.0,3342.699951171875,3352.75,2874856
2025-02-07,3367.0,3369.949951171875,3311.10009765625,3336.89990234375,1722789
2025-02-10,3347.800048828125,3349.0,3294.050048828125,3328.64990234375,1236663
2025-02-11,3360.949951171875,3361.0,3231.0,3239.64990234375,2593537
2025-02-12,3259.0,3300.0,3222.25,3289.64990234375,1632415
2025-02-13,3289.64990234375,3314.89990234375,3252.949951171875,3263.64990234375,2127644
2025-02-14,3275.050048828125,3285.800048828125,3221.550048828125,3237.64990234375,1378340
2025-02-17,3213.550048828125,3239.39990234375,3194.550048828125,3221.85009765625,1966689
2025-02-18,3227.0,3241.0,3183.0,3220.14990234375,2428215
2025-02-19,3220.14990234375,3302.85009765625,3211.60009765625,3275.89990234375,1677978
2025-02-20,3260.050048828125,3285.449951171875,3247.75,3275.800048828125,1236693
2025-02-21,3275.800048828125,3324.89990234375,3270.89990234375,3315.10009765625,1706850
2025-02-24,3289.699951171875,3325.5,3250.0,3257.699951171875,1512844
2025-02-25,3233.0,3248.949951171875,3206.39990234375,3225.89990234375,2529084
2025-02-27,3238.0,3258.5,3184.0,3209.5,2572065
2025-02-28,3199.800048828125,3199.800048828125,3141.0,3163.85009765625,2494680
2025-03-03,3165.949951171875,3227.0,3160.0,3197.300048828125,1352460
2025-03-04,3171.050048828125,3221.0,3167.800048828125,3213.0,1442098
2025-03-05,3213.0,3245.0,3187.85009765625,3239.64990234375,1945855
2025-03-06,3250.10009765625,3266.449951171875,3215.0,3259.89990234375,1854837
2025-03-07,3259.89990234375,3289.0,3240.10009765625,3244.699951171875,930240
2025-03-10,3246.0,3246.300048828125,3169.050048828125,3177.699951171875,1777752
2025-03-11,3170.300048828125,3204.39990234375,3161.10009765625,3195.449951171875,1274649
2025-03-12,3205.0,3221.949951171875,3153.050048828125,3193.64990234375,1360149
2025-03-13,3202.25,3233.14990234375,3178.050048828125,3187.300048828125,1414376
2025-03-17,3190.0,3240.050048828125,3159.0,3173.449951171875,2805790
2025-03-18,3173.449951171875,3173.449951171875,3173.449951171875,3173.449951171875,0
2025-03-19,3275.0,3326.60009765625,3268.5,3319.550048828125,1616312
2025-03-20,3335.25,3358.89990234375,3276.89990234375,3351.050048828125,2434722
2025-03-21,3357.0,3455.0,3332.75,3415.949951171875,3042073
2025-03-24,3449.0,3517.0,3446.0,3481.85009765625,1955564
2025-03-25,3505.0,3525.0,3435.35009765625,3469.60009765625,4235900
2025-03-26,3473.0,3496.800048828125,3418.5,3444.800048828125,2315715
2025-03-27,3460.0,3528.0,3451.0,3501.60009765625,3467864
2025-03-28,3509.89990234375,3514.0,3472.550048828125,3492.300048828125,1348143
2025-04-01,3480.0,3501.60009765625,3430.0,3436.800048828125,1935147
2025-04-02,3433.0,3457.75,3408.0,3419.89990234375,1338839
2025-04-03,3400.0,3463.0,3393.0,3420.14990234375,1200631
2025-04-04,3400.0,3403.800048828125,3237.300048828125,3260.14990234375,2366979
2025-04-07,3049.050048828125,3090.60009765625,2965.300048828125,3068.5,4953864
2025-04-08,3124.949951171875,3193.89990234375,3092.699951171875,3161.10009765625,2877816
2025-04-09,3158.800048828125,3158.800048828125,3048.0,3054.14990234375,4451381
2025-04-11,3114.0,3157.0,3100.14990234375,3115.949951171875,3979116
2025-04-15,3180.0,3272.0,3176.10009765625,3257.60009765625,2161492
2025-04-16,3270.0,3276.800048828125,3224.10009765625,3227.699951171875,1578260
2025-04-17,3214.10009765625,3249.89990234375,3162.39990234375,3247.300048828125,3209331
2025-04-21,3249.5,3290.0,3225.10009765625,3280.5,1643003
2025-04-22,3280.0,3285.0,3248.0,3257.800048828125,2060322
2025-04-23,3275.39990234375,3315.0,3266.699951171875,3301.0,2381699
2025-04-24,3307.0,3307.0,3280.0,3300.60009765625,1993448
2025-04-25,3310.0,3335.699951171875,3230.10009765625,3272.10009765625,2004819
2025-04-28,3260.0,3350.800048828125,3254.800048828125,3327.300048828125,1689485
2025-04-29,3335.0,3376.39990234375,3315.0,3322.300048828125,1843861
2025-04-30,3324.0,3355.0,3303.300048828125,3341.0,1930714
2025-05-02,3325.0,3374.89990234375,3325.0,3334.89990234375,1411889
2025-05-05,3350.0,3350.0,3300.699951171875,3330.199951171875,1947332
2025-05-06,3346.0,3353.0,3302.800048828125,3334.0,1695516
2025-05-07,3332.0,3339.800048828125,3284.10009765625,3321.39990234375,2422707
2025-05-08,3310.10009765625,3366.0,3299.800048828125,3323.89990234375,3204333
2025-05-09,3331.0,3477.0,3331.0,3443.89990234375,5637694
2025-05-12,3513.0,3602.800048828125,3490.0,3587.199951171875,3147384
2025-05-13,3587.199951171875,3606.0,3545.0,3567.0,2374439
2025-05-14,3587.0,3617.0,3567.0,3573.10009765625,2440116
2025-05-15,3594.0,3648.699951171875,3543.0,3618.199951171875,3720879
2025-05-16,3642.0,3642.0,3600.0,3604.699951171875,1278520
2025-05-19,3604.699951171875,3619.89990234375,3587.0,3600.199951171875,1519244
2025-05-20,3630.0,3634.0,3556.0,3567.800048828125,1532347
2025-05-21,3565.699951171875,3610.5,3555.0,3589.0,1563885
2025-05-22,3585.0,3592.0,3536.89990234375,3551.39990234375,1597159
2025-05-23,3570.0,3631.60009765625,3551.199951171875,3599.89990234375,1119217
2025-05-26,3615.800048828125,3672.5,3608.39990234375,3648.699951171875,1678934
2025-05-27,3648.699951171875,3665.0,3603.0,3640.0,2013954
2025-05-28,3660.0,3663.0,3620.0,3646.300048828125,1293244
2025-05-29,3663.89990234375,3668.89990234375,3618.0,3655.300048828125,1972248
2025-05-30,3655.300048828125,3695.300048828125,3654.5,3675.10009765625,2571304
2025-06-02,3675.10009765625,3697.300048828125,3605.60009765625,3679.60009765625,1954517
2025-06-03,3655.0,3669.199951171875,3615.300048828125,3644.800048828125,2472483
2025-06-04,3645.0,3661.699951171875,3615.300048828125,3626.5,1086783
2025-06-05,3629.89990234375,3677.39990234375,3612.0,3642.60009765625,1466416
2025-06-06,3645.0,3667.0,3623.0,3656.300048828125,1172711
2025-06-09,3664.0,3708.89990234375,3662.199951171875,3678.89990234375,898170
2025-06-10,3704.0,3704.0,3667.199951171875,3679.800048828125,1454535
2025-06-11,3689.89990234375,3692.0,3656.10009765625,3684.800048828125,1265737
2025-06-12,3684.800048828125,3708.0,3585.0,3603.89990234375,2335718
2025-06-13,3501.199951171875,3596.0,3485.89990234375,3587.39990234375,1981445
2025-06-16,3575.5,3653.699951171875,3561.800048828125,3628.699951171875,1322630
2025-06-17,3622.0,3627.60009765625,3602.0,3622.300048828125,930603
2025-06-18,3622.0,3639.10009765625,3587.199951171875,3601.5,743311
2025-06-19,3607.0,3643.0,3591.10009765625,3621.10009765625,1580819
2025-06-20,3614.0,3669.89990234375,3614.0,3662.0,2575277
2025-06-23,3645.0,3660.0,3574.60009765625,3583.699951171875,1867977
2025-06-24,3637.10009765625,3684.0,3597.0,3604.800048828125,2751637
2025-06-25,3640.0,3642.0,3608.89990234375,3619.800048828125,1405262
2025-06-26,3620.10009765625,3669.0,3620.10009765625,3659.60009765625,2578926
2025-06-27,3665.0,3731.39990234375,3665.0,3679.199951171875,2720600
2025-06-30,3682.0,3717.5,3652.699951171875,3669.800048828125,1508882
2025-07-01,3669.800048828125,3678.89990234375,3645.0,3666.699951171875,1054380
2025-07-02,3666.60009765625,3674.199951171875,3583.89990234375,3596.800048828125,1330176
2025-07-03,3605.0,3625.0,3576.0,3582.89990234375,1229034
2025-07-04,3590.0,3600.0,3570.10009765625,3594.60009765625,696402
2025-07-07,3599.89990234375,3609.800048828125,3575.10009765625,3581.39990234375,719539
2025-07-08,3580.0,3614.0,3560.0,3606.39990234375,1513912
2025-07-09,3605.0,3605.10009765625,3568.199951171875,3579.699951171875,1008876
2025-07-10,3575.0,3589.89990234375,3569.0,3574.699951171875,1063910
2025-07-11,3575.0,3586.60009765625,3535.5,3540.60009765625,1439747
2025-07-14,3540.60009765625,3548.699951171875,3488.0,3495.89990234375,1358844
2025-07-15,3519.0,3521.0,3481.699951171875,3494.0,1585193
2025-07-16,3504.0,3516.0,3477.0,3503.800048828125,1266964
2025-07-17,3515.0,3515.0,3467.5,3474.0,2217275
2025-07-18,3489.0,3499.0,3450.0,3464.800048828125,1818696
2025-07-21,3467.60009765625,3508.10009765625,3444.89990234375,3502.800048828125,1521623
2025-07-22,3502.0,3507.60009765625,3454.10009765625,3464.60009765625,2586522
2025-07-23,3476.199951171875,3490.0,3458.60009765625,3484.89990234375,1192261
2025-07-24,3484.89990234375,3493.39990234375,3461.0,3477.5,1083671
2025-07-25,3470.0,3477.0,3437.39990234375,3442.89990234375,1338744
2025-07-28,3430.10009765625,3446.10009765625,3405.10009765625,3422.199951171875,2256080
2025-07-29,3418.0,3504.300048828125,3406.5,3495.60009765625,1241060
2025-07-30,3622.0,3685.300048828125,3590.0,3665.10009765625,8760659
2025-07-31,3625.0,3662.89990234375,3621.0,3636.5,1927627
2025-08-01,3636.0,3636.0,3578.10009765625,3587.300048828125,1205945
2025-08-04,3595.199951171875,3636.800048828125,3577.0,3631.10009765625,1033049
2025-08-05,3630.0,3657.699951171875,3608.300048828125,3652.60009765625,1158433
2025-08-06,3650.0,3671.0,3622.199951171875,3628.39990234375,931383
2025-08-07,3610.300048828125,3649.0,3599.199951171875,3641.60009765625,1211790
2025-08-08,3641.60009765625,3662.300048828125,3600.0,3607.60009765625,1337067
2025-08-11,3610.0,3676.89990234375,3600.0,3668.39990234375,1822410
2025-08-12,3680.0,3727.89990234375,3673.10009765625,3686.10009765625,2280103
2025-08-13,3696.0,3716.0,3681.300048828125,3693.699951171875,1227196
2025-08-14,3700.0,3708.5,3641.699951171875,3677.0,1769702
2025-08-18,3699.0,3701.5,3621.699951171875,3635.10009765625,1950151
2025-08-19,3648.89990234375,3654.0,3608.199951171875,3613.0,1352944
2025-08-20,3613.5,3619.89990234375,3580.0,3592.300048828125,1325096
2025-08-21,3599.0,3648.0,3588.0,3612.60009765625,1624009
2025-08-22,3610.0,3634.5,3582.0,3595.800048828125,1060447
2025-08-25,3616.0,3617.89990234375,3584.300048828125,3603.10009765625,980393
2025-08-26,3599.0,3600.0,3531.0,3541.300048828125,1787363
2025-08-28,3540.0,3576.89990234375,3537.199951171875,3560.10009765625,1695226
2025-08-29,3575.60009765625,3615.0,3540.199951171875,3601.0,1678055
2025-09-01,3601.0,3628.60009765625,3581.89990234375,3598.39990234375,1094155
2025-09-02,3598.39990234375,3619.89990234375,3560.0,3574.89990234375,1230950
2025-09-03,3594.0,3606.300048828125,3560.0,3600.800048828125,1314831
2025-09-04,3622.89990234375,3624.89990234375,3572.5,3592.60009765625,1434998
2025-09-05,3592.800048828125,3609.10009765625,3549.10009765625,3553.60009765625,830812
2025-09-08,3570.0,3579.89990234375,3525.0,3529.60009765625,1039999
2025-09-09,3547.199951171875,3550.0,3516.39990234375,3525.0,1522116
2025-09-10,3559.0,3577.39990234375,3541.10009765625,3550.0,1136732
2025-09-11,3548.0,3564.699951171875,3533.0,3539.699951171875,1177793
2025-09-12,3556.39990234375,3595.39990234375,3548.10009765625,3579.800048828125,1146873
2025-09-15,3581.0,3607.0,3575.5,3586.199951171875,1177076
2025-09-16,3603.89990234375,3674.0,3593.10009765625,3667.800048828125,2928060
2025-09-17,3672.0,3704.0,3662.699951171875,3685.5,1610471
2025-09-18,3691.0,3700.0,3672.5,3686.0,1270148
2025-09-19,3679.0,3705.0,3671.0,3675.39990234375,2227521
2025-09-22,3693.60009765625,3693.60009765625,3633.89990234375,3644.5,839430
2025-09-23,3646.89990234375,3673.5,3613.199951171875,3657.60009765625,1262120
2025-09-24,3657.60009765625,3709.199951171875,3637.10009765625,3673.800048828125,1745130
2025-09-25,3684.0,3704.0,3635.699951171875,3644.39990234375,1999071
2025-09-26,3664.0,3794.89990234375,3661.0,3729.5,5870301
2025-09-29,3738.0,3740.0,3679.60009765625,3688.39990234375,2599630
2025-09-30,3695.0,3696.60009765625,3648.0,3659.0,1676302
2025-10-01,3658.89990234375,3688.0,3615.0,3670.300048828125,2005028
2025-10-03,3690.0,3746.0,3666.300048828125,3733.10009765625,1959124
2025-10-06,3720.0,3767.0,3703.0,3737.0,1581506
2025-10-07,3748.0,3766.0,3725.0,3729.699951171875,1673945
2025-10-08,3730.0,3760.0,3715.0,3729.800048828125,1424633
2025-10-09,3735.5,3796.39990234375,3730.10009765625,3769.199951171875,1827249
2025-10-10,3765.0,3799.0,3760.0,3784.0,1129678
2025-10-13,3780.0,3784.0,3745.0,3769.5,1191248
2025-10-14,3775.0,3786.800048828125,3730.199951171875,3744.300048828125,1364583
2025-10-15,3747.0,3843.89990234375,3744.300048828125,3828.699951171875,2575918
2025-10-16,3830.300048828125,3885.89990234375,3830.0,3861.800048828125,2330283
2025-10-17,3860.0,3869.5,3830.10009765625,3839.39990234375,1337364
2025-10-20,3862.0,3887.60009765625,3845.39990234375,3872.699951171875,1223232
2025-10-21,3892.0,3895.0,3877.199951171875,3888.199951171875,260327
2025-10-23,3890.0,3966.199951171875,3890.0,3918.699951171875,2815778
2025-10-24,3929.300048828125,3939.89990234375,3897.5,3904.89990234375,1146636
2025-10-27,3912.0,3948.0,3907.0,3923.800048828125,1057688
2025-10-28,3922.10009765625,3986.0,3917.300048828125,3972.800048828125,3391806
2025-10-29,3988.0,4016.699951171875,3920.0,3958.10009765625,2563641
2025-10-30,3980.0,4062.60009765625,3975.60009765625,3987.5,4959400
2025-10-31,4001.10009765625,4045.89990234375,3980.199951171875,4030.89990234375,2328183
2025-11-03,4030.0,4041.0,3974.89990234375,3980.5,1154072
2025-11-04,3985.0,3990.0,3916.800048828125,3924.39990234375,2042881
2025-11-06,3945.0,3978.0,3872.10009765625,3881.60009765625,1749063
2025-11-07,3877.10009765625,3892.89990234375,3831.10009765625,3882.5,1577294
2025-11-10,3895.0,3943.800048828125,3894.0,3918.5,1397176
2025-11-11,3929.0,3966.800048828125,3897.0,3955.0,1775462
2025-11-12,3970.0,3973.800048828125,3936.89990234375,3954.60009765625,981350
2025-11-13,3954.60009765625,4022.89990234375,3925.60009765625,4002.5,1834962
2025-11-14,4002.0,4011.5,3971.60009765625,4004.39990234375,1916910
2025-11-17,4004.39990234375,4030.0,4000.10009765625,4027.699951171875,1206133
2025-11-18,4020.0,4026.800048828125,3978.89990234375,3999.60009765625,1748928
2025-11-19,4007.0,4026.5,3980.300048828125,4019.60009765625,923032
2025-11-20,4035.0,4048.0,4007.699951171875,4037.39990234375,1463574
2025-11-21,4026.0,4057.0,4015.199951171875,4024.89990234375,1241149
2025-11-24,4025.0,4038.0,4003.699951171875,4013.300048828125,1584741
2025-11-25,4013.0,4055.5,3981.60009765625,3996.699951171875,1749083
2025-11-26,3999.0,4074.60009765625,3998.0,4062.0,2058237
2025-11-27,4071.0,4140.0,4059.60009765625,4081.300048828125,2225064
2025-11-28,4085.0,4104.2001953125,4054.699951171875,4069.60009765625,1318133
2025-12-01,4087.0,4103.39990234375,4050.0,4073.199951171875,1251770
2025-12-02,4066.5,4088.60009765625,4023.800048828125,4030.5,1490917
2025-12-03,4032.0,4046.89990234375,3970.10009765625,3988.0,1123990
2025-12-04,3990.0,4009.199951171875,3961.699951171875,3983.60009765625,1026968
2025-12-05,3999.0,4048.0,3975.10009765625,4038.199951171875,1073758
2025-12-08,4047.0,4047.89990234375,3976.89990234375,3996.699951171875,1127841
2025-12-09,3990.0,4019.89990234375,3949.10009765625,3997.5,1788464
2025-12-10,4000.0,4030.0,3970.0,3991.300048828125,957277
2025-12-11,3993.199951171875,4015.0,3984.60009765625,4003.89990234375,841371
2025-12-12,4061.0,4114.0,4048.60009765625,4074.10009765625,2207898
2025-12-15,4072.800048828125,4096.0,4063.800048828125,4092.300048828125,1064975
2025-12-16,4083.699951171875,4103.7998046875,4051.199951171875,4063.800048828125,2199214
2025-12-17,4079.0,4079.0,4040.0,4062.39990234375,1087334
2025-12-18,4067.0,4071.800048828125,4023.39990234375,4031.10009765625,1004303
2025-12-19,4040.10009765625,4091.5,4040.10009765625,4073.5,1327935
2025-12-22,4081.0,4098.5,4068.5,4072.39990234375,764774
2025-12-23,4089.0,4095.0,4053.300048828125,4058.800048828125,1867147
2025-12-24,4065.0,4080.699951171875,4048.10009765625,4053.60009765625,1021436
2025-12-26,4052.0,4061.5,4030.199951171875,4047.300048828125,594330
2025-12-29,4053.0,4061.10009765625,4033.39990234375,4038.699951171875,952143
2025-12-30,4039.0,4063.89990234375,4006.199951171875,4052.0,1362208
2025-12-31,4058.0,4094.5,4048.0,4083.5,1160164
2026-01-01,4090.0,4146.7998046875,4088.300048828125,4140.39990234375,1360716
2026-01-02,4138.10009765625,4172.7001953125,4127.10009765625,4163.39990234375,984027
2026-01-05,4162.89990234375,4195.0,4132.7998046875,4150.39990234375,1167460
2026-01-06,4153.0,4185.0,4129.89990234375,4140.60009765625,1205337
2026-01-07,4106.0,4180.0,4094.0,4157.0,1213160
2026-01-08,4160.0,4169.89990234375,3991.300048828125,4028.39990234375,2328813
2026-01-09,4029.0,4094.0,4006.199951171875,4025.199951171875,1718127
2026-01-12,4026.0,4026.89990234375,3944.300048828125,4019.0,1386513
2026-01-13,4028.0,4028.0,3837.0,3887.39990234375,4978634
2026-01-14,3900.0,3904.89990234375,3856.60009765625,3865.800048828125,1914244
2026-01-15,3865.800048828125,3865.800048828125,3865.800048828125,3865.800048828125,0
2026-01-16,3890.0,3914.0,3848.699951171875,3856.39990234375,1807300
2026-01-19,3820.0,3878.39990234375,3808.5,3869.800048828125,1709380
2026-01-20,3858.0,3874.300048828125,3800.0,3810.5,1658119
2026-01-21,3800.0,3830.0,3722.0,3766.5,2537185
2026-01-22,3798.89990234375,3801.300048828125,3755.10009765625,3793.800048828125,1856812
2026-01-23,3798.0,3799.39990234375,3720.10009765625,3743.800048828125,1898703
2026-01-27,3743.800048828125,3815.0,3739.0,3787.800048828125,2162193
2026-01-28,3804.300048828125,3828.199951171875,3769.10009765625,3794.0,2111741
2026-01-29,3860.0,3960.89990234375,3843.60009765625,3932.89990234375,4227139
2026-01-30,3902.5,3942.39990234375,3891.800048828125,3932.300048828125,2208465
2026-02-02,3830.699951171875,3934.800048828125,3825.0,3921.300048828125,3034613
2026-02-03,4117.0,4122.0,4030.60009765625,4038.800048828125,3742190
2026-02-04,4029.0,4107.0,4016.89990234375,4087.10009765625,1403373
2026-02-05,4088.0,4088.5,4035.89990234375,4063.300048828125,1433240
2026-02-06,4055.0,4078.0,4042.300048828125,4068.10009765625,1630836
2026-02-09,4073.89990234375,4124.7001953125,4062.39990234375,4113.60009765625,1830267
2026-02-10,4140.0,4174.60009765625,4122.39990234375,4169.0,1890409
2026-02-11,4172.89990234375,4187.7001953125,4140.2998046875,4170.39990234375,1689489
2026-02-12,4187.89990234375,4199.0,4160.89990234375,4185.89990234375,2006458
2026-02-13,4174.10009765625,4199.0,4134.10009765625,4173.89990234375,2234376
2026-02-16,4170.0,4206.0,4135.2998046875,4201.5,852552
2026-02-17,4210.10009765625,4287.0,4190.10009765625,4279.7998046875,1763048
2026-02-18,4290.5,4335.0,4261.10009765625,4325.89990234375,2042626
2026-02-19,4326.10009765625,4334.0,4261.89990234375,4280.5,2007080
2026-02-20,4267.10009765625,4390.0,4267.10009765625,4380.60009765625,2542442
2026-02-23,4395.60009765625,4431.60009765625,4371.7001953125,4418.10009765625,2122782
2026-02-24,4415.5,4440.0,4228.10009765625,4259.2001953125,3673070
2026-02-25,4270.0,4344.89990234375,4254.2001953125,4298.5,2481469
2026-02-26,4304.89990234375,4340.0,4278.2998046875,4286.5,2370148
2026-02-27,4288.89990234375,4304.7001953125,4254.39990234375,4278.2998046875,2357853
2026-03-02,4061.0,4141.39990234375,3975.39990234375,4066.699951171875,6542141
2026-03-04,3950.0,3959.0,3760.0,3882.60009765625,7635350
2026-03-05,3924.199951171875,4072.89990234375,3908.89990234375,4038.699951171875,4996312
2026-03-06,4015.0,4015.0,3941.0,3949.800048828125,2379314
2026-03-09,3850.0,3852.0,3743.0,3842.10009765625,4248784
2026-03-10,3936.0,3972.0,3851.0,3876.0,3330102
2026-03-11,3879.699951171875,3896.699951171875,3832.0,3838.800048828125,2066473
2026-03-12,3825.0,3830.0,3704.89990234375,3719.5,4255443
2026-03-13,3696.0,3697.0,3424.5,3439.0,10778730
2026-03-16,3453.5,3494.800048828125,3396.60009765625,3469.39990234375,8459233
2026-03-17,3478.0,3550.0,3450.0,3542.800048828125,5003418
2026-03-18,3569.0,3638.800048828125,3555.0,3607.89990234375,4190485
2026-03-19,3526.699951171875,3528.300048828125,3422.0,3434.5,4898518
2026-03-20,3475.0,3524.0,3410.0,3434.800048828125,4743217
2026-03-23,3405.10009765625,3409.89990234375,3288.10009765625,3342.39990234375,5645839
2026-03-24,3440.0,3547.10009765625,3390.5,3516.800048828125,6037848
2026-03-25,3569.89990234375,3660.0,3546.0,3649.300048828125,5090205
2026-03-27,3640.0,3640.0,3547.0,3564.10009765625,3991388
2026-03-30,3500.0,3543.60009765625,3491.10009765625,3504.10009765625,3549203
2026-04-01,3655.0,3682.89990234375,3597.300048828125,3607.5,4099786
2026-04-02,3539.300048828125,3629.0,3470.0,3613.10009765625,4121638
2026-04-06,3616.60009765625,3737.0,3577.0,3727.699951171875,3353246
2026-04-07,3680.0,3736.199951171875,3658.0,3723.300048828125,3083714
2026-04-08,3948.0,4032.0,3931.0,4005.89990234375,7368477
2026-04-09,3988.0,3988.0,3885.60009765625,3896.199951171875,4415151
2026-04-10,3932.0,3965.0,3915.60009765625,3959.89990234375,2822017
2026-04-13,3825.0,3971.699951171875,3815.60009765625,3954.300048828125,4897563
2026-04-15,4045.39990234375,4104.0,4031.10009765625,4076.300048828125,4562142
2026-04-16,4128.0,4149.0,4089.0,4119.7998046875,5092608
2026-04-17,4134.0,4142.89990234375,4072.800048828125,4096.10009765625,2796673
2026-04-20,4100.0,4130.0,4024.0,4051.0,3545024
2026-04-21,4039.0,4091.800048828125,4032.0,4075.39990234375,2426718
2026-04-22,4070.0,4070.0,4011.0,4021.10009765625,2178082
2026-04-23,4009.89990234375,4064.0,3978.5,4054.10009765625,2229134
2026-04-24,4072.0,4088.10009765625,3983.199951171875,4014.300048828125,2162213
2026-04-27,4058.0,4089.5,4030.199951171875,4053.60009765625,2000348
2026-04-28,4060.0,4087.89990234375,4023.89990234375,4037.699951171875,1750237
2026-04-29,4060.0,4126.0,4051.300048828125,4096.10009765625,2175030
2026-04-30,4083.0,4100.0,3990.0,4014.0,2569328
2026-05-01,4014.0,4014.0,4014.0,4014.0,0
2026-05-04,4026.0,4139.5,4026.0,4100.7998046875,2173027
2026-05-05,4085.0,4090.0,4024.0,4054.5,3849402
2026-05-06,3974.0,4021.0,3900.0,4008.5,9540104
2026-05-07,4028.0,4065.800048828125,3991.0,4023.0,3477185
2026-05-08,4010.0,4014.0,3960.0,3974.5,1620273
2026-05-11,3948.0,3953.5,3886.10009765625,3940.199951171875,2027769
2026-05-12,3925.10009765625,3940.0,3847.0,3856.5,2255075
2026-05-13,3848.0,3953.0,3848.0,3915.800048828125,2486330
2026-05-14,3942.0,3988.0,3925.0,3940.39990234375,2982228
2026-05-15,3949.39990234375,3949.39990234375,3893.0,3909.0,1339185
2026-05-18,3873.89990234375,3924.699951171875,3852.0,3917.800048828125,1771638
2026-05-19,3940.89990234375,3960.0,3900.0,3921.0,2318170
2026-05-20,3901.60009765625,3943.5,3883.10009765625,3910.699951171875,1972259
2026-05-21,3970.0,3970.0,3912.699951171875,3928.5,1624945
2026-05-22,3907.0,3960.0,3900.10009765625,3926.60009765625,1330428
2026-05-25,3970.0,4038.39990234375,3961.5,4033.39990234375,2099927
2026-05-26,4029.60009765625,4052.89990234375,4014.199951171875,4037.800048828125,1552847
2026-05-27,4043.0,4069.89990234375,4017.89990234375,4047.5,1607028
2026-05-28,4047.5,4047.5,4047.5,4047.5,0
2026-05-29,4045.800048828125,4128.0,4045.0,4076.5,4882940
2026-06-01,4089.0,4105.7998046875,4002.10009765625,4010.800048828125,1409388
2026-06-02,3980.0,4017.0,3923.5,4000.89990234375,2085054
2026-06-03,4000.89990234375,4008.0,3894.0,3953.199951171875,1872929
2026-06-04,3945.0,3974.89990234375,3930.10009765625,3942.10009765625,1398297
2026-06-05,3960.0,3978.0,3923.89990234375,3953.199951171875,1278243
2026-06-08,3901.10009765625,3916.699951171875,3863.10009765625,3875.5,1678709
2026-06-09,3924.89990234375,3924.89990234375,3885.0,3900.60009765625,1506501
2026-06-10,3904.0,3962.800048828125,3900.0,3917.5,2033070
2026-06-11,3900.0,3909.800048828125,3854.39990234375,3862.0,2224659
2026-06-12,3930.0,4059.800048828125,3921.0,4049.300048828125,3065790
2026-06-15,4130.0,4214.89990234375,4130.0,4169.7998046875,3978153
2026-06-16,4205.0,4235.39990234375,4177.10009765625,4186.39990234375,2647549
2026-06-17,4200.10009765625,4214.7001953125,4172.0,4207.7001953125,1312925
2026-06-18,4207.7001953125,4244.89990234375,4165.60009765625,4190.0,1485427
2026-06-19,4190.0,4217.5,4161.60009765625,4209.39990234375,1397746
2026-06-22,4228.0,4235.39990234375,4190.0,4201.2998046875,1169466
2026-06-23,4210.0,4242.39990234375,4166.0,4179.39990234375,2198497
2026-06-24,4176.5,4215.0,4170.0,4181.7001953125,1367416
2026-06-25,4207.0,4272.2998046875,4187.10009765625,4216.39990234375,3104020
2026-06-26,4216.39990234375,4216.39990234375,4216.39990234375,4216.39990234375,0
2026-06-29,4225.0,4252.0,4157.7998046875,4165.2001953125,2706906
2026-06-30,4183.0,4193.7998046875,4134.10009765625,4143.39990234375,1539094
2026-07-01,4130.10009765625,4142.7998046875,4081.10009765625,4092.60009765625,1437109
2026-07-02,4100.0,4110.0,4012.0,4059.39990234375,2481554
2026-07-03,4080.0,4094.0,4019.0,4026.60009765625,1505428
2026-07-06,4027.699951171875,4068.0,4016.5,4041.0,1252054
2026-07-07,4044.5,4046.300048828125,3975.0,3991.89990234375,2442514
2026-07-08,3950.0,3988.0,3871.0,3892.10009765625,2252308
2026-07-09,3916.0,3947.300048828125,3867.800048828125,3886.0,5117653
2026-07-10,3905.0,3953.800048828125,3905.0,3945.800048828125,1283990
2026-07-13,3895.0,3939.0,3875.60009765625,3928.5,1744547
2026-07-14,3892.0,3897.89990234375,3843.0,3848.699951171875,2409089
2026-07-15,3868.0,3868.0,3778.60009765625,3783.89990234375,3602201
2026-07-16,3795.0,3802.0,3762.300048828125,3775.60009765625,2936753
2026-07-17,3788.89990234375,3828.89990234375,3767.699951171875,3814.5,1942610
2026-07-20,3815.0,3850.0,3807.0,3838.800048828125,1450930
2026-07-21,3839.0,3859.5,3815.699951171875,3846.60009765625,1393919
2026-07-22,3835.0,3843.300048828125,3806.199951171875,3817.39990234375,1157406
2026-07-23,3800.0,3827.60009765625,3777.699951171875,3792.39990234375,1278355
2026-07-24,3751.0,3805.0,3720.0,3785.60009765625,1994087
2026-07-27,3820.0,3837.300048828125,3798.699951171875,3806.0,1454211
2026-07-28,3812.0,3837.0,3793.0,3832.0,1702441
2026-07-29,3895.39990234375,3978.199951171875,3891.10009765625,3931.39990234375,3115802
2026-07-30,3931.39990234375,3951.699951171875,3883.5,3937.699951171875,2141252
2026-07-31,3962.89990234375,3973.10009765625,3923.199951171875,3938.89990234375,1753377
2026-08-03,3974.0,4025.0,3962.5,4025.0,1890377
2026-08-04,4007.199951171875,4042.39990234375,3988.199951171875,3990.0,1827982
2026-08-05,4025.0,4074.0,4024.800048828125,4057.0,1910224
2026-08-06,4056.0,4070.0,4045.0,4061.800048828125,1401341
2026-08-07,4040.10009765625,4062.0,4030.0,4056.0,901290
