date,open,high,low,close,volume
2004-11-05,73.33333587646484,73.33333587646484,58.33333206176758,62.95833206176758,279042883
2004-11-08,64.0,65.5,62.5,62.666664123535156,82638332
2004-11-09,62.58333206176758,63.416664123535156,62.125,62.75,44953063
2004-11-10,62.916664123535156,63.291664123535156,62.5,62.541664123535156,20896119
2004-11-11,62.791664123535156,62.83333206176758,61.916664123535156,62.041664123535156,19153711
2004-11-12,62.5,68.66666412353516,61.375,62.20833206176758,5104155
2004-11-15,62.20833206176758,62.20833206176758,62.20833206176758,62.20833206176758,0
2004-11-16,62.25,62.33333206176758,61.0,61.375,15905272
2004-11-17,61.416664123535156,62.666664123535156,61.25,61.33333206176758,24043420
2004-11-18,62.5,66.54166412353516,61.25,61.375,21545230
2004-11-19,61.375,62.375,61.25,61.291664123535156,19074889
2004-11-22,61.33333206176758,62.541664123535156,60.0,62.041664123535156,33741682
2004-11-23,62.5,63.75,62.45833206176758,63.20833206176758,35706926
2004-11-24,63.791664123535156,65.0,63.5,64.83333587646484,36985500
2004-11-25,64.91666412353516,65.83333587646484,64.0,64.20833587646484,28246130
2004-11-26,64.20833587646484,64.20833587646484,64.20833587646484,64.20833587646484,0
2004-11-29,64.33333587646484,65.0,63.95833206176758,64.41666412353516,17041910
2004-11-30,64.91666412353516,66.41666412353516,64.04166412353516,65.91666412353516,47944693
2004-12-01,66.25,67.08333587646484,65.83333587646484,66.41666412353516,40466184
2004-12-02,67.08333587646484,67.79166412353516,66.625,67.04166412353516,21840421
2004-12-03,67.29166412353516,67.41666412353516,66.04166412353516,66.33333587646484,15302190
2004-12-06,68.0,68.41666412353516,66.375,66.58333587646484,13179942
2004-12-07,66.83333587646484,68.125,66.29166412353516,67.04166412353516,25779588
2004-12-08,67.25,67.66666412353516,66.29166412353516,66.66666412353516,26046708
2004-12-09,66.58333587646484,66.95833587646484,66.33333587646484,66.66666412353516,11302275
2004-12-10,68.0,68.0,65.58333587646484,65.83333587646484,11900146
2004-12-13,65.95833587646484,66.66666412353516,65.70833587646484,66.33333587646484,8461089
2004-12-14,66.75,68.125,66.5,68.0,19229175
2004-12-15,68.33333587646484,70.41666412353516,68.29166412353516,70.08333587646484,28750713
2004-12-16,70.41666412353516,70.83333587646484,69.58333587646484,69.83333587646484,11662995
2004-12-17,70.08333587646484,70.16666412353516,68.75,69.16666412353516,10503541
2004-12-20,69.16666412353516,69.95833587646484,69.16666412353516,69.375,7543022
2004-12-21,69.58333587646484,70.66666412353516,69.54166412353516,70.41666412353516,12386305
2004-12-22,70.79166412353516,70.79166412353516,69.08333587646484,69.29166412353516,10146313
2004-12-23,69.16666412353516,70.0,69.16666412353516,69.375,6996610
2004-12-24,69.79166412353516,70.33333587646484,69.41666412353516,69.70833587646484,6717558
2004-12-27,69.58333587646484,71.25,69.16666412353516,70.875,13158428
2004-12-28,71.20833587646484,72.625,71.08333587646484,72.45833587646484,12664876
2004-12-29,72.5,74.25,72.16666412353516,72.54166412353516,19708872
2004-12-30,72.625,73.16666412353516,71.08333587646484,71.375,19720972
2004-12-31,71.75,73.25,71.66666412353516,72.70833587646484,7890946
2005-01-03,73.33333587646484,74.0,72.54166412353516,73.75,12163233
2005-01-04,73.875,74.70833587646484,73.04166412353516,74.0,13687440
2005-01-05,73.70833587646484,74.25,68.54166412353516,70.70833587646484,17104466
2005-01-06,70.625,70.625,68.0,68.91666412353516,22095028
2005-01-07,69.91666412353516,69.95833587646484,69.0,69.45833587646484,9361992
2005-01-10,73.33333587646484,73.33333587646484,69.25,69.54166412353516,8200237
2005-01-11,69.58333587646484,69.83333587646484,67.95833587646484,68.16666412353516,9977935
2005-01-12,67.5,68.75,65.0,65.875,17880980
2005-01-13,66.91666412353516,68.75,66.33333587646484,68.16666412353516,13217640
2005-01-14,68.625,68.83333587646484,67.16666412353516,67.625,12506623
2005-01-17,68.33333587646484,68.41666412353516,65.91666412353516,67.70833587646484,11141163
2005-01-18,67.91666412353516,68.41666412353516,67.5,67.79166412353516,7756406
2005-01-19,67.5,68.375,66.25,66.5,10792112
2005-01-20,66.66666412353516,66.66666412353516,64.58333587646484,65.20833587646484,10544514
2005-01-24,70.58333587646484,70.58333587646484,64.79166412353516,65.04166412353516,4581762
2005-01-25,65.41666412353516,67.58333587646484,64.5,67.33333587646484,22563696
2005-01-27,67.91666412353516,68.16666412353516,66.16666412353516,66.58333587646484,13667186
2005-01-28,67.29166412353516,68.79166412353516,67.08333587646484,68.54166412353516,15215167
2005-01-31,68.75,72.5,68.75,72.08333587646484,34446121
2005-02-01,72.5,75.5,71.08333587646484,74.29166412353516,51985410
2005-02-02,74.58333587646484,76.04166412353516,74.125,74.79166412353516,34264606
2005-02-03,75.16666412353516,77.0,75.16666412353516,76.54166412353516,21975579
2005-02-04,77.04166412353516,77.41666412353516,75.20833587646484,76.45833587646484,26055172
2005-02-07,77.83333587646484,78.08333587646484,76.58333587646484,77.16666412353516,21897768
2005-02-08,77.5,77.66666412353516,75.83333587646484,76.125,14936902
2005-02-09,76.58333587646484,77.04166412353516,76.0,76.625,10829342
2005-02-10,78.16666412353516,78.16666412353516,76.04166412353516,76.70833587646484,11229171
2005-02-11,77.04166412353516,77.45833587646484,76.54166412353516,76.79166412353516,7557026
2005-02-14,77.25,77.5,76.45833587646484,76.70833587646484,7011639
2005-02-15,76.91666412353516,77.875,76.08333587646484,77.20833587646484,19604012
2005-02-16,77.5,77.83333587646484,76.54166412353516,76.75,14322358
2005-02-17,76.66666412353516,77.375,76.0,77.0,12975904
2005-02-18,77.25,78.58333587646484,77.125,77.75,16123810
2005-02-21,77.95833587646484,78.41666412353516,76.66666412353516,77.0,9124350
2005-02-22,77.125,77.29166412353516,76.58333587646484,77.20833587646484,7732782
2005-02-23,77.5,79.33333587646484,76.66666412353516,79.08333587646484,17505744
2005-02-24,79.58333587646484,79.58333587646484,77.79166412353516,78.20833587646484,18325854
2005-02-25,78.29166412353516,78.29166412353516,76.75,77.08333587646484,9350716
2005-02-28,77.29166412353516,78.16666412353516,76.91666412353516,77.5,11375136
2005-03-01,77.91666412353516,77.91666412353516,77.0,77.5,6108627
2005-03-02,77.375,78.33333587646484,77.375,77.83333587646484,5037324
2005-03-03,77.875,78.45833587646484,77.79166412353516,78.29166412353516,4743553
2005-03-04,78.45833587646484,79.04166412353516,78.04166412353516,78.29166412353516,7437644
2005-03-07,78.375,78.83333587646484,76.58333587646484,76.83333587646484,13698188
2005-03-08,77.91666412353516,78.54166412353516,76.5,78.25,10172664
2005-03-09,78.54166412353516,78.66666412353516,76.58333587646484,77.08333587646484,8272939
2005-03-10,77.25,77.66666412353516,76.75,77.54166412353516,5171821
2005-03-11,77.83333587646484,78.33333587646484,77.5,77.91666412353516,6961393
2005-03-14,77.83333587646484,78.08333587646484,77.125,77.5,3428025
2005-03-15,77.66666412353516,78.16666412353516,76.33333587646484,76.45833587646484,5229544
2005-03-16,76.625,77.04166412353516,75.91666412353516,76.125,2940363
2005-03-17,76.25,76.25,74.625,75.04166412353516,3161128
2005-03-18,75.0,75.33333587646484,72.79166412353516,74.75,5950956
2005-03-21,74.91666412353516,74.95833587646484,73.33333587646484,73.45833587646484,2526499
2005-03-22,73.58333587646484,74.08333587646484,71.08333587646484,71.41666412353516,6265648
2005-03-23,79.58333587646484,79.58333587646484,69.375,69.95833587646484,7610011
2005-03-24,69.58333587646484,70.75,69.16666412353516,70.08333587646484,6350264
2005-03-28,71.16666412353516,72.20833587646484,70.16666412353516,71.75,6776629
2005-03-29,72.45833587646484,72.45833587646484,70.16666412353516,70.625,6381501
2005-03-30,71.16666412353516,71.66666412353516,70.29166412353516,71.125,4986117
2005-03-31,71.45833587646484,72.04166412353516,70.75,71.08333587646484,7579984
2005-04-01,82.5,82.5,71.0,73.0,5282652
2005-04-04,72.95833587646484,74.91666412353516,71.41666412353516,71.66666412353516,7192185
2005-04-05,72.33333587646484,72.33333587646484,69.91666412353516,71.625,7638286
2005-04-06,71.66666412353516,71.66666412353516,70.41666412353516,70.83333587646484,5135911
2005-04-07,70.83333587646484,71.54166412353516,70.5,70.875,3493468
2005-04-08,71.25,71.79166412353516,70.83333587646484,71.54166412353516,10626394
2005-04-11,71.66666412353516,71.66666412353516,70.16666412353516,70.83333587646484,3743150
2005-04-12,71.04166412353516,71.375,70.45833587646484,71.25,2742658
2005-04-13,71.45833587646484,71.95833587646484,70.83333587646484,71.75,9294199
2005-04-15,71.25,71.25,69.66666412353516,70.0,7040632
2005-04-18,69.16666412353516,69.79166412353516,66.66666412353516,69.20833587646484,5813714
2005-04-19,69.54166412353516,70.41666412353516,69.16666412353516,69.5,4192336
2005-04-20,69.66666412353516,70.79166412353516,69.20833587646484,70.45833587646484,3868274
2005-04-21,70.75,71.25,69.58333587646484,71.04166412353516,2150659
2005-04-22,71.125,71.45833587646484,70.625,70.91666412353516,2223810
2005-04-25,70.91666412353516,71.66666412353516,70.70833587646484,71.625,2630864
2005-04-26,71.58333587646484,71.875,71.125,71.45833587646484,4058134
2005-04-27,70.83333587646484,71.54166412353516,70.04166412353516,70.41666412353516,2715512
2005-04-28,70.41666412353516,70.41666412353516,67.29166412353516,68.0,15146318
2005-04-29,67.95833587646484,69.16666412353516,67.83333587646484,68.45833587646484,6940116
2005-05-02,68.66666412353516,68.91666412353516,67.625,68.41666412353516,2775561
2005-05-03,68.70833587646484,68.70833587646484,68.04166412353516,68.375,1882176
2005-05-04,68.54166412353516,68.83333587646484,68.25,68.375,2772879
2005-05-05,68.66666412353516,69.45833587646484,68.58333587646484,68.83333587646484,2929875
2005-05-06,68.83333587646484,69.33333587646484,68.58333587646484,69.16666412353516,2120811
2005-05-09,69.16666412353516,70.45833587646484,69.16666412353516,70.25,4601506
2005-05-10,70.75,71.29166412353516,70.33333587646484,70.66666412353516,4950649
2005-05-11,71.16666412353516,71.66666412353516,70.0,70.79166412353516,4892307
2005-05-12,70.83333587646484,71.25,70.41666412353516,70.58333587646484,2208519
2005-05-13,70.41666412353516,70.79166412353516,69.75,70.5,2057976
2005-05-16,70.83333587646484,71.25,70.45833587646484,70.91666412353516,3278509
2005-05-17,70.5,71.25,69.58333587646484,69.83333587646484,1394779
2005-05-18,69.91666412353516,70.58333587646484,69.375,70.29166412353516,2263226
2005-05-19,70.58333587646484,70.79166412353516,70.0,70.0,931623
2005-05-20,70.0,70.20833587646484,69.45833587646484,69.83333587646484,1914892
2005-05-23,70.0,70.375,69.66666412353516,70.08333587646484,1451638
2005-05-24,70.41666412353516,70.41666412353516,69.75,69.875,1410805
2005-05-25,69.875,70.33333587646484,67.70833587646484,70.0,1504423
2005-05-26,70.125,70.125,68.375,68.70833587646484,11096572
2005-05-27,69.16666412353516,70.08333587646484,69.0,69.25,4510701
2005-05-30,69.91666412353516,69.91666412353516,68.70833587646484,69.0,1597528
2005-05-31,69.83333587646484,69.83333587646484,68.95833587646484,69.58333587646484,2384834
2005-06-01,69.41666412353516,69.91666412353516,69.41666412353516,69.625,1894700
2005-06-02,69.91666412353516,70.16666412353516,68.5,68.625,2128778
2005-06-03,68.625,69.45833587646484,68.58333587646484,69.33333587646484,2940793
2005-06-06,69.5,73.08333587646484,69.25,71.375,14845281
2005-06-07,72.58333587646484,72.58333587646484,71.45833587646484,71.66666412353516,3672279
2005-06-08,72.08333587646484,72.58333587646484,71.58333587646484,72.125,3469869
2005-06-09,72.29166412353516,72.5,71.45833587646484,71.58333587646484,2383323
2005-06-10,72.08333587646484,72.20833587646484,71.0,71.33333587646484,2814424
2005-06-13,72.0,72.0,70.58333587646484,70.83333587646484,2927826
2005-06-14,71.58333587646484,71.58333587646484,69.0,69.16666412353516,5781656
2005-06-15,69.20833587646484,70.16666412353516,69.20833587646484,69.79166412353516,2040284
2005-06-16,69.875,70.125,69.0,69.08333587646484,1268052
2005-06-17,69.375,69.375,68.75,69.125,2357138
2005-06-20,69.91666412353516,69.91666412353516,68.79166412353516,69.125,1709616
2005-06-21,69.16666412353516,69.375,68.33333587646484,69.125,2324115
2005-06-22,69.58333587646484,70.79166412353516,69.16666412353516,70.16666412353516,5326227
2005-06-23,70.41666412353516,71.41666412353516,70.08333587646484,70.29166412353516,4694352
2005-06-24,70.08333587646484,71.66666412353516,69.58333587646484,71.29166412353516,4311288
2005-06-27,69.375,72.04166412353516,69.375,70.58333587646484,4361748
2005-06-28,70.70833587646484,70.70833587646484,68.79166412353516,69.04166412353516,3276250
2005-06-29,69.25,70.125,69.04166412353516,69.95833587646484,2680621
2005-06-30,70.08333587646484,70.5,68.83333587646484,69.16666412353516,6026152
2005-07-01,69.58333587646484,71.41666412353516,69.375,70.83333587646484,4060176
2005-07-04,71.5,73.25,71.04166412353516,72.70833587646484,7433239
2005-07-05,73.33333587646484,73.54166412353516,71.29166412353516,71.75,6334868
2005-07-06,72.16666412353516,74.83333587646484,72.0,74.41666412353516,13292671
2005-07-07,74.79166412353516,75.20833587646484,72.08333587646484,72.66666412353516,7875871
2005-07-08,73.29166412353516,74.29166412353516,72.83333587646484,73.95833587646484,4128958
2005-07-11,74.79166412353516,76.04166412353516,74.33333587646484,75.0,7688170
2005-07-12,75.54166412353516,75.58333587646484,74.25,75.20833587646484,4935207
2005-07-13,75.625,75.83333587646484,74.58333587646484,75.0,4272448
2005-07-14,75.33333587646484,76.58333587646484,74.16666412353516,76.29166412353516,7632706
2005-07-15,75.04166412353516,76.875,75.04166412353516,76.625,6760866
2005-07-18,76.875,76.95833587646484,76.25,76.625,3642909
2005-07-19,75.91666412353516,77.08333587646484,75.91666412353516,76.66666412353516,3925934
2005-07-20,77.08333587646484,77.91666412353516,76.625,76.83333587646484,3236241
2005-07-21,77.29166412353516,77.5,75.75,76.75,7763937
2005-07-22,69.125,77.5,69.125,77.25,2693007
2005-07-25,77.45833587646484,81.58333587646484,77.16666412353516,81.04166412353516,17576307
2005-07-26,81.04166412353516,81.16666412353516,78.75,79.125,6376786
2005-07-27,79.45833587646484,79.58333587646484,78.08333587646484,78.58333587646484,3460971
2005-07-28,78.58333587646484,78.58333587646484,78.58333587646484,78.58333587646484,0
2005-07-29,79.29166412353516,79.875,76.70833587646484,78.16666412353516,15467214
2005-08-01,78.58333587646484,82.25,77.66666412353516,82.0,12007342
2005-08-02,82.5,83.54166412353516,81.75,82.45833587646484,7836043
2005-08-03,83.25,83.25,80.41666412353516,80.75,5438194
2005-08-04,80.75,81.66666412353516,79.83333587646484,80.08333587646484,5839686
2005-08-05,80.20833587646484,81.16666412353516,79.66666412353516,80.41666412353516,4478028
2005-08-08,80.45833587646484,81.04166412353516,79.375,80.625,6134382
2005-08-09,81.04166412353516,81.83333587646484,80.41666412353516,81.45833587646484,10624269
2005-08-10,80.83333587646484,81.66666412353516,79.16666412353516,80.58333587646484,4850857
2005-08-11,81.58333587646484,81.58333587646484,80.58333587646484,80.875,4261576
2005-08-12,80.875,81.25,79.75,80.125,3501807
2005-08-16,83.33333587646484,83.33333587646484,80.04166412353516,80.79166412353516,5892031
2005-08-17,80.25,81.04166412353516,79.79166412353516,80.79166412353516,4096611
2005-08-18,81.04166412353516,81.70833587646484,80.70833587646484,81.16666412353516,6926876
2005-08-19,81.41666412353516,81.66666412353516,80.20833587646484,80.70833587646484,4346886
2005-08-22,80.83333587646484,81.58333587646484,79.91666412353516,80.66666412353516,3250418
2005-08-23,80.83333587646484,80.91666412353516,79.75,80.66666412353516,3695304
2005-08-24,79.75,80.66666412353516,78.16666412353516,80.25,3732639
2005-08-25,80.0,82.04166412353516,80.0,80.79166412353516,7767835
2005-08-26,81.75,82.875,81.70833587646484,82.58333587646484,7039450
2005-08-29,82.58333587646484,83.20833587646484,81.70833587646484,82.58333587646484,3817153
2005-08-30,83.20833587646484,85.125,82.375,84.83333587646484,8507703
2005-08-31,84.83333587646484,85.54166412353516,84.04166412353516,85.04166412353516,5372242
2005-09-01,85.41666412353516,86.875,84.66666412353516,86.58333587646484,6211816
2005-09-02,86.5,86.91666412353516,85.41666412353516,86.375,4662752
2005-09-05,86.79166412353516,87.33333587646484,86.0,86.25,3683371
2005-09-06,86.33333587646484,86.66666412353516,85.45833587646484,85.95833587646484,1581228
2005-09-08,85.0,86.45833587646484,84.625,86.16666412353516,4046960
2005-09-09,86.08333587646484,86.08333587646484,85.08333587646484,85.54166412353516,1720358
2005-09-12,85.41666412353516,86.54166412353516,85.125,86.20833587646484,2604115
2005-09-13,85.83333587646484,86.5,84.875,85.83333587646484,1530318
2005-09-14,85.5,87.70833587646484,84.79166412353516,85.375,5520868
2005-09-15,85.79166412353516,86.41666412353516,84.79166412353516,85.25,2383270
2005-09-16,85.5,87.5,85.08333587646484,86.75,7059681
2005-09-19,86.66666412353516,87.45833587646484,85.29166412353516,85.45833587646484,4741778
2005-09-20,85.5,86.625,85.08333587646484,86.33333587646484,4057971
2005-09-21,86.66666412353516,90.95833587646484,82.5,90.0,10175421
2005-09-22,89.58333587646484,90.375,85.08333587646484,85.79166412353516,4970695
2005-09-23,85.83333587646484,87.5,84.41666412353516,85.25,3364087
2005-09-26,85.83333587646484,89.45833587646484,85.83333587646484,89.04166412353516,3132052
2005-09-27,89.16666412353516,89.79166412353516,87.125,88.29166412353516,2480824
2005-09-28,87.95833587646484,91.45833587646484,87.91666412353516,91.0,6013798
2005-09-29,90.83333587646484,91.25,88.54166412353516,89.70833587646484,2768629
2005-09-30,88.33333587646484,90.33333587646484,87.29166412353516,88.29166412353516,3225936
2005-10-03,89.125,89.16666412353516,87.75,88.29166412353516,3570984
2005-10-04,88.33333587646484,89.16666412353516,87.75,88.83333587646484,7038571
2005-10-05,90.83333587646484,90.95833587646484,88.75,89.95833587646484,6620883
2005-10-06,89.16666412353516,91.66666412353516,88.375,89.95833587646484,9196647
2005-10-07,90.75,91.45833587646484,89.25,89.5,3251436
2005-10-10,89.91666412353516,90.0,87.66666412353516,88.0,3053714
2005-10-11,88.58333587646484,88.875,87.08333587646484,87.66666412353516,3357207
2005-10-13,87.75,87.875,85.5,85.91666412353516,2054914
2005-10-14,88.0,88.0,85.20833587646484,85.54166412353516,3225828
2005-10-17,87.08333587646484,87.08333587646484,83.58333587646484,84.20833587646484,2336038
2005-10-18,87.08333587646484,87.5,81.25,82.29166412353516,3121414
2005-10-19,82.5,83.95833587646484,79.16666412353516,81.41666412353516,4909842
2005-10-20,81.66666412353516,84.83333587646484,80.95833587646484,82.16666412353516,5171348
2005-10-21,82.5,82.5,78.83333587646484,81.5,6006582
2005-10-24,81.66666412353516,82.375,80.0,81.16666412353516,4344340
2005-10-25,81.375,82.91666412353516,80.25,82.375,4495058
2005-10-26,81.5,82.625,79.29166412353516,79.91666412353516,4181930
2005-10-27,80.41666412353516,81.83333587646484,77.29166412353516,78.16666412353516,11978725
2005-10-28,77.58333587646484,79.08333587646484,76.5,78.5,5708278
2005-10-31,78.625,81.25,78.375,80.95833587646484,2851002
2005-11-02,80.83333587646484,81.66666412353516,79.95833587646484,81.25,2447100
2005-11-04,81.25,81.25,81.25,81.25,0
2005-11-07,81.25,83.54166412353516,81.20833587646484,81.70833587646484,2498920
2005-11-08,82.33333587646484,86.875,81.70833587646484,85.20833587646484,12596865
2005-11-09,85.25,86.29166412353516,82.54166412353516,83.20833587646484,5372779
2005-11-10,83.75,84.79166412353516,83.0,83.375,3034269
2005-11-11,84.16666412353516,87.08333587646484,83.83333587646484,86.70833587646484,6832394
2005-11-14,87.08333587646484,87.5,85.75,86.625,1579156
2005-11-16,86.04166412353516,87.375,86.04166412353516,86.29166412353516,1612423
2005-11-17,86.66666412353516,87.41666412353516,86.04166412353516,86.70833587646484,1163446
2005-11-18,86.75,87.91666412353516,84.83333587646484,85.41666412353516,5514091
2005-11-21,86.0,87.58333587646484,84.33333587646484,86.75,5641333
2005-11-22,86.75,87.0,85.41666412353516,86.25,2098209
2005-11-23,85.83333587646484,87.08333587646484,85.0,85.66666412353516,2449347
2005-11-24,85.0,86.625,85.0,85.45833587646484,1564448
2005-11-25,85.58333587646484,86.5,85.5,85.91666412353516,1779430
2005-11-28,88.54166412353516,89.79166412353516,88.125,89.20833587646484,4709002
2005-11-29,89.58333587646484,89.79166412353516,86.79166412353516,87.54166412353516,2138724
2005-11-30,87.875,88.70833587646484,86.54166412353516,86.875,2423460
2005-12-01,87.45833587646484,88.25,86.41666412353516,87.375,2287906
2005-12-02,87.5,88.33333587646484,86.25,86.54166412353516,1542573
2005-12-05,84.5,87.41666412353516,84.16666412353516,85.625,1322164
2005-12-06,85.83333587646484,86.79166412353516,85.20833587646484,85.91666412353516,2460332
2005-12-07,85.91666412353516,87.75,85.75,86.95833587646484,4865184
2005-12-08,87.375,87.45833587646484,85.66666412353516,86.33333587646484,2744271
2005-12-09,87.04166412353516,88.125,86.375,87.95833587646484,2566724
2005-12-12,88.125,89.33333587646484,87.33333587646484,89.04166412353516,3636440
2005-12-13,89.08333587646484,89.75,88.04166412353516,89.08333587646484,2970343
2005-12-14,89.0,90.83333587646484,88.33333587646484,90.25,4745539
2005-12-15,90.70833587646484,90.79166412353516,87.91666412353516,88.20833587646484,1090989
2005-12-16,88.33333587646484,89.41666412353516,87.54166412353516,88.91666412353516,2680216
2005-12-19,89.20833587646484,89.25,87.66666412353516,88.29166412353516,2418192
2005-12-20,87.91666412353516,93.125,87.91666412353516,92.29166412353516,11503945
2005-12-21,93.25,93.25,90.91666412353516,92.54166412353516,5667063
2005-12-22,92.91666412353516,94.58333587646484,91.91666412353516,94.16666412353516,6296605
2005-12-23,94.58333587646484,94.91666412353516,89.375,90.08333587646484,5053946
2005-12-26,90.0,90.20833587646484,87.95833587646484,88.25,3863569
2005-12-27,88.25,90.41666412353516,87.58333587646484,90.20833587646484,1324669
2005-12-28,90.41666412353516,92.70833587646484,89.54166412353516,91.83333587646484,4203852
2005-12-29,91.83333587646484,93.0,91.125,91.79166412353516,4763624
2005-12-30,91.75,93.79166412353516,90.91666412353516,93.33333587646484,3884166
2006-01-02,93.66666412353516,93.70833587646484,92.08333587646484,92.5,522862
2006-01-03,92.5,93.66666412353516,92.08333587646484,93.41666412353516,665920
2006-01-04,93.66666412353516,96.5,93.54166412353516,95.91666412353516,4677666
2006-01-05,95.83333587646484,97.58333587646484,94.25,95.04166412353516,3172017
2006-01-06,95.41666412353516,96.04166412353516,94.66666412353516,95.20833587646484,1085485
2006-01-09,98.33333587646484,98.33333587646484,94.83333587646484,95.20833587646484,6709496
2006-01-10,95.41666412353516,97.70833587646484,95.0,96.58333587646484,3637624
2006-01-12,97.58333587646484,98.16666412353516,95.25,97.04166412353516,4185153
2006-01-13,97.41666412353516,97.91666412353516,95.91666412353516,96.33333587646484,3293721
2006-01-16,96.66666412353516,96.79166412353516,94.375,94.75,1356850
2006-01-17,95.20833587646484,95.54166412353516,92.08333587646484,92.66666412353516,3988780
2006-01-18,92.5,93.33333587646484,91.04166412353516,91.83333587646484,2886445
2006-01-19,91.83333587646484,94.58333587646484,91.83333587646484,94.16666412353516,1563042
2006-01-20,94.33333587646484,95.16666412353516,93.5,93.70833587646484,1540024
2006-01-23,93.54166412353516,94.33333587646484,93.16666412353516,93.33333587646484,1015195
2006-01-24,94.33333587646484,94.70833587646484,93.33333587646484,94.25,2481194
2006-01-25,94.33333587646484,94.91666412353516,92.45833587646484,93.29166412353516,1897899
2006-01-27,94.16666412353516,96.45833587646484,94.04166412353516,95.0,5665734
2006-01-30,96.66666412353516,96.66666412353516,93.79166412353516,94.125,2396570
2006-01-31,95.08333587646484,97.41666412353516,94.58333587646484,95.41666412353516,13209134
2006-02-01,96.08333587646484,97.91666412353516,95.54166412353516,96.58333587646484,4431958
2006-02-02,96.0,97.20833587646484,95.5,95.91666412353516,1040521
2006-02-03,95.75,98.91666412353516,95.75,98.20833587646484,4787193
2006-02-06,98.33333587646484,100.125,98.33333587646484,98.66666412353516,3867030
2006-02-07,99.16666412353516,100.16666412353516,99.08333587646484,99.91666412353516,2730688
2006-02-08,99.91666412353516,102.29166412353516,99.16666412353516,101.875,5610171
2006-02-10,101.875,102.41666412353516,100.54166412353516,101.0,3879676
2006-02-13,100.875,100.875,95.95833587646484,99.95833587646484,2563257
2006-02-14,99.79166412353516,100.08333587646484,98.33333587646484,98.75,3149287
2006-02-15,98.75,104.0,98.75,103.41666412353516,12139212
2006-02-16,98.75,104.95833587646484,98.75,103.75,4806898
2006-02-17,103.95833587646484,104.70833587646484,100.91666412353516,101.625,4818618
2006-02-20,101.66666412353516,102.66666412353516,100.83333587646484,102.33333587646484,3287932
2006-02-21,102.5,103.875,102.125,102.41666412353516,2677657
2006-02-22,102.5,109.08333587646484,102.29166412353516,108.04166412353516,6971108
2006-02-23,108.08333587646484,112.33333587646484,107.0,109.33333587646484,13658602
2006-02-24,109.16666412353516,111.91666412353516,109.16666412353516,110.58333587646484,4217091
2006-02-27,111.25,111.70833587646484,110.16666412353516,111.375,4846699
2006-02-28,111.70833587646484,112.5,108.33333587646484,109.29166412353516,6984183
2006-03-01,110.41666412353516,111.25,108.79166412353516,110.83333587646484,4073925
2006-03-02,111.25,113.125,109.375,110.29166412353516,6956978
2006-03-03,110.0,111.375,108.875,109.25,3389964
2006-03-06,110.0,114.29166412353516,110.0,113.41666412353516,8753725
2006-03-07,113.75,116.5,113.75,115.0,8789065
2006-03-08,114.5,115.45833587646484,110.875,111.75,7486602
2006-03-09,112.08333587646484,113.75,110.83333587646484,113.16666412353516,2590677
2006-03-10,114.0,115.29166412353516,113.41666412353516,114.125,2657442
2006-03-13,114.91666412353516,118.33333587646484,114.20833587646484,116.16666412353516,5114572
2006-03-14,116.75,117.70833587646484,114.16666412353516,114.91666412353516,3052716
2006-03-16,116.66666412353516,116.66666412353516,112.625,113.29166412353516,5191208
2006-03-17,112.58333587646484,115.75,112.58333587646484,114.375,2741082
2006-03-20,115.0,115.75,114.29166412353516,114.75,3491366
2006-03-21,115.20833587646484,117.33333587646484,114.79166412353516,115.125,4907133
2006-03-22,115.0,115.25,113.625,114.16666412353516,5786082
2006-03-23,115.0,115.0,112.41666412353516,113.125,6070077
2006-03-24,113.75,114.375,112.54166412353516,112.95833587646484,4524266
2006-03-27,114.45833587646484,114.91666412353516,113.33333587646484,114.04166412353516,3314450
2006-03-28,114.83333587646484,114.83333587646484,112.75,113.16666412353516,3482277
2006-03-29,113.33333587646484,113.75,112.25,112.70833587646484,1860073
2006-03-30,112.91666412353516,113.70833587646484,110.41666412353516,110.875,4624676
2006-03-31,111.33333587646484,113.20833587646484,111.25,111.75,5407134
2006-04-03,113.20833587646484,114.375,112.5,112.83333587646484,4955148
2006-04-04,113.33333587646484,115.45833587646484,113.33333587646484,114.0,8450972
2006-04-05,115.0,116.41666412353516,114.29166412353516,115.79166412353516,4434003
2006-04-07,116.66666412353516,118.83333587646484,114.16666412353516,114.875,11692426
2006-04-10,118.83333587646484,118.83333587646484,113.54166412353516,114.125,4097570
2006-04-12,115.0,116.75,113.0,113.58333587646484,7083028
2006-04-13,114.16666412353516,116.33333587646484,106.25,114.95833587646484,8980795
2006-04-17,115.08333587646484,116.66666412353516,114.66666412353516,115.0,12696256
2006-04-18,115.41666412353516,117.04166412353516,115.0,116.33333587646484,3951499
2006-04-19,116.66666412353516,120.20833587646484,116.66666412353516,118.91666412353516,7346060
2006-04-20,117.125,120.75,115.16666412353516,116.0,8554742
2006-04-21,115.95833587646484,116.66666412353516,112.375,113.29166412353516,3915998
2006-04-24,113.33333587646484,114.45833587646484,111.25,111.70833587646484,6282261
2006-04-25,110.83333587646484,111.66666412353516,106.5,107.08333587646484,8504127
2006-04-26,109.08333587646484,109.75,107.25,109.25,3236005
2006-04-27,109.75,110.58333587646484,107.5,107.83333587646484,5564089
2006-04-28,106.95833587646484,113.75,100.91666412353516,113.16666412353516,6778545
2006-05-02,112.5,115.83333587646484,112.16666412353516,112.54166412353516,2403027
2006-05-03,113.5,114.0,112.04166412353516,112.5,2845204
2006-05-04,113.33333587646484,114.08333587646484,109.91666412353516,110.45833587646484,3110049
2006-05-05,110.83333587646484,112.33333587646484,110.16666412353516,110.41666412353516,1879905
2006-05-08,110.83333587646484,111.625,108.33333587646484,108.79166412353516,9435357
2006-05-09,110.41666412353516,110.41666412353516,106.70833587646484,107.83333587646484,13389532
2006-05-10,109.16666412353516,109.95833587646484,107.66666412353516,108.0,8397000
2006-05-11,109.20833587646484,109.54166412353516,107.08333587646484,107.58333587646484,2878369
2006-05-12,107.5,110.20833587646484,106.25,109.16666412353516,5862961
2006-05-15,109.16666412353516,110.41666412353516,105.54166412353516,107.25,4608276
2006-05-16,108.125,110.5,100.91666412353516,109.16666412353516,9388134
2006-05-17,109.91666412353516,111.58333587646484,108.16666412353516,108.79166412353516,5656334
2006-05-18,108.16666412353516,108.16666412353516,101.66666412353516,103.125,6087843
2006-05-19,105.83333587646484,107.5,95.45833587646484,98.5,6120337
2006-05-22,101.66666412353516,102.375,70.91666412353516,92.95833587646484,13721882
2006-05-23,94.16666412353516,99.16666412353516,85.08333587646484,97.625,6588608
2006-05-24,97.5,102.83333587646484,95.41666412353516,99.04166412353516,13065013
2006-05-25,99.16666412353516,103.75,95.0,98.16666412353516,4539127
2006-05-26,97.91666412353516,100.91666412353516,96.75,97.70833587646484,6721026
2006-05-29,95.04166412353516,99.08333587646484,94.41666412353516,95.16666412353516,4453638
2006-05-30,95.83333587646484,96.5,94.625,95.66666412353516,2266550
2006-05-31,91.66666412353516,94.95833587646484,91.66666412353516,93.66666412353516,4859928
2006-06-01,94.58333587646484,95.41666412353516,90.41666412353516,91.625,4482243
2006-06-02,86.66666412353516,93.54166412353516,86.66666412353516,91.625,5779987
2006-06-05,93.33333587646484,94.58333587646484,91.66666412353516,92.20833587646484,3770353
2006-06-06,90.83333587646484,91.58333587646484,87.125,88.0,6363505
2006-06-07,87.125,88.70833587646484,83.33333587646484,83.5,6615776
2006-06-08,83.33333587646484,89.08333587646484,80.0,83.45833587646484,13707193
2006-06-09,82.5,92.5,82.5,90.5,7792884
2006-06-12,92.08333587646484,92.08333587646484,87.5,89.375,2335544
2006-06-13,87.5,87.70833587646484,85.41666412353516,86.45833587646484,3895657
2006-06-14,87.0,90.41666412353516,83.125,84.0,3993133
2006-06-15,87.25,88.54166412353516,85.04166412353516,88.0,2913580
2006-06-16,93.33333587646484,93.33333587646484,88.54166412353516,91.29166412353516,3742632
2006-06-19,93.33333587646484,94.91666412353516,89.20833587646484,93.83333587646484,3347431
2006-06-20,90.20833587646484,94.08333587646484,90.20833587646484,93.125,2111404
2006-06-21,92.25,95.5,92.08333587646484,94.83333587646484,3336972
2006-06-22,95.20833587646484,97.83333587646484,95.20833587646484,97.375,2261394
2006-06-23,96.66666412353516,97.04166412353516,95.20833587646484,95.91666412353516,1719936
2006-06-26,95.83333587646484,96.58333587646484,90.16666412353516,91.45833587646484,1050855
2006-06-27,91.66666412353516,92.5,88.58333587646484,90.16666412353516,1774034
2006-06-28,90.0,92.08333587646484,87.58333587646484,90.625,1094737
2006-06-29,90.16666412353516,92.41666412353516,88.0,89.20833587646484,3537933
2006-06-30,91.41666412353516,93.625,90.83333587646484,92.41666412353516,2711944
2006-07-03,93.33333587646484,94.45833587646484,91.875,92.91666412353516,3931270
2006-07-04,93.33333587646484,96.91666412353516,93.33333587646484,96.16666412353516,4622553
2006-07-05,96.25,96.66666412353516,94.58333587646484,96.375,2371746
2006-07-06,96.375,96.375,94.20833587646484,95.66666412353516,1175280
2006-07-07,95.0,97.875,95.0,96.25,3926973
2006-07-10,95.83333587646484,98.25,95.375,97.79166412353516,2017519
2006-07-11,97.91666412353516,98.33333587646484,96.91666412353516,97.41666412353516,852025
2006-07-12,96.91666412353516,99.0,94.70833587646484,98.5,2459215
2006-07-13,99.0,99.125,96.875,98.29166412353516,824454
2006-07-14,97.25,98.95833587646484,96.04166412353516,98.625,1992686
2006-07-17,97.5,98.25,93.08333587646484,94.58333587646484,2146498
2006-07-18,95.0,96.66666412353516,93.75,94.25,2117318
2006-07-19,95.0,95.70833587646484,91.08333587646484,92.54166412353516,2243239
2006-07-20,94.83333587646484,95.5,93.0,94.70833587646484,1221241
2006-07-21,94.16666412353516,94.58333587646484,89.25,89.79166412353516,2370795
2006-07-24,89.66666412353516,90.41666412353516,87.0,89.33333587646484,1962242
2006-07-25,90.16666412353516,93.04166412353516,90.16666412353516,92.125,2414578
2006-07-26,90.0,93.33333587646484,90.0,93.08333587646484,782430
2006-07-27,94.16666412353516,96.20833587646484,93.41666412353516,95.375,4033213
2006-07-28,95.75,96.20833587646484,94.33333587646484,95.75,1515192
2006-07-31,96.20833587646484,97.45833587646484,95.45833587646484,96.04166412353516,788168
2006-08-01,96.04166412353516,97.29166412353516,95.54166412353516,96.66666412353516,1017633
2006-08-02,97.29166412353516,100.75,96.66666412353516,100.33333587646484,6430790
2006-08-03,101.25,103.125,99.625,100.54166412353516,3129458
2006-08-04,100.83333587646484,102.20833587646484,98.41666412353516,99.83333587646484,1844979
2006-08-07,100.0,101.25,98.95833587646484,100.54166412353516,1186850
2006-08-08,100.41666412353516,101.79166412353516,100.41666412353516,101.04166412353516,794322
2006-08-09,100.83333587646484,101.875,100.41666412353516,100.91666412353516,1332547
2006-08-10,100.91666412353516,102.25,100.83333587646484,101.20833587646484,1738552
2006-08-11,100.83333587646484,104.16666412353516,100.0,103.58333587646484,2278143
2006-08-14,105.0,105.375,103.75,104.29166412353516,1241454
2006-08-16,105.33333587646484,105.79166412353516,104.20833587646484,104.83333587646484,1729690
2006-08-17,105.33333587646484,105.83333587646484,103.58333587646484,104.0,1251219
2006-08-18,105.0,105.125,103.41666412353516,104.16666412353516,1668228
2006-08-21,103.75,104.91666412353516,103.0,103.5,794491
2006-08-22,103.54166412353516,104.16666412353516,101.875,102.33333587646484,1544102
2006-08-23,102.5,103.91666412353516,102.08333587646484,103.33333587646484,2297907
2006-08-24,103.29166412353516,106.25,102.54166412353516,105.04166412353516,2821874
2006-08-25,105.91666412353516,106.41666412353516,103.83333587646484,104.25,1800327
2006-08-28,104.33333587646484,104.79166412353516,103.54166412353516,103.95833587646484,1260921
2006-08-29,104.16666412353516,106.875,103.54166412353516,106.125,5747562
2006-08-30,106.20833587646484,106.20833587646484,103.79166412353516,104.33333587646484,1751530
2006-08-31,105.0,105.75,103.20833587646484,103.54166412353516,1935409
2006-09-01,103.75,105.58333587646484,103.375,104.91666412353516,1362846
2006-09-04,105.41666412353516,107.16666412353516,105.0,105.70833587646484,2406307
2006-09-05,105.83333587646484,106.66666412353516,104.54166412353516,104.95833587646484,753802
2006-09-06,104.95833587646484,106.33333587646484,104.54166412353516,105.29166412353516,801259
2006-09-07,105.66666412353516,105.66666412353516,104.41666412353516,104.70833587646484,646882
2006-09-08,104.95833587646484,105.41666412353516,103.66666412353516,104.25,914872
2006-09-11,104.375,104.95833587646484,100.04166412353516,100.66666412353516,1065033
2006-09-12,100.41666412353516,103.75,96.66666412353516,103.29166412353516,1923673
2006-09-13,103.75,108.95833587646484,103.75,107.75,4220953
2006-09-14,108.33333587646484,109.04166412353516,105.75,107.16666412353516,4242552
2006-09-15,107.41666412353516,107.91666412353516,105.125,106.16666412353516,1722342
2006-09-18,106.66666412353516,107.875,105.625,107.45833587646484,2241086
2006-09-19,107.5,109.29166412353516,105.45833587646484,106.33333587646484,4801804
2006-09-20,100.0,108.41666412353516,100.0,108.29166412353516,3008708
2006-09-21,108.54166412353516,109.58333587646484,107.54166412353516,108.08333587646484,2352752
2006-09-22,108.08333587646484,108.75,106.79166412353516,107.54166412353516,1404356
2006-09-25,107.54166412353516,108.125,105.25,105.79166412353516,1928763
2006-09-26,105.83333587646484,106.75,105.25,106.20833587646484,1189738
2006-09-27,106.66666412353516,107.91666412353516,105.91666412353516,106.33333587646484,2404515
2006-09-28,106.66666412353516,107.41666412353516,105.66666412353516,106.125,2436400
2006-09-29,107.91666412353516,108.95833587646484,106.375,108.41666412353516,3669409
2006-10-03,108.95833587646484,111.58333587646484,107.70833587646484,111.04166412353516,2131020
2006-10-04,110.0,112.08333587646484,107.91666412353516,108.375,3700234
2006-10-05,110.83333587646484,110.83333587646484,108.75,109.125,778800
2006-10-06,109.25,110.375,108.75,108.95833587646484,793576
2006-10-09,108.75,109.58333587646484,107.125,107.95833587646484,845697
2006-10-10,108.41666412353516,111.625,108.33333587646484,110.0,3750430
2006-10-11,110.83333587646484,111.125,108.04166412353516,108.45833587646484,2971603
2006-10-12,109.25,109.375,107.58333587646484,108.70833587646484,3336014
2006-10-13,110.75,110.75,108.16666412353516,108.41666412353516,1518544
2006-10-16,108.54166412353516,110.29166412353516,108.54166412353516,109.29166412353516,3632496
2006-10-17,109.41666412353516,109.41666412353516,106.25,107.08333587646484,2046862
2006-10-18,107.41666412353516,107.5,105.54166412353516,105.83333587646484,1520656
2006-10-19,106.25,106.66666412353516,104.33333587646484,104.83333587646484,2786236
2006-10-20,105.08333587646484,106.125,104.875,105.125,1217892
2006-10-23,105.83333587646484,105.83333587646484,104.25,104.70833587646484,3043964
2006-10-26,105.0,106.20833587646484,104.75,105.5,2678713
2006-10-27,105.83333587646484,107.91666412353516,105.83333587646484,107.75,2179862
2006-10-30,107.54166412353516,108.58333587646484,106.70833587646484,108.20833587646484,1254043
2006-10-31,108.58333587646484,109.125,107.625,108.0,1440838
2006-11-01,108.33333587646484,109.125,107.875,108.625,1425714
2006-11-02,108.33333587646484,110.0,107.66666412353516,107.95833587646484,904171
2006-11-03,108.75,110.08333587646484,107.95833587646484,109.70833587646484,1373470
2006-11-06,110.08333587646484,111.45833587646484,108.95833587646484,111.16666412353516,3044740
2006-11-07,111.70833587646484,112.04166412353516,108.75,109.20833587646484,1105332
2006-11-08,109.20833587646484,110.0,106.16666412353516,107.0,1185566
2006-11-09,107.5,108.33333587646484,105.875,107.29166412353516,2417749
2006-11-10,108.25,109.125,106.91666412353516,108.83333587646484,1203237
2006-11-13,108.75,115.58333587646484,108.54166412353516,114.95833587646484,8726870
2006-11-14,115.83333587646484,116.16666412353516,111.45833587646484,112.625,4474582
2006-11-15,112.625,114.5,111.04166412353516,111.83333587646484,2618001
2006-11-16,111.66666412353516,114.04166412353516,110.54166412353516,112.75,3431583
2006-11-17,114.16666412353516,123.33333587646484,113.58333587646484,115.875,12078684
2006-11-20,115.83333587646484,116.75,111.16666412353516,112.91666412353516,6787129
2006-11-21,115.0,115.95833587646484,113.33333587646484,115.45833587646484,3205471
2006-11-22,116.04166412353516,117.29166412353516,115.0,116.875,3018224
2006-11-23,117.5,119.91666412353516,116.25,118.625,4463433
2006-11-24,110.83333587646484,125.83333587646484,110.83333587646484,125.125,10121325
2006-11-27,125.0,131.5833282470703,125.0,128.25,10085607
2006-11-28,127.91666412353516,130.0833282470703,123.875,124.91666412353516,14612824
2006-11-29,125.83333587646484,127.83333587646484,123.58333587646484,124.04166412353516,5642754
2006-11-30,124.16666412353516,126.66666412353516,121.25,122.45833587646484,6459727
2006-12-01,124.16666412353516,124.91666412353516,123.125,123.41666412353516,2928896
2006-12-04,124.16666412353516,126.66666412353516,122.95833587646484,125.79166412353516,4346781
2006-12-05,126.66666412353516,127.33333587646484,124.16666412353516,124.66666412353516,2613294
2006-12-06,125.33333587646484,126.20833587646484,122.5,123.375,2466795
2006-12-07,124.66666412353516,127.29166412353516,123.0,126.375,3386560
2006-12-08,126.91666412353516,128.75,125.91666412353516,126.66666412353516,6881316
2006-12-11,127.66666412353516,127.66666412353516,116.75,118.95833587646484,7730827
2006-12-12,118.91666412353516,119.875,109.70833587646484,113.5,7984363
2006-12-13,114.16666412353516,117.70833587646484,110.0,116.83333587646484,6551013
2006-12-14,118.66666412353516,122.66666412353516,117.5,121.125,5863959
2006-12-15,121.66666412353516,123.08333587646484,118.5,119.25,5548656
2006-12-18,120.16666412353516,120.79166412353516,116.04166412353516,117.29166412353516,9779215
2006-12-19,117.5,118.125,110.625,111.66666412353516,12627855
2006-12-20,112.5,114.08333587646484,110.20833587646484,111.5,5367121
2006-12-21,112.0,112.33333587646484,109.625,111.125,3881798
2006-12-22,111.66666412353516,112.45833587646484,110.58333587646484,111.625,3054805
2006-12-26,112.16666412353516,114.5,111.66666412353516,114.20833587646484,4266988
2006-12-27,115.20833587646484,115.83333587646484,113.375,114.16666412353516,3494397
2006-12-28,114.16666412353516,114.95833587646484,112.58333587646484,113.16666412353516,6746402
2006-12-29,114.0,114.75,112.66666412353516,113.75,3033627
2007-01-02,114.83333587646484,115.33333587646484,113.33333587646484,115.0,1838380
2007-01-03,115.83333587646484,117.33333587646484,115.25,115.79166412353516,2988818
2007-01-04,116.25,116.58333587646484,113.66666412353516,114.125,2566714
2007-01-05,113.33333587646484,115.625,112.91666412353516,115.0,2376704
2007-01-08,114.08333587646484,114.75,112.125,114.08333587646484,3840715
2007-01-09,114.0,115.20833587646484,112.33333587646484,112.625,2351222
2007-01-10,113.0,113.0,109.625,110.625,7558984
2007-01-11,110.83333587646484,115.33333587646484,110.20833587646484,114.41666412353516,4361550
2007-01-12,115.0,116.625,115.0,115.54166412353516,3077984
2007-01-15,116.5,116.58333587646484,115.0,115.41666412353516,1594345
2007-01-16,115.25,116.20833587646484,114.5,114.875,933949
2007-01-17,115.0,117.08333587646484,114.41666412353516,116.25,1686514
2007-01-18,116.66666412353516,118.75,115.41666412353516,116.33333587646484,3376575
2007-01-19,116.91666412353516,117.08333587646484,114.16666412353516,115.20833587646484,2896689
2007-01-22,115.83333587646484,116.16666412353516,115.04166412353516,115.41666412353516,1347774
2007-01-23,115.0,116.04166412353516,111.75,112.54166412353516,2769939
2007-01-24,113.33333587646484,114.58333587646484,113.0,113.5,1200184
2007-01-25,113.5,115.875,113.5,114.5,3810324
2007-01-29,114.58333587646484,120.20833587646484,114.58333587646484,118.83333587646484,6425100
2007-01-31,120.33333587646484,121.45833587646484,117.29166412353516,118.375,6737354
2007-02-01,119.16666412353516,121.875,117.70833587646484,121.41666412353516,3229677
2007-02-02,122.33333587646484,122.33333587646484,118.33333587646484,118.66666412353516,4054911
2007-02-05,119.16666412353516,119.875,117.33333587646484,117.70833587646484,2520321
2007-02-06,118.66666412353516,119.66666412353516,117.29166412353516,117.70833587646484,2503892
2007-02-07,117.91666412353516,119.91666412353516,116.75,119.125,3665612
2007-02-08,118.91666412353516,121.0,118.20833587646484,118.95833587646484,4827750
2007-02-09,116.875,122.08333587646484,116.875,120.91666412353516,6127588
2007-02-12,121.25,121.5,116.375,120.0,7068037
2007-02-13,120.0,122.75,118.79166412353516,120.70833587646484,4249249
2007-02-14,120.08333587646484,121.0,117.5,120.125,2681266
2007-02-15,120.83333587646484,122.04166412353516,117.29166412353516,118.625,5761849
2007-02-19,119.16666412353516,119.95833587646484,117.91666412353516,118.29166412353516,1739238
2007-02-20,118.41666412353516,119.29166412353516,117.08333587646484,118.375,2263321
2007-02-21,118.66666412353516,119.79166412353516,117.41666412353516,118.79166412353516,3009903
2007-02-22,117.91666412353516,120.04166412353516,117.875,118.79166412353516,5826511
2007-02-23,119.0,119.91666412353516,117.25,118.45833587646484,4489256
2007-02-26,117.58333587646484,119.58333587646484,117.5,118.625,2432424
2007-02-27,119.0,120.0,118.125,118.75,1693423
2007-02-28,113.58333587646484,119.33333587646484,113.08333587646484,116.58333587646484,8717343
2007-03-01,116.58333587646484,118.66666412353516,114.58333587646484,118.375,2840900
2007-03-02,116.66666412353516,118.66666412353516,116.66666412353516,117.875,5038977
2007-03-05,110.0,116.625,107.5,114.0,12283047
2007-03-06,114.16666412353516,115.83333587646484,109.29166412353516,110.79166412353516,9109291
2007-03-07,110.83333587646484,112.91666412353516,109.79166412353516,110.33333587646484,4205208
2007-03-08,109.25,114.08333587646484,109.25,113.375,1407399
2007-03-09,114.16666412353516,117.5,111.875,116.70833587646484,4781274
2007-03-12,117.25,119.375,115.5,116.125,3003142
2007-03-13,116.66666412353516,119.125,116.20833587646484,118.70833587646484,1360179
2007-03-14,110.04166412353516,116.58333587646484,110.04166412353516,115.79166412353516,3164718
2007-03-15,116.625,117.91666412353516,116.25,117.08333587646484,1246398
2007-03-16,116.58333587646484,117.5,115.33333587646484,117.0,1251063
2007-03-19,118.04166412353516,120.83333587646484,116.45833587646484,119.79166412353516,1733470
2007-03-20,119.25,121.08333587646484,118.54166412353516,119.125,1690312
2007-03-21,120.5,120.75,118.75,119.75,1299568
2007-03-22,120.58333587646484,120.70833587646484,119.41666412353516,120.16666412353516,2317094
2007-03-23,119.45833587646484,122.08333587646484,119.33333587646484,120.83333587646484,1661925
2007-03-26,120.83333587646484,121.54166412353516,118.54166412353516,119.45833587646484,863608
2007-03-28,119.16666412353516,119.875,117.0,119.375,1684297
2007-03-29,119.08333587646484,122.08333587646484,117.91666412353516,121.25,4104795
2007-03-30,121.66666412353516,126.25,120.83333587646484,125.20833587646484,4391740
2007-04-02,123.70833587646484,124.08333587646484,121.29166412353516,122.5,1575160
2007-04-03,122.58333587646484,129.9166717529297,122.5,128.2916717529297,6196394
2007-04-04,128.3333282470703,135.2083282470703,128.2916717529297,134.2916717529297,14369323
2007-04-05,134.1666717529297,135.625,130.9166717529297,132.25,10347732
2007-04-09,132.5,134.75,131.9583282470703,132.6666717529297,3062931
2007-04-10,133.3333282470703,134.0416717529297,130.4166717529297,131.4583282470703,4381837
2007-04-11,131.6666717529297,134.4166717529297,130.5,132.0833282470703,5264838
2007-04-12,132.4166717529297,134.3333282470703,130.5416717529297,133.25,5155605
2007-04-13,131.0,134.75,130.25,131.1666717529297,4295913
2007-04-16,133.1666717529297,133.8333282470703,131.5,132.2916717529297,3142606
2007-04-17,132.7083282470703,133.5833282470703,118.41666412353516,130.9166717529297,2919670
2007-04-18,130.8333282470703,136.25,130.8333282470703,135.0416717529297,6557216
2007-04-19,134.1666717529297,136.4583282470703,132.5,133.2916717529297,5295249
2007-04-20,133.375,134.8333282470703,132.5,133.375,2497863
2007-04-23,133.3333282470703,135.7916717529297,131.9583282470703,132.7916717529297,2789042
2007-04-24,131.6666717529297,134.5416717529297,131.2916717529297,131.875,4434847
2007-04-25,132.4583282470703,132.6666717529297,130.125,130.75,2966272
2007-04-26,131.6666717529297,133.6666717529297,128.75,131.75,5282442
2007-04-27,133.3333282470703,134.0833282470703,131.4166717529297,132.8333282470703,2470101
2007-04-30,132.5,133.9166717529297,130.9583282470703,133.1666717529297,1357917
2007-05-03,134.0,135.4166717529297,132.2916717529297,132.6666717529297,2308107
2007-05-04,131.6666717529297,133.75,130.6666717529297,131.6666717529297,1784232
2007-05-07,132.5,132.6666717529297,129.4583282470703,129.9166717529297,1008602
2007-05-08,129.1666717529297,131.0833282470703,128.375,128.8333282470703,1335759
2007-05-09,125.04166412353516,130.2083282470703,125.04166412353516,128.5,951338
2007-05-10,128.8333282470703,130.1666717529297,125.41666412353516,125.91666412353516,2623165
2007-05-11,126.66666412353516,129.5833282470703,123.625,129.0833282470703,1348192
2007-05-14,129.7916717529297,132.2916717529297,129.7916717529297,130.7916717529297,2019810
2007-05-15,130.8333282470703,131.25,129.25,130.0416717529297,901096
2007-05-16,130.2083282470703,132.8333282470703,130.0,130.625,3046288
2007-05-17,132.0,132.7916717529297,130.8333282470703,132.375,6024157
2007-05-18,132.375,132.7083282470703,129.25,129.7916717529297,3523021
2007-05-21,130.0,130.8333282470703,128.1666717529297,130.2083282470703,7662106
2007-05-22,130.0,131.0,127.83333587646484,129.0416717529297,6055074
2007-05-23,129.8333282470703,130.7083282470703,128.3333282470703,129.6666717529297,1366405
2007-05-24,130.2083282470703,135.8333282470703,130.0,135.25,6001615
2007-05-25,133.3333282470703,137.3333282470703,133.3333282470703,136.4166717529297,4794817
2007-05-28,137.5,138.7083282470703,134.625,135.4166717529297,3082046
2007-05-29,135.8333282470703,136.5833282470703,133.5416717529297,133.9583282470703,1468760
2007-05-30,134.1666717529297,137.25,132.9583282470703,133.5833282470703,2929723
2007-05-31,133.75,135.7083282470703,130.625,132.0833282470703,2727085
2007-06-01,134.5,134.5,131.5416717529297,132.0,3051752
2007-06-04,133.3333282470703,135.375,132.3333282470703,133.875,2212294
2007-06-05,133.8333282470703,133.9583282470703,132.0833282470703,133.0,770402
2007-06-06,137.5,137.5,128.5,129.7916717529297,4128588
2007-06-07,129.25,131.1666717529297,127.91666412353516,129.5416717529297,2848302
2007-06-08,128.6666717529297,129.0833282470703,126.66666412353516,128.3333282470703,1142275
2007-06-11,129.1666717529297,129.9166717529297,128.25,128.875,3076122
2007-06-12,128.875,129.7916717529297,126.75,127.625,1347486
2007-06-13,128.25,128.8333282470703,126.66666412353516,127.66666412353516,3993435
2007-06-14,127.66666412353516,128.9583282470703,126.66666412353516,128.0,2388930
2007-06-15,128.3333282470703,129.1666717529297,125.0,125.625,6461571
2007-06-18,126.66666412353516,127.41666412353516,124.16666412353516,124.5,3090136
2007-06-19,124.91666412353516,126.5,124.375,126.0,2418520
2007-06-20,127.0,132.0833282470703,125.04166412353516,125.54166412353516,2534685
2007-06-21,126.16666412353516,127.08333587646484,124.58333587646484,124.83333587646484,3357784
2007-06-22,125.83333587646484,127.875,125.83333587646484,127.29166412353516,2372262
2007-06-25,127.5,128.2916717529297,126.91666412353516,127.83333587646484,1284926
2007-06-26,127.5,128.625,127.29166412353516,128.0416717529297,1176177
2007-06-27,127.625,128.3333282470703,124.875,125.29166412353516,1584038
2007-06-28,126.16666412353516,127.41666412353516,125.25,125.83333587646484,3033045
2007-06-29,125.91666412353516,128.3333282470703,125.91666412353516,127.33333587646484,1543093
2007-07-02,127.33333587646484,128.1666717529297,126.58333587646484,126.70833587646484,1518481
2007-07-03,128.7916717529297,129.0416717529297,126.20833587646484,126.58333587646484,1516815
2007-07-04,127.83333587646484,130.25,126.625,129.5,2596632
2007-07-05,130.5,131.2083282470703,126.33333587646484,127.41666412353516,3002859
2007-07-06,127.5,130.2083282470703,127.5,129.2916717529297,4031812
2007-07-09,129.2916717529297,131.8333282470703,128.875,130.9583282470703,3622514
2007-07-10,131.6666717529297,131.8333282470703,129.25,129.9166717529297,1865316
2007-07-11,130.0,130.0,127.75,129.0416717529297,2698780
2007-07-12,129.3333282470703,131.1666717529297,129.2083282470703,130.75,2301134
2007-07-13,129.2916717529297,132.8333282470703,129.2916717529297,130.9166717529297,3118759
2007-07-16,131.6666717529297,131.8333282470703,128.4166717529297,129.125,3808207
2007-07-17,129.7083282470703,133.0,128.9166717529297,129.25,4412774
2007-07-18,129.1666717529297,130.1666717529297,127.91666412353516,129.7916717529297,1388650
2007-07-19,129.7916717529297,130.8333282470703,128.6666717529297,130.2083282470703,1776079
2007-07-20,130.8333282470703,133.4166717529297,128.2916717529297,128.9583282470703,5458112
2007-07-23,129.1666717529297,131.8333282470703,127.33333587646484,131.5416717529297,4380616
2007-07-24,132.1666717529297,138.625,131.6666717529297,136.375,11033082
2007-07-25,136.375,141.25,134.3333282470703,139.7083282470703,9071229
2007-07-26,141.6666717529297,142.0833282470703,138.5833282470703,140.125,4281500
2007-07-27,139.1666717529297,139.1666717529297,133.3333282470703,134.375,3338296
2007-07-30,134.25,136.5833282470703,133.9583282470703,136.0,3961112
2007-07-31,137.5,140.6666717529297,134.6666717529297,138.1666717529297,6275851
2007-08-01,136.8333282470703,136.8333282470703,132.9583282470703,133.625,3412482
2007-08-02,134.25,137.9583282470703,132.5416717529297,135.2916717529297,2676100
2007-08-03,137.0416717529297,140.25,136.0833282470703,138.25,3372440
2007-08-06,134.1666717529297,137.875,133.6666717529297,136.2916717529297,4780303
2007-08-07,137.3333282470703,139.9166717529297,137.3333282470703,138.9583282470703,3021049
2007-08-08,140.4166717529297,144.625,139.1666717529297,142.4583282470703,10585540
2007-08-09,144.5833282470703,146.5833282470703,140.25,141.4166717529297,8353609
2007-08-10,137.5833282470703,138.75,135.0,137.375,2923141
2007-08-13,139.5416717529297,140.8333282470703,138.375,139.9583282470703,1420962
2007-08-14,140.0,147.1666717529297,140.0,143.9166717529297,8265988
2007-08-16,137.5416717529297,141.875,137.5416717529297,140.0833282470703,5393703
2007-08-17,139.1666717529297,141.25,131.7916717529297,135.5416717529297,9826575
2007-08-20,137.5,141.625,135.9166717529297,136.5416717529297,3803720
2007-08-21,136.6666717529297,139.0833282470703,132.5,133.0416717529297,4851733
2007-08-22,133.3333282470703,135.2083282470703,130.0833282470703,134.0833282470703,5505249
2007-08-23,137.1666717529297,137.1666717529297,131.8333282470703,133.5,2188977
2007-08-24,134.1666717529297,136.75,133.0,136.5,1669035
2007-08-27,137.5,141.5,137.5,140.0,4274962
2007-08-28,141.3333282470703,141.3333282470703,138.6666717529297,139.5,1955072
2007-08-29,136.3333282470703,138.75,136.3333282470703,137.7083282470703,1654087
2007-08-30,138.3333282470703,140.0833282470703,136.125,138.6666717529297,6663381
2007-08-31,139.9166717529297,145.75,138.0833282470703,144.4583282470703,5570238
2007-09-03,145.0,156.5833282470703,143.75,154.4583282470703,9272115
2007-09-04,156.1666717529297,156.1666717529297,150.625,151.0416717529297,5214166
2007-09-05,153.1666717529297,157.2083282470703,151.25,154.6666717529297,10822910
2007-09-06,153.25,155.8333282470703,152.75,155.1666717529297,2793570
2007-09-07,155.75,159.3333282470703,153.875,155.875,4351930
2007-09-10,154.1666717529297,160.0,154.0833282470703,159.25,3469222
2007-09-11,160.6666717529297,164.5833282470703,157.5416717529297,163.3333282470703,7075359
2007-09-12,163.3333282470703,164.5,157.9583282470703,158.7083282470703,6122496
2007-09-13,159.5416717529297,160.75,157.5,159.9583282470703,4346203
2007-09-14,161.25,162.5,153.7916717529297,154.7916717529297,4563913
2007-09-17,157.5,157.5,151.0833282470703,152.9583282470703,4484260
2007-09-18,152.5416717529297,155.0,151.6666717529297,153.8333282470703,16222999
2007-09-19,157.9166717529297,159.125,155.375,157.8333282470703,7555269
2007-09-20,159.5833282470703,162.1666717529297,156.1666717529297,157.9166717529297,5799085
2007-09-21,157.25,157.7916717529297,152.0416717529297,156.125,38025878
2007-09-24,158.3333282470703,164.9166717529297,156.6666717529297,163.7083282470703,18967414
2007-09-25,163.3333282470703,166.6666717529297,159.8333282470703,162.0416717529297,12071517
2007-09-26,162.4583282470703,164.1666717529297,158.5,159.5833282470703,10055839
2007-09-27,160.6666717529297,162.4583282470703,157.7083282470703,161.625,12298208
2007-09-28,161.6666717529297,163.9583282470703,160.5833282470703,161.625,7410682
2007-10-01,162.7083282470703,173.9583282470703,162.2083282470703,172.0833282470703,13284964
2007-10-03,173.8333282470703,186.4166717529297,168.7916717529297,180.6666717529297,28540039
2007-10-04,183.3333282470703,190.2083282470703,177.625,188.625,21510650
2007-10-05,191.6666717529297,192.5,177.125,178.7083282470703,11993722
2007-10-08,179.1666717529297,182.375,167.5833282470703,170.75,8924370
2007-10-09,168.3333282470703,183.3333282470703,163.5,181.7916717529297,11967493
2007-10-10,183.3333282470703,186.5833282470703,175.5,182.75,11638753
2007-10-11,183.3333282470703,186.25,181.75,185.4583282470703,8649327
2007-10-12,186.1666717529297,187.9583282470703,179.6666717529297,181.375,11569080
2007-10-15,182.5,190.4583282470703,180.6666717529297,189.5,15228834
2007-10-16,189.9166717529297,195.8333282470703,186.2916717529297,192.9166717529297,24691960
2007-10-17,186.6666717529297,186.6666717529297,168.0416717529297,183.7083282470703,23043907
2007-10-18,184.9583282470703,192.4166717529297,169.1666717529297,173.625,21229676
2007-10-19,177.5,177.5,165.9166717529297,167.9583282470703,10875836
2007-10-22,162.5,169.5,160.125,166.3333282470703,7775066
2007-10-23,172.4166717529297,183.75,167.5,182.3333282470703,12086691
2007-10-24,185.8333282470703,187.5,179.7083282470703,185.125,12334426
2007-10-25,186.7916717529297,187.5,183.0,185.4583282470703,13504792
2007-10-26,186.25,192.5,183.3333282470703,190.75,10841070
2007-10-29,194.1666717529297,200.0,192.8333282470703,194.375,11055172
2007-10-30,195.8333282470703,199.1666717529297,190.8333282470703,195.2083282470703,10161270
2007-10-31,196.6666717529297,202.5,195.0,199.0833282470703,11045894
2007-11-01,202.4583282470703,203.9166717529297,190.1666717529297,191.7916717529297,8132521
2007-11-02,190.8333282470703,197.4166717529297,184.2083282470703,195.7083282470703,10157756
2007-11-05,196.5833282470703,202.4166717529297,195.125,197.5416717529297,10253793
2007-11-06,199.25,207.5,196.6666717529297,200.2083282470703,22676624
2007-11-07,200.8333282470703,205.0833282470703,195.25,200.625,9062308
2007-11-08,195.8333282470703,204.0833282470703,195.8333282470703,200.0833282470703,6757275
2007-11-12,197.5,214.5833282470703,195.625,211.2083282470703,14373770
2007-11-13,210.8333282470703,232.25,210.8333282470703,226.7916717529297,27756036
2007-11-14,231.6666717529297,235.0,225.9583282470703,231.2916717529297,16498068
2007-11-15,232.5,236.0833282470703,223.0,224.5,18841544
2007-11-16,222.875,228.0416717529297,219.375,220.3333282470703,10185378
2007-11-19,222.0833282470703,226.6666717529297,219.6666717529297,220.75,8964436
2007-11-20,219.25,224.4583282470703,215.5416717529297,216.5416717529297,8400468
2007-11-21,217.3333282470703,217.3333282470703,197.0416717529297,199.5,11072137
2007-11-22,200.0,201.7083282470703,183.3333282470703,189.4166717529297,22493817
2007-11-23,195.75,198.9166717529297,191.0416717529297,197.2916717529297,12245805
2007-11-26,201.6666717529297,203.5833282470703,198.1666717529297,198.9166717529297,10440276
2007-11-27,198.25,199.1666717529297,194.2083282470703,195.8333282470703,8447631
2007-11-28,196.6666717529297,201.25,190.9583282470703,192.375,9252708
2007-11-29,194.625,198.0833282470703,187.6666717529297,192.7083282470703,17521270
2007-11-30,195.0,199.5,191.75,197.2083282470703,20404197
2007-12-03,198.3333282470703,202.875,198.3333282470703,200.1666717529297,9268240
2007-12-04,200.8333282470703,203.25,198.3333282470703,199.2916717529297,8575376
2007-12-05,200.4166717529297,205.1666717529297,200.0,204.25,19432550
2007-12-06,207.5,211.5416717529297,202.125,204.3333282470703,16581411
2007-12-07,206.25,209.5,198.3333282470703,204.8333282470703,12155058
2007-12-10,206.4166717529297,206.4166717529297,200.0,201.0416717529297,5582889
2007-12-11,202.5,206.6666717529297,201.4583282470703,202.9583282470703,8044372
2007-12-12,202.9583282470703,210.0,198.3333282470703,209.2916717529297,12000657
2007-12-13,210.0,210.8333282470703,204.1666717529297,204.7916717529297,6641110
2007-12-14,204.7916717529297,208.3333282470703,202.7916717529297,205.7083282470703,6467380
2007-12-17,204.5833282470703,205.75,187.5,190.0833282470703,9022399
2007-12-18,190.8333282470703,195.8333282470703,188.75,193.1666717529297,7588410
2007-12-19,195.8333282470703,197.4583282470703,187.5,190.75,7413676
2007-12-20,192.5,193.25,189.0,190.7083282470703,6824322
2007-12-24,193.3333282470703,198.3333282470703,193.3333282470703,197.2083282470703,5206386
2007-12-26,199.1666717529297,204.125,197.5833282470703,199.7083282470703,5482927
2007-12-27,200.9583282470703,201.6666717529297,197.1666717529297,200.1666717529297,8385218
2007-12-28,200.8333282470703,204.1666717529297,198.5833282470703,201.1666717529297,5686069
2007-12-31,203.3333282470703,210.6666717529297,201.5833282470703,209.0833282470703,7992710
2008-01-01,210.8333282470703,216.5833282470703,207.75,214.5416717529297,11017431
2008-01-02,215.8333282470703,217.1666717529297,208.75,214.25,11894132
2008-01-03,214.1666717529297,231.875,211.875,230.0833282470703,30301977
2008-01-04,229.1666717529297,233.0833282470703,225.0416717529297,226.2083282470703,18829022
2008-01-07,225.0,229.0833282470703,220.0833282470703,224.0,8538733
2008-01-08,225.0,227.375,216.125,220.75,14658841
2008-01-09,221.875,232.8333282470703,218.4166717529297,230.9583282470703,19488080
2008-01-10,230.8333282470703,236.2083282470703,219.5416717529297,221.5416717529297,19575836
2008-01-11,222.5833282470703,228.7083282470703,218.4166717529297,226.875,13108237
2008-01-14,229.1666717529297,239.9166717529297,225.0,237.2083282470703,15253758
2008-01-15,240.8333282470703,242.2916717529297,225.8333282470703,228.3333282470703,22639093
2008-01-16,225.125,225.4166717529297,210.375,215.375,34937013
2008-01-17,216.625,219.375,211.0416717529297,212.9166717529297,22187050
2008-01-18,210.8333282470703,215.9166717529297,196.1666717529297,199.3333282470703,27737089
2008-01-21,199.1666717529297,199.1666717529297,162.5,171.5,30945897
2008-01-22,167.0833282470703,179.1666717529297,138.375,163.6666717529297,19643920
2008-01-23,174.7916717529297,189.9166717529297,166.75,184.6666717529297,28008231
2008-01-24,189.4166717529297,195.5833282470703,166.6666717529297,169.625,19248066
2008-01-25,183.2916717529297,187.0833282470703,173.875,185.6666717529297,11772945
2008-01-28,176.6666717529297,181.6666717529297,172.5,177.1666717529297,14836635
2008-01-29,181.4166717529297,183.3333282470703,175.0833282470703,176.2916717529297,11405062
2008-01-30,177.9166717529297,181.25,166.6666717529297,168.0,11259794
2008-01-31,169.1666717529297,172.8333282470703,161.6666717529297,163.375,18125470
2008-02-01,165.8333282470703,172.2916717529297,164.1666717529297,171.375,11509770
2008-02-04,179.0,181.5833282470703,173.6666717529297,178.8333282470703,11097750
2008-02-05,178.9166717529297,189.5,176.25,185.75,18558397
2008-02-06,166.6666717529297,184.6666717529297,166.6666717529297,180.6666717529297,15553116
2008-02-07,180.75,183.3333282470703,170.8333282470703,171.9583282470703,12834674
2008-02-08,173.3333282470703,174.0833282470703,165.4583282470703,169.4166717529297,16485894
2008-02-11,171.6666717529297,171.6666717529297,154.1666717529297,157.9583282470703,22999987
2008-02-12,160.8333282470703,162.5,151.75,154.1666717529297,13002158
2008-02-13,157.4166717529297,160.125,153.0,156.5,9224650
2008-02-14,162.4166717529297,168.4166717529297,160.8333282470703,167.4583282470703,9218126
2008-02-15,165.0,171.375,160.9583282470703,170.125,9333181
2008-02-18,171.6666717529297,174.7083282470703,168.0,170.5833282470703,7330503
2008-02-19,172.125,174.4166717529297,169.8333282470703,170.6666717529297,5829445
2008-02-20,170.6666717529297,170.6666717529297,162.5416717529297,164.8333282470703,8234760
2008-02-21,170.8333282470703,170.8333282470703,164.25,167.0,5418661
2008-02-22,163.5416717529297,165.8333282470703,162.9166717529297,164.7083282470703,4792876
2008-02-25,165.5833282470703,170.25,163.7916717529297,169.4583282470703,4897856
2008-02-26,169.625,171.6666717529297,168.7916717529297,169.875,5954391
2008-02-27,173.0416717529297,174.625,167.9166717529297,168.9166717529297,6208738
2008-02-28,169.0833282470703,171.6666717529297,165.5833282470703,169.625,7138138
2008-02-29,170.0,172.7916717529297,163.5833282470703,168.3333282470703,9248461
2008-03-03,166.3333282470703,166.3333282470703,156.5416717529297,157.5,11995886
2008-03-04,157.5833282470703,162.25,155.0,158.9166717529297,9001894
2008-03-05,160.0,163.6666717529297,158.4583282470703,162.5416717529297,7854030
2008-03-07,158.3333282470703,161.4166717529297,151.3333282470703,154.125,7961467
2008-03-10,154.1666717529297,157.0,134.4166717529297,154.625,9807738
2008-03-11,154.25,162.0833282470703,152.5,160.9166717529297,11042942
2008-03-12,165.8333282470703,166.5833282470703,161.3333282470703,162.2083282470703,6043930
2008-03-13,160.0,160.0,152.0833282470703,155.3333282470703,9465762
2008-03-14,155.3333282470703,163.25,154.2916717529297,162.5,9200824
2008-03-17,158.4583282470703,160.0,154.4583282470703,156.5,10232985
2008-03-18,154.5833282470703,162.4166717529297,154.5833282470703,158.4166717529297,11671808
2008-03-19,162.7916717529297,165.8333282470703,158.4583282470703,159.8333282470703,10656615
2008-03-24,160.1666717529297,163.0833282470703,157.3333282470703,159.4583282470703,10645468
2008-03-25,160.9166717529297,167.125,160.4166717529297,166.5416717529297,12632835
2008-03-26,165.8333282470703,169.5,162.5833282470703,163.875,12859108
2008-03-27,162.4166717529297,165.5833282470703,161.4166717529297,164.3333282470703,11358805
2008-03-28,166.625,171.6666717529297,165.0,170.2916717529297,6505755
2008-03-31,171.75,171.75,161.875,163.8333282470703,9644592
2008-04-01,165.8333282470703,166.5833282470703,158.4583282470703,162.625,5636733
2008-04-02,164.375,169.0833282470703,160.25,161.5,11174055
2008-04-03,162.5,164.2916717529297,160.0416717529297,161.625,6894261
2008-04-04,161.75,162.5,156.7916717529297,157.75,7296184
2008-04-07,159.5833282470703,163.3333282470703,157.875,158.5,7705594
2008-04-08,158.3333282470703,159.0,154.7083282470703,155.5416717529297,6036271
2008-04-09,155.8333282470703,159.4166717529297,153.5833282470703,156.2916717529297,4366718
2008-04-10,156.5,158.2083282470703,153.0,155.0,10765580
2008-04-11,155.8333282470703,157.9166717529297,153.5833282470703,155.7083282470703,6427916
2008-04-15,155.4166717529297,160.2083282470703,151.6666717529297,159.5,4847318
2008-04-16,161.6666717529297,162.3333282470703,154.9166717529297,156.125,7958251
2008-04-17,165.0,165.0,157.25,157.8333282470703,8449357
2008-04-21,159.0,162.7083282470703,157.5,161.8333282470703,8829625
2008-04-22,162.4166717529297,166.2916717529297,160.9583282470703,163.25,14174112
2008-04-23,164.1666717529297,165.75,162.625,163.25,9709225
2008-04-24,164.5833282470703,164.5833282470703,157.7083282470703,158.5833282470703,9912441
2008-04-25,160.0,161.5,158.25,160.5416717529297,5503946
2008-04-28,162.25,162.5833282470703,159.625,160.8333282470703,6364317
2008-04-29,162.5,163.3333282470703,160.9166717529297,162.2916717529297,11146447
2008-04-30,162.7083282470703,166.0416717529297,162.7083282470703,163.9583282470703,8770044
2008-05-02,166.625,168.75,165.4166717529297,167.2916717529297,14017087
2008-05-05,168.3333282470703,169.0833282470703,164.2916717529297,165.25,6621408
2008-05-06,164.3333282470703,166.0833282470703,161.75,163.4166717529297,4850394
2008-05-07,163.3333282470703,164.0,160.625,162.4166717529297,4889919
2008-05-08,162.4166717529297,162.4166717529297,159.5,160.625,6632829
2008-05-09,160.0,160.75,159.1666717529297,159.9583282470703,3953913
2008-05-12,159.9583282470703,161.5416717529297,157.0833282470703,160.0833282470703,4451619
2008-05-13,160.8333282470703,161.625,157.9166717529297,159.625,7288142
2008-05-14,159.1666717529297,159.8333282470703,155.3333282470703,158.375,7501707
2008-05-15,160.0,161.2083282470703,157.8333282470703,159.4583282470703,6634112
2008-05-16,159.8333282470703,160.3333282470703,158.375,159.1666717529297,4669668
2008-05-20,160.0,160.0,154.1666717529297,155.0,9920728
2008-05-21,154.1666717529297,154.9166717529297,150.9583282470703,151.6666717529297,23395544
2008-05-22,150.2083282470703,151.4583282470703,147.5833282470703,148.9583282470703,7761514
2008-05-23,148.9583282470703,150.0,145.8333282470703,147.3333282470703,11009834
2008-05-26,147.3333282470703,148.9166717529297,143.75,146.2916717529297,8322111
2008-05-27,146.6666717529297,149.7916717529297,146.5,147.875,9334611
2008-05-28,148.75,148.9166717529297,145.0,147.3333282470703,12757836
2008-05-29,148.3333282470703,148.9166717529297,140.0833282470703,142.7083282470703,25852929
2008-05-30,144.1666717529297,145.75,141.9166717529297,143.625,16280834
2008-06-02,143.625,144.625,133.5,134.5,7785405
2008-06-03,134.0,134.5,130.9583282470703,133.25,8298727
2008-06-04,133.3333282470703,136.4166717529297,130.5416717529297,131.5416717529297,9507703
2008-06-05,131.6666717529297,140.0,130.875,139.0833282470703,9682760
2008-06-06,139.3333282470703,142.0,136.3333282470703,138.0,9605272
2008-06-09,135.0,138.25,130.8333282470703,136.0833282470703,12141744
2008-06-10,136.6666717529297,136.6666717529297,130.9583282470703,134.625,8874943
2008-06-11,135.4166717529297,139.7916717529297,134.9166717529297,138.0833282470703,4441404
2008-06-12,137.5,137.5,132.9166717529297,135.9583282470703,3398738
2008-06-13,139.9166717529297,139.9166717529297,132.5833282470703,134.375,5011672
2008-06-16,135.8333282470703,138.9583282470703,135.5,138.375,3554906
2008-06-17,139.0833282470703,141.0833282470703,138.7916717529297,140.1666717529297,3363842
2008-06-18,141.0416717529297,143.5416717529297,138.7916717529297,139.4166717529297,4851763
2008-06-19,138.0416717529297,139.1666717529297,136.6666717529297,138.1666717529297,2685886
2008-06-20,140.5833282470703,142.0,134.5833282470703,135.75,12324124
2008-06-23,134.25,137.8333282470703,132.5833282470703,135.125,4881391
2008-06-24,135.4166717529297,137.5,127.75,129.6666717529297,5643439
2008-06-25,129.0833282470703,132.5,126.04166412353516,130.625,7904595
2008-06-26,132.875,132.875,125.41666412353516,129.3333282470703,11889406
2008-06-27,125.0,127.45833587646484,123.33333587646484,125.66666412353516,6970021
2008-06-30,126.66666412353516,128.875,124.66666412353516,126.58333587646484,9191200
2008-07-01,126.75,129.7916717529297,125.54166412353516,127.625,8759268
2008-07-02,125.0,133.3333282470703,125.0,132.4166717529297,5461606
2008-07-03,133.25,133.3333282470703,125.0,127.125,7995309
2008-07-04,127.125,129.9166717529297,125.83333587646484,128.25,3606116
2008-07-07,130.8333282470703,132.0,127.91666412353516,129.6666717529297,4350310
2008-07-08,130.75,136.5833282470703,126.25,134.4166717529297,8330992
2008-07-09,137.4166717529297,142.0833282470703,135.8333282470703,140.375,7148982
2008-07-10,138.4166717529297,141.4166717529297,137.3333282470703,139.125,3934856
2008-07-11,138.25,139.9166717529297,132.0416717529297,135.0,4354827
2008-07-14,135.0,141.25,133.6666717529297,139.1666717529297,4315902
2008-07-15,137.5,137.5,134.3333282470703,135.3333282470703,7518020
2008-07-16,135.8333282470703,137.7083282470703,132.5,135.2916717529297,9917320
2008-07-17,136.6666717529297,140.8333282470703,135.8333282470703,137.75,3860416
2008-07-18,138.3333282470703,145.8333282470703,135.8333282470703,144.8333282470703,6864897
2008-07-21,145.0,152.625,143.5416717529297,151.25,9901021
2008-07-22,150.8333282470703,155.7083282470703,149.1666717529297,154.125,10414573
2008-07-23,158.1666717529297,164.0833282470703,156.6666717529297,158.7083282470703,18677298
2008-07-24,159.1666717529297,161.0416717529297,151.7916717529297,154.625,9925200
2008-07-25,154.1666717529297,158.1666717529297,151.2916717529297,156.4166717529297,10070253
2008-07-28,155.8333282470703,157.9166717529297,153.0,153.9583282470703,4899938
2008-07-29,150.5416717529297,153.75,145.9583282470703,148.75,9460620
2008-07-30,150.0,150.6666717529297,140.875,142.4166717529297,17618475
2008-07-31,141.7083282470703,146.5833282470703,140.4166717529297,141.9583282470703,15844440
2008-08-01,143.4166717529297,148.1666717529297,140.0833282470703,147.3333282470703,7506193
2008-08-04,148.3333282470703,150.2916717529297,144.4583282470703,145.625,5652402
2008-08-05,146.6666717529297,152.9166717529297,145.4583282470703,152.3333282470703,14679562
2008-08-06,153.0416717529297,156.1666717529297,149.5,150.5,7129573
2008-08-07,151.6666717529297,155.7083282470703,150.0,153.0,4492694
2008-08-08,154.1666717529297,154.5833282470703,150.5,154.125,5422262
2008-08-11,156.6666717529297,157.5,151.9583282470703,154.8333282470703,10273796
2008-08-12,155.0,158.125,152.5416717529297,154.2916717529297,9213459
2008-08-13,151.0833282470703,156.3333282470703,151.0833282470703,155.3333282470703,6567994
2008-08-14,155.75,155.75,150.25,151.25,5426040
2008-08-18,151.25,153.0,147.5833282470703,150.2916717529297,3240027
2008-08-19,148.75,152.4583282470703,148.5833282470703,151.4583282470703,3608172
2008-08-20,152.4166717529297,155.0,152.1666717529297,153.25,4094432
2008-08-21,152.9583282470703,152.9583282470703,143.7916717529297,144.5833282470703,10303928
2008-08-22,143.3333282470703,144.1666717529297,138.625,142.125,9506016
2008-08-25,141.2083282470703,144.75,141.2083282470703,142.5,3389487
2008-08-26,141.6666717529297,144.0833282470703,140.5,143.4166717529297,3920755
2008-08-27,143.8333282470703,144.75,141.5,142.75,4218562
2008-08-28,143.0,143.25,140.8333282470703,141.4166717529297,7626616
2008-08-29,142.5,146.5416717529297,142.5,145.75,5336536
2008-09-01,144.9583282470703,145.25,141.0833282470703,144.3333282470703,3686578
2008-09-02,145.0833282470703,150.0,143.5416717529297,147.625,4333750
2008-09-04,141.6666717529297,147.0,141.6666717529297,145.0833282470703,4207023
2008-09-05,143.25,145.75,141.9166717529297,144.5833282470703,6718246
2008-09-08,157.5,160.0,148.3333282470703,151.2916717529297,14849079
2008-09-09,151.1666717529297,151.1666717529297,148.1666717529297,149.5833282470703,8350698
2008-09-10,149.1666717529297,151.0416717529297,147.7916717529297,148.4166717529297,7299807
2008-09-11,147.5,149.125,143.4166717529297,144.375,5754968
2008-09-12,146.6666717529297,149.0,142.9166717529297,144.9583282470703,10468698
2008-09-15,141.7083282470703,142.9166717529297,135.4166717529297,142.0,9112993
2008-09-16,137.5,143.125,136.0,142.0,8417373
2008-09-17,143.25,143.25,137.8333282470703,140.9166717529297,5807678
2008-09-18,137.5,146.625,132.5,145.0416717529297,9332106
2008-09-19,147.5,152.5,146.6666717529297,152.4583282470703,8125596
2008-09-22,154.1666717529297,155.0,149.4166717529297,151.4583282470703,5001697
2008-09-23,150.0,152.5,148.0,149.625,6047958
2008-09-24,150.8333282470703,152.4166717529297,147.125,148.2916717529297,11099620
2008-09-25,148.8333282470703,150.4166717529297,143.6666717529297,149.2083282470703,15398266
2008-09-26,148.8333282470703,148.8333282470703,144.1666717529297,145.2916717529297,5329870
2008-09-29,145.75,147.5,135.9166717529297,138.5416717529297,9044996
2008-09-30,134.1666717529297,146.2083282470703,133.4166717529297,143.25,8181439
2008-10-01,144.1666717529297,146.25,141.125,144.9583282470703,4162320
2008-10-03,145.8333282470703,147.5416717529297,141.9583282470703,143.2083282470703,9611784
2008-10-06,141.5,142.4166717529297,137.75,140.375,4917684
2008-10-07,144.1666717529297,148.2083282470703,141.6666717529297,147.0416717529297,10297222
2008-10-08,142.0833282470703,147.875,137.125,146.4583282470703,14029830
2008-10-10,136.6666717529297,144.8333282470703,132.0833282470703,137.7083282470703,15722942
2008-10-13,133.3333282470703,149.5833282470703,133.3333282470703,148.2916717529297,8763402
2008-10-14,150.8333282470703,153.25,143.8333282470703,145.5833282470703,7754463
2008-10-15,142.7083282470703,146.1666717529297,138.5416717529297,139.4166717529297,9577100
2008-10-16,137.5,141.625,128.7916717529297,138.25,12077535
2008-10-17,140.75,141.4166717529297,123.33333587646484,125.20833587646484,14673544
2008-10-20,125.0,129.1666717529297,120.5,126.25,12454938
2008-10-21,129.1666717529297,132.0416717529297,125.25,127.04166412353516,11688696
2008-10-22,125.83333587646484,126.0,119.16666412353516,120.25,8910550
2008-10-23,118.33333587646484,123.875,115.0,119.33333587646484,10882587
2008-10-24,116.66666412353516,118.75,105.16666412353516,108.70833587646484,12592083
2008-10-27,108.375,108.375,94.16666412353516,104.79166412353516,11732202
2008-10-29,113.16666412353516,113.25,106.75,111.66666412353516,10429297
2008-10-31,113.33333587646484,119.66666412353516,112.70833587646484,117.58333587646484,12353466
2008-11-03,120.83333587646484,128.3333282470703,119.04166412353516,125.79166412353516,8969246
2008-11-04,125.0,129.1666717529297,122.95833587646484,126.58333587646484,8417391
2008-11-05,127.08333587646484,129.5,122.20833587646484,122.91666412353516,8120623
2008-11-06,121.5,125.33333587646484,117.91666412353516,120.33333587646484,6299424
2008-11-07,117.625,129.0416717529297,117.625,126.16666412353516,7459720
2008-11-10,129.1666717529297,138.125,127.91666412353516,135.7083282470703,8155636
2008-11-11,135.5416717529297,136.3333282470703,125.0,125.875,8291608
2008-11-12,124.25,132.5,123.875,125.16666412353516,15387924
2008-11-14,126.875,128.9166717529297,121.375,124.45833587646484,10152248
2008-11-17,125.0,127.41666412353516,120.875,125.54166412353516,10045382
2008-11-18,123.33333587646484,125.83333587646484,114.33333587646484,116.08333587646484,12403219
2008-11-19,115.83333587646484,118.75,112.66666412353516,113.33333587646484,9510594
2008-11-20,112.16666412353516,116.54166412353516,108.66666412353516,115.45833587646484,9300538
2008-11-21,114.375,127.41666412353516,113.33333587646484,125.45833587646484,15159828
2008-11-24,125.75,129.4583282470703,123.625,127.91666412353516,10717951
2008-11-25,132.5,133.3333282470703,127.20833587646484,128.25,9195372
2008-11-26,128.4166717529297,138.3333282470703,126.04166412353516,137.0833282470703,11439601
2008-11-27,137.0833282470703,137.0833282470703,137.0833282470703,137.0833282470703,0
2008-11-28,136.5833282470703,138.6666717529297,130.9583282470703,132.875,13574222
2008-12-01,131.6666717529297,137.25,129.1666717529297,130.375,9906013
2008-12-02,126.83333587646484,134.1666717529297,126.0,133.4583282470703,15004446
2008-12-03,134.0,135.6666717529297,129.8333282470703,132.4583282470703,9921058
2008-12-04,130.8333282470703,138.3333282470703,130.8333282470703,137.5416717529297,6659928
2008-12-05,136.6666717529297,139.0416717529297,131.5,133.75,8283019
2008-12-08,136.0,141.6666717529297,135.125,138.5416717529297,11401014
2008-12-10,139.1666717529297,142.9583282470703,138.75,140.75,11001541
2008-12-11,141.5833282470703,141.5833282470703,136.125,139.25,9276854
2008-12-12,138.3333282470703,138.3333282470703,134.1666717529297,137.4166717529297,6424658
2008-12-15,137.9166717529297,142.375,137.5,140.4583282470703,5727669
2008-12-16,140.4166717529297,146.6666717529297,138.875,145.5416717529297,8832410
2008-12-17,145.9166717529297,147.5,143.3333282470703,144.8333282470703,7108549
2008-12-18,144.1666717529297,153.3333282470703,143.3333282470703,152.5,11683485
2008-12-19,153.4166717529297,154.5,149.4166717529297,151.8333282470703,9263350
2008-12-22,160.0,160.0,149.1666717529297,151.4166717529297,7101656
2008-12-23,150.0,151.9583282470703,147.875,149.75,5898415
2008-12-24,148.4166717529297,149.625,146.25,148.25,7677302
2008-12-26,149.1666717529297,151.0,146.375,147.3333282470703,4116814
2008-12-29,147.3333282470703,148.2916717529297,142.6666717529297,147.5416717529297,4113538
2008-12-30,150.0,152.25,146.3333282470703,151.2916717529297,4778926
2008-12-31,154.125,154.125,149.4583282470703,150.5,4692416
2009-01-02,152.5,154.6666717529297,150.4166717529297,153.4583282470703,4525802
2009-01-05,154.5833282470703,154.75,148.9166717529297,150.6666717529297,4554015
2009-01-06,153.3333282470703,153.3333282470703,145.0833282470703,147.5416717529297,5699126
2009-01-07,148.3333282470703,148.75,140.4166717529297,142.875,8681683
2009-01-09,142.4583282470703,149.875,139.25,148.5416717529297,11116864
2009-01-12,142.5,148.2083282470703,140.8333282470703,142.4166717529297,6457490
2009-01-13,140.0,142.875,137.7083282470703,140.0,9589416
2009-01-14,140.0833282470703,148.25,138.125,143.0,5884516
2009-01-15,141.75,141.75,137.7916717529297,138.9166717529297,4964277
2009-01-16,139.7916717529297,150.8333282470703,139.5833282470703,149.875,10358769
2009-01-19,150.0,151.5833282470703,147.2916717529297,148.6666717529297,3768196
2009-01-20,146.75,156.25,145.4166717529297,154.9583282470703,15939774
2009-01-21,152.25,155.625,148.375,149.9583282470703,11414718
2009-01-22,151.6666717529297,151.9166717529297,147.1666717529297,148.7916717529297,5676924
2009-01-23,148.3333282470703,151.1666717529297,144.6666717529297,149.875,5995032
2009-01-27,150.4583282470703,159.5,149.1666717529297,158.4166717529297,9058879
2009-01-28,158.4166717529297,160.9166717529297,155.9583282470703,159.375,7610884
2009-01-29,158.25,160.5833282470703,153.0,158.5416717529297,14609894
2009-01-30,156.1666717529297,158.8333282470703,153.4583282470703,158.0416717529297,5825612
2009-02-02,157.0833282470703,157.9166717529297,150.1666717529297,151.0,4691119
2009-02-03,151.6666717529297,153.3333282470703,146.1666717529297,147.4166717529297,10168527
2009-02-04,147.5,150.5,145.3333282470703,147.375,5931254
2009-02-05,147.5,148.0833282470703,145.4166717529297,147.375,3082327
2009-02-06,150.0,151.7916717529297,148.3333282470703,150.2916717529297,5638906
2009-02-09,151.6666717529297,153.125,148.4583282470703,152.4583282470703,4505341
2009-02-10,153.25,153.25,148.75,150.25,9563232
2009-02-11,148.4166717529297,152.4583282470703,147.625,150.375,5611525
2009-02-12,149.1666717529297,151.625,149.125,149.875,4716957
2009-02-13,150.5833282470703,153.7083282470703,150.4166717529297,152.4583282470703,5152975
2009-02-16,153.75,154.1666717529297,147.5833282470703,148.375,5577258
2009-02-17,147.5416717529297,149.125,144.25,145.125,3362952
2009-02-18,143.3333282470703,147.75,142.5833282470703,147.0,7012488
2009-02-19,146.6666717529297,149.5416717529297,146.25,149.25,4224270
2009-02-20,149.1666717529297,149.1666717529297,145.8333282470703,148.125,6671071
2009-02-24,145.9166717529297,149.75,145.9166717529297,148.5,4792807
2009-02-25,150.4166717529297,150.75,148.625,150.1666717529297,4509861
2009-02-26,150.25,154.8333282470703,148.875,153.9583282470703,8448103
2009-02-27,152.9166717529297,155.0,149.2916717529297,154.1666717529297,7289859
2009-03-02,151.6666717529297,151.6666717529297,147.0833282470703,149.0416717529297,4283796
2009-03-03,147.5,151.75,146.3333282470703,149.0,4056702
2009-03-04,149.5833282470703,150.5833282470703,146.875,149.875,5208051
2009-03-05,150.0,151.0,142.5,144.0,9522031
2009-03-06,143.3333282470703,149.0833282470703,140.8333282470703,148.0416717529297,7082936
2009-03-09,145.8333282470703,148.25,145.0833282470703,147.2083282470703,3507086
2009-03-12,149.9583282470703,150.3333282470703,142.625,145.0416717529297,7178695
2009-03-13,146.625,147.4166717529297,140.875,141.875,15509977
2009-03-16,142.5,143.75,139.375,142.625,9385168
2009-03-17,143.6666717529297,146.25,142.5,144.875,8962263
2009-03-18,145.0,147.4583282470703,145.0,145.9166717529297,5949270
2009-03-19,146.0416717529297,149.5833282470703,145.0,148.8333282470703,4064943
2009-03-20,149.1666717529297,149.1666717529297,146.375,147.9583282470703,4128002
2009-03-23,148.4583282470703,153.75,148.4583282470703,153.0833282470703,4129233
2009-03-24,153.3333282470703,155.75,148.9166717529297,151.0,6809151
2009-03-25,150.9166717529297,150.9166717529297,146.1666717529297,147.5,9112290
2009-03-26,149.5,154.0833282470703,147.25,151.0833282470703,11525290
2009-03-27,151.5416717529297,153.25,148.875,151.75,5793436
2009-03-30,139.5833282470703,154.5833282470703,139.5833282470703,152.9166717529297,6263758
2009-03-31,152.9166717529297,155.0,147.9583282470703,149.875,7610965
2009-04-01,150.4166717529297,150.4166717529297,146.7083282470703,148.75,5980836
2009-04-02,150.0833282470703,154.7916717529297,150.0833282470703,153.125,9032008
2009-04-06,155.0,157.4166717529297,152.5833282470703,153.8333282470703,8621446
2009-04-08,152.625,166.9583282470703,150.4166717529297,164.0833282470703,18207907
2009-04-09,166.75,169.1666717529297,160.0833282470703,161.8333282470703,10944490
2009-04-13,164.1666717529297,164.1666717529297,157.5,160.1666717529297,7091571
2009-04-15,161.0833282470703,166.2083282470703,151.7916717529297,164.75,9423838
2009-04-16,167.5833282470703,169.0833282470703,160.875,163.0833282470703,11053453
2009-04-17,163.5,171.5,158.8333282470703,161.25,19394778
2009-04-20,161.75,162.5,154.3333282470703,155.5833282470703,11897360
2009-04-21,156.4166717529297,159.0833282470703,152.75,155.9583282470703,6283303
2009-04-22,155.0833282470703,157.5,153.375,156.0833282470703,7231062
2009-04-23,156.5833282470703,160.625,155.4166717529297,159.9166717529297,3670026
2009-04-24,159.2083282470703,161.0,156.9166717529297,159.25,3344032
2009-04-27,158.3333282470703,159.1666717529297,155.9583282470703,156.875,5826445
2009-04-28,156.875,157.8333282470703,152.5,154.5,7582641
2009-04-29,155.0,159.9166717529297,154.2083282470703,158.3333282470703,8131816
2009-04-30,158.3333282470703,158.3333282470703,158.3333282470703,158.3333282470703,0
2009-05-04,160.0,165.0,160.0,161.25,5524665
2009-05-05,162.5,162.5,158.3333282470703,159.1666717529297,5191862
2009-05-06,159.9583282470703,163.6666717529297,157.625,161.7916717529297,7203136
2009-05-07,163.3333282470703,163.6666717529297,158.6666717529297,160.0,4674459
2009-05-08,160.0833282470703,162.1666717529297,157.5833282470703,158.25,5844128
2009-05-11,159.9583282470703,159.9583282470703,154.7083282470703,156.7083282470703,7533442
2009-05-12,157.5,159.9583282470703,155.9583282470703,159.375,4087863
2009-05-13,160.8333282470703,161.5,156.25,157.4166717529297,4723279
2009-05-14,156.5833282470703,159.5,155.8333282470703,157.375,3897104
2009-05-15,158.2916717529297,159.5833282470703,155.0416717529297,156.2916717529297,11464730
2009-05-18,163.3333282470703,187.5,163.3333282470703,172.1666717529297,145042
2009-05-19,175.8333282470703,177.3333282470703,167.5,171.5833282470703,20912840
2009-05-20,170.8333282470703,175.0,169.25,173.7916717529297,12590577
2009-05-21,173.8333282470703,185.8333282470703,171.8333282470703,176.7916717529297,14206224
2009-05-22,177.5,184.75,176.0833282470703,180.5,11134016
2009-05-25,180.0,182.4166717529297,175.8333282470703,177.0,5643518
2009-05-26,177.5,177.7083282470703,165.8333282470703,168.0,6970219
2009-05-27,170.6666717529297,172.4166717529297,164.4166717529297,168.375,11333730
2009-05-28,170.6666717529297,176.4166717529297,168.3333282470703,173.1666717529297,16407470
2009-05-29,175.0833282470703,180.7083282470703,172.7083282470703,179.5,16723726
2009-06-01,182.3333282470703,192.9166717529297,180.9166717529297,191.125,15697688
2009-06-02,191.75,194.1666717529297,183.5,186.4583282470703,6443054
2009-06-03,188.0833282470703,190.8333282470703,184.1666717529297,185.2083282470703,6158199
2009-06-04,184.5,190.75,183.75,185.375,9808494
2009-06-05,187.5,187.5,182.0833282470703,183.0,10339766
2009-06-08,183.75,185.75,176.75,178.625,6775702
2009-06-09,177.25,178.9166717529297,173.6666717529297,177.5,10903051
2009-06-10,179.1666717529297,186.2083282470703,178.375,182.7916717529297,31565504
2009-06-11,184.1666717529297,190.5833282470703,182.5,188.0833282470703,16145173
2009-06-12,188.0,192.5416717529297,181.9166717529297,184.5833282470703,9953972
2009-06-15,186.9166717529297,193.25,180.625,184.3333282470703,14565337
2009-06-16,184.0416717529297,188.75,181.9583282470703,187.625,6013501
2009-06-17,187.5833282470703,187.9166717529297,176.0833282470703,178.0833282470703,9787346
2009-06-18,179.1666717529297,179.9166717529297,167.5,168.2083282470703,21584282
2009-06-19,170.75,170.75,160.8333282470703,165.0,17799949
2009-06-22,166.0833282470703,170.7916717529297,158.5,159.2083282470703,15755310
2009-06-23,151.6666717529297,164.7083282470703,151.6666717529297,163.4166717529297,16396708
2009-06-24,164.3333282470703,167.875,160.0,165.375,11846624
2009-06-25,165.4166717529297,167.0,159.1666717529297,161.7083282470703,24594200
2009-06-26,163.75,165.75,160.5833282470703,162.4583282470703,9230606
2009-06-29,163.3333282470703,166.25,162.5833282470703,164.4166717529297,7417686
2009-06-30,165.8333282470703,167.75,161.4166717529297,162.5416717529297,8221161
2009-07-01,165.5833282470703,165.5833282470703,160.125,163.2083282470703,4835124
2009-07-02,164.1666717529297,168.2916717529297,163.2083282470703,166.7916717529297,8563190
2009-07-03,167.5,172.0,165.25,170.3333282470703,9101245
2009-07-06,172.5,175.4166717529297,159.1666717529297,161.0,14183012
2009-07-07,163.2916717529297,163.6666717529297,158.5833282470703,161.0833282470703,5430660
2009-07-08,160.8333282470703,164.4166717529297,157.0833282470703,162.25,7562797
2009-07-09,162.5833282470703,162.9166717529297,160.5,161.7916717529297,3314713
2009-07-10,165.0,187.5,159.375,160.9166717529297,4530081
2009-07-13,158.375,160.8333282470703,158.375,159.875,3612949
2009-07-14,160.0,164.2916717529297,159.8333282470703,162.875,4998325
2009-07-15,164.1666717529297,166.9166717529297,163.375,165.8333282470703,7620327
2009-07-16,167.9166717529297,174.0,166.5,171.125,9578538
2009-07-17,171.6666717529297,173.1666717529297,169.7083282470703,171.0416717529297,6833266
2009-07-20,172.75,173.625,170.25,173.2083282470703,6109843
2009-07-21,173.875,173.875,168.0416717529297,169.0,5202404
2009-07-22,169.1666717529297,171.4583282470703,167.0833282470703,169.5833282470703,6954334
2009-07-23,170.625,173.8333282470703,170.0,173.3333282470703,6327270
2009-07-24,174.9166717529297,177.0,171.875,175.5416717529297,5800706
2009-07-27,175.875,179.125,175.875,178.75,4954694
2009-07-28,179.1666717529297,183.625,178.375,181.625,7893879
2009-07-29,180.8333282470703,181.875,175.0,178.5,4309837
2009-07-30,178.75,181.6666717529297,176.3333282470703,180.9583282470703,6351548
2009-07-31,183.0,183.3333282470703,178.5416717529297,179.6666717529297,4783576
2009-08-03,179.25,181.625,178.3333282470703,180.25,2733158
2009-08-04,180.8333282470703,183.7083282470703,178.625,180.0833282470703,5258421
2009-08-05,180.0833282470703,180.8333282470703,178.375,179.4583282470703,3274065
2009-08-06,179.9583282470703,182.0833282470703,174.4166717529297,175.5,7561737
2009-08-07,175.0,178.1666717529297,171.6666717529297,177.0,4256136
2009-08-10,179.2083282470703,181.4583282470703,173.4166717529297,175.4166717529297,4092962
2009-08-11,174.9166717529297,175.375,171.2916717529297,173.875,5107196
2009-08-12,171.7083282470703,174.9166717529297,170.1666717529297,174.0833282470703,5474038
2009-08-13,176.7083282470703,177.5,174.6666717529297,175.9583282470703,5540046
2009-08-14,176.625,176.7916717529297,169.625,171.7083282470703,6014536
2009-08-17,170.9166717529297,173.7083282470703,167.5416717529297,169.625,7879941
2009-08-18,169.3333282470703,171.875,168.75,171.0833282470703,4243152
2009-08-19,171.9166717529297,172.25,167.5833282470703,168.0416717529297,3940116
2009-08-20,170.0416717529297,171.5,169.25,170.125,2888712
2009-08-21,170.125,171.1666717529297,168.3333282470703,170.7083282470703,4277163
2009-08-24,171.7083282470703,173.75,170.2916717529297,172.2916717529297,7975614
2009-08-25,171.25,177.0,169.5833282470703,175.5833282470703,4381483
2009-08-26,176.6666717529297,177.8333282470703,174.2916717529297,175.4166717529297,3435249
2009-08-27,175.3333282470703,177.5,174.1666717529297,176.25,4363964
2009-08-28,175.7916717529297,176.5833282470703,172.7916717529297,174.8333282470703,5054014
2009-08-31,174.0,177.7083282470703,173.3333282470703,176.9583282470703,3429871
2009-09-01,177.0833282470703,178.7083282470703,172.5833282470703,174.7083282470703,5442045
2009-09-02,174.1666717529297,175.7083282470703,172.4583282470703,172.5416717529297,6823825
2009-09-03,173.375,173.9166717529297,169.375,171.3333282470703,3568099
2009-09-04,171.5416717529297,172.9583282470703,170.0,171.9166717529297,2908429
2009-09-07,173.3333282470703,173.5416717529297,171.9166717529297,172.625,2591378
2009-09-08,172.5,175.1666717529297,170.8333282470703,171.8333282470703,6601705
2009-09-09,171.0,172.7083282470703,170.0,171.0,2207673
2009-09-10,171.8333282470703,172.9166717529297,170.6666717529297,171.0,2489107
2009-09-11,173.0,173.0,170.6666717529297,171.0,4825554
2009-09-14,171.0,171.5416717529297,169.6666717529297,170.9166717529297,3699786
2009-09-15,172.0,175.0,171.5,174.5833282470703,5700049
2009-09-16,175.0,176.25,173.4583282470703,174.9166717529297,4524241
2009-09-17,175.0416717529297,175.8333282470703,172.8333282470703,173.7083282470703,3091080
2009-09-18,174.0833282470703,174.375,171.375,173.0416717529297,3806792
2009-09-22,172.5833282470703,175.5416717529297,172.5,174.1666717529297,4045926
2009-09-23,175.8333282470703,175.8333282470703,172.5833282470703,174.0,2703781
2009-09-24,173.3333282470703,178.3333282470703,172.8333282470703,177.0,6409795
2009-09-25,177.0,179.0416717529297,175.9166717529297,177.625,3127351
2009-09-29,178.0833282470703,179.4166717529297,175.5416717529297,177.0833282470703,2643400
2009-09-30,177.0833282470703,178.75,175.2083282470703,178.125,3754072
2009-10-01,177.9166717529297,178.75,174.1666717529297,175.4166717529297,4915468
2009-10-05,172.8333282470703,174.9166717529297,172.5,174.2083282470703,2370517
2009-10-06,175.0416717529297,175.625,170.9166717529297,173.9583282470703,3628472
2009-10-07,174.5833282470703,175.5833282470703,173.6666717529297,174.1666717529297,2864238
2009-10-08,175.2083282470703,177.25,174.7083282470703,176.5833282470703,5891517
2009-10-09,177.8333282470703,178.2916717529297,174.4166717529297,174.9583282470703,1949370
2009-10-12,174.5833282470703,178.0833282470703,173.9166717529297,175.3333282470703,3844219
2009-10-13,175.3333282470703,175.3333282470703,175.3333282470703,175.3333282470703,0
2009-10-14,175.9166717529297,179.8333282470703,175.1666717529297,178.6666717529297,4692027
2009-10-15,179.9166717529297,183.2083282470703,179.0,180.7916717529297,4411040
2009-10-16,183.25,185.0,177.875,179.125,3730332
2009-10-20,184.75,184.75,179.3333282470703,180.0,7874440
2009-10-21,180.5833282470703,181.6666717529297,178.875,180.1666717529297,4226131
2009-10-22,180.0,180.5,175.0833282470703,177.375,2064411
2009-10-23,179.0,180.7083282470703,177.5833282470703,179.0416717529297,4281591
2009-10-26,179.5833282470703,183.8333282470703,177.625,180.7916717529297,5597553
2009-10-27,179.2916717529297,182.8333282470703,179.0416717529297,181.25,4290314
2009-10-28,181.5416717529297,182.2916717529297,177.2916717529297,177.9583282470703,3431767
2009-10-29,177.5,177.5,171.5416717529297,173.4583282470703,8458646
2009-10-30,174.5416717529297,177.7083282470703,173.8333282470703,177.0,4257156
2009-11-03,176.5416717529297,177.6666717529297,169.625,171.2083282470703,4723476
2009-11-04,171.6666717529297,178.75,168.0833282470703,175.9583282470703,4394593
2009-11-05,175.9166717529297,176.625,172.3333282470703,175.25,3509853
2009-11-06,175.8333282470703,178.3333282470703,173.5833282470703,175.4583282470703,3094777
2009-11-09,175.0,176.8333282470703,174.75,175.9166717529297,1580766
2009-11-10,176.6666717529297,178.0833282470703,175.2916717529297,176.4583282470703,3753304
2009-11-11,175.6666717529297,179.9166717529297,175.25,179.2916717529297,2497629
2009-11-12,180.0,180.2083282470703,177.8333282470703,178.9583282470703,1927113
2009-11-13,179.125,181.4166717529297,178.0,179.125,4087335
2009-11-16,183.4166717529297,183.4166717529297,178.0833282470703,178.9166717529297,1830950
2009-11-17,179.875,179.875,177.6666717529297,179.2916717529297,1769948
2009-11-18,179.2916717529297,179.5,177.9583282470703,179.1666717529297,1262192
2009-11-19,179.8333282470703,180.875,176.8333282470703,177.9583282470703,2930652
2009-11-20,175.4166717529297,180.0,175.4166717529297,179.25,3410181
2009-11-23,180.25,182.0416717529297,178.5833282470703,179.875,2045061
2009-11-24,179.3333282470703,181.0833282470703,177.8333282470703,179.75,3790764
2009-11-25,180.4166717529297,181.0833282470703,178.9583282470703,179.3333282470703,1816354
2009-11-26,176.8333282470703,180.0833282470703,174.1666717529297,175.7083282470703,7724702
2009-11-27,175.0,176.6666717529297,171.7916717529297,173.4166717529297,6880566
2009-11-30,174.5,175.4166717529297,173.5,174.8333282470703,4317116
2009-12-01,175.8333282470703,176.4583282470703,174.25,175.375,2563747
2009-12-02,175.5,175.9583282470703,173.875,174.2083282470703,2313007
2009-12-03,174.25,175.0,173.5833282470703,174.3333282470703,2486355
2009-12-04,174.1666717529297,176.375,173.2916717529297,174.875,1889344
2009-12-07,173.5833282470703,175.0,171.0416717529297,172.4166717529297,3912454
2009-12-08,172.4166717529297,176.5833282470703,171.25,174.8333282470703,3285562
2009-12-09,173.4583282470703,174.9166717529297,172.5416717529297,172.7916717529297,2992323
2009-12-10,173.0833282470703,174.5833282470703,172.0833282470703,173.3333282470703,2437953
2009-12-11,174.1666717529297,174.6666717529297,173.125,174.25,2451176
2009-12-14,174.75,175.25,173.0,173.3333282470703,2452441
2009-12-15,175.0,175.0,172.75,173.625,2192774
2009-12-16,173.8333282470703,174.0,172.9583282470703,173.2916717529297,1921234
2009-12-17,173.0,174.1666717529297,172.5,173.0833282470703,2735572
2009-12-18,173.3333282470703,173.75,171.3333282470703,172.75,2019936
2009-12-21,173.3333282470703,174.5,171.7916717529297,173.75,3296214
2009-12-22,174.7916717529297,180.3333282470703,173.8333282470703,179.0,4743726
2009-12-23,180.75,192.3333282470703,180.25,191.5,18189046
2009-12-24,192.75,193.75,187.7083282470703,191.625,7210744
2009-12-29,195.4166717529297,197.4166717529297,192.5,194.0416717529297,5377854
2009-12-30,195.3333282470703,195.375,191.25,194.125,3223506
2009-12-31,196.0416717529297,201.125,194.0,196.375,16574406
2010-01-04,197.8333282470703,199.0833282470703,192.25,193.2083282470703,6309685
2010-01-05,195.1666717529297,195.7083282470703,190.125,191.0833282470703,8199537
2010-01-06,191.9166717529297,195.75,189.7083282470703,190.1666717529297,8325996
2010-01-07,191.5,191.5,187.7083282470703,190.2083282470703,6505911
2010-01-08,191.5,194.6666717529297,191.0,192.5833282470703,7441676
2010-01-11,194.25,196.125,193.3333282470703,194.125,3774640
2010-01-12,195.0,195.5,190.6666717529297,191.1666717529297,3794679
2010-01-13,190.0833282470703,192.875,189.25,191.1666717529297,5045623
2010-01-14,191.6666717529297,193.9166717529297,191.6666717529297,192.5,3604338
2010-01-15,195.4166717529297,195.4166717529297,192.5,193.5416717529297,3700988
2010-01-18,193.5416717529297,194.5,192.25,192.7083282470703,2488917
2010-01-19,193.5416717529297,194.0,189.25,189.75,3848296
2010-01-20,191.75,193.75,190.5,191.1666717529297,6302983
2010-01-21,191.6666717529297,192.4583282470703,185.5416717529297,186.25,5615904
2010-01-22,183.5833282470703,187.8333282470703,183.0,185.25,6955587
2010-01-25,185.8333282470703,187.0833282470703,183.8333282470703,186.5,2694200
2010-01-27,185.8333282470703,187.5,179.1666717529297,180.4166717529297,7334034
2010-01-28,182.0,184.5833282470703,176.7083282470703,178.375,10990456
2010-01-29,178.7083282470703,179.9166717529297,175.2916717529297,178.5833282470703,7045766
2010-02-01,180.8333282470703,180.8333282470703,175.5,176.0833282470703,5982205
2010-02-02,176.875,177.5,171.4166717529297,171.6666717529297,5804071
2010-02-03,173.3333282470703,176.5833282470703,171.6666717529297,174.875,6115466
2010-02-04,175.6666717529297,175.6666717529297,172.125,173.0833282470703,3554996
2010-02-05,171.6666717529297,175.5833282470703,169.625,170.25,3797498
2010-02-08,173.3333282470703,173.3333282470703,167.7083282470703,168.6666717529297,2837287
2010-02-09,168.6666717529297,171.1666717529297,168.3333282470703,170.0,2134167
2010-02-10,171.125,171.6666717529297,166.75,167.0833282470703,2144283
2010-02-11,167.5,170.0,167.0833282470703,169.375,2019036
2010-02-15,170.0,170.375,167.5833282470703,167.9583282470703,1199950
2010-02-16,168.25,169.3333282470703,167.2916717529297,169.0416717529297,1219861
2010-02-17,170.4166717529297,170.5833282470703,167.625,168.1666717529297,2331838
2010-02-18,168.1666717529297,171.5833282470703,167.5,170.9166717529297,2694157
2010-02-19,168.3333282470703,170.7083282470703,165.7083282470703,168.1666717529297,5307267
2010-02-22,170.75,170.75,167.625,168.5416717529297,5054958
2010-02-23,168.3333282470703,168.8333282470703,167.7083282470703,168.0416717529297,4251614
2010-02-24,164.1666717529297,170.7916717529297,164.1666717529297,170.3333282470703,6411043
2010-02-25,170.75,170.75,166.1666717529297,166.75,8163273
2010-02-26,167.25,170.4166717529297,167.0,169.2083282470703,13010078
2010-03-02,169.5,170.8333282470703,168.5416717529297,168.9583282470703,2642516
2010-03-03,169.0,173.4583282470703,168.9583282470703,172.75,8025309
2010-03-04,173.3333282470703,173.625,171.8333282470703,172.375,5607044
2010-03-05,173.25,173.5,171.1666717529297,171.625,4150608
2010-03-08,170.875,173.25,169.75,170.9583282470703,3869247
2010-03-09,171.1666717529297,171.5416717529297,168.6666717529297,169.1666717529297,3819248
2010-03-10,169.8333282470703,170.125,166.2916717529297,167.0,7782768
2010-03-11,167.25,169.6666717529297,166.2916717529297,168.9583282470703,3207786
2010-03-12,169.5833282470703,169.75,166.5833282470703,166.75,3699648
2010-03-15,166.1666717529297,168.5416717529297,166.1666717529297,168.0416717529297,2860820
2010-03-16,168.2083282470703,169.875,168.0416717529297,169.2083282470703,2052349
2010-03-17,169.5833282470703,171.0416717529297,169.0,170.0833282470703,3515582
2010-03-18,169.5833282470703,169.5833282470703,167.5833282470703,167.875,2088818
2010-03-19,169.125,169.5833282470703,167.625,169.0,2356192
2010-03-22,169.1666717529297,169.1666717529297,167.1666717529297,168.1666717529297,2433463
2010-03-23,169.5833282470703,170.0416717529297,167.9583282470703,169.625,3197042
2010-03-25,169.625,169.625,165.0416717529297,167.2083282470703,9410468
2010-03-26,167.6666717529297,169.3333282470703,167.5416717529297,168.7916717529297,2260155
2010-03-29,168.7916717529297,169.9166717529297,167.875,169.3333282470703,2700465
2010-03-30,169.2083282470703,169.7916717529297,168.8333282470703,169.1666717529297,2511181
2010-03-31,169.1666717529297,173.5,168.9166717529297,172.7083282470703,6598852
2010-04-01,172.7083282470703,173.9166717529297,171.5416717529297,173.0833282470703,3647560
2010-04-05,173.3333282470703,174.4583282470703,172.0833282470703,174.1666717529297,3352753
2010-04-06,175.0833282470703,176.0416717529297,172.7083282470703,174.875,5329093
2010-04-07,175.0,176.625,174.25,176.2083282470703,4207862
2010-04-08,176.625,177.0,174.375,175.3333282470703,2665147
2010-04-09,175.3333282470703,176.875,174.7916717529297,176.4166717529297,2590351
2010-04-12,174.75,177.125,172.9166717529297,173.25,2240896
2010-04-13,174.5833282470703,175.2083282470703,172.75,174.4166717529297,2202954
2010-04-15,176.6666717529297,176.6666717529297,173.25,174.5,3038510
2010-04-16,173.6666717529297,174.625,172.4166717529297,172.875,1670092
2010-04-19,171.5,174.0833282470703,169.3333282470703,171.9583282470703,2899968
2010-04-20,172.0833282470703,173.75,170.4583282470703,171.25,2047052
2010-04-21,171.8333282470703,172.9166717529297,171.3333282470703,172.3333282470703,1693617
2010-04-22,171.6666717529297,173.3333282470703,170.9166717529297,172.2083282470703,1746073
2010-04-23,173.3333282470703,173.3333282470703,170.2083282470703,170.6666717529297,2619820
2010-04-26,172.3333282470703,172.3333282470703,170.2083282470703,170.6666717529297,1042611
2010-04-27,170.6666717529297,172.3333282470703,170.0833282470703,172.0416717529297,1405560
2010-04-28,170.875,172.4166717529297,170.2916717529297,171.7916717529297,2816089
2010-04-29,171.1666717529297,173.0833282470703,169.0833282470703,169.3333282470703,3384128
2010-04-30,170.0,174.25,169.6666717529297,172.9583282470703,4619622
2010-05-03,172.0,173.3333282470703,170.4583282470703,170.7916717529297,827810
2010-05-04,170.7916717529297,171.9583282470703,169.5833282470703,170.0833282470703,2149497
2010-05-05,167.5,171.625,167.5,170.9583282470703,3286635
2010-05-06,171.5833282470703,171.5833282470703,169.1666717529297,170.0416717529297,2085410
2010-05-07,170.0416717529297,171.6666717529297,167.6666717529297,168.8333282470703,8640880
2010-05-10,170.0,171.625,169.1666717529297,171.0416717529297,2136246
2010-05-11,171.6666717529297,171.6666717529297,169.2916717529297,170.75,2982516
2010-05-12,170.4166717529297,172.0833282470703,170.0416717529297,171.875,2362406
2010-05-13,171.25,173.7083282470703,171.25,173.125,4052253
2010-05-14,173.125,173.5,170.9583282470703,171.5416717529297,3066765
2010-05-17,170.0416717529297,171.5416717529297,168.3333282470703,170.0,2378592
2010-05-18,169.1666717529297,171.5416717529297,168.3333282470703,170.9583282470703,2819979
2010-05-19,173.3333282470703,173.3333282470703,166.9166717529297,168.1666717529297,2175070
2010-05-20,168.1666717529297,171.5416717529297,166.0,170.4583282470703,3287722
2010-05-21,169.1666717529297,170.0,162.9583282470703,163.5,7112720
2010-05-24,165.8333282470703,166.25,163.5416717529297,165.1666717529297,2011362
2010-05-25,165.1666717529297,165.7083282470703,158.4166717529297,160.5833282470703,4722848
2010-05-26,161.6666717529297,165.0,159.4166717529297,162.6666717529297,3489866
2010-05-27,163.7083282470703,165.7083282470703,160.0,164.4583282470703,5581928
2010-05-28,165.4166717529297,168.0,163.3333282470703,167.5833282470703,2360372
2010-05-31,167.5,169.875,166.1666717529297,168.5833282470703,2564688
2010-06-01,169.1666717529297,169.8333282470703,164.1666717529297,164.75,2620576
2010-06-02,165.0,166.2083282470703,163.3333282470703,164.5833282470703,2471930
2010-06-03,166.6666717529297,169.1666717529297,166.25,168.5833282470703,2389141
2010-06-04,168.4166717529297,170.25,168.0,168.5,1924441
2010-06-07,168.3333282470703,168.3333282470703,164.1666717529297,166.5416717529297,1329100
2010-06-08,166.6666717529297,168.0,165.5416717529297,166.7916717529297,1545310
2010-06-09,167.3333282470703,167.3333282470703,165.0833282470703,165.5,2117816
2010-06-10,165.9166717529297,167.0,165.5833282470703,166.6666717529297,1295258
2010-06-11,166.6666717529297,168.3333282470703,166.0416717529297,166.5833282470703,1596361
2010-06-14,168.2083282470703,168.2083282470703,165.2083282470703,166.625,2223057
2010-06-15,165.875,169.1666717529297,165.4166717529297,168.4583282470703,2219012
2010-06-16,167.5,169.1666717529297,165.9583282470703,167.0416717529297,1372851
2010-06-17,167.5,167.7083282470703,165.1666717529297,166.4583282470703,1790392
2010-06-18,167.5,168.3333282470703,165.4166717529297,167.3333282470703,2648188
2010-06-21,170.75,170.75,167.3333282470703,167.6666717529297,2178442
2010-06-22,167.0833282470703,167.9166717529297,166.0833282470703,166.375,1322143
2010-06-23,166.375,166.5416717529297,163.3333282470703,163.9583282470703,3543240
2010-06-24,164.1666717529297,164.875,161.75,162.1666717529297,3772088
2010-06-25,162.6666717529297,164.7083282470703,162.125,163.3333282470703,1818379
2010-06-28,162.9166717529297,166.0416717529297,162.9166717529297,165.7916717529297,2545873
2010-06-29,165.8333282470703,166.6666717529297,164.2916717529297,164.625,1796288
2010-06-30,162.5833282470703,167.0,162.5833282470703,166.3333282470703,2564043
2010-07-01,165.8333282470703,168.25,164.4166717529297,166.625,2209051
2010-07-02,167.0833282470703,169.1666717529297,166.7916717529297,168.7083282470703,2618432
2010-07-05,169.1666717529297,169.8333282470703,165.7083282470703,166.625,2026903
2010-07-06,166.6666717529297,168.0,166.25,167.25,1294700
2010-07-07,166.6666717529297,168.0833282470703,166.2916717529297,167.0833282470703,1568584
2010-07-08,167.5,167.8333282470703,166.0,166.1666717529297,2222050
2010-07-09,166.6666717529297,167.7083282470703,164.8333282470703,165.1666717529297,3413132
2010-07-12,165.7083282470703,167.75,165.6666717529297,166.1666717529297,3877160
2010-07-13,166.25,167.3333282470703,165.9583282470703,166.2916717529297,2598468
2010-07-14,166.8333282470703,167.75,165.4583282470703,165.9583282470703,1475091
2010-07-15,166.0416717529297,166.5,164.7916717529297,165.7083282470703,1046527
2010-07-16,167.4583282470703,167.4583282470703,164.5416717529297,165.4166717529297,1320354
2010-07-19,165.8333282470703,170.4166717529297,164.9166717529297,168.875,2819647
2010-07-20,169.5833282470703,170.6666717529297,168.5416717529297,169.3333282470703,2514470
2010-07-21,169.8333282470703,170.0,168.375,169.0,736338
2010-07-22,168.75,171.2083282470703,167.75,170.3333282470703,1106432
2010-07-23,171.5833282470703,171.6666717529297,167.7083282470703,168.3333282470703,1721606
2010-07-26,168.6666717529297,169.0833282470703,166.75,168.125,1454859
2010-07-27,167.9166717529297,170.4166717529297,165.4583282470703,167.7916717529297,2624084
2010-07-28,167.7916717529297,168.2916717529297,165.5833282470703,166.0416717529297,1501959
2010-07-29,166.6666717529297,167.2916717529297,165.4166717529297,166.25,2408622
2010-07-30,166.6666717529297,166.6666717529297,165.0,165.625,1110567
2010-08-02,166.6666717529297,167.0,164.7916717529297,165.0833282470703,1143511
2010-08-03,165.8333282470703,166.1666717529297,164.6666717529297,164.9583282470703,1079311
2010-08-04,165.4166717529297,167.5,164.25,166.4583282470703,1395531
2010-08-05,166.0,167.0833282470703,164.875,165.2083282470703,997657
2010-08-06,165.2083282470703,166.0,164.1666717529297,164.3333282470703,947401
2010-08-09,165.0,166.5833282470703,164.5833282470703,166.25,1716368
2010-08-10,166.6666717529297,166.6666717529297,163.25,163.625,1595868
2010-08-11,163.75,164.6666717529297,163.0833282470703,163.375,1290968
2010-08-12,163.4166717529297,163.5416717529297,160.1666717529297,161.75,2179110
2010-08-13,162.5,163.9583282470703,161.25,163.125,1606116
2010-08-16,163.3333282470703,164.7916717529297,162.7083282470703,163.6666717529297,887950
2010-08-17,164.375,164.375,161.5416717529297,162.4166717529297,1787750
2010-08-18,162.9166717529297,163.3333282470703,161.6666717529297,162.3333282470703,1699315
2010-08-19,162.5,163.0,161.3333282470703,161.7083282470703,1150381
2010-08-20,161.8333282470703,162.4583282470703,160.7083282470703,161.0416717529297,1265514
2010-08-23,161.3333282470703,162.5833282470703,160.6666717529297,161.8333282470703,1111324
2010-08-24,163.0,163.75,161.0416717529297,161.2916717529297,1090456
2010-08-25,161.2916717529297,162.9583282470703,161.0833282470703,161.5,1082428
2010-08-26,162.0,167.3333282470703,161.6666717529297,165.4583282470703,5067781
2010-08-27,165.0,166.4166717529297,162.5,163.7083282470703,1073128
2010-08-30,165.0,165.0,162.2916717529297,162.8333282470703,1515855
2010-08-31,162.8333282470703,164.0833282470703,161.75,163.2916717529297,2563848
2010-09-01,163.4166717529297,164.9166717529297,162.8333282470703,164.625,724122
2010-09-02,165.4166717529297,165.4166717529297,162.5833282470703,163.0,1095507
2010-09-03,163.3333282470703,163.8333282470703,162.5,163.375,814602
2010-09-06,164.8333282470703,164.8333282470703,158.4166717529297,163.8333282470703,1322847
2010-09-07,164.0833282470703,167.25,163.4583282470703,166.375,2671492
2010-09-08,165.3333282470703,166.5833282470703,164.5833282470703,166.2083282470703,2224230
2010-09-09,164.0833282470703,169.5833282470703,163.4583282470703,168.875,2728461
2010-09-13,170.7083282470703,173.75,168.4583282470703,173.0,4756633
2010-09-14,172.5,174.1666717529297,170.0,171.5833282470703,3681516
2010-09-15,171.5833282470703,173.2083282470703,170.6666717529297,172.4166717529297,3980922
2010-09-16,171.6666717529297,174.5833282470703,171.0416717529297,172.0416717529297,5955370
2010-09-17,172.5,173.3333282470703,170.6666717529297,171.9583282470703,6248700
2010-09-20,173.0,173.0,170.0,171.0833282470703,3600381
2010-09-21,172.0416717529297,174.5416717529297,170.5,173.3333282470703,7343925
2010-09-22,173.3333282470703,174.375,172.2083282470703,173.625,8017502
2010-09-23,173.7916717529297,175.5833282470703,171.5416717529297,172.8333282470703,4543156
2010-09-24,171.6666717529297,175.0,171.0416717529297,174.4166717529297,7266513
2010-09-27,174.5833282470703,179.75,174.3333282470703,178.8333282470703,10490757
2010-09-28,178.8333282470703,183.3333282470703,178.3333282470703,182.9166717529297,10173174
2010-09-29,183.3333282470703,184.3333282470703,179.9166717529297,180.8333282470703,5638495
2010-09-30,180.8333282470703,182.3333282470703,179.25,180.7916717529297,5063836
2010-10-01,181.5416717529297,183.3333282470703,180.5833282470703,182.875,3982591
2010-10-04,184.2916717529297,185.25,181.0416717529297,181.625,2368074
2010-10-05,181.8333282470703,182.8333282470703,179.5833282470703,180.0833282470703,2993239
2010-10-06,180.8333282470703,182.2083282470703,180.2083282470703,180.5,3476830
2010-10-07,180.5833282470703,181.0833282470703,178.5416717529297,179.2083282470703,4333806
2010-10-08,179.4166717529297,180.5416717529297,177.2083282470703,178.875,2509489
2010-10-11,179.3333282470703,180.4166717529297,176.1666717529297,177.625,1371399
2010-10-12,177.9166717529297,177.9166717529297,174.75,175.25,2842122
2010-10-13,175.25,175.9166717529297,172.1666717529297,173.375,8118037
2010-10-14,174.0833282470703,175.4166717529297,167.5,168.7916717529297,6285516
2010-10-15,169.9166717529297,171.5,169.0,170.25,4786064
2010-10-18,170.8333282470703,173.2083282470703,168.375,172.8333282470703,3748152
2010-10-19,172.8333282470703,173.3333282470703,169.5833282470703,170.2083282470703,2264584
2010-10-20,169.375,173.1666717529297,169.375,171.1666717529297,2297487
2010-10-21,172.5833282470703,173.3333282470703,170.8333282470703,171.4166717529297,3100713
2010-10-22,172.2083282470703,172.3333282470703,169.6666717529297,170.0,3412359
2010-10-25,170.0833282470703,174.1666717529297,170.0833282470703,172.9583282470703,4421438
2010-10-26,173.2916717529297,173.875,170.2916717529297,171.0416717529297,2505402
2010-10-27,170.8333282470703,171.3333282470703,164.6666717529297,165.2083282470703,8378794
2010-10-28,165.0416717529297,166.25,160.25,161.7083282470703,13440540
2010-10-29,163.1666717529297,165.3333282470703,161.8333282470703,162.75,5231710
2010-11-01,165.0833282470703,165.0833282470703,160.625,161.0,4497510
2010-11-02,161.6666717529297,162.7083282470703,161.0,161.4583282470703,1851561
2010-11-03,162.5,162.9166717529297,160.625,161.0,2959070
2010-11-04,161.75,162.75,161.6666717529297,162.25,2129278
2010-11-08,164.0833282470703,164.0833282470703,160.5416717529297,160.8333282470703,4264338
2010-11-09,161.5,161.9583282470703,160.5833282470703,161.5833282470703,2229834
2010-11-10,161.4583282470703,162.4583282470703,161.125,161.75,1660956
2010-11-11,161.75,162.5,159.8333282470703,160.375,1651270
2010-11-12,160.4166717529297,161.625,159.7916717529297,160.1666717529297,1932042
2010-11-15,160.4166717529297,160.75,157.25,157.9166717529297,3110593
2010-11-16,159.0416717529297,159.0416717529297,155.0833282470703,155.9166717529297,4113303
2010-11-18,159.0,159.0833282470703,155.2083282470703,156.5416717529297,4636971
2010-11-19,155.9583282470703,157.3333282470703,152.5833282470703,153.4583282470703,4005283
2010-11-22,155.25,155.25,151.6666717529297,152.7083282470703,3834051
2010-11-23,152.4166717529297,153.25,147.7083282470703,150.0,4411399
2010-11-24,151.3333282470703,151.7083282470703,147.5,148.4583282470703,2631566
2010-11-25,149.2083282470703,151.4166717529297,146.7083282470703,147.4583282470703,5895100
2010-11-26,148.3333282470703,149.9166717529297,146.125,147.5,7725027
2010-11-29,149.75,150.7916717529297,148.5416717529297,149.5,5292031
2010-11-30,149.8333282470703,154.4166717529297,148.375,153.3333282470703,5271912
2010-12-01,153.3333282470703,155.8333282470703,151.75,155.2916717529297,3745135
2010-12-02,156.5833282470703,156.6666717529297,151.6666717529297,152.4166717529297,4355982
2010-12-03,153.2916717529297,154.9583282470703,152.75,154.2916717529297,3502736
2010-12-06,155.3333282470703,157.3333282470703,154.6666717529297,155.875,4237836
2010-12-07,156.2916717529297,160.7083282470703,155.7916717529297,159.6666717529297,4018008
2010-12-08,159.7916717529297,159.7916717529297,157.625,159.125,2635566
2010-12-09,159.75,159.75,155.4166717529297,156.5833282470703,1953438
2010-12-10,156.5,162.2916717529297,155.2083282470703,160.3333282470703,4042436
2010-12-13,159.9166717529297,165.0,159.3333282470703,163.7083282470703,4756578
2010-12-14,164.5,166.5833282470703,164.0833282470703,166.25,4161991
2010-12-15,166.5833282470703,166.8333282470703,162.2083282470703,164.125,3962752
2010-12-16,164.375,166.5416717529297,163.375,164.9583282470703,3527979
2010-12-20,165.0,165.3333282470703,160.0416717529297,160.75,1459412
2010-12-21,160.8333282470703,161.8333282470703,158.0833282470703,159.875,1762180
2010-12-22,160.3333282470703,161.5,159.9166717529297,160.6666717529297,1480603
2010-12-23,161.25,163.3333282470703,160.25,163.125,1443032
2010-12-24,163.3333282470703,165.8333282470703,162.5,165.2083282470703,1585530
2010-12-27,165.8333282470703,166.4166717529297,163.7916717529297,164.1666717529297,1833369
2010-12-28,164.1666717529297,164.9583282470703,163.1666717529297,163.75,1262710
2010-12-29,164.1666717529297,165.3333282470703,163.875,164.9166717529297,2099943
2010-12-30,165.0,169.8333282470703,164.4583282470703,168.5416717529297,6130018
2010-12-31,168.0416717529297,168.5416717529297,166.3333282470703,167.2083282470703,1451338
2011-01-03,167.8333282470703,168.75,164.625,165.375,1342116
2011-01-04,165.2916717529297,168.0833282470703,165.2916717529297,166.7916717529297,3174169
2011-01-05,166.5,167.4583282470703,165.0,166.25,835621
2011-01-06,166.2916717529297,168.5416717529297,164.625,168.3333282470703,3078096
2011-01-07,168.25,169.3333282470703,163.0,164.2083282470703,2117685
2011-01-10,164.875,164.875,158.3333282470703,159.4166717529297,1854774
2011-01-11,159.1666717529297,162.5,156.7083282470703,158.125,2439870
2011-01-12,158.5833282470703,162.25,154.6666717529297,159.5833282470703,2521036
2011-01-13,159.5833282470703,159.875,156.25,157.5,4044352
2011-01-14,156.6666717529297,160.375,154.4166717529297,155.375,2445078
2011-01-17,155.5,157.1666717529297,154.1666717529297,155.875,1515738
2011-01-18,155.4166717529297,158.2083282470703,155.4166717529297,157.1666717529297,1561732
2011-01-19,157.75,159.375,155.4166717529297,155.9583282470703,3131692
2011-01-20,154.1666717529297,158.0833282470703,154.1666717529297,157.1666717529297,2222286
2011-01-21,157.5,158.8333282470703,157.375,158.2916717529297,2889026
2011-01-24,157.875,161.5,157.875,160.5416717529297,1887610
2011-01-25,160.5416717529297,164.7916717529297,160.5416717529297,163.375,4650921
2011-01-27,162.75,164.8333282470703,161.6666717529297,162.3333282470703,4662642
2011-01-28,161.6666717529297,163.2916717529297,159.4583282470703,159.9583282470703,4354972
2011-01-31,158.0,159.5416717529297,156.25,157.5416717529297,2286866
2011-02-01,157.7083282470703,158.9583282470703,153.9166717529297,154.375,2117569
2011-02-02,155.8333282470703,158.25,149.75,150.2083282470703,2940711
2011-02-03,150.4166717529297,152.1666717529297,148.75,151.9166717529297,2977808
2011-02-04,150.5833282470703,151.4166717529297,146.0416717529297,147.4583282470703,3748426
2011-02-07,148.3333282470703,150.125,147.3333282470703,149.6666717529297,2325357
2011-02-08,151.5416717529297,151.625,144.2916717529297,145.125,2052031
2011-02-09,145.6666717529297,146.0416717529297,141.7083282470703,142.7916717529297,2794068
2011-02-10,143.2916717529297,144.9166717529297,141.6666717529297,142.0,1883808
2011-02-11,142.375,148.9583282470703,142.125,147.375,3307017
2011-02-14,149.6666717529297,150.5416717529297,147.6666717529297,148.4166717529297,1503505
2011-02-15,149.1666717529297,151.6666717529297,147.9583282470703,150.75,2400494
2011-02-16,151.0,151.875,150.0833282470703,151.3333282470703,2474599
2011-02-17,151.5416717529297,151.5833282470703,149.2916717529297,150.7083282470703,602318
2011-02-18,150.5,151.375,147.7916717529297,149.2083282470703,3297218
2011-02-21,147.5833282470703,148.625,145.2916717529297,147.2083282470703,1744862
2011-02-22,146.3333282470703,147.8333282470703,145.4166717529297,146.5416717529297,2172444
2011-02-23,145.8333282470703,147.3333282470703,143.4583282470703,144.0833282470703,1383036
2011-02-24,141.875,144.7916717529297,141.6666717529297,142.4583282470703,3014625
2011-02-25,142.7083282470703,144.5,140.25,141.5416717529297,1628618
2011-02-28,141.6666717529297,146.5,140.9583282470703,141.5416717529297,2669386
2011-03-01,143.375,151.6666717529297,142.25,151.125,4547804
2011-03-03,150.0,153.0833282470703,145.9166717529297,148.375,2329243
2011-03-04,148.8333282470703,151.0833282470703,148.5,149.2916717529297,2192590
2011-03-07,148.2916717529297,151.0833282470703,145.9166717529297,150.4583282470703,1518444
2011-03-08,149.1666717529297,151.3333282470703,148.6666717529297,150.125,686125
2011-03-09,150.5,150.9166717529297,147.6666717529297,148.125,930722
2011-03-10,148.3333282470703,148.4583282470703,145.7083282470703,146.5,1105700
2011-03-11,146.2083282470703,147.3333282470703,144.25,145.5416717529297,1693838
2011-03-14,146.0416717529297,148.9166717529297,145.8333282470703,148.2916717529297,1550019
2011-03-15,146.2083282470703,147.375,144.1666717529297,145.75,1741938
2011-03-16,146.625,148.75,145.9583282470703,147.9583282470703,978834
2011-03-17,146.9166717529297,147.8333282470703,145.5,146.2916717529297,809139
2011-03-18,147.4166717529297,147.5,144.7083282470703,145.2083282470703,984092
2011-03-21,145.8333282470703,146.1666717529297,143.75,144.125,1122426
2011-03-22,145.7083282470703,146.25,144.7083282470703,145.2916717529297,914296
2011-03-23,145.75,146.625,144.2916717529297,145.9166717529297,1294640
2011-03-24,146.6666717529297,147.1666717529297,145.75,146.5833282470703,1341760
2011-03-25,146.0,153.1666717529297,146.0,152.4166717529297,2568351
2011-03-28,151.5833282470703,155.8333282470703,150.6666717529297,154.3333282470703,4321368
2011-03-29,154.1666717529297,158.2916717529297,153.0,157.0416717529297,2887262
2011-03-30,156.6666717529297,159.0,155.875,157.375,1293895
2011-03-31,158.0416717529297,162.5,157.4166717529297,160.9166717529297,6662690
2011-04-01,160.8333282470703,160.9166717529297,156.7916717529297,157.375,1010179
2011-04-04,156.8333282470703,159.5,156.4166717529297,157.9166717529297,1836823
2011-04-05,158.0833282470703,159.1666717529297,156.1666717529297,156.7083282470703,1428296
2011-04-06,157.2083282470703,160.625,154.7083282470703,159.8333282470703,2937254
2011-04-07,160.2916717529297,160.5416717529297,154.8333282470703,155.125,4377166
2011-04-08,155.8333282470703,156.4583282470703,152.125,153.125,3092548
2011-04-11,153.4166717529297,155.2916717529297,152.2916717529297,153.1666717529297,1953333
2011-04-13,152.625,157.0416717529297,151.75,156.5,2536735
2011-04-15,155.125,156.0416717529297,153.75,154.5,1573560
2011-04-18,154.5833282470703,156.4166717529297,152.9166717529297,154.4166717529297,2775322
2011-04-19,154.0,154.125,152.0833282470703,153.1666717529297,1120609
2011-04-20,154.0,156.2083282470703,153.3333282470703,155.7916717529297,1026747
2011-04-21,155.1666717529297,157.0833282470703,154.5,155.9166717529297,1621608
2011-04-25,155.0,156.8333282470703,155.0,155.4583282470703,1143561
2011-04-26,155.6666717529297,155.75,153.5833282470703,155.125,826138
2011-04-27,155.125,156.0,154.0,154.5416717529297,1159488
2011-04-28,154.5416717529297,155.0833282470703,152.5,153.0833282470703,1827498
2011-04-29,153.2916717529297,154.0,151.0833282470703,151.9166717529297,1722074
2011-05-02,151.2916717529297,152.7916717529297,150.4166717529297,150.875,1096219
2011-05-03,150.25,152.0833282470703,148.0416717529297,148.625,2462716
2011-05-04,148.9166717529297,149.7916717529297,148.0833282470703,148.7916717529297,2339367
2011-05-05,148.9166717529297,149.2083282470703,144.1666717529297,144.9583282470703,4171152
2011-05-06,144.1666717529297,146.7083282470703,142.5833282470703,145.6666717529297,2149135
2011-05-09,146.25,146.3333282470703,143.5833282470703,144.0,1500910
2011-05-10,144.9166717529297,152.4166717529297,144.25,150.4583282470703,5628651
2011-05-11,150.0,150.625,146.625,147.2916717529297,1443291
2011-05-12,147.0,148.2916717529297,145.0833282470703,145.4166717529297,1393770
2011-05-13,145.75,147.375,144.375,145.875,1484322
2011-05-16,145.8333282470703,146.9166717529297,144.2083282470703,145.125,2978124
2011-05-17,145.375,145.375,140.9583282470703,142.625,2852772
2011-05-18,143.2083282470703,143.5833282470703,140.6666717529297,142.4166717529297,1804472
2011-05-19,143.3333282470703,143.3333282470703,141.1666717529297,141.6666717529297,1112718
2011-05-20,142.5,145.625,141.6666717529297,144.0,1645852
2011-05-23,143.5833282470703,143.5833282470703,139.6666717529297,139.8333282470703,2296383
2011-05-24,140.3333282470703,142.125,138.0416717529297,139.0416717529297,3451340
2011-05-25,139.25,139.5833282470703,137.625,139.3333282470703,3159603
2011-05-26,139.9166717529297,143.25,139.4583282470703,142.4166717529297,7075099
2011-05-27,141.75,144.125,139.625,140.125,4068427
2011-05-30,141.0416717529297,141.625,139.1666717529297,139.7916717529297,4140687
2011-05-31,139.2916717529297,141.3333282470703,139.0,140.2083282470703,22371508
2011-06-01,141.2916717529297,146.2083282470703,141.2916717529297,145.875,4805697
2011-06-02,144.9166717529297,148.3333282470703,143.7916717529297,146.0416717529297,4536013
2011-06-03,146.5,147.4583282470703,144.5833282470703,145.0416717529297,1980505
2011-06-06,145.0833282470703,146.0,144.1666717529297,144.9583282470703,803578
2011-06-07,144.1666717529297,144.9166717529297,143.5,144.2083282470703,2685571
2011-06-08,144.1666717529297,146.875,144.1666717529297,146.0833282470703,2080336
2011-06-09,146.5833282470703,149.0416717529297,145.8333282470703,148.3333282470703,2864422
2011-06-10,147.5416717529297,148.375,146.0,146.8333282470703,2381526
2011-06-13,146.2916717529297,151.0833282470703,146.2916717529297,150.0,3158617
2011-06-14,150.4166717529297,151.5,149.9583282470703,150.6666717529297,1672045
2011-06-15,150.0,150.0833282470703,146.9583282470703,147.7083282470703,851595
2011-06-16,146.5,149.5,146.5,147.5,1190031
2011-06-17,146.125,149.5,145.6666717529297,149.0833282470703,1443712
2011-06-20,149.1666717529297,150.4583282470703,143.9166717529297,145.5416717529297,2329111
2011-06-21,146.0833282470703,147.5,144.5,147.0416717529297,1105177
2011-06-22,147.4166717529297,147.875,145.3333282470703,145.9583282470703,1349418
2011-06-23,145.8333282470703,149.1666717529297,145.8333282470703,146.5,2211873
2011-06-24,147.0,155.375,146.6666717529297,151.7916717529297,6495902
2011-06-27,150.0,153.4583282470703,149.5,152.0416717529297,3580068
2011-06-28,152.375,153.3333282470703,150.625,153.0,1512681
2011-06-29,153.375,155.2083282470703,153.3333282470703,154.25,2470478
2011-06-30,154.3333282470703,157.1666717529297,153.0416717529297,155.75,4758492
2011-07-01,155.8333282470703,157.5,153.9583282470703,155.6666717529297,1770510
2011-07-04,155.8333282470703,156.6666717529297,153.2083282470703,153.7083282470703,2086365
2011-07-05,153.625,154.9166717529297,152.2083282470703,153.9166717529297,2608054
2011-07-06,153.75,155.8333282470703,153.125,154.4583282470703,2039581
2011-07-07,154.3333282470703,159.0,154.2083282470703,158.5416717529297,3378967
2011-07-08,158.5416717529297,160.375,157.7916717529297,159.0416717529297,3419328
2011-07-11,158.3333282470703,160.0,156.2916717529297,157.625,1983331
2011-07-12,156.6666717529297,158.3333282470703,152.5833282470703,155.8333282470703,3924948
2011-07-13,155.4583282470703,159.1666717529297,155.2083282470703,158.5833282470703,4368988
2011-07-14,157.2916717529297,160.0,156.875,157.7916717529297,3746907
2011-07-15,156.9166717529297,159.9166717529297,156.9166717529297,158.2083282470703,3132978
2011-07-18,156.875,158.0833282470703,153.75,155.0833282470703,3092478
2011-07-19,155.5833282470703,158.6666717529297,155.4166717529297,157.4583282470703,2232801
2011-07-20,157.5,158.1666717529297,153.8333282470703,154.375,1738600
2011-07-21,154.4166717529297,155.5,151.75,152.375,1575428
2011-07-22,152.9166717529297,155.7916717529297,152.2083282470703,152.6666717529297,3658702
2011-07-25,152.6666717529297,154.1666717529297,151.25,153.0416717529297,7181780
2011-07-26,153.7083282470703,154.625,149.75,150.2916717529297,2944093
2011-07-27,150.75,151.25,148.3333282470703,150.375,2418058
2011-07-28,148.5416717529297,149.5833282470703,146.5416717529297,146.9583282470703,5296336
2011-07-29,147.5,148.4166717529297,146.25,146.75,3249858
2011-08-01,147.6666717529297,149.0,146.7916717529297,147.375,1179526
2011-08-02,147.0833282470703,151.4166717529297,146.75,150.8333282470703,3289740
2011-08-03,149.8333282470703,151.5833282470703,148.3333282470703,151.0416717529297,3805206
2011-08-04,150.5833282470703,150.8333282470703,146.4583282470703,147.5416717529297,3271522
2011-08-05,145.4583282470703,146.1666717529297,142.2916717529297,142.875,4148565
2011-08-08,141.0833282470703,144.0833282470703,137.5,142.625,3918158
2011-08-09,138.9166717529297,142.9166717529297,138.3333282470703,140.9583282470703,3509944
2011-08-10,144.3333282470703,148.0,140.9166717529297,146.25,4474538
2011-08-11,145.2916717529297,149.5,144.625,148.1666717529297,1848537
2011-08-12,149.1666717529297,149.1666717529297,145.2916717529297,146.4166717529297,1856520
2011-08-16,147.5,147.6666717529297,145.4166717529297,146.2083282470703,1001205
2011-08-17,145.125,148.75,145.0,146.125,2473766
2011-08-18,148.3333282470703,148.3333282470703,143.9583282470703,145.25,1322197
2011-08-19,142.9583282470703,146.3333282470703,142.9583282470703,145.0833282470703,2246275
2011-08-22,144.625,147.4166717529297,143.2083282470703,145.5416717529297,1214882
2011-08-23,146.5833282470703,146.5833282470703,142.3333282470703,142.8333282470703,3145651
2011-08-24,141.9166717529297,142.9166717529297,141.25,141.75,3411334
2011-08-25,142.0,142.5,140.0416717529297,141.7083282470703,5370679
2011-08-26,141.5,141.5,135.4583282470703,138.7083282470703,3569570
2011-08-29,140.0,141.2916717529297,139.375,140.9166717529297,1295444
2011-08-30,140.8333282470703,142.25,139.6666717529297,141.0833282470703,2753792
2011-09-02,145.6666717529297,145.6666717529297,137.5833282470703,138.6666717529297,4693891
2011-09-05,138.4166717529297,139.0833282470703,136.0,136.4166717529297,5148044
2011-09-06,136.4583282470703,137.25,134.5833282470703,135.1666717529297,5362542
2011-09-07,135.75,140.2916717529297,135.4166717529297,139.9166717529297,5322658
2011-09-08,140.25,140.25,138.0833282470703,138.4166717529297,2700772
2011-09-09,139.1666717529297,140.0,135.6666717529297,136.125,2820220
2011-09-12,135.4166717529297,135.625,133.3333282470703,135.0416717529297,2213281
2011-09-13,136.2083282470703,138.0416717529297,135.0,136.2916717529297,2368801
2011-09-14,137.0416717529297,137.5833282470703,135.0416717529297,136.7916717529297,2005693
2011-09-15,138.1666717529297,138.1666717529297,135.0833282470703,137.125,1620182
2011-09-16,137.6666717529297,144.625,137.5,143.7083282470703,6954804
2011-09-19,142.2916717529297,144.0416717529297,140.0,140.5,1559473
2011-09-20,141.0833282470703,143.875,140.8333282470703,143.3333282470703,2326687
2011-09-21,143.3333282470703,145.2916717529297,143.3333282470703,144.4166717529297,2406962
2011-09-22,142.8333282470703,143.0,137.5416717529297,138.125,1866160
2011-09-23,137.3333282470703,140.7916717529297,136.5416717529297,139.1666717529297,2554398
2011-09-26,140.2083282470703,140.3333282470703,135.8333282470703,136.375,1901102
2011-09-27,137.1666717529297,138.625,136.5,138.0416717529297,2594641
2011-09-28,138.7083282470703,141.2916717529297,137.1666717529297,140.5,2824125
2011-09-29,140.375,141.9166717529297,137.1666717529297,140.125,3176624
2011-09-30,139.5833282470703,140.8333282470703,137.2083282470703,139.7083282470703,2784331
2011-10-03,137.9166717529297,138.7083282470703,136.3333282470703,136.9583282470703,1900468
2011-10-04,136.6666717529297,138.0,134.875,136.625,1554122
2011-10-05,137.25,138.2083282470703,135.375,136.5833282470703,1932661
2011-10-07,140.4166717529297,141.0,137.7083282470703,139.0833282470703,4020384
2011-10-10,139.5416717529297,142.875,137.8333282470703,142.1666717529297,4045412
2011-10-11,142.5,147.5,142.4166717529297,147.0,7521440
2011-10-12,146.2916717529297,148.8333282470703,145.5416717529297,147.8333282470703,3949242
2011-10-13,148.0,148.5416717529297,144.125,144.5833282470703,1891143
2011-10-14,144.0833282470703,147.4166717529297,143.25,144.0833282470703,2922464
2011-10-17,144.1666717529297,144.3333282470703,139.5,140.2083282470703,1922998
2011-10-18,139.9166717529297,142.2916717529297,139.2083282470703,140.2916717529297,1777351
2011-10-19,140.4166717529297,143.7083282470703,140.2083282470703,143.2916717529297,1696239
2011-10-20,141.7916717529297,143.125,140.0,142.75,1138090
2011-10-21,143.0833282470703,143.0833282470703,140.6666717529297,141.2083282470703,1252420
2011-10-24,142.6666717529297,144.1666717529297,142.0833282470703,142.5833282470703,2418790
2011-10-25,143.2083282470703,147.7916717529297,141.2916717529297,144.6666717529297,7100366
2011-10-28,150.0,152.5,146.3333282470703,148.7916717529297,4579776
2011-10-31,149.0,152.8333282470703,148.3333282470703,149.375,5984281
2011-11-01,149.2083282470703,150.75,147.3333282470703,147.7916717529297,1417352
2011-11-02,146.75,149.7083282470703,146.0416717529297,146.625,872137
2011-11-03,146.1666717529297,149.125,145.5416717529297,148.4166717529297,1458592
2011-11-04,149.1666717529297,151.375,148.5,149.4583282470703,1778904
2011-11-08,149.0,150.3333282470703,147.2083282470703,148.4583282470703,1247601
2011-11-09,149.1666717529297,149.2916717529297,144.5833282470703,145.0416717529297,925772
2011-11-11,144.2083282470703,145.5,142.7083282470703,144.7083282470703,1579004
2011-11-14,145.0416717529297,147.0416717529297,143.4166717529297,144.1666717529297,1165297
2011-11-15,144.0,144.0416717529297,140.4166717529297,141.6666717529297,2677666
2011-11-16,142.3333282470703,143.2083282470703,139.9166717529297,140.7916717529297,3668610
2011-11-17,141.5416717529297,142.1666717529297,136.7916717529297,137.5,2430165
2011-11-18,137.4166717529297,137.5,133.75,135.25,3590655
2011-11-21,135.375,135.6666717529297,129.625,130.25,4280265
2011-11-22,131.0416717529297,132.2083282470703,128.875,129.5416717529297,3104350
2011-11-23,129.6666717529297,131.2083282470703,126.70833587646484,130.5416717529297,2966732
2011-11-24,132.4583282470703,133.2916717529297,127.875,132.3333282470703,5260209
2011-11-25,132.5,134.0833282470703,129.5416717529297,130.75,3437004
2011-11-28,132.4583282470703,133.9166717529297,131.0,133.0416717529297,4262164
2011-11-29,133.25,134.0416717529297,131.5,132.1666717529297,2780838
2011-11-30,132.0,136.625,130.9166717529297,135.2916717529297,3427675
2011-12-01,138.1666717529297,139.5833282470703,137.2083282470703,138.7916717529297,2193126
2011-12-02,138.5833282470703,145.375,137.8333282470703,144.0416717529297,2224594
2011-12-05,142.5416717529297,147.0833282470703,142.5,146.5833282470703,3236240
2011-12-07,145.9583282470703,147.875,140.3333282470703,141.7916717529297,2888481
2011-12-08,140.4583282470703,141.9166717529297,136.3333282470703,138.5833282470703,2456607
2011-12-09,136.0416717529297,139.8333282470703,135.5416717529297,138.4166717529297,2344226
2011-12-12,139.5416717529297,139.75,133.3333282470703,136.2916717529297,3548748
2011-12-13,135.125,140.5833282470703,133.5833282470703,139.0416717529297,2473705
2011-12-14,138.75,139.125,136.0,136.75,3366631
2011-12-15,135.75,139.5833282470703,132.5833282470703,138.6666717529297,3585348
2011-12-16,138.4166717529297,141.875,132.8333282470703,134.125,4420815
2011-12-19,134.1666717529297,134.375,130.4583282470703,133.5833282470703,2975494
2011-12-20,133.5833282470703,134.8333282470703,128.4166717529297,129.0833282470703,4742794
2011-12-21,130.8333282470703,135.1666717529297,129.2916717529297,133.9583282470703,3816535
2011-12-22,134.0,137.0,132.625,136.1666717529297,2596674
2011-12-23,137.0833282470703,137.9166717529297,131.3333282470703,131.9166717529297,2771540
2011-12-26,132.3333282470703,134.25,132.25,133.7916717529297,1791708
2011-12-27,134.1666717529297,134.4583282470703,129.625,130.75,2104622
2011-12-28,131.6666717529297,135.3333282470703,130.9583282470703,134.4583282470703,2542332
2011-12-29,134.5833282470703,134.6666717529297,132.25,133.875,2512920
2011-12-30,134.1666717529297,135.375,132.6666717529297,134.0416717529297,1921291
2012-01-02,134.0416717529297,134.0416717529297,130.8333282470703,131.7916717529297,1404067
2012-01-03,132.9166717529297,134.5833282470703,132.25,133.625,2140398
2012-01-04,134.1666717529297,134.1666717529297,132.2916717529297,133.4583282470703,1876118
2012-01-05,133.7083282470703,134.0833282470703,129.2083282470703,130.6666717529297,3196855
2012-01-06,130.4166717529297,131.25,129.375,130.7916717529297,2624210
2012-01-09,130.3333282470703,131.25,129.625,130.7916717529297,2584994
2012-01-10,132.4583282470703,133.4583282470703,130.625,131.6666717529297,7592079
2012-01-11,132.3333282470703,133.7083282470703,131.25,133.0833282470703,7652688
2012-01-12,134.0833282470703,135.3333282470703,133.125,134.0416717529297,2979742
2012-01-13,134.9166717529297,139.0416717529297,134.125,138.5,4058114
2012-01-16,137.2916717529297,138.25,134.625,134.875,2294924
2012-01-17,135.7916717529297,139.8333282470703,135.6666717529297,139.3333282470703,4024894
2012-01-18,139.3333282470703,141.0,136.1666717529297,137.0833282470703,3001603
2012-01-19,137.6666717529297,143.75,137.5,142.875,5671336
2012-01-20,143.2916717529297,146.5,142.5416717529297,145.4166717529297,4067755
2012-01-23,144.2083282470703,147.9166717529297,144.2083282470703,146.2916717529297,3179276
2012-01-24,146.3333282470703,147.625,144.125,146.125,2662366
2012-01-25,146.125,147.5833282470703,145.2083282470703,145.625,4540281
2012-01-27,148.4583282470703,149.0833282470703,143.9166717529297,145.0416717529297,2761042
2012-01-30,142.9583282470703,145.75,142.2916717529297,143.125,3483304
2012-01-31,142.0,143.7916717529297,141.0416717529297,143.5,2779754
2012-02-01,143.3333282470703,144.7083282470703,141.7083282470703,142.375,2967338
2012-02-02,143.3333282470703,144.2916717529297,142.1666717529297,143.25,4670977
2012-02-03,142.5833282470703,147.8333282470703,142.5833282470703,147.3333282470703,2058243
2012-02-06,148.3333282470703,148.5833282470703,145.4166717529297,148.0416717529297,3381099
2012-02-07,147.9583282470703,148.7083282470703,145.4583282470703,146.4583282470703,1213438
2012-02-08,146.25,149.0833282470703,146.2083282470703,147.7083282470703,1397892
2012-02-09,147.5,150.8333282470703,147.125,150.0,2875066
2012-02-10,149.9166717529297,151.2083282470703,148.875,150.2916717529297,1741236
2012-02-13,150.0,151.9583282470703,149.4166717529297,150.8333282470703,1652396
2012-02-14,150.125,152.8333282470703,150.0833282470703,151.375,1704975
2012-02-15,151.4583282470703,153.7083282470703,149.8333282470703,151.75,4870018
2012-02-16,153.25,154.6666717529297,152.1666717529297,153.2916717529297,6475116
2012-02-17,155.0,158.9583282470703,154.0416717529297,156.5833282470703,5197779
2012-02-21,155.9583282470703,158.25,154.0416717529297,155.125,3069835
2012-02-22,154.5833282470703,156.3333282470703,151.0,152.3333282470703,2046350
2012-02-23,151.7916717529297,155.0,150.1666717529297,154.2083282470703,2431582
2012-02-24,154.2083282470703,156.1666717529297,151.9166717529297,153.0833282470703,3188020
2012-02-27,154.1666717529297,154.1666717529297,146.25,150.7083282470703,5148733
2012-02-28,150.8333282470703,153.1666717529297,149.6666717529297,150.0416717529297,1719670
2012-02-29,150.75,152.875,149.6666717529297,150.875,1726953
2012-03-01,151.25,152.25,145.5833282470703,147.0416717529297,2036619
2012-03-02,148.2916717529297,150.6666717529297,146.9583282470703,149.1666717529297,2100890
2012-03-05,148.1666717529297,148.625,145.2916717529297,146.375,1164562
2012-03-06,145.4166717529297,149.7916717529297,144.1666717529297,145.4583282470703,1240345
2012-03-07,144.1666717529297,145.3333282470703,141.3333282470703,141.8333282470703,1594531
2012-03-09,143.7083282470703,145.5416717529297,141.7083282470703,144.7083282470703,3090069
2012-03-12,145.8333282470703,146.6666717529297,141.9583282470703,143.4166717529297,2557352
2012-03-13,143.875,145.5,143.8333282470703,144.375,1294404
2012-03-14,145.8333282470703,148.3333282470703,145.25,148.0,1986541
2012-03-15,148.0,150.0,147.5,149.6666717529297,3122120
2012-03-16,149.3333282470703,151.0833282470703,142.6666717529297,143.625,1998697
2012-03-19,144.5416717529297,145.6666717529297,142.625,143.2916717529297,1449897
2012-03-20,142.2083282470703,145.25,141.0416717529297,144.2916717529297,1902884
2012-03-21,143.3333282470703,146.875,143.0416717529297,146.5,2545670
2012-03-22,146.6666717529297,147.3333282470703,141.7083282470703,142.7083282470703,2566596
2012-03-23,142.7083282470703,144.375,142.0416717529297,143.1666717529297,762777
2012-03-26,143.5416717529297,143.5416717529297,137.5,137.875,1741135
2012-03-27,139.7916717529297,139.875,135.5,136.6666717529297,1925884
2012-03-28,136.6666717529297,137.125,133.8333282470703,134.6666717529297,3546476
2012-03-29,134.1666717529297,136.4166717529297,133.375,135.4166717529297,6598052
2012-03-30,135.8333282470703,137.4583282470703,134.875,135.625,5082229
2012-04-02,136.5,140.0833282470703,135.8333282470703,139.5833282470703,1633851
2012-04-03,140.4166717529297,140.7083282470703,138.75,139.5833282470703,1577121
2012-04-04,139.9166717529297,141.0416717529297,138.75,139.8333282470703,976076
2012-04-09,138.5,138.9583282470703,135.4583282470703,135.875,997341
2012-04-10,135.4583282470703,136.2083282470703,134.3333282470703,135.3333282470703,2181913
2012-04-11,134.1666717529297,138.4166717529297,134.1666717529297,137.7916717529297,2074615
2012-04-12,138.4166717529297,139.1666717529297,136.875,137.875,2519258
2012-04-13,138.75,140.8333282470703,138.125,138.9583282470703,1876453
2012-04-16,137.5833282470703,138.625,136.6666717529297,137.9166717529297,1527472
2012-04-17,137.5416717529297,140.75,137.25,139.5833282470703,3725292
2012-04-18,139.625,141.4583282470703,139.4166717529297,139.9166717529297,2782255
2012-04-19,140.75,141.25,139.1666717529297,140.125,1112271
2012-04-20,140.0,140.75,136.3333282470703,137.7083282470703,1153986
2012-04-23,137.3333282470703,138.7083282470703,135.875,138.2916717529297,2223518
2012-04-24,138.2916717529297,140.2083282470703,137.0833282470703,139.4166717529297,1450778
2012-04-25,139.9166717529297,139.9166717529297,136.125,137.4166717529297,1056271
2012-04-26,136.75,138.2916717529297,133.6666717529297,134.2916717529297,3097052
2012-04-27,134.6666717529297,136.125,134.1666717529297,134.9166717529297,979243
2012-04-30,134.5,136.9583282470703,134.5,135.4166717529297,1607512
2012-05-02,135.0,136.0416717529297,132.7083282470703,133.2083282470703,2213557
2012-05-03,133.1666717529297,133.1666717529297,129.7916717529297,130.8333282470703,3596024
2012-05-04,130.0,131.9166717529297,128.375,129.125,1792617
2012-05-07,128.3333282470703,130.875,127.08333587646484,130.125,1848526
2012-05-08,130.75,131.375,128.7916717529297,129.9166717529297,2709948
2012-05-09,128.875,129.4166717529297,125.16666412353516,126.20833587646484,2126929
2012-05-10,125.83333587646484,128.125,123.54166412353516,124.5,3231840
2012-05-11,124.5,125.75,121.75,123.45833587646484,2377020
2012-05-14,123.45833587646484,125.08333587646484,122.08333587646484,122.91666412353516,4292473
2012-05-15,122.08333587646484,123.0,118.66666412353516,119.5,3087506
2012-05-16,118.66666412353516,119.08333587646484,115.70833587646484,117.54166412353516,3723393
2012-05-17,117.54166412353516,119.04166412353516,117.5,118.41666412353516,2849098
2012-05-18,117.5,122.91666412353516,116.70833587646484,120.79166412353516,3615472
2012-05-21,120.5,121.66666412353516,118.125,119.66666412353516,2252403
2012-05-22,119.625,121.04166412353516,117.29166412353516,117.79166412353516,3123459
2012-05-23,117.5,118.08333587646484,115.83333587646484,117.54166412353516,2071046
2012-05-24,117.58333587646484,119.375,116.625,118.41666412353516,1496450
2012-05-25,118.41666412353516,119.16666412353516,117.54166412353516,118.5,1659200
2012-05-28,118.08333587646484,120.75,118.08333587646484,120.41666412353516,1184391
2012-05-29,120.91666412353516,121.79166412353516,119.91666412353516,121.25,2030589
2012-05-30,119.91666412353516,122.04166412353516,119.91666412353516,121.04166412353516,3206365
2012-05-31,120.16666412353516,123.33333587646484,120.125,122.33333587646484,4196283
2012-06-01,121.91666412353516,122.20833587646484,120.08333587646484,120.91666412353516,2183742
2012-06-04,120.0,120.66666412353516,117.83333587646484,120.04166412353516,2960720
2012-06-05,120.04166412353516,122.91666412353516,120.04166412353516,122.45833587646484,2169592
2012-06-06,122.91666412353516,127.83333587646484,122.91666412353516,127.29166412353516,3583874
2012-06-07,127.58333587646484,130.9166717529297,126.45833587646484,129.2083282470703,3421950
2012-06-08,128.75,131.0833282470703,127.08333587646484,130.0,2060884
2012-06-11,130.25,132.3333282470703,128.8333282470703,129.25,1621137
2012-06-12,128.9166717529297,132.0833282470703,127.95833587646484,131.375,1974784
2012-06-13,131.25,131.5,127.91666412353516,128.5833282470703,1654306
2012-06-14,127.5,128.6666717529297,123.0,123.54166412353516,4732070
2012-06-15,123.33333587646484,126.08333587646484,122.5,125.16666412353516,3417586
2012-06-18,125.875,127.0,122.875,124.33333587646484,1941970
2012-06-19,123.75,125.95833587646484,122.79166412353516,124.70833587646484,3410185
2012-06-20,125.0,126.83333587646484,124.08333587646484,124.625,2631464
2012-06-21,124.83333587646484,126.66666412353516,124.16666412353516,126.08333587646484,1689506
2012-06-22,125.33333587646484,127.79166412353516,124.625,126.79166412353516,2769422
2012-06-25,126.29166412353516,128.4166717529297,126.20833587646484,127.08333587646484,3171616
2012-06-26,127.16666412353516,128.7083282470703,126.375,128.0833282470703,2233992
2012-06-27,129.1666717529297,130.4583282470703,128.5416717529297,129.25,1903099
2012-06-28,130.0,131.9583282470703,129.0416717529297,131.3333282470703,4530069
2012-06-29,132.375,133.6666717529297,131.7083282470703,132.875,3074715
2012-07-02,133.3333282470703,135.0,132.7083282470703,134.4166717529297,1479196
2012-07-03,134.5833282470703,135.5,132.5,134.2083282470703,2126170
2012-07-04,134.4166717529297,135.0,132.0833282470703,134.0833282470703,1878697
2012-07-05,133.75,135.2916717529297,132.5,134.6666717529297,1726928
2012-07-06,134.1666717529297,134.875,133.0833282470703,134.0416717529297,732764
2012-07-09,132.7083282470703,133.7916717529297,131.25,133.375,1666530
2012-07-10,132.9166717529297,133.9166717529297,131.25,133.2083282470703,1582414
2012-07-11,132.1666717529297,134.75,132.1666717529297,133.4583282470703,2470233
2012-07-12,132.4166717529297,133.625,130.8333282470703,132.4583282470703,2101722
2012-07-13,132.7083282470703,134.25,132.25,133.125,996847
2012-07-16,132.3333282470703,134.0,131.9583282470703,132.3333282470703,1446993
2012-07-17,132.875,133.4583282470703,131.0833282470703,131.9166717529297,1894132
2012-07-18,131.875,132.25,130.0833282470703,130.875,1656078
2012-07-19,131.6666717529297,132.5416717529297,130.4166717529297,130.9166717529297,6217933
2012-07-20,130.5833282470703,131.2083282470703,129.625,129.9166717529297,1009934
2012-07-23,129.625,129.9166717529297,127.0,128.125,6156342
2012-07-24,128.3333282470703,128.4583282470703,126.91666412353516,127.41666412353516,2062909
2012-07-25,126.79166412353516,127.45833587646484,124.25,125.04166412353516,4835923
2012-07-26,125.83333587646484,127.0,124.5,125.95833587646484,3489912
2012-07-27,127.08333587646484,129.5416717529297,126.79166412353516,127.70833587646484,1630782
2012-07-30,128.0,132.0416717529297,128.0,131.5833282470703,1524061
2012-07-31,131.75,132.5,130.3333282470703,130.8333282470703,2175207
2012-08-01,130.875,132.5,130.1666717529297,131.25,2556146
2012-08-02,131.3333282470703,137.0833282470703,131.2916717529297,136.25,9671479
2012-08-03,135.8333282470703,140.3333282470703,135.1666717529297,138.5416717529297,7677819
2012-08-06,138.9166717529297,140.4166717529297,137.3333282470703,138.0416717529297,2442314
2012-08-07,137.75,139.9583282470703,136.9166717529297,139.4583282470703,2661046
2012-08-08,139.75,142.4583282470703,139.0,140.2083282470703,3725376
2012-08-09,140.2916717529297,142.0833282470703,140.2083282470703,141.625,2002569
2012-08-10,140.625,143.75,140.5833282470703,143.2916717529297,3726680
2012-08-13,143.2916717529297,144.0,142.5416717529297,143.5,1285842
2012-08-14,142.5833282470703,144.125,141.4166717529297,143.1666717529297,2061458
2012-08-16,143.125,143.3333282470703,141.375,141.6666717529297,2729293
2012-08-17,142.125,142.6666717529297,139.25,140.0416717529297,2073260
2012-08-21,139.5833282470703,145.6666717529297,139.5833282470703,144.7916717529297,1429356
2012-08-22,144.5833282470703,144.9166717529297,142.5,142.8333282470703,1054640
2012-08-23,142.9166717529297,143.6666717529297,141.4166717529297,142.0833282470703,1564212
2012-08-24,141.4166717529297,142.625,139.9166717529297,140.5,2305279
2012-08-27,140.375,141.4583282470703,139.25,140.7916717529297,1386114
2012-08-28,141.5416717529297,143.625,140.5833282470703,143.2083282470703,1425577
2012-08-29,144.1666717529297,144.1666717529297,141.5833282470703,143.5833282470703,1544942
2012-08-30,142.625,144.375,141.0833282470703,142.875,4716608
2012-08-31,141.6666717529297,142.0,139.5,140.0416717529297,2548046
2012-09-03,140.2083282470703,142.6666717529297,139.6666717529297,140.6666717529297,1466667
2012-09-04,139.5833282470703,142.3333282470703,138.125,141.9583282470703,3008527
2012-09-05,140.8333282470703,141.3333282470703,139.0833282470703,140.4583282470703,1990410
2012-09-06,139.6666717529297,143.9166717529297,138.3333282470703,142.9166717529297,2656502
2012-09-07,143.4583282470703,145.1666717529297,143.1666717529297,143.5416717529297,2222132
2012-09-10,142.625,144.0,142.4166717529297,143.3333282470703,999045
2012-09-11,142.2083282470703,145.5833282470703,142.2083282470703,145.2916717529297,1182187
2012-09-12,145.8333282470703,146.25,141.3333282470703,142.2083282470703,1961301
2012-09-13,142.5,143.6666717529297,141.6666717529297,142.625,885174
2012-09-14,144.5833282470703,144.875,139.2083282470703,140.25,3955598
2012-09-17,141.25,141.9583282470703,140.1666717529297,140.8333282470703,4568103
2012-09-18,140.8333282470703,142.25,137.5,138.625,6454300
2012-09-20,138.8333282470703,140.0416717529297,136.125,136.75,4992526
2012-09-21,136.8333282470703,141.2083282470703,136.6666717529297,140.625,5585490
2012-09-24,140.8333282470703,142.4166717529297,138.1666717529297,138.7083282470703,6174492
2012-09-25,140.5416717529297,141.0,136.75,137.4583282470703,5490320
2012-09-26,138.0833282470703,138.25,136.9166717529297,137.5,2600833
2012-09-27,137.4166717529297,138.25,135.625,136.9583282470703,4061846
2012-09-28,137.5,140.5416717529297,137.1666717529297,140.0833282470703,4339984
2012-10-01,140.0,142.4166717529297,139.5,141.7916717529297,2144904
2012-10-03,141.6666717529297,142.9166717529297,140.8333282470703,141.7083282470703,3038714
2012-10-04,142.4583282470703,144.0833282470703,141.7083282470703,142.375,1628727
2012-10-05,142.6666717529297,143.125,142.5,142.5416717529297,5077770
2012-10-08,141.9583282470703,145.0833282470703,141.7083282470703,142.9583282470703,3971575
2012-10-09,143.3333282470703,144.4583282470703,140.5416717529297,141.5,4318512
2012-10-10,140.75,140.9166717529297,137.9166717529297,138.75,3494575
2012-10-11,139.7916717529297,140.3333282470703,138.4166717529297,139.875,3171740
2012-10-12,139.7916717529297,141.875,133.5,140.75,3493448
2012-10-15,140.0833282470703,140.5833282470703,138.875,140.125,1736847
2012-10-16,141.4583282470703,141.625,139.0,139.75,2685001
2012-10-17,140.375,141.2083282470703,139.0,140.875,2057521
2012-10-18,141.0416717529297,141.3333282470703,139.2916717529297,140.5833282470703,2597175
2012-10-19,140.0,140.4166717529297,138.375,138.5833282470703,2697148
2012-10-22,138.75,141.5,137.7083282470703,140.9583282470703,7669023
2012-10-23,140.8333282470703,141.7083282470703,140.5416717529297,140.8333282470703,3873270
2012-10-25,140.0,142.875,140.0,141.0833282470703,6127437
2012-10-29,141.125,141.625,139.0416717529297,139.7916717529297,6255356
2012-10-30,139.1666717529297,140.7083282470703,138.1666717529297,138.4583282470703,1727032
2012-10-31,138.4583282470703,139.25,137.5,137.7916717529297,1363566
2012-11-01,137.5,138.625,137.1666717529297,137.875,2032327
2012-11-02,138.4166717529297,140.625,138.4166717529297,140.125,2905269
2012-11-05,139.9166717529297,140.4583282470703,138.4583282470703,139.5416717529297,766225
2012-11-06,139.3333282470703,141.0416717529297,138.9583282470703,140.5416717529297,4041392
2012-11-07,140.5416717529297,142.0,139.625,141.0833282470703,1919007
2012-11-08,140.4166717529297,142.375,139.7083282470703,141.6666717529297,1124715
2012-11-09,141.8333282470703,142.0,138.4166717529297,138.9166717529297,996217
2012-11-12,139.1666717529297,140.2083282470703,139.0833282470703,139.5833282470703,492702
2012-11-15,140.0,140.1666717529297,137.7916717529297,139.0833282470703,3604822
2012-11-16,138.4166717529297,140.25,138.1666717529297,138.6666717529297,1615603
2012-11-19,138.75,140.6666717529297,138.6666717529297,140.2916717529297,1715472
2012-11-20,140.5,141.1666717529297,139.5833282470703,140.2916717529297,1722382
2012-11-21,140.1666717529297,140.375,134.5,135.0,1422200
2012-11-22,135.2083282470703,137.5416717529297,134.6666717529297,136.5833282470703,2491532
2012-11-23,137.875,139.0833282470703,131.9166717529297,132.8333282470703,5589343
2012-11-26,133.5833282470703,134.0,130.875,132.875,1546052
2012-11-27,133.7083282470703,133.9166717529297,131.7083282470703,132.125,2755759
2012-11-29,132.7083282470703,134.5833282470703,131.0416717529297,133.8333282470703,5650854
2012-11-30,134.5,135.8333282470703,133.1666717529297,135.3333282470703,2863034
2012-12-03,135.3333282470703,135.3333282470703,132.6666717529297,133.7083282470703,1932320
2012-12-04,132.9583282470703,134.25,131.7083282470703,132.1666717529297,4846658
2012-12-05,132.5,133.5833282470703,131.875,132.25,2524453
2012-12-06,132.8333282470703,135.1666717529297,130.5,134.25,3501546
2012-12-07,134.5,135.4166717529297,132.5416717529297,133.2083282470703,2357289
2012-12-10,133.3333282470703,133.3333282470703,130.0,130.75,2455482
2012-12-11,131.5,131.9166717529297,124.75,128.5,6035736
2012-12-12,128.3333282470703,129.1666717529297,126.58333587646484,127.66666412353516,4750851
2012-12-13,127.75,128.0833282470703,124.875,125.5,4176156
2012-12-14,125.75,127.66666412353516,124.45833587646484,127.33333587646484,6661347
2012-12-17,127.875,129.375,127.0,128.75,3585450
2012-12-18,129.125,130.4166717529297,128.4166717529297,129.5416717529297,3748833
2012-12-19,129.9166717529297,129.9583282470703,127.79166412353516,128.9583282470703,3176259
2012-12-20,129.0833282470703,129.4166717529297,127.79166412353516,128.375,2750454
2012-12-21,127.875,128.375,127.125,127.625,2311826
2012-12-24,127.16666412353516,129.0416717529297,127.16666412353516,128.5833282470703,960300
2012-12-26,129.1666717529297,129.7083282470703,128.375,129.4166717529297,1804845
2012-12-27,129.7916717529297,130.4166717529297,129.0,129.5833282470703,3842102
2012-12-28,129.5833282470703,131.625,129.5833282470703,130.5416717529297,2341050
2012-12-31,130.4583282470703,131.0416717529297,130.0,130.375,1004433
2013-01-01,130.75,131.4583282470703,129.0,129.5833282470703,3199340
2013-01-02,130.25,131.6666717529297,130.2083282470703,131.25,1543059
2013-01-03,131.4583282470703,132.8333282470703,130.6666717529297,131.2916717529297,2398482
2013-01-04,131.625,132.8333282470703,131.3333282470703,132.4166717529297,1718414
2013-01-07,132.5,132.7083282470703,130.625,131.3333282470703,1578249
2013-01-08,131.25,131.6666717529297,130.4166717529297,131.2083282470703,3392466
2013-01-09,131.3333282470703,132.7083282470703,129.3333282470703,129.75,2654666
2013-01-10,130.2916717529297,130.7083282470703,127.79166412353516,128.1666717529297,2174938
2013-01-11,128.3333282470703,129.2916717529297,126.91666412353516,127.25,2170936
2013-01-14,127.5,128.7083282470703,127.33333587646484,128.375,3964070
2013-01-15,128.4583282470703,130.4166717529297,127.58333587646484,129.7083282470703,3461724
2013-01-16,129.9583282470703,130.625,129.4583282470703,130.1666717529297,4860046
2013-01-17,130.125,131.0833282470703,129.4583282470703,130.9166717529297,3404166
2013-01-18,131.0416717529297,137.5,130.875,137.0833282470703,6943551
2013-01-21,137.1666717529297,139.5833282470703,133.9166717529297,134.6666717529297,5915312
2013-01-22,136.2916717529297,137.9166717529297,135.9166717529297,136.9583282470703,7570783
2013-01-23,137.5,137.9583282470703,134.2916717529297,135.5,3527212
2013-01-24,134.7916717529297,135.5416717529297,133.125,133.625,6844473
2013-01-25,133.75,135.0,132.5,132.7916717529297,3140762
2013-01-28,132.5416717529297,133.7083282470703,130.1666717529297,131.375,2397241
2013-01-29,131.5,132.0833282470703,130.7083282470703,131.0833282470703,2255316
2013-01-30,131.5833282470703,131.625,129.1666717529297,129.8333282470703,2663178
2013-01-31,129.3333282470703,131.8333282470703,129.0,130.9166717529297,4363621
2013-02-01,131.25,132.1666717529297,130.0,130.7916717529297,4770735
2013-02-04,130.4583282470703,131.625,129.1666717529297,129.625,2970045
2013-02-05,128.4583282470703,131.4166717529297,128.3333282470703,129.5416717529297,4846429
2013-02-06,129.125,129.125,125.29166412353516,126.5,8673577
2013-02-07,124.25,125.70833587646484,122.95833587646484,123.375,38729497
2013-02-08,122.5,125.625,122.08333587646484,123.375,63758158
2013-02-11,124.125,124.29166412353516,122.58333587646484,123.04166412353516,11176224
2013-02-12,123.25,123.70833587646484,122.41666412353516,122.83333587646484,10261694
2013-02-13,123.16666412353516,124.29166412353516,122.83333587646484,123.54166412353516,7550848
2013-02-14,124.16666412353516,125.375,123.5,124.41666412353516,8997776
2013-02-15,124.16666412353516,126.16666412353516,124.125,124.95833587646484,8293090
2013-02-18,125.0,126.16666412353516,125.0,125.91666412353516,5849097
2013-02-19,126.04166412353516,128.0833282470703,125.95833587646484,127.91666412353516,7641879
2013-02-20,128.5416717529297,128.5416717529297,126.45833587646484,127.0,7359352
2013-02-21,126.875,127.29166412353516,126.33333587646484,126.66666412353516,9864001
2013-02-22,126.58333587646484,127.0,124.66666412353516,126.29166412353516,6687661
2013-02-25,126.66666412353516,127.45833587646484,124.33333587646484,124.875,6820570
2013-02-26,124.16666412353516,126.75,123.75,125.83333587646484,15489027
2013-02-27,126.66666412353516,128.75,125.58333587646484,128.2083282470703,17892289
2013-02-28,128.5833282470703,130.1666717529297,124.91666412353516,125.75,52061134
2013-03-01,124.125,125.58333587646484,122.5,125.04166412353516,13675105
2013-03-04,124.91666412353516,125.375,123.125,124.45833587646484,7401386
2013-03-05,125.0,125.16666412353516,123.08333587646484,124.625,9228073
2013-03-06,124.95833587646484,125.75,123.41666412353516,123.70833587646484,4036280
2013-03-07,123.41666412353516,124.375,123.125,123.45833587646484,2665459
2013-03-08,124.16666412353516,125.41666412353516,120.875,124.20833587646484,10352704
2013-03-11,124.375,125.04166412353516,123.75,124.66666412353516,4646602
2013-03-12,124.66666412353516,125.625,122.75,123.16666412353516,8030983
2013-03-13,122.91666412353516,123.16666412353516,121.5,122.33333587646484,5181219
2013-03-14,122.45833587646484,123.0,121.91666412353516,122.375,5177648
2013-03-15,122.66666412353516,123.54166412353516,121.25,121.625,7339272
2013-03-18,120.83333587646484,121.75,120.04166412353516,121.54166412353516,4130010
2013-03-19,121.66666412353516,122.58333587646484,119.79166412353516,120.25,6481281
2013-03-20,120.45833587646484,120.45833587646484,115.875,116.125,7130020
2013-03-21,116.125,117.5,113.45833587646484,114.95833587646484,11669824
2013-03-22,114.79166412353516,118.625,114.66666412353516,116.08333587646484,8164497
2013-03-25,117.41666412353516,120.66666412353516,117.0,118.70833587646484,17176969
2013-03-26,117.5,119.5,117.5,118.91666412353516,9908035
2013-03-28,118.375,118.79166412353516,117.08333587646484,118.29166412353516,12897687
2013-04-01,118.375,120.75,118.375,119.58333587646484,6271503
2013-04-02,119.33333587646484,120.70833587646484,119.16666412353516,120.08333587646484,6370066
2013-04-03,120.375,122.45833587646484,119.625,121.16666412353516,9689164
2013-04-04,120.83333587646484,122.08333587646484,120.16666412353516,120.66666412353516,4413603
2013-04-05,120.41666412353516,120.41666412353516,116.08333587646484,117.5,8237944
2013-04-08,116.70833587646484,118.625,116.66666412353516,117.375,4069069
2013-04-09,118.0,119.375,117.29166412353516,117.95833587646484,10948111
2013-04-10,117.16666412353516,119.33333587646484,116.79166412353516,119.0,5051772
2013-04-11,118.33333587646484,118.75,116.25,116.875,5210389
2013-04-12,116.66666412353516,117.91666412353516,116.16666412353516,117.16666412353516,3156195
2013-04-15,116.66666412353516,117.79166412353516,116.0,117.45833587646484,1725936
2013-04-16,116.79166412353516,120.75,116.79166412353516,119.95833587646484,7185793
2013-04-17,120.0,121.70833587646484,119.75,120.125,5234630
2013-04-18,120.66666412353516,122.04166412353516,120.20833587646484,121.54166412353516,3661954
2013-04-22,120.875,124.58333587646484,120.875,124.125,5182513
2013-04-23,124.16666412353516,124.75,123.375,124.20833587646484,6070285
2013-04-25,123.79166412353516,129.9166717529297,123.79166412353516,129.375,22359763
2013-04-26,129.1666717529297,131.4166717529297,127.79166412353516,129.0833282470703,9053696
2013-04-29,129.1666717529297,130.8333282470703,129.1666717529297,130.0,5796454
2013-04-30,130.7916717529297,131.6666717529297,129.7083282470703,131.125,6730076
2013-05-02,130.4166717529297,134.1666717529297,130.4166717529297,133.5416717529297,11285049
2013-05-03,133.0,135.75,132.4166717529297,132.75,12211286
2013-05-06,132.2916717529297,134.1666717529297,130.25,131.0,7553244
2013-05-07,132.4166717529297,133.75,130.1666717529297,131.5416717529297,8094973
2013-05-08,131.5416717529297,132.0833282470703,129.5416717529297,130.25,3415879
2013-05-09,130.0,131.5833282470703,129.1666717529297,130.25,2189985
2013-05-10,130.4166717529297,133.3333282470703,127.75,129.1666717529297,9048691
2013-05-13,128.3333282470703,129.9583282470703,127.33333587646484,128.2083282470703,4008868
2013-05-14,128.4166717529297,129.1666717529297,127.375,128.2916717529297,6171589
2013-05-15,128.5,131.6666717529297,128.4583282470703,131.0833282470703,8046690
2013-05-16,131.0833282470703,132.5,129.875,130.375,6904082
2013-05-17,130.0833282470703,134.1666717529297,130.0833282470703,133.25,8793200
2013-05-20,133.4583282470703,134.125,132.125,132.9583282470703,7932806
2013-05-21,132.5416717529297,132.9583282470703,126.16666412353516,126.91666412353516,5568141
2013-05-22,127.5,129.9166717529297,126.75,128.9583282470703,3607292
2013-05-23,127.79166412353516,129.1666717529297,123.29166412353516,123.75,6475280
2013-05-24,125.83333587646484,126.125,124.25,125.0,4042612
2013-05-27,125.79166412353516,127.41666412353516,125.41666412353516,126.91666412353516,5049696
2013-05-28,126.70833587646484,130.1666717529297,126.70833587646484,129.25,6506010
2013-05-29,128.5416717529297,129.2083282470703,127.33333587646484,128.3333282470703,6831055
2013-05-30,127.08333587646484,131.2083282470703,127.08333587646484,130.5,7456255
2013-05-31,130.4166717529297,130.9166717529297,127.20833587646484,128.5,6589592
2013-06-03,128.3333282470703,128.375,125.70833587646484,126.83333587646484,3084902
2013-06-04,126.91666412353516,129.6666717529297,126.875,128.375,3852181
2013-06-05,127.58333587646484,129.5,127.58333587646484,128.2916717529297,3213481
2013-06-06,127.20833587646484,127.66666412353516,125.33333587646484,125.625,2024972
2013-06-07,126.66666412353516,127.25,121.66666412353516,123.16666412353516,2976812
2013-06-10,123.375,126.66666412353516,123.375,125.04166412353516,4559923
2013-06-11,124.33333587646484,127.0,124.33333587646484,125.16666412353516,7900899
2013-06-12,126.20833587646484,126.75,123.83333587646484,125.95833587646484,4622372
2013-06-13,123.875,125.58333587646484,123.33333587646484,124.75,3067269
2013-06-14,125.91666412353516,126.91666412353516,124.58333587646484,126.66666412353516,3247035
2013-06-17,126.125,126.58333587646484,124.41666412353516,125.54166412353516,3494604
2013-06-18,124.91666412353516,125.41666412353516,122.125,122.33333587646484,2014850
2013-06-19,122.33333587646484,122.33333587646484,119.79166412353516,120.83333587646484,3829286
2013-06-20,119.91666412353516,119.91666412353516,115.83333587646484,116.83333587646484,6945070
2013-06-21,116.83333587646484,120.0,115.0,119.16666412353516,4564035
2013-06-24,118.33333587646484,121.375,117.16666412353516,118.33333587646484,5461852
2013-06-25,118.0,120.20833587646484,114.45833587646484,115.04166412353516,3104718
2013-06-26,116.16666412353516,118.25,115.875,117.75,4420333
2013-06-27,118.875,119.125,115.41666412353516,116.91666412353516,7682696
2013-06-28,116.95833587646484,120.5,116.29166412353516,119.79166412353516,6238158
2013-07-01,120.33333587646484,123.875,119.79166412353516,123.45833587646484,4106786
2013-07-02,123.25,123.58333587646484,120.875,121.33333587646484,2199507
2013-07-03,120.375,121.54166412353516,119.75,120.125,2415169
2013-07-04,121.625,122.41666412353516,119.375,120.04166412353516,5206243
2013-07-05,120.91666412353516,121.29166412353516,119.0,119.70833587646484,1406809
2013-07-08,119.29166412353516,119.58333587646484,115.79166412353516,117.0,3593552
2013-07-09,118.70833587646484,119.45833587646484,117.16666412353516,118.58333587646484,3879142
2013-07-10,119.58333587646484,119.83333587646484,116.95833587646484,117.58333587646484,2820000
2013-07-11,119.79166412353516,121.45833587646484,119.04166412353516,119.875,3935263
2013-07-12,120.08333587646484,122.25,118.16666412353516,121.75,3788784
2013-07-15,121.66666412353516,122.5,118.20833587646484,118.625,3253920
2013-07-16,118.33333587646484,120.08333587646484,117.79166412353516,119.33333587646484,2046444
2013-07-17,120.54166412353516,124.16666412353516,120.04166412353516,122.95833587646484,6237286
2013-07-18,123.16666412353516,123.625,120.66666412353516,122.08333587646484,3095780
2013-07-19,122.54166412353516,122.91666412353516,119.04166412353516,119.75,2725862
2013-07-22,119.75,120.375,118.20833587646484,119.20833587646484,3454150
2013-07-23,120.20833587646484,120.58333587646484,118.875,119.41666412353516,2947651
2013-07-24,118.54166412353516,120.41666412353516,116.66666412353516,117.66666412353516,3835554
2013-07-25,118.33333587646484,118.45833587646484,115.91666412353516,116.875,5287524
2013-07-26,118.33333587646484,118.70833587646484,115.66666412353516,117.54166412353516,2027745
2013-07-29,118.29166412353516,119.08333587646484,117.91666412353516,118.33333587646484,4503955
2013-07-30,118.0,118.375,113.75,114.75,2955787
2013-07-31,113.375,114.04166412353516,106.41666412353516,108.91666412353516,11718688
2013-08-01,110.0,112.83333587646484,107.5,109.625,5328572
2013-08-02,111.91666412353516,112.79166412353516,105.45833587646484,108.20833587646484,12243422
2013-08-05,108.5,113.70833587646484,108.5,112.70833587646484,4082802
2013-08-06,112.08333587646484,114.16666412353516,111.41666412353516,112.375,5535063
2013-08-07,112.41666412353516,116.16666412353516,110.58333587646484,113.66666412353516,3382635
2013-08-08,112.54166412353516,115.58333587646484,111.875,114.25,8062657
2013-08-12,113.95833587646484,116.625,112.125,115.29166412353516,3215958
2013-08-13,113.70833587646484,120.375,113.66666412353516,119.79166412353516,7877853
2013-08-14,119.95833587646484,121.54166412353516,118.79166412353516,120.25,5916610
2013-08-16,119.66666412353516,120.41666412353516,115.0,116.375,7385864
2013-08-19,116.16666412353516,116.66666412353516,112.16666412353516,113.95833587646484,7231168
2013-08-20,113.25,114.91666412353516,111.625,113.45833587646484,4212328
2013-08-21,113.54166412353516,114.16666412353516,107.5,108.875,8885953
2013-08-22,108.625,110.58333587646484,105.08333587646484,109.29166412353516,6463108
2013-08-23,110.04166412353516,110.41666412353516,106.33333587646484,107.54166412353516,6045550
2013-08-26,108.5,111.25,108.33333587646484,110.33333587646484,5208382
2013-08-27,110.66666412353516,110.66666412353516,102.83333587646484,103.70833587646484,6612222
2013-08-28,102.91666412353516,106.25,102.16666412353516,105.25,6510321
2013-08-29,105.75,109.875,104.16666412353516,109.0,7207062
2013-08-30,108.16666412353516,109.95833587646484,106.25,109.08333587646484,4771605
2013-09-02,109.16666412353516,109.20833587646484,106.45833587646484,108.91666412353516,3644349
2013-09-03,108.58333587646484,109.625,104.70833587646484,106.70833587646484,4505785
2013-09-04,106.16666412353516,108.91666412353516,104.16666412353516,108.33333587646484,5532195
2013-09-05,110.41666412353516,110.83333587646484,107.45833587646484,108.70833587646484,14049868
2013-09-06,109.0,112.41666412353516,107.08333587646484,111.91666412353516,6917160
2013-09-10,112.5,116.25,112.5,115.5,6076485
2013-09-11,116.25,117.45833587646484,112.75,114.66666412353516,6099210
2013-09-12,114.33333587646484,117.41666412353516,114.33333587646484,116.20833587646484,3425737
2013-09-13,115.33333587646484,117.91666412353516,115.0,117.58333587646484,4770879
2013-09-16,119.0,121.25,117.83333587646484,119.125,3363045
2013-09-17,119.58333587646484,120.29166412353516,115.41666412353516,116.79166412353516,3253344
2013-09-18,117.0,121.58333587646484,116.25,120.75,3385705
2013-09-19,123.41666412353516,126.33333587646484,121.41666412353516,122.58333587646484,6172186
2013-09-20,122.5,125.0,120.54166412353516,123.58333587646484,7444515
2013-09-23,121.66666412353516,123.83333587646484,117.83333587646484,119.0,3949818
2013-09-24,117.54166412353516,121.83333587646484,117.54166412353516,121.20833587646484,5242308
2013-09-25,121.20833587646484,124.83333587646484,120.25,124.16666412353516,6482338
2013-09-26,123.75,125.0,121.79166412353516,124.75,5339222
2013-09-27,125.0,125.0,122.20833587646484,123.29166412353516,3507892
2013-09-30,122.375,124.79166412353516,119.75,122.875,3204026
2013-10-01,123.08333587646484,123.66666412353516,119.58333587646484,119.875,2797074
2013-10-03,121.25,121.875,119.54166412353516,119.91666412353516,3279723
2013-10-04,119.16666412353516,120.91666412353516,118.5,118.83333587646484,3612411
2013-10-07,118.75,118.91666412353516,116.875,118.54166412353516,3224995
2013-10-08,119.25,120.70833587646484,117.58333587646484,120.29166412353516,3346064
2013-10-09,119.70833587646484,121.83333587646484,118.33333587646484,120.95833587646484,4318908
2013-10-10,121.04166412353516,123.70833587646484,120.83333587646484,123.25,2296868
2013-10-11,124.16666412353516,124.16666412353516,119.75,120.04166412353516,2701158
2013-10-14,119.83333587646484,120.125,118.41666412353516,119.70833587646484,3127916
2013-10-15,120.0,122.41666412353516,119.45833587646484,120.91666412353516,2091946
2013-10-17,120.41666412353516,122.41666412353516,119.16666412353516,119.625,2833284
2013-10-18,119.83333587646484,122.75,119.79166412353516,121.54166412353516,3187678
2013-10-21,120.83333587646484,123.33333587646484,120.5,123.04166412353516,1621572
2013-10-22,121.875,124.58333587646484,121.875,123.95833587646484,2660610
2013-10-23,124.16666412353516,124.79166412353516,119.33333587646484,121.125,3086637
2013-10-24,121.08333587646484,122.79166412353516,118.41666412353516,119.41666412353516,3471686
2013-10-25,120.0,122.83333587646484,118.83333587646484,121.0,2065893
2013-10-28,120.83333587646484,122.20833587646484,119.79166412353516,120.04166412353516,1760308
2013-10-29,120.0,122.04166412353516,119.20833587646484,121.70833587646484,3765444
2013-10-30,122.08333587646484,123.91666412353516,120.58333587646484,122.70833587646484,4905508
2013-10-31,122.5,124.95833587646484,121.29166412353516,124.25,6810687
2013-11-01,122.91666412353516,124.25,121.45833587646484,121.875,3012600
2013-11-05,121.29166412353516,123.41666412353516,120.66666412353516,122.70833587646484,3613442
2013-11-06,122.33333587646484,127.79166412353516,121.875,127.16666412353516,8141023
2013-11-07,128.8333282470703,129.5,126.5,127.25,6367130
2013-11-08,126.5,128.2083282470703,125.25,127.125,2839766
2013-11-11,126.25,126.66666412353516,122.16666412353516,125.25,3062167
2013-11-12,125.0,126.83333587646484,123.58333587646484,124.29166412353516,4151676
2013-11-13,123.5,126.25,122.625,124.58333587646484,5285791
2013-11-14,124.75,128.9166717529297,124.66666412353516,127.33333587646484,6291426
2013-11-18,127.91666412353516,130.7083282470703,127.75,130.0416717529297,5252539
2013-11-19,130.0,130.4166717529297,128.8333282470703,129.2083282470703,2224850
2013-11-20,128.3333282470703,131.25,127.95833587646484,128.875,4429058
2013-11-21,128.5416717529297,128.625,124.29166412353516,125.16666412353516,2906565
2013-11-22,125.5,126.58333587646484,124.54166412353516,125.70833587646484,1809681
2013-11-25,125.83333587646484,126.66666412353516,124.33333587646484,125.125,3740748
2013-11-26,125.0,125.70833587646484,123.20833587646484,123.95833587646484,3962067
2013-11-27,123.41666412353516,124.16666412353516,121.91666412353516,122.16666412353516,3264091
2013-11-28,122.5,124.5,122.25,123.25,4352876
2013-11-29,122.70833587646484,126.16666412353516,122.29166412353516,122.70833587646484,3303144
2013-12-02,122.625,124.16666412353516,121.58333587646484,122.54166412353516,2954820
2013-12-03,122.125,122.375,120.54166412353516,121.41666412353516,3767403
2013-12-04,121.33333587646484,122.33333587646484,120.16666412353516,121.125,7639952
2013-12-05,123.08333587646484,123.08333587646484,119.16666412353516,119.875,4989733
2013-12-06,120.0,124.83333587646484,119.91666412353516,124.125,6979000
2013-12-09,127.58333587646484,129.2083282470703,125.70833587646484,127.875,8053626
2013-12-10,120.875,121.5,112.5,113.375,70340673
2013-12-11,115.83333587646484,116.95833587646484,114.70833587646484,116.04166412353516,17877327
2013-12-12,116.125,116.70833587646484,115.29166412353516,116.375,4172881
2013-12-13,116.08333587646484,116.08333587646484,113.875,114.41666412353516,4479121
2013-12-16,115.54166412353516,115.54166412353516,113.95833587646484,114.95833587646484,4046638
2013-12-17,114.33333587646484,115.04166412353516,112.125,112.45833587646484,7933232
2013-12-18,112.45833587646484,113.33333587646484,112.0,112.875,3735968
2013-12-19,112.91666412353516,113.375,111.375,112.5,5380558
2013-12-20,112.54166412353516,113.41666412353516,111.66666412353516,113.29166412353516,6570934
2013-12-23,113.04166412353516,114.91666412353516,112.5,114.0,6055507
2013-12-24,114.16666412353516,115.5,114.04166412353516,114.83333587646484,4551934
2013-12-26,114.5,116.58333587646484,113.625,114.29166412353516,13055290
2013-12-27,114.83333587646484,115.08333587646484,114.20833587646484,114.375,1860684
2013-12-30,114.45833587646484,115.0,113.25,113.375,1614116
2013-12-31,113.79166412353516,114.33333587646484,113.33333587646484,114.16666412353516,2409212
2014-01-01,114.58333587646484,115.54166412353516,113.83333587646484,115.16666412353516,1455872
2014-01-02,115.66666412353516,115.66666412353516,112.20833587646484,112.41666412353516,5717758
2014-01-03,112.5,112.91666412353516,109.58333587646484,109.79166412353516,8674634
2014-01-06,110.66666412353516,110.83333587646484,108.625,110.125,3642922
2014-01-07,110.125,110.66666412353516,107.91666412353516,108.20833587646484,4134439
2014-01-08,108.875,110.75,107.58333587646484,107.95833587646484,7126702
2014-01-09,108.16666412353516,111.66666412353516,107.91666412353516,111.375,8778927
2014-01-10,111.45833587646484,111.58333587646484,109.16666412353516,109.5,2977110
2014-01-13,108.75,111.16666412353516,108.66666412353516,110.625,2740131
2014-01-14,109.75,110.41666412353516,109.0,109.375,3258642
2014-01-15,110.20833587646484,110.70833587646484,109.54166412353516,110.20833587646484,6699776
2014-01-16,110.45833587646484,111.83333587646484,110.45833587646484,110.95833587646484,6285789
2014-01-17,111.0,111.45833587646484,109.29166412353516,109.66666412353516,11623734
2014-01-20,110.0,111.25,109.58333587646484,109.875,2745912
2014-01-21,109.66666412353516,110.83333587646484,108.125,108.95833587646484,10881428
2014-01-22,108.75,111.0,108.75,110.54166412353516,5326298
2014-01-23,109.79166412353516,110.33333587646484,108.95833587646484,109.25,4757301
2014-01-24,109.0,109.91666412353516,108.875,109.58333587646484,3696074
2014-01-27,108.54166412353516,108.91666412353516,107.58333587646484,107.875,3239786
2014-01-28,108.16666412353516,110.0,106.79166412353516,107.08333587646484,4517826
2014-01-29,108.125,108.75,106.04166412353516,106.5,4822945
2014-01-30,105.875,108.45833587646484,105.125,106.83333587646484,7202320
2014-01-31,104.75,105.79166412353516,102.91666412353516,105.375,5243067
2014-02-03,105.0,105.25,104.25,105.0,3485053
2014-02-04,104.91666412353516,108.875,104.5,108.5,12610135
2014-02-05,108.83333587646484,110.58333587646484,105.91666412353516,110.33333587646484,10196260
2014-02-06,110.0,111.75,109.0,111.33333587646484,9847101
2014-02-07,111.41666412353516,113.41666412353516,110.625,113.29166412353516,14496663
2014-02-10,112.625,113.83333587646484,111.08333587646484,112.66666412353516,12770959
2014-02-11,112.0,112.25,108.375,110.125,4323632
2014-02-12,110.16666412353516,110.41666412353516,108.375,108.95833587646484,7385424
2014-02-13,109.33333587646484,109.54166412353516,108.04166412353516,108.41666412353516,8281903
2014-02-14,109.5,110.75,108.04166412353516,110.20833587646484,2701371
2014-02-17,110.25,111.875,110.25,111.54166412353516,1433607
2014-02-18,111.33333587646484,112.125,110.83333587646484,111.54166412353516,2029621
2014-02-19,112.0,112.0,110.04166412353516,110.29166412353516,1336074
2014-02-20,110.0,110.5,108.83333587646484,109.25,2206638
2014-02-21,109.625,111.66666412353516,108.91666412353516,110.375,2003629
2014-02-24,107.08333587646484,107.16666412353516,96.95833587646484,97.41666412353516,36210670
2014-02-25,97.875,99.0,94.875,96.54166412353516,19414470
2014-02-26,96.70833587646484,97.29166412353516,95.33333587646484,96.20833587646484,13113314
2014-02-28,96.66666412353516,97.04166412353516,93.33333587646484,93.66666412353516,12666675
2014-03-03,94.16666412353516,94.45833587646484,92.20833587646484,92.66666412353516,13692330
2014-03-04,92.91666412353516,95.125,92.33333587646484,94.875,13353066
2014-03-05,95.41666412353516,95.5,93.79166412353516,95.04166412353516,7578528
2014-03-06,94.5,97.75,94.5,97.25,9094195
2014-03-07,96.91666412353516,97.625,96.54166412353516,96.95833587646484,8511816
2014-03-10,97.5,99.45833587646484,95.58333587646484,97.5,11137770
2014-03-11,97.5,98.41666412353516,96.66666412353516,97.83333587646484,4559572
2014-03-12,97.5,98.25,97.0,97.625,4020171
2014-03-13,97.54166412353516,98.58333587646484,96.41666412353516,96.875,5828080
2014-03-14,96.79166412353516,97.83333587646484,95.875,97.54166412353516,4629595
2014-03-18,97.75,98.83333587646484,96.66666412353516,98.25,5970177
2014-03-19,98.33333587646484,99.08333587646484,96.08333587646484,96.625,6197394
2014-03-20,96.25,97.08333587646484,96.04166412353516,96.45833587646484,6169582
2014-03-21,96.91666412353516,97.0,94.625,94.875,10357064
2014-03-24,95.66666412353516,96.04166412353516,94.0,94.95833587646484,10494283
2014-03-25,95.75,96.41666412353516,94.875,95.91666412353516,9248385
2014-03-26,96.41666412353516,97.0,95.41666412353516,95.75,8384493
2014-03-27,96.08333587646484,98.16666412353516,96.04166412353516,97.33333587646484,13665529
2014-03-28,98.20833587646484,101.66666412353516,97.83333587646484,100.79166412353516,6616512
2014-03-31,101.66666412353516,103.20833587646484,98.91666412353516,99.91666412353516,10660725
2014-04-01,100.66666412353516,102.04166412353516,99.625,101.625,6046722
2014-04-02,101.83333587646484,103.58333587646484,101.41666412353516,102.41666412353516,13108323
2014-04-03,103.41666412353516,103.45833587646484,101.45833587646484,102.5,12946982
2014-04-04,102.54166412353516,102.54166412353516,99.66666412353516,100.25,5541157
2014-04-07,100.83333587646484,101.33333587646484,98.83333587646484,99.5,6490387
2014-04-09,100.33333587646484,100.66666412353516,99.20833587646484,100.45833587646484,9281888
2014-04-10,100.5,103.45833587646484,100.5,103.08333587646484,10141159
2014-04-11,102.5,104.33333587646484,101.91666412353516,103.83333587646484,6236364
2014-04-15,104.16666412353516,104.91666412353516,102.5,104.5,5485220
2014-04-16,104.16666412353516,104.91666412353516,101.16666412353516,102.16666412353516,5616406
2014-04-17,102.25,102.91666412353516,100.625,102.45833587646484,6867484
2014-04-21,102.5,104.0,102.5,103.79166412353516,4605685
2014-04-22,103.83333587646484,104.125,102.54166412353516,103.16666412353516,3041050
2014-04-23,102.91666412353516,104.08333587646484,101.5,101.75,13376614
2014-04-24,101.75,101.75,101.75,101.75,0
2014-04-25,102.08333587646484,102.91666412353516,98.5,98.75,12876661
2014-04-28,99.0,99.5,98.0,98.29166412353516,6154653
2014-04-29,98.41666412353516,99.04166412353516,97.91666412353516,98.04166412353516,5773446
2014-04-30,98.33333587646484,99.125,96.125,96.95833587646484,9712130
2014-05-02,97.5,97.5,95.08333587646484,95.375,3966110
2014-05-05,95.375,95.95833587646484,94.58333587646484,94.875,3026912
2014-05-06,95.25,96.41666412353516,94.83333587646484,95.25,4540122
2014-05-07,95.41666412353516,97.33333587646484,95.0,96.45833587646484,10973022
2014-05-08,96.70833587646484,97.25,95.75,96.29166412353516,4068682
2014-05-09,96.25,98.75,96.25,98.45833587646484,7282917
2014-05-12,98.54166412353516,101.66666412353516,98.54166412353516,100.91666412353516,9694725
2014-05-13,103.33333587646484,108.66666412353516,101.91666412353516,102.33333587646484,31052673
2014-05-14,103.58333587646484,105.16666412353516,102.66666412353516,104.58333587646484,11972526
2014-05-15,105.29166412353516,109.45833587646484,104.25,107.75,27813334
2014-05-16,110.0,115.54166412353516,108.75,109.66666412353516,33854530
2014-05-19,111.66666412353516,124.0,111.66666412353516,121.33333587646484,37340962
2014-05-20,125.16666412353516,126.25,117.125,118.54166412353516,27876390
2014-05-21,120.25,123.0,119.25,121.375,19178840
2014-05-22,123.08333587646484,130.6666717529297,122.33333587646484,128.5,21883489
2014-05-23,131.2916717529297,135.5,129.25,133.5,31643096
2014-05-26,136.4583282470703,139.6666717529297,125.20833587646484,130.2083282470703,30787939
2014-05-27,129.4583282470703,132.5833282470703,124.58333587646484,128.4583282470703,15720531
2014-05-28,127.58333587646484,130.6666717529297,125.5,126.20833587646484,16776397
2014-05-29,126.625,129.0833282470703,125.0,126.79166412353516,19643784
2014-05-30,127.45833587646484,136.5,127.41666412353516,133.75,73948783
2014-06-02,135.8333282470703,135.8333282470703,129.5833282470703,132.7083282470703,23162924
2014-06-03,133.75,137.4166717529297,133.25,136.8333282470703,17474580
2014-06-04,136.8333282470703,138.25,134.7916717529297,137.5,15352701
2014-06-05,137.9166717529297,138.625,135.0,136.8333282470703,15279402
2014-06-06,138.2916717529297,140.75,135.4166717529297,137.9166717529297,19315740
2014-06-09,139.1666717529297,139.5416717529297,136.1666717529297,137.7916717529297,25865088
2014-06-10,138.3333282470703,139.0833282470703,134.8333282470703,136.2916717529297,14224449
2014-06-11,136.6666717529297,136.9166717529297,130.6666717529297,131.75,14206075
2014-06-12,131.7083282470703,134.5,130.875,133.5416717529297,12429926
2014-06-13,134.2916717529297,135.0,126.25,127.79166412353516,10967294
2014-06-16,129.4166717529297,129.9583282470703,125.04166412353516,127.41666412353516,12481705
2014-06-17,127.0,130.0,125.66666412353516,129.0833282470703,10358026
2014-06-18,129.0,130.625,125.04166412353516,126.25,8380605
2014-06-19,126.91666412353516,128.4166717529297,125.45833587646484,127.08333587646484,5728864
2014-06-20,126.66666412353516,128.75,125.91666412353516,126.375,6774481
2014-06-23,126.33333587646484,127.66666412353516,125.83333587646484,127.125,4848633
2014-06-24,127.125,130.0833282470703,127.125,129.0416717529297,7600201
2014-06-25,129.25,131.375,129.25,130.7083282470703,6841432
2014-06-26,131.0,131.375,126.58333587646484,126.91666412353516,8401051
2014-06-27,127.375,128.625,125.91666412353516,126.875,5560653
2014-06-30,127.75,130.6666717529297,127.45833587646484,130.1666717529297,6654506
2014-07-01,130.2916717529297,131.25,128.625,128.8333282470703,6297392
2014-07-02,129.9583282470703,133.4583282470703,129.625,133.125,7988010
2014-07-03,133.7083282470703,133.7916717529297,130.4583282470703,131.125,8342023
2014-07-04,131.6666717529297,133.0,129.0,132.125,5265894
2014-07-07,132.875,134.9166717529297,131.6666717529297,134.4583282470703,8956964
2014-07-08,134.4166717529297,134.9583282470703,126.875,127.5,12156387
2014-07-09,127.5,128.5,124.16666412353516,125.54166412353516,9043510
2014-07-10,125.83333587646484,129.0833282470703,121.375,125.95833587646484,13559970
2014-07-11,125.83333587646484,127.25,122.125,124.75,10351554
2014-07-14,124.75,125.33333587646484,121.375,123.16666412353516,11540643
2014-07-15,124.375,125.0,118.83333587646484,121.33333587646484,10179867
2014-07-16,121.70833587646484,122.70833587646484,119.625,122.20833587646484,7859427
2014-07-17,121.41666412353516,125.91666412353516,121.33333587646484,125.33333587646484,9859254
2014-07-18,124.95833587646484,125.08333587646484,122.66666412353516,124.75,6878970
2014-07-21,125.16666412353516,125.875,123.08333587646484,123.33333587646484,5186373
2014-07-22,123.625,125.54166412353516,123.5,124.875,5630430
2014-07-23,125.0,125.29166412353516,122.70833587646484,124.66666412353516,6522207
2014-07-24,124.83333587646484,125.66666412353516,124.0,124.75,4997533
2014-07-25,124.625,125.41666412353516,122.5,124.125,5286123
2014-07-28,123.41666412353516,124.66666412353516,122.79166412353516,124.20833587646484,5082846
2014-07-30,124.16666412353516,125.33333587646484,123.0,124.83333587646484,9857760
2014-07-31,124.25,124.83333587646484,120.08333587646484,120.875,15144315
2014-08-01,119.5,119.5,116.70833587646484,117.29166412353516,12284623
2014-08-04,117.58333587646484,118.625,116.83333587646484,117.75,7652047
2014-08-05,117.79166412353516,118.125,115.91666412353516,117.25,6931879
2014-08-06,117.66666412353516,118.29166412353516,116.75,117.04166412353516,3887728
2014-08-07,116.66666412353516,117.79166412353516,116.16666412353516,117.375,6392932
2014-08-08,116.375,116.66666412353516,114.16666412353516,114.95833587646484,7064228
2014-08-11,116.0,116.625,112.54166412353516,113.20833587646484,10713357
2014-08-12,113.83333587646484,117.58333587646484,113.83333587646484,116.25,9039367
2014-08-13,114.83333587646484,116.95833587646484,114.33333587646484,116.625,11213353
2014-08-14,116.83333587646484,118.70833587646484,115.91666412353516,118.375,6022137
2014-08-18,118.29166412353516,120.08333587646484,117.58333587646484,118.83333587646484,4284195
2014-08-19,119.25,120.33333587646484,118.875,119.91666412353516,4693840
2014-08-20,120.20833587646484,121.41666412353516,119.375,121.08333587646484,5256523
2014-08-21,121.625,121.625,118.33333587646484,118.75,5082678
2014-08-22,118.83333587646484,119.54166412353516,117.70833587646484,118.75,2244943
2014-08-25,118.58333587646484,119.08333587646484,116.83333587646484,118.16666412353516,3546333
2014-08-26,118.0,118.33333587646484,116.08333587646484,117.5,4221902
2014-08-27,117.875,117.91666412353516,114.375,116.25,6853485
2014-08-28,115.83333587646484,116.66666412353516,114.04166412353516,114.5,9693754
2014-09-01,115.58333587646484,117.04166412353516,114.5,116.41666412353516,8027535
2014-09-02,116.66666412353516,117.91666412353516,115.66666412353516,116.83333587646484,9808087
2014-09-03,117.45833587646484,117.79166412353516,115.625,116.41666412353516,8610758
2014-09-04,117.08333587646484,119.16666412353516,115.58333587646484,118.70833587646484,8089474
2014-09-05,118.5,119.58333587646484,117.5,119.04166412353516,7229092
2014-09-08,119.16666412353516,119.95833587646484,116.75,117.04166412353516,7560633
2014-09-09,117.16666412353516,118.0,116.41666412353516,117.16666412353516,5354294
2014-09-10,116.66666412353516,117.25,115.66666412353516,116.16666412353516,5533008
2014-09-11,117.45833587646484,117.83333587646484,115.75,116.66666412353516,5190961
2014-09-12,116.08333587646484,116.79166412353516,114.58333587646484,114.79166412353516,7044129
2014-09-15,114.41666412353516,115.625,113.0,113.25,7995969
2014-09-16,113.33333587646484,113.75,109.83333587646484,110.125,7761553
2014-09-17,110.45833587646484,111.5,109.75,111.375,5975778
2014-09-18,110.41666412353516,114.375,110.41666412353516,114.08333587646484,5870170
2014-09-19,113.95833587646484,115.83333587646484,113.58333587646484,115.20833587646484,14600485
2014-09-22,114.375,114.375,113.41666412353516,113.70833587646484,5239893
2014-09-23,113.75,115.16666412353516,113.0,114.08333587646484,12491337
2014-09-24,113.375,116.33333587646484,113.375,115.0,12957994
2014-09-25,115.58333587646484,115.75,112.95833587646484,113.70833587646484,14047449
2014-09-26,113.0,116.79166412353516,113.0,116.125,4189016
2014-09-29,116.58333587646484,116.66666412353516,114.5,115.83333587646484,7595924
2014-09-30,115.75,116.25,115.0,115.91666412353516,7381887
2014-10-01,116.125,117.0,115.41666412353516,115.875,5986074
2014-10-07,115.58333587646484,117.95833587646484,115.08333587646484,117.20833587646484,6849505
2014-10-08,118.16666412353516,120.0,117.66666412353516,119.5,7143752
2014-10-09,120.16666412353516,120.54166412353516,118.75,119.08333587646484,6538282
2014-10-10,118.375,118.54166412353516,115.91666412353516,117.70833587646484,7176824
2014-10-13,117.75,117.75,115.29166412353516,116.875,6121364
2014-10-14,117.45833587646484,118.08333587646484,115.625,117.25,5801583
2014-10-15,117.25,117.25,117.25,117.25,0
2014-10-16,118.33333587646484,118.5,114.5,115.20833587646484,9212728
2014-10-17,116.5,117.70833587646484,115.58333587646484,117.45833587646484,5521873
2014-10-20,118.29166412353516,120.79166412353516,117.58333587646484,119.58333587646484,4201047
2014-10-21,120.875,123.41666412353516,120.66666412353516,122.95833587646484,9211314
2014-10-22,123.41666412353516,124.0,121.29166412353516,122.125,7053908
2014-10-27,123.75,123.75,120.91666412353516,121.54166412353516,3982344
2014-10-28,120.91666412353516,123.5,120.625,123.125,4233316
2014-10-29,123.58333587646484,123.625,121.25,121.875,6073100
2014-10-30,121.75,123.125,121.04166412353516,122.58333587646484,7233876
2014-10-31,122.58333587646484,125.75,121.875,125.08333587646484,6155059
2014-11-03,124.70833587646484,125.0,122.25,123.08333587646484,4335784
2014-11-05,123.04166412353516,124.08333587646484,120.66666412353516,121.04166412353516,4020102
2014-11-07,120.83333587646484,122.25,120.04166412353516,120.375,3223794
2014-11-10,120.91666412353516,122.33333587646484,120.08333587646484,121.79166412353516,3246072
2014-11-11,122.58333587646484,122.875,121.16666412353516,121.5,2340984
2014-11-12,121.375,121.875,118.29166412353516,118.5,4937146
2014-11-13,119.58333587646484,119.58333587646484,118.04166412353516,118.91666412353516,4270273
2014-11-14,118.79166412353516,119.95833587646484,116.91666412353516,119.25,15135165
2014-11-17,119.08333587646484,121.91666412353516,118.75,121.58333587646484,7888070
2014-11-18,122.33333587646484,123.83333587646484,121.5,122.33333587646484,13447417
2014-11-19,122.41666412353516,123.04166412353516,119.58333587646484,120.16666412353516,5766080
2014-11-20,120.54166412353516,120.54166412353516,117.83333587646484,118.75,4545574
2014-11-21,119.08333587646484,120.16666412353516,118.33333587646484,118.875,6864394
2014-11-24,118.33333587646484,119.70833587646484,118.33333587646484,119.20833587646484,3173155
2014-11-25,119.79166412353516,119.79166412353516,116.16666412353516,116.79166412353516,13297497
2014-11-26,116.75,118.66666412353516,116.66666412353516,118.16666412353516,8072104
2014-11-27,118.33333587646484,119.125,117.375,117.625,4327850
2014-11-28,117.70833587646484,119.375,117.375,118.91666412353516,9783045
2014-12-01,118.41666412353516,120.58333587646484,116.29166412353516,116.79166412353516,4072693
2014-12-02,116.83333587646484,118.16666412353516,116.75,117.04166412353516,1309962
2014-12-03,117.04166412353516,119.70833587646484,117.04166412353516,119.29166412353516,3013027
2014-12-04,119.25,119.75,117.83333587646484,118.375,2677798
2014-12-05,118.04166412353516,118.45833587646484,117.20833587646484,117.54166412353516,15389958
2014-12-08,117.54166412353516,118.58333587646484,116.33333587646484,116.58333587646484,3148736
2014-12-09,116.45833587646484,116.45833587646484,111.91666412353516,112.45833587646484,5846587
2014-12-10,112.41666412353516,113.625,111.95833587646484,112.625,4026793
2014-12-11,112.83333587646484,112.83333587646484,111.0,111.25,4008484
2014-12-12,111.91666412353516,111.91666412353516,110.25,110.79166412353516,4555370
2014-12-15,110.375,112.25,109.125,110.83333587646484,13114453
2014-12-16,110.33333587646484,110.79166412353516,105.625,106.91666412353516,12018054
2014-12-17,108.08333587646484,108.20833587646484,105.58333587646484,106.75,6434833
2014-12-18,107.95833587646484,111.83333587646484,107.5,110.79166412353516,11566800
2014-12-19,111.66666412353516,113.625,110.70833587646484,112.91666412353516,6249310
2014-12-22,113.58333587646484,116.83333587646484,113.45833587646484,115.83333587646484,11170360
2014-12-23,116.41666412353516,119.875,115.16666412353516,119.125,8724402
2014-12-24,119.58333587646484,119.79166412353516,115.5,116.125,13971313
2014-12-26,116.5,117.04166412353516,115.20833587646484,116.08333587646484,2238376
2014-12-29,116.125,117.45833587646484,116.125,116.75,2363034
2014-12-30,116.875,118.66666412353516,116.54166412353516,118.29166412353516,2466861
2014-12-31,118.29166412353516,120.70833587646484,117.54166412353516,120.0,4589858
2015-01-01,120.16666412353516,120.20833587646484,118.41666412353516,118.70833587646484,1478980
2015-01-02,118.75,120.83333587646484,118.75,120.33333587646484,2383093
2015-01-05,120.45833587646484,120.75,119.20833587646484,120.0,2197057
2015-01-06,119.58333587646484,120.41666412353516,115.20833587646484,116.0,5923512
2015-01-07,117.08333587646484,119.16666412353516,116.125,118.79166412353516,5848555
2015-01-08,119.41666412353516,121.08333587646484,119.33333587646484,120.79166412353516,7564225
2015-01-09,120.95833587646484,121.25,116.25,116.875,3778993
2015-01-12,117.5,117.83333587646484,115.41666412353516,116.66666412353516,3190536
2015-01-13,116.04166412353516,116.95833587646484,115.08333587646484,115.79166412353516,4515434
2015-01-14,116.41666412353516,116.875,114.33333587646484,114.79166412353516,2736211
2015-01-15,116.54166412353516,117.125,115.33333587646484,116.0,7016253
2015-01-16,115.54166412353516,118.16666412353516,115.29166412353516,117.0,6225934
2015-01-19,117.41666412353516,119.08333587646484,116.54166412353516,118.125,5186906
2015-01-20,118.95833587646484,119.58333587646484,118.41666412353516,119.04166412353516,6449028
2015-01-21,119.375,120.125,118.58333587646484,119.58333587646484,6947634
2015-01-22,119.58333587646484,119.75,116.125,116.83333587646484,6729064
2015-01-23,118.0,118.5,117.04166412353516,118.25,9045246
2015-01-27,118.75,119.75,117.25,119.29166412353516,17981989
2015-01-28,119.16666412353516,120.79166412353516,117.95833587646484,119.04166412353516,6764469
2015-01-29,118.91666412353516,118.91666412353516,117.58333587646484,118.20833587646484,17553748
2015-01-30,119.0,122.83333587646484,118.41666412353516,119.70833587646484,22309884
2015-02-02,120.375,120.375,117.95833587646484,118.375,10364854
2015-02-03,118.70833587646484,120.66666412353516,118.45833587646484,120.0,7781553
2015-02-04,119.33333587646484,120.08333587646484,118.375,119.0,4036543
2015-02-05,118.5,119.25,115.875,116.79166412353516,6143088
2015-02-06,116.79166412353516,117.29166412353516,115.25,116.66666412353516,5976495
2015-02-09,115.83333587646484,117.0,115.08333587646484,115.66666412353516,3114468
2015-02-10,115.0,116.91666412353516,113.95833587646484,114.29166412353516,4506774
2015-02-11,114.16666412353516,117.5,114.0,116.79166412353516,3522442
2015-02-12,117.125,118.875,116.70833587646484,118.41666412353516,5162803
2015-02-13,118.41666412353516,119.75,118.0,119.375,3614205
2015-02-16,118.5,120.54166412353516,118.5,120.0,1945558
2015-02-18,120.04166412353516,123.16666412353516,119.66666412353516,121.70833587646484,4976054
2015-02-19,121.83333587646484,122.66666412353516,118.33333587646484,122.20833587646484,3709054
2015-02-20,122.0,122.79166412353516,120.08333587646484,121.375,3178180
2015-02-23,121.375,122.33333587646484,120.25,121.70833587646484,6031716
2015-02-24,121.875,124.33333587646484,121.66666412353516,122.16666412353516,5885637
2015-02-25,122.5,123.83333587646484,121.33333587646484,121.70833587646484,7538304
2015-02-26,122.58333587646484,129.0416717529297,121.45833587646484,127.79166412353516,25489447
2015-02-27,127.5,132.9166717529297,126.66666412353516,132.0416717529297,12085627
2015-03-02,130.0,133.3333282470703,129.75,132.9166717529297,7853508
2015-03-03,132.9166717529297,133.3333282470703,131.5833282470703,132.25,5796930
2015-03-04,132.5,133.1666717529297,129.7916717529297,131.25,4580594
2015-03-05,130.2083282470703,132.25,129.3333282470703,131.7916717529297,4307704
2015-03-09,131.25,131.75,126.16666412353516,126.5,3058852
2015-03-10,127.75,127.75,124.16666412353516,124.95833587646484,3849673
2015-03-11,124.58333587646484,128.9583282470703,122.16666412353516,128.125,4759294
2015-03-12,128.3333282470703,137.2916717529297,127.5,133.0833282470703,23732349
2015-03-13,133.5833282470703,134.4166717529297,132.1666717529297,132.875,16271358
2015-03-16,132.75,132.9166717529297,128.9166717529297,129.875,12014666
2015-03-17,130.0833282470703,132.0833282470703,129.4166717529297,131.5416717529297,6403596
2015-03-18,131.6666717529297,132.7916717529297,126.0,127.20833587646484,19386136
2015-03-19,127.91666412353516,129.875,125.125,128.9583282470703,24922042
2015-03-20,119.83333587646484,123.58333587646484,118.91666412353516,121.25,20606029
2015-03-23,121.0,125.41666412353516,121.0,125.125,8907972
2015-03-24,125.0,127.83333587646484,124.66666412353516,127.25,7701613
2015-03-25,128.75,129.0833282470703,122.08333587646484,122.79166412353516,19117210
2015-03-26,121.875,123.16666412353516,119.125,120.0,26353953
2015-03-27,121.58333587646484,122.20833587646484,119.58333587646484,121.33333587646484,5357637
2015-03-30,121.75,123.5,121.41666412353516,123.0,4959049
2015-03-31,123.75,123.75,120.75,122.375,8397256
2015-04-01,122.5,124.91666412353516,122.5,123.125,3645848
2015-04-06,123.75,127.45833587646484,123.5,126.75,4071922
2015-04-07,127.45833587646484,130.8333282470703,126.25,130.25,5508952
2015-04-08,130.25,131.625,127.875,130.0833282470703,3068680
2015-04-09,130.125,131.6666717529297,127.83333587646484,131.125,3480921
2015-04-10,130.8333282470703,132.5,128.5416717529297,129.7083282470703,3200816
2015-04-13,129.75,132.25,127.91666412353516,131.0833282470703,3189088
2015-04-15,130.1666717529297,132.0833282470703,127.83333587646484,128.625,4110085
2015-04-16,128.3333282470703,130.5,127.91666412353516,130.0833282470703,3141138
2015-04-17,129.625,132.375,129.625,131.6666717529297,3831186
2015-04-20,132.8333282470703,133.3333282470703,128.1666717529297,128.6666717529297,2855564
2015-04-21,129.0833282470703,130.25,125.83333587646484,126.125,3864529
2015-04-22,126.58333587646484,127.875,125.25,127.25,3322204
2015-04-23,128.3333282470703,128.3333282470703,124.08333587646484,124.58333587646484,2880820
2015-04-24,125.375,125.83333587646484,123.25,124.83333587646484,4004778
2015-04-27,125.70833587646484,127.79166412353516,123.08333587646484,123.54166412353516,4911789
2015-04-28,123.33333587646484,126.79166412353516,122.41666412353516,126.08333587646484,3926425
2015-04-29,126.16666412353516,127.29166412353516,125.33333587646484,126.33333587646484,4480990
2015-04-30,126.08333587646484,126.58333587646484,124.5,125.25,6908986
2015-05-04,125.83333587646484,127.54166412353516,124.45833587646484,126.95833587646484,2244895
2015-05-05,126.25,126.75,123.66666412353516,125.41666412353516,2478207
2015-05-06,124.66666412353516,125.04166412353516,119.25,120.5,5876370
2015-05-07,120.66666412353516,120.95833587646484,118.33333587646484,118.75,3870685
2015-05-08,119.375,120.5,117.95833587646484,118.33333587646484,2922648
2015-05-11,118.66666412353516,121.25,118.16666412353516,120.79166412353516,2935518
2015-05-12,120.54166412353516,121.20833587646484,116.91666412353516,118.04166412353516,5078632
2015-05-13,118.375,118.83333587646484,111.875,115.33333587646484,12966652
2015-05-14,116.16666412353516,119.70833587646484,114.75,115.875,11796906
2015-05-15,116.66666412353516,117.83333587646484,112.875,113.41666412353516,3487633
2015-05-18,114.75,114.75,112.54166412353516,113.45833587646484,3840517
2015-05-19,113.66666412353516,114.91666412353516,112.375,113.41666412353516,3091772
2015-05-20,114.08333587646484,114.75,112.875,113.45833587646484,4418476
2015-05-21,114.16666412353516,114.25,111.66666412353516,112.45833587646484,4420716
2015-05-22,112.16666412353516,113.08333587646484,111.875,112.79166412353516,5611028
2015-05-25,112.54166412353516,113.20833587646484,111.66666412353516,111.875,1798695
2015-05-26,112.08333587646484,112.08333587646484,110.0,110.41666412353516,8415657
2015-05-27,110.41666412353516,113.20833587646484,109.41666412353516,111.875,8322991
2015-05-28,112.33333587646484,112.95833587646484,111.66666412353516,112.20833587646484,9531386
2015-05-29,112.29166412353516,116.375,111.70833587646484,113.79166412353516,55394842
2015-06-01,113.83333587646484,116.08333587646484,113.83333587646484,115.45833587646484,5682194
2015-06-02,115.41666412353516,115.75,113.16666412353516,114.95833587646484,4976767
2015-06-03,114.75,116.45833587646484,113.41666412353516,115.375,8343859
2015-06-04,115.45833587646484,116.16666412353516,113.45833587646484,114.08333587646484,6126315
2015-06-05,113.0,117.375,113.0,116.70833587646484,6811179
2015-06-08,116.79166412353516,117.08333587646484,115.04166412353516,115.375,5851057
2015-06-09,115.58333587646484,116.20833587646484,113.95833587646484,115.83333587646484,5823418
2015-06-10,116.16666412353516,117.29166412353516,115.66666412353516,116.66666412353516,4557562
2015-06-11,116.875,117.0,113.5,113.79166412353516,5646832
2015-06-12,113.33333587646484,114.58333587646484,113.0,113.75,4680678
2015-06-15,113.33333587646484,113.875,112.16666412353516,113.20833587646484,2415729
2015-06-16,112.83333587646484,115.0,112.83333587646484,114.70833587646484,2201316
2015-06-17,114.45833587646484,114.95833587646484,113.79166412353516,114.16666412353516,4718553
2015-06-18,114.25,114.91666412353516,113.54166412353516,113.83333587646484,3119080
2015-06-19,114.0,114.41666412353516,113.0,113.375,3558112
2015-06-22,113.5,114.58333587646484,113.33333587646484,114.16666412353516,2489085
2015-06-23,114.08333587646484,116.66666412353516,113.25,116.04166412353516,4895708
2015-06-24,116.58333587646484,116.79166412353516,113.54166412353516,114.0,1151251
2015-06-25,113.83333587646484,114.45833587646484,112.5,113.0,13284873
2015-06-26,113.04166412353516,115.16666412353516,112.83333587646484,114.75,3012900
2015-06-29,113.875,116.25,112.83333587646484,115.54166412353516,2735258
2015-06-30,114.83333587646484,115.5,113.45833587646484,114.70833587646484,5584984
2015-07-01,114.45833587646484,116.125,114.08333587646484,115.25,2692186
2015-07-02,115.41666412353516,115.70833587646484,114.45833587646484,114.70833587646484,2130937
2015-07-03,113.95833587646484,116.41666412353516,113.41666412353516,115.70833587646484,1848141
2015-07-06,113.91666412353516,115.5,113.91666412353516,115.0,1829578
2015-07-07,115.0,115.25,111.66666412353516,112.04166412353516,11870942
2015-07-08,110.04166412353516,111.54166412353516,109.45833587646484,110.83333587646484,6979066
2015-07-09,110.41666412353516,110.95833587646484,108.91666412353516,109.25,3690094
2015-07-10,109.375,109.79166412353516,106.79166412353516,108.20833587646484,6700296
2015-07-13,108.33333587646484,111.16666412353516,107.58333587646484,110.91666412353516,3433429
2015-07-14,111.0,111.70833587646484,110.75,110.91666412353516,2489889
2015-07-15,110.83333587646484,111.66666412353516,110.83333587646484,110.95833587646484,2469536
2015-07-16,111.29166412353516,112.58333587646484,110.83333587646484,112.25,1189351
2015-07-17,112.29166412353516,113.16666412353516,111.75,112.95833587646484,1445403
2015-07-20,113.04166412353516,113.5,112.875,113.08333587646484,886364
2015-07-21,112.91666412353516,113.375,112.75,113.0,1367409
2015-07-22,112.83333587646484,114.875,112.83333587646484,114.625,1659378
2015-07-23,114.25,115.75,114.25,115.29166412353516,2745640
2015-07-24,114.91666412353516,115.75,114.08333587646484,115.0,3777370
2015-07-27,115.0,116.08333587646484,111.125,111.83333587646484,3031380
2015-07-28,111.375,114.58333587646484,110.58333587646484,114.20833587646484,3351928
2015-07-29,114.16666412353516,114.5,112.08333587646484,112.91666412353516,3799195
2015-07-30,113.20833587646484,115.58333587646484,112.91666412353516,113.20833587646484,8104052
2015-07-31,113.33333587646484,114.08333587646484,112.375,112.54166412353516,5377446
2015-08-03,112.58333587646484,113.75,112.25,112.54166412353516,2878239
2015-08-04,112.625,113.25,111.375,112.625,4383127
2015-08-05,112.66666412353516,114.33333587646484,112.16666412353516,113.95833587646484,2769999
2015-08-06,114.16666412353516,115.0,112.70833587646484,113.25,12025086
2015-08-07,112.58333587646484,113.66666412353516,111.08333587646484,111.54166412353516,4762880
2015-08-10,111.66666412353516,112.16666412353516,109.08333587646484,109.45833587646484,4761007
2015-08-11,109.25,110.25,108.0,109.0,6722565
2015-08-12,108.33333587646484,108.58333587646484,105.91666412353516,106.70833587646484,5033044
2015-08-13,106.75,107.66666412353516,105.5,106.54166412353516,6023696
2015-08-14,106.70833587646484,108.29166412353516,106.33333587646484,108.04166412353516,2001253
2015-08-17,108.04166412353516,108.33333587646484,106.41666412353516,106.70833587646484,1299099
2015-08-18,107.5,107.54166412353516,105.75,106.04166412353516,2115512
2015-08-19,105.83333587646484,106.16666412353516,104.875,105.0,2073483
2015-08-20,104.33333587646484,106.41666412353516,104.16666412353516,104.95833587646484,3895869
2015-08-21,104.16666412353516,104.54166412353516,101.5,102.83333587646484,8286668
2015-08-24,100.83333587646484,101.66666412353516,93.91666412353516,96.08333587646484,21259096
2015-08-25,98.33333587646484,102.0,89.25,99.29166412353516,12442059
2015-08-26,99.33333587646484,102.5,96.91666412353516,99.91666412353516,10884993
2015-08-27,101.16666412353516,101.41666412353516,98.33333587646484,99.29166412353516,12451533
2015-08-28,101.58333587646484,104.20833587646484,100.04166412353516,101.33333587646484,4771845
2015-08-31,100.83333587646484,102.79166412353516,100.08333587646484,101.20833587646484,4827870
2015-09-01,100.08333587646484,102.08333587646484,99.5,100.20833587646484,3799548
2015-09-02,100.83333587646484,100.83333587646484,96.45833587646484,97.08333587646484,6875404
2015-09-03,96.45833587646484,99.5,96.29166412353516,98.0,5062188
2015-09-04,97.5,98.0,94.29166412353516,95.41666412353516,10292604
2015-09-07,95.58333587646484,95.83333587646484,93.66666412353516,93.83333587646484,8050246
2015-09-08,95.0,96.79166412353516,94.29166412353516,95.375,5787757
2015-09-09,97.5,101.125,96.0,100.75,12015592
2015-09-10,100.54166412353516,100.75,98.29166412353516,99.375,2798323
2015-09-11,99.875,100.625,98.91666412353516,99.70833587646484,2404740
2015-09-14,100.0,105.33333587646484,99.75,104.91666412353516,5742222
2015-09-15,104.70833587646484,107.91666412353516,103.75,105.70833587646484,5089286
2015-09-16,105.66666412353516,107.25,104.33333587646484,106.54166412353516,3290786
2015-09-18,106.54166412353516,108.33333587646484,104.45833587646484,105.66666412353516,7200021
2015-09-21,104.25,106.41666412353516,104.16666412353516,105.625,2233722
2015-09-22,105.83333587646484,106.125,100.04166412353516,100.75,6530800
2015-09-23,99.20833587646484,102.75,99.20833587646484,101.08333587646484,3839610
2015-09-24,101.5,102.0,100.20833587646484,101.70833587646484,3772704
2015-09-28,101.70833587646484,102.5,100.54166412353516,100.79166412353516,2310477
2015-09-29,99.29166412353516,102.29166412353516,99.16666412353516,101.125,3975267
2015-09-30,102.41666412353516,103.66666412353516,100.83333587646484,103.125,3470785
2015-10-01,104.33333587646484,104.91666412353516,102.58333587646484,102.91666412353516,3822145
2015-10-05,103.25,106.875,103.25,106.41666412353516,4026033
2015-10-06,107.91666412353516,108.25,104.0,104.79166412353516,8623933
2015-10-07,105.04166412353516,106.66666412353516,104.375,106.45833587646484,3385142
2015-10-08,106.58333587646484,106.875,104.41666412353516,105.0,3521266
2015-10-09,105.75,105.83333587646484,104.58333587646484,105.0,3262202
2015-10-12,107.5,107.5,104.75,106.04166412353516,2117947
2015-10-13,106.16666412353516,107.0,105.75,106.20833587646484,2506449
2015-10-14,106.16666412353516,106.75,104.33333587646484,104.875,2665834
2015-10-15,105.41666412353516,105.66666412353516,103.79166412353516,104.16666412353516,2725071
2015-10-16,104.41666412353516,106.625,104.33333587646484,105.66666412353516,19650850
2015-10-19,105.83333587646484,106.375,105.08333587646484,106.08333587646484,4176244
2015-10-20,106.125,108.16666412353516,105.58333587646484,106.625,5440894
2015-10-21,106.625,109.75,105.91666412353516,108.29166412353516,4227984
2015-10-23,109.25,111.625,109.25,110.54166412353516,3888451
2015-10-26,110.83333587646484,111.25,109.375,110.70833587646484,2554590
2015-10-27,110.16666412353516,111.04166412353516,109.25,110.54166412353516,8433085
2015-10-28,109.70833587646484,110.83333587646484,107.54166412353516,107.875,4449216
2015-10-29,108.375,109.33333587646484,106.08333587646484,106.625,9820096
2015-10-30,106.70833587646484,114.70833587646484,106.70833587646484,110.66666412353516,10949250
2015-11-02,110.375,111.08333587646484,108.08333587646484,110.58333587646484,11462052
2015-11-03,110.83333587646484,114.83333587646484,110.83333587646484,113.08333587646484,11192800
2015-11-04,113.54166412353516,113.75,112.125,112.54166412353516,4315034
2015-11-05,112.5,114.16666412353516,112.20833587646484,113.33333587646484,7694065
2015-11-06,115.41666412353516,116.08333587646484,112.0,112.95833587646484,7245621
2015-11-09,111.25,112.04166412353516,110.125,111.29166412353516,3002449
2015-11-10,111.16666412353516,112.29166412353516,108.625,109.45833587646484,2695531
2015-11-13,109.08333587646484,110.625,108.16666412353516,109.0,2186415
2015-11-16,108.58333587646484,110.0,108.16666412353516,109.33333587646484,3069470
2015-11-17,109.58333587646484,111.04166412353516,109.0,110.08333587646484,2031129
2015-11-18,110.08333587646484,112.625,110.0,110.75,8835048
2015-11-19,111.58333587646484,112.125,110.0,111.625,1697204
2015-11-20,111.66666412353516,112.45833587646484,111.16666412353516,111.79166412353516,4503478
2015-11-23,111.875,112.25,110.20833587646484,110.91666412353516,1590408
2015-11-24,110.66666412353516,111.45833587646484,109.04166412353516,109.29166412353516,2367228
2015-11-26,109.5,111.33333587646484,108.91666412353516,110.75,5874213
2015-11-27,111.25,111.66666412353516,110.20833587646484,110.58333587646484,4532130
2015-11-30,110.83333587646484,111.41666412353516,108.41666412353516,109.08333587646484,8954815
2015-12-01,109.25,110.75,109.16666412353516,110.54166412353516,1776526
2015-12-02,110.625,111.20833587646484,109.58333587646484,110.91666412353516,1556103
2015-12-03,110.70833587646484,112.41666412353516,110.33333587646484,111.25,2710232
2015-12-04,110.91666412353516,111.125,108.33333587646484,108.66666412353516,2029555
2015-12-07,108.33333587646484,109.20833587646484,106.66666412353516,108.5,3599509
2015-12-08,107.875,109.16666412353516,107.75,108.375,2817922
2015-12-09,108.70833587646484,110.20833587646484,107.41666412353516,108.45833587646484,4174069
2015-12-10,108.5,111.375,108.5,111.0,4689330
2015-12-11,111.20833587646484,111.20833587646484,109.70833587646484,110.625,7819576
2015-12-14,110.0,111.16666412353516,109.5,110.70833587646484,3892008
2015-12-15,110.41666412353516,111.04166412353516,108.75,109.83333587646484,2294697
2015-12-16,109.83333587646484,112.41666412353516,109.83333587646484,111.29166412353516,2827382
2015-12-17,112.08333587646484,113.66666412353516,111.875,112.95833587646484,5617645
2015-12-18,113.25,115.08333587646484,112.66666412353516,113.20833587646484,7227156
2015-12-21,112.5,114.5,112.5,113.66666412353516,2724703
2015-12-22,114.0,115.33333587646484,113.75,114.16666412353516,5186119
2015-12-23,114.33333587646484,116.5,114.33333587646484,115.83333587646484,2906598
2015-12-24,116.04166412353516,116.58333587646484,115.66666412353516,116.08333587646484,2214117
2015-12-28,116.08333587646484,120.58333587646484,116.08333587646484,119.95833587646484,6195141
2015-12-29,120.375,124.04166412353516,120.08333587646484,120.66666412353516,11830292
2015-12-30,120.0,122.5,119.91666412353516,120.875,7060556
2015-12-31,120.875,122.41666412353516,120.04166412353516,121.875,6167425
2016-01-01,121.91666412353516,121.91666412353516,120.08333587646484,120.41666412353516,1087959
2016-01-04,119.375,122.5,119.04166412353516,119.41666412353516,1660154
2016-01-05,120.58333587646484,121.375,118.33333587646484,118.54166412353516,2183413
2016-01-06,118.33333587646484,119.08333587646484,116.70833587646484,117.875,2555581
2016-01-07,117.41666412353516,117.41666412353516,114.20833587646484,114.875,4397205
2016-01-08,115.16666412353516,116.83333587646484,114.25,116.29166412353516,5000222
2016-01-11,114.375,119.125,114.375,118.0,9595707
2016-01-12,119.58333587646484,121.58333587646484,118.95833587646484,121.0,5331380
2016-01-13,121.58333587646484,122.45833587646484,117.75,120.20833587646484,6335397
2016-01-14,119.08333587646484,120.5,116.91666412353516,119.33333587646484,2617408
2016-01-15,119.91666412353516,120.41666412353516,113.04166412353516,113.70833587646484,5813482
2016-01-18,113.25,115.45833587646484,111.04166412353516,112.16666412353516,7094769
2016-01-19,112.83333587646484,115.125,112.0,112.625,3276105
2016-01-20,111.91666412353516,112.33333587646484,109.0,110.16666412353516,4893918
2016-01-21,110.75,112.75,110.25,110.83333587646484,3672420
2016-01-22,112.54166412353516,116.08333587646484,111.79166412353516,115.125,4081641
2016-01-25,116.25,116.41666412353516,113.625,114.95833587646484,3248101
2016-01-27,116.5,120.5,115.375,119.79166412353516,6462206
2016-01-28,119.25,121.125,119.25,120.20833587646484,10947943
2016-01-29,120.0,122.25,117.0,118.70833587646484,9604422
2016-02-01,118.33333587646484,120.125,116.5,116.875,4772776
2016-02-02,116.66666412353516,117.08333587646484,110.625,111.70833587646484,5540090
2016-02-03,109.625,111.5,106.04166412353516,107.20833587646484,5409084
2016-02-04,108.33333587646484,109.25,103.83333587646484,104.91666412353516,8947989
2016-02-05,104.125,105.5,103.33333587646484,104.0,2917293
2016-02-08,104.0,104.91666412353516,102.29166412353516,102.70833587646484,2578603
2016-02-09,101.0,105.41666412353516,101.0,104.875,2829949
2016-02-10,104.16666412353516,105.16666412353516,103.08333587646484,103.95833587646484,3106880
2016-02-11,103.95833587646484,104.125,100.20833587646484,100.79166412353516,2946543
2016-02-12,100.83333587646484,104.79166412353516,100.125,103.29166412353516,4086475
2016-02-15,104.33333587646484,106.04166412353516,102.875,104.0,4458290
2016-02-16,105.625,109.25,103.5,106.45833587646484,6067938
2016-02-17,106.95833587646484,108.29166412353516,104.83333587646484,106.66666412353516,4187010
2016-02-18,107.875,108.54166412353516,104.375,106.25,2623275
2016-02-19,106.20833587646484,108.91666412353516,105.83333587646484,108.16666412353516,1806504
2016-02-22,110.70833587646484,110.70833587646484,105.04166412353516,105.83333587646484,2703391
2016-02-23,102.70833587646484,104.16666412353516,102.25,103.16666412353516,11574602
2016-02-24,101.5,101.83333587646484,98.58333587646484,98.875,21683338
2016-02-25,97.58333587646484,99.29166412353516,97.41666412353516,98.75,40502397
2016-02-26,99.16666412353516,101.66666412353516,98.41666412353516,101.29166412353516,8436524
2016-02-29,101.58333587646484,101.58333587646484,98.125,99.58333587646484,6291750
2016-03-01,100.0,102.5,99.41666412353516,102.375,4792212
2016-03-02,103.08333587646484,106.45833587646484,101.91666412353516,105.66666412353516,7180521
2016-03-03,106.66666412353516,107.375,104.95833587646484,105.33333587646484,4161891
2016-03-04,106.25,106.375,103.33333587646484,105.04166412353516,7395987
2016-03-08,105.0,106.66666412353516,103.75,106.29166412353516,4202145
2016-03-09,106.08333587646484,106.41666412353516,105.08333587646484,105.45833587646484,4332384
2016-03-10,105.5,106.66666412353516,105.33333587646484,105.66666412353516,4072078
2016-03-11,105.66666412353516,107.29166412353516,104.70833587646484,105.33333587646484,2484648
2016-03-14,105.625,106.5,105.04166412353516,106.16666412353516,2195317
2016-03-15,106.41666412353516,106.58333587646484,105.0,106.08333587646484,2454310
2016-03-16,106.41666412353516,106.79166412353516,105.54166412353516,106.29166412353516,6045006
2016-03-17,106.16666412353516,106.875,105.0,105.70833587646484,5303053
2016-03-18,105.41666412353516,106.58333587646484,105.29166412353516,106.20833587646484,6395342
2016-03-21,106.20833587646484,107.25,105.25,105.95833587646484,3162202
2016-03-22,106.33333587646484,107.33333587646484,105.66666412353516,106.875,4386978
2016-03-23,106.875,106.91666412353516,105.70833587646484,106.125,2682230
2016-03-28,106.66666412353516,108.54166412353516,106.04166412353516,107.625,6322756
2016-03-29,108.04166412353516,108.375,105.70833587646484,106.08333587646484,5982391
2016-03-30,106.66666412353516,108.625,105.91666412353516,108.25,4581528
2016-03-31,108.16666412353516,109.875,106.95833587646484,107.375,12576144
2016-04-01,107.25,109.16666412353516,106.91666412353516,108.29166412353516,6204711
2016-04-04,108.41666412353516,109.75,108.25,109.25,2727397
2016-04-05,109.25,109.875,105.45833587646484,105.70833587646484,4594977
2016-04-06,106.5,106.5,104.875,105.16666412353516,4536128
2016-04-07,105.25,105.70833587646484,104.20833587646484,105.45833587646484,9263898
2016-04-08,106.41666412353516,110.41666412353516,105.58333587646484,109.625,9962676
2016-04-11,109.625,112.5,109.375,112.16666412353516,4473735
2016-04-12,112.25,113.58333587646484,110.79166412353516,112.91666412353516,4394954
2016-04-13,113.75,114.875,113.54166412353516,114.29166412353516,4541049
2016-04-18,116.16666412353516,116.58333587646484,113.33333587646484,116.25,5881213
2016-04-20,116.25,118.125,115.91666412353516,117.75,3941576
2016-04-21,118.125,118.83333587646484,117.20833587646484,117.625,5878872
2016-04-22,117.0,120.0,116.70833587646484,119.70833587646484,5904096
2016-04-25,119.83333587646484,119.875,115.04166412353516,116.95833587646484,3757774
2016-04-26,116.16666412353516,118.0,115.83333587646484,116.83333587646484,6118725
2016-04-27,117.08333587646484,117.70833587646484,116.5,117.25,2213048
2016-04-28,117.375,117.875,114.0,114.29166412353516,7582244
2016-04-29,114.91666412353516,117.125,113.41666412353516,116.08333587646484,4812152
2016-05-02,116.08333587646484,116.91666412353516,112.33333587646484,115.45833587646484,2710262
2016-05-03,115.16666412353516,117.91666412353516,112.875,113.79166412353516,5122599
2016-05-04,113.58333587646484,116.125,113.58333587646484,115.66666412353516,7557462
2016-05-05,116.16666412353516,117.29166412353516,115.70833587646484,116.41666412353516,4772552
2016-05-06,116.45833587646484,117.04166412353516,114.875,116.66666412353516,3943374
2016-05-09,116.66666412353516,120.66666412353516,116.66666412353516,119.33333587646484,8002119
2016-05-10,119.5,119.5,116.75,117.20833587646484,5002198
2016-05-11,117.20833587646484,119.66666412353516,116.16666412353516,117.91666412353516,5366452
2016-05-12,117.54166412353516,119.0,116.66666412353516,117.875,2931638
2016-05-13,117.08333587646484,118.08333587646484,116.75,117.5,3152124
2016-05-16,117.5,117.83333587646484,115.91666412353516,116.75,6137539
2016-05-17,117.08333587646484,118.0,113.45833587646484,114.16666412353516,8913270
2016-05-18,114.08333587646484,115.04166412353516,112.95833587646484,113.41666412353516,6099468
2016-05-19,113.16666412353516,113.33333587646484,111.16666412353516,112.79166412353516,5504425
2016-05-20,112.79166412353516,114.5,112.75,114.08333587646484,5662137
2016-05-23,114.375,115.0,112.75,113.08333587646484,2955597
2016-05-24,113.41666412353516,116.91666412353516,113.33333587646484,115.41666412353516,5846558
2016-05-25,115.91666412353516,118.33333587646484,115.875,118.20833587646484,2999689
2016-05-26,117.58333587646484,118.75,116.125,117.66666412353516,9645368
2016-05-27,117.91666412353516,118.08333587646484,116.16666412353516,116.75,3192600
2016-05-30,116.95833587646484,121.5,114.70833587646484,119.66666412353516,11452723
2016-05-31,120.08333587646484,123.29166412353516,116.58333587646484,119.29166412353516,49654994
2016-06-01,119.08333587646484,121.0,117.95833587646484,120.5,5578209
2016-06-02,120.25,121.625,120.0,120.79166412353516,3890110
2016-06-03,120.83333587646484,124.41666412353516,120.79166412353516,123.0,5230866
2016-06-06,123.33333587646484,123.625,122.0,122.58333587646484,3080890
2016-06-07,122.91666412353516,124.33333587646484,122.54166412353516,123.70833587646484,4160961
2016-06-08,124.0,124.70833587646484,122.66666412353516,123.45833587646484,3645885
2016-06-09,123.58333587646484,126.91666412353516,123.54166412353516,125.875,7092262
2016-06-10,125.83333587646484,127.29166412353516,125.04166412353516,126.25,2818471
2016-06-13,125.0,125.54166412353516,123.45833587646484,123.95833587646484,1383117
2016-06-14,123.625,124.29166412353516,122.58333587646484,123.54166412353516,2696526
2016-06-15,123.79166412353516,129.1666717529297,123.79166412353516,128.4583282470703,4583678
2016-06-16,128.4583282470703,128.75,125.08333587646484,126.5,3753651
2016-06-17,126.75,127.625,125.95833587646484,126.91666412353516,3636291
2016-06-20,125.625,129.125,125.625,128.7083282470703,2779868
2016-06-21,128.4166717529297,128.8333282470703,125.95833587646484,126.5,3185960
2016-06-22,126.66666412353516,127.79166412353516,125.16666412353516,127.16666412353516,2958055
2016-06-23,123.33333587646484,124.91666412353516,121.95833587646484,124.25,7649942
2016-06-24,121.625,124.95833587646484,119.375,124.33333587646484,3570870
2016-06-27,122.5,126.16666412353516,122.5,124.33333587646484,2847684
2016-06-28,125.5,125.54166412353516,122.625,123.33333587646484,3265359
2016-06-29,123.33333587646484,127.08333587646484,123.33333587646484,126.75,3666712
2016-06-30,127.04166412353516,130.8333282470703,126.95833587646484,130.25,9291400
2016-07-01,129.4166717529297,131.3333282470703,129.1666717529297,130.625,3022617
2016-07-04,130.0,131.6666717529297,128.5416717529297,129.9583282470703,3504501
2016-07-05,129.9166717529297,129.9166717529297,126.875,127.16666412353516,3307670
2016-07-07,127.16666412353516,128.4583282470703,125.0,127.41666412353516,6193146
2016-07-08,126.875,128.7083282470703,125.54166412353516,128.1666717529297,1792663
2016-07-11,129.25,132.25,129.25,131.375,3684830
2016-07-12,131.4166717529297,132.7916717529297,131.125,131.9166717529297,2558658
2016-07-13,132.5833282470703,132.8333282470703,130.5,131.375,3752023
2016-07-14,130.625,132.6666717529297,130.625,132.25,3467246
2016-07-15,119.04166412353516,130.625,119.04166412353516,130.2083282470703,24967578
2016-07-18,130.0,130.6666717529297,128.875,129.6666717529297,3678940
2016-07-19,129.5833282470703,130.5,128.9583282470703,130.1666717529297,3266539
2016-07-20,130.1666717529297,131.6666717529297,129.5416717529297,131.125,3747645
2016-07-21,131.6666717529297,131.7916717529297,128.6666717529297,129.0833282470703,3602185
2016-07-22,129.1666717529297,130.9166717529297,128.4166717529297,130.5,4439348
2016-07-25,130.0,131.6666717529297,130.0,131.25,2762284
2016-07-26,131.5,132.375,130.9166717529297,131.75,2391322
2016-07-27,132.4166717529297,133.6666717529297,130.9166717529297,132.5416717529297,3822085
2016-07-28,132.5833282470703,133.3333282470703,130.25,132.1666717529297,9605690
2016-07-29,131.7916717529297,133.3333282470703,130.875,131.9583282470703,3023502
2016-08-01,132.1666717529297,133.3333282470703,131.2083282470703,132.8333282470703,4640031
2016-08-02,133.25,134.0,132.0833282470703,132.7916717529297,2760872
2016-08-03,132.4166717529297,132.7916717529297,130.5833282470703,131.25,3387386
2016-08-04,131.125,132.9166717529297,131.125,132.5416717529297,3007062
2016-08-05,133.3333282470703,135.8333282470703,132.5416717529297,134.5416717529297,3142065
2016-08-08,135.0416717529297,135.0416717529297,132.4166717529297,133.2083282470703,2541385
2016-08-09,132.9583282470703,135.2083282470703,132.625,133.2083282470703,3574959
2016-08-10,133.8333282470703,134.6666717529297,130.625,131.5833282470703,3919809
2016-08-11,132.5,133.3333282470703,131.0,132.9583282470703,2147083
2016-08-12,132.9166717529297,134.4166717529297,132.7083282470703,133.7916717529297,2793805
2016-08-16,133.5416717529297,135.1666717529297,133.0833282470703,134.4583282470703,5136718
2016-08-17,133.7916717529297,135.0,133.4166717529297,134.625,1653793
2016-08-18,134.7916717529297,140.625,134.6666717529297,139.0,8815767
2016-08-19,139.7083282470703,141.6666717529297,138.2083282470703,138.9583282470703,5195581
2016-08-22,139.9166717529297,140.6666717529297,135.25,136.375,8943697
2016-08-23,136.0,136.3333282470703,131.4583282470703,132.5,7852124
2016-08-24,132.2916717529297,136.2916717529297,131.75,134.4166717529297,6789516
2016-08-25,133.9166717529297,134.5833282470703,131.75,132.2083282470703,8434987
2016-08-26,132.4166717529297,133.1666717529297,131.0416717529297,131.5833282470703,3957362
2016-08-29,131.6666717529297,133.3333282470703,130.6666717529297,132.9583282470703,1646781
2016-08-30,133.3333282470703,135.25,132.375,134.7916717529297,2913315
2016-08-31,133.5833282470703,135.2083282470703,132.125,132.7083282470703,11099280
2016-09-01,133.0833282470703,133.875,131.6666717529297,132.2916717529297,3383041
2016-09-02,132.6666717529297,134.0,131.4583282470703,133.3333282470703,4700020
2016-09-06,133.75,136.6666717529297,133.75,136.2916717529297,5273948
2016-09-07,136.0,136.3333282470703,133.7916717529297,134.375,3051766
2016-09-08,132.5833282470703,135.0,132.5416717529297,133.125,2926024
2016-09-09,133.3333282470703,134.0833282470703,132.0,132.3333282470703,2551233
2016-09-12,130.6666717529297,131.8333282470703,126.875,127.375,3768448
2016-09-14,126.66666412353516,130.5,126.66666412353516,129.75,3852837
2016-09-15,130.3333282470703,130.8333282470703,126.95833587646484,127.83333587646484,3226718
2016-09-16,128.7916717529297,130.7916717529297,127.0,127.54166412353516,7863216
2016-09-19,128.0833282470703,130.0,127.375,129.2916717529297,2220804
2016-09-20,129.0833282470703,129.1666717529297,127.5,127.83333587646484,3677742
2016-09-21,127.66666412353516,129.5,127.66666412353516,128.3333282470703,3328227
2016-09-22,130.625,131.0833282470703,129.1666717529297,130.8333282470703,2877253
2016-09-23,131.0,131.6666717529297,130.25,130.75,4637128
2016-09-26,129.5833282470703,130.4166717529297,126.08333587646484,126.79166412353516,5557129
2016-09-27,126.70833587646484,127.79166412353516,125.83333587646484,126.83333587646484,2940974
2016-09-28,127.08333587646484,128.0,126.79166412353516,127.25,2364836
2016-09-29,127.75,128.125,123.54166412353516,124.54166412353516,9046064
2016-09-30,124.33333587646484,126.54166412353516,122.75,123.33333587646484,3917944
2016-10-03,123.95833587646484,126.375,123.75,125.5,2458561
2016-10-04,125.66666412353516,127.375,125.375,126.875,3592586
2016-10-05,127.70833587646484,128.1666717529297,125.29166412353516,127.04166412353516,3460152
2016-10-06,127.66666412353516,128.2083282470703,123.75,124.125,5083105
2016-10-07,124.16666412353516,125.125,123.08333587646484,123.58333587646484,2824920
2016-10-10,124.0,124.54166412353516,121.58333587646484,122.20833587646484,5757795
2016-10-13,122.5,122.5,119.41666412353516,120.625,7622096
2016-10-14,121.08333587646484,121.33333587646484,119.58333587646484,120.83333587646484,3912372
2016-10-17,122.5,123.83333587646484,121.75,122.91666412353516,9453096
2016-10-18,123.33333587646484,124.0,122.625,123.33333587646484,10349815
2016-10-19,123.70833587646484,125.16666412353516,123.04166412353516,124.20833587646484,8062418
2016-10-20,124.79166412353516,124.91666412353516,123.625,124.16666412353516,3200011
2016-10-21,123.66666412353516,125.0,123.66666412353516,124.58333587646484,1824866
2016-10-24,124.875,126.66666412353516,124.75,126.125,1329955
2016-10-25,125.5,127.125,124.625,126.66666412353516,2033961
2016-10-26,126.20833587646484,127.41666412353516,125.91666412353516,126.54166412353516,1938522
2016-10-27,126.41666412353516,127.33333587646484,125.41666412353516,126.41666412353516,3302029
2016-10-28,126.58333587646484,129.125,125.20833587646484,126.875,7337786
2016-11-01,126.41666412353516,130.4583282470703,125.58333587646484,129.1666717529297,4078814
2016-11-02,128.2916717529297,131.3333282470703,127.625,130.4166717529297,8157837
2016-11-03,130.6666717529297,131.0833282470703,127.08333587646484,127.54166412353516,4332021
2016-11-04,128.0,129.5833282470703,127.33333587646484,127.91666412353516,2394276
2016-11-07,128.4583282470703,130.75,127.79166412353516,129.25,4567302
2016-11-08,129.5,130.5,127.95833587646484,128.4583282470703,4490103
2016-11-09,123.08333587646484,130.0,121.33333587646484,128.4166717529297,8218180
2016-11-10,129.5833282470703,130.2916717529297,128.375,129.0,4426790
2016-11-11,128.3333282470703,128.3333282470703,125.66666412353516,126.41666412353516,3641463
2016-11-15,126.16666412353516,127.125,124.16666412353516,125.125,4077310
2016-11-16,126.08333587646484,126.5,124.375,125.125,3384367
2016-11-17,125.0,127.25,124.33333587646484,126.5,6488716
2016-11-18,127.25,133.3333282470703,126.79166412353516,132.5416717529297,13243760
2016-11-21,132.5,133.2083282470703,128.7083282470703,129.0833282470703,9888339
2016-11-22,130.0,130.0833282470703,125.875,128.4166717529297,10578529
2016-11-23,128.6666717529297,134.1666717529297,125.79166412353516,133.2083282470703,10153308
2016-11-24,132.3333282470703,133.3333282470703,129.2916717529297,130.8333282470703,5111353
2016-11-25,131.625,135.375,129.5833282470703,134.5833282470703,5798672
2016-11-28,133.4166717529297,137.4583282470703,133.4166717529297,136.9583282470703,4603195
2016-11-29,137.0833282470703,137.6666717529297,135.1666717529297,135.8333282470703,6154771
2016-11-30,136.0,136.6666717529297,134.7916717529297,135.9583282470703,9674742
2016-12-01,135.9583282470703,137.4583282470703,134.2916717529297,134.9166717529297,3768108
2016-12-02,134.9583282470703,135.7916717529297,133.1666717529297,134.7083282470703,3513333
2016-12-05,133.7916717529297,136.0,133.7916717529297,135.375,3422251
2016-12-06,135.8333282470703,137.9583282470703,135.25,135.9166717529297,5353840
2016-12-07,136.5416717529297,138.1666717529297,135.4166717529297,135.9583282470703,3689476
2016-12-08,136.625,137.625,134.4166717529297,135.875,4154828
2016-12-09,136.2083282470703,137.0,134.25,136.7083282470703,2481586
2016-12-12,136.5833282470703,140.0,136.2916717529297,137.875,3724072
2016-12-13,138.625,139.1666717529297,135.875,137.3333282470703,3550705
2016-12-14,137.5833282470703,138.6666717529297,135.875,136.2916717529297,3354277
2016-12-15,135.5833282470703,137.125,133.125,133.5,3354172
2016-12-16,133.7083282470703,135.1666717529297,132.9583282470703,133.3333282470703,4329195
2016-12-19,134.1666717529297,134.375,132.7083282470703,133.25,3143113
2016-12-20,134.0833282470703,135.4166717529297,133.75,134.875,2882146
2016-12-21,135.2916717529297,137.4166717529297,134.2083282470703,136.375,3838824
2016-12-22,136.125,136.75,133.3333282470703,133.75,2898685
2016-12-23,133.4166717529297,134.875,131.5833282470703,134.2083282470703,3019249
2016-12-26,133.4166717529297,135.125,132.7916717529297,133.2916717529297,2883518
2016-12-27,133.25,134.5416717529297,132.9166717529297,133.6666717529297,3137931
2016-12-28,133.6666717529297,135.25,133.3333282470703,133.9583282470703,2598544
2016-12-29,133.75,136.875,133.75,136.2916717529297,5976016
2016-12-30,136.0,137.875,135.8333282470703,137.2916717529297,4244060
2017-01-02,137.5416717529297,139.2916717529297,137.0,137.3333282470703,3152186
2017-01-03,137.4166717529297,138.5416717529297,136.875,137.875,2448501
2017-01-04,137.5416717529297,139.5833282470703,136.9583282470703,137.375,3729337
2017-01-05,136.7083282470703,138.5833282470703,136.7083282470703,137.5,6652960
2017-01-06,137.5416717529297,138.5833282470703,136.3333282470703,136.6666717529297,4947444
2017-01-09,136.6666717529297,136.9166717529297,134.25,135.875,4569656
2017-01-10,136.125,136.5,134.75,135.25,2423820
2017-01-11,135.8333282470703,137.3333282470703,134.875,137.0833282470703,2763603
2017-01-12,137.5,145.2916717529297,137.0833282470703,144.75,12138549
2017-01-13,145.75,145.8333282470703,142.2083282470703,142.5,6432948
2017-01-16,141.125,144.2916717529297,140.8333282470703,142.2083282470703,5560533
2017-01-17,142.75,146.8333282470703,141.875,146.4166717529297,7873125
2017-01-18,146.6666717529297,146.875,143.3333282470703,143.9583282470703,6211531
2017-01-19,144.1666717529297,145.8333282470703,143.125,145.125,7877224
2017-01-20,144.75,145.0833282470703,141.5,142.0416717529297,4372642
2017-01-23,141.6666717529297,143.7083282470703,141.0,141.3333282470703,4522695
2017-01-24,141.4166717529297,145.1666717529297,141.4166717529297,143.625,7209640
2017-01-25,143.7916717529297,144.5833282470703,142.0416717529297,142.7916717529297,13115185
2017-01-27,142.9166717529297,148.5416717529297,142.8333282470703,147.9166717529297,6091371
2017-01-30,147.375,148.25,145.4166717529297,146.4166717529297,5516523
2017-01-31,146.6666717529297,148.0833282470703,143.125,143.625,7441196
2017-02-01,143.875,144.4166717529297,141.0833282470703,142.4166717529297,10397133
2017-02-02,143.9166717529297,146.6666717529297,143.125,143.7916717529297,7142464
2017-02-03,143.75,144.7083282470703,142.875,143.2916717529297,4129434
2017-02-06,143.75,145.75,143.4166717529297,144.6666717529297,6082885
2017-02-07,144.0,146.25,143.625,144.1666717529297,6618921
2017-02-08,145.3333282470703,146.0416717529297,141.875,143.25,10220055
2017-02-09,143.25,144.9583282470703,139.5,140.1666717529297,7504140
2017-02-10,141.0416717529297,143.0416717529297,140.5416717529297,141.9583282470703,4783242
2017-02-13,142.4583282470703,144.25,142.4583282470703,143.75,7380872
2017-02-14,144.0833282470703,144.0833282470703,141.5833282470703,142.375,5174097
2017-02-15,140.625,142.1666717529297,140.25,140.875,4591172
2017-02-16,141.25,142.375,140.9166717529297,141.9166717529297,4049570
2017-02-17,142.25,142.4583282470703,140.7083282470703,141.4583282470703,3268471
2017-02-20,141.6666717529297,143.8333282470703,141.25,143.1666717529297,7358422
2017-02-21,143.2916717529297,144.2083282470703,142.125,143.75,2167004
2017-02-22,144.875,145.0,138.2916717529297,138.9166717529297,8138626
2017-02-23,139.5,139.5,136.7083282470703,137.9166717529297,8046589
2017-02-27,138.4583282470703,138.7083282470703,136.3333282470703,137.8333282470703,8850588
2017-02-28,138.3333282470703,138.4583282470703,135.2083282470703,135.7916717529297,16850186
2017-03-01,136.2083282470703,136.9166717529297,132.5,133.2916717529297,11781903
2017-03-02,134.0833282470703,134.0833282470703,129.375,129.9583282470703,16388160
2017-03-03,129.9583282470703,131.0,128.9166717529297,130.0833282470703,9776836
2017-03-06,130.75,132.5,130.0833282470703,132.0,5028422
2017-03-07,133.3333282470703,133.375,130.8333282470703,131.1666717529297,4820226
2017-03-08,131.3333282470703,132.125,130.2083282470703,130.9166717529297,3653134
2017-03-09,130.5416717529297,132.7083282470703,129.6666717529297,131.9166717529297,5600349
2017-03-10,131.9583282470703,132.875,130.3333282470703,130.9166717529297,2902393
2017-03-14,133.7083282470703,134.125,131.75,133.0,5506806
2017-03-15,132.9166717529297,133.3333282470703,131.9166717529297,132.2083282470703,3038296
2017-03-16,132.875,134.5833282470703,132.5416717529297,134.375,3935551
2017-03-17,134.75,134.875,132.2916717529297,133.2916717529297,7716466
2017-03-20,132.5833282470703,134.875,132.5833282470703,134.5,2691794
2017-03-21,134.5416717529297,135.4583282470703,133.3333282470703,135.125,3637201
2017-03-22,134.4166717529297,135.0,133.5416717529297,133.9583282470703,2992011
2017-03-23,134.5,137.3333282470703,134.25,137.0,6384273
2017-03-24,137.375,137.9583282470703,136.25,137.1666717529297,4581844
2017-03-27,136.6666717529297,137.4583282470703,135.8333282470703,136.125,3264932
2017-03-28,136.75,137.7916717529297,136.5833282470703,137.4166717529297,1686946
2017-03-29,138.2916717529297,138.2916717529297,136.1666717529297,136.625,4597850
2017-03-30,136.7083282470703,137.9166717529297,135.5,135.9166717529297,9615726
2017-03-31,136.3333282470703,138.9583282470703,135.9166717529297,138.3333282470703,3814359
2017-04-03,138.3333282470703,139.4166717529297,136.7083282470703,137.2083282470703,3542816
2017-04-05,138.25,140.0,137.25,138.75,6131202
2017-04-06,138.75,140.0416717529297,137.5,139.75,5319375
2017-04-07,139.1666717529297,141.0833282470703,138.3333282470703,140.2083282470703,7405474
2017-04-10,140.0416717529297,140.7916717529297,137.7083282470703,138.9583282470703,2686148
2017-04-11,139.2083282470703,139.9166717529297,136.0833282470703,139.1666717529297,17414233
2017-04-12,139.5,140.2083282470703,136.9166717529297,137.4583282470703,8425531
2017-04-13,137.5,137.875,136.8333282470703,137.2083282470703,4090750
2017-04-17,137.25,137.5,132.0,132.75,9580728
2017-04-18,133.75,136.2083282470703,133.3333282470703,134.75,5073410
2017-04-19,134.75,138.25,134.25,137.4166717529297,5434806
2017-04-20,137.3333282470703,137.4166717529297,136.0,136.4166717529297,2381107
2017-04-21,136.7083282470703,139.5833282470703,136.625,139.3333282470703,9538297
2017-04-24,139.3333282470703,140.375,138.125,138.7916717529297,2517796
2017-04-25,139.125,139.1666717529297,136.2916717529297,137.875,3704083
2017-04-26,137.875,138.7083282470703,137.0,138.0,4119194
2017-04-27,137.7083282470703,138.7083282470703,135.8333282470703,136.75,4868335
2017-04-28,136.6666717529297,137.6666717529297,136.1666717529297,137.0833282470703,3063996
2017-05-02,137.2083282470703,138.0,134.4166717529297,135.0833282470703,4025983
2017-05-03,135.8333282470703,137.125,134.4583282470703,135.0833282470703,3870368
2017-05-04,135.5,136.125,135.125,135.5416717529297,3344888
2017-05-05,135.2916717529297,135.3333282470703,132.875,133.0833282470703,2507920
2017-05-08,132.8333282470703,134.4583282470703,132.8333282470703,133.8333282470703,3692730
2017-05-09,134.4583282470703,134.625,133.2083282470703,134.375,3186598
2017-05-10,134.4583282470703,135.7916717529297,134.3333282470703,135.1666717529297,2730601
2017-05-11,135.25,135.375,133.125,133.5416717529297,4567666
2017-05-12,133.375,134.6666717529297,131.6666717529297,132.375,2748128
2017-05-15,132.5,133.3333282470703,131.5,133.125,2060881
2017-05-16,133.125,134.0833282470703,132.8333282470703,133.2916717529297,5617327
2017-05-17,133.75,134.8333282470703,132.0833282470703,132.4166717529297,8423958
2017-05-18,131.6666717529297,132.7916717529297,131.0833282470703,131.5,6185143
2017-05-19,132.8333282470703,133.9166717529297,131.75,132.5833282470703,2852978
2017-05-22,132.75,133.5416717529297,131.4583282470703,131.8333282470703,3324104
2017-05-23,131.6666717529297,132.0,129.25,130.7916717529297,2820800
2017-05-24,130.9166717529297,132.375,129.6666717529297,130.375,2830014
2017-05-25,130.5416717529297,130.9583282470703,129.0,130.2916717529297,5992188
2017-05-26,130.2083282470703,130.5,129.5833282470703,130.0,3186957
2017-05-29,130.75,131.5,127.625,130.4166717529297,8203143
2017-05-30,130.4166717529297,136.25,130.3333282470703,134.375,5871019
2017-05-31,133.4166717529297,135.5833282470703,133.1666717529297,133.5,6385513
2017-06-01,133.5,134.6666717529297,132.9583282470703,133.875,2350266
2017-06-02,134.125,136.1666717529297,134.0,135.5,5955807
2017-06-05,135.2083282470703,135.9166717529297,134.5833282470703,135.5,2986412
2017-06-06,135.8333282470703,135.8333282470703,131.4583282470703,131.75,5236093
2017-06-07,131.4166717529297,132.0833282470703,130.7916717529297,131.5416717529297,10697568
2017-06-08,131.75,131.9166717529297,130.6666717529297,131.5416717529297,1812870
2017-06-09,131.6666717529297,132.9583282470703,130.2916717529297,131.5,2940114
2017-06-12,131.6666717529297,132.3333282470703,129.8333282470703,131.625,3738913
2017-06-13,131.875,133.5833282470703,131.75,133.3333282470703,4090297
2017-06-14,133.5833282470703,133.5833282470703,132.0,133.2916717529297,2630623
2017-06-15,132.9583282470703,135.4166717529297,131.875,132.5416717529297,6250599
2017-06-16,132.5416717529297,134.375,132.5416717529297,133.8333282470703,5082594
2017-06-19,134.25,134.75,132.7916717529297,134.125,3415876
2017-06-20,133.5416717529297,134.0,132.2083282470703,132.4583282470703,2603080
2017-06-21,132.7083282470703,134.1666717529297,131.5,133.1666717529297,4094097
2017-06-22,133.375,134.0,131.9166717529297,132.4583282470703,5139614
2017-06-23,132.4166717529297,134.0833282470703,131.0416717529297,131.5416717529297,4643132
2017-06-27,131.25,132.3333282470703,129.1666717529297,131.5833282470703,3746638
2017-06-28,131.5833282470703,133.4166717529297,131.0416717529297,133.0416717529297,5058873
2017-06-29,132.5,133.25,131.5416717529297,132.2083282470703,10103880
2017-06-30,131.9166717529297,133.2083282470703,130.875,132.4583282470703,6122950
2017-07-03,132.4166717529297,132.4166717529297,129.4166717529297,130.625,8945122
2017-07-04,132.5833282470703,133.125,131.5,131.7083282470703,5282948
2017-07-05,131.8333282470703,133.4166717529297,131.5,132.5,5059808
2017-07-06,131.75,132.2083282470703,130.8333282470703,131.7083282470703,5379126
2017-07-07,131.5833282470703,133.0,131.3333282470703,132.5416717529297,4768952
2017-07-10,133.6666717529297,134.0833282470703,131.6666717529297,133.375,1170691
2017-07-11,133.375,137.25,133.25,136.0833282470703,5956020
2017-07-12,136.1666717529297,137.0,135.5833282470703,136.7083282470703,4097499
2017-07-13,137.5,138.5,136.25,136.5833282470703,3014683
2017-07-14,136.6666717529297,140.25,136.125,139.4166717529297,4127641
2017-07-17,140.6666717529297,140.8333282470703,139.5416717529297,140.4583282470703,4854055
2017-07-18,139.8333282470703,143.2083282470703,138.5,139.625,4280904
2017-07-19,140.0833282470703,142.1666717529297,139.0,139.8333282470703,4443198
2017-07-20,139.9166717529297,140.6666717529297,137.375,137.875,3079837
2017-07-21,137.8333282470703,138.8333282470703,134.9166717529297,137.3333282470703,4679146
2017-07-24,136.75,138.75,136.5,136.7083282470703,4095321
2017-07-25,136.75,138.0833282470703,136.375,136.5833282470703,5238774
2017-07-26,136.6666717529297,139.2916717529297,136.6666717529297,138.625,4710169
2017-07-27,139.1666717529297,139.3333282470703,136.875,137.8333282470703,13313542
2017-07-28,137.4166717529297,138.2083282470703,134.8333282470703,136.5833282470703,5825488
2017-07-31,138.0833282470703,138.9583282470703,134.9583282470703,136.8333282470703,11319219
2017-08-01,137.1666717529297,138.3333282470703,135.9166717529297,137.6666717529297,7131372
2017-08-02,138.2083282470703,144.125,138.2083282470703,143.2083282470703,22272063
2017-08-03,143.3333282470703,145.2083282470703,141.7083282470703,143.7916717529297,7242470
2017-08-04,143.625,148.5,141.3333282470703,147.7916717529297,9251462
2017-08-07,147.75,149.2916717529297,144.8333282470703,145.375,4356682
2017-08-08,143.5833282470703,144.7083282470703,141.1666717529297,142.625,4508409
2017-08-09,142.5,146.125,142.0833282470703,144.7083282470703,3248853
2017-08-10,144.7083282470703,145.2083282470703,141.1666717529297,143.875,2957564
2017-08-11,141.25,144.0,139.5416717529297,140.7083282470703,6021926
2017-08-14,141.6666717529297,144.6666717529297,140.5833282470703,143.125,4955436
2017-08-16,142.9166717529297,144.5833282470703,141.375,141.75,6909514
2017-08-17,142.5,147.875,141.0833282470703,147.3333282470703,6198212
2017-08-18,147.8333282470703,148.875,143.875,144.5,9086977
2017-08-21,144.3333282470703,145.9166717529297,143.0416717529297,143.3333282470703,4958263
2017-08-22,144.8333282470703,144.875,139.3333282470703,139.75,5514501
2017-08-23,140.0,142.5833282470703,139.6666717529297,141.875,5016500
2017-08-24,142.5,143.0,140.2083282470703,140.8333282470703,5959692
2017-08-28,141.4166717529297,145.0,141.4166717529297,144.4166717529297,6243884
2017-08-29,138.5416717529297,140.75,138.4166717529297,140.3333282470703,26027901
2017-08-30,138.3333282470703,142.7916717529297,138.125,139.9583282470703,24858153
2017-08-31,136.6666717529297,141.0,136.4583282470703,140.625,100020078
2017-09-01,139.5416717529297,140.75,138.9583282470703,140.2083282470703,6407655
2017-09-04,139.1666717529297,141.0,139.0416717529297,140.2083282470703,5787289
2017-09-05,140.3333282470703,141.4583282470703,139.625,141.25,3431329
2017-09-06,140.7916717529297,141.875,140.625,141.625,2789814
2017-09-07,140.0,142.25,139.875,141.75,5341582
2017-09-08,141.0,141.75,138.7916717529297,139.7916717529297,3959727
2017-09-11,139.5833282470703,142.75,138.9583282470703,142.125,13794789
2017-09-12,142.0416717529297,143.2083282470703,141.0416717529297,141.9583282470703,4997685
2017-09-13,141.4166717529297,142.8333282470703,140.5,140.7916717529297,5065327
2017-09-14,140.7916717529297,141.6666717529297,140.0833282470703,140.5416717529297,7281802
2017-09-15,140.0,140.1666717529297,139.0833282470703,139.4583282470703,6626685
2017-09-18,140.0,141.9583282470703,139.75,140.0,3664866
2017-09-19,140.0,141.3333282470703,139.0416717529297,140.8333282470703,2329150
2017-09-20,140.8333282470703,141.1666717529297,138.875,139.8333282470703,4668108
2017-09-21,139.25,140.4166717529297,139.2083282470703,140.1666717529297,3728936
2017-09-22,139.5416717529297,140.0,137.125,138.3333282470703,6742154
2017-09-25,139.1666717529297,139.9166717529297,137.3333282470703,138.5416717529297,5028435
2017-09-26,139.0833282470703,139.5416717529297,136.7916717529297,139.125,4261666
2017-09-27,139.375,139.5416717529297,137.0833282470703,137.5,3760716
2017-09-28,137.5,138.75,136.75,138.375,6199570
2017-09-29,138.75,139.9583282470703,137.7083282470703,139.5416717529297,4245489
2017-10-03,140.0,140.7916717529297,139.6666717529297,140.3333282470703,5038693
2017-10-04,140.3333282470703,141.0,139.3333282470703,140.0416717529297,6354854
2017-10-05,139.875,143.0,139.8333282470703,142.5833282470703,13895436
2017-10-06,142.7083282470703,148.3333282470703,142.625,146.7083282470703,18944218
2017-10-09,145.7916717529297,148.0,145.125,145.75,6961627
2017-10-10,145.75,146.5416717529297,145.25,146.25,5929921
2017-10-11,146.75,147.7083282470703,145.2083282470703,145.7083282470703,5036053
2017-10-12,145.8333282470703,149.0833282470703,145.8333282470703,147.25,19542392
2017-10-13,148.3333282470703,148.6666717529297,145.6666717529297,146.5416717529297,6797923
2017-10-16,146.6666717529297,147.625,145.75,146.2083282470703,2658920
2017-10-17,146.4166717529297,147.0833282470703,144.7916717529297,146.5833282470703,23635226
2017-10-18,146.9166717529297,150.0,145.8333282470703,148.375,8205376
2017-10-19,148.6666717529297,148.75,145.1666717529297,145.875,556915
2017-10-23,145.875,148.25,144.7083282470703,147.4583282470703,6443756
2017-10-24,147.5,152.4166717529297,146.875,151.375,14176243
2017-10-25,151.5833282470703,154.4583282470703,151.5,152.7916717529297,10983906
2017-10-26,152.7083282470703,154.25,152.0833282470703,153.875,11019600
2017-10-27,153.75,156.6666717529297,151.0416717529297,151.625,7227376
2017-10-30,151.75,152.625,151.75,152.1666717529297,5224491
2017-10-31,152.5,152.6666717529297,150.0833282470703,151.0416717529297,9992200
2017-11-01,151.0,153.75,150.0416717529297,150.625,9539526
2017-11-02,147.5833282470703,150.7083282470703,147.4166717529297,150.2083282470703,7958055
2017-11-03,149.1666717529297,153.25,149.1666717529297,151.625,10815914
2017-11-06,151.5833282470703,151.5833282470703,148.875,149.375,4282537
2017-11-07,149.75,150.6666717529297,147.625,148.6666717529297,10390363
2017-11-08,148.25,149.3333282470703,146.5416717529297,146.9583282470703,7184114
2017-11-09,147.125,149.7916717529297,147.125,148.375,5041654
2017-11-10,148.2083282470703,148.6666717529297,146.2916717529297,147.125,6573186
2017-11-13,148.375,149.125,146.875,147.4583282470703,5605167
2017-11-14,147.9166717529297,151.5416717529297,146.875,147.5416717529297,11136588
2017-11-15,147.0416717529297,147.4583282470703,144.625,145.1666717529297,8244417
2017-11-16,146.25,148.6666717529297,145.0833282470703,147.0416717529297,8639272
2017-11-17,148.4166717529297,150.0416717529297,146.75,147.9583282470703,8639323
2017-11-20,147.625,150.9583282470703,147.625,150.375,5624824
2017-11-21,150.6666717529297,154.8333282470703,150.5,152.4583282470703,12956512
2017-11-22,153.375,154.1666717529297,150.9583282470703,151.5416717529297,7199913
2017-11-23,151.5833282470703,152.0833282470703,149.125,150.3333282470703,6313909
2017-11-24,150.0,151.4583282470703,149.25,150.25,4985976
2017-11-27,150.0,155.7083282470703,149.6666717529297,155.2916717529297,12239492
2017-11-28,154.9583282470703,154.9583282470703,151.9583282470703,152.3333282470703,21490923
2017-11-29,153.1666717529297,153.6666717529297,151.3333282470703,151.6666717529297,14803374
2017-11-30,150.8333282470703,152.5416717529297,149.9583282470703,150.9583282470703,21081258
2017-12-01,152.3333282470703,153.0833282470703,150.4166717529297,151.0833282470703,5247830
2017-12-04,151.5833282470703,151.875,149.7083282470703,150.1666717529297,10381372
2017-12-05,149.625,149.625,146.9166717529297,147.5833282470703,9543513
2017-12-06,146.7083282470703,148.125,145.5833282470703,146.375,10349719
2017-12-07,147.5,151.2083282470703,145.9166717529297,150.25,13097042
2017-12-08,148.4166717529297,151.375,148.375,150.3333282470703,13832593
2017-12-11,151.3333282470703,151.6666717529297,148.0833282470703,148.625,8522901
2017-12-12,148.0833282470703,148.2083282470703,145.75,146.5833282470703,9448897
2017-12-13,147.25,147.5,146.125,146.7083282470703,8234570
2017-12-14,146.75,148.25,144.625,147.75,8551278
2017-12-15,148.4166717529297,148.8333282470703,146.75,147.875,6455800
2017-12-18,146.1666717529297,148.5416717529297,144.875,148.125,6610290
2017-12-19,148.2083282470703,150.2916717529297,147.4583282470703,150.0416717529297,7419950
2017-12-20,150.1666717529297,150.3333282470703,148.0833282470703,148.7083282470703,5873828
2017-12-21,149.0416717529297,150.2916717529297,148.75,150.0833282470703,6576799
2017-12-22,149.5833282470703,150.5416717529297,149.3333282470703,149.7916717529297,3793356
2017-12-26,150.4166717529297,150.4166717529297,147.4166717529297,148.7083282470703,11741056
2017-12-27,148.7083282470703,150.25,147.1666717529297,147.9166717529297,7842159
2017-12-28,148.25,148.9166717529297,146.2916717529297,146.7916717529297,17995456
2017-12-29,147.4583282470703,148.5416717529297,146.5,147.5,8900653
2018-01-01,147.5416717529297,147.7916717529297,146.4166717529297,147.125,6689762
2018-01-02,147.3333282470703,149.375,147.125,149.0833282470703,10171537
2018-01-03,149.5833282470703,150.25,147.2916717529297,147.5416717529297,12409998
2018-01-04,147.875,148.25,147.125,147.5833282470703,8712321
2018-01-05,147.75,148.5416717529297,147.0833282470703,147.9166717529297,12431070
2018-01-08,148.0,148.75,147.4166717529297,148.0416717529297,7290126
2018-01-09,148.25,148.6666717529297,146.4583282470703,147.25,7868696
2018-01-10,146.8333282470703,147.3333282470703,144.5,144.9583282470703,9836607
2018-01-11,145.0,145.75,144.1666717529297,144.5833282470703,6643371
2018-01-12,144.75,145.0833282470703,143.1666717529297,143.75,8369301
2018-01-15,144.1666717529297,146.1666717529297,143.1666717529297,144.125,5463837
2018-01-16,144.6666717529297,145.5,142.1666717529297,144.375,10138000
2018-01-17,144.3333282470703,145.7083282470703,142.375,145.2083282470703,7596332
2018-01-18,145.7083282470703,145.7083282470703,143.0416717529297,143.4583282470703,8280381
2018-01-19,143.375,144.5416717529297,141.8333282470703,143.9583282470703,3836697
2018-01-22,144.1666717529297,144.4166717529297,142.875,143.6666717529297,5422626
2018-01-23,143.4166717529297,146.875,143.4166717529297,143.9166717529297,6478592
2018-01-24,143.875,145.5833282470703,143.0,145.0,11677422
2018-01-25,144.625,146.25,142.8333282470703,143.2916717529297,13565392
2018-01-29,143.3333282470703,143.9583282470703,142.0833282470703,142.5416717529297,12918822
2018-01-30,142.5416717529297,143.75,141.5,141.9166717529297,9204885
2018-01-31,141.6666717529297,142.4583282470703,140.625,141.875,7820538
2018-02-01,141.0416717529297,141.5,139.5,140.875,11024756
2018-02-02,139.5833282470703,140.4583282470703,137.3333282470703,137.6666717529297,4803742
2018-02-05,135.0,139.5,135.0,138.5416717529297,7129994
2018-02-06,135.0,138.3333282470703,134.375,137.75,4853142
2018-02-07,137.0833282470703,138.5416717529297,132.375,137.875,11374195
2018-02-08,137.875,138.125,135.8333282470703,136.4166717529297,7486767
2018-02-09,135.375,136.7083282470703,133.75,136.0416717529297,4518222
2018-02-12,136.5,137.75,135.0833282470703,137.4166717529297,10466476
2018-02-14,137.5,138.0833282470703,135.125,135.7916717529297,4921964
2018-02-15,136.2083282470703,136.9583282470703,135.5416717529297,136.0,2581964
2018-02-16,136.25,136.5,135.0416717529297,135.6666717529297,7340724
2018-02-19,136.125,136.375,134.5416717529297,135.75,2634882
2018-02-20,135.2916717529297,137.5833282470703,135.0833282470703,136.8333282470703,6225978
2018-02-21,137.5,137.5,134.5833282470703,135.25,9316350
2018-02-22,134.9166717529297,135.25,133.4583282470703,133.9583282470703,5934736
2018-02-23,134.2083282470703,136.6666717529297,134.0416717529297,136.2916717529297,4571212
2018-02-26,136.3333282470703,136.375,134.5833282470703,135.7916717529297,3486711
2018-02-27,136.6666717529297,138.3333282470703,135.4583282470703,137.9583282470703,3844933
2018-02-28,136.6666717529297,137.6666717529297,135.4583282470703,136.0416717529297,5257828
2018-03-01,136.4166717529297,136.4583282470703,135.0,135.8333282470703,2576112
2018-03-05,134.5833282470703,137.5833282470703,133.375,136.0833282470703,3945470
2018-03-06,136.9166717529297,137.4583282470703,135.1666717529297,136.125,6137704
2018-03-07,135.8333282470703,137.25,134.9166717529297,136.25,3130801
2018-03-08,136.6666717529297,138.3333282470703,135.2083282470703,137.75,5446693
2018-03-09,137.5833282470703,137.75,135.4583282470703,137.0,4485285
2018-03-12,137.3333282470703,143.9583282470703,136.75,142.625,3493401
2018-03-13,141.1666717529297,142.2916717529297,139.4166717529297,141.1666717529297,3752316
2018-03-14,141.0833282470703,141.7916717529297,140.125,141.4166717529297,4448883
2018-03-15,140.8333282470703,141.7916717529297,139.4166717529297,141.5833282470703,4383296
2018-03-16,139.8333282470703,141.2083282470703,136.375,137.375,14854449
2018-03-19,137.5,139.9166717529297,136.375,139.1666717529297,6026004
2018-03-20,138.6666717529297,139.4166717529297,137.2083282470703,138.6666717529297,3780434
2018-03-21,139.5833282470703,142.375,138.0416717529297,141.9583282470703,6866022
2018-03-22,140.8333282470703,142.6666717529297,140.4166717529297,142.4583282470703,4472313
2018-03-23,140.75,143.1666717529297,140.25,141.7083282470703,10827793
2018-03-26,141.625,142.5,140.625,141.5416717529297,6600055
2018-03-27,141.875,142.9166717529297,140.375,142.5416717529297,4195293
2018-03-28,142.25,142.5,138.7083282470703,141.4166717529297,10138818
2018-04-02,141.5833282470703,142.375,140.0833282470703,142.0,3367125
2018-04-03,142.3333282470703,143.25,140.5,141.125,4460793
2018-04-04,140.9583282470703,141.125,137.9166717529297,138.7916717529297,3998232
2018-04-05,139.1666717529297,141.4583282470703,139.0,140.7916717529297,3916746
2018-04-06,140.3333282470703,141.6666717529297,139.2916717529297,141.2083282470703,3134724
2018-04-09,140.8333282470703,142.0416717529297,140.375,141.375,3930802
2018-04-10,141.5833282470703,142.0,140.125,140.3333282470703,2607237
2018-04-11,141.0833282470703,142.1666717529297,139.75,140.4166717529297,6787894
2018-04-12,140.0833282470703,141.5416717529297,139.4583282470703,141.25,6867020
2018-04-13,141.3333282470703,143.0833282470703,140.9583282470703,142.4583282470703,3483164
2018-04-16,141.3333282470703,145.75,141.3333282470703,145.0833282470703,3694548
2018-04-17,145.375,148.1666717529297,145.0833282470703,147.4583282470703,6699236
2018-04-18,147.0833282470703,150.0,146.9583282470703,148.7916717529297,4948994
2018-04-19,149.1666717529297,149.6666717529297,147.5,147.9583282470703,3141238
2018-04-20,148.2916717529297,148.2916717529297,144.375,145.2916717529297,3495886
2018-04-23,145.0416717529297,146.25,144.2916717529297,144.6666717529297,3569025
2018-04-24,144.625,145.5416717529297,143.4166717529297,144.0416717529297,2003576
2018-04-25,144.0,144.0416717529297,141.25,143.2083282470703,5424140
2018-04-26,143.875,144.875,141.2916717529297,143.3333282470703,5347538
2018-04-27,143.8333282470703,143.9583282470703,141.1666717529297,142.2916717529297,9327048
2018-04-30,142.6666717529297,144.2916717529297,141.5,143.4583282470703,2290147
2018-05-02,143.9583282470703,143.9583282470703,141.5,142.0,2610385
2018-05-03,142.2916717529297,146.8333282470703,141.7083282470703,145.25,3549040
2018-05-04,145.1666717529297,145.1666717529297,142.1666717529297,142.4166717529297,3371295
2018-05-07,142.625,143.5833282470703,141.6666717529297,142.0833282470703,5823535
2018-05-08,142.5416717529297,143.3333282470703,141.875,142.8333282470703,3453937
2018-05-09,142.125,143.6666717529297,141.5833282470703,142.0,10928712
2018-05-10,142.8333282470703,143.0833282470703,139.875,140.4166717529297,9844190
2018-05-11,140.0,141.875,139.0833282470703,139.5416717529297,15561708
2018-05-14,139.5833282470703,144.0833282470703,138.25,143.0416717529297,7046984
2018-05-15,141.875,144.9583282470703,141.0833282470703,141.75,5782708
2018-05-16,142.125,143.0833282470703,140.4166717529297,141.6666717529297,3899072
2018-05-17,141.75,142.5833282470703,138.8333282470703,139.25,6783446
2018-05-18,138.75,140.0833282470703,138.125,138.8333282470703,5496430
2018-05-21,138.3333282470703,139.3333282470703,135.5833282470703,137.0,3879174
2018-05-22,136.875,139.9583282470703,136.6666717529297,137.625,4612272
2018-05-23,137.3333282470703,139.9583282470703,137.125,138.7916717529297,3475720
2018-05-24,138.875,139.8333282470703,136.875,137.5416717529297,2379879
2018-05-25,137.8333282470703,140.0833282470703,137.4166717529297,137.75,7705690
2018-05-28,138.375,141.5416717529297,137.9583282470703,139.75,11540245
2018-05-29,140.7083282470703,141.1666717529297,137.25,138.2916717529297,7141778
2018-05-30,137.0833282470703,140.2916717529297,137.0,137.75,5414080
2018-05-31,137.9166717529297,142.0416717529297,136.75,139.625,29432894
2018-06-01,139.5833282470703,139.5833282470703,136.4166717529297,136.9583282470703,2975864
2018-06-04,137.3333282470703,137.8333282470703,134.875,135.0416717529297,5021538
2018-06-05,134.5833282470703,135.4583282470703,133.3333282470703,134.4166717529297,2369418
2018-06-06,134.5,135.875,133.5416717529297,135.4166717529297,3647491
2018-06-07,135.0,136.25,134.8333282470703,135.4166717529297,4624826
2018-06-08,135.2083282470703,135.4166717529297,134.0,134.5416717529297,2199740
2018-06-11,134.5833282470703,135.5,134.375,134.7916717529297,4838494
2018-06-12,135.0,135.4583282470703,134.0833282470703,134.4166717529297,3082809
2018-06-13,134.5833282470703,134.7083282470703,133.3333282470703,133.5416717529297,6527995
2018-06-14,133.5,133.5,131.6666717529297,132.0,6200254
2018-06-15,132.0833282470703,132.25,128.7916717529297,130.0416717529297,10800649
2018-06-18,130.2916717529297,131.5,129.9166717529297,130.8333282470703,2289944
2018-06-19,131.125,131.125,128.4583282470703,130.125,5222522
2018-06-20,130.6666717529297,131.4166717529297,129.9166717529297,130.875,7262452
2018-06-21,131.4166717529297,131.4166717529297,129.0833282470703,129.375,9600354
2018-06-22,129.1666717529297,131.8333282470703,128.0833282470703,131.0833282470703,5141889
2018-06-25,130.875,131.4166717529297,127.79166412353516,128.875,8198617
2018-06-26,128.7083282470703,130.25,127.95833587646484,129.6666717529297,6173371
2018-06-27,130.375,130.375,126.33333587646484,128.1666717529297,7083915
2018-06-28,127.5,131.5833282470703,124.58333587646484,130.3333282470703,15010362
2018-06-29,129.4583282470703,134.0833282470703,128.0,133.0416717529297,6659236
2018-07-02,132.5,132.625,126.16666412353516,127.95833587646484,15954402
2018-07-03,128.3333282470703,129.5416717529297,126.33333587646484,129.1666717529297,7506727
2018-07-04,129.125,129.875,127.08333587646484,127.41666412353516,11418056
2018-07-05,127.375,127.91666412353516,126.41666412353516,126.79166412353516,4155312
2018-07-06,127.0,127.04166412353516,124.875,125.125,10642270
2018-07-09,125.25,126.58333587646484,125.20833587646484,126.04166412353516,5759994
2018-07-10,126.66666412353516,128.5416717529297,126.08333587646484,128.25,3890373
2018-07-11,127.33333587646484,128.125,126.45833587646484,127.25,4037034
2018-07-12,128.3333282470703,128.9166717529297,127.04166412353516,128.375,3424965
2018-07-13,128.5,129.5833282470703,126.58333587646484,127.45833587646484,3615536
2018-07-16,127.5,130.8333282470703,126.70833587646484,129.6666717529297,4117044
2018-07-17,129.1666717529297,130.0,127.54166412353516,129.4166717529297,2670880
2018-07-18,129.9583282470703,130.0833282470703,127.33333587646484,129.375,2892637
2018-07-19,129.1666717529297,129.875,127.875,128.7916717529297,3163729
2018-07-20,128.3333282470703,130.0,128.3333282470703,129.7083282470703,3659896
2018-07-23,129.4166717529297,133.0,129.4166717529297,131.7916717529297,6286406
2018-07-24,131.6666717529297,132.4583282470703,130.3333282470703,131.2083282470703,4224482
2018-07-25,130.0,130.9583282470703,124.875,125.83333587646484,15232765
2018-07-26,126.20833587646484,128.2083282470703,125.0,127.79166412353516,17803995
2018-07-27,127.5,129.375,126.75,129.125,5766367
2018-07-30,130.8333282470703,131.1666717529297,128.375,129.9166717529297,9747265
2018-07-31,129.875,132.3333282470703,128.5416717529297,129.0416717529297,9065227
2018-08-01,129.0,130.0,127.29166412353516,129.4583282470703,4903117
2018-08-02,128.9166717529297,129.7916717529297,128.4583282470703,129.5,3895179
2018-08-03,129.875,130.9166717529297,129.5,130.375,3276529
2018-08-06,130.75,131.6666717529297,130.0,130.625,2395237
2018-08-07,130.8333282470703,133.25,130.2916717529297,132.375,4450873
2018-08-08,132.9166717529297,133.125,131.3333282470703,131.875,4151246
2018-08-09,132.0,134.4583282470703,130.6666717529297,133.9166717529297,4915016
2018-08-10,134.1666717529297,134.5416717529297,131.875,132.9583282470703,4518788
2018-08-13,132.5,132.5416717529297,130.4583282470703,131.6666717529297,2702390
2018-08-14,131.5,132.2916717529297,130.4166717529297,130.75,2030044
2018-08-16,130.75,132.5,130.125,132.125,2153881
2018-08-17,132.5,133.5416717529297,131.375,131.6666717529297,4672155
2018-08-20,131.9166717529297,133.4166717529297,131.6666717529297,132.125,3448567
2018-08-21,133.0,134.75,131.3333282470703,134.0416717529297,5279408
2018-08-23,134.3333282470703,137.5,133.4166717529297,136.9583282470703,7704134
2018-08-24,137.1666717529297,139.7083282470703,136.375,136.9166717529297,5436786
2018-08-27,137.4166717529297,139.0416717529297,136.6666717529297,138.4583282470703,2630486
2018-08-28,138.875,145.4583282470703,138.625,140.25,8727238
2018-08-29,141.2083282470703,141.2083282470703,137.9166717529297,138.375,3769664
2018-08-30,137.9583282470703,142.2916717529297,137.9583282470703,141.4166717529297,13384598
2018-08-31,141.2083282470703,143.9166717529297,140.8333282470703,142.9166717529297,8445506
2018-09-03,143.75,144.0,139.5,141.25,4592967
2018-09-04,141.25,142.0833282470703,139.5,140.0833282470703,3016566
2018-09-05,139.75,142.0,138.75,139.9583282470703,2837060
2018-09-06,138.3333282470703,142.25,138.0416717529297,140.75,7658860
2018-09-07,142.0833282470703,142.125,138.25,141.2916717529297,3585828
2018-09-10,141.5833282470703,142.7916717529297,140.125,141.0,5871138
2018-09-11,140.875,143.125,140.625,141.4583282470703,9709410
2018-09-12,142.0,143.0,139.0416717529297,141.6666717529297,7109565
2018-09-14,142.0,145.9166717529297,142.0,145.7916717529297,7340733
2018-09-17,145.8333282470703,146.1666717529297,142.5833282470703,143.5416717529297,2792490
2018-09-18,144.3333282470703,145.375,140.9166717529297,141.4166717529297,3646318
2018-09-19,142.5,143.2916717529297,140.0,140.9583282470703,5092003
2018-09-21,141.0,144.8333282470703,139.0416717529297,140.2083282470703,9597428
2018-09-24,140.1666717529297,142.3333282470703,138.5833282470703,139.9166717529297,6216532
2018-09-25,140.9583282470703,142.0833282470703,137.0,141.6666717529297,6496965
2018-09-26,143.0,143.0,138.3333282470703,139.8333282470703,3591889
2018-09-27,140.125,141.6666717529297,138.75,139.9583282470703,6718629
2018-09-28,139.9583282470703,141.4166717529297,138.3333282470703,139.0416717529297,5444684
2018-10-01,139.5833282470703,141.9166717529297,138.4583282470703,141.3333282470703,4950123
2018-10-03,140.6666717529297,140.7083282470703,138.4166717529297,139.4583282470703,5780126
2018-10-04,138.6666717529297,140.5,137.2916717529297,139.0,6563494
2018-10-05,138.8333282470703,139.9166717529297,133.7916717529297,135.75,13292940
2018-10-08,134.5,137.4166717529297,132.875,136.2083282470703,4637569
2018-10-09,137.3333282470703,137.5,134.0833282470703,134.75,5756458
2018-10-10,134.75,138.875,134.375,136.9583282470703,3411681
2018-10-11,135.0,138.0833282470703,134.4166717529297,135.9583282470703,3668989
2018-10-12,136.5833282470703,137.7916717529297,135.875,136.8333282470703,4147903
2018-10-15,136.875,137.9583282470703,136.4166717529297,137.2083282470703,2191491
2018-10-16,137.2083282470703,137.7916717529297,135.0833282470703,136.625,3857880
2018-10-17,137.125,138.0833282470703,135.1666717529297,135.75,5369029
2018-10-19,135.5,137.7083282470703,133.5833282470703,134.5416717529297,6202959
2018-10-22,135.875,139.9166717529297,135.0833282470703,137.375,6407974
2018-10-23,136.7916717529297,138.3333282470703,135.4583282470703,137.5,7316558
2018-10-24,138.3333282470703,138.9583282470703,133.0833282470703,135.875,12856915
2018-10-25,135.4166717529297,137.4583282470703,131.0833282470703,135.25,94631476
2018-10-26,132.4583282470703,133.5416717529297,129.0,132.75,9339921
2018-10-29,132.9583282470703,133.2916717529297,131.0833282470703,132.4583282470703,6963919
2018-10-30,132.5833282470703,134.2083282470703,130.7083282470703,132.8333282470703,3257071
2018-10-31,133.3333282470703,134.0833282470703,129.375,133.0416717529297,6069514
2018-11-01,133.125,133.5416717529297,130.625,130.8333282470703,2992327
2018-11-02,131.5833282470703,132.7916717529297,130.0416717529297,131.6666717529297,11487762
2018-11-05,131.25,131.25,126.41666412353516,127.91666412353516,18263054
2018-11-06,128.2916717529297,128.9166717529297,126.95833587646484,128.4583282470703,6223800
2018-11-07,129.1666717529297,129.2083282470703,128.75,129.0416717529297,212175
2018-11-09,129.625,129.6666717529297,127.91666412353516,128.7083282470703,8098182
2018-11-12,128.5833282470703,129.5416717529297,127.08333587646484,127.33333587646484,3916333
2018-11-13,127.08333587646484,131.5,126.95833587646484,130.6666717529297,7903864
2018-11-14,130.8333282470703,133.8333282470703,130.3333282470703,131.125,3853852
2018-11-15,131.625,132.625,127.83333587646484,128.1666717529297,4538966
2018-11-16,127.66666412353516,129.5833282470703,127.5,128.375,5166086
2018-11-19,128.3333282470703,128.75,126.58333587646484,127.45833587646484,6879644
2018-11-20,127.0,127.58333587646484,123.75,124.29166412353516,4600113
2018-11-21,124.29166412353516,124.875,122.625,123.20833587646484,7625524
2018-11-22,123.125,123.66666412353516,121.33333587646484,121.66666412353516,3684871
2018-11-26,122.0,122.45833587646484,118.08333587646484,120.58333587646484,6534517
2018-11-27,120.41666412353516,122.33333587646484,119.375,121.45833587646484,4866687
2018-11-28,122.45833587646484,122.95833587646484,118.33333587646484,119.54166412353516,17823474
2018-11-29,119.875,121.45833587646484,117.375,118.54166412353516,30727317
2018-11-30,118.33333587646484,118.83333587646484,114.625,116.91666412353516,29840662
2018-12-03,116.95833587646484,121.375,116.66666412353516,120.75,12013041
2018-12-04,120.625,120.625,118.33333587646484,119.33333587646484,6785000
2018-12-05,119.125,120.75,116.0,117.54166412353516,8833965
2018-12-06,117.25,118.5,115.16666412353516,116.5,5460772
2018-12-07,116.66666412353516,117.58333587646484,113.79166412353516,114.875,13240540
2018-12-10,113.25,116.04166412353516,112.25,113.5,34436070
2018-12-11,111.70833587646484,115.04166412353516,111.70833587646484,114.45833587646484,13406569
2018-12-12,114.95833587646484,118.0,114.08333587646484,117.25,12274362
2018-12-13,117.79166412353516,118.33333587646484,116.45833587646484,117.54166412353516,10636545
2018-12-14,117.5,120.125,116.33333587646484,119.58333587646484,13732576
2018-12-17,125.0,126.125,120.625,121.75,21749589
2018-12-18,121.66666412353516,123.66666412353516,121.04166412353516,123.08333587646484,13037010
2018-12-19,123.625,125.25,122.70833587646484,124.83333587646484,8182075
2018-12-20,123.83333587646484,124.95833587646484,122.20833587646484,124.41666412353516,13909968
2018-12-21,124.58333587646484,126.16666412353516,123.54166412353516,125.45833587646484,18956932
2018-12-24,125.0,125.45833587646484,121.0,122.0,8506178
2018-12-26,121.83333587646484,123.625,120.20833587646484,121.29166412353516,10358386
2018-12-27,122.25,124.79166412353516,120.16666412353516,123.58333587646484,32905857
2018-12-28,122.875,126.33333587646484,122.08333587646484,124.875,11010662
2018-12-31,124.83333587646484,125.04166412353516,123.41666412353516,124.20833587646484,5010889
2019-01-01,124.125,124.66666412353516,122.0,123.91666412353516,4011082
2019-01-02,123.29166412353516,123.91666412353516,121.79166412353516,122.5,5201079
2019-01-03,122.5,122.83333587646484,119.04166412353516,119.5,7035283
2019-01-04,119.95833587646484,121.91666412353516,118.54166412353516,121.45833587646484,7988112
2019-01-07,121.875,124.75,121.79166412353516,123.83333587646484,14121843
2019-01-08,123.33333587646484,124.58333587646484,121.66666412353516,122.45833587646484,6656692
2019-01-09,122.5,123.70833587646484,121.16666412353516,122.125,4636543
2019-01-10,122.45833587646484,124.625,122.29166412353516,123.41666412353516,15340801
2019-01-11,123.33333587646484,125.25,122.66666412353516,123.33333587646484,13579929
2019-01-14,123.33333587646484,123.625,121.0,121.29166412353516,5010679
2019-01-15,121.66666412353516,122.04166412353516,120.125,121.5,14730974
2019-01-16,121.91666412353516,123.75,121.41666412353516,121.95833587646484,5679378
2019-01-17,122.41666412353516,123.04166412353516,120.20833587646484,120.75,7529166
2019-01-18,121.08333587646484,122.0,120.0,120.25,3100312
2019-01-21,122.08333587646484,122.29166412353516,118.875,119.5,13187677
2019-01-22,119.91666412353516,119.91666412353516,118.33333587646484,119.0,7074433
2019-01-23,119.08333587646484,119.66666412353516,116.91666412353516,117.29166412353516,5323552
2019-01-24,117.29166412353516,118.41666412353516,115.91666412353516,116.70833587646484,4250377
2019-01-25,117.08333587646484,118.25,115.04166412353516,115.25,5463236
2019-01-28,115.41666412353516,116.25,113.875,115.5,7303346
2019-01-29,115.5,116.16666412353516,114.5,115.41666412353516,9728281
2019-01-30,116.16666412353516,117.0,115.08333587646484,115.58333587646484,13777792
2019-01-31,117.08333587646484,117.66666412353516,115.83333587646484,116.41666412353516,44034840
2019-02-01,116.66666412353516,117.08333587646484,115.66666412353516,116.79166412353516,7099405
2019-02-04,116.75,117.0,113.95833587646484,114.375,6716304
2019-02-05,114.16666412353516,115.33333587646484,113.5,115.04166412353516,8526399
2019-02-06,113.16666412353516,114.79166412353516,112.5,114.25,12810810
2019-02-07,114.16666412353516,115.0,112.58333587646484,113.29166412353516,5193513
2019-02-08,112.83333587646484,114.5,109.625,110.04166412353516,5597162
2019-02-11,109.95833587646484,111.08333587646484,107.16666412353516,108.625,13126864
2019-02-12,108.375,111.625,108.33333587646484,111.04166412353516,14900754
2019-02-14,109.16666412353516,111.08333587646484,106.75,109.375,37913966
2019-02-15,110.0,114.5,110.0,113.54166412353516,25855830
2019-02-18,113.16666412353516,117.0,112.45833587646484,114.54166412353516,13001166
2019-02-19,114.25,114.91666412353516,110.375,111.41666412353516,9029095
2019-02-20,111.83333587646484,115.75,110.25,114.33333587646484,14955330
2019-02-21,114.83333587646484,115.41666412353516,112.91666412353516,113.70833587646484,4719134
2019-02-22,113.95833587646484,116.875,112.5,116.41666412353516,11678731
2019-02-25,116.33333587646484,117.5,113.54166412353516,116.95833587646484,27557787
2019-02-26,114.33333587646484,117.66666412353516,113.58333587646484,117.125,15501729
2019-02-27,116.08333587646484,119.125,115.125,115.625,18258775
2019-02-28,116.83333587646484,118.91666412353516,115.25,117.70833587646484,50183582
2019-03-01,118.08333587646484,119.79166412353516,118.04166412353516,119.16666412353516,6789074
2019-03-05,119.16666412353516,123.5,119.16666412353516,122.5,12988303
2019-03-06,123.08333587646484,124.58333587646484,122.58333587646484,124.125,10313295
2019-03-07,124.25,125.5,121.25,121.83333587646484,8337421
2019-03-08,122.91666412353516,129.0,121.125,126.83333587646484,34663172
2019-03-11,127.5,133.5833282470703,124.58333587646484,126.16666412353516,30007645
2019-03-12,125.66666412353516,130.2916717529297,125.16666412353516,126.04166412353516,23315044
2019-03-13,125.83333587646484,125.875,120.83333587646484,123.5,20943115
2019-03-14,124.08333587646484,129.0833282470703,123.41666412353516,128.0416717529297,14675396
2019-03-15,128.8333282470703,132.7083282470703,127.20833587646484,131.7083282470703,20356743
2019-03-18,131.5416717529297,134.0,129.7916717529297,132.2916717529297,19289406
2019-03-19,133.9499969482422,137.3000030517578,130.39999389648438,134.89999389648438,25950621
2019-03-20,135.8000030517578,136.0,128.10000610351562,129.25,28098992
2019-03-22,131.0,136.1999969482422,129.6999969482422,134.64999389648438,53779933
2019-03-25,133.85000610351562,137.5,133.75,135.35000610351562,31535535
2019-03-26,136.0,142.0,136.0,140.8000030517578,23510777
2019-03-27,140.89999389648438,140.89999389648438,136.1999969482422,137.0,20849776
2019-03-28,137.5,139.35000610351562,135.10000610351562,135.75,41232946
2019-04-01,136.39999389648438,137.5,133.5500030517578,135.10000610351562,26716877
2019-04-02,136.0500030517578,136.6999969482422,134.0,135.14999389648438,14343829
2019-04-03,135.9499969482422,137.5,134.0,134.8000030517578,12596804
2019-04-04,134.8000030517578,136.8000030517578,134.4499969482422,135.64999389648438,12939086
2019-04-05,135.5500030517578,136.4499969482422,134.39999389648438,134.8000030517578,7742848
2019-04-08,134.89999389648438,136.8000030517578,134.5500030517578,135.5500030517578,13409083
2019-04-09,135.5,136.4499969482422,135.0500030517578,135.89999389648438,7506763
2019-04-10,136.25,137.0,134.3000030517578,134.60000610351562,9502300
2019-04-11,134.9499969482422,136.39999389648438,134.39999389648438,135.9499969482422,8703097
2019-04-12,136.0,136.5,135.1999969482422,135.9499969482422,7212573
2019-04-15,136.25,138.3000030517578,135.39999389648438,136.75,11013801
2019-04-16,137.39999389648438,138.14999389648438,136.5,137.5500030517578,7469500
2019-04-18,137.5,137.85000610351562,135.0500030517578,135.35000610351562,6634192
2019-04-22,135.10000610351562,136.39999389648438,134.35000610351562,136.0,5541225
2019-04-23,136.0,136.10000610351562,133.25,133.64999389648438,8790522
2019-04-24,133.64999389648438,134.4499969482422,132.3000030517578,133.9499969482422,9255095
2019-04-25,134.0,135.35000610351562,132.3000030517578,132.89999389648438,29354749
2019-04-26,133.4499969482422,135.10000610351562,133.35000610351562,134.10000610351562,4789673
2019-04-30,134.25,134.8000030517578,131.4499969482422,134.0500030517578,7527996
2019-05-02,133.3000030517578,133.89999389648438,132.10000610351562,133.10000610351562,6401386
2019-05-03,133.10000610351562,136.64999389648438,133.0,135.4499969482422,9226969
2019-05-06,135.0,135.60000610351562,133.6999969482422,135.0,6080575
2019-05-07,135.4499969482422,136.1999969482422,133.60000610351562,134.10000610351562,9137799
2019-05-08,133.85000610351562,134.0,130.1999969482422,130.8000030517578,8742473
2019-05-09,130.75,130.8000030517578,126.4000015258789,127.69999694824219,14395488
2019-05-10,128.4499969482422,128.75,126.25,127.0,9724014
2019-05-13,126.9000015258789,127.0,123.0,123.55000305175781,11507204
2019-05-14,123.69999694824219,126.5,122.4000015258789,125.5999984741211,6908544
2019-05-15,126.30000305175781,126.9000015258789,123.0,123.94999694824219,9384447
2019-05-16,124.8499984741211,126.3499984741211,123.25,125.75,6519422
2019-05-17,124.75,126.5999984741211,124.0,125.5,10003051
2019-05-20,128.1999969482422,130.10000610351562,125.5999984741211,129.25,12330905
2019-05-21,129.6999969482422,129.75,127.75,128.60000610351562,8095621
2019-05-22,128.60000610351562,130.4499969482422,127.4000015258789,129.60000610351562,9540723
2019-05-23,130.60000610351562,133.4499969482422,129.35000610351562,129.85000610351562,11017547
2019-05-24,130.5,131.0,128.5500030517578,129.14999389648438,9371443
2019-05-27,132.39999389648438,136.60000610351562,130.14999389648438,133.1999969482422,19948676
2019-05-28,133.9499969482422,134.75,131.6999969482422,132.60000610351562,15628186
2019-05-29,132.0,133.25,130.1999969482422,130.89999389648438,5397986
2019-05-30,131.0500030517578,135.60000610351562,131.0500030517578,135.10000610351562,30257040
2019-05-31,135.25,136.0500030517578,132.3000030517578,133.25,11325445
2019-06-03,134.39999389648438,134.8000030517578,132.6999969482422,133.10000610351562,7302092
2019-06-04,133.14999389648438,136.35000610351562,133.14999389648438,135.0500030517578,10439893
2019-06-06,135.14999389648438,137.0,132.8000030517578,136.5500030517578,12191883
2019-06-07,137.0,137.5,134.5,135.14999389648438,9310029
2019-06-10,135.1999969482422,137.10000610351562,134.35000610351562,135.0,7295669
2019-06-11,135.39999389648438,136.64999389648438,133.75,135.3000030517578,4554162
2019-06-12,135.0,135.6999969482422,133.3000030517578,134.39999389648438,3660802
2019-06-13,134.5,135.85000610351562,133.3000030517578,134.89999389648438,5113806
2019-06-14,134.9499969482422,135.5,132.39999389648438,132.75,4761596
2019-06-17,133.4499969482422,133.85000610351562,131.39999389648438,132.25,3655275
2019-06-18,132.60000610351562,133.35000610351562,131.89999389648438,132.39999389648438,5172138
2019-06-19,132.5,135.25,132.5,134.64999389648438,5278372
2019-06-20,134.60000610351562,135.25,133.60000610351562,134.5500030517578,6963441
2019-06-21,134.85000610351562,135.1999969482422,134.0500030517578,134.5500030517578,9456244
2019-06-24,134.6999969482422,136.0,133.75,135.60000610351562,5918107
2019-06-25,135.9499969482422,139.6999969482422,135.14999389648438,138.4499969482422,18761799
2019-06-26,139.5,141.89999389648438,139.3000030517578,140.0500030517578,24643824
2019-06-27,141.0500030517578,142.0,139.0500030517578,140.14999389648438,38789825
2019-06-28,140.10000610351562,141.85000610351562,139.5,141.35000610351562,10648757
2019-07-01,142.1999969482422,145.85000610351562,138.64999389648438,142.5500030517578,31289422
2019-07-02,143.0,144.39999389648438,142.5500030517578,142.9499969482422,8847109
2019-07-03,143.85000610351562,144.39999389648438,142.64999389648438,143.25,6947927
2019-07-04,144.4499969482422,144.4499969482422,142.35000610351562,143.4499969482422,5792826
2019-07-05,142.8000030517578,143.8000030517578,135.39999389648438,136.5,21459265
2019-07-08,136.60000610351562,136.60000610351562,128.5500030517578,129.60000610351562,20404790
2019-07-09,128.4499969482422,132.0,127.5999984741211,129.5500030517578,19374808
2019-07-10,129.0,131.0,128.64999389648438,129.0500030517578,9141198
2019-07-11,130.25,130.89999389648438,128.60000610351562,128.9499969482422,6669919
2019-07-12,129.85000610351562,132.4499969482422,126.44999694824219,127.80000305175781,21467991
2019-07-15,128.0,128.9499969482422,127.30000305175781,127.94999694824219,5852788
2019-07-16,128.8000030517578,131.39999389648438,128.0,130.9499969482422,11313969
2019-07-17,131.60000610351562,132.14999389648438,128.6999969482422,129.10000610351562,10958942
2019-07-18,130.10000610351562,130.9499969482422,126.4000015258789,127.05000305175781,18049102
2019-07-19,127.94999694824219,131.0,126.05000305175781,129.89999389648438,33840376
2019-07-22,130.5,132.64999389648438,127.6500015258789,130.85000610351562,15870663
2019-07-23,131.4499969482422,133.4499969482422,130.5,133.0500030517578,9840729
2019-07-24,133.5500030517578,133.5500030517578,130.6999969482422,131.85000610351562,10421947
2019-07-25,132.0,132.85000610351562,128.39999389648438,129.75,29337351
2019-07-26,130.39999389648438,130.39999389648438,128.25,128.8000030517578,11411885
2019-07-29,128.0,128.8000030517578,126.75,127.30000305175781,22168687
2019-07-30,126.6500015258789,128.64999389648438,126.0999984741211,127.19999694824219,16228044
2019-07-31,126.19999694824219,127.3499984741211,125.5,126.55000305175781,14557889
2019-08-01,126.4000015258789,127.75,125.1500015258789,126.8499984741211,11138203
2019-08-02,126.19999694824219,126.9000015258789,122.44999694824219,123.0999984741211,21851409
2019-08-05,122.4000015258789,123.44999694824219,120.44999694824219,121.0,8713907
2019-08-06,120.0,124.9000015258789,119.75,123.3499984741211,13232442
2019-08-07,123.0,124.94999694824219,122.0999984741211,123.05000305175781,13132981
2019-08-08,123.1500015258789,125.1500015258789,122.19999694824219,124.6500015258789,8227791
2019-08-09,124.5999984741211,126.6500015258789,123.1500015258789,123.9000015258789,10566552
2019-08-13,123.0,123.0,114.75,117.1500015258789,25954194
2019-08-14,117.25,119.0,116.55000305175781,117.5999984741211,8641527
2019-08-16,117.4000015258789,119.30000305175781,116.5999984741211,117.80000305175781,10992249
2019-08-19,118.3499984741211,120.44999694824219,117.5999984741211,118.9000015258789,9653434
2019-08-20,119.0,120.25,117.3499984741211,117.94999694824219,7758935
2019-08-21,118.0,119.5999984741211,117.44999694824219,117.9000015258789,12842739
2019-08-22,118.0,118.4000015258789,113.8499984741211,114.75,16991585
2019-08-23,115.0,118.94999694824219,114.0999984741211,118.5,9284204
2019-08-26,119.0,120.5999984741211,117.69999694824219,120.05000305175781,11965007
2019-08-27,120.1500015258789,125.4000015258789,120.1500015258789,123.19999694824219,22238086
2019-08-28,123.80000305175781,124.69999694824219,119.44999694824219,119.9000015258789,11905383
2019-08-29,118.75,124.1500015258789,117.9000015258789,123.0999984741211,38336134
2019-08-30,122.9000015258789,123.6500015258789,115.5999984741211,121.6500015258789,18833819
2019-09-03,121.94999694824219,121.94999694824219,117.1500015258789,117.6500015258789,7635093
2019-09-04,118.0,119.9000015258789,116.6500015258789,119.44999694824219,7299231
2019-09-05,119.8499984741211,129.64999389648438,119.8499984741211,123.44999694824219,19432303
2019-09-06,123.44999694824219,127.80000305175781,123.30000305175781,127.0,11891983
2019-09-09,127.30000305175781,127.94999694824219,125.19999694824219,126.3499984741211,5303272
2019-09-11,126.5,127.55000305175781,123.8499984741211,124.5,5473674
2019-09-12,124.0,124.75,121.5999984741211,122.25,8444053
2019-09-13,122.3499984741211,124.30000305175781,121.25,124.05000305175781,7509999
2019-09-16,123.3499984741211,124.1500015258789,121.8499984741211,123.25,5593727
2019-09-17,122.8499984741211,123.1500015258789,120.55000305175781,120.9000015258789,5663425
2019-09-18,121.55000305175781,122.8499984741211,119.6500015258789,122.5,8627190
2019-09-19,122.94999694824219,122.94999694824219,120.0999984741211,121.69999694824219,6031946
2019-09-20,121.05000305175781,125.4000015258789,118.5,119.8499984741211,34008081
2019-09-23,121.0999984741211,121.5999984741211,114.05000305175781,116.05000305175781,33355557
2019-09-24,116.30000305175781,116.80000305175781,114.3499984741211,115.1500015258789,20864605
2019-09-25,115.5999984741211,118.5999984741211,115.05000305175781,116.9000015258789,18851203
2019-09-26,117.25,118.69999694824219,115.94999694824219,116.55000305175781,21458595
2019-09-27,117.9000015258789,119.0999984741211,116.30000305175781,117.05000305175781,9325734
2019-09-30,117.0999984741211,118.19999694824219,115.75,117.5,12045142
2019-10-01,118.0,118.9000015258789,116.25,117.05000305175781,9718865
2019-10-03,117.55000305175781,117.55000305175781,114.5999984741211,116.75,10477900
2019-10-04,117.30000305175781,120.5,116.5,117.4000015258789,20289650
2019-10-07,117.44999694824219,117.94999694824219,114.69999694824219,115.94999694824219,14111765
2019-10-09,116.0,118.0,115.4000015258789,117.25,8413122
2019-10-10,117.19999694824219,117.5,116.3499984741211,117.25,6885340
2019-10-11,117.19999694824219,118.3499984741211,115.9000015258789,116.69999694824219,9176578
2019-10-14,116.55000305175781,118.1500015258789,116.19999694824219,117.75,12146203
2019-10-15,117.0,119.80000305175781,117.0,119.4000015258789,7630007
2019-10-16,118.80000305175781,119.80000305175781,116.9000015258789,117.4000015258789,10206387
2019-10-17,117.69999694824219,119.19999694824219,116.94999694824219,118.69999694824219,10163035
2019-10-18,118.80000305175781,121.5,118.4000015258789,121.05000305175781,16961782
2019-10-22,121.6500015258789,121.6500015258789,119.94999694824219,120.9000015258789,12091476
2019-10-23,120.25,121.69999694824219,120.25,121.05000305175781,6580501
2019-10-24,122.0,122.0,119.19999694824219,120.19999694824219,8009018
2019-10-25,120.8499984741211,120.8499984741211,118.19999694824219,118.5,8505881
2019-10-27,119.0,119.0999984741211,118.55000305175781,118.80000305175781,312098
2019-10-29,118.69999694824219,120.3499984741211,117.5999984741211,119.9000015258789,8581053
2019-10-30,121.0,121.75,119.25,120.94999694824219,12119474
2019-10-31,121.5,124.19999694824219,120.80000305175781,122.4000015258789,16511583
2019-11-01,123.0,123.19999694824219,121.0999984741211,121.5,4170369
2019-11-04,121.6500015258789,122.5999984741211,119.9000015258789,120.55000305175781,7894331
2019-11-05,120.19999694824219,121.5,119.55000305175781,120.5999984741211,6156847
2019-11-06,120.0999984741211,121.75,119.94999694824219,120.6500015258789,5317553
2019-11-07,121.1500015258789,121.19999694824219,119.0999984741211,119.55000305175781,6794239
2019-11-08,119.0999984741211,119.3499984741211,117.0,117.4000015258789,9771715
2019-11-11,118.94999694824219,121.75,117.75,118.25,22943443
2019-11-13,117.9000015258789,119.25,117.55000305175781,118.30000305175781,12220298
2019-11-14,118.5,119.1500015258789,117.55000305175781,118.55000305175781,5208393
2019-11-15,118.55000305175781,118.8499984741211,116.94999694824219,117.3499984741211,4650424
2019-11-18,117.05000305175781,117.8499984741211,116.80000305175781,117.44999694824219,4727251
2019-11-19,117.75,118.30000305175781,116.80000305175781,117.3499984741211,7577320
2019-11-20,117.30000305175781,117.5999984741211,116.05000305175781,117.05000305175781,10033434
2019-11-21,117.4000015258789,117.4000015258789,114.80000305175781,115.30000305175781,15099980
2019-11-22,116.94999694824219,119.19999694824219,116.94999694824219,117.80000305175781,13934099
2019-11-25,118.0,118.4000015258789,117.0999984741211,118.0999984741211,10863475
2019-11-26,118.0999984741211,118.9000015258789,116.19999694824219,116.6500015258789,14426269
2019-11-27,116.80000305175781,117.30000305175781,115.44999694824219,115.75,5455521
2019-11-28,116.1500015258789,116.25,115.05000305175781,115.55000305175781,10014250
2019-11-29,116.0,117.5999984741211,115.5,116.3499984741211,7014266
2019-12-02,115.75,116.30000305175781,115.0999984741211,115.30000305175781,6609154
2019-12-03,115.0999984741211,115.80000305175781,114.4000015258789,114.55000305175781,6614178
2019-12-04,115.05000305175781,115.30000305175781,114.0,114.80000305175781,4444594
2019-12-05,114.75,115.25,113.8499984741211,114.0999984741211,2537275
2019-12-06,114.69999694824219,114.69999694824219,112.19999694824219,112.6500015258789,3836996
2019-12-09,113.19999694824219,113.19999694824219,111.5,112.69999694824219,7866941
2019-12-10,112.5,113.1500015258789,109.69999694824219,110.0,18958648
2019-12-11,110.5,113.80000305175781,110.0999984741211,113.0,8746687
2019-12-12,113.55000305175781,114.94999694824219,113.19999694824219,114.44999694824219,3850652
2019-12-13,115.05000305175781,116.1500015258789,114.5,115.6500015258789,4293299
2019-12-16,116.19999694824219,116.30000305175781,114.5999984741211,114.94999694824219,3659151
2019-12-17,114.94999694824219,115.94999694824219,113.5999984741211,115.55000305175781,6241009
2019-12-18,115.0,116.25,113.80000305175781,114.1500015258789,8626400
2019-12-19,114.0,114.4000015258789,112.8499984741211,114.05000305175781,5995825
2019-12-20,114.05000305175781,115.4000015258789,113.80000305175781,114.69999694824219,5813877
2019-12-23,114.19999694824219,115.4000015258789,113.80000305175781,114.5999984741211,13980109
2019-12-24,114.5,115.80000305175781,114.5,115.19999694824219,7929835
2019-12-26,115.1500015258789,118.30000305175781,114.0,116.4000015258789,12763347
2019-12-27,116.30000305175781,117.19999694824219,115.75,116.8499984741211,4474934
2019-12-30,116.8499984741211,117.6500015258789,116.3499984741211,116.55000305175781,4193724
2019-12-31,116.55000305175781,119.69999694824219,116.3499984741211,119.05000305175781,12438719
2020-01-01,119.05000305175781,122.0,118.25,121.55000305175781,9953746
2020-01-02,121.5,122.1500015258789,120.5999984741211,121.4000015258789,8731299
2020-01-03,121.0,121.3499984741211,119.0999984741211,119.3499984741211,7392962
2020-01-06,119.0,119.1500015258789,116.5,118.9000015258789,6596841
2020-01-07,119.25,121.55000305175781,119.25,120.55000305175781,8959942
2020-01-08,119.69999694824219,120.75,117.55000305175781,119.94999694824219,6372683
2020-01-09,120.5,121.19999694824219,118.9000015258789,119.3499984741211,8309627
2020-01-10,119.94999694824219,121.80000305175781,119.05000305175781,120.30000305175781,5588344
2020-01-13,120.4000015258789,122.0,120.0999984741211,121.75,3534313
2020-01-14,121.75,124.0,121.3499984741211,123.5,8631692
2020-01-15,123.0,125.0,122.3499984741211,123.8499984741211,6537916
2020-01-16,123.4000015258789,123.4000015258789,120.94999694824219,121.44999694824219,8806007
2020-01-17,121.44999694824219,121.69999694824219,120.5999984741211,121.19999694824219,6811534
2020-01-20,121.0,121.75,117.80000305175781,118.25,10655638
2020-01-21,118.4000015258789,119.55000305175781,116.94999694824219,117.1500015258789,5150830
2020-01-22,114.94999694824219,115.75,111.5,112.1500015258789,19388739
2020-01-23,112.5999984741211,114.44999694824219,112.30000305175781,113.5,22793170
2020-01-24,114.0,116.30000305175781,113.55000305175781,114.75,9898052
2020-01-27,115.0,115.30000305175781,112.5999984741211,113.1500015258789,5597365
2020-01-28,113.75,113.75,110.9000015258789,112.05000305175781,12128081
2020-01-29,112.0999984741211,114.9000015258789,111.75,113.19999694824219,18501507
2020-01-30,113.44999694824219,114.80000305175781,112.05000305175781,113.6500015258789,18545239
2020-01-31,113.75,115.25,111.5,112.8499984741211,64518347
2020-02-03,109.44999694824219,111.6500015258789,107.19999694824219,110.25,14889516
2020-02-04,110.3499984741211,112.30000305175781,110.25,112.0,9743806
2020-02-05,111.30000305175781,112.5999984741211,110.5,111.19999694824219,10671590
2020-02-06,110.5,112.5,110.5,112.0,11852617
2020-02-07,112.4000015258789,116.25,112.30000305175781,115.5999984741211,18446803
2020-02-10,115.80000305175781,115.9000015258789,112.05000305175781,113.5,31637511
2020-02-11,114.5,117.55000305175781,114.0999984741211,116.8499984741211,20937033
2020-02-12,117.0,118.9000015258789,116.4000015258789,116.80000305175781,13679292
2020-02-13,116.80000305175781,117.0999984741211,114.69999694824219,115.1500015258789,20903696
2020-02-14,114.80000305175781,115.5,111.9000015258789,112.69999694824219,23827224
2020-02-17,113.0999984741211,113.75,109.19999694824219,110.30000305175781,22137354
2020-02-18,109.5999984741211,110.9000015258789,103.80000305175781,109.5999984741211,34458578
2020-02-19,112.30000305175781,113.75,110.4000015258789,112.05000305175781,17935374
2020-02-20,111.69999694824219,112.4000015258789,110.94999694824219,111.3499984741211,19663654
2020-02-24,110.75,110.75,108.8499984741211,109.69999694824219,11370193
2020-02-25,110.9000015258789,112.44999694824219,109.6500015258789,110.0999984741211,10775289
2020-02-26,110.0,111.55000305175781,108.25,109.0999984741211,14998071
2020-02-27,109.19999694824219,110.30000305175781,106.6500015258789,109.05000305175781,22610691
2020-02-28,106.6500015258789,110.19999694824219,105.3499984741211,106.55000305175781,25696761
2020-03-02,109.3499984741211,110.0,102.69999694824219,103.9000015258789,15614944
2020-03-03,104.6500015258789,109.94999694824219,104.30000305175781,108.9000015258789,17194661
2020-03-04,108.6500015258789,111.0,107.5,107.94999694824219,17095867
2020-03-05,108.0999984741211,109.6500015258789,107.05000305175781,107.8499984741211,11579256
2020-03-06,104.75,107.19999694824219,102.9000015258789,105.1500015258789,13533444
2020-03-09,104.0,104.4000015258789,99.55000305175781,102.9000015258789,47383195
2020-03-11,103.0,104.80000305175781,101.5,103.05000305175781,28434577
2020-03-12,99.0,100.0,93.25,94.3499984741211,47225243
2020-03-13,90.0,100.75,81.25,98.05000305175781,49533058
2020-03-16,96.0,96.0,88.25,90.80000305175781,34649740
2020-03-17,91.0,95.9000015258789,86.3499984741211,88.0999984741211,21241388
2020-03-18,89.0,90.3499984741211,74.9000015258789,80.55000305175781,88654467
2020-03-19,78.55000305175781,84.94999694824219,75.05000305175781,78.3499984741211,33846928
2020-03-20,78.5,82.3499984741211,76.3499984741211,81.25,58499591
2020-03-23,74.9000015258789,80.0,73.19999694824219,76.4000015258789,37653540
2020-03-24,78.0999984741211,79.5999984741211,75.05000305175781,77.55000305175781,13742927
2020-03-25,78.0,80.5,75.30000305175781,79.69999694824219,16472741
2020-03-26,82.0,82.19999694824219,76.4000015258789,79.6500015258789,39959613
2020-03-27,82.5,84.4000015258789,80.25,83.0,39345541
2020-03-30,79.9000015258789,83.5,79.19999694824219,81.75,17043895
2020-03-31,82.75,84.80000305175781,81.1500015258789,84.19999694824219,28293281
2020-04-01,84.30000305175781,84.3499984741211,80.5999984741211,81.0,14355207
2020-04-03,82.05000305175781,82.0999984741211,78.8499984741211,79.55000305175781,18310156
2020-04-07,81.5999984741211,82.05000305175781,80.0999984741211,81.55000305175781,47686619
2020-04-08,81.55000305175781,86.80000305175781,80.30000305175781,85.19999694824219,38072700
2020-04-09,88.3499984741211,88.3499984741211,85.30000305175781,87.0999984741211,9322342
2020-04-13,87.0999984741211,89.1500015258789,84.75,88.6500015258789,33266662
2020-04-15,88.94999694824219,94.19999694824219,88.69999694824219,89.9000015258789,24127975
2020-04-16,87.25,96.30000305175781,87.0,95.0999984741211,20876392
2020-04-17,101.0,101.0,95.0,95.5,16969641
2020-04-20,97.0,99.30000305175781,93.4000015258789,98.9000015258789,17639066
2020-04-21,96.5,98.4000015258789,95.55000305175781,97.30000305175781,15085097
2020-04-22,97.30000305175781,98.6500015258789,94.9000015258789,97.5999984741211,10342633
2020-04-23,97.44999694824219,97.69999694824219,94.55000305175781,95.19999694824219,14078729
2020-04-24,94.75,96.3499984741211,91.94999694824219,93.4000015258789,10148964
2020-04-27,94.4000015258789,94.4000015258789,91.9000015258789,92.3499984741211,22675928
2020-04-28,92.1500015258789,92.9000015258789,88.6500015258789,90.3499984741211,19815445
2020-04-29,91.44999694824219,92.3499984741211,89.75,90.19999694824219,21550996
2020-04-30,91.3499984741211,97.0,90.4000015258789,95.05000305175781,15151435
2020-05-04,91.05000305175781,93.6500015258789,90.5,91.44999694824219,10305663
2020-05-05,92.19999694824219,94.94999694824219,91.3499984741211,92.5999984741211,10628539
2020-05-06,92.94999694824219,95.44999694824219,92.19999694824219,94.69999694824219,10232281
2020-05-07,94.0999984741211,94.4000015258789,90.1500015258789,90.44999694824219,8449705
2020-05-08,91.0,92.44999694824219,85.75,87.0,28174665
2020-05-11,88.19999694824219,89.44999694824219,85.8499984741211,86.6500015258789,12243824
2020-05-12,86.5,93.25,85.6500015258789,91.6500015258789,18124894
2020-05-13,94.94999694824219,98.5,92.6500015258789,93.05000305175781,19037031
2020-05-14,93.30000305175781,93.5,87.5,89.3499984741211,39115884
2020-05-15,90.0,91.80000305175781,89.19999694824219,90.8499984741211,16925981
2020-05-18,90.5,90.5,87.8499984741211,88.9000015258789,11368562
2020-05-19,89.5999984741211,91.9000015258789,88.19999694824219,91.05000305175781,12262118
2020-05-20,89.9000015258789,93.4000015258789,89.30000305175781,92.9000015258789,10126022
2020-05-21,92.1500015258789,92.6500015258789,89.80000305175781,90.25,20143324
2020-05-22,89.9000015258789,91.19999694824219,88.3499984741211,90.94999694824219,9392095
2020-05-26,90.1500015258789,93.4000015258789,90.1500015258789,93.0,12350762
2020-05-27,93.0,95.19999694824219,91.1500015258789,94.69999694824219,11684730
2020-05-28,95.25,96.5,94.5,95.69999694824219,12156645
2020-05-29,94.69999694824219,98.8499984741211,94.30000305175781,97.8499984741211,19891080
2020-06-01,98.4000015258789,99.6500015258789,97.1500015258789,97.9000015258789,10106253
2020-06-02,98.75,98.94999694824219,96.05000305175781,96.75,18170659
2020-06-03,97.75,97.80000305175781,94.4000015258789,94.69999694824219,23102350
2020-06-04,94.1500015258789,95.5,92.75,95.1500015258789,12827335
2020-06-05,95.0,98.19999694824219,94.1500015258789,97.94999694824219,11744302
2020-06-08,98.94999694824219,100.19999694824219,97.75,98.55000305175781,14168383
2020-06-09,99.0,99.69999694824219,97.19999694824219,98.0,14232434
2020-06-10,98.1500015258789,100.1500015258789,97.25,98.1500015258789,12104423
2020-06-11,98.1500015258789,99.69999694824219,96.80000305175781,98.05000305175781,10258905
2020-06-12,94.5,97.94999694824219,94.30000305175781,96.9000015258789,10925477
2020-06-15,96.69999694824219,96.94999694824219,92.5999984741211,93.19999694824219,10980359
2020-06-16,94.94999694824219,95.0999984741211,92.25,92.80000305175781,8757035
2020-06-17,92.94999694824219,93.0999984741211,90.8499984741211,91.5,17081311
2020-06-18,91.80000305175781,94.30000305175781,89.9000015258789,92.69999694824219,16520026
2020-06-19,93.05000305175781,94.05000305175781,92.4000015258789,93.0,13836691
2020-06-22,94.0999984741211,95.8499984741211,93.3499984741211,95.30000305175781,18868376
2020-06-23,95.0999984741211,101.1500015258789,95.0,100.75,20331626
2020-06-24,102.0,103.80000305175781,96.75,97.05000305175781,24055051
2020-06-25,97.05000305175781,98.55000305175781,94.3499984741211,96.0999984741211,69278017
2020-06-26,96.4000015258789,97.4000015258789,95.55000305175781,97.0,15572219
2020-06-29,97.6500015258789,98.05000305175781,94.44999694824219,94.9000015258789,18130595
2020-06-30,97.0,97.75,95.19999694824219,95.80000305175781,18496305
2020-07-01,94.69999694824219,94.69999694824219,92.30000305175781,93.5999984741211,21639137
2020-07-02,94.5,94.5,93.1500015258789,93.4000015258789,14333457
2020-07-03,93.5999984741211,95.3499984741211,92.75,94.5,15274841
2020-07-06,95.9000015258789,96.4000015258789,94.8499984741211,95.19999694824219,11830916
2020-07-07,95.4000015258789,95.44999694824219,92.25,92.55000305175781,18786009
2020-07-08,92.8499984741211,92.8499984741211,90.8499984741211,91.0,26256635
2020-07-09,91.30000305175781,92.0,90.80000305175781,91.19999694824219,11910945
2020-07-10,91.19999694824219,91.30000305175781,89.75,90.4000015258789,12213053
2020-07-13,91.05000305175781,92.8499984741211,89.5,89.9000015258789,17508551
2020-07-14,89.80000305175781,89.9000015258789,87.4000015258789,87.6500015258789,14240946
2020-07-15,88.30000305175781,89.75,87.75,88.05000305175781,11582839
2020-07-16,88.19999694824219,88.4000015258789,85.8499984741211,86.75,10152592
2020-07-17,87.19999694824219,88.6500015258789,87.0,88.30000305175781,12238969
2020-07-20,88.9000015258789,88.9000015258789,87.0,87.1500015258789,12349129
2020-07-21,88.0,88.6500015258789,86.80000305175781,88.3499984741211,20118152
2020-07-22,88.75,92.5999984741211,88.69999694824219,90.3499984741211,31321718
2020-07-23,90.9000015258789,91.5999984741211,90.25,90.55000305175781,11161294
2020-07-24,90.30000305175781,90.5,88.55000305175781,89.4000015258789,11352904
2020-07-27,89.55000305175781,89.5999984741211,87.25,87.6500015258789,10071266
2020-07-28,87.9000015258789,88.80000305175781,86.9000015258789,88.55000305175781,13888285
2020-07-29,88.5,89.6500015258789,87.9000015258789,88.1500015258789,10732504
2020-07-30,88.55000305175781,89.0,86.0999984741211,86.5999984741211,10668042
2020-07-31,86.9000015258789,87.5999984741211,86.30000305175781,87.0,7906179
2020-08-03,87.19999694824219,87.19999694824219,85.0,85.5999984741211,14158505
2020-08-04,86.5,87.0,85.3499984741211,85.5999984741211,19621505
2020-08-05,85.9000015258789,86.5999984741211,85.4000015258789,85.9000015258789,9478990
2020-08-06,86.5,87.44999694824219,85.5999984741211,86.1500015258789,12208873
2020-08-07,86.19999694824219,86.69999694824219,85.3499984741211,85.80000305175781,10339288
2020-08-10,86.80000305175781,88.69999694824219,86.1500015258789,88.19999694824219,12215464
2020-08-11,89.0,89.5999984741211,87.80000305175781,88.25,11180265
2020-08-12,88.0,89.1500015258789,87.05000305175781,88.69999694824219,14803880
2020-08-13,87.4000015258789,87.5,86.5,87.25,13723113
2020-08-14,87.3499984741211,89.8499984741211,86.69999694824219,88.4000015258789,25402282
2020-08-17,89.4000015258789,96.5,89.4000015258789,95.30000305175781,115111358
2020-08-18,96.19999694824219,97.80000305175781,94.05000305175781,95.05000305175781,52023697
2020-08-19,96.0,96.5,94.25,94.6500015258789,21840924
2020-08-20,94.5999984741211,101.9000015258789,94.25,101.0999984741211,112338263
2020-08-21,102.69999694824219,107.8499984741211,101.5999984741211,105.94999694824219,107862545
2020-08-24,107.0999984741211,108.0,103.75,105.4000015258789,49154455
2020-08-25,106.0,107.4000015258789,103.19999694824219,103.80000305175781,50940674
2020-08-26,104.5999984741211,104.5999984741211,101.5999984741211,102.80000305175781,30828711
2020-08-27,103.19999694824219,103.9000015258789,102.0,102.5999984741211,19363725
2020-08-28,103.1500015258789,104.25,101.25,101.55000305175781,21358972
2020-08-31,102.5999984741211,102.69999694824219,95.5,96.4000015258789,40298594
2020-09-01,97.5,101.1500015258789,96.5,99.80000305175781,44304572
2020-09-02,99.80000305175781,100.5,98.30000305175781,98.94999694824219,20904846
2020-09-03,99.0,99.69999694824219,96.9000015258789,97.69999694824219,19004282
2020-09-04,96.05000305175781,97.44999694824219,94.0,94.69999694824219,27339411
2020-09-07,94.80000305175781,96.0,92.05000305175781,92.4000015258789,28474893
2020-09-08,93.25,93.25,90.30000305175781,90.6500015258789,31186005
2020-09-09,90.0999984741211,91.25,88.5,90.4000015258789,28307198
2020-09-10,91.0,91.5,89.25,90.55000305175781,27263673
2020-09-11,90.19999694824219,90.9000015258789,89.44999694824219,90.0999984741211,18190992
2020-09-14,90.4000015258789,91.94999694824219,89.75,90.8499984741211,22533738
2020-09-15,90.9000015258789,92.75,90.55000305175781,91.0999984741211,26866105
2020-09-16,91.5999984741211,91.5999984741211,89.30000305175781,89.6500015258789,20778500
2020-09-17,89.05000305175781,89.44999694824219,88.30000305175781,88.6500015258789,21804215
2020-09-18,89.05000305175781,91.0999984741211,88.69999694824219,90.55000305175781,44757908
2020-09-21,91.1500015258789,91.3499984741211,87.3499984741211,88.30000305175781,17714694
2020-09-22,88.30000305175781,89.55000305175781,85.30000305175781,87.69999694824219,25113194
2020-09-23,87.6500015258789,88.1500015258789,84.19999694824219,85.0999984741211,24107408
2020-09-24,84.0999984741211,85.6500015258789,82.1500015258789,82.6500015258789,17724521
2020-09-25,83.3499984741211,85.1500015258789,82.3499984741211,84.80000305175781,15999517
2020-09-28,85.5999984741211,88.25,85.0999984741211,87.5,22735756
2020-09-29,88.5,88.9000015258789,84.6500015258789,85.1500015258789,21328822
2020-09-30,85.5999984741211,85.8499984741211,83.4000015258789,85.0999984741211,18475452
2020-10-01,85.80000305175781,85.80000305175781,84.5,84.9000015258789,18244405
2020-10-05,85.0,85.44999694824219,83.80000305175781,84.44999694824219,15677842
2020-10-06,84.44999694824219,84.6500015258789,83.6500015258789,84.1500015258789,13094249
2020-10-07,84.19999694824219,84.25,82.25,82.80000305175781,19056844
2020-10-08,83.0999984741211,83.3499984741211,82.3499984741211,82.5999984741211,11961568
2020-10-09,82.8499984741211,83.1500015258789,81.6500015258789,82.9000015258789,18016087
2020-10-12,83.6500015258789,84.55000305175781,82.4000015258789,82.75,11714109
2020-10-13,82.80000305175781,83.4000015258789,82.4000015258789,82.6500015258789,11503196
2020-10-14,82.80000305175781,83.05000305175781,78.0999984741211,79.0999984741211,47114322
2020-10-15,79.0999984741211,80.5,78.5,79.0,20107413
2020-10-16,79.0,80.5,78.44999694824219,80.30000305175781,16578267
2020-10-19,80.94999694824219,83.1500015258789,80.5,81.6500015258789,21839955
2020-10-20,81.6500015258789,81.94999694824219,80.30000305175781,80.6500015258789,14238188
2020-10-21,81.44999694824219,83.80000305175781,80.6500015258789,82.30000305175781,38563701
2020-10-22,82.30000305175781,85.9000015258789,81.4000015258789,84.6500015258789,34256481
2020-10-23,86.0,86.5999984741211,84.5,86.25,46258872
2020-10-26,87.0999984741211,88.0,84.30000305175781,85.94999694824219,34724632
2020-10-27,88.80000305175781,90.05000305175781,87.05000305175781,89.44999694824219,95412168
2020-10-28,89.44999694824219,90.6500015258789,87.5,88.0999984741211,44763206
2020-10-29,87.0,88.5,86.0,86.5,41912944
2020-10-30,86.9000015258789,88.75,86.30000305175781,87.5999984741211,40735912
2020-11-02,88.30000305175781,89.5999984741211,87.94999694824219,89.19999694824219,31922062
2020-11-03,91.44999694824219,92.0,83.05000305175781,85.94999694824219,118128168
2020-11-04,86.1500015258789,87.0999984741211,84.5,85.0999984741211,47519427
2020-11-05,85.8499984741211,87.0,85.5999984741211,86.80000305175781,41267817
2020-11-06,87.19999694824219,88.75,86.9000015258789,87.30000305175781,46143960
2020-11-09,88.6500015258789,89.8499984741211,87.69999694824219,89.44999694824219,42703600
2020-11-10,89.80000305175781,91.75,89.55000305175781,91.5,43483223
2020-11-11,92.0,93.5,91.69999694824219,92.9000015258789,51801855
2020-11-12,92.4000015258789,92.5999984741211,90.4000015258789,90.80000305175781,33374610
2020-11-13,90.0,92.3499984741211,89.19999694824219,91.44999694824219,24025139
2020-11-14,90.55000305175781,92.4000015258789,90.30000305175781,90.9000015258789,12521960
2020-11-17,91.75,92.4000015258789,88.25,88.69999694824219,55324429
2020-11-18,88.69999694824219,89.55000305175781,88.0999984741211,88.30000305175781,37574681
2020-11-19,88.4000015258789,91.9000015258789,88.0,89.80000305175781,55196018
2020-11-20,90.25,92.0999984741211,89.9000015258789,91.80000305175781,47670803
2020-11-23,92.9000015258789,94.4000015258789,92.0,93.6500015258789,54262598
2020-11-24,94.25,94.80000305175781,93.75,94.1500015258789,35713773
2020-11-25,94.44999694824219,94.9000015258789,92.8499984741211,93.94999694824219,32464332
2020-11-26,93.94999694824219,94.80000305175781,93.4000015258789,94.0999984741211,30825401
2020-11-27,95.75,97.05000305175781,91.80000305175781,94.69999694824219,216981706
2020-12-01,94.69999694824219,96.19999694824219,93.44999694824219,93.75,35330973
2020-12-02,94.6500015258789,95.19999694824219,93.80000305175781,94.80000305175781,27650080
2020-12-03,95.8499984741211,99.1500015258789,95.30000305175781,98.55000305175781,43841111
2020-12-04,99.19999694824219,99.80000305175781,97.5,98.55000305175781,34813873
2020-12-07,99.0,101.1500015258789,98.69999694824219,99.75,27049393
2020-12-08,100.55000305175781,100.8499984741211,97.80000305175781,98.19999694824219,30386160
2020-12-09,99.25,99.9000015258789,97.9000015258789,98.30000305175781,24061383
2020-12-10,98.4000015258789,99.3499984741211,96.5,97.1500015258789,25985382
2020-12-11,97.9000015258789,102.9000015258789,97.6500015258789,102.4000015258789,63463638
2020-12-14,103.44999694824219,105.3499984741211,103.0,104.5999984741211,45802433
2020-12-15,105.0999984741211,106.4000015258789,102.8499984741211,105.8499984741211,52215593
2020-12-16,106.94999694824219,107.25,104.55000305175781,104.9000015258789,25184934
2020-12-17,105.6500015258789,105.6500015258789,104.0,104.44999694824219,16840984
2020-12-18,104.55000305175781,104.80000305175781,102.8499984741211,103.75,33596568
2020-12-21,103.69999694824219,103.94999694824219,94.75,97.5,34210970
2020-12-22,97.3499984741211,99.80000305175781,96.5,98.9000015258789,29181188
2020-12-23,99.05000305175781,99.4000015258789,97.80000305175781,98.55000305175781,17602151
2020-12-24,99.30000305175781,101.5,99.0,99.94999694824219,23052394
2020-12-28,100.8499984741211,101.55000305175781,100.0,100.44999694824219,15454893
2020-12-29,100.5,101.05000305175781,97.94999694824219,98.5999984741211,23647197
2020-12-30,99.0,99.6500015258789,98.19999694824219,99.0999984741211,30281285
2020-12-31,98.0999984741211,100.25,98.0,99.3499984741211,50363279
2021-01-01,99.94999694824219,100.19999694824219,98.80000305175781,99.05000305175781,13493039
2021-01-04,99.75,100.0,98.5,99.05000305175781,22325584
2021-01-05,98.4000015258789,98.4000015258789,97.0,97.5999984741211,23510160
2021-01-06,98.0,99.0,97.25,97.8499984741211,21952878
2021-01-07,98.0999984741211,98.5,96.8499984741211,97.0,24999580
2021-01-08,97.5999984741211,100.5,97.3499984741211,100.1500015258789,43240591
2021-01-11,100.75,101.25,98.69999694824219,99.0,22036573
2021-01-12,99.0,101.0,98.30000305175781,100.1500015258789,24262426
2021-01-13,100.25,104.3499984741211,100.1500015258789,102.55000305175781,49236964
2021-01-14,103.69999694824219,103.8499984741211,101.69999694824219,102.19999694824219,29301114
2021-01-15,102.5,103.5999984741211,99.9000015258789,100.44999694824219,24067229
2021-01-18,100.44999694824219,100.9000015258789,96.80000305175781,97.55000305175781,23613664
2021-01-19,98.0,100.8499984741211,97.55000305175781,99.6500015258789,22934496
2021-01-20,99.5999984741211,99.69999694824219,98.0,98.30000305175781,25599184
2021-01-21,98.69999694824219,99.1500015258789,95.5999984741211,96.0999984741211,22667011
2021-01-22,96.30000305175781,96.5,92.9000015258789,94.05000305175781,26029669
2021-01-25,95.05000305175781,95.30000305175781,92.69999694824219,93.19999694824219,18599824
2021-01-27,93.0,93.0999984741211,90.80000305175781,91.30000305175781,22812859
2021-01-28,90.80000305175781,92.6500015258789,90.3499984741211,91.5999984741211,32227832
2021-01-29,92.0,92.5999984741211,88.1500015258789,88.94999694824219,36962884
2021-02-01,89.3499984741211,92.4000015258789,88.4000015258789,92.0,29033297
2021-02-02,92.9000015258789,95.3499984741211,92.9000015258789,94.1500015258789,29279584
2021-02-03,95.0999984741211,98.0999984741211,94.30000305175781,96.94999694824219,31420256
2021-02-04,97.30000305175781,100.19999694824219,97.0,99.05000305175781,39264443
2021-02-05,100.4000015258789,102.0,98.1500015258789,99.5,54911202
2021-02-08,96.19999694824219,100.94999694824219,96.0999984741211,100.30000305175781,53737961
2021-02-09,100.4000015258789,101.19999694824219,99.5,99.94999694824219,28074809
2021-02-10,100.0,100.5,98.6500015258789,99.8499984741211,19070866
2021-02-11,97.9000015258789,97.9000015258789,96.25,97.30000305175781,18452535
2021-02-12,97.80000305175781,97.9000015258789,94.80000305175781,95.94999694824219,21660998
2021-02-15,96.44999694824219,96.69999694824219,95.0,95.19999694824219,12574055
2021-02-16,95.8499984741211,99.1500015258789,95.5,98.0,32865663
2021-02-17,97.8499984741211,100.1500015258789,97.0,99.3499984741211,28774857
2021-02-18,99.69999694824219,104.25,99.55000305175781,103.4000015258789,50705280
2021-02-19,103.6500015258789,106.75,101.4000015258789,104.19999694824219,61069583
2021-02-22,104.30000305175781,106.30000305175781,101.4000015258789,102.05000305175781,30636415
2021-02-23,102.1500015258789,104.1500015258789,100.55000305175781,103.4000015258789,31233104
2021-02-24,104.5,104.69999694824219,102.0999984741211,103.19999694824219,16153025
2021-02-25,103.5999984741211,110.19999694824219,103.0,108.0,68361756
2021-02-26,107.0999984741211,110.94999694824219,104.80000305175781,107.30000305175781,67331805
2021-03-01,109.5,109.80000305175781,107.1500015258789,108.44999694824219,27205189
2021-03-02,108.44999694824219,113.69999694824219,107.9000015258789,112.55000305175781,53649872
2021-03-03,114.44999694824219,114.69999694824219,112.0,112.69999694824219,31702057
2021-03-04,111.5,113.0,110.5,110.80000305175781,28057179
2021-03-05,111.0,112.3499984741211,108.4000015258789,108.69999694824219,24778407
2021-03-08,110.6500015258789,113.30000305175781,109.5,110.55000305175781,28163362
2021-03-09,111.4000015258789,111.8499984741211,107.44999694824219,109.5,20611697
2021-03-10,110.3499984741211,110.5999984741211,108.94999694824219,109.6500015258789,13207045
2021-03-12,111.0,112.0999984741211,108.5999984741211,109.0999984741211,21763020
2021-03-15,109.94999694824219,111.0,107.69999694824219,110.5,20350674
2021-03-16,110.55000305175781,111.44999694824219,109.30000305175781,109.55000305175781,15360040
2021-03-17,109.69999694824219,109.9000015258789,106.1500015258789,106.55000305175781,18850429
2021-03-18,107.4000015258789,108.25,103.19999694824219,103.80000305175781,20023557
2021-03-19,102.3499984741211,109.55000305175781,102.0,108.5,72249183
2021-03-22,108.80000305175781,110.55000305175781,106.8499984741211,109.8499984741211,31980425
2021-03-23,110.0,110.19999694824219,108.0999984741211,108.6500015258789,14060206
2021-03-24,108.0,109.4000015258789,105.5999984741211,106.0,15196366
2021-03-25,106.0,106.5,102.6500015258789,103.0,22543755
2021-03-26,105.75,105.75,103.69999694824219,104.19999694824219,17402475
2021-03-30,105.8499984741211,108.69999694824219,104.5999984741211,107.69999694824219,36129962
2021-03-31,107.69999694824219,109.0,106.0999984741211,106.55000305175781,23063667
2021-04-01,107.5,108.75,106.94999694824219,107.9000015258789,13753303
2021-04-05,107.4000015258789,107.80000305175781,103.75,106.30000305175781,15666099
2021-04-06,107.75,108.0999984741211,105.80000305175781,106.05000305175781,17393454
2021-04-07,106.9000015258789,107.3499984741211,105.25,105.44999694824219,15692013
2021-04-08,106.0,106.44999694824219,104.69999694824219,105.0,11394998
2021-04-09,105.94999694824219,105.94999694824219,102.4000015258789,102.80000305175781,19751417
2021-04-12,101.5,101.5,98.05000305175781,99.05000305175781,20221362
2021-04-13,99.5999984741211,101.1500015258789,99.25,100.5999984741211,19192856
2021-04-15,101.19999694824219,103.0,99.30000305175781,101.3499984741211,13865351
2021-04-16,101.9000015258789,102.9000015258789,100.5,102.44999694824219,14654851
2021-04-19,100.0,100.4000015258789,98.6500015258789,99.05000305175781,11652043
2021-04-20,99.19999694824219,100.9000015258789,98.1500015258789,99.05000305175781,16528675
2021-04-22,98.05000305175781,99.75,97.05000305175781,98.94999694824219,18614270
2021-04-23,98.0,103.0,98.0,102.55000305175781,29484794
2021-04-26,103.94999694824219,103.94999694824219,100.8499984741211,102.4000015258789,24369413
2021-04-27,102.05000305175781,103.55000305175781,101.69999694824219,102.05000305175781,17763436
2021-04-28,102.8499984741211,103.94999694824219,102.1500015258789,103.5999984741211,15160578
2021-04-29,104.5999984741211,105.0,102.6500015258789,103.05000305175781,11588556
2021-04-30,102.25,105.6500015258789,102.05000305175781,102.44999694824219,15321193
2021-05-03,101.4000015258789,104.5999984741211,101.05000305175781,104.25,12186212
2021-05-04,104.30000305175781,106.05000305175781,103.5,103.75,12992684
2021-05-05,104.75,105.6500015258789,102.80000305175781,103.9000015258789,14956169
2021-05-06,105.0,105.0999984741211,102.6500015258789,103.05000305175781,13547274
2021-05-07,104.0,105.5,103.3499984741211,105.05000305175781,13229291
2021-05-10,106.0,108.0,105.5999984741211,107.69999694824219,23980945
2021-05-11,108.0,113.4000015258789,106.69999694824219,112.69999694824219,45613487
2021-05-12,114.19999694824219,116.75,111.75,113.30000305175781,62158914
2021-05-14,113.94999694824219,113.94999694824219,110.1500015258789,111.4000015258789,16227312
2021-05-17,111.19999694824219,112.25,109.94999694824219,111.55000305175781,12832920
2021-05-18,112.5999984741211,114.19999694824219,111.75,112.0999984741211,14892142
2021-05-19,113.1500015258789,113.1500015258789,110.94999694824219,111.94999694824219,12610425
2021-05-20,112.0,112.75,110.9000015258789,111.75,10303689
2021-05-21,112.30000305175781,113.1500015258789,111.25,112.8499984741211,12171685
2021-05-24,112.3499984741211,113.94999694824219,112.05000305175781,112.9000015258789,11341268
2021-05-25,113.9000015258789,114.8499984741211,113.05000305175781,113.30000305175781,15289982
2021-05-26,114.0,114.0,110.9000015258789,111.0999984741211,17466748
2021-05-27,111.5999984741211,111.6500015258789,109.30000305175781,110.30000305175781,34169451
2021-05-28,110.30000305175781,111.0,108.3499984741211,108.94999694824219,13383166
2021-05-31,108.94999694824219,111.3499984741211,107.80000305175781,110.5,14754293
2021-06-01,110.94999694824219,111.44999694824219,109.5,110.19999694824219,10271211
2021-06-02,110.0999984741211,111.3499984741211,110.05000305175781,111.1500015258789,6492771
2021-06-03,111.5999984741211,112.19999694824219,110.44999694824219,111.80000305175781,12140851
2021-06-04,111.5,113.0,111.05000305175781,111.75,8930671
2021-06-07,112.1500015258789,116.75,112.0,116.4000015258789,28407410
2021-06-08,117.5,118.5,116.0,116.19999694824219,43191813
2021-06-09,116.5,121.0,115.80000305175781,118.0999984741211,49807823
2021-06-10,119.3499984741211,119.9000015258789,117.30000305175781,118.5,22144392
2021-06-11,118.9000015258789,119.55000305175781,117.55000305175781,118.80000305175781,13871562
2021-06-14,118.80000305175781,118.9000015258789,116.25,118.19999694824219,14179055
2021-06-15,118.19999694824219,118.94999694824219,117.5999984741211,117.80000305175781,8148417
2021-06-16,117.80000305175781,120.5999984741211,116.8499984741211,119.80000305175781,21585917
2021-06-17,118.19999694824219,120.5999984741211,116.94999694824219,117.4000015258789,14466025
2021-06-18,117.4000015258789,118.1500015258789,112.9000015258789,113.55000305175781,43927941
2021-06-21,113.25,118.44999694824219,113.05000305175781,118.0,34597018
2021-06-22,118.5,118.9000015258789,116.94999694824219,118.30000305175781,16712010
2021-06-23,118.8499984741211,118.8499984741211,116.94999694824219,117.25,12590251
2021-06-24,117.19999694824219,118.5,115.69999694824219,118.0,14046692
2021-06-25,119.0999984741211,119.0999984741211,115.69999694824219,116.05000305175781,12768348
2021-06-28,116.9000015258789,117.8499984741211,116.0,116.1500015258789,10709748
2021-06-29,116.25,118.55000305175781,115.4000015258789,117.5999984741211,33488455
2021-06-30,117.8499984741211,118.44999694824219,116.1500015258789,116.4000015258789,16739618
2021-07-01,116.80000305175781,117.80000305175781,115.69999694824219,117.3499984741211,12479506
2021-07-02,117.55000305175781,119.05000305175781,117.0,117.5,17215972
2021-07-05,117.9000015258789,119.0999984741211,117.25,118.5999984741211,16409169
2021-07-06,118.0999984741211,118.94999694824219,117.05000305175781,117.6500015258789,14979094
2021-07-07,117.05000305175781,118.19999694824219,116.8499984741211,117.44999694824219,14545289
2021-07-08,117.3499984741211,118.69999694824219,117.19999694824219,117.44999694824219,12037089
2021-07-09,117.0,118.4000015258789,116.25,117.80000305175781,9585144
2021-07-12,118.0,118.75,117.1500015258789,117.8499984741211,7651672
2021-07-13,118.1500015258789,122.0,118.0999984741211,119.9000015258789,30663035
2021-07-14,119.94999694824219,120.94999694824219,119.80000305175781,120.75,9539611
2021-07-15,120.75,121.19999694824219,119.19999694824219,120.30000305175781,11278872
2021-07-16,120.1500015258789,120.80000305175781,118.30000305175781,119.0999984741211,17198632
2021-07-19,119.0999984741211,121.8499984741211,118.5,121.4000015258789,14364285
2021-07-20,122.0,122.0,118.19999694824219,118.44999694824219,11360716
2021-07-22,118.75,119.69999694824219,118.55000305175781,119.19999694824219,9520328
2021-07-23,119.4000015258789,120.0999984741211,118.30000305175781,118.5,10442400
2021-07-26,118.19999694824219,120.0,118.05000305175781,119.3499984741211,5370055
2021-07-27,119.30000305175781,119.5999984741211,118.19999694824219,118.8499984741211,5280342
2021-07-28,119.55000305175781,119.55000305175781,115.80000305175781,116.80000305175781,11010096
2021-07-29,117.69999694824219,118.25,115.25,116.75,11897018
2021-07-30,116.94999694824219,119.94999694824219,116.25,118.19999694824219,14546264
2021-08-02,118.5999984741211,118.75,117.0,117.75,11742555
2021-08-03,118.5,118.5,116.5,117.6500015258789,21122697
2021-08-04,118.05000305175781,118.8499984741211,116.55000305175781,117.8499984741211,9432176
2021-08-05,117.05000305175781,117.80000305175781,115.94999694824219,116.5,11045322
2021-08-06,116.5,118.69999694824219,116.44999694824219,117.6500015258789,8434733
2021-08-09,118.5,119.0999984741211,116.55000305175781,116.69999694824219,7816050
2021-08-10,116.9000015258789,117.19999694824219,113.6500015258789,114.3499984741211,9774255
2021-08-11,114.69999694824219,117.30000305175781,114.55000305175781,116.94999694824219,8056886
2021-08-12,116.94999694824219,119.4000015258789,116.5,119.1500015258789,8640167
2021-08-13,119.44999694824219,119.44999694824219,117.19999694824219,118.25,9744939
2021-08-16,118.25,119.4000015258789,118.0999984741211,118.8499984741211,8768804
2021-08-17,119.3499984741211,119.5,116.19999694824219,117.4000015258789,8758578
2021-08-18,117.4000015258789,118.9000015258789,116.0999984741211,116.55000305175781,9357721
2021-08-20,116.30000305175781,117.0,113.44999694824219,114.1500015258789,11684504
2021-08-23,115.5,115.75,112.19999694824219,113.4000015258789,6271685
2021-08-24,114.19999694824219,116.30000305175781,113.6500015258789,113.94999694824219,11791078
2021-08-25,114.69999694824219,115.25,113.80000305175781,114.0,9491958
2021-08-26,114.0999984741211,114.5,111.94999694824219,112.75,11668986
2021-08-27,112.69999694824219,114.0999984741211,112.0999984741211,113.4000015258789,8095717
2021-08-30,113.25,115.5,113.25,114.94999694824219,9915170
2021-08-31,115.25,116.3499984741211,114.69999694824219,115.94999694824219,11386659
2021-09-01,116.0,116.69999694824219,114.75,115.4000015258789,7508413
2021-09-02,115.0999984741211,116.69999694824219,115.0,116.5,5700524
2021-09-03,117.0,117.9000015258789,116.5,117.0,9364904
2021-09-06,117.6500015258789,117.6500015258789,115.9000015258789,116.44999694824219,7005043
2021-09-07,116.69999694824219,116.9000015258789,115.25,115.8499984741211,7723357
2021-09-08,113.8499984741211,114.5999984741211,112.4000015258789,114.05000305175781,10508654
2021-09-09,113.94999694824219,114.75,113.5,114.55000305175781,5757417
2021-09-13,114.6500015258789,115.5,114.1500015258789,115.0,6322443
2021-09-14,115.25,116.1500015258789,114.80000305175781,115.9000015258789,7369292
2021-09-15,116.0,124.8499984741211,116.0,124.19999694824219,48721413
2021-09-16,124.5,125.69999694824219,123.0,124.0,17684303
2021-09-17,124.1500015258789,124.69999694824219,121.55000305175781,123.75,15763396
2021-09-20,122.5,123.94999694824219,121.80000305175781,122.69999694824219,7431359
2021-09-21,122.30000305175781,125.4000015258789,122.0999984741211,124.0999984741211,8629222
2021-09-22,124.5999984741211,127.0,124.0,124.4000015258789,11698183
2021-09-23,124.80000305175781,127.0,124.6500015258789,126.19999694824219,11053966
2021-09-24,126.5,126.69999694824219,123.94999694824219,124.25,8598140
2021-09-27,125.30000305175781,127.80000305175781,124.5,126.8499984741211,8490460
2021-09-28,127.5,133.64999389648438,127.3499984741211,131.9499969482422,35900138
2021-09-29,131.39999389648438,144.25,130.60000610351562,140.64999389648438,75859390
2021-09-30,141.75,143.1999969482422,139.10000610351562,141.85000610351562,34614825
2021-10-01,140.9499969482422,144.35000610351562,137.6999969482422,139.89999389648438,22452069
2021-10-04,143.4499969482422,149.35000610351562,140.5,145.5500030517578,58612212
2021-10-05,145.5500030517578,147.85000610351562,144.1999969482422,145.39999389648438,24390676
2021-10-06,146.4499969482422,147.3000030517578,142.8000030517578,143.3000030517578,14421296
2021-10-07,144.1999969482422,145.64999389648438,142.25,142.8000030517578,10035682
2021-10-08,143.5500030517578,143.89999389648438,140.3000030517578,141.10000610351562,10686586
2021-10-11,142.0,146.75,141.4499969482422,144.8000030517578,17449923
2021-10-12,146.0,146.25,143.8000030517578,144.5500030517578,16030831
2021-10-13,145.5,147.25,144.6999969482422,146.35000610351562,19100941
2021-10-14,147.5,150.60000610351562,146.85000610351562,149.39999389648438,29263867
2021-10-18,151.25,151.6999969482422,148.6999969482422,149.5500030517578,25346029
2021-10-19,150.9499969482422,152.10000610351562,148.10000610351562,149.64999389648438,20234486
2021-10-20,150.64999389648438,150.64999389648438,145.3000030517578,146.25,16129487
2021-10-21,147.6999969482422,148.5500030517578,145.89999389648438,147.89999389648438,20818539
2021-10-22,147.85000610351562,148.10000610351562,144.0,144.89999389648438,11379569
2021-10-25,144.6999969482422,146.25,143.14999389648438,143.89999389648438,14079380
2021-10-26,145.3000030517578,145.64999389648438,142.4499969482422,143.1999969482422,16224116
2021-10-27,144.0,144.5500030517578,140.85000610351562,141.3000030517578,15072448
2021-10-28,141.3000030517578,141.85000610351562,136.3000030517578,137.35000610351562,19999659
2021-10-29,131.0,136.89999389648438,128.5500030517578,132.64999389648438,29217522
2021-11-01,133.1999969482422,135.3000030517578,130.89999389648438,134.3000030517578,10043407
2021-11-02,135.0,140.8000030517578,135.0,136.64999389648438,21525811
2021-11-03,137.9499969482422,138.9499969482422,135.5500030517578,136.75,9808728
2021-11-04,138.3000030517578,138.3000030517578,136.9499969482422,137.14999389648438,1026849
2021-11-08,138.6999969482422,140.60000610351562,136.5500030517578,140.3000030517578,12765483
2021-11-09,140.75,141.39999389648438,138.0500030517578,138.5,9556650
2021-11-10,138.1999969482422,138.25,136.75,137.39999389648438,5479056
2021-11-11,137.5,137.75,134.35000610351562,136.64999389648438,11418813
2021-11-12,138.1999969482422,138.1999969482422,134.64999389648438,136.4499969482422,9306659
2021-11-15,137.3000030517578,137.64999389648438,136.0,137.14999389648438,3991733
2021-11-16,137.6999969482422,137.8000030517578,134.0,134.3000030517578,5762128
2021-11-17,134.0,138.0,134.0,136.4499969482422,15264066
2021-11-18,136.60000610351562,137.60000610351562,134.75,135.3000030517578,9942974
2021-11-22,135.0,136.89999389648438,129.6999969482422,130.14999389648438,15990636
2021-11-23,130.0500030517578,133.75,128.14999389648438,133.5,11510010
2021-11-24,134.5,137.3000030517578,133.5500030517578,135.35000610351562,7570759
2021-11-25,135.5,136.6999969482422,132.3000030517578,135.1999969482422,13919886
2021-11-26,133.1999969482422,134.0500030517578,128.0,128.85000610351562,13323593
2021-11-29,127.80000305175781,129.35000610351562,125.05000305175781,126.5,16077669
2021-11-30,127.80000305175781,129.4499969482422,124.69999694824219,127.25,22883512
2021-12-01,130.0,132.9499969482422,125.8499984741211,127.69999694824219,17010938
2021-12-02,127.69999694824219,130.3000030517578,126.5999984741211,128.6999969482422,12916313
2021-12-03,128.6999969482422,130.25,126.4000015258789,127.0,12827354
2021-12-06,127.0,127.5999984741211,124.0,124.3499984741211,8158812
2021-12-07,125.0999984741211,126.4000015258789,124.0,125.3499984741211,8701301
2021-12-08,124.8499984741211,127.6500015258789,124.8499984741211,127.25,12093435
2021-12-09,127.25,127.6500015258789,125.6500015258789,126.05000305175781,11518172
2021-12-10,126.0999984741211,126.69999694824219,124.4000015258789,126.1500015258789,8389566
2021-12-13,127.5999984741211,128.60000610351562,125.5,125.80000305175781,13223189
2021-12-14,125.0,127.44999694824219,125.0,126.3499984741211,11649242
2021-12-15,126.1500015258789,128.4499969482422,125.9000015258789,126.69999694824219,11916145
2021-12-16,127.55000305175781,128.1999969482422,126.25,127.4000015258789,10758513
2021-12-17,127.4000015258789,127.69999694824219,124.0999984741211,125.55000305175781,13041775
2021-12-20,124.5,125.44999694824219,119.0999984741211,121.75,14185935
2021-12-21,123.55000305175781,124.69999694824219,120.8499984741211,122.19999694824219,10168470
2021-12-22,123.05000305175781,123.9000015258789,121.6500015258789,122.55000305175781,7885198
2021-12-23,123.0999984741211,125.4000015258789,122.80000305175781,124.55000305175781,9836979
2021-12-24,124.80000305175781,125.0,120.9000015258789,121.25,8509575
2021-12-27,121.25,122.1500015258789,120.5999984741211,121.8499984741211,5097217
2021-12-28,122.0,124.5999984741211,121.94999694824219,124.0999984741211,6511374
2021-12-29,124.5999984741211,124.75,122.19999694824219,123.1500015258789,8960770
2021-12-30,123.25,127.8499984741211,122.25,126.9000015258789,32394253
2021-12-31,126.80000305175781,126.80000305175781,124.0,124.4000015258789,9155163
2022-01-03,125.4000015258789,126.55000305175781,124.69999694824219,126.0,9034081
2022-01-04,127.0,133.3000030517578,126.75,132.89999389648438,33986738
2022-01-05,132.60000610351562,132.85000610351562,130.6999969482422,132.0,16122852
2022-01-06,132.35000610351562,132.35000610351562,129.3000030517578,130.89999389648438,8037648
2022-01-07,131.3000030517578,132.1999969482422,129.4499969482422,131.35000610351562,8820039
2022-01-10,131.9499969482422,132.3000030517578,130.75,131.85000610351562,7324926
2022-01-11,132.14999389648438,134.0,131.0,132.3000030517578,11971883
2022-01-12,133.35000610351562,134.1999969482422,132.35000610351562,133.85000610351562,10439580
2022-01-13,134.39999389648438,136.64999389648438,133.5,134.9499969482422,15114699
2022-01-14,134.39999389648438,136.14999389648438,133.3000030517578,135.35000610351562,9344382
2022-01-17,134.64999389648438,137.35000610351562,134.4499969482422,136.60000610351562,9803141
2022-01-18,136.60000610351562,137.75,134.39999389648438,135.0,6473378
2022-01-19,134.10000610351562,135.3000030517578,132.9499969482422,134.8000030517578,21136414
2022-01-20,134.5,136.35000610351562,134.14999389648438,134.89999389648438,8466412
2022-01-21,134.0500030517578,136.10000610351562,132.5500030517578,134.10000610351562,12437749
2022-01-24,133.0,135.25,131.0,132.60000610351562,14284658
2022-01-25,131.1999969482422,135.64999389648438,131.0500030517578,135.3000030517578,10007486
2022-01-27,134.1999969482422,136.0,133.14999389648438,135.0,18760325
2022-01-28,140.0,144.0,138.0,140.14999389648438,34009553
2022-01-31,142.0,143.39999389648438,138.5500030517578,142.0500030517578,27928927
2022-02-01,144.0,144.14999389648438,140.4499969482422,141.14999389648438,17413984
2022-02-02,142.0,142.75,140.75,141.14999389648438,10783943
2022-02-03,137.5,138.60000610351562,136.3000030517578,136.64999389648438,9571728
2022-02-04,137.0,137.4499969482422,133.89999389648438,134.1999969482422,7213085
2022-02-07,134.1999969482422,136.35000610351562,134.1999969482422,135.14999389648438,10562489
2022-02-08,135.4499969482422,135.64999389648438,132.8000030517578,135.0,8721631
2022-02-09,135.3000030517578,135.60000610351562,133.85000610351562,135.0500030517578,5144026
2022-02-10,135.14999389648438,136.85000610351562,134.3000030517578,136.4499969482422,6081460
2022-02-11,134.4499969482422,137.6999969482422,134.4499969482422,137.14999389648438,8426925
2022-02-14,134.6999969482422,136.4499969482422,131.8000030517578,132.5,7705072
2022-02-15,132.10000610351562,135.8000030517578,130.64999389648438,135.35000610351562,12674466
2022-02-16,134.89999389648438,136.6999969482422,132.85000610351562,133.1999969482422,12946623
2022-02-17,134.5,134.89999389648438,132.4499969482422,132.75,5811964
2022-02-18,132.75,134.10000610351562,131.89999389648438,132.35000610351562,6760078
2022-02-21,132.39999389648438,134.14999389648438,131.14999389648438,131.9499969482422,12212740
2022-02-22,131.0500030517578,132.5,127.9000015258789,132.10000610351562,13578566
2022-02-23,132.0,133.4499969482422,129.85000610351562,130.1999969482422,9263264
2022-02-24,127.0,129.0,123.6500015258789,124.4000015258789,18045779
2022-02-25,125.0,131.0,125.0,130.35000610351562,10424521
2022-02-28,128.9499969482422,133.9499969482422,128.8000030517578,133.5,13262687
2022-03-02,132.8000030517578,135.0,130.4499969482422,130.9499969482422,12587947
2022-03-03,132.10000610351562,133.4499969482422,130.25,132.10000610351562,15628119
2022-03-04,132.0,133.35000610351562,129.75,130.1999969482422,15883138
2022-03-07,129.0,130.5,126.9000015258789,130.0500030517578,14985637
2022-03-08,130.5,135.8000030517578,130.5,133.75,28572640
2022-03-09,133.9499969482422,133.9499969482422,131.10000610351562,131.5,14286413
2022-03-10,132.89999389648438,135.0,131.9499969482422,132.9499969482422,13101323
2022-03-11,132.89999389648438,133.39999389648438,131.5,131.9499969482422,8669803
2022-03-14,131.9499969482422,132.89999389648438,130.75,132.14999389648438,5670284
2022-03-15,131.3000030517578,132.9499969482422,130.64999389648438,131.0500030517578,6895190
2022-03-16,132.39999389648438,133.0,131.5500030517578,132.75,5561866
2022-03-17,133.5,134.3000030517578,131.89999389648438,132.89999389648438,13995384
2022-03-21,132.89999389648438,133.39999389648438,131.6999969482422,132.89999389648438,9172207
2022-03-22,133.3000030517578,134.14999389648438,131.75,132.85000610351562,10343712
2022-03-23,132.89999389648438,133.75,132.1999969482422,133.4499969482422,11892811
2022-03-24,133.5,135.6999969482422,133.35000610351562,135.39999389648438,11276181
2022-03-25,136.0,136.14999389648438,134.1999969482422,134.75,7266868
2022-03-28,135.5,135.5,133.8000030517578,134.8000030517578,7778682
2022-03-29,135.0,135.3000030517578,133.89999389648438,134.35000610351562,5116935
2022-03-30,135.0,135.9499969482422,133.4499969482422,135.3000030517578,24047012
2022-03-31,134.3000030517578,135.60000610351562,134.3000030517578,135.0,11615450
2022-04-01,138.0,143.4499969482422,136.8000030517578,142.9499969482422,32589741
2022-04-04,141.85000610351562,146.0,141.5,144.3000030517578,15437496
2022-04-05,145.39999389648438,150.60000610351562,144.75,149.10000610351562,23958626
2022-04-06,150.35000610351562,155.3000030517578,148.3000030517578,153.0,52737388
2022-04-07,152.9499969482422,158.0,152.1999969482422,153.5,37738903
2022-04-08,154.89999389648438,154.89999389648438,151.1999969482422,152.0500030517578,17585569
2022-04-11,152.4499969482422,154.60000610351562,151.85000610351562,153.10000610351562,15583159
2022-04-12,152.6999969482422,153.60000610351562,150.85000610351562,152.60000610351562,11306524
2022-04-13,153.0500030517578,156.1999969482422,152.75,153.9499969482422,19454061
2022-04-18,154.89999389648438,163.75,154.5,163.1999969482422,82098517
2022-04-19,164.89999389648438,166.35000610351562,159.5,160.64999389648438,38522118
2022-04-20,162.14999389648438,163.1999969482422,159.0,160.5,20047692
2022-04-21,161.60000610351562,163.39999389648438,160.35000610351562,162.6999969482422,21966151
2022-04-22,161.25,163.0,159.85000610351562,160.4499969482422,9922564
2022-04-25,158.60000610351562,160.89999389648438,155.39999389648438,156.10000610351562,12008027
2022-04-26,157.60000610351562,158.4499969482422,156.0,157.0,11735823
2022-04-27,156.8000030517578,159.60000610351562,155.1999969482422,155.64999389648438,17873048
2022-04-28,158.0,160.10000610351562,155.25,159.6999969482422,29123808
2022-04-29,160.39999389648438,161.0,155.6999969482422,156.1999969482422,28941216
2022-05-02,154.60000610351562,158.35000610351562,153.0,157.5,13368198
2022-05-04,158.0,161.89999389648438,157.3000030517578,158.64999389648438,24511385
2022-05-05,159.60000610351562,160.75,157.0,158.39999389648438,33396072
2022-05-06,156.4499969482422,160.35000610351562,156.0500030517578,159.0,22604305
2022-05-09,158.9499969482422,159.8000030517578,155.9499969482422,159.0,22958742
2022-05-10,158.9499969482422,161.25,154.5,155.4499969482422,20322427
2022-05-11,154.0500030517578,156.9499969482422,150.0500030517578,152.5500030517578,13794764
2022-05-12,151.10000610351562,153.0,148.0,148.5500030517578,11818556
2022-05-13,150.0,150.0,143.5,144.14999389648438,22913410
2022-05-16,143.39999389648438,148.89999389648438,141.64999389648438,148.25,16286682
2022-05-17,147.5,150.75,146.3000030517578,150.5,13925542
2022-05-18,150.5,150.89999389648438,147.1999969482422,148.5,17611218
2022-05-19,147.5,148.5500030517578,145.75,148.0,11701170
2022-05-20,150.9499969482422,150.9499969482422,147.64999389648438,149.60000610351562,17841739
2022-05-23,154.39999389648438,155.35000610351562,148.39999389648438,150.14999389648438,26055890
2022-05-24,150.14999389648438,151.85000610351562,146.3000030517578,146.89999389648438,16581141
2022-05-25,148.39999389648438,153.14999389648438,147.39999389648438,152.64999389648438,19926619
2022-05-26,153.14999389648438,155.10000610351562,150.60000610351562,154.14999389648438,22698086
2022-05-27,155.0,155.0,149.5,150.4499969482422,10245727
2022-05-30,150.0500030517578,152.5,148.8000030517578,150.89999389648438,12513990
2022-05-31,151.10000610351562,158.0,150.35000610351562,156.0,124665699
2022-06-01,156.4499969482422,160.1999969482422,156.25,156.8000030517578,16084988
2022-06-02,155.5,159.3000030517578,154.25,159.0500030517578,17646975
2022-06-03,159.0,159.4499969482422,154.6999969482422,155.0,14063328
2022-06-06,155.8000030517578,158.64999389648438,154.60000610351562,155.1999969482422,18485464
2022-06-07,155.1999969482422,157.6999969482422,153.5,157.25,14911957
2022-06-08,156.10000610351562,159.75,156.10000610351562,157.0500030517578,16416591
2022-06-09,155.3000030517578,158.0,154.6999969482422,155.14999389648438,13821409
2022-06-10,154.10000610351562,156.60000610351562,154.0,155.25,7908849
2022-06-13,154.0,154.89999389648438,147.75,148.89999389648438,19208167
2022-06-14,148.89999389648438,152.4499969482422,148.89999389648438,151.39999389648438,17034328
2022-06-15,152.5500030517578,153.6999969482422,147.5500030517578,148.14999389648438,15172295
2022-06-16,150.10000610351562,150.14999389648438,142.0,142.9499969482422,18494040
2022-06-17,141.10000610351562,144.4499969482422,139.5500030517578,140.4499969482422,21387729
2022-06-20,140.4499969482422,141.39999389648438,135.0,137.25,16578770
2022-06-21,138.1999969482422,141.25,137.75,139.9499969482422,51398446
2022-06-22,139.9499969482422,139.9499969482422,136.5500030517578,137.64999389648438,8317317
2022-06-23,137.89999389648438,139.14999389648438,135.64999389648438,136.5,11257409
2022-06-24,137.89999389648438,137.89999389648438,134.9499969482422,136.60000610351562,21879039
2022-06-27,137.25,139.0500030517578,136.75,138.5,12872030
2022-06-28,138.5,139.3000030517578,137.14999389648438,138.60000610351562,14272044
2022-06-29,137.8000030517578,143.10000610351562,136.8000030517578,141.75,53487394
2022-06-30,142.3000030517578,143.9499969482422,141.14999389648438,142.89999389648438,19270932
2022-07-01,142.0,143.1999969482422,139.75,140.64999389648438,9592229
2022-07-04,139.35000610351562,142.1999969482422,139.35000610351562,141.39999389648438,17526429
2022-07-05,141.39999389648438,144.25,140.1999969482422,140.85000610351562,11370649
2022-07-06,141.5,142.0,136.10000610351562,138.9499969482422,15929985
2022-07-07,140.0,142.75,139.5,140.4499969482422,18144208
2022-07-08,141.0,144.1999969482422,141.0,143.6999969482422,15375888
2022-07-11,144.0,147.0,143.60000610351562,144.8000030517578,16779135
2022-07-12,144.0500030517578,148.10000610351562,144.0500030517578,147.10000610351562,19138561
2022-07-13,147.75,149.35000610351562,147.5,148.60000610351562,13644449
2022-07-14,149.0,149.3000030517578,147.0,148.3000030517578,9775869
2022-07-15,148.4499969482422,150.14999389648438,148.14999389648438,149.75,11518139
2022-07-18,151.39999389648438,151.5500030517578,149.3000030517578,149.8000030517578,8286352
2022-07-19,149.8000030517578,151.1999969482422,149.25,150.75,6798359
2022-07-20,152.10000610351562,152.25,150.14999389648438,150.5500030517578,7271345
2022-07-21,151.0,151.25,150.0,150.85000610351562,7521568
2022-07-22,151.0,151.39999389648438,148.14999389648438,148.9499969482422,6800124
2022-07-25,149.1999969482422,150.4499969482422,147.35000610351562,150.10000610351562,7996687
2022-07-26,150.0,150.9499969482422,149.14999389648438,150.0,5774871
2022-07-27,149.5500030517578,150.5500030517578,149.0500030517578,149.6999969482422,5403197
2022-07-28,150.0500030517578,150.9499969482422,149.0500030517578,150.35000610351562,6030744
2022-07-29,150.9499969482422,154.4499969482422,150.4499969482422,152.9499969482422,11771461
2022-08-01,152.89999389648438,157.6999969482422,151.0,156.5,14221965
2022-08-02,157.10000610351562,160.10000610351562,156.5500030517578,159.5500030517578,18278835
2022-08-03,160.0500030517578,160.9499969482422,157.1999969482422,159.64999389648438,10147608
2022-08-04,159.6999969482422,160.5,153.0500030517578,154.6999969482422,15754128
2022-08-05,154.39999389648438,157.14999389648438,153.0,155.60000610351562,33864055
2022-08-08,155.5,160.0,154.9499969482422,159.39999389648438,16964235
2022-08-10,156.89999389648438,157.14999389648438,155.0,155.75,14055597
2022-08-11,156.1999969482422,156.85000610351562,152.85000610351562,153.64999389648438,15810624
2022-08-12,153.6999969482422,159.0,152.60000610351562,158.5,17998843
2022-08-16,159.0,159.8000030517578,156.9499969482422,158.75,8309725
2022-08-17,159.0,163.64999389648438,159.0,161.4499969482422,19674110
2022-08-18,161.4499969482422,162.64999389648438,159.89999389648438,160.8000030517578,9585888
2022-08-19,161.0500030517578,161.64999389648438,157.14999389648438,157.75,9599472
2022-08-22,157.3000030517578,158.9499969482422,156.0,156.5,11400211
2022-08-23,156.4499969482422,159.1999969482422,155.64999389648438,158.64999389648438,14362373
2022-08-24,158.89999389648438,163.0,158.0,160.8000030517578,20602844
2022-08-25,161.35000610351562,161.9499969482422,158.4499969482422,158.89999389648438,12889454
2022-08-26,159.0,164.6999969482422,158.89999389648438,163.39999389648438,30724938
2022-08-29,161.8000030517578,163.39999389648438,160.6999969482422,160.9499969482422,10928330
2022-08-30,161.8000030517578,165.4499969482422,161.5500030517578,164.0,24663153
2022-09-01,161.5,164.25,160.3000030517578,160.6999969482422,14554158
2022-09-02,163.0,166.39999389648438,161.25,161.8000030517578,25106698
2022-09-05,162.60000610351562,165.10000610351562,162.1999969482422,164.5,15226001
2022-09-06,165.8000030517578,168.85000610351562,164.8000030517578,168.4499969482422,27866331
2022-09-07,168.5,170.14999389648438,166.64999389648438,167.3000030517578,19415892
2022-09-08,168.0,169.1999969482422,165.9499969482422,166.8000030517578,11595205
2022-09-09,167.64999389648438,169.35000610351562,165.9499969482422,166.60000610351562,16415150
2022-09-12,167.4499969482422,168.10000610351562,165.5,166.39999389648438,15469466
2022-09-13,166.9499969482422,168.9499969482422,165.64999389648438,167.39999389648438,15644741
2022-09-14,165.0,173.0500030517578,165.0,172.35000610351562,38751148
2022-09-15,174.39999389648438,176.14999389648438,172.64999389648438,175.10000610351562,29483891
2022-09-16,173.9499969482422,174.6999969482422,171.3000030517578,172.8000030517578,26126152
2022-09-19,173.5,174.10000610351562,170.5500030517578,171.0,13304030
2022-09-20,171.89999389648438,173.14999389648438,170.89999389648438,171.89999389648438,15395199
2022-09-21,171.0,172.0500030517578,168.14999389648438,168.60000610351562,7370283
2022-09-22,167.0,169.64999389648438,166.85000610351562,168.64999389648438,7447846
2022-09-23,167.14999389648438,168.5,162.64999389648438,163.9499969482422,12264388
2022-09-26,162.4499969482422,163.85000610351562,156.60000610351562,158.60000610351562,21951865
2022-09-27,159.39999389648438,161.64999389648438,157.5,159.0,8367800
2022-09-28,157.8000030517578,159.4499969482422,155.0,157.9499969482422,14261815
2022-09-29,158.75,161.6999969482422,158.0,159.5500030517578,17623352
2022-09-30,160.0,161.5500030517578,157.39999389648438,159.64999389648438,12015533
2022-10-03,159.85000610351562,164.10000610351562,158.9499969482422,160.35000610351562,10528629
2022-10-04,161.9499969482422,164.0,161.35000610351562,162.5500030517578,9013773
2022-10-06,164.25,165.10000610351562,162.39999389648438,162.89999389648438,6456408
2022-10-07,163.10000610351562,164.85000610351562,161.35000610351562,164.3000030517578,8825983
2022-10-10,162.6999969482422,165.60000610351562,161.85000610351562,163.9499969482422,10484521
2022-10-11,164.39999389648438,164.39999389648438,160.3000030517578,161.0500030517578,13805741
2022-10-12,161.89999389648438,165.3000030517578,161.14999389648438,165.0,12496248
2022-10-13,164.85000610351562,166.8000030517578,164.25,164.75,9447511
2022-10-14,166.25,167.5,164.85000610351562,165.10000610351562,9588164
2022-10-17,165.10000610351562,169.0500030517578,164.0,168.4499969482422,13426449
2022-10-18,168.9499969482422,169.4499969482422,166.39999389648438,166.9499969482422,20635735
2022-10-19,166.5,168.10000610351562,163.85000610351562,164.0500030517578,6947654
2022-10-20,164.0,167.89999389648438,161.5,166.9499969482422,12020720
2022-10-21,167.5,168.4499969482422,164.5,165.0500030517578,7414335
2022-10-24,166.9499969482422,167.9499969482422,166.25,166.9499969482422,685185
2022-10-25,167.4499969482422,169.6999969482422,165.4499969482422,169.35000610351562,8131380
2022-10-27,169.89999389648438,171.5,167.5500030517578,170.64999389648438,16225577
2022-10-28,170.64999389648438,174.6999969482422,169.89999389648438,174.0500030517578,16185760
2022-10-31,169.89999389648438,174.0,169.0500030517578,173.10000610351562,24233760
2022-11-01,174.0,182.9499969482422,173.5,181.8000030517578,41101936
2022-11-02,181.89999389648438,182.6999969482422,180.0,180.9499969482422,22146420
2022-11-03,179.35000610351562,181.85000610351562,177.25,178.14999389648438,16719953
2022-11-04,179.0500030517578,179.5,176.35000610351562,176.9499969482422,14881752
2022-11-07,177.85000610351562,179.5,174.85000610351562,175.85000610351562,12799401
2022-11-09,177.75,177.75,172.25,173.39999389648438,14929008
2022-11-10,173.5,174.1999969482422,170.5500030517578,172.10000610351562,10668583
2022-11-11,173.0,173.60000610351562,169.64999389648438,171.4499969482422,16963169
2022-11-14,172.35000610351562,173.39999389648438,171.10000610351562,171.4499969482422,10224241
2022-11-15,172.3000030517578,174.14999389648438,171.39999389648438,172.10000610351562,13899999
2022-11-16,172.10000610351562,172.9499969482422,169.14999389648438,169.9499969482422,9781274
2022-11-17,169.9499969482422,170.8000030517578,167.5,168.3000030517578,12778124
2022-11-18,168.5500030517578,169.0500030517578,165.10000610351562,165.85000610351562,11134908
2022-11-21,165.0,166.1999969482422,164.14999389648438,164.39999389648438,12788632
2022-11-22,165.25,167.5,164.85000610351562,167.0500030517578,15198091
2022-11-23,167.85000610351562,168.25,166.25,168.0500030517578,12004998
2022-11-24,168.6999969482422,170.0,167.60000610351562,169.5,10986350
2022-11-25,170.25,171.25,168.60000610351562,169.75,12358833
2022-11-28,170.0,171.89999389648438,169.39999389648438,170.39999389648438,5471921
2022-11-29,171.0,171.60000610351562,169.0500030517578,170.14999389648438,7693168
2022-11-30,170.10000610351562,172.85000610351562,169.75,172.1999969482422,9133076
2022-12-01,173.5,173.64999389648438,170.85000610351562,172.1999969482422,9214914
2022-12-02,172.39999389648438,172.85000610351562,171.14999389648438,172.14999389648438,6376672
2022-12-05,173.0500030517578,175.64999389648438,171.39999389648438,175.14999389648438,9861212
2022-12-06,175.60000610351562,176.0,173.85000610351562,175.1999969482422,7008295
2022-12-07,174.10000610351562,175.0,171.3000030517578,171.85000610351562,7718718
2022-12-08,171.85000610351562,172.4499969482422,170.0,170.35000610351562,4225180
2022-12-09,171.1999969482422,171.75,168.0,169.5,6174919
2022-12-12,170.0,170.0,167.5500030517578,168.89999389648438,7153044
2022-12-13,169.75,170.0,168.0500030517578,169.1999969482422,5166993
2022-12-14,169.9499969482422,173.6999969482422,169.4499969482422,171.60000610351562,8562333
2022-12-15,172.0,174.0500030517578,171.6999969482422,172.10000610351562,10644546
2022-12-16,171.89999389648438,173.10000610351562,169.0500030517578,169.8000030517578,9433166
2022-12-19,169.8000030517578,172.25,169.5,171.8000030517578,7706855
2022-12-20,171.14999389648438,171.4499969482422,168.5500030517578,169.75,7387632
2022-12-21,170.0,171.0500030517578,166.60000610351562,167.9499969482422,8454254
2022-12-22,168.5,168.64999389648438,164.5500030517578,165.89999389648438,6979001
2022-12-23,164.3000030517578,166.35000610351562,162.35000610351562,163.0,5313321
2022-12-26,162.0,167.75,161.89999389648438,165.64999389648438,8321609
2022-12-27,167.0,168.1999969482422,164.5500030517578,165.1999969482422,9244387
2022-12-28,165.0,167.60000610351562,164.8000030517578,165.85000610351562,9652984
2022-12-29,165.0,167.39999389648438,164.0,166.75,19571340
2022-12-30,166.75,167.8000030517578,166.0,166.4499969482422,8626291
2023-01-02,167.0500030517578,168.5500030517578,166.39999389648438,168.0,7322962
2023-01-03,168.0,169.1999969482422,166.8000030517578,167.60000610351562,9629995
2023-01-04,167.85000610351562,168.5,164.6999969482422,166.60000610351562,11995082
2023-01-05,168.0,170.35000610351562,167.14999389648438,169.89999389648438,18887530
2023-01-06,170.4499969482422,172.14999389648438,168.5500030517578,169.0,13216749
2023-01-09,170.25,171.0,169.4499969482422,170.39999389648438,6012344
2023-01-10,170.39999389648438,170.6999969482422,167.14999389648438,167.9499969482422,7557693
2023-01-11,168.4499969482422,168.8000030517578,165.5,166.0500030517578,8463293
2023-01-12,166.89999389648438,167.1999969482422,165.5500030517578,165.9499969482422,7628932
2023-01-13,166.1999969482422,168.14999389648438,165.5,167.8000030517578,5090393
2023-01-16,168.64999389648438,168.64999389648438,164.64999389648438,165.9499969482422,10321015
2023-01-17,166.60000610351562,168.1999969482422,165.8000030517578,167.6999969482422,13015434
2023-01-18,167.5,169.6999969482422,167.10000610351562,169.4499969482422,5536057
2023-01-19,170.39999389648438,170.39999389648438,167.3000030517578,168.6999969482422,6812613
2023-01-20,169.89999389648438,169.89999389648438,167.64999389648438,168.6999969482422,8545359
2023-01-23,169.39999389648438,169.5,166.0,166.85000610351562,7787735
2023-01-24,167.1999969482422,167.5500030517578,165.39999389648438,166.0500030517578,7033092
2023-01-25,166.0,166.60000610351562,164.39999389648438,165.89999389648438,9257370
2023-01-27,166.25,167.0500030517578,164.0,166.3000030517578,13756671
2023-01-30,167.60000610351562,172.25,167.10000610351562,168.85000610351562,30768122
2023-01-31,169.85000610351562,172.64999389648438,167.35000610351562,171.14999389648438,24990701
2023-02-01,172.25,173.8000030517578,167.1999969482422,170.0,13878016
2023-02-02,170.0,170.85000610351562,165.5,166.89999389648438,19898080
2023-02-03,164.5,166.4499969482422,162.5500030517578,165.5500030517578,11730514
2023-02-06,164.5,166.85000610351562,164.0500030517578,166.0500030517578,7588936
2023-02-07,166.5,167.6999969482422,164.3000030517578,165.25,8699758
2023-02-08,165.60000610351562,165.75,164.10000610351562,165.5,8839686
2023-02-09,165.9499969482422,166.64999389648438,164.64999389648438,166.0,5507650
2023-02-10,165.10000610351562,165.8000030517578,164.10000610351562,165.0,9468345
2023-02-13,165.10000610351562,168.1999969482422,164.8000030517578,167.85000610351562,9829152
2023-02-14,168.5,168.5,164.85000610351562,166.0500030517578,12916373
2023-02-15,166.0,166.5,164.1999969482422,165.8000030517578,11855678
2023-02-16,166.0,167.6999969482422,165.60000610351562,167.39999389648438,7923121
2023-02-17,167.0,169.64999389648438,166.4499969482422,168.0500030517578,10182025
2023-02-20,167.6999969482422,170.0,167.25,167.89999389648438,6679716
2023-02-21,169.0500030517578,174.25,169.0500030517578,173.25,26883881
2023-02-22,172.9499969482422,173.1999969482422,168.5,170.5,12225021
2023-02-23,170.9499969482422,171.64999389648438,169.0,169.60000610351562,11184381
2023-02-24,170.25,171.1999969482422,169.39999389648438,171.0,8338893
2023-02-27,171.14999389648438,173.5,170.5,172.39999389648438,17669762
2023-02-28,172.8000030517578,173.0,169.85000610351562,170.5,19044910
2023-03-01,170.9499969482422,173.0500030517578,169.9499969482422,172.25,9318790
2023-03-02,172.1999969482422,172.1999969482422,170.25,170.8000030517578,7725981
2023-03-03,172.0,175.0,171.5,172.60000610351562,12962719
2023-03-06,172.89999389648438,177.5,172.6999969482422,176.8000030517578,12402804
2023-03-08,175.6999969482422,179.14999389648438,175.4499969482422,178.85000610351562,22099710
2023-03-09,178.39999389648438,182.1999969482422,178.0,179.4499969482422,18874546
2023-03-10,178.0,181.0,177.8000030517578,180.75,12399692
2023-03-13,181.3000030517578,181.5500030517578,179.4499969482422,179.6999969482422,13669178
2023-03-14,178.64999389648438,181.0,177.1999969482422,177.89999389648438,9217542
2023-03-15,179.4499969482422,179.5500030517578,177.75,178.1999969482422,8548173
2023-03-16,178.1999969482422,180.0,176.9499969482422,179.60000610351562,9405016
2023-03-17,181.6999969482422,181.6999969482422,175.89999389648438,176.9499969482422,47276890
2023-03-20,177.5500030517578,177.5500030517578,174.9499969482422,176.0,5627841
2023-03-21,176.85000610351562,177.5500030517578,175.3000030517578,177.10000610351562,12894327
2023-03-22,177.8000030517578,177.8000030517578,173.8000030517578,174.35000610351562,7893205
2023-03-23,174.0500030517578,175.85000610351562,173.6999969482422,174.60000610351562,5759884
2023-03-24,175.1999969482422,175.1999969482422,172.35000610351562,172.6999969482422,4977283
2023-03-27,172.64999389648438,173.9499969482422,170.6999969482422,171.25,12077986
2023-03-28,171.35000610351562,173.0,170.5,172.0,8750986
2023-03-29,172.64999389648438,175.39999389648438,171.6999969482422,174.0,20272070
2023-03-31,174.8000030517578,177.25,174.60000610351562,175.10000610351562,8125121
2023-04-03,175.60000610351562,178.10000610351562,175.4499969482422,177.8000030517578,9098662
2023-04-05,178.3000030517578,178.3000030517578,175.14999389648438,175.89999389648438,10829323
2023-04-06,176.39999389648438,176.60000610351562,174.85000610351562,175.1999969482422,7159274
2023-04-10,175.85000610351562,178.0,175.1999969482422,177.60000610351562,10968456
2023-04-11,178.10000610351562,179.75,176.5500030517578,178.10000610351562,9208605
2023-04-12,178.0,178.3000030517578,175.3000030517578,175.8000030517578,7591360
2023-04-13,176.0,176.10000610351562,172.3000030517578,173.0500030517578,9944382
2023-04-17,172.35000610351562,173.9499969482422,169.25,169.60000610351562,17401126
2023-04-18,170.0,170.75,169.0,170.10000610351562,16199789
2023-04-19,168.75,169.9499969482422,166.8000030517578,167.10000610351562,16314641
2023-04-20,167.10000610351562,170.1999969482422,166.8000030517578,169.6999969482422,15498083
2023-04-21,169.64999389648438,169.9499969482422,168.39999389648438,169.6999969482422,6672391
2023-04-24,168.5,171.25,168.1999969482422,170.9499969482422,8088991
2023-04-25,171.3000030517578,172.4499969482422,170.35000610351562,171.10000610351562,9175412
2023-04-26,171.10000610351562,171.6999969482422,169.5,169.85000610351562,9032416
2023-04-27,170.0,171.35000610351562,168.8000030517578,170.9499969482422,9054900
2023-04-28,171.89999389648438,172.5,169.60000610351562,172.0,21552892
2023-05-02,172.64999389648438,176.0,172.5500030517578,175.60000610351562,8893428
2023-05-03,175.60000610351562,178.64999389648438,175.10000610351562,176.35000610351562,11194149
2023-05-04,176.4499969482422,177.4499969482422,174.8000030517578,176.35000610351562,4671155
2023-05-05,176.35000610351562,176.39999389648438,173.0,174.25,5958697
2023-05-08,174.8000030517578,177.5500030517578,174.5,177.0500030517578,6287186
2023-05-09,177.1999969482422,178.64999389648438,175.1999969482422,176.0,7918748
2023-05-10,176.0,177.35000610351562,174.9499969482422,177.0500030517578,6231734
2023-05-11,177.60000610351562,180.0,176.9499969482422,179.5500030517578,12125975
2023-05-12,179.10000610351562,179.25,174.5,174.9499969482422,8920297
2023-05-15,174.0,176.75,173.85000610351562,175.9499969482422,7980565
2023-05-16,176.89999389648438,178.0,175.5,177.4499969482422,7874923
2023-05-17,177.4499969482422,177.85000610351562,175.0500030517578,176.0,6639494
2023-05-18,177.0,177.6999969482422,174.64999389648438,175.10000610351562,6921939
2023-05-19,175.0,175.35000610351562,172.9499969482422,173.3000030517578,6657753
2023-05-22,173.3000030517578,177.0500030517578,173.14999389648438,174.10000610351562,13339834
2023-05-23,174.9499969482422,175.64999389648438,172.8000030517578,174.14999389648438,8359389
2023-05-24,174.0,175.3000030517578,173.4499969482422,174.9499969482422,8507023
2023-05-25,174.9499969482422,175.5500030517578,173.39999389648438,174.5,7986243
2023-05-26,175.0,177.25,174.10000610351562,174.5,6926193
2023-05-29,174.9499969482422,177.8000030517578,174.8000030517578,176.3000030517578,9943211
2023-05-30,177.0,178.0,175.60000610351562,176.8000030517578,9727639
2023-05-31,177.0,177.0,171.9499969482422,173.85000610351562,41785992
2023-06-01,173.60000610351562,174.6999969482422,171.85000610351562,174.39999389648438,11602551
2023-06-02,175.89999389648438,175.89999389648438,173.39999389648438,174.5500030517578,7262018
2023-06-05,175.8000030517578,176.1999969482422,173.5500030517578,174.10000610351562,12239684
2023-06-06,174.5,175.75,173.5500030517578,175.39999389648438,4889564
2023-06-07,175.9499969482422,178.0,175.39999389648438,177.35000610351562,6270083
2023-06-08,178.75,184.35000610351562,178.10000610351562,182.0500030517578,27382635
2023-06-09,184.0,184.25,180.5500030517578,182.8000030517578,10235269
2023-06-12,182.8000030517578,186.4499969482422,182.64999389648438,185.6999969482422,17450400
2023-06-13,186.0,186.64999389648438,185.0,185.35000610351562,8332566
2023-06-14,185.35000610351562,188.39999389648438,185.35000610351562,187.1999969482422,15061573
2023-06-15,187.0,187.3000030517578,185.35000610351562,186.6999969482422,9840499
2023-06-16,186.89999389648438,188.6999969482422,186.0500030517578,188.1999969482422,8562558
2023-06-19,188.1999969482422,188.1999969482422,185.1999969482422,185.85000610351562,5363723
2023-06-20,186.0,188.0,184.5500030517578,187.5,6035600
2023-06-21,187.5,188.6999969482422,186.5,187.5,5906854
2023-06-22,187.5,187.9499969482422,183.35000610351562,184.5,6683123
2023-06-23,184.5500030517578,187.5,183.75,186.6999969482422,15255365
2023-06-26,187.39999389648438,187.39999389648438,184.4499969482422,184.89999389648438,7231775
2023-06-27,184.89999389648438,186.9499969482422,184.8000030517578,186.0500030517578,6787438
2023-06-28,186.0500030517578,190.60000610351562,185.3000030517578,189.10000610351562,32476741
2023-06-30,188.10000610351562,191.64999389648438,188.0,189.14999389648438,9579059
2023-07-03,190.0,192.60000610351562,188.6999969482422,191.25,7352149
2023-07-04,191.10000610351562,194.8000030517578,189.0,194.0500030517578,13258826
2023-07-05,194.0,194.75,192.35000610351562,193.39999389648438,6558910
2023-07-06,193.5,197.14999389648438,192.75,196.75,16276609
2023-07-07,196.75,197.75,192.14999389648438,192.60000610351562,12652336
2023-07-10,192.64999389648438,193.35000610351562,189.8000030517578,191.5500030517578,10238356
2023-07-11,192.64999389648438,192.9499969482422,190.8000030517578,192.39999389648438,11236383
2023-07-12,193.75,194.75,190.25,190.8000030517578,9191559
2023-07-13,191.8000030517578,191.8000030517578,186.9499969482422,187.89999389648438,10612659
2023-07-14,187.9499969482422,188.35000610351562,184.75,187.4499969482422,12369394
2023-07-17,188.4499969482422,188.9499969482422,185.8000030517578,186.5,9058800
2023-07-18,187.0,189.14999389648438,186.3000030517578,187.35000610351562,7177677
2023-07-19,191.0,196.60000610351562,190.1999969482422,192.5500030517578,31761232
2023-07-20,192.6999969482422,194.25,191.85000610351562,192.89999389648438,8936996
2023-07-21,192.8000030517578,196.35000610351562,192.10000610351562,195.10000610351562,11031250
2023-07-24,195.5,197.0,192.9499969482422,195.89999389648438,9981788
2023-07-25,196.5,201.35000610351562,195.89999389648438,200.64999389648438,18028061
2023-07-26,201.5,202.14999389648438,200.0,201.60000610351562,13857423
2023-07-27,201.75,203.0,200.60000610351562,201.9499969482422,16013422
2023-07-28,201.85000610351562,210.4499969482422,199.5,210.0,39630520
2023-07-31,212.1999969482422,218.9499969482422,209.64999389648438,218.35000610351562,43494779
2023-08-01,219.5500030517578,226.64999389648438,218.85000610351562,225.14999389648438,63510580
2023-08-02,225.0500030517578,225.14999389648438,216.85000610351562,219.10000610351562,22647784
2023-08-03,219.10000610351562,223.60000610351562,217.9499969482422,220.10000610351562,29868065
2023-08-04,221.6999969482422,222.1999969482422,217.60000610351562,217.9499969482422,12879897
2023-08-07,219.6999969482422,221.35000610351562,217.64999389648438,217.9499969482422,12929354
2023-08-08,220.3000030517578,220.39999389648438,214.0,217.5500030517578,15314866
2023-08-09,218.4499969482422,219.6999969482422,216.4499969482422,218.6999969482422,12554174
2023-08-10,219.1999969482422,220.85000610351562,216.5,217.39999389648438,10970619
2023-08-11,214.89999389648438,216.5,212.64999389648438,213.0,7970536
2023-08-14,213.3000030517578,214.0,211.8000030517578,213.0,9283695
2023-08-16,212.9499969482422,217.9499969482422,212.0500030517578,217.4499969482422,9687712
2023-08-17,219.4499969482422,219.8000030517578,215.14999389648438,215.75,11865239
2023-08-18,215.8000030517578,216.64999389648438,213.3000030517578,215.14999389648438,14101163
2023-08-21,217.1999969482422,219.5500030517578,215.6999969482422,218.8000030517578,13336739
2023-08-22,219.25,222.3000030517578,218.85000610351562,221.6999969482422,16930149
2023-08-23,222.89999389648438,222.89999389648438,221.0500030517578,221.6999969482422,13507905
2023-08-24,222.0,222.39999389648438,219.64999389648438,220.85000610351562,11182959
2023-08-25,221.85000610351562,221.85000610351562,217.1999969482422,217.89999389648438,7413549
2023-08-28,217.89999389648438,219.3000030517578,217.1999969482422,218.6999969482422,4851793
2023-08-29,219.1999969482422,221.75,218.25,221.10000610351562,8799235
2023-08-30,222.0,222.0,219.75,220.39999389648438,5490930
2023-08-31,221.64999389648438,221.64999389648438,218.75,220.3000030517578,18532999
2023-09-01,217.85000610351562,231.64999389648438,216.14999389648438,230.6999969482422,29859815
2023-09-04,233.6999969482422,236.5,230.5,235.8000030517578,21895573
2023-09-05,236.89999389648438,236.89999389648438,231.6999969482422,234.60000610351562,13952922
2023-09-06,235.5,235.85000610351562,228.39999389648438,231.89999389648438,14623019
2023-09-07,233.0,238.0,229.35000610351562,234.10000610351562,30334731
2023-09-08,236.0,243.60000610351562,235.0,240.25,28856420
2023-09-11,243.60000610351562,243.89999389648438,238.14999389648438,243.10000610351562,22493483
2023-09-12,244.1999969482422,244.9499969482422,234.10000610351562,235.10000610351562,21174310
2023-09-13,236.10000610351562,238.4499969482422,233.14999389648438,237.14999389648438,9151928
2023-09-14,237.9499969482422,239.1999969482422,235.9499969482422,237.9499969482422,7568464
2023-09-15,235.60000610351562,239.3000030517578,235.60000610351562,236.1999969482422,14098284
2023-09-18,237.0,242.14999389648438,236.0500030517578,241.1999969482422,11163399
2023-09-20,241.5,246.0,240.35000610351562,241.75,18936709
2023-09-21,240.0500030517578,242.89999389648438,237.10000610351562,238.9499969482422,10134737
2023-09-22,238.60000610351562,239.3000030517578,236.0,237.9499969482422,7209300
2023-09-25,239.14999389648438,240.25,237.14999389648438,239.64999389648438,8027642
2023-09-26,239.75,243.1999969482422,239.0500030517578,240.1999969482422,10681642
2023-09-27,239.89999389648438,240.5,237.85000610351562,239.3000030517578,9679279
2023-09-28,239.60000610351562,241.1999969482422,235.64999389648438,237.0500030517578,32887087
2023-09-29,239.5500030517578,251.5,239.5,245.5500030517578,35038887
2023-10-03,244.35000610351562,246.6999969482422,240.5500030517578,241.1999969482422,14885044
2023-10-04,241.0,241.0,231.5,235.14999389648438,25424437
2023-10-05,237.25,237.39999389648438,232.0500030517578,233.85000610351562,22472389
2023-10-06,234.25,237.5,233.64999389648438,235.5500030517578,8825123
2023-10-09,233.85000610351562,236.3000030517578,230.5,234.6999969482422,10659145
2023-10-10,234.89999389648438,236.85000610351562,233.75,235.89999389648438,11665907
2023-10-11,236.25,239.6999969482422,236.0,238.6999969482422,14313043
2023-10-12,238.9499969482422,242.75,238.60000610351562,241.60000610351562,13170027
2023-10-13,240.5500030517578,243.8000030517578,239.60000610351562,242.0500030517578,11880728
2023-10-16,242.85000610351562,245.0,241.0,243.4499969482422,6936948
2023-10-17,244.85000610351562,247.1999969482422,243.3000030517578,245.9499969482422,10084205
2023-10-18,245.89999389648438,246.8000030517578,241.60000610351562,242.0,6987265
2023-10-19,240.1999969482422,241.8000030517578,238.5,239.5,11485237
2023-10-20,238.9499969482422,242.14999389648438,237.5500030517578,241.0,9040953
2023-10-23,240.8000030517578,240.89999389648438,235.0,236.5500030517578,7058625
2023-10-25,236.0,236.3000030517578,228.35000610351562,232.0500030517578,23949207
2023-10-26,230.85000610351562,233.3000030517578,227.75,231.64999389648438,17410264
2023-10-27,232.0,238.4499969482422,232.0,236.60000610351562,10519462
2023-10-30,237.4499969482422,238.39999389648438,230.64999389648438,234.60000610351562,8812268
2023-10-31,234.5,237.1999969482422,233.5500030517578,235.8000030517578,6583581
2023-11-01,236.6999969482422,236.6999969482422,232.10000610351562,232.60000610351562,6718059
2023-11-02,234.1999969482422,235.6999969482422,233.75,235.25,6057787
2023-11-03,233.3000030517578,235.25,233.3000030517578,234.35000610351562,6825146
2023-11-06,235.35000610351562,237.1999969482422,234.5500030517578,235.85000610351562,5338605
2023-11-07,236.3000030517578,239.5500030517578,235.1999969482422,239.14999389648438,7002346
2023-11-08,239.85000610351562,240.89999389648438,235.9499969482422,236.6999969482422,9777991
2023-11-09,237.1999969482422,239.6999969482422,236.0,237.9499969482422,13987058
2023-11-10,237.85000610351562,243.25,235.8000030517578,242.75,9589671
2023-11-13,244.9499969482422,250.60000610351562,243.3000030517578,245.6999969482422,18792969
2023-11-15,248.9499969482422,248.9499969482422,245.9499969482422,247.3000030517578,10965645
2023-11-16,248.8000030517578,254.25,247.64999389648438,252.35000610351562,22145147
2023-11-17,253.0,253.10000610351562,251.0,251.60000610351562,5618928
2023-11-20,251.0,255.39999389648438,250.3000030517578,251.0500030517578,6283832
2023-11-21,252.60000610351562,252.8000030517578,247.3000030517578,250.0,6851869
2023-11-22,250.8000030517578,254.0,249.35000610351562,253.64999389648438,5275418
2023-11-23,254.0,255.6999969482422,251.6999969482422,252.75,8200025
2023-11-24,253.3000030517578,256.8500061035156,253.0,253.89999389648438,7149443
2023-11-28,254.85000610351562,258.29998779296875,253.64999389648438,257.54998779296875,6151585
2023-11-29,259.54998779296875,259.54998779296875,256.1000061035156,258.3999938964844,8637363
2023-11-30,257.95001220703125,261.6499938964844,256.0,261.29998779296875,21687673
2023-12-01,262.3500061035156,275.45001220703125,261.75,268.95001220703125,29121320
2023-12-04,276.0,279.0,273.25,274.79998779296875,20464526
2023-12-05,275.20001220703125,286.54998779296875,272.79998779296875,285.45001220703125,18883076
2023-12-06,288.0,288.25,278.95001220703125,281.1000061035156,13415314
2023-12-07,281.8500061035156,288.25,281.29998779296875,283.79998779296875,25133786
2023-12-08,286.45001220703125,291.8999938964844,281.0,285.04998779296875,20815064
2023-12-11,286.04998779296875,288.5,284.3999938964844,287.29998779296875,8071675
2023-12-12,287.45001220703125,288.6000061035156,280.8500061035156,283.3999938964844,8640883
2023-12-13,284.75,294.8999938964844,284.5,294.04998779296875,23629670
2023-12-14,297.75,298.5,293.6000061035156,295.3999938964844,24900443
2023-12-15,298.0,307.0,295.0,305.1000061035156,28843558
2023-12-18,306.0,306.54998779296875,301.75,303.20001220703125,13307504
2023-12-19,305.0,312.5,302.5,309.6499938964844,15650536
2023-12-20,312.5,313.3500061035156,295.1499938964844,297.6499938964844,23497233
2023-12-21,295.79998779296875,303.1499938964844,293.20001220703125,301.95001220703125,17868637
2023-12-22,304.0,308.95001220703125,299.6000061035156,302.79998779296875,15207726
2023-12-26,306.45001220703125,310.70001220703125,304.6000061035156,309.6000061035156,9917180
2023-12-27,311.6000061035156,312.25,303.54998779296875,306.04998779296875,12630732
2023-12-28,309.1000061035156,315.5,307.75,313.8999938964844,37591916
2023-12-29,314.3500061035156,314.3500061035156,308.1499938964844,311.1499938964844,12682889
2024-01-01,312.0,313.29998779296875,307.79998779296875,309.75,8024960
2024-01-02,310.79998779296875,310.79998779296875,302.04998779296875,306.0,13506040
2024-01-03,307.20001220703125,308.0,303.29998779296875,306.20001220703125,14259987
2024-01-04,310.8999938964844,321.75,308.6000061035156,317.1000061035156,40057506
2024-01-05,322.8999938964844,325.6499938964844,312.70001220703125,314.95001220703125,27456415
2024-01-08,316.45001220703125,318.3500061035156,312.6000061035156,316.45001220703125,10136462
2024-01-09,317.8500061035156,321.45001220703125,316.04998779296875,319.75,12229517
2024-01-10,319.6499938964844,319.75,308.0,313.3500061035156,14455000
2024-01-11,314.95001220703125,317.29998779296875,312.3500061035156,312.8999938964844,10316319
2024-01-12,315.20001220703125,315.29998779296875,309.70001220703125,312.6499938964844,12341629
2024-01-15,314.8999938964844,318.0,309.6000061035156,317.29998779296875,9706124
2024-01-16,317.25,317.25,310.1499938964844,311.5,10162832
2024-01-17,309.75,314.1000061035156,307.1000061035156,309.29998779296875,13502940
2024-01-18,308.95001220703125,311.29998779296875,296.54998779296875,299.29998779296875,32481018
2024-01-19,303.79998779296875,309.45001220703125,301.70001220703125,308.45001220703125,28651237
2024-01-23,313.45001220703125,315.29998779296875,300.29998779296875,302.6000061035156,21652362
2024-01-24,302.95001220703125,310.70001220703125,298.25,308.8500061035156,23922028
2024-01-25,310.0,317.20001220703125,309.20001220703125,314.75,32525422
2024-01-29,317.79998779296875,325.75,316.1499938964844,324.54998779296875,24694773
2024-01-30,321.8500061035156,323.95001220703125,314.5,315.45001220703125,20918448
2024-01-31,318.54998779296875,320.0,312.6000061035156,317.5,20931224
2024-02-01,320.04998779296875,326.95001220703125,317.1000061035156,322.0,24020951
2024-02-02,324.0,333.70001220703125,323.1000061035156,332.5,32346639
2024-02-05,338.0,341.04998779296875,333.04998779296875,336.1000061035156,19651482
2024-02-06,336.0,336.0,329.0,334.20001220703125,12024661
2024-02-07,337.8999938964844,337.8999938964844,329.6499938964844,330.70001220703125,8080437
2024-02-08,333.95001220703125,335.25,328.0,330.8999938964844,17754869
2024-02-09,332.95001220703125,335.0,319.6000061035156,324.8999938964844,18304439
2024-02-12,326.1499938964844,326.70001220703125,314.5,316.1499938964844,11714289
2024-02-13,318.54998779296875,323.95001220703125,315.8999938964844,321.54998779296875,15426888
2024-02-14,320.8999938964844,329.3500061035156,318.3500061035156,328.0,14085723
2024-02-15,331.0,340.8999938964844,330.1499938964844,339.25,21973316
2024-02-16,341.8999938964844,342.95001220703125,336.79998779296875,337.75,20307449
2024-02-19,340.3999938964844,341.8999938964844,337.5,338.75,8496898
2024-02-20,340.6000061035156,346.5,337.79998779296875,345.70001220703125,19340526
2024-02-21,347.0,348.04998779296875,334.70001220703125,336.1000061035156,17751633
2024-02-22,339.0,340.25,330.6000061035156,339.54998779296875,16083122
2024-02-23,340.0,340.0,334.8500061035156,337.75,9665454
2024-02-26,338.0,338.5,334.54998779296875,337.6000061035156,7711995
2024-02-27,336.1000061035156,338.0,334.1000061035156,336.1000061035156,8882923
2024-02-28,335.70001220703125,336.5,331.79998779296875,333.29998779296875,12977628
2024-02-29,333.29998779296875,336.0,330.6000061035156,335.6000061035156,13149469
2024-03-01,335.6000061035156,344.3500061035156,335.0,343.5,13027254
2024-03-04,348.0,358.29998779296875,345.75,353.8500061035156,38075510
2024-03-05,354.8999938964844,359.95001220703125,353.54998779296875,358.25,15918221
2024-03-06,359.45001220703125,359.45001220703125,345.0,351.95001220703125,13120921
2024-03-07,352.0,353.8999938964844,349.70001220703125,352.20001220703125,9172926
2024-03-11,352.25,353.1499938964844,346.70001220703125,347.95001220703125,10664917
2024-03-12,348.0,349.45001220703125,342.54998779296875,344.75,9637912
2024-03-13,343.8500061035156,344.5,319.5,322.5,23722232
2024-03-14,321.04998779296875,326.95001220703125,316.5,321.8500061035156,20859127
2024-03-15,322.6499938964844,326.04998779296875,305.75,316.29998779296875,43285007
2024-03-18,317.1000061035156,322.8999938964844,314.95001220703125,317.1499938964844,13690352
2024-03-19,314.29998779296875,317.8999938964844,310.1000061035156,313.45001220703125,13388060
2024-03-20,316.0,317.45001220703125,308.29998779296875,313.6499938964844,10026655
2024-03-21,317.25,326.3500061035156,317.0,325.0,23370426
2024-03-22,324.5,327.25,321.1499938964844,324.75,14709219
2024-03-26,320.1000061035156,330.29998779296875,320.1000061035156,329.1000061035156,11208959
2024-03-27,332.0,334.1000061035156,326.29998779296875,331.6000061035156,45209520
2024-03-28,331.8999938964844,340.0,330.29998779296875,335.79998779296875,19868037
2024-04-01,339.0,344.3999938964844,336.1499938964844,342.3500061035156,8580656
2024-04-02,343.0,345.6000061035156,340.75,344.79998779296875,9745257
2024-04-03,344.3500061035156,354.1000061035156,342.0,351.25,21679943
2024-04-04,355.0,362.70001220703125,352.6499938964844,354.6499938964844,28962927
2024-04-05,356.3999938964844,358.20001220703125,351.54998779296875,354.54998779296875,11208130
2024-04-08,355.6000061035156,366.0,353.25,363.5,11447140
2024-04-09,365.0,366.8999938964844,360.3500061035156,362.8999938964844,10010148
2024-04-10,364.1000061035156,368.3500061035156,361.3500061035156,362.5,12886638
2024-04-12,362.5,374.5,361.0,361.75,30924494
2024-04-15,355.5,366.0,352.79998779296875,361.1499938964844,18126999
2024-04-16,361.0,361.95001220703125,354.6000061035156,359.25,15328939
2024-04-18,359.54998779296875,361.25,349.20001220703125,351.1499938964844,22966560
2024-04-19,343.1000061035156,352.3999938964844,343.0,350.54998779296875,12867942
2024-04-22,355.0,355.0,341.8999938964844,342.8999938964844,37382916
2024-04-23,346.0,348.6499938964844,344.0,347.1499938964844,14651106
2024-04-24,349.79998779296875,353.1499938964844,347.29998779296875,351.6499938964844,11132307
2024-04-25,351.0,360.6000061035156,349.1000061035156,359.20001220703125,19865014
2024-04-26,360.70001220703125,361.3999938964844,355.0,356.0,10986589
2024-04-29,359.70001220703125,363.6499938964844,356.95001220703125,363.0,13652173
2024-04-30,364.95001220703125,365.45001220703125,359.29998779296875,363.20001220703125,14566548
2024-05-02,363.20001220703125,372.6000061035156,363.20001220703125,369.04998779296875,27892188
2024-05-03,372.29998779296875,380.3999938964844,360.3500061035156,364.95001220703125,26844664
2024-05-06,367.79998779296875,368.8500061035156,354.3999938964844,356.79998779296875,15319437
2024-05-07,358.25,358.45001220703125,346.8500061035156,349.1499938964844,10028071
2024-05-08,345.20001220703125,358.5,345.20001220703125,355.45001220703125,9595776
2024-05-09,356.5,358.0,344.8500061035156,346.04998779296875,9043486
2024-05-10,347.6499938964844,356.3500061035156,347.54998779296875,355.5,11699095
2024-05-13,355.5,356.0,346.5,350.8999938964844,10691781
2024-05-14,350.54998779296875,357.25,350.29998779296875,355.79998779296875,10891985
2024-05-15,357.5,363.5,356.6499938964844,361.3500061035156,8538183
2024-05-16,363.8500061035156,363.8500061035156,353.04998779296875,361.45001220703125,13114162
2024-05-17,362.45001220703125,366.5,360.3500061035156,365.45001220703125,8509179
2024-05-21,367.0,374.1000061035156,365.3500061035156,372.0,10939593
2024-05-22,375.0,377.3500061035156,370.6000061035156,373.8500061035156,14001806
2024-05-23,375.04998779296875,375.6000061035156,369.5,372.29998779296875,15370357
2024-05-24,373.0,378.1499938964844,368.70001220703125,374.95001220703125,13317821
2024-05-27,379.95001220703125,380.5,368.0,369.6499938964844,21891930
2024-05-28,372.6000061035156,373.25,364.1000061035156,365.3999938964844,10200096
2024-05-29,361.5,366.3500061035156,360.0,364.6000061035156,18146672
2024-05-30,364.0,364.79998779296875,357.1499938964844,359.70001220703125,14425073
2024-05-31,363.45001220703125,366.6499938964844,355.5,359.0,30515612
2024-06-03,385.0,393.20001220703125,373.45001220703125,391.79998779296875,39261174
2024-06-04,391.8999938964844,391.8999938964844,313.95001220703125,331.25,84042244
2024-06-05,340.0,342.25,315.29998779296875,341.0,46418629
2024-06-06,347.79998779296875,359.75,345.0,349.75,33171039
2024-06-07,352.0,362.0,347.70001220703125,360.6000061035156,23930193
2024-06-10,365.0,370.1000061035156,361.79998779296875,364.8999938964844,16072588
2024-06-11,368.75,371.95001220703125,364.8999938964844,367.3999938964844,11235777
2024-06-12,369.54998779296875,374.0,365.3999938964844,371.29998779296875,12134524
2024-06-13,376.3999938964844,376.3999938964844,367.95001220703125,369.95001220703125,11243702
2024-06-14,370.0,370.8500061035156,366.1000061035156,368.45001220703125,10298434
2024-06-18,371.79998779296875,372.25,368.70001220703125,369.6499938964844,10228382
2024-06-19,369.79998779296875,370.8999938964844,361.54998779296875,362.5,8337334
2024-06-20,362.5,364.8999938964844,357.04998779296875,357.6499938964844,14338604
2024-06-21,359.95001220703125,362.95001220703125,356.75,359.79998779296875,17931844
2024-06-24,357.6000061035156,364.6499938964844,355.54998779296875,362.75,9335598
2024-06-25,364.25,364.70001220703125,357.75,360.8500061035156,14983828
2024-06-26,363.0,366.8999938964844,359.6499938964844,365.04998779296875,15918394
2024-06-27,365.04998779296875,381.1000061035156,364.1000061035156,377.1499938964844,55378829
2024-06-28,377.95001220703125,389.5,376.70001220703125,378.3500061035156,25141039
2024-07-01,381.75,382.0,367.79998779296875,369.75,23389211
2024-07-02,372.6000061035156,372.6000061035156,365.1499938964844,370.3999938964844,13702830
2024-07-03,370.54998779296875,374.25,368.6499938964844,372.6499938964844,9207317
2024-07-04,373.8999938964844,380.8500061035156,371.75,372.95001220703125,14916930
2024-07-05,374.3500061035156,381.25,371.0,379.79998779296875,15946104
2024-07-08,380.8500061035156,381.25,376.1499938964844,377.45001220703125,8898299
2024-07-09,379.20001220703125,380.25,375.04998779296875,377.04998779296875,8355819
2024-07-10,378.79998779296875,383.79998779296875,370.0,381.3999938964844,17715196
2024-07-11,382.3999938964844,383.29998779296875,374.6000061035156,377.1000061035156,19873143
2024-07-12,378.95001220703125,379.3999938964844,372.0,377.1499938964844,16151583
2024-07-15,378.6000061035156,388.95001220703125,376.8999938964844,385.6499938964844,22951140
2024-07-16,386.6499938964844,388.75,380.0,380.45001220703125,11893034
2024-07-18,382.8999938964844,382.8999938964844,374.20001220703125,377.75,15709153
2024-07-19,377.75,378.0,362.8999938964844,364.6499938964844,13330099
2024-07-22,364.75,377.25,362.3500061035156,373.5,18715538
2024-07-23,376.70001220703125,385.6499938964844,361.54998779296875,382.45001220703125,49882257
2024-07-24,384.1000061035156,395.0,381.70001220703125,392.6000061035156,36868466
2024-07-25,390.95001220703125,396.29998779296875,386.25,392.1499938964844,25973101
2024-07-26,394.95001220703125,399.5,389.70001220703125,396.29998779296875,20381410
2024-07-29,404.0,408.29998779296875,392.6499938964844,393.8999938964844,27751449
2024-07-30,397.0,412.70001220703125,397.0,406.95001220703125,34447139
2024-07-31,409.5,417.3999938964844,408.54998779296875,416.0,29727771
2024-08-01,419.8999938964844,424.3500061035156,415.6000061035156,423.45001220703125,28803487
2024-08-02,416.25,426.29998779296875,413.3500061035156,419.70001220703125,24233263
2024-08-05,407.6499938964844,415.6499938964844,404.6499938964844,413.25,42489503
2024-08-06,413.25,424.95001220703125,413.25,415.0,18230579
2024-08-07,421.0,421.0,415.0,416.29998779296875,15556736
2024-08-08,416.3500061035156,417.0,405.79998779296875,407.70001220703125,16447385
2024-08-09,413.79998779296875,416.3500061035156,408.20001220703125,410.6499938964844,10954753
2024-08-12,410.0,410.0,400.1000061035156,400.8500061035156,26254763
2024-08-13,403.0,404.5,395.0,396.20001220703125,11355664
2024-08-14,398.8999938964844,400.0,393.6499938964844,396.3500061035156,9424614
2024-08-16,398.04998779296875,400.95001220703125,393.29998779296875,398.04998779296875,13844122
2024-08-19,402.29998779296875,407.5,401.45001220703125,403.1000061035156,10677045
2024-08-20,404.54998779296875,408.20001220703125,403.1000061035156,406.25,10126083
2024-08-21,407.5,409.70001220703125,405.20001220703125,408.95001220703125,9726854
2024-08-22,409.79998779296875,410.04998779296875,402.25,403.3500061035156,10445288
2024-08-23,403.3500061035156,405.8999938964844,399.54998779296875,401.95001220703125,11513586
2024-08-26,402.45001220703125,415.95001220703125,401.95001220703125,414.8500061035156,13772637
2024-08-27,415.5,416.20001220703125,409.1000061035156,409.6499938964844,8441188
2024-08-28,410.04998779296875,414.3999938964844,407.3500061035156,409.04998779296875,15884745
2024-08-29,409.04998779296875,412.6000061035156,403.75,409.8999938964844,19014705
2024-08-30,412.70001220703125,419.20001220703125,411.5,416.20001220703125,22633988
2024-09-02,417.79998779296875,419.1000061035156,407.70001220703125,410.0,11107165
2024-09-03,410.5,411.54998779296875,405.6000061035156,406.3999938964844,7538160
2024-09-04,400.0,408.25,399.8999938964844,405.1000061035156,11052003
2024-09-05,405.3500061035156,408.3999938964844,401.8500061035156,403.25,14246871
2024-09-06,403.25,404.6499938964844,392.70001220703125,394.79998779296875,17956121
2024-09-09,391.20001220703125,392.75,385.29998779296875,389.8500061035156,12293356
2024-09-10,390.1000061035156,399.3999938964844,389.75,396.29998779296875,15852309
2024-09-11,399.0,399.29998779296875,387.5,389.6499938964844,11492592
2024-09-12,391.0,406.25,390.6499938964844,404.8500061035156,24028069
2024-09-13,404.8500061035156,407.29998779296875,399.3500061035156,401.3999938964844,12017217
2024-09-16,402.45001220703125,412.0,402.0,411.1000061035156,11479712
2024-09-17,411.8500061035156,417.6499938964844,410.1000061035156,416.29998779296875,14432501
2024-09-18,418.5,419.75,413.0,414.1499938964844,10303840
2024-09-19,424.0,431.8500061035156,420.54998779296875,423.95001220703125,59601773
2024-09-20,428.04998779296875,429.8500061035156,416.54998779296875,423.95001220703125,36084164
2024-09-23,427.5,430.5,425.0,428.3500061035156,14139629
2024-09-24,431.45001220703125,431.45001220703125,427.0,428.1000061035156,12539885
2024-09-25,428.1000061035156,437.0,425.6499938964844,436.1000061035156,19443168
2024-09-26,437.95001220703125,437.95001220703125,430.54998779296875,434.6000061035156,20041825
2024-09-27,436.0,442.5,433.5,436.8999938964844,53885913
2024-09-30,436.8999938964844,448.45001220703125,433.6000061035156,443.20001220703125,20903229
2024-10-01,446.0,447.75,438.79998779296875,440.1000061035156,15984996
2024-10-03,432.0,442.5,432.0,435.3500061035156,13563784
2024-10-04,432.8999938964844,439.3500061035156,426.29998779296875,430.45001220703125,18347292
2024-10-07,430.6000061035156,433.0,409.04998779296875,415.45001220703125,23431004
2024-10-08,414.0,427.70001220703125,411.29998779296875,420.95001220703125,18706355
2024-10-09,424.45001220703125,424.75,417.0,418.45001220703125,13916492
2024-10-10,420.70001220703125,429.8999938964844,420.5,422.70001220703125,15866037
2024-10-11,423.95001220703125,426.6499938964844,419.6000061035156,422.5,8639087
2024-10-14,424.6000061035156,426.0,420.0,424.5,8483177
2024-10-15,426.6499938964844,427.20001220703125,423.54998779296875,426.6000061035156,9365964
2024-10-16,425.29998779296875,429.3999938964844,421.25,424.25,6219440
2024-10-17,423.6499938964844,425.6000061035156,416.6000061035156,417.75,11968387
2024-10-18,417.70001220703125,425.95001220703125,414.45001220703125,424.95001220703125,8828971
2024-10-21,426.04998779296875,428.75,419.1000061035156,425.0,9139781
2024-10-22,422.8500061035156,426.29998779296875,413.45001220703125,415.75,14242323
2024-10-23,414.0,414.75,401.70001220703125,408.29998779296875,22522821
2024-10-24,409.25,415.25,406.79998779296875,411.8999938964844,9400171
2024-10-25,402.5,407.5,391.6000061035156,398.8999938964844,19642277
2024-10-28,398.8999938964844,406.5,397.79998779296875,403.8999938964844,11716022
2024-10-29,409.0,414.29998779296875,404.45001220703125,412.1499938964844,20284308
2024-10-30,414.1499938964844,414.79998779296875,405.79998779296875,408.5,12264297
2024-10-31,409.0,410.6499938964844,403.5,408.1499938964844,12204072
2024-11-01,412.0,415.45001220703125,410.3500061035156,411.3500061035156,2145479
2024-11-04,413.8500061035156,414.29998779296875,393.70001220703125,400.95001220703125,13866505
2024-11-05,400.0,404.1000061035156,397.1499938964844,403.1000061035156,6665326
2024-11-06,406.70001220703125,410.79998779296875,403.1499938964844,408.8999938964844,9700643
2024-11-07,410.8999938964844,410.8999938964844,402.0,403.79998779296875,7589295
2024-11-08,403.1499938964844,404.20001220703125,395.54998779296875,397.6499938964844,7536509
2024-11-11,398.1499938964844,400.8999938964844,391.79998779296875,392.54998779296875,12243693
2024-11-12,393.1499938964844,394.79998779296875,379.04998779296875,380.29998779296875,10549517
2024-11-13,384.0,387.6000061035156,379.3500061035156,381.3500061035156,20602407
2024-11-14,380.04998779296875,385.20001220703125,371.3500061035156,372.5,15086601
2024-11-18,380.0,380.0,362.6499938964844,366.70001220703125,16383636
2024-11-19,368.0,378.5,365.04998779296875,366.70001220703125,17055094
2024-11-21,363.70001220703125,364.3500061035156,354.79998779296875,356.1499938964844,21276150
2024-11-22,357.04998779296875,367.1000061035156,355.70001220703125,365.45001220703125,15949254
2024-11-25,374.0,377.20001220703125,367.5,368.3999938964844,18388844
2024-11-26,370.0,370.3999938964844,360.25,361.6499938964844,11222231
2024-11-27,363.79998779296875,371.6000061035156,361.3500061035156,369.29998779296875,14225274
2024-11-28,369.70001220703125,371.8500061035156,359.6000061035156,362.04998779296875,16837860
2024-11-29,363.25,365.3999938964844,360.20001220703125,363.6499938964844,14280017
2024-12-02,363.6499938964844,363.8999938964844,357.0,358.20001220703125,12510350
2024-12-03,359.0,370.0,358.20001220703125,367.45001220703125,14205760
2024-12-04,368.95001220703125,375.1499938964844,368.0,372.75,22035954
2024-12-05,372.75,373.95001220703125,364.3999938964844,369.1499938964844,18758283
2024-12-06,369.45001220703125,371.20001220703125,368.04998779296875,369.5,9736086
2024-12-09,370.8999938964844,373.29998779296875,367.75,369.8500061035156,10878679
2024-12-10,369.0,371.20001220703125,366.3999938964844,369.1499938964844,7913822
2024-12-11,369.25,370.75,364.70001220703125,365.5,9998662
2024-12-12,366.0,367.0,353.0,355.6000061035156,22538216
2024-12-13,355.75,358.29998779296875,348.04998779296875,357.1499938964844,14269143
2024-12-16,357.1499938964844,358.8999938964844,351.70001220703125,352.8999938964844,12168143
2024-12-17,352.0,353.8500061035156,347.25,349.04998779296875,15646176
2024-12-18,349.54998779296875,351.0,340.0,341.75,14672392
2024-12-19,337.0,340.6000061035156,335.04998779296875,337.3999938964844,14513129
2024-12-20,337.79998779296875,343.8999938964844,331.0,333.25,20375797
2024-12-23,335.8999938964844,338.25,330.5,333.6499938964844,8884187
2024-12-24,335.1000061035156,336.8500061035156,331.75,335.29998779296875,7755462
2024-12-26,335.29998779296875,337.3999938964844,332.25,334.6499938964844,9030212
2024-12-27,336.6499938964844,340.0,334.20001220703125,335.0,9090597
2024-12-30,335.0,336.79998779296875,327.3999938964844,331.3999938964844,36657549
2024-12-31,330.1000061035156,334.6000061035156,326.20001220703125,333.3500061035156,8580998
2025-01-01,333.0,334.6499938964844,328.79998779296875,333.6499938964844,7843971
2025-01-02,333.6499938964844,338.6000061035156,330.0,338.0,16543382
2025-01-03,338.04998779296875,344.5,337.04998779296875,339.8500061035156,8689629
2025-01-06,341.70001220703125,341.70001220703125,326.45001220703125,327.5,10538077
2025-01-07,327.0,330.3500061035156,325.1000061035156,328.6000061035156,13891401
2025-01-08,330.5,330.5,321.8500061035156,325.3999938964844,8993608
2025-01-09,324.04998779296875,325.95001220703125,319.79998779296875,320.3500061035156,12403467
2025-01-10,320.3500061035156,321.0,307.6000061035156,308.25,15941143
2025-01-13,301.1000061035156,309.95001220703125,296.8500061035156,298.20001220703125,29630336
2025-01-14,300.45001220703125,312.70001220703125,300.20001220703125,310.3999938964844,22732888
2025-01-15,312.54998779296875,324.29998779296875,312.54998779296875,321.3500061035156,21894626
2025-01-16,324.70001220703125,327.29998779296875,321.6499938964844,325.5,14865186
2025-01-17,325.29998779296875,329.0,323.3500061035156,326.1499938964844,7129232
2025-01-20,326.20001220703125,337.0,324.54998779296875,336.04998779296875,17991880
2025-01-21,337.79998779296875,338.25,323.79998779296875,324.29998779296875,12774630
2025-01-22,327.0,327.0,317.3500061035156,322.3999938964844,11068145
2025-01-23,321.0,325.1000061035156,319.54998779296875,323.6499938964844,6477347
2025-01-24,324.79998779296875,329.8999938964844,322.1000061035156,323.6499938964844,7492600
2025-01-27,323.6499938964844,325.04998779296875,315.0,322.20001220703125,13803855
2025-01-28,322.5,323.8500061035156,308.1499938964844,318.25,22008929
2025-01-29,320.0,322.8999938964844,313.29998779296875,321.25,16056888
2025-01-30,322.25,326.79998779296875,321.1499938964844,323.0,10375720
2025-01-31,322.45001220703125,326.25,317.54998779296875,324.0,13195557
2025-02-01,326.04998779296875,330.79998779296875,316.75,317.70001220703125,10097627
2025-02-03,310.1000061035156,314.04998779296875,304.0,311.25,15881217
2025-02-04,314.8500061035156,320.45001220703125,310.29998779296875,319.1000061035156,12141064
2025-02-05,321.0,323.04998779296875,318.3999938964844,319.6000061035156,12226722
2025-02-06,322.6000061035156,322.70001220703125,311.3999938964844,312.79998779296875,13384442
2025-02-07,313.5,319.25,312.1000061035156,316.95001220703125,8937447
2025-02-10,316.5,316.8500061035156,309.0,310.5,6806132
2025-02-11,312.3500061035156,312.3500061035156,304.1499938964844,305.6000061035156,13241830
2025-02-12,306.20001220703125,307.5,300.0,306.25,7616083
2025-02-13,306.1499938964844,308.6000061035156,303.1000061035156,306.70001220703125,9086906
2025-02-14,306.8500061035156,308.25,298.3500061035156,300.3500061035156,7446248
2025-02-17,297.5,303.20001220703125,292.79998779296875,302.3500061035156,6464173
2025-02-18,301.1499938964844,312.3999938964844,297.5,311.20001220703125,15793327
2025-02-19,311.20001220703125,316.3500061035156,310.6000061035156,314.79998779296875,13079903
2025-02-20,312.54998779296875,327.1499938964844,311.5,325.1499938964844,22888146
2025-02-21,323.29998779296875,329.75,321.54998779296875,326.25,10809296
2025-02-24,322.1000061035156,325.3999938964844,319.45001220703125,320.1000061035156,6034113
2025-02-25,320.1000061035156,321.5,315.75,318.70001220703125,10686112
2025-02-27,315.3500061035156,319.29998779296875,314.5,315.70001220703125,7302366
2025-02-28,314.0,315.6499938964844,306.54998779296875,311.45001220703125,21127180
2025-03-03,311.29998779296875,317.79998779296875,307.70001220703125,314.3999938964844,9779703
2025-03-04,311.29998779296875,314.8999938964844,308.0,313.75,8734999
2025-03-05,313.54998779296875,327.29998779296875,313.5,326.20001220703125,10493615
2025-03-06,329.0,338.79998779296875,323.20001220703125,337.8999938964844,26294903
2025-03-07,335.8500061035156,338.75,328.70001220703125,329.54998779296875,8992315
2025-03-10,329.45001220703125,334.95001220703125,326.29998779296875,329.3999938964844,11383132
2025-03-11,327.0,333.25,323.70001220703125,330.29998779296875,10299324
2025-03-12,331.0,334.79998779296875,326.3999938964844,330.1499938964844,6984859
2025-03-13,332.0,334.54998779296875,328.45001220703125,331.8999938964844,8965150
2025-03-17,332.95001220703125,334.5,330.5,331.6499938964844,4353561
2025-03-18,331.6499938964844,331.6499938964844,331.6499938964844,331.6499938964844,0
2025-03-19,339.0,343.8999938964844,336.3500061035156,341.29998779296875,30582397
2025-03-20,344.70001220703125,344.70001220703125,340.29998779296875,341.75,15002119
2025-03-21,342.0,353.8500061035156,341.75,351.29998779296875,36406837
2025-03-24,357.0,368.0,353.6499938964844,366.95001220703125,24588471
2025-03-25,369.0,371.45001220703125,364.1499938964844,366.95001220703125,23189083
2025-03-26,366.95001220703125,369.0,353.29998779296875,354.6499938964844,18668095
2025-03-27,353.8999938964844,364.45001220703125,351.0,360.6499938964844,37930538
2025-03-28,362.0,364.29998779296875,356.45001220703125,357.6000061035156,11327077
2025-04-01,352.3500061035156,362.8999938964844,350.8500061035156,352.1499938964844,18736320
2025-04-02,352.1499938964844,353.45001220703125,347.04998779296875,351.75,13593404
2025-04-03,351.75,361.3500061035156,351.75,358.8999938964844,10317410
2025-04-04,358.8500061035156,358.8500061035156,348.54998779296875,350.3999938964844,10872963
2025-04-07,328.0,351.3999938964844,324.0,349.79998779296875,18025165
2025-04-08,356.8500061035156,358.25,350.0,352.95001220703125,17506712
2025-04-09,354.0,354.79998779296875,348.20001220703125,349.3500061035156,7462119
2025-04-11,351.0,361.5,351.0,360.1000061035156,11246077
2025-04-15,367.0,368.45001220703125,361.54998779296875,362.5,17497327
2025-04-16,362.5,363.0,357.8999938964844,359.29998779296875,11541484
2025-04-17,359.25,365.45001220703125,357.25,364.0,12288196
2025-04-21,365.79998779296875,368.20001220703125,361.79998779296875,364.54998779296875,7375594
2025-04-22,367.04998779296875,367.04998779296875,359.70001220703125,360.25,12077119
2025-04-23,362.95001220703125,364.25,357.8999938964844,363.79998779296875,9719205
2025-04-24,363.75,366.45001220703125,361.6000061035156,363.20001220703125,7491123
2025-04-25,363.20001220703125,365.79998779296875,351.1000061035156,356.45001220703125,9785640
2025-04-28,353.70001220703125,362.8999938964844,353.70001220703125,361.5,5315840
2025-04-29,364.0,364.3500061035156,354.1000061035156,356.95001220703125,9472828
2025-04-30,357.0,361.0,352.0,354.54998779296875,16739088
2025-05-02,354.54998779296875,358.0,347.6000061035156,348.70001220703125,8221620
2025-05-05,351.0,352.0,345.54998779296875,348.6000061035156,9492646
2025-05-06,349.0,349.5,340.0,341.79998779296875,8904223
2025-05-07,338.0,343.70001220703125,337.0,342.04998779296875,8465490
2025-05-08,341.04998779296875,343.1000061035156,338.3999938964844,340.0,14286109
2025-05-09,334.20001220703125,338.75,330.6000061035156,334.75,11322011
2025-05-12,340.3999938964844,349.20001220703125,338.1000061035156,348.54998779296875,7978210
2025-05-13,348.6000061035156,349.79998779296875,340.5,341.5,14738980
2025-05-14,342.45001220703125,343.8500061035156,337.75,338.54998779296875,22485535
2025-05-15,339.5,343.75,332.6499938964844,341.95001220703125,43307763
2025-05-16,343.0,347.6000061035156,342.0,343.1000061035156,6920351
2025-05-19,343.1000061035156,347.70001220703125,342.3999938964844,345.1499938964844,6218209
2025-05-20,346.8999938964844,349.70001220703125,341.54998779296875,342.6000061035156,9986143
2025-05-21,342.54998779296875,347.3999938964844,339.8500061035156,346.1499938964844,5930972
2025-05-22,346.1499938964844,347.0,338.25,341.3999938964844,8717514
2025-05-23,342.0,344.95001220703125,340.1499938964844,344.6000061035156,4045937
2025-05-26,351.0,351.20001220703125,342.54998779296875,343.5,16655082
2025-05-27,344.0,344.5,336.79998779296875,338.54998779296875,24937330
2025-05-28,338.6000061035156,340.70001220703125,337.1000061035156,340.04998779296875,10985957
2025-05-29,341.0,342.25,338.04998779296875,339.3500061035156,15884093
2025-05-30,337.5,340.75,332.8500061035156,333.8999938964844,19143010
2025-06-02,333.8999938964844,334.79998779296875,330.29998779296875,332.54998779296875,29479727
2025-06-03,333.0,334.75,327.0,328.25,14081719
2025-06-04,329.0,329.95001220703125,324.8500061035156,329.25,15654279
2025-06-05,329.20001220703125,331.6000061035156,327.6000061035156,328.6499938964844,16270360
2025-06-06,329.6499938964844,333.5,329.04998779296875,332.8500061035156,11402511
2025-06-09,333.8999938964844,337.54998779296875,332.75,337.1000061035156,19416373
2025-06-10,338.79998779296875,340.8999938964844,336.79998779296875,339.20001220703125,12061248
2025-06-11,341.0,342.6000061035156,337.45001220703125,338.1000061035156,10807496
2025-06-12,338.1499938964844,341.6499938964844,332.6499938964844,333.70001220703125,11881618
2025-06-13,326.79998779296875,332.8999938964844,326.6000061035156,331.95001220703125,11711773
2025-06-16,332.0,334.6499938964844,330.6000061035156,333.70001220703125,8065112
2025-06-17,334.0,336.8999938964844,333.1000061035156,335.20001220703125,6796992
2025-06-18,335.20001220703125,335.8999938964844,330.75,332.3999938964844,17835507
2025-06-19,332.3999938964844,333.1499938964844,328.54998779296875,330.04998779296875,11610604
2025-06-20,330.0,336.0,329.70001220703125,335.20001220703125,16592862
2025-06-23,333.70001220703125,335.70001220703125,330.3500061035156,332.6000061035156,8277787
2025-06-24,331.0,331.70001220703125,321.3500061035156,329.95001220703125,100814893
2025-06-25,331.5,333.70001220703125,329.3999938964844,330.8500061035156,17963666
2025-06-26,332.3999938964844,337.79998779296875,331.29998779296875,337.1499938964844,13754087
2025-06-27,338.95001220703125,341.29998779296875,334.45001220703125,338.29998779296875,50845169
2025-06-30,335.75,337.25,333.6499938964844,334.8999938964844,11858890
2025-07-01,335.25,335.25,332.1499938964844,332.6000061035156,8903292
2025-07-02,332.6499938964844,335.6499938964844,331.29998779296875,333.75,11326880
2025-07-03,334.6000061035156,336.3500061035156,331.0,334.6000061035156,15786429
2025-07-04,335.70001220703125,336.0,332.25,335.5,5899185
2025-07-07,335.5,339.0,333.75,337.45001220703125,9454556
2025-07-08,338.20001220703125,343.8999938964844,337.0,343.20001220703125,12092302
2025-07-09,343.25,345.6000061035156,342.79998779296875,344.0,9079872
2025-07-10,344.0,345.0,341.20001220703125,341.45001220703125,6426072
2025-07-11,340.5,344.0,339.5,342.70001220703125,17234194
2025-07-14,343.04998779296875,345.0,339.95001220703125,342.1000061035156,11516965
2025-07-15,343.1499938964844,344.1000061035156,340.95001220703125,342.0,8450777
2025-07-16,342.0,343.79998779296875,340.79998779296875,342.45001220703125,6001484
2025-07-17,344.20001220703125,344.5,342.0,342.6499938964844,7562006
2025-07-18,343.0,343.8999938964844,340.6499938964844,342.1000061035156,6370338
2025-07-21,342.1000061035156,342.79998779296875,339.29998779296875,341.54998779296875,4463318
2025-07-22,341.54998779296875,342.6000061035156,340.04998779296875,340.8500061035156,4728372
2025-07-23,341.79998779296875,344.0,340.95001220703125,343.04998779296875,5058422
2025-07-24,343.6000061035156,343.6000061035156,336.5,338.8999938964844,9098453
2025-07-25,338.8999938964844,339.8999938964844,332.54998779296875,333.20001220703125,7790739
2025-07-28,333.45001220703125,336.6000061035156,330.3500061035156,332.95001220703125,4605823
2025-07-29,332.0,335.5,328.5,334.6000061035156,7551356
2025-07-30,335.0,342.29998779296875,332.5,338.79998779296875,12537358
2025-07-31,336.04998779296875,340.1000061035156,333.0,334.25,8935384
2025-08-01,333.0,334.75,330.20001220703125,330.8999938964844,7107542
2025-08-04,330.8999938964844,333.29998779296875,327.20001220703125,332.0,8193399
2025-08-05,332.45001220703125,334.3500061035156,331.29998779296875,333.6000061035156,9855535
2025-08-06,333.6000061035156,335.3999938964844,331.6000061035156,332.1000061035156,13872826
2025-08-07,332.1000061035156,332.45001220703125,328.6499938964844,329.75,8731389
2025-08-08,330.0,337.5,329.6499938964844,334.75,11247218
2025-08-11,335.0,339.1000061035156,333.95001220703125,336.1499938964844,11993280
2025-08-12,336.25,341.8500061035156,335.75,340.1000061035156,7221182
2025-08-13,340.29998779296875,343.0,339.1499938964844,339.95001220703125,5417151
2025-08-14,339.95001220703125,340.45001220703125,336.29998779296875,339.3500061035156,5689423
2025-08-18,341.45001220703125,341.79998779296875,335.45001220703125,336.04998779296875,6511340
2025-08-19,338.8999938964844,340.6499938964844,334.1499938964844,335.04998779296875,10316115
2025-08-20,337.79998779296875,343.3999938964844,336.5,342.0,10824544
2025-08-21,342.3500061035156,344.3500061035156,336.8999938964844,338.79998779296875,11135121
2025-08-22,338.5,338.8999938964844,335.5,337.0,8534844
2025-08-25,337.04998779296875,341.3999938964844,337.04998779296875,337.8500061035156,7142387
2025-08-26,336.1499938964844,337.3999938964844,331.75,333.20001220703125,13113388
2025-08-28,331.25,332.8999938964844,328.70001220703125,330.79998779296875,10486948
2025-08-29,331.0,331.5,327.0,327.54998779296875,11813425
2025-09-01,328.0,331.6000061035156,328.0,330.70001220703125,6897558
2025-09-02,331.1000061035156,338.25,331.1000061035156,336.29998779296875,9224639
2025-09-03,336.5,338.0,333.5,334.25,10778333
2025-09-04,333.5,334.8999938964844,329.29998779296875,330.04998779296875,7934237
2025-09-05,330.04998779296875,331.79998779296875,325.95001220703125,328.70001220703125,5678244
2025-09-08,328.75,330.95001220703125,326.3500061035156,326.70001220703125,5239184
2025-09-09,327.6000061035156,328.1499938964844,323.6499938964844,324.1000061035156,9735495
2025-09-10,325.5,328.04998779296875,325.1499938964844,325.6499938964844,6509477
2025-09-11,326.45001220703125,333.5,326.0,331.04998779296875,10309925
2025-09-12,332.0,333.5,328.3999938964844,331.70001220703125,5257048
2025-09-15,331.0,333.79998779296875,330.6499938964844,331.1000061035156,6566824
2025-09-16,331.20001220703125,335.79998779296875,331.20001220703125,335.04998779296875,8784889
2025-09-17,335.5,337.45001220703125,334.54998779296875,336.3999938964844,7936518
2025-09-18,337.0,337.6000061035156,334.1000061035156,336.95001220703125,6497322
2025-09-19,336.95001220703125,339.5,336.45001220703125,338.6499938964844,10646331
2025-09-22,339.1499938964844,340.3500061035156,336.8500061035156,339.20001220703125,6966213
2025-09-23,339.45001220703125,344.1000061035156,338.1000061035156,343.0,10738268
2025-09-24,343.29998779296875,350.3999938964844,342.25,347.6000061035156,14653575
2025-09-25,349.29998779296875,350.79998779296875,340.0,340.5,13228081
2025-09-26,340.5,340.75,336.45001220703125,337.8999938964844,6337702
2025-09-29,339.1000061035156,343.75,338.0,340.95001220703125,16922231
2025-09-30,341.1000061035156,343.04998779296875,339.1499938964844,340.45001220703125,8308029
2025-10-01,340.29998779296875,343.04998779296875,338.04998779296875,340.25,6022078
2025-10-03,340.25,343.5,338.75,342.0,8506827
2025-10-06,340.6000061035156,341.79998779296875,335.6499938964844,339.1000061035156,8436245
2025-10-07,339.1000061035156,341.3999938964844,336.8500061035156,338.0,16130172
2025-10-08,339.25,339.25,332.29998779296875,333.79998779296875,13223442
2025-10-09,333.79998779296875,336.3999938964844,331.20001220703125,335.8500061035156,6824759
2025-10-10,336.0,341.95001220703125,335.95001220703125,339.70001220703125,8970962
2025-10-13,337.95001220703125,342.1000061035156,336.20001220703125,341.70001220703125,6663149
2025-10-14,342.0,343.0,335.20001220703125,336.6499938964844,7545848
2025-10-15,336.95001220703125,341.75,336.75,339.25,8121744
2025-10-16,340.20001220703125,342.6000061035156,339.6499938964844,341.5,6788416
2025-10-17,341.5,344.20001220703125,340.1499938964844,341.0,7032129
2025-10-20,341.3999938964844,344.45001220703125,340.29998779296875,341.95001220703125,6896835
2025-10-21,342.95001220703125,343.5,341.04998779296875,342.0,346988
2025-10-23,343.79998779296875,345.20001220703125,341.04998779296875,342.6499938964844,8710859
2025-10-24,342.45001220703125,343.25,338.1499938964844,339.6000061035156,7584711
2025-10-27,340.70001220703125,342.8999938964844,340.45001220703125,341.75,6752390
2025-10-28,342.3999938964844,342.8999938964844,337.29998779296875,339.1499938964844,13186584
2025-10-29,339.25,350.0,339.1499938964844,347.5,15423201
2025-10-30,349.0,349.0,343.45001220703125,345.1499938964844,6721032
2025-10-31,345.0,345.0,335.6000061035156,336.95001220703125,18651312
2025-11-03,336.8500061035156,337.5,333.3999938964844,335.20001220703125,10242245
2025-11-04,335.3999938964844,336.0,329.70001220703125,330.6000061035156,11887651
2025-11-06,332.04998779296875,332.95001220703125,324.6000061035156,326.6499938964844,11587302
2025-11-07,324.3999938964844,327.1000061035156,320.8500061035156,326.1000061035156,8578167
2025-11-10,326.1000061035156,328.25,324.0,325.45001220703125,5246998
2025-11-11,325.95001220703125,327.45001220703125,322.8500061035156,326.6499938964844,6103758
2025-11-12,327.5,328.25,325.54998779296875,327.1499938964844,6850550
2025-11-13,327.1499938964844,329.95001220703125,325.54998779296875,326.95001220703125,7276001
2025-11-14,327.0,329.8999938964844,326.20001220703125,328.45001220703125,9169855
2025-11-17,329.0,331.45001220703125,328.54998779296875,330.20001220703125,6283156
2025-11-18,329.04998779296875,329.75,327.1499938964844,328.45001220703125,6776200
2025-11-19,328.95001220703125,328.95001220703125,325.04998779296875,326.6000061035156,6935056
2025-11-20,328.0,330.0,326.20001220703125,326.6000061035156,5155775
2025-11-21,326.8500061035156,328.3999938964844,325.0,326.6499938964844,6142545
2025-11-24,326.70001220703125,327.1000061035156,322.04998779296875,323.45001220703125,13719726
2025-11-25,323.45001220703125,325.6000061035156,322.5,323.70001220703125,8074651
2025-11-26,324.29998779296875,327.79998779296875,324.0,326.1000061035156,7101095
2025-11-27,327.1499938964844,328.75,325.0,327.3500061035156,6755179
2025-11-28,328.0,328.1499938964844,324.25,326.45001220703125,8930988
2025-12-01,327.1000061035156,328.25,325.45001220703125,327.1000061035156,6936186
2025-12-02,327.45001220703125,329.95001220703125,326.75,328.6000061035156,5806943
2025-12-03,329.0,329.0,321.29998779296875,322.95001220703125,8546132
2025-12-04,322.8999938964844,324.29998779296875,321.1000061035156,322.95001220703125,5965357
2025-12-05,322.25,324.1499938964844,320.95001220703125,323.29998779296875,6574010
2025-12-08,323.20001220703125,323.20001220703125,317.8500061035156,319.5,7906928
2025-12-09,317.45001220703125,321.3999938964844,315.54998779296875,319.8500061035156,7152584
2025-12-10,319.8500061035156,323.70001220703125,319.5,321.6000061035156,5484712
2025-12-11,321.6499938964844,323.45001220703125,319.1499938964844,322.6000061035156,6317942
2025-12-12,322.8999938964844,325.95001220703125,322.8999938964844,325.04998779296875,4261023
2025-12-15,323.04998779296875,325.29998779296875,321.54998779296875,323.95001220703125,10219819
2025-12-16,322.04998779296875,323.79998779296875,319.04998779296875,321.0,5241263
2025-12-17,320.0,322.3999938964844,319.54998779296875,321.25,5043027
2025-12-18,322.0,322.1499938964844,317.0,318.5,5554193
2025-12-19,318.95001220703125,320.6000061035156,317.5,319.8999938964844,10833662
2025-12-22,319.95001220703125,323.6499938964844,319.5,320.70001220703125,8925871
2025-12-23,321.04998779296875,324.75,320.25,323.25,6024641
2025-12-24,323.8999938964844,326.6499938964844,322.25,322.54998779296875,5678004
2025-12-26,322.54998779296875,325.75,322.29998779296875,324.1000061035156,4174183
2025-12-29,324.1000061035156,325.79998779296875,323.04998779296875,325.5,14043845
2025-12-30,325.0,325.54998779296875,323.3500061035156,324.8999938964844,8035909
2025-12-31,324.75,330.6499938964844,324.70001220703125,329.54998779296875,8497983
2026-01-01,329.79998779296875,336.8999938964844,329.6000061035156,336.29998779296875,10357315
2026-01-02,336.79998779296875,353.0,335.95001220703125,352.1000061035156,23128940
2026-01-05,350.3500061035156,354.79998779296875,348.3999938964844,350.6000061035156,18248271
2026-01-06,349.8999938964844,354.1000061035156,346.1499938964844,350.79998779296875,8641743
2026-01-07,349.54998779296875,351.3500061035156,346.29998779296875,348.8500061035156,7165806
2026-01-08,346.75,349.79998779296875,342.20001220703125,344.3999938964844,8805975
2026-01-09,344.3999938964844,344.3999938964844,334.3999938964844,336.0,10161744
2026-01-12,336.75,340.6499938964844,333.70001220703125,337.45001220703125,9406174
2026-01-13,337.45001220703125,339.25,335.04998779296875,337.8999938964844,5583379
2026-01-14,338.8999938964844,350.5,337.45001220703125,349.1000061035156,20389924
2026-01-15,349.1000061035156,349.1000061035156,349.1000061035156,349.1000061035156,0
2026-01-16,352.6499938964844,354.04998779296875,345.3999938964844,346.3500061035156,14275582
2026-01-19,343.5,347.95001220703125,342.04998779296875,343.3500061035156,9974363
2026-01-20,343.0,348.29998779296875,337.70001220703125,338.75,7718407
2026-01-21,338.79998779296875,341.6000061035156,336.79998779296875,338.70001220703125,6948955
2026-01-22,338.70001220703125,343.20001220703125,337.1000061035156,342.45001220703125,5885972
2026-01-23,343.95001220703125,345.45001220703125,336.1000061035156,336.70001220703125,10084314
2026-01-27,340.5,346.5,337.04998779296875,344.70001220703125,12203590
2026-01-28,344.70001220703125,353.25,344.70001220703125,348.04998779296875,13566973
2026-01-29,350.0,360.5,347.29998779296875,358.1499938964844,20624409
2026-01-30,359.0,359.3500061035156,351.1000061035156,356.0,22641103
2026-02-02,344.95001220703125,352.75,337.75,350.3500061035156,12622760
2026-02-03,365.95001220703125,365.95001220703125,353.79998779296875,358.54998779296875,11559806
2026-02-04,359.45001220703125,368.54998779296875,357.6000061035156,367.25,15515053
2026-02-05,369.75,370.70001220703125,365.0,367.0,18789794
2026-02-06,361.79998779296875,365.95001220703125,361.0,365.04998779296875,7328789
2026-02-09,366.54998779296875,368.6000061035156,361.0,361.8999938964844,7983235
2026-02-10,361.8999938964844,368.1499938964844,361.25,366.8999938964844,8319282
2026-02-11,369.0,369.0,366.0,368.45001220703125,5782448
2026-02-12,370.0,372.0,366.8500061035156,368.25,6763353
2026-02-13,367.54998779296875,368.0,362.3999938964844,363.0,7111972
2026-02-16,362.6000061035156,369.6499938964844,362.5,369.1000061035156,6292850
2026-02-17,368.75,369.5,366.04998779296875,368.3999938964844,4442793
2026-02-18,368.45001220703125,370.70001220703125,367.3999938964844,368.3999938964844,4871319
2026-02-19,367.0,370.8999938964844,362.20001220703125,363.20001220703125,5375352
2026-02-20,362.79998779296875,373.6499938964844,362.70001220703125,372.95001220703125,16736731
2026-02-23,374.0,376.5,372.1499938964844,375.45001220703125,16135451
2026-02-24,374.95001220703125,385.0,373.54998779296875,382.75,20774629
2026-02-25,382.75,388.54998779296875,382.70001220703125,384.8999938964844,12750016
2026-02-26,385.0,385.8500061035156,378.3999938964844,381.8999938964844,10721570
2026-02-27,381.0,385.20001220703125,380.1499938964844,381.8999938964844,11548959
2026-03-02,365.0,378.95001220703125,365.0,377.54998779296875,14732253
2026-03-04,370.75,373.8500061035156,364.1000061035156,365.79998779296875,11433169
2026-03-05,366.95001220703125,379.8999938964844,366.6000061035156,378.04998779296875,16158714
2026-03-06,377.0,385.54998779296875,374.6499938964844,380.6000061035156,14940896
2026-03-09,373.0,379.0,371.3999938964844,376.25,11286578
2026-03-10,385.0,385.45001220703125,374.8500061035156,377.29998779296875,10875834
2026-03-11,377.5,383.8999938964844,376.45001220703125,379.8999938964844,9963701
2026-03-12,379.0,392.3999938964844,375.6499938964844,390.54998779296875,23847146
2026-03-13,391.8500061035156,394.5,383.20001220703125,384.45001220703125,27107369
2026-03-16,384.5,388.25,375.45001220703125,382.3999938964844,16793109
2026-03-17,382.8999938964844,385.8999938964844,378.29998779296875,383.3500061035156,9720902
2026-03-18,385.0,386.3500061035156,377.6000061035156,378.5,10681498
2026-03-19,373.5,380.75,373.1000061035156,374.04998779296875,10568326
2026-03-20,375.8500061035156,383.29998779296875,375.5,380.95001220703125,20930288
2026-03-23,377.1000061035156,379.5,369.29998779296875,372.3999938964844,13148432
2026-03-24,378.0,378.1499938964844,371.0,375.54998779296875,9339144
2026-03-25,376.0,380.95001220703125,375.6000061035156,378.3999938964844,9266292
2026-03-27,379.8999938964844,379.8999938964844,374.6499938964844,375.6499938964844,20263654
2026-03-30,374.0,377.95001220703125,369.6499938964844,370.6499938964844,17974103
2026-04-01,381.29998779296875,381.8999938964844,361.45001220703125,364.6499938964844,15449629
2026-04-02,359.95001220703125,361.29998779296875,352.0,359.6499938964844,16551512
2026-04-06,358.79998779296875,366.75,355.70001220703125,366.1000061035156,11534034
2026-04-07,364.8500061035156,369.79998779296875,362.25,368.8500061035156,12603971
2026-04-08,373.5,375.54998779296875,368.25,374.1499938964844,19491331
2026-04-09,376.95001220703125,384.20001220703125,376.5,378.6499938964844,18503665
2026-04-10,381.20001220703125,384.45001220703125,372.04998779296875,380.1499938964844,14953758
2026-04-13,374.3500061035156,388.0,374.3500061035156,386.25,15240045
2026-04-15,390.25,393.95001220703125,387.1000061035156,392.6000061035156,7722460
2026-04-16,397.0,397.25,387.79998779296875,390.79998779296875,9896906
2026-04-17,393.0,396.25,388.45001220703125,393.6000061035156,15320653
2026-04-20,393.0,400.8500061035156,390.6499938964844,398.0,9895187
2026-04-21,398.6000061035156,402.70001220703125,395.70001220703125,396.20001220703125,9493644
2026-04-22,398.0,407.25,393.20001220703125,405.3999938964844,16411131
2026-04-23,404.0,405.8999938964844,400.3999938964844,402.25,9144699
2026-04-24,404.75,405.25,399.20001220703125,401.8500061035156,6266676
2026-04-27,403.8999938964844,414.3999938964844,402.6000061035156,410.20001220703125,13001752
2026-04-28,414.0,414.20001220703125,405.95001220703125,406.8500061035156,7726655
2026-04-29,409.5,410.0,399.6499938964844,401.29998779296875,11920835
2026-04-30,400.0,400.29998779296875,393.1499938964844,399.1499938964844,7706357
2026-05-01,399.1499938964844,399.1499938964844,399.1499938964844,399.1499938964844,0
2026-05-04,400.0,404.79998779296875,397.25,400.04998779296875,6333200
2026-05-05,398.29998779296875,400.5,394.54998779296875,398.6499938964844,6791514
2026-05-06,400.0,403.0,391.6499938964844,394.8500061035156,11120409
2026-05-07,396.75,403.5,393.1499938964844,400.3500061035156,9700378
2026-05-08,398.0,405.1000061035156,397.1499938964844,402.1499938964844,4740939
2026-05-11,401.8999938964844,405.0,391.0,392.95001220703125,10088836
2026-05-12,392.20001220703125,399.8500061035156,391.25,392.70001220703125,10247516
2026-05-13,392.0,394.04998779296875,385.79998779296875,390.45001220703125,12322076
2026-05-14,393.70001220703125,398.54998779296875,391.20001220703125,396.29998779296875,7363948
2026-05-15,396.0,398.0,392.5,395.25,7107857
2026-05-18,393.0,393.8500061035156,384.8999938964844,388.29998779296875,7632596
2026-05-19,386.70001220703125,392.75,386.04998779296875,389.3999938964844,6693518
2026-05-20,386.1000061035156,393.3500061035156,384.0,392.45001220703125,5386249
2026-05-21,393.5,395.54998779296875,387.8500061035156,388.79998779296875,10596954
2026-05-22,389.95001220703125,391.5,387.45001220703125,388.6499938964844,11755213
2026-05-25,391.95001220703125,392.79998779296875,386.45001220703125,390.04998779296875,10489850
2026-05-26,390.75,392.25,389.0,389.70001220703125,9062218
2026-05-27,390.3500061035156,403.1000061035156,390.3500061035156,398.1499938964844,14418621
2026-05-28,398.1499938964844,398.1499938964844,398.1499938964844,398.1499938964844,0
2026-05-29,400.0,401.6499938964844,385.1000061035156,386.8999938964844,17003143
2026-06-01,386.8999938964844,389.0,376.5,378.70001220703125,18408900
2026-06-02,375.95001220703125,377.5,363.04998779296875,367.3999938964844,17496468
2026-06-03,368.04998779296875,371.5,363.70001220703125,366.79998779296875,10825715
2026-06-04,366.79998779296875,368.79998779296875,364.3500061035156,366.3999938964844,14363519
2026-06-05,365.95001220703125,368.5,358.6499938964844,361.6499938964844,10277061
2026-06-08,358.95001220703125,365.3500061035156,355.1499938964844,362.3999938964844,14933986
2026-06-09,362.79998779296875,363.70001220703125,355.0,355.6499938964844,14246656
2026-06-10,359.0,359.0,351.1000061035156,351.6499938964844,14939921
2026-06-11,352.0,353.3500061035156,348.79998779296875,351.8500061035156,15079402
2026-06-12,357.0,357.0,349.70001220703125,353.8999938964844,8740239
2026-06-15,357.3999938964844,358.0,346.95001220703125,348.1000061035156,17190759
2026-06-16,349.75,356.20001220703125,348.5,355.54998779296875,14555184
2026-06-17,355.54998779296875,356.04998779296875,352.04998779296875,355.54998779296875,9299676
2026-06-18,357.0,363.54998779296875,354.04998779296875,361.95001220703125,12260776
2026-06-19,361.95001220703125,368.0,359.95001220703125,365.79998779296875,17465450
2026-06-22,365.79998779296875,368.5,364.04998779296875,367.04998779296875,11946682
2026-06-23,367.8500061035156,369.25,361.8999938964844,364.6000061035156,11696171
2026-06-24,362.8500061035156,364.04998779296875,355.5,357.04998779296875,12770898
2026-06-25,356.45001220703125,359.0,351.45001220703125,352.04998779296875,19767157
2026-06-26,352.04998779296875,352.04998779296875,352.04998779296875,352.04998779296875,0
2026-06-29,352.0,357.8999938964844,351.54998779296875,356.1000061035156,49895302
2026-06-30,354.75,358.3500061035156,352.8999938964844,356.6499938964844,10291360
2026-07-01,358.0,360.8500061035156,354.25,357.8999938964844,6915166
2026-07-02,359.95001220703125,359.95001220703125,352.29998779296875,358.25,6513560
2026-07-03,358.25,360.1499938964844,355.45001220703125,356.45001220703125,6588714
2026-07-06,356.0,359.3999938964844,354.6499938964844,356.25,6204261
2026-07-07,355.79998779296875,357.1499938964844,352.54998779296875,354.20001220703125,8149003
2026-07-08,351.95001220703125,353.0,347.54998779296875,348.70001220703125,9572223
2026-07-09,349.0,351.0,343.1000061035156,343.70001220703125,17821421
2026-07-10,344.5,348.79998779296875,343.20001220703125,344.54998779296875,13016441
2026-07-13,345.04998779296875,355.0,343.70001220703125,351.75,8226337
2026-07-14,348.5,353.95001220703125,347.5,348.1499938964844,8579646
2026-07-15,347.5,348.45001220703125,343.04998779296875,344.3500061035156,11352533
2026-07-16,344.20001220703125,346.04998779296875,342.1000061035156,342.45001220703125,10347549
2026-07-17,342.5,343.8999938964844,340.25,341.8500061035156,7612446
2026-07-20,343.0,349.29998779296875,341.1000061035156,347.25,14463484
2026-07-21,347.20001220703125,349.1499938964844,344.1499938964844,348.54998779296875,8575793
2026-07-22,347.3999938964844,350.8500061035156,345.6499938964844,350.5,7035952
2026-07-23,348.54998779296875,350.70001220703125,347.1000061035156,348.6000061035156,6863144
2026-07-24,347.95001220703125,350.0,345.1000061035156,347.20001220703125,6300466
2026-07-27,353.0,353.0,347.79998779296875,350.79998779296875,12350753
2026-07-28,349.95001220703125,350.0,342.1000061035156,343.75,12409670
2026-07-29,343.70001220703125,345.3500061035156,341.1499938964844,343.5,8471125
2026-07-30,343.5,347.6499938964844,341.8500061035156,344.8500061035156,9943764
2026-07-31,344.1000061035156,348.25,343.54998779296875,347.25,8519119
2026-08-03,347.25,350.8999938964844,345.29998779296875,350.8999938964844,5460220
2026-08-04,348.0,348.95001220703125,341.6000061035156,343.6499938964844,7201524
2026-08-05,343.45001220703125,349.8999938964844,342.75,349.8999938964844,18554536
2026-08-06,347.5,349.25,343.1000061035156,345.0,10079779
2026-08-07,345.0,347.0,342.5,342.5,7012048
