date,open,high,low,close,volume
1999-01-04,13.500988006591797,14.443121910095215,13.401198387145996,14.440187454223633,4901196
1999-01-05,14.322787284851074,15.203286170959473,13.911887168884277,14.736621856689453,3856051
1999-01-06,15.027186393737793,15.197416305541992,14.161361694335938,14.205387115478516,1715504
1999-01-07,14.146686553955078,14.381486892700195,13.91482162475586,14.002872467041016,1126917
1999-01-08,14.199517250061035,15.124040603637695,14.152557373046875,14.851086616516113,2797276
1999-01-11,15.555485725402832,15.555485725402832,14.689661979675293,14.968485832214355,2525555
1999-01-12,14.628026962280273,15.027186393737793,14.355072021484375,14.557586669921875,2132029
1999-01-13,15.261985778808594,15.408736228942871,13.926562309265137,14.087986946105957,2197616
1999-01-14,14.023417472839355,14.302242279052734,13.618388175964355,13.856122016906738,752981
1999-01-15,14.176036834716797,14.381486892700195,13.618388175964355,13.671217918395996,1053663
1999-01-18,13.820901870727539,13.89427661895752,13.383587837219238,13.500988006591797,481261
1999-01-19,12.91398811340332,12.91398811340332,12.42090892791748,12.42090892791748,1005111
1999-01-20,12.42090892791748,12.42090892791748,12.42090892791748,12.42090892791748,0
1999-01-21,11.563888549804688,12.15088939666748,11.519864082336426,12.033489227294922,1143101
1999-01-22,12.297638893127441,12.385688781738281,11.634328842163086,11.786949157714844,629472
1999-01-25,11.593238830566406,11.739989280700684,11.103095054626465,11.241040229797363,773424
1999-01-26,11.241040229797363,11.241040229797363,11.241040229797363,11.241040229797363,0
1999-01-27,11.446490287780762,12.089254379272461,11.446490287780762,11.913153648376465,592845
1999-01-28,11.786949157714844,11.907283782958984,11.241040229797363,11.285064697265625,361158
1999-01-29,11.299739837646484,11.329090118408203,10.924059867858887,11.243974685668945,410562
1999-02-01,10.862424850463867,11.152990341186523,10.683389663696289,10.683389663696289,280238
1999-02-02,10.747960090637207,10.747960090637207,10.216726303100586,10.272491455078125,566440
1999-02-03,10.565990447998047,10.683389663696289,10.216726303100586,10.454460144042969,496593
1999-02-04,10.59533977508545,10.888839721679688,10.565990447998047,10.882969856262207,948893
1999-02-05,11.064940452575684,11.387789726257324,10.836009979248047,11.387789726257324,1091994
1999-02-08,11.387789726257324,11.387789726257324,10.859490394592285,10.859490394592285,454003
1999-02-09,10.624690055847168,10.947540283203125,10.624690055847168,10.806659698486328,579216
1999-02-10,11.035590171813965,11.505188941955566,11.029720306396484,11.417140007019043,672061
1999-02-11,11.505188941955566,11.739989280700684,11.032654762268066,11.032654762268066,653322
1999-02-12,11.064940452575684,11.176469802856445,10.624690055847168,10.800789833068848,500852
1999-02-15,10.604145050048828,11.211689949035645,10.604145050048828,10.827204704284668,534072
1999-02-16,10.800789833068848,11.695963859558105,10.577730178833008,11.695963859558105,857752
1999-02-17,12.49721908569336,12.632227897644043,12.156759262084961,12.632227897644043,1190801
1999-02-18,13.471637725830078,13.471637725830078,12.444389343261719,12.50308895111084,1236798
1999-02-19,12.50308895111084,12.90811824798584,12.062838554382324,12.268288612365723,749574
1999-02-22,12.3827543258667,12.679187774658203,11.895544052124023,11.930764198303223,705281
1999-02-23,11.889674186706543,11.974788665771484,11.452360153198242,11.798688888549805,839864
1999-02-24,11.816299438476562,12.033489227294922,11.813364028930664,12.033489227294922,239352
1999-02-25,12.142084121704102,12.142084121704102,11.505188941955566,11.505188941955566,264906
1999-02-26,11.511058807373047,11.593238830566406,11.158860206604004,11.329090118408203,557070
1999-03-01,12.209589004516602,12.209589004516602,11.505188941955566,11.857389450073242,596252
1999-03-02,11.857389450073242,11.857389450073242,11.857389450073242,11.857389450073242,0
1999-03-03,12.50308895111084,12.50308895111084,11.857389450073242,12.027619361877441,827939
1999-03-04,12.033489227294922,12.033489227294922,11.622589111328125,11.901413917541504,319421
1999-03-05,12.018814086914062,12.855287551879883,11.927828788757324,12.855287551879883,874787
1999-03-08,13.885472297668457,13.885472297668457,13.885472297668457,13.885472297668457,113288
1999-03-09,14.997836112976074,14.997836112976074,13.559687614440918,14.997836112976074,3148213
1999-03-10,16.142484664916992,16.19824981689453,14.674986839294434,16.19824981689453,3576664
1999-03-11,16.435985565185547,17.433883666992188,15.91649055480957,16.49468421936035,3107328
1999-03-12,16.72948455810547,17.081684112548828,16.207054138183594,17.022985458374023,3474449
1999-03-15,16.641435623168945,18.185243606567383,16.641435623168945,17.37518310546875,4499152
1999-03-16,17.316484451293945,17.551284790039062,16.435985565185547,16.435985565185547,2953154
1999-03-17,17.609983444213867,17.750864028930664,16.738290786743164,17.257783889770508,4465932
1999-03-18,17.316484451293945,18.640167236328125,17.081684112548828,18.640167236328125,4816017
1999-03-19,19.077482223510742,19.077482223510742,17.316484451293945,17.668684005737305,3534074
1999-03-22,18.17937469482422,18.490482330322266,17.686294555664062,18.020883560180664,3274278
1999-03-23,18.12360954284668,18.4200439453125,17.32235336303711,17.40453338623047,2642251
1999-03-24,18.132413864135742,18.2204647064209,16.735355377197266,17.354639053344727,1462522
1999-03-25,17.316484451293945,17.442689895629883,16.72948455810547,17.140384674072266,760648
1999-03-26,16.794055938720703,17.169734954833984,16.083784103393555,16.55338478088379,916525
1999-03-29,16.55338478088379,16.55338478088379,16.55338478088379,16.55338478088379,0
1999-03-30,16.72948455810547,16.72948455810547,15.229701042175293,15.376450538635254,2109030
1999-03-31,15.68756103515625,16.43011474609375,15.590705871582031,15.825506210327148,3164397
1999-04-01,16.083784103393555,16.083784103393555,15.496786117553711,15.555485725402832,1412266
1999-04-02,15.555485725402832,15.555485725402832,15.555485725402832,15.555485725402832,0
1999-04-05,15.264921188354492,15.429281234741211,14.322787284851074,14.322787284851074,916525
1999-04-06,13.515663146972656,14.440187454223633,13.515663146972656,14.105596542358398,1274277
1999-04-07,14.440187454223633,15.235570907592773,14.269956588745117,14.498887062072754,1700171
1999-04-08,14.674986839294434,14.792387008666992,13.794486999511719,13.908951759338379,880750
1999-04-09,13.794486999511719,13.8003568649292,13.18400764465332,13.500988006591797,811755
1999-04-12,13.389457702636719,14.087986946105957,13.301407814025879,13.565558433532715,850085
1999-04-13,13.451092720031738,13.500988006591797,12.855287551879883,12.855287551879883,873936
1999-04-14,12.855287551879883,12.855287551879883,12.855287551879883,12.855287551879883,0
1999-04-15,12.620488166809082,13.201618194580078,11.828039169311523,11.828039169311523,2038332
1999-04-16,11.622589111328125,12.776042938232422,11.152990341186523,12.776042938232422,6942936
1999-04-19,10.976889610290527,11.610849380493164,10.862424850463867,11.299739837646484,1156730
1999-04-20,11.472904205322266,11.681288719177246,10.976889610290527,11.182339668273926,1373084
1999-04-21,11.329090118408203,11.739989280700684,11.329090118408203,11.537473678588867,861159
1999-04-22,11.563888549804688,12.46199893951416,11.563888549804688,12.46199893951416,3051961
1999-04-23,12.385688781738281,13.025518417358398,11.974788665771484,12.708538055419922,2955709
1999-04-26,11.713574409484863,13.26618766784668,11.713574409484863,12.49721908569336,4252984
1999-04-27,12.49721908569336,12.49721908569336,12.49721908569336,12.49721908569336,0
1999-04-28,12.356339454650879,13.324888229370117,12.356339454650879,13.148788452148438,2619252
1999-04-29,13.207488059997559,14.029287338256836,12.796587944030762,13.794486999511719,5073258
1999-04-30,13.829707145690918,14.898045539855957,12.740822792053223,13.612518310546875,7863720
1999-05-03,13.794486999511719,14.205387115478516,13.213357925415039,13.471637725830078,3712950
1999-05-04,13.445222854614258,14.140816688537598,13.445222854614258,13.794486999511719,3293869
1999-05-05,13.91482162475586,13.91482162475586,13.500988006591797,13.512727737426758,1676321
1999-05-06,13.500988006591797,13.583168029785156,13.09595775604248,13.207488059997559,1299830
1999-05-07,13.330758094787598,14.264086723327637,13.090087890625,13.618388175964355,4546000
1999-05-10,13.794486999511719,13.835577011108398,13.474573135375977,13.618388175964355,1637139
1999-05-11,13.647738456726074,14.704337120056152,13.618388175964355,14.704337120056152,4103070
1999-05-12,15.009575843811035,15.009575843811035,13.559687614440918,13.84731674194336,2821978
1999-05-13,14.087986946105957,14.381486892700195,13.911887168884277,14.035157203674316,2260649
1999-05-14,14.143752098083496,14.311046600341797,13.794486999511719,13.823837280273438,1953153
1999-05-17,14.020482063293457,14.440187454223633,13.680023193359375,14.176036834716797,3408009
1999-05-18,14.205387115478516,14.645636558532715,14.058636665344238,14.146686553955078,3074108
1999-05-19,14.522366523742676,15.279596328735352,14.176036834716797,15.279596328735352,4587738
1999-05-20,15.496786117553711,15.496786117553711,14.557586669921875,14.674986839294434,3661843
1999-05-21,14.763036727905273,14.848152160644531,13.677087783813477,13.885472297668457,2563886
1999-05-24,13.91482162475586,13.941237449645996,13.521533012390137,13.77981185913086,1179728
1999-05-25,13.77981185913086,14.029287338256836,13.603713035583496,13.721113204956055,2614993
1999-05-26,13.897212028503418,14.026351928710938,12.796587944030762,13.148788452148438,3269168
1999-05-27,12.91398811340332,13.677087783813477,12.679187774658203,12.679187774658203,2747021
1999-05-28,12.620488166809082,12.620488166809082,11.666613578796387,12.15088939666748,3688248
1999-05-31,12.156759262084961,12.73788833618164,12.156759262084961,12.620488166809082,2101364
1999-06-01,12.4502592086792,12.561788558959961,11.960113525390625,11.960113525390625,1890120
1999-06-02,12.092188835144043,12.3827543258667,12.030553817749023,12.282963752746582,983816
1999-06-03,12.32698917388916,12.561788558959961,12.268288612365723,12.280029296875,873936
1999-06-04,12.42090892791748,12.84061336517334,12.42090892791748,12.602877616882324,2507668
1999-06-07,12.620488166809082,13.383587837219238,12.620488166809082,13.16346263885498,3001706
1999-06-08,13.00203800201416,13.618388175964355,12.796587944030762,13.35423755645752,2275981
1999-06-09,13.495118141174316,13.677087783813477,13.17813777923584,13.22509765625,1564737
1999-06-10,13.559687614440918,13.612518310546875,13.139983177185059,13.207488059997559,764055
1999-06-11,13.154658317565918,13.20455265045166,12.86115837097168,13.060737609863281,1290461
1999-06-14,12.062838554382324,12.6498384475708,12.062838554382324,12.57059383392334,838160
1999-06-15,12.679187774658203,12.91398811340332,12.268288612365723,12.365143775939941,1581773
1999-06-16,12.45612907409668,12.796587944030762,12.338728904724121,12.723213195800781,975298
1999-06-17,12.679187774658203,13.442288398742676,12.679187774658203,13.181073188781738,2537480
1999-06-18,13.295537948608398,13.677087783813477,12.972687721252441,13.107698440551758,2310053
1999-06-21,13.559687614440918,13.794486999511719,13.324888229370117,13.477507591247559,3321127
1999-06-22,13.500988006591797,13.559687614440918,13.031388282775879,13.16346263885498,2088587
1999-06-23,13.324888229370117,13.442288398742676,12.9198579788208,13.02845287322998,1980410
1999-06-24,12.91398811340332,13.031388282775879,12.69092845916748,12.984428405761719,730835
1999-06-25,12.978557586669922,13.17813777923584,12.620488166809082,12.685057640075684,1491483
1999-06-28,12.855287551879883,13.060737609863281,12.802457809448242,12.916922569274902,902896
1999-06-29,13.148788452148438,13.324888229370117,12.972687721252441,13.107698440551758,2280240
1999-06-30,13.30727767944336,13.9353666305542,13.30727767944336,13.633063316345215,4634586
1999-07-01,13.691762924194336,13.735788345336914,13.17813777923584,13.257383346557617,1424192
1999-07-02,13.24564266204834,13.471637725830078,13.195748329162598,13.233902931213379,1688246
1999-07-05,13.407068252563477,14.076247215270996,13.324888229370117,13.903081893920898,3385863
1999-07-06,14.205387115478516,14.616287231445312,13.955911636352539,14.413771629333496,3015334
1999-07-07,14.674986839294434,14.792387008666992,14.087986946105957,14.337462425231934,3388418
1999-07-08,14.293437004089355,15.438085556030273,13.985261917114258,15.247310638427734,8465084
1999-07-09,15.308945655822754,15.731586456298828,15.147521018981934,15.479175567626953,6048557
1999-07-12,15.731586456298828,16.717744827270508,15.731586456298828,16.717744827270508,5770873
1999-07-13,16.90558433532715,17.6070499420166,15.737456321716309,15.969321250915527,3857754
1999-07-14,16.195314407348633,16.37728500366211,15.67288589477539,15.743326187133789,2125214
1999-07-15,15.966385841369629,16.20118522644043,14.968485832214355,15.259051322937012,2004260
1999-07-16,15.085886001586914,15.408736228942871,14.915656089782715,15.047731399536133,2203579
1999-07-19,15.438085556030273,16.13368034362793,15.335360527038574,15.851921081542969,5112440
1999-07-20,15.555485725402832,17.022985458374023,15.267855644226074,16.421310424804688,8858610
1999-07-21,16.435985565185547,17.24017333984375,16.259885787963867,16.506425857543945,7410568
1999-07-22,16.758834838867188,17.827173233032227,16.08965492248535,17.351703643798828,16408872
1999-07-23,17.433883666992188,17.6070499420166,16.670785903930664,16.993635177612305,10183995
1999-07-26,16.923194885253906,18.0120792388916,16.72948455810547,17.621723175048828,12054525
1999-07-27,17.492584228515625,19.018783569335938,17.381053924560547,18.52863883972168,11002564
1999-07-28,18.78398323059082,19.235973358154297,17.827173233032227,18.04142951965332,10611593
1999-07-29,18.31438446044922,18.31438446044922,17.204954147338867,17.442689895629883,5605626
1999-07-30,17.433883666992188,17.433883666992188,16.911455154418945,17.102230072021484,2294720
1999-08-02,16.559255599975586,17.609983444213867,16.556320190429688,16.934934616088867,4690804
1999-08-03,16.670785903930664,16.78231430053711,15.907686233520508,16.09552574157715,7346684
1999-08-04,16.612085342407227,17.099294662475586,16.142484664916992,16.817535400390625,2854346
1999-08-05,17.037660598754883,18.16469955444336,17.037660598754883,17.642269134521484,5351793
1999-08-06,17.96218490600586,18.60788345336914,17.668684005737305,18.06784439086914,6336462
1999-08-09,18.211658477783203,18.534507751464844,17.97392463684082,18.117738723754883,5239357
1999-08-10,18.0795841217041,18.9600830078125,17.909353256225586,18.496353149414062,5527262
1999-08-11,17.786083221435547,18.519832611083984,17.316484451293945,18.1529598236084,4878198
1999-08-12,18.252748489379883,18.31438446044922,17.90641975402832,17.991533279418945,1093697
1999-08-13,18.0854549407959,18.196983337402344,17.730318069458008,17.8095645904541,1584328
1999-08-16,17.897613525390625,18.666582107543945,17.874134063720703,18.461132049560547,2572404
1999-08-17,18.59320831298828,19.940372467041016,18.461132049560547,19.940372467041016,8207843
1999-08-18,21.484180450439453,21.484180450439453,19.576431274414062,19.68796157836914,5085183
1999-08-19,19.8405818939209,19.899282455444336,18.549182891845703,18.778112411499023,3155880
1999-08-20,18.842683792114258,19.429683685302734,18.05610466003418,19.13324737548828,4267465
1999-08-23,19.429683685302734,19.95798110961914,19.018783569335938,19.306413650512695,2567293
1999-08-24,18.842683792114258,20.838481903076172,18.842683792114258,20.574331283569336,9396089
1999-08-25,20.54498291015625,21.296340942382812,19.517732620239258,20.239742279052734,7599665
1999-08-26,20.54498291015625,21.660280227661133,20.201587677001953,21.105566024780273,5505115
1999-08-27,21.42548179626465,22.796125411987305,21.42548179626465,22.796125411987305,7229989
1999-08-30,23.479978561401367,24.014148712158203,22.129880905151367,22.62589454650879,4689952
1999-08-31,22.77557945251465,23.597379684448242,22.077049255371094,22.85482406616211,4402048
1999-09-01,23.47704315185547,23.47704315185547,21.777679443359375,22.48794937133789,2073255
1999-09-02,22.24728012084961,22.82840919494629,21.777679443359375,21.930299758911133,1735095
1999-09-03,22.185644149780273,22.482080459594727,21.71898078918457,21.900949478149414,1254685
1999-09-06,21.607450485229492,21.968454360961914,21.19068145751953,21.61332130432129,979557
1999-09-07,21.777679443359375,21.777679443359375,21.01458168029785,21.126110076904297,1891824
1999-09-08,21.953779220581055,22.305980682373047,21.54288101196289,21.66615104675293,1379047
1999-09-09,21.836380004882812,21.86573028564453,21.076215744018555,21.31688690185547,1018740
1999-09-10,21.01458168029785,21.23470687866211,20.8531551361084,21.14959144592285,805792
1999-09-13,21.14959144592285,21.14959144592285,21.14959144592285,21.14959144592285,0
1999-09-14,21.131980895996094,21.36678123474121,20.016681671142578,20.277896881103516,1521296
1999-09-15,20.803260803222656,20.803260803222656,19.8405818939209,19.9755916595459,1576662
1999-09-16,19.95798110961914,20.233871459960938,19.670352935791016,19.790687561035156,390971
1999-09-17,19.62045669555664,20.310182571411133,19.409137725830078,20.169301986694336,1263203
1999-09-20,20.310182571411133,20.468671798706055,19.66448211669922,19.75546646118164,834753
1999-09-21,19.78188133239746,19.8405818939209,19.077482223510742,19.17433738708496,1708689
1999-09-22,19.60578155517578,20.216262817382812,19.429683685302734,19.82590675354004,1421636
1999-09-23,19.723182678222656,21.413740158081055,19.667417526245117,21.211225509643555,1919933
1999-09-24,21.660280227661133,22.892980575561523,21.131980895996094,21.36678123474121,3137992
1999-09-27,21.19068145751953,21.89508056640625,20.603681564331055,21.043930053710938,1966781
1999-09-28,20.615421295166016,21.484180450439453,20.409971237182617,21.023386001586914,2358605
1999-09-29,21.71898078918457,22.70513916015625,21.42548179626465,22.388160705566406,5713803
1999-09-30,22.59947967529297,22.59947967529297,21.42548179626465,21.68963050842285,1867122
1999-10-01,21.131980895996094,21.713111877441406,20.691730499267578,21.278730392456055,1279387
1999-10-04,20.691730499267578,20.955881118774414,19.66448211669922,19.82297134399414,906304
1999-10-05,19.66448211669922,20.54498291015625,19.370983123779297,20.266157150268555,2512779
1999-10-06,20.398231506347656,20.955881118774414,18.666582107543945,19.98733139038086,2483818
1999-10-07,20.92066192626953,21.249380111694336,20.263221740722656,21.085020065307617,1344123
1999-10-08,21.42548179626465,21.71898078918457,20.54498291015625,20.773910522460938,1332198
1999-10-11,21.13785171508789,21.660280227661133,20.618356704711914,20.999906539916992,2062182
1999-10-12,20.66238021850586,21.043930053710938,20.327791213989258,20.500957489013672,1361159
1999-10-13,20.54204750061035,21.073280334472656,20.134082794189453,20.51563262939453,1089438
1999-10-14,20.779781341552734,22.159229278564453,20.603681564331055,22.024219512939453,2310053
1999-10-15,22.59947967529297,23.010379791259766,21.42548179626465,21.551685333251953,1903749
1999-10-18,22.482080459594727,23.277463912963867,22.24728012084961,23.277463912963867,2439525
1999-10-19,23.277463912963867,23.277463912963867,23.277463912963867,23.277463912963867,0
1999-10-20,25.07368278503418,25.07368278503418,23.479978561401367,24.351673126220703,4420787
1999-10-21,24.941608428955078,25.00617790222168,22.716880798339844,23.00450897216797,1758093
1999-10-22,22.54371452331543,24.360477447509766,22.250215530395508,23.96718978881836,2849235
1999-10-25,25.147058486938477,25.945377349853516,23.805763244628906,24.498422622680664,3749577
1999-10-26,24.595277786254883,24.595277786254883,24.00827980041504,24.216663360595703,1914822
1999-10-27,25.123577117919922,25.123577117919922,23.127779006958008,23.529874801635742,1505112
1999-10-28,23.186479568481445,23.35377311706543,22.012479782104492,22.21792984008789,1270018
1999-10-29,22.593610763549805,22.658180236816406,20.603681564331055,21.58397102355957,1776832
1999-11-01,21.742460250854492,21.777679443359375,19.861127853393555,19.91982650756836,1733391
1999-11-02,19.4355525970459,21.513530731201172,18.789852142333984,21.513530731201172,1239353
1999-11-03,23.11310386657715,23.11310386657715,21.19068145751953,22.25901985168457,1982965
1999-11-04,22.36467933654785,23.714778900146484,21.836380004882812,23.35377311706543,2516186
1999-11-05,23.597379684448242,24.360477447509766,23.24517822265625,23.808698654174805,2755539
1999-11-08,23.808698654174805,23.808698654174805,23.808698654174805,23.808698654174805,0
1999-11-09,26.414976119995117,27.770944595336914,25.53447723388672,27.770944595336914,3860310
1999-11-10,28.46947479248047,29.992738723754883,28.46947479248047,29.992738723754883,3623512
1999-11-11,30.532777786254883,30.993572235107422,27.647674560546875,28.29043960571289,5374791
1999-11-12,27.327760696411133,29.625864028930664,27.001976013183594,27.95291519165039,8108184
1999-11-15,28.04683494567871,28.04683494567871,25.886676788330078,26.963821411132812,5488079
1999-11-16,26.88457679748535,27.016651153564453,25.593177795410156,26.00701141357422,3835608
1999-11-17,26.767175674438477,27.06067657470703,25.65481185913086,25.65481185913086,3337311
1999-11-18,25.82797622680664,26.0481014251709,25.12944793701172,25.68122673034668,988927
1999-11-19,25.792757034301758,27.73572540283203,25.540346145629883,27.107635498046875,6294724
1999-11-22,25.82797622680664,27.700504302978516,25.82797622680664,27.151660919189453,4061332
1999-11-23,27.151660919189453,27.151660919189453,27.151660919189453,27.151660919189453,0
1999-11-24,28.704273223876953,28.704273223876953,27.58897590637207,27.66822052001953,1506815
1999-11-25,27.823774337768555,28.381425857543945,27.383525848388672,27.800294876098633,1113186
1999-11-26,28.11727523803711,28.11727523803711,27.44222640991211,27.50679588317871,828723
1999-11-29,27.76507568359375,27.76507568359375,26.731956481933594,27.122310638427734,710937
1999-11-30,26.88457679748535,27.527339935302734,26.238876342773438,26.802396774291992,1265878
1999-12-01,26.996105194091797,27.530275344848633,26.591075897216797,26.922731399536133,858671
1999-12-02,26.726085662841797,27.29547691345215,26.726085662841797,27.025455474853516,438535
1999-12-03,27.46864128112793,27.882474899291992,26.767175674438477,26.916860580444336,1062505
1999-12-06,26.414976119995117,27.001976013183594,25.240976333618164,26.699670791625977,1845947
1999-12-07,27.23677635192871,27.23677635192871,25.2996768951416,25.91015625,1888826
1999-12-08,26.99317169189453,26.99317169189453,24.65397834777832,25.10009765625,1247241
1999-12-09,26.062776565551758,26.062776565551758,24.360477447509766,24.73615837097168,1684362
1999-12-10,24.91225814819336,26.717281341552734,24.80072784423828,26.717281341552734,2159797
1999-12-13,27.29547691345215,28.85689353942871,27.01958656311035,28.29043960571289,3921298
1999-12-14,28.85689353942871,29.643474578857422,27.90008544921875,28.38435935974121,3918810
1999-12-15,29.349973678588867,29.408674240112305,26.825876235961914,27.920629501342773,5610209
1999-12-16,27.44222640991211,29.760873794555664,27.44222640991211,28.93907356262207,5446733
1999-12-17,29.29127311706543,29.878273010253906,28.41077423095703,28.63089942932129,5012985
1999-12-20,28.880374908447266,30.758773803710938,28.880374908447266,29.975128173828125,9526515
1999-12-21,30.465272903442383,30.641372680664062,29.467374801635742,29.664018630981445,2561211
1999-12-22,29.81957244873047,29.936973571777344,28.35794448852539,28.77471351623535,2515487
1999-12-23,28.175975799560547,28.46947479248047,27.77975082397461,28.111404418945312,838637
1999-12-24,27.853124618530273,27.853124618530273,26.717281341552734,27.028390884399414,1346168
1999-12-27,26.552921295166016,27.471576690673828,25.53447723388672,26.55879020690918,1492590
1999-12-28,26.414976119995117,27.60071563720703,26.414976119995117,27.41287612915039,1431875
1999-12-29,27.76507568359375,28.058574676513672,27.310150146484375,27.65648078918457,1146508
1999-12-30,28.055639266967773,29.869468688964844,27.94117546081543,29.6170597076416,5916393
1999-12-31,29.6170597076416,29.6170597076416,29.6170597076416,29.6170597076416,0
2000-01-03,30.7000732421875,31.988536834716797,30.230472564697266,31.988536834716797,9996874
2000-01-04,32.284969329833984,33.15373229980469,30.582672119140625,32.082454681396484,8737009
2000-01-05,29.643474578857422,32.39649963378906,29.643474578857422,30.67072296142578,3647413
2000-01-06,30.34787368774414,32.34366989135742,29.664018630981445,31.110971450805664,3454551
2000-01-07,30.30678367614746,31.40447235107422,28.622095108032227,28.633834838867188,1574209
2000-01-10,29.29127311706543,29.878273010253906,27.94117546081543,28.111404418945312,1061721
2000-01-11,28.41077423095703,28.41077423095703,25.863197326660156,26.403236389160156,2447140
2000-01-12,26.855226516723633,27.882474899291992,26.70847511291504,27.26319122314453,1123680
2000-01-13,27.301345825195312,28.46947479248047,27.001976013183594,28.07324981689453,1638331
2000-01-14,28.352075576782227,28.692533493041992,27.06067657470703,27.25145149230957,1169029
2000-01-17,28.17010498046875,28.175975799560547,27.001976013183594,27.421680450439453,898535
2000-01-18,26.88457679748535,27.41287612915039,26.70847511291504,26.937406539916992,1223033
2000-01-19,27.58897590637207,28.11433982849121,27.29547691345215,27.721050262451172,910597
2000-01-20,28.11727523803711,28.11727523803711,27.119375228881836,27.19568634033203,795895
2000-01-21,27.175140380859375,27.29547691345215,26.70847511291504,26.811201095581055,979387
2000-01-24,26.890445709228516,27.119375228881836,26.244747161865234,26.3856258392334,551312
2000-01-25,25.916027069091797,27.58897590637207,25.81623649597168,27.22210121154785,1629592
2000-01-26,27.22210121154785,27.22210121154785,27.22210121154785,27.22210121154785,0
2000-01-27,27.94117546081543,29.399869918823242,27.94117546081543,29.29127311706543,3868521
2000-01-28,29.467374801635742,29.934038162231445,27.650609970092773,28.190650939941406,2871740
2000-01-31,27.882474899291992,28.175975799560547,25.93657112121582,25.96592140197754,1562778
2000-02-01,25.593177795410156,26.649776458740234,25.311416625976562,26.200721740722656,2143579
2000-02-02,27.29254150390625,27.29254150390625,26.297576904296875,26.511831283569336,1065912
2000-02-03,26.585205078125,26.705541610717773,26.062776565551758,26.259422302246094,512198
2000-02-04,26.473676681518555,26.473676681518555,24.888778686523438,25.067813873291016,1055435
2000-02-07,25.064878463745117,25.525672912597656,24.134483337402344,25.191083908081055,824140
2000-02-08,24.8330135345459,25.34370231628418,24.536577224731445,24.651042938232422,1260733
2000-02-09,25.819171905517578,25.819171905517578,24.595277786254883,24.677457809448242,985179
2000-02-10,24.715612411499023,26.652711868286133,24.419178009033203,26.652711868286133,1963221
2000-02-11,27.471576690673828,27.471576690673828,24.888778686523438,25.455232620239258,1816492
2000-02-14,24.92399787902832,25.35837745666504,24.375152587890625,24.510162353515625,987956
2000-02-15,24.12567710876465,24.536577224731445,22.631765365600586,23.547483444213867,1897974
2000-02-16,23.773479461669922,24.469072341918945,23.479978561401367,23.638469696044922,1059966
2000-02-17,24.12567710876465,25.528606414794922,23.773479461669922,25.120643615722656,1239132
2000-02-18,25.064878463745117,25.20575714111328,23.773479461669922,24.122743606567383,1113152
2000-02-21,24.066978454589844,24.360477447509766,22.892980575561523,24.119808197021484,1409132
2000-02-22,24.025888442993164,24.184377670288086,22.892980575561523,23.074949264526367,1343612
2000-02-23,24.00827980041504,24.30177879333496,23.06907844543457,23.415409088134766,455060
2000-02-24,23.656078338623047,23.656078338623047,22.59947967529297,23.40953826904297,569080
2000-02-25,23.24517822265625,24.592342376708984,23.186479568481445,24.052303314208984,672930
2000-02-28,23.773479461669922,25.9776611328125,23.670753479003906,25.69590187072754,1057121
2000-02-29,25.82797622680664,25.933637619018555,23.650209426879883,24.2195987701416,1299915
2000-03-01,23.773479461669922,25.240976333618164,23.06907844543457,24.812467575073242,753544
2000-03-02,25.123577117919922,26.062776565551758,23.573898315429688,23.958383560180664,931431
2000-03-03,23.526939392089844,23.890878677368164,22.079984664916992,22.22086524963379,625503
2000-03-06,22.36467933654785,23.999473571777344,22.36467933654785,23.741193771362305,1073561
2000-03-07,24.243078231811523,24.243078231811523,22.012479782104492,22.63763427734375,991091
2000-03-08,23.890878677368164,23.890878677368164,22.012479782104492,22.358810424804688,339983
2000-03-09,21.777679443359375,22.755035400390625,20.57139778137207,20.674121856689453,318398
2000-03-10,20.66238021850586,20.955881118774414,19.05400276184082,19.224233627319336,603646
2000-03-13,18.9600830078125,19.370983123779297,18.0795841217041,18.16469955444336,514923
2000-03-14,17.551284790039062,18.196983337402344,16.711875915527344,16.82340431213379,973050
2000-03-15,17.604114532470703,18.10893440246582,16.964284896850586,17.976858139038086,505945
2000-03-16,17.844783782958984,18.020883560180664,17.081684112548828,17.709774017333984,515741
2000-03-17,17.709774017333984,17.709774017333984,17.709774017333984,17.709774017333984,0
2000-03-20,17.709774017333984,17.709774017333984,17.709774017333984,17.709774017333984,0
2000-03-21,18.25568389892578,19.12444305419922,17.113969802856445,18.27035903930664,1138484
2000-03-22,19.077482223510742,19.13618278503418,18.0795841217041,18.24687957763672,498978
2000-03-23,18.226333618164062,18.226333618164062,16.846885681152344,17.017114639282227,412351
2000-03-24,17.301809310913086,17.316484451293945,16.612085342407227,17.111034393310547,278330
2000-03-27,16.885040283203125,17.301809310913086,16.885040283203125,17.072879791259766,364310
2000-03-28,16.738290786743164,16.964284896850586,16.438919067382812,16.691329956054688,459148
2000-03-29,17.316484451293945,17.316484451293945,16.612085342407227,16.744159698486328,215673
2000-03-30,16.664915084838867,16.949609756469727,16.262819290161133,16.694265365600586,134736
2000-03-31,16.49468421936035,17.22843360900879,15.84898567199707,16.65904426574707,366678
2000-04-03,16.72948455810547,17.7420597076416,16.72948455810547,17.51312828063965,693867
2000-04-04,16.142484664916992,17.727384567260742,16.113134384155273,16.154224395751953,1005247
2000-04-05,16.72948455810547,17.257783889770508,16.435985565185547,16.846885681152344,464054
2000-04-06,17.017114639282227,17.433883666992188,15.84898567199707,16.36260986328125,541721
2000-04-07,16.656110763549805,17.671619415283203,16.656110763549805,17.671619415283203,557104
2000-04-10,19.018783569335938,19.086288452148438,17.96218490600586,18.86616325378418,961976
2000-04-11,18.549182891845703,18.78398323059082,17.492584228515625,18.340797424316406,398416
2000-04-12,18.546247482299805,18.546247482299805,17.871198654174805,18.0150146484375,363935
2000-04-13,17.087554931640625,17.492584228515625,16.72948455810547,17.278329849243164,310051
2000-04-14,17.278329849243164,17.278329849243164,17.278329849243164,17.278329849243164,0
2000-04-17,16.030956268310547,18.43178367614746,15.89594554901123,17.718578338623047,868024
2000-04-18,18.60788345336914,18.60788345336914,17.689228057861328,17.8770694732666,614003
2000-04-19,18.31438446044922,18.4846134185791,17.181474685668945,17.410404205322266,614583
2000-04-20,16.934934616088867,17.140384674072266,16.02508544921875,16.63556480407715,381806
2000-04-21,16.63556480407715,16.63556480407715,16.63556480407715,16.63556480407715,0
2000-04-24,16.72948455810547,16.961349487304688,16.030956268310547,16.22760009765625,192027
2000-04-25,15.91062068939209,16.20118522644043,15.094691276550293,15.860726356506348,302078
2000-04-26,16.72948455810547,17.131580352783203,16.327390670776367,17.131580352783203,435605
2000-04-27,16.820470809936523,18.13828468322754,16.72948455810547,17.577699661254883,1319779
2000-04-28,17.486713409423828,18.31438446044922,17.316484451293945,18.105998992919922,839966
2000-05-01,18.105998992919922,18.105998992919922,18.105998992919922,18.105998992919922,0
2000-05-02,18.666582107543945,18.901382446289062,17.495519638061523,17.6745548248291,967087
2000-05-03,17.844783782958984,18.07077980041504,16.794055938720703,17.615854263305664,454140
2000-05-04,17.381053924560547,18.31144905090332,16.465335845947266,18.064908981323242,481993
2000-05-05,18.0795841217041,19.78188133239746,17.844783782958984,19.42087745666504,3003818
2000-05-08,19.48838233947754,19.711442947387695,18.25568389892578,18.4200439453125,1092607
2000-05-09,18.0795841217041,18.355472564697266,17.818368911743164,18.00327491760254,1249541
2000-05-10,18.196983337402344,18.666582107543945,17.615854263305664,17.686294555664062,728722
2000-05-11,17.786083221435547,17.786083221435547,16.55338478088379,16.70013427734375,597666
2000-05-12,16.964284896850586,16.964284896850586,15.91062068939209,16.13368034362793,683765
2000-05-15,16.02508544921875,16.670785903930664,15.267855644226074,16.29216957092285,369966
2000-05-16,15.966385841369629,16.462400436401367,15.622990608215332,15.89007568359375,836968
2000-05-17,16.75589942932129,16.75589942932129,15.819636344909668,15.942906379699707,594429
2000-05-18,15.93703556060791,16.142484664916992,15.70223617553711,15.92529582977295,192265
2000-05-19,15.79028606414795,15.963451385498047,15.394061088562012,15.514395713806152,281107
2000-05-22,15.103495597839355,15.379385948181152,14.88337230682373,14.989030838012695,240153
2000-05-23,15.027186393737793,16.13368034362793,14.742491722106934,15.866596221923828,511397
2000-05-24,15.966385841369629,16.318584442138672,15.502655982971191,15.95171070098877,273679
2000-05-25,16.259885787963867,16.259885787963867,15.79028606414795,16.15715980529785,236269
2000-05-26,16.17183494567871,16.37434959411621,15.570160865783691,16.22760009765625,421226
2000-05-29,16.435985565185547,17.125709533691406,16.318584442138672,16.785249710083008,297325
2000-05-30,16.72948455810547,17.369314193725586,16.717744827270508,17.21375846862793,386950
2000-05-31,18.13828468322754,18.43178367614746,17.381053924560547,17.583568572998047,633578
2000-06-01,17.157995223999023,17.316484451293945,16.435985565185547,16.74122428894043,444634
2000-06-02,17.008310317993164,17.316484451293945,16.68839454650879,16.97308921813965,659012
2000-06-05,17.551284790039062,17.83891487121582,17.140384674072266,17.47203826904297,990494
2000-06-06,17.022985458374023,18.428848266601562,17.022985458374023,17.698034286499023,553867
2000-06-07,18.13828468322754,18.490482330322266,17.551284790039062,17.75673484802246,700443
2000-06-08,18.942472457885742,18.942472457885742,17.551284790039062,17.800758361816406,301652
2000-06-09,17.768474578857422,17.786083221435547,17.37518310546875,17.686294555664062,227512
2000-06-12,17.609983444213867,17.668684005737305,17.157995223999023,17.551284790039062,429131
2000-06-13,17.492584228515625,17.874134063720703,17.146255493164062,17.75673484802246,401635
2000-06-14,18.073713302612305,18.60788345336914,17.786083221435547,18.017948150634766,745588
2000-06-15,17.739124298095703,18.2850341796875,17.668684005737305,17.747928619384766,276712
2000-06-16,17.609983444213867,17.786083221435547,17.609983444213867,17.712709426879883,298279
2000-06-19,17.89174461364746,19.48838233947754,17.85065460205078,19.115638732910156,1225571
2000-06-20,19.370983123779297,19.66448211669922,18.625492095947266,18.775178909301758,656354
2000-06-21,19.077482223510742,19.077482223510742,18.25568389892578,18.32318878173828,489370
2000-06-22,18.2850341796875,18.531572341918945,18.06784439086914,18.31438446044922,303237
2000-06-23,18.0795841217041,18.31438446044922,17.786083221435547,17.9445743560791,498961
2000-06-26,17.32235336303711,18.31438446044922,17.32235336303711,18.158828735351562,393458
2000-06-27,18.091323852539062,18.461132049560547,18.091323852539062,18.31144905090332,549932
2000-06-28,18.425912857055664,18.425912857055664,17.909353256225586,18.19111442565918,214378
2000-06-29,18.478742599487305,18.478742599487305,18.0795841217041,18.19111442565918,322317
2000-06-30,18.13828468322754,18.196983337402344,17.786083221435547,17.874134063720703,160221
2000-07-03,18.31438446044922,18.31438446044922,17.96218490600586,18.02968978881836,114156
2000-07-04,17.93283462524414,18.196983337402344,17.912288665771484,18.126544952392578,273032
2000-07-05,18.428848266601562,19.370983123779297,18.27035903930664,18.47287368774414,538450
2000-07-06,18.361343383789062,18.983562469482422,18.31438446044922,18.587337493896484,390306
2000-07-07,18.643102645874023,19.077482223510742,18.44645881652832,18.9571475982666,608160
2000-07-10,19.19194793701172,20.192781448364258,18.848552703857422,19.382722854614258,1551602
2000-07-11,19.60578155517578,20.310182571411133,19.194883346557617,19.981462478637695,1329626
2000-07-12,20.192781448364258,21.581035614013672,20.02842140197754,21.48711585998535,2417293
2000-07-13,21.601581573486328,21.82464027404785,20.700536727905273,21.20535659790039,1252130
2000-07-14,20.782716751098633,22.482080459594727,20.782716751098633,22.30304527282715,2290325
2000-07-17,22.59947967529297,23.239309310913086,21.616256713867188,21.944974899291992,2115947
2000-07-18,21.71898078918457,22.07118034362793,21.249380111694336,21.81583595275879,761346
2000-07-19,21.71898078918457,21.89214515686035,21.131980895996094,21.67789077758789,472964
2000-07-20,21.308080673217773,22.012479782104492,20.955881118774414,21.134916305541992,571278
2000-07-21,21.196550369262695,21.36678123474121,19.64980697631836,21.14959144592285,828246
2000-07-24,20.674121856689453,20.838481903076172,20.134082794189453,20.59781265258789,679216
2000-07-25,20.134082794189453,22.012479782104492,19.869932174682617,21.49005126953125,717326
2000-07-26,21.71898078918457,21.88334083557129,20.67705535888672,20.815000534057617,403969
2000-07-27,20.832611083984375,21.660280227661133,20.832611083984375,21.472440719604492,418381
2000-07-28,21.660280227661133,22.482080459594727,21.42548179626465,21.795289993286133,936781
2000-07-31,21.59864616394043,21.710176467895508,21.073280334472656,21.155460357666016,400102
2000-08-01,21.71898078918457,22.42337989807129,21.134916305541992,21.308080673217773,849830
2000-08-02,22.59947967529297,22.59947967529297,20.427581787109375,21.040996551513672,870699
2000-08-03,20.66238021850586,21.71898078918457,20.66238021850586,21.170135498046875,2052506
2000-08-04,21.140785217285156,21.249380111694336,20.368881225585938,20.55672264099121,1309013
2000-08-07,20.08125114440918,20.427581787109375,19.66448211669922,20.107667922973633,379881
2000-08-08,19.79655647277832,20.424646377563477,19.79655647277832,20.148757934570312,579285
2000-08-09,19.723182678222656,20.832611083984375,19.723182678222656,20.468671798706055,290255
2000-08-10,20.54498291015625,20.838481903076172,20.327791213989258,20.674121856689453,299233
2000-08-11,20.374752044677734,20.715211868286133,20.257352828979492,20.483346939086914,470443
2000-08-14,20.66238021850586,20.838481903076172,20.280832290649414,20.674121856689453,226030
2000-08-15,20.674121856689453,20.674121856689453,20.674121856689453,20.674121856689453,0
2000-08-16,21.01458168029785,21.131980895996094,20.521501541137695,20.897180557250977,212129
2000-08-17,21.19068145751953,21.660280227661133,20.897180557250977,21.043930053710938,452078
2000-08-18,21.129045486450195,21.249380111694336,20.850221633911133,21.05567169189453,225962
2000-08-21,20.134082794189453,21.413740158081055,20.134082794189453,20.806196212768555,230596
2000-08-22,20.832611083984375,21.008710861206055,20.251482009887695,20.33953285217285,273782
2000-08-23,20.48921775817871,20.838481903076172,20.251482009887695,20.512697219848633,364685
2000-08-24,20.257352828979492,20.603681564331055,20.139951705932617,20.477476119995117,221737
2000-08-25,20.54498291015625,20.594877243041992,20.181041717529297,20.248546600341797,321567
2000-08-28,19.611652374267578,20.395296096801758,19.611652374267578,20.23093605041504,168569
2000-08-29,20.251482009887695,20.251482009887695,19.8405818939209,19.984397888183594,359472
2000-08-30,20.16343116760254,20.365947723388672,19.8405818939209,19.913957595825195,229761
2000-08-31,20.016681671142578,20.05483627319336,19.4326171875,19.682092666625977,208892
2000-09-01,19.682092666625977,19.682092666625977,19.682092666625977,19.682092666625977,0
2000-09-04,19.66448211669922,20.310182571411133,19.6351318359375,19.963851928710938,291976
2000-09-05,19.95798110961914,20.779781341552734,19.62339210510254,20.404102325439453,495877
2000-09-06,20.820871353149414,21.983129501342773,20.550851821899414,21.093826293945312,2476986
2000-09-07,21.308080673217773,21.513530731201172,20.779781341552734,20.94707679748535,793595
2000-09-08,20.779781341552734,21.131980895996094,20.51563262939453,20.562591552734375,701584
2000-09-11,20.603681564331055,20.955881118774414,20.310182571411133,20.468671798706055,600290
2000-09-12,20.078317642211914,20.486282348632812,19.966787338256836,20.051902770996094,818126
2000-09-13,20.418777465820312,20.427581787109375,19.66448211669922,19.937437057495117,422487
2000-09-14,19.911022186279297,20.00200653076172,19.670352935791016,19.74079132080078,199506
2000-09-15,19.723182678222656,19.778947830200195,18.801593780517578,18.939537048339844,619966
2000-09-18,18.196983337402344,18.725282669067383,18.038494110107422,18.182308197021484,352606
2000-09-19,17.668684005737305,18.402433395385742,17.160930633544922,17.627593994140625,851397
2000-09-20,18.343732833862305,18.343732833862305,17.815433502197266,17.941638946533203,255860
2000-09-21,17.96218490600586,18.725282669067383,17.96218490600586,18.20578956604004,533509
2000-09-22,18.373083114624023,18.402433395385742,17.551284790039062,17.586503982543945,1009012
2000-09-25,17.609983444213867,17.93283462524414,16.506425857543945,17.152124404907227,1079694
2000-09-26,16.744159698486328,17.28126335144043,16.738290786743164,17.131580352783203,459949
2000-09-27,17.897613525390625,17.897613525390625,16.55338478088379,16.67371940612793,783016
2000-09-28,17.008310317993164,17.25484848022461,16.612085342407227,16.785249710083008,529710
2000-09-29,16.585670471191406,17.011245727539062,16.585670471191406,16.841014862060547,316763
2000-10-02,16.841014862060547,16.841014862060547,16.841014862060547,16.841014862060547,0
2000-10-03,16.55338478088379,16.990699768066406,16.55338478088379,16.829275131225586,621073
2000-10-04,16.946674346923828,17.313549041748047,16.887975692749023,17.102230072021484,252606
2000-10-05,17.081684112548828,17.609983444213867,17.034725189208984,17.222564697265625,750205
2000-10-06,17.022985458374023,17.25191307067871,16.79698944091797,17.122774124145508,501244
2000-10-09,17.022985458374023,17.105165481567383,16.788185119628906,16.87623405456543,401312
2000-10-10,16.750030517578125,16.858625411987305,16.435985565185547,16.50935935974121,233867
2000-10-11,16.435985565185547,16.55338478088379,16.142484664916992,16.26869010925293,124378
2000-10-12,16.612085342407227,16.612085342407227,15.907686233520508,15.969321250915527,237121
2000-10-13,15.907686233520508,15.907686233520508,15.261985778808594,15.452760696411133,214020
2000-10-16,16.49468421936035,16.49468421936035,15.61418628692627,15.810831069946289,289625
2000-10-17,16.435985565185547,16.435985565185547,15.361776351928711,15.564291000366211,221482
2000-10-18,15.438085556030273,15.66114616394043,15.350035667419434,15.411670684814453,103918
2000-10-19,14.85695743560791,15.716911315917969,14.85695743560791,15.534940719604492,155451
2000-10-20,15.772676467895508,16.10726547241211,15.61418628692627,15.711041450500488,393799
2000-10-23,15.320686340332031,15.960515975952148,15.320686340332031,15.376450538635254,277104
2000-10-24,15.907686233520508,15.907686233520508,14.824671745300293,15.165130615234375,325111
2000-10-25,15.438085556030273,15.67288589477539,15.261985778808594,15.602445602416992,416916
2000-10-26,14.968485832214355,16.02508544921875,14.851086616516113,15.881271362304688,150255
2000-10-27,15.84898567199707,16.43011474609375,15.804961204528809,16.22760009765625,183935
2000-10-30,16.344999313354492,16.547515869140625,15.966385841369629,16.057369232177734,197615
2000-10-31,16.083784103393555,17.140384674072266,16.083784103393555,16.788185119628906,742981
2000-11-01,16.44185447692871,17.844783782958984,16.44185447692871,17.398664474487305,1035588
2000-11-02,17.37518310546875,18.009143829345703,17.055269241333008,17.530738830566406,965179
2000-11-03,17.78314971923828,17.903484344482422,17.316484451293945,17.830108642578125,583612
2000-11-06,17.96218490600586,18.578533172607422,17.844783782958984,18.0854549407959,832999
2000-11-07,18.05316925048828,18.31438446044922,17.93283462524414,18.076648712158203,512964
2000-11-08,18.373083114624023,18.78398323059082,18.226333618164062,18.604948043823242,1139745
2000-11-09,18.490482330322266,20.09592628479004,18.31438446044922,19.805362701416016,6562663
2000-11-10,19.077482223510742,19.18901252746582,17.609983444213867,18.117738723754883,5183547
2000-11-13,17.730318069458008,17.730318069458008,17.113969802856445,17.24310874938965,2522336
2000-11-14,17.19908332824707,17.953378677368164,17.19908332824707,17.8095645904541,2549678
2000-11-15,18.725282669067383,18.725282669067383,17.316484451293945,17.466169357299805,2213681
2000-11-16,17.433883666992188,17.71564483642578,17.354639053344727,17.486713409423828,757700
2000-11-17,17.395729064941406,17.574764251708984,17.366378784179688,17.53954315185547,828995
2000-11-20,17.204954147338867,17.609983444213867,17.20201873779297,17.563024520874023,474157
2000-11-21,17.40453338623047,17.780214309692383,17.40453338623047,17.612918853759766,1127803
2000-11-22,17.753799438476562,17.753799438476562,17.466169357299805,17.58063316345215,693561
2000-11-23,17.47203826904297,17.551284790039062,17.140384674072266,17.234304428100586,395128
2000-11-24,17.19908332824707,17.260719299316406,16.791120529174805,16.858625411987305,730665
2000-11-27,17.19908332824707,17.665748596191406,16.911455154418945,17.501388549804688,896746
2000-11-28,17.492584228515625,18.0795841217041,17.433883666992188,17.654008865356445,1688757
2000-11-29,17.609983444213867,18.073713302612305,17.433883666992188,17.624658584594727,1194140
2000-11-30,17.841848373413086,17.841848373413086,17.22843360900879,17.345834732055664,377070
2000-12-01,17.604114532470703,17.662813186645508,17.087554931640625,17.257783889770508,674583
2000-12-04,17.140384674072266,18.60788345336914,17.140384674072266,17.744993209838867,1872829
2000-12-05,17.874134063720703,17.903484344482422,17.583568572998047,17.642269134521484,652402
2000-12-06,18.13828468322754,18.25568389892578,17.844783782958984,17.885873794555664,1120358
2000-12-07,17.791954040527344,18.0795841217041,17.75673484802246,17.815433502197266,694089
2000-12-08,18.006208419799805,18.60788345336914,17.844783782958984,18.211658477783203,2398792
2000-12-11,18.519832611083984,19.062807083129883,18.320253372192383,18.90725326538086,2579405
2000-12-12,19.071613311767578,19.077482223510742,18.549182891845703,18.681257247924805,982948
2000-12-13,18.666582107543945,19.077482223510742,18.22926902770996,18.490482330322266,1238825
2000-12-14,18.666582107543945,18.9571475982666,18.490482330322266,18.590272903442383,1240767
2000-12-15,18.549182891845703,18.578533172607422,17.19908332824707,17.410404205322266,1287496
2000-12-18,17.022985458374023,17.786083221435547,17.022985458374023,17.557153701782227,1092079
2000-12-19,17.727384567260742,17.727384567260742,17.22843360900879,17.29593849182129,1111142
2000-12-20,17.246044158935547,17.609983444213867,17.111034393310547,17.395729064941406,478824
2000-12-21,17.146255493164062,17.316484451293945,16.940805435180664,17.157995223999023,328944
2000-12-22,17.140384674072266,17.26952362060547,16.559255599975586,16.641435623168945,1013612
2000-12-25,16.641435623168945,16.641435623168945,16.641435623168945,16.641435623168945,0
2000-12-26,16.52403450012207,16.788185119628906,16.318584442138672,16.41543960571289,697717
2000-12-27,16.56218910217285,16.87623405456543,16.32445526123047,16.71480941772461,249812
2000-12-28,16.846885681152344,16.990699768066406,16.615020751953125,16.776445388793945,417513
2000-12-29,16.934934616088867,17.0670108795166,16.788185119628906,16.91732406616211,624838
2001-01-01,17.0670108795166,17.316484451293945,16.964284896850586,17.181474685668945,870818
2001-01-02,17.37518310546875,17.868263244628906,17.360509872436523,17.671619415283203,1042471
2001-01-03,17.844783782958984,18.16176414489746,17.551284790039062,17.915224075317383,1482897
2001-01-04,18.19111442565918,18.490482330322266,17.609983444213867,17.642269134521484,1291125
2001-01-05,17.551284790039062,17.727384567260742,17.551284790039062,17.656944274902344,622061
2001-01-08,17.78314971923828,17.93283462524414,17.492584228515625,17.601179122924805,779336
2001-01-09,17.551284790039062,17.609983444213867,17.392793655395508,17.495519638061523,1555980
2001-01-10,17.639333724975586,17.709774017333984,17.290069580078125,17.331159591674805,445196
2001-01-11,17.410404205322266,17.410404205322266,17.257783889770508,17.34876823425293,456712
2001-01-12,17.463233947753906,17.474973678588867,17.081684112548828,17.152124404907227,493083
2001-01-15,17.19908332824707,17.316484451293945,17.084619522094727,17.290069580078125,248075
2001-01-16,17.113969802856445,17.492584228515625,17.113969802856445,17.328224182128906,521857
2001-01-17,17.668684005737305,17.833044052124023,17.58063316345215,17.627593994140625,551465
2001-01-18,17.727384567260742,18.020883560180664,17.551284790039062,17.90641975402832,1262709
2001-01-19,18.185243606567383,18.43178367614746,17.96218490600586,18.367212295532227,2509048
2001-01-22,18.47287368774414,19.21836280822754,18.329057693481445,18.98649787902832,3823972
2001-01-23,18.490482330322266,18.490482330322266,17.448558807373047,17.533674240112305,3617107
2001-01-24,18.487548828125,18.487548828125,17.609983444213867,17.75673484802246,1377939
2001-01-25,17.78314971923828,17.844783782958984,17.263654708862305,17.36344337463379,1882863
2001-01-26,17.36344337463379,17.36344337463379,17.36344337463379,17.36344337463379,0
2001-01-29,17.257783889770508,17.37518310546875,16.788185119628906,17.166799545288086,802521
2001-01-30,17.345834732055664,17.492584228515625,17.19908332824707,17.419208526611328,1329711
2001-01-31,17.812498092651367,17.894678115844727,17.433883666992188,17.47203826904297,1178127
2001-02-01,17.37518310546875,17.433883666992188,17.231369018554688,17.30767822265625,1249149
2001-02-02,17.345834732055664,17.771408081054688,17.172670364379883,17.477909088134766,1717923
2001-02-05,17.53954315185547,18.020883560180664,17.53954315185547,17.765539169311523,1654652
2001-02-06,17.844783782958984,18.047298431396484,17.568893432617188,17.639333724975586,758620
2001-02-07,17.903484344482422,18.461132049560547,17.727384567260742,18.13534927368164,3102575
2001-02-08,17.96218490600586,18.695932388305664,17.96218490600586,18.39069366455078,2801791
2001-02-09,18.549182891845703,18.725282669067383,18.196983337402344,18.249813079833984,2699337
2001-02-12,18.320253372192383,19.004108428955078,18.320253372192383,18.51396369934082,3246783
2001-02-13,18.78398323059082,18.842683792114258,18.261554718017578,18.59614372253418,2206833
2001-02-14,18.666582107543945,19.077482223510742,18.63723373413086,18.78691864013672,2067259
2001-02-15,18.898448944091797,19.018783569335938,18.578533172607422,18.640167236328125,1330273
2001-02-16,18.781047821044922,18.78398323059082,17.786083221435547,17.93283462524414,2860649
2001-02-19,17.903484344482422,18.06784439086914,17.32235336303711,17.791954040527344,1116304
2001-02-20,17.698034286499023,17.991533279418945,17.381053924560547,17.551284790039062,2013391
2001-02-21,17.639333724975586,17.868263244628906,17.492584228515625,17.595308303833008,843629
2001-02-22,17.492584228515625,17.786083221435547,17.204954147338867,17.615854263305664,929557
2001-02-23,17.897613525390625,17.897613525390625,17.140384674072266,17.234304428100586,1663118
2001-02-26,17.19908332824707,17.477909088134766,17.140384674072266,17.275394439697266,2161501
2001-02-27,17.26658821105957,17.398664474487305,16.799924850463867,16.91732406616211,1531687
2001-02-28,17.081684112548828,17.433883666992188,15.966385841369629,17.248979568481445,1197309
2001-03-01,17.433883666992188,17.724449157714844,17.316484451293945,17.586503982543945,1612658
2001-03-02,17.786083221435547,17.786083221435547,16.964284896850586,17.0670108795166,1176781
2001-03-05,16.72948455810547,17.22843360900879,16.72948455810547,17.072879791259766,1145196
2001-03-06,17.072879791259766,17.072879791259766,17.072879791259766,17.072879791259766,0
2001-03-07,17.075815200805664,17.551284790039062,16.612085342407227,16.785249710083008,1472897
2001-03-08,16.832210540771484,16.832210540771484,16.55338478088379,16.56512451171875,945810
2001-03-09,16.32151985168457,16.664915084838867,16.154224395751953,16.491750717163086,578756
2001-03-12,16.34793472290039,16.667850494384766,16.030956268310547,16.11900520324707,397121
2001-03-13,15.84898567199707,15.84898567199707,14.090922355651855,14.278761863708496,600596
2001-03-14,14.903916358947754,14.903916358947754,14.252346992492676,14.81586742401123,359846
2001-03-15,14.601612091064453,15.247310638427734,14.440187454223633,15.050665855407715,514770
2001-03-16,14.909786224365234,15.379385948181152,14.851086616516113,15.094691276550293,453169
2001-03-19,15.027186393737793,15.173935890197754,14.851086616516113,15.109366416931152,157393
2001-03-20,15.080016136169434,15.555485725402832,14.865761756896973,15.376450538635254,204736
2001-03-21,15.144585609436035,15.429281234741211,14.915656089782715,15.376450538635254,110289
2001-03-22,15.261985778808594,15.731586456298828,15.162196159362793,15.385255813598633,138858
2001-03-23,15.320686340332031,15.432215690612793,15.027186393737793,15.229701042175293,179063
2001-03-26,15.012511253356934,15.191546440124512,14.968485832214355,15.112300872802734,52368
2001-03-27,15.144585609436035,15.361776351928711,14.974355697631836,15.097625732421875,170545
2001-03-28,15.203286170959473,15.42341136932373,14.851086616516113,14.892175674438477,347308
2001-03-29,15.056535720825195,15.329490661621094,14.498887062072754,14.651507377624512,1304737
2001-03-30,14.851086616516113,14.851086616516113,14.322787284851074,14.504756927490234,169369
2001-04-02,14.322787284851074,14.674986839294434,14.205387115478516,14.346266746520996,129727
2001-04-03,14.237671852111816,14.437252044677734,13.970586776733398,14.202451705932617,190920
2001-04-04,14.319851875305176,14.366811752319336,13.794486999511719,13.947107315063477,196678
2001-04-05,13.947107315063477,13.947107315063477,13.947107315063477,13.947107315063477,0
2001-04-06,14.205387115478516,14.234737396240234,13.735788345336914,13.773941993713379,135332
2001-04-09,13.735788345336914,13.735788345336914,13.207488059997559,13.216293334960938,138552
2001-04-10,13.090087890625,13.368912696838379,13.090087890625,13.107698440551758,181073
2001-04-11,12.9227933883667,13.26618766784668,12.855287551879883,13.01671314239502,146303
2001-04-12,12.7525634765625,12.855287551879883,12.520698547363281,12.626358032226562,227018
2001-04-13,12.626358032226562,12.626358032226562,12.626358032226562,12.626358032226562,0
2001-04-16,12.5148286819458,12.855287551879883,11.948373794555664,12.30057430267334,104463
2001-04-17,12.165563583374023,12.541243553161621,12.039359092712402,12.4502592086792,184906
2001-04-18,12.855287551879883,12.972687721252441,12.620488166809082,12.811263084411621,336933
2001-04-19,13.148788452148438,13.324888229370117,12.444389343261719,12.500153541564941,550681
2001-04-20,12.679187774658203,12.679187774658203,11.622589111328125,11.751729011535645,539591
2001-04-23,11.916089057922363,11.954243659973145,11.191144943237305,11.296805381774902,695469
2001-04-24,11.100159645080566,11.150054931640625,10.859490394592285,10.929929733276367,878791
2001-04-25,11.563888549804688,11.563888549804688,10.859490394592285,10.971019744873047,1646713
2001-04-26,11.035590171813965,11.845648765563965,11.026784896850586,11.276260375976562,2880189
2001-04-27,11.006239891052246,11.152990341186523,10.683389663696289,10.753829956054688,946474
2001-04-30,10.68925952911377,10.950474739074707,10.39282512664795,10.536640167236328,999677
2001-05-01,10.536640167236328,10.536640167236328,10.536640167236328,10.536640167236328,0
2001-05-02,10.683389663696289,10.976889610290527,10.683389663696289,10.862424850463867,564259
2001-05-03,11.285064697265625,12.55591869354248,11.285064697265625,12.127408981323242,3508691
2001-05-04,12.32111930847168,12.444389343261719,11.813364028930664,12.159693717956543,2445572
2001-05-07,12.403299331665039,12.602877616882324,11.927828788757324,12.018814086914062,2081807
2001-05-08,12.033489227294922,12.189043998718262,11.481708526611328,11.693029403686523,1174515
2001-05-09,11.772274017333984,11.968918800354004,11.681288719177246,11.704769134521484,380102
2001-05-10,11.607913970947266,11.757598876953125,11.537473678588867,11.610849380493164,235247
2001-05-11,11.584433555603027,11.587368965148926,11.285064697265625,11.349635124206543,427376
2001-05-14,11.387789726257324,11.563888549804688,11.188209533691406,11.455293655395508,329625
2001-05-15,11.211689949035645,11.563888549804688,10.862424850463867,11.493449211120605,447359
2001-05-16,11.666613578796387,11.739989280700684,11.511058807373047,11.566823959350586,370681
2001-05-17,11.651939392089844,12.092188835144043,11.578563690185547,11.851518630981445,1097820
2001-05-18,11.968918800354004,12.001203536987305,11.681288719177246,11.716508865356445,516286
2001-05-21,11.828039169311523,11.968918800354004,11.710638999938965,11.754664421081543,394617
2001-05-22,11.739989280700684,11.819233894348145,11.622589111328125,11.649003982543945,453305
2001-05-23,11.739989280700684,11.869129180908203,11.739989280700684,11.813364028930664,254770
2001-05-24,11.857389450073242,12.033489227294922,11.848584175109863,11.913153648376465,470749
2001-05-25,11.968918800354004,12.021748542785645,11.739989280700684,11.939569473266602,374378
2001-05-28,11.789883613586426,12.444389343261719,11.789883613586426,12.344598770141602,915554
2001-05-29,12.385688781738281,12.412103652954102,12.124473571777344,12.32111930847168,609285
2001-05-30,12.4150390625,12.50308895111084,12.15088939666748,12.26535415649414,557683
2001-05-31,12.1773042678833,12.432648658752441,11.974788665771484,12.3475341796875,230068
2001-06-01,12.3798189163208,12.3798189163208,12.033489227294922,12.054034233093262,279097
2001-06-04,12.180238723754883,12.180238723754883,11.807494163513184,11.954243659973145,183185
2001-06-05,12.092188835144043,12.911052703857422,12.092188835144043,12.280029296875,937360
2001-06-06,12.54417896270752,12.673317909240723,12.153823852539062,12.224264144897461,420375
2001-06-07,12.15088939666748,12.262418746948242,11.804558753967285,12.027619361877441,272657
2001-06-08,12.062838554382324,12.256548881530762,11.974788665771484,12.015878677368164,314548
2001-06-11,12.080449104309082,12.209589004516602,11.948373794555664,12.159693717956543,222010
2001-06-12,12.209589004516602,12.209589004516602,11.951309204101562,12.074579238891602,452589
2001-06-13,12.26535415649414,12.32111930847168,12.1097993850708,12.262418746948242,177189
2001-06-14,12.356339454650879,12.438518524169922,12.054034233093262,12.153823852539062,410477
2001-06-15,12.092188835144043,12.256548881530762,11.916089057922363,12.17143440246582,424617
2001-06-18,12.309378623962402,12.567659378051758,12.183174133300781,12.5148286819458,738961
2001-06-19,12.532439231872559,12.855287551879883,12.5177640914917,12.5823335647583,685009
2001-06-20,12.033489227294922,12.643967628479004,12.033489227294922,12.617552757263184,168432
2001-06-21,12.538309097290039,12.6498384475708,12.385688781738281,12.444389343261719,592402
2001-06-22,12.344598770141602,12.385688781738281,11.983593940734863,12.077513694763184,525247
2001-06-25,12.297638893127441,12.385688781738281,11.660743713378906,11.828039169311523,536848
2001-06-26,11.745859146118164,12.024683952331543,11.681288719177246,11.919024467468262,494548
2001-06-27,11.992399215698242,11.992399215698242,11.830973625183105,11.916089057922363,126422
2001-06-28,11.754664421081543,11.930764198303223,11.754664421081543,11.916089057922363,758365
2001-06-29,11.813364028930664,12.004138946533203,11.807494163513184,11.919024467468262,154361
2001-07-02,11.798688888549805,11.974788665771484,11.798688888549805,11.889674186706543,77649
2001-07-03,12.033489227294922,12.23893928527832,11.798688888549805,11.901413917541504,102776
2001-07-04,11.748793601989746,11.913153648376465,11.739989280700684,11.760534286499023,29846
2001-07-05,11.916089057922363,11.965984344482422,11.822169303894043,11.889674186706543,82742
2001-07-06,11.810428619384766,12.042293548583984,11.810428619384766,12.018814086914062,929983
2001-07-09,11.869129180908203,12.033489227294922,11.807494163513184,11.998269081115723,3490871
2001-07-10,11.892608642578125,12.010008811950684,11.886738777160645,11.886738777160645,70068
2001-07-11,11.860323905944824,11.957179069519043,11.842714309692383,11.842714309692383,22333
2001-07-12,11.863259315490723,11.886738777160645,11.798688888549805,11.833909034729004,16115
2001-07-13,11.974788665771484,11.974788665771484,11.739989280700684,11.748793601989746,63356
2001-07-16,11.901413917541504,11.901413917541504,11.681288719177246,11.707703590393066,16865
2001-07-17,11.666613578796387,11.792819023132324,11.657809257507324,11.693029403686523,15570
2001-07-18,11.695963859558105,11.734119415283203,11.446490287780762,11.643134117126465,70664
2001-07-19,11.505188941955566,11.625523567199707,10.865360260009766,11.285064697265625,102419
2001-07-20,10.859490394592285,11.211689949035645,10.859490394592285,11.064940452575684,50034
2001-07-23,11.387789726257324,11.387789726257324,11.202884674072266,11.205820083618164,1908
2001-07-24,11.152990341186523,11.152990341186523,10.865360260009766,10.906450271606445,23185
2001-07-25,10.856554985046387,10.856554985046387,10.395759582519531,10.454460144042969,46558
2001-07-26,10.536640167236328,11.182339668273926,10.096390724182129,11.059069633483887,2937975
2001-07-27,11.020915031433105,11.035590171813965,10.45152473449707,10.536640167236328,34037
2001-07-30,10.856554985046387,10.856554985046387,10.51902961730957,10.695130348205566,178960
2001-07-31,10.856554985046387,11.152990341186523,10.504355430603027,11.009175300598145,258501
2001-08-01,10.865360260009766,10.865360260009766,10.58066463470459,10.659910202026367,41465
2001-08-02,10.683389663696289,11.343765258789062,10.51315975189209,11.279194831848145,1243220
2001-08-03,11.211689949035645,11.226365089416504,10.865360260009766,10.944604873657227,30936
2001-08-06,11.006239891052246,11.103095054626465,10.874164581298828,10.941670417785645,12402
2001-08-07,10.745024681091309,11.064940452575684,10.745024681091309,11.029720306396484,12896
2001-08-08,10.830140113830566,11.035590171813965,10.830140113830566,10.950474739074707,22589
2001-08-09,11.029720306396484,11.150054931640625,10.859490394592285,10.900580406188965,91891
2001-08-10,10.874164581298828,11.152990341186523,10.803725242614746,10.950474739074707,83151
2001-08-13,11.267455101013184,11.270389556884766,10.836009979248047,10.868294715881348,10954
2001-08-14,10.994500160217285,10.994500160217285,10.841879844665527,10.859490394592285,6303
2001-08-15,10.859490394592285,10.859490394592285,10.859490394592285,10.859490394592285,0
2001-08-16,10.800789833068848,10.841879844665527,10.759699821472168,10.830140113830566,7086
2001-08-17,10.865360260009766,11.323220252990723,10.800789833068848,11.293869972229004,108586
2001-08-20,11.152990341186523,11.152990341186523,10.950474739074707,11.003305435180664,9250
2001-08-21,11.088419914245605,11.088419914245605,10.932865142822266,10.982760429382324,6337
2001-08-22,10.982760429382324,10.982760429382324,10.982760429382324,10.982760429382324,0
2001-08-23,11.006239891052246,11.006239891052246,10.918190002441406,10.938735008239746,21192
2001-08-24,10.859490394592285,10.950474739074707,10.836009979248047,10.856554985046387,124787
2001-08-27,11.211689949035645,11.211689949035645,10.800789833068848,11.091355323791504,296559
2001-08-28,11.152990341186523,11.182339668273926,10.935799598693848,11.141249656677246,47069
2001-08-29,11.152990341186523,11.270389556884766,10.976889610290527,11.208754539489746,100323
2001-08-30,11.152990341186523,11.152990341186523,10.997434616088867,11.035590171813965,32964
2001-08-31,10.859490394592285,11.194080352783203,10.859490394592285,10.979825019836426,25161
2001-09-03,10.924059867858887,11.032654762268066,10.859490394592285,10.888839721679688,22367
2001-09-04,10.859490394592285,11.276260375976562,10.803725242614746,11.270389556884766,85911
2001-09-05,11.009175300598145,11.739989280700684,11.009175300598145,11.722378730773926,199932
2001-09-06,11.475838661193848,11.769338607788086,11.475838661193848,11.739989280700684,112981
2001-09-07,11.739989280700684,11.766404151916504,11.563888549804688,11.745859146118164,57461
2001-09-10,11.631394386291504,11.857389450073242,11.628458976745605,11.828039169311523,66661
2001-09-11,11.739989280700684,11.828039169311523,11.566823959350586,11.640198707580566,32027
2001-09-12,10.921125411987305,11.710638999938965,10.921125411987305,11.660743713378906,117904
2001-09-13,11.499319076538086,11.666613578796387,11.417140007019043,11.643134117126465,73049
2001-09-14,11.428879737854004,11.475838661193848,11.020915031433105,11.443554878234863,235468
2001-09-17,10.859490394592285,11.023850440979004,10.38988971710205,10.997434616088867,345230
2001-09-18,11.035590171813965,11.329090118408203,10.59533977508545,11.155924797058105,178398
2001-09-19,11.423009872436523,11.892608642578125,11.152990341186523,11.857389450073242,896286
2001-09-20,11.337895393371582,11.828039169311523,11.337895393371582,11.798688888549805,306848
2001-09-21,11.449424743652344,11.828039169311523,11.387789726257324,11.778143882751465,765673
2001-09-24,12.15088939666748,12.15088939666748,11.449424743652344,11.458229064941406,83424
2001-09-25,11.710638999938965,11.710638999938965,11.273324966430664,11.282130241394043,173799
2001-09-26,11.273324966430664,11.610849380493164,11.246910095214844,11.469968795776367,81771
2001-09-27,11.288000106811523,11.593238830566406,11.288000106811523,11.543343544006348,32606
2001-09-28,11.593238830566406,11.728248596191406,11.402464866638184,11.693029403686523,149318
2001-10-01,11.558018684387207,11.578563690185547,11.446490287780762,11.493449211120605,289114
2001-10-02,11.493449211120605,11.493449211120605,11.493449211120605,11.493449211120605,0
2001-10-03,11.270389556884766,11.563888549804688,11.270389556884766,11.437685012817383,19080
2001-10-04,11.417140007019043,11.417140007019043,11.185275077819824,11.208754539489746,63475
2001-10-05,11.273324966430664,11.370180130004883,11.273324966430664,11.314414978027344,4412
2001-10-08,11.387789726257324,11.387789726257324,10.918190002441406,11.170599937438965,16030
2001-10-09,11.440620422363281,11.440620422363281,11.038524627685547,11.144185066223145,14872
2001-10-10,11.381919860839844,11.381919860839844,11.158860206604004,11.323220252990723,56916
2001-10-11,11.152990341186523,11.446490287780762,11.152990341186523,11.255715370178223,10630
2001-10-12,11.440620422363281,11.440620422363281,11.252779960632324,11.282130241394043,24872
2001-10-15,11.329090118408203,11.358440399169922,11.094289779663086,11.182339668273926,89608
2001-10-16,12.033489227294922,12.033489227294922,11.152990341186523,11.188209533691406,8279
2001-10-17,11.329090118408203,11.387789726257324,11.197014808654785,11.246910095214844,50749
2001-10-18,11.270389556884766,11.431815147399902,11.158860206604004,11.179405212402344,40204
2001-10-19,11.226365089416504,11.329090118408203,10.924059867858887,11.197014808654785,46950
2001-10-22,11.155924797058105,11.323220252990723,11.017979621887207,11.182339668273926,50851
2001-10-23,11.182339668273926,11.241040229797363,11.100159645080566,11.129509925842285,17649
2001-10-24,11.158860206604004,11.681288719177246,11.094289779663086,11.349635124206543,76047
2001-10-25,11.739989280700684,11.739989280700684,11.246910095214844,11.619653701782227,1779882
2001-10-26,11.619653701782227,11.619653701782227,11.619653701782227,11.619653701782227,0
2001-10-29,11.446490287780762,11.619653701782227,11.232234954833984,11.282130241394043,39761
2001-10-30,11.217559814453125,11.299739837646484,11.152990341186523,11.194080352783203,14241
2001-10-31,11.164730072021484,11.311479568481445,11.164730072021484,11.270389556884766,45451
2001-11-01,11.182339668273926,11.329090118408203,11.182339668273926,11.255715370178223,26746
2001-11-02,11.739989280700684,11.739989280700684,11.182339668273926,11.229299545288086,100408
2001-11-05,11.197014808654785,11.252779960632324,11.182339668273926,11.199950218200684,29097
2001-11-06,11.214625358581543,11.270389556884766,11.194080352783203,11.197014808654785,99676
2001-11-07,11.343765258789062,11.417140007019043,11.197014808654785,11.238104820251465,51039
2001-11-08,11.440620422363281,11.552148818969727,11.329090118408203,11.387789726257324,99012
2001-11-09,11.270389556884766,11.651939392089844,11.270389556884766,11.481708526611328,101260
2001-11-12,11.916089057922363,11.916089057922363,11.563888549804688,11.604978561401367,94582
2001-11-13,11.672484397888184,11.675418853759766,11.469968795776367,11.566823959350586,32027
2001-11-14,11.684224128723145,11.725314140319824,11.519864082336426,11.549214363098145,9284
2001-11-15,11.681288719177246,11.710638999938965,11.505188941955566,11.657809257507324,71243
2001-11-16,11.657809257507324,11.657809257507324,11.657809257507324,11.657809257507324,0
2001-11-19,11.622589111328125,11.739989280700684,11.566823959350586,11.625523567199707,94582
2001-11-20,11.519864082336426,11.769338607788086,11.478774070739746,11.716508865356445,123696
2001-11-21,12.030553817749023,12.030553817749023,11.628458976745605,11.722378730773926,55707
2001-11-22,11.804558753967285,11.907283782958984,11.622589111328125,11.669548988342285,211175
2001-11-23,11.681288719177246,12.033489227294922,11.475838661193848,11.555084228515625,123322
2001-11-26,11.622589111328125,11.848584175109863,11.505188941955566,11.628458976745605,195570
2001-11-27,11.681288719177246,12.027619361877441,11.578563690185547,11.675418853759766,83475
2001-11-28,11.540409088134766,11.651939392089844,11.540409088134766,11.604978561401367,31925
2001-11-29,11.590304374694824,11.681288719177246,11.511058807373047,11.604978561401367,72044
2001-11-30,11.604978561401367,11.604978561401367,11.604978561401367,11.604978561401367,0
2001-12-03,11.684224128723145,11.766404151916504,11.505188941955566,11.731184005737305,84480
2001-12-04,11.739989280700684,11.913153648376465,11.622589111328125,11.663679122924805,36882
2001-12-05,11.651939392089844,11.916089057922363,9.970186233520508,11.569759368896484,71567
2001-12-06,11.907283782958984,11.916089057922363,11.534539222717285,11.602044105529785,94054
2001-12-07,11.446490287780762,11.622589111328125,10.921125411987305,11.191144943237305,192470
2001-12-10,11.152990341186523,11.446490287780762,11.152990341186523,11.349635124206543,226627
2001-12-11,11.563888549804688,11.684224128723145,11.505188941955566,11.566823959350586,583578
2001-12-12,11.693029403686523,11.737053871154785,11.566823959350586,11.593238830566406,315911
2001-12-13,11.622589111328125,11.622589111328125,11.270389556884766,11.519864082336426,368824
2001-12-14,11.516928672790527,11.516928672790527,11.405400276184082,11.458229064941406,177342
2001-12-17,11.458229064941406,11.458229064941406,11.458229064941406,11.458229064941406,0
2001-12-18,11.505188941955566,11.505188941955566,11.217559814453125,11.378985404968262,132606
2001-12-19,11.329090118408203,11.417140007019043,11.276260375976562,11.323220252990723,189727
2001-12-20,11.006239891052246,11.387789726257324,11.006239891052246,11.199950218200684,391431
2001-12-21,11.041460037231445,11.176469802856445,10.924059867858887,11.000370025634766,198330
2001-12-24,11.094289779663086,11.094289779663086,10.800789833068848,10.956344604492188,169574
2001-12-25,10.956344604492188,10.956344604492188,10.956344604492188,10.956344604492188,0
2001-12-26,10.918190002441406,11.064940452575684,10.871230125427246,11.009175300598145,119420
2001-12-27,10.871230125427246,11.094289779663086,10.859490394592285,11.050265312194824,268722
2001-12-28,10.862424850463867,11.041460037231445,10.859490394592285,11.032654762268066,321618
2001-12-31,11.035590171813965,11.267455101013184,11.035590171813965,11.173535346984863,134531
2002-01-01,10.448590278625488,11.246910095214844,10.448590278625488,11.135379791259766,151005
2002-01-02,11.182339668273926,11.182339668273926,11.059069633483887,11.152990341186523,17495
2002-01-03,11.158860206604004,11.235170364379883,11.041460037231445,11.211689949035645,92725
2002-01-04,11.211689949035645,11.270389556884766,11.094289779663086,11.238104820251465,51737
2002-01-07,11.270389556884766,11.270389556884766,11.152990341186523,11.214625358581543,48057
2002-01-08,11.214625358581543,11.255715370178223,11.097225189208984,11.111900329589844,16933
2002-01-09,11.088419914245605,11.255715370178223,11.070810317993164,11.202884674072266,39880
2002-01-10,11.155924797058105,11.270389556884766,11.094289779663086,11.191144943237305,22385
2002-01-11,11.152990341186523,11.211689949035645,11.041460037231445,11.129509925842285,37683
2002-01-14,11.041460037231445,11.270389556884766,11.035590171813965,11.135379791259766,123441
2002-01-15,11.152990341186523,11.152990341186523,10.924059867858887,10.938735008239746,49114
2002-01-16,10.929929733276367,11.138315200805664,10.929929733276367,10.950474739074707,20153
2002-01-17,10.926995277404785,11.088419914245605,10.926995277404785,11.026784896850586,34753
2002-01-18,11.094289779663086,11.616719245910645,10.862424850463867,11.522798538208008,357581
2002-01-21,12.033489227294922,12.268288612365723,11.974788665771484,12.062838554382324,347189
2002-01-22,12.092188835144043,12.444389343261719,12.042293548583984,12.23306941986084,405042
2002-01-23,12.180238723754883,12.268288612365723,11.989463806152344,12.065773963928223,178586
2002-01-24,11.986529350280762,12.209589004516602,11.742923736572266,11.781079292297363,90698
2002-01-25,11.857389450073242,11.989463806152344,11.622589111328125,11.739989280700684,48977
2002-01-28,11.957179069519043,11.957179069519043,11.628458976745605,11.716508865356445,46303
2002-01-29,11.731184005737305,11.857389450073242,11.578563690185547,11.593238830566406,40698
2002-01-30,11.734119415283203,11.916089057922363,11.522798538208008,11.863259315490723,92163
2002-01-31,11.916089057922363,12.15088939666748,11.916089057922363,12.042293548583984,196524
2002-02-01,12.092188835144043,12.15088939666748,11.974788665771484,12.042293548583984,86626
2002-02-04,12.092188835144043,12.32698917388916,12.033489227294922,12.042293548583984,278620
2002-02-05,12.224264144897461,12.444389343261719,12.209589004516602,12.3475341796875,454787
2002-02-06,12.620488166809082,13.970586776733398,12.444389343261719,13.330758094787598,875486
2002-02-07,13.448158264160156,13.729917526245117,12.9198579788208,12.96975326538086,330323
2002-02-08,13.17813777923584,14.146686553955078,12.84061336517334,13.941237449645996,560681
2002-02-11,14.264086723327637,14.851086616516113,14.152557373046875,14.487147331237793,898467
2002-02-12,14.674986839294434,14.674986839294434,14.146686553955078,14.331591606140137,370511
2002-02-13,14.551716804504395,15.367646217346191,14.399097442626953,15.147521018981934,5761163
2002-02-14,15.320686340332031,16.964284896850586,15.320686340332031,16.151290893554688,2547651
2002-02-15,15.84898567199707,16.25695037841797,15.326556205749512,15.47037124633789,888825
2002-02-18,15.543745994567871,16.048564910888672,15.282530784606934,15.51733112335205,701244
2002-02-19,15.74919605255127,15.74919605255127,15.056535720825195,15.373516082763672,447700
2002-02-20,14.971421241760254,16.694265365600586,14.971421241760254,16.438919067382812,2012097
2002-02-21,16.559255599975586,16.758834838867188,15.919425964355469,16.29804039001465,1118110
2002-02-22,15.649406433105469,17.551284790039062,15.649406433105469,17.43094825744629,2171398
2002-02-25,17.521934509277344,17.551284790039062,16.964284896850586,17.166799545288086,1253970
2002-02-26,17.37518310546875,17.37518310546875,16.964284896850586,17.193214416503906,701227
2002-02-27,17.155059814453125,17.155059814453125,15.631795883178711,16.25695037841797,779438
2002-02-28,16.435985565185547,16.435985565185547,14.851086616516113,14.994900703430176,667274
2002-03-01,15.261985778808594,16.670785903930664,15.144585609436035,15.919425964355469,280783
2002-03-04,16.142484664916992,16.435985565185547,15.79615592956543,15.907686233520508,288739
2002-03-05,15.907686233520508,16.289234161376953,15.496786117553711,15.55842113494873,175059
2002-03-06,16.17183494567871,16.17183494567871,15.033056259155273,15.267855644226074,150988
2002-03-07,16.406635284423828,17.316484451293945,15.561355590820312,15.669951438903809,757888
2002-03-08,16.083784103393555,16.20118522644043,15.746260643005371,15.881271362304688,813527
2002-03-11,14.674986839294434,15.919425964355469,14.674986839294434,15.256115913391113,270221
2002-03-12,15.261985778808594,15.394061088562012,14.763036727905273,15.150456428527832,256064
2002-03-13,15.256115913391113,16.14542007446289,15.027186393737793,15.323620796203613,234191
2002-03-14,15.379385948181152,15.731586456298828,15.320686340332031,15.51733112335205,105707
2002-03-15,15.963451385498047,15.963451385498047,14.851086616516113,15.62592601776123,126712
2002-03-18,15.819636344909668,15.84898567199707,15.270791053771973,15.350035667419434,152811
2002-03-19,15.320686340332031,15.376450538635254,14.971421241760254,15.015445709228516,130136
2002-03-20,14.824671745300293,15.082950592041016,14.683792114257812,14.760102272033691,211005
2002-03-21,14.733687400817871,14.968485832214355,14.733687400817871,14.763036727905273,213236
2002-03-22,14.821737289428711,14.880436897277832,14.674986839294434,14.683792114257812,55860
2002-03-25,14.683792114257812,14.683792114257812,14.683792114257812,14.683792114257812,0
2002-03-26,14.689661979675293,14.874567031860352,14.498887062072754,14.560522079467773,54173
2002-03-27,14.674986839294434,14.704337120056152,14.381486892700195,14.446057319641113,109931
2002-03-28,14.660311698913574,15.438085556030273,14.616287231445312,14.898045539855957,423748
2002-03-29,14.898045539855957,14.898045539855957,14.898045539855957,14.898045539855957,0
2002-04-01,15.223831176757812,15.731586456298828,15.033056259155273,15.335360527038574,265605
2002-04-02,15.408736228942871,15.549615859985352,15.144585609436035,15.203286170959473,183816
2002-04-03,15.153390884399414,15.58483600616455,15.144585609436035,15.329490661621094,102538
2002-04-04,15.48504638671875,15.561355590820312,15.344165802001953,15.496786117553711,78211
2002-04-05,15.261985778808594,15.83724594116211,15.261985778808594,15.555485725402832,79488
2002-04-08,15.264921188354492,16.13074493408203,15.264921188354492,15.99280071258545,551772
2002-04-09,16.19824981689453,16.465335845947266,16.02508544921875,16.289234161376953,276439
2002-04-10,16.14835548400879,16.465335845947266,15.737456321716309,16.383155822753906,471823
2002-04-11,16.55338478088379,16.90558433532715,16.435985565185547,16.732419967651367,656712
2002-04-12,16.670785903930664,16.90558433532715,16.49468421936035,16.64730453491211,342385
2002-04-15,17.193214416503906,17.246044158935547,15.97225570678711,16.556320190429688,207904
2002-04-16,16.450660705566406,16.55338478088379,15.907686233520508,16.06324005126953,88569
2002-04-17,16.14835548400879,16.946674346923828,16.14542007446289,16.78231430053711,192589
2002-04-18,16.95841407775879,17.275394439697266,16.732419967651367,16.920259475708008,400051
2002-04-19,15.438085556030273,17.081684112548828,15.438085556030273,16.26869010925293,174599
2002-04-22,16.142484664916992,16.43011474609375,15.975191116333008,16.045629501342773,73952
2002-04-23,16.315650939941406,16.55338478088379,16.06617546081543,16.409570693969727,106013
2002-04-24,16.72948455810547,17.022985458374023,16.541645050048828,16.879169464111328,452129
2002-04-25,17.020050048828125,18.43178367614746,16.970155715942383,17.604114532470703,1058348
2002-04-26,17.609983444213867,18.196983337402344,17.381053924560547,17.589439392089844,602726
2002-04-29,17.6070499420166,17.609983444213867,17.381053924560547,17.448558807373047,273986
2002-04-30,17.316484451293945,18.19111442565918,17.316484451293945,17.325288772583008,104650
2002-05-01,17.325288772583008,17.325288772583008,17.325288772583008,17.325288772583008,0
2002-05-02,17.551284790039062,18.13828468322754,17.463233947753906,17.8800048828125,1438042
2002-05-03,18.047298431396484,18.666582107543945,17.786083221435547,18.103063583374023,1775793
2002-05-06,18.25568389892578,18.490482330322266,18.0795841217041,18.12360954284668,234940
2002-05-07,18.199918746948242,18.578533172607422,18.0795841217041,18.496353149414062,839217
2002-05-08,18.9600830078125,19.194883346557617,18.196983337402344,18.2879695892334,388739
2002-05-09,18.43178367614746,18.519832611083984,18.211658477783203,18.481678009033203,366610
2002-05-10,18.31438446044922,18.519832611083984,17.903484344482422,18.487548828125,497564
2002-05-13,18.4846134185791,18.78398323059082,18.196983337402344,18.496353149414062,454497
2002-05-14,18.490482330322266,18.549182891845703,18.08251953125,18.09719467163086,52095
2002-05-15,18.13828468322754,18.13828468322754,17.19908332824707,17.460298538208008,226524
2002-05-16,17.609983444213867,17.786083221435547,17.257783889770508,17.677488327026367,170903
2002-05-17,17.6745548248291,18.13828468322754,17.551284790039062,17.98859977722168,773322
2002-05-20,17.621723175048828,17.894678115844727,17.433883666992188,17.53954315185547,162282
2002-05-21,17.844783782958984,17.844783782958984,16.20118522644043,16.63556480407715,170136
2002-05-22,16.758834838867188,17.19908332824707,16.435985565185547,17.008310317993164,113475
2002-05-23,16.90558433532715,16.908519744873047,16.438919067382812,16.65904426574707,78347
2002-05-24,16.943740844726562,17.298873901367188,16.72948455810547,17.069944381713867,228535
2002-05-27,17.081684112548828,17.169734954833984,16.738290786743164,16.820470809936523,80051
2002-05-28,16.626760482788086,16.72948455810547,16.233470916748047,16.303909301757812,85570
2002-05-29,16.717744827270508,17.022985458374023,16.289234161376953,16.86449432373047,72282
2002-05-30,16.72948455810547,17.046464920043945,16.465335845947266,16.56218910217285,34770
2002-05-31,16.547515869140625,16.547515869140625,16.177705764770508,16.33325958251953,49608
2002-06-03,16.641435623168945,16.90558433532715,16.21292495727539,16.38902473449707,134684
2002-06-04,16.435985565185547,16.544580459594727,16.204120635986328,16.488815307617188,385264
2002-06-05,16.670785903930664,17.022985458374023,16.438919067382812,16.738290786743164,118364
2002-06-06,16.72948455810547,16.72948455810547,16.49468421936035,16.506425857543945,185587
2002-06-07,16.49468421936035,16.77057456970215,16.39196014404297,16.708940505981445,89182
2002-06-10,16.02508544921875,17.313549041748047,16.02508544921875,17.10810089111328,117172
2002-06-11,17.6070499420166,18.31438446044922,17.290069580078125,18.0795841217041,2037378
2002-06-12,17.96218490600586,18.549182891845703,17.759668350219727,17.956314086914062,250255
2002-06-13,19.077482223510742,19.370983123779297,17.727384567260742,18.72821807861328,1393203
2002-06-14,18.781047821044922,19.06574249267578,18.04142951965332,18.20578956604004,700818
2002-06-17,18.13828468322754,18.428848266601562,17.96218490600586,18.20285415649414,275042
2002-06-18,18.196983337402344,18.373083114624023,17.495519638061523,17.768474578857422,102521
2002-06-19,17.609983444213867,17.903484344482422,17.37518310546875,17.480844497680664,379625
2002-06-20,17.439754486083984,17.859458923339844,17.316484451293945,17.750864028930664,133918
2002-06-21,17.753799438476562,17.815433502197266,17.433883666992188,17.571828842163086,68330
2002-06-24,17.169734954833984,17.833044052124023,17.169734954833984,17.6745548248291,101362
2002-06-25,17.651073455810547,17.651073455810547,17.38985824584961,17.510194778442383,45707
2002-06-26,17.26952362060547,17.844783782958984,17.169734954833984,17.733253479003906,377530
2002-06-27,17.609983444213867,18.17937469482422,17.37518310546875,18.09719467163086,169250
2002-06-28,18.196983337402344,18.842683792114258,18.13828468322754,18.402433395385742,767053
2002-07-01,18.414173126220703,18.8955135345459,18.31438446044922,18.79572296142578,560698
2002-07-02,18.901382446289062,19.370983123779297,18.901382446289062,19.321088790893555,508228
2002-07-03,19.077482223510742,20.078317642211914,19.077482223510742,19.70263671875,708160
2002-07-04,19.95798110961914,20.128211975097656,19.66448211669922,19.922761917114258,949591
2002-07-05,19.62045669555664,20.222131729125977,19.62045669555664,19.82590675354004,311891
2002-07-08,19.95798110961914,20.016681671142578,19.018783569335938,19.118572235107422,291891
2002-07-09,19.429683685302734,19.45903205871582,18.842683792114258,18.848552703857422,234395
2002-07-10,18.842683792114258,18.869098663330078,18.63723373413086,18.6871280670166,69897
2002-07-11,18.578533172607422,18.954212188720703,18.496353149414062,18.792787551879883,90511
2002-07-12,18.916057586669922,19.31228256225586,18.79865837097168,19.139118194580078,90851
2002-07-15,18.90431785583496,19.18901252746582,18.85442352294922,19.01584815979004,140630
2002-07-16,18.020883560180664,19.370983123779297,18.020883560180664,18.807462692260742,549370
2002-07-17,18.83974838256836,18.898448944091797,18.43178367614746,18.789852142333984,690733
2002-07-18,18.842683792114258,19.036392211914062,18.78398323059082,18.99823760986328,415571
2002-07-19,18.9600830078125,18.9600830078125,18.757568359375,18.78691864013672,125110
2002-07-22,18.60788345336914,18.9600830078125,18.490482330322266,18.77224349975586,334753
2002-07-23,18.8955135345459,18.8955135345459,18.31438446044922,18.40536880493164,254139
2002-07-24,18.490482330322266,18.563858032226562,18.196983337402344,18.396562576293945,125332
2002-07-25,18.78398323059082,18.842683792114258,17.903484344482422,17.976858139038086,105468
2002-07-26,17.609983444213867,18.023818969726562,17.551284790039062,17.847719192504883,256644
2002-07-29,17.844783782958984,18.60788345336914,17.609983444213867,18.3496036529541,734344
2002-07-30,18.43178367614746,18.807462692260742,17.903484344482422,17.96218490600586,41277
2002-07-31,17.463233947753906,17.609983444213867,17.143320083618164,17.290069580078125,81414
2002-08-01,17.844783782958984,17.844783782958984,17.32235336303711,17.709774017333984,240545
2002-08-02,17.316484451293945,17.551284790039062,17.316484451293945,17.454429626464844,51226
2002-08-05,17.433883666992188,17.721513748168945,17.345834732055664,17.548349380493164,44037
2002-08-06,17.169734954833984,17.64813995361328,17.169734954833984,17.612918853759766,120613
2002-08-07,17.841848373413086,17.841848373413086,17.683359146118164,17.768474578857422,1881841
2002-08-08,17.639333724975586,17.727384567260742,17.37811851501465,17.568893432617188,73185
2002-08-09,17.609983444213867,17.609983444213867,17.20201873779297,17.469104766845703,31618
2002-08-12,17.609983444213867,17.718578338623047,17.22843360900879,17.410404205322266,87155
2002-08-13,17.460298538208008,17.492584228515625,17.351703643798828,17.433883666992188,32606
2002-08-14,17.381053924560547,17.454429626464844,17.316484451293945,17.33702850341797,98381
2002-08-15,17.33702850341797,17.33702850341797,17.33702850341797,17.33702850341797,0
2002-08-16,17.37518310546875,17.419208526611328,17.257783889770508,17.284198760986328,54514
2002-08-19,17.40453338623047,17.492584228515625,17.19908332824707,17.26952362060547,94224
2002-08-20,17.140384674072266,17.257783889770508,16.852754592895508,17.1345157623291,185775
2002-08-21,17.37518310546875,17.40453338623047,17.084619522094727,17.325288772583008,118296
2002-08-22,17.37518310546875,17.548349380493164,17.257783889770508,17.319419860839844,12589
2002-08-23,17.433883666992188,17.492584228515625,17.21375846862793,17.419208526611328,15638
2002-08-26,17.551284790039062,17.598243713378906,17.169734954833984,17.275394439697266,128756
2002-08-27,17.084619522094727,17.43094825744629,17.084619522094727,17.331159591674805,40391
2002-08-28,17.19908332824707,17.37518310546875,16.908519744873047,17.301809310913086,108552
2002-08-29,17.19908332824707,17.401599884033203,17.140384674072266,17.319419860839844,58569
2002-08-30,17.401599884033203,17.433883666992188,17.21082305908203,17.319419860839844,40136
2002-09-02,17.316484451293945,17.551284790039062,17.140384674072266,17.284198760986328,32691
2002-09-03,17.21375846862793,17.21375846862793,17.022985458374023,17.102230072021484,34718
2002-09-04,17.844783782958984,17.903484344482422,16.841014862060547,17.011245727539062,14804
2002-09-05,17.084619522094727,17.316484451293945,17.022985458374023,17.257783889770508,31345
2002-09-06,17.087554931640625,17.196149826049805,17.052335739135742,17.093425750732422,9880
2002-09-09,17.025920867919922,17.025920867919922,16.846885681152344,16.899715423583984,20323
2002-09-10,16.899715423583984,16.899715423583984,16.899715423583984,16.899715423583984,0
2002-09-11,17.022985458374023,17.046464920043945,16.861560821533203,17.028854370117188,64276
2002-09-12,17.36344337463379,17.36344337463379,16.84981918334961,16.926130294799805,41499
2002-09-13,16.885040283203125,16.885040283203125,16.72948455810547,16.732419967651367,16371
2002-09-16,17.081684112548828,17.081684112548828,16.37728500366211,16.44478988647461,31056
2002-09-17,16.52403450012207,16.63262939453125,16.506425857543945,16.50935935974121,7376
2002-09-18,16.964284896850586,16.964284896850586,16.435985565185547,16.450660705566406,4088
2002-09-19,17.96218490600586,17.96218490600586,16.447725296020508,16.744159698486328,26439
2002-09-20,17.551284790039062,17.551284790039062,16.50935935974121,16.717744827270508,30834
2002-09-23,16.55338478088379,16.846885681152344,16.49468421936035,16.667850494384766,289404
2002-09-24,17.609983444213867,17.609983444213867,16.435985565185547,16.44478988647461,226916
2002-09-25,15.84898567199707,16.547515869140625,15.84898567199707,16.49468421936035,16490
2002-09-26,16.23053550720215,16.547515869140625,16.221729278564453,16.380220413208008,8500
2002-09-27,16.20118522644043,16.996570587158203,16.20118522644043,16.68545913696289,178841
2002-09-30,17.37518310546875,17.37518310546875,16.17477035522461,16.412504196166992,23628
2002-10-01,17.551284790039062,17.551284790039062,16.02508544921875,16.08085060119629,39880
2002-10-02,16.08085060119629,16.08085060119629,16.08085060119629,16.08085060119629,0
2002-10-03,16.20118522644043,16.318584442138672,15.85779094696045,15.91062068939209,276116
2002-10-04,15.84898567199707,16.18944549560547,15.752131462097168,15.825506210327148,117308
2002-10-07,15.84898567199707,16.07791519165039,15.67288589477539,15.942906379699707,154190
2002-10-08,15.291336059570312,16.36554527282715,15.291336059570312,16.192380905151367,94599
2002-10-09,17.551284790039062,17.551284790039062,16.02508544921875,16.70306968688965,162385
2002-10-10,16.623825073242188,16.670785903930664,16.259885787963867,16.51229476928711,90545
2002-10-11,16.397829055786133,16.612085342407227,16.397829055786133,16.547515869140625,22981
2002-10-14,16.902650833129883,16.90558433532715,16.24227523803711,16.547515869140625,232112
2002-10-15,16.547515869140625,16.547515869140625,16.547515869140625,16.547515869140625,0
2002-10-16,16.670785903930664,16.785249710083008,16.597410202026367,16.706005096435547,243219
2002-10-17,16.879169464111328,16.879169464111328,16.585670471191406,16.72948455810547,108977
2002-10-18,16.90558433532715,16.90558433532715,16.44185447692871,16.44478988647461,10289
2002-10-21,16.383155822753906,16.55338478088379,16.34793472290039,16.35087013244629,14497
2002-10-22,16.02508544921875,16.318584442138672,16.02508544921875,16.183574676513672,24582
2002-10-23,16.083784103393555,16.142484664916992,16.033891677856445,16.12194061279297,21601
2002-10-24,16.083784103393555,16.318584442138672,15.881271362304688,16.09259033203125,204497
2002-10-25,15.922361373901367,16.142484664916992,15.379385948181152,16.06324005126953,96950
2002-10-28,17.022985458374023,17.022985458374023,16.004541397094727,16.142484664916992,25144
2002-10-29,16.02802085876465,16.180639266967773,15.995736122131348,16.10433006286621,6558
2002-10-30,16.142484664916992,16.142484664916992,15.84898567199707,15.954646110534668,33339
2002-10-31,16.083784103393555,16.195314407348633,15.038926124572754,15.267855644226074,489267
2002-11-01,15.846051216125488,15.846051216125488,14.736621856689453,15.203286170959473,830682
2002-11-04,15.67288589477539,15.67288589477539,15.344165802001953,15.414606094360352,207240
2002-11-05,15.467435836791992,15.84898567199707,15.350035667419434,15.66701602935791,38790
2002-11-06,15.66701602935791,15.66701602935791,15.66701602935791,15.66701602935791,0
2002-11-07,16.23053550720215,16.23053550720215,15.57309627532959,15.887141227722168,103015
2002-11-08,15.731586456298828,15.84898567199707,15.731586456298828,15.846051216125488,3134
2002-11-11,15.84898567199707,15.954646110534668,15.731586456298828,15.78148078918457,243969
2002-11-12,15.58483600616455,15.58483600616455,14.942070960998535,15.056535720825195,144838
2002-11-13,15.144585609436035,15.417540550231934,14.211256980895996,14.537041664123535,621618
2002-11-14,14.381486892700195,14.851086616516113,14.240607261657715,14.378552436828613,337581
2002-11-15,15.461565971374512,15.461565971374512,13.976456642150879,14.061572074890137,212317
2002-11-18,13.794486999511719,14.234737396240234,13.794486999511719,14.085051536560059,376099
2002-11-19,14.085051536560059,14.085051536560059,14.085051536560059,14.085051536560059,0
2002-11-20,13.794486999511719,14.487147331237793,13.794486999511719,13.87373161315918,513612
2002-11-21,14.205387115478516,15.144585609436035,14.029287338256836,14.469536781311035,2614874
2002-11-22,14.968485832214355,15.555485725402832,14.733687400817871,14.789451599121094,886849
2002-11-25,15.041860580444336,15.555485725402832,14.912720680236816,15.473305702209473,1511721
2002-11-26,15.555485725402832,15.93116569519043,15.388191223144531,15.825506210327148,898552
2002-11-27,15.84898567199707,16.022151947021484,15.379385948181152,15.414606094360352,185996
2002-11-28,16.142484664916992,16.752965927124023,16.033891677856445,16.22466468811035,1271006
2002-11-29,16.43011474609375,16.57686424255371,16.16009521484375,16.474140167236328,190477
2002-12-02,16.72948455810547,16.90558433532715,16.318584442138672,16.450660705566406,181328
2002-12-03,16.612085342407227,17.081684112548828,16.55338478088379,16.697200775146484,438228
2002-12-04,16.846885681152344,16.893844604492188,16.113134384155273,16.503490447998047,628637
2002-12-05,15.58483600616455,16.330324172973633,15.446890830993652,16.098459243774414,452794
2002-12-06,16.259885787963867,16.371414184570312,15.919425964355469,16.28336524963379,908075
2002-12-09,16.20118522644043,16.37728500366211,15.986930847167969,16.02802085876465,666201
2002-12-10,15.966385841369629,17.075815200805664,15.79615592956543,16.262819290161133,269233
2002-12-11,16.60621452331543,16.612085342407227,16.21292495727539,16.48587989807129,235962
2002-12-12,16.664915084838867,17.492584228515625,16.438919067382812,17.325288772583008,1874805
2002-12-13,17.609983444213867,17.712709426879883,16.978960037231445,17.181474685668945,472334
2002-12-16,17.140384674072266,17.31061363220215,16.920259475708008,17.137449264526367,123492
2002-12-17,17.022985458374023,17.248979568481445,16.49761962890625,17.049400329589844,140443
2002-12-18,16.814599990844727,17.078750610351562,16.814599990844727,17.002439498901367,37189
2002-12-19,16.785249710083008,16.961349487304688,16.758834838867188,16.829275131225586,22061
2002-12-20,16.14835548400879,17.022985458374023,16.14835548400879,16.95841407775879,46064
2002-12-23,17.017114639282227,17.017114639282227,16.74122428894043,16.79698944091797,74395
2002-12-24,16.95841407775879,16.95841407775879,16.676654815673828,16.817535400390625,200715
2002-12-25,16.817535400390625,16.817535400390625,16.817535400390625,16.817535400390625,0
2002-12-26,16.964284896850586,17.287134170532227,16.87623405456543,16.93199920654297,104548
2002-12-27,16.93199920654297,17.492584228515625,16.84981918334961,17.448558807373047,517649
2002-12-30,17.216693878173828,17.991533279418945,17.022985458374023,17.909353256225586,1159643
2002-12-31,18.020883560180664,18.2850341796875,18.020883560180664,18.217529296875,1212522
2003-01-01,18.0795841217041,18.373083114624023,17.968053817749023,18.0854549407959,357070
2003-01-02,18.13828468322754,18.196983337402344,17.721513748168945,18.105998992919922,209506
2003-01-03,18.12067413330078,18.12067413330078,17.433883666992188,17.598243713378906,87206
2003-01-06,17.935768127441406,18.017948150634766,17.495519638061523,17.894678115844727,513015
2003-01-07,18.10893440246582,18.31438446044922,17.730318069458008,17.8770694732666,359557
2003-01-08,18.129478454589844,18.13828468322754,17.727384567260742,17.730318069458008,69335
2003-01-09,17.900548934936523,18.71941375732422,17.6745548248291,18.602012634277344,957956
2003-01-10,18.78691864013672,18.898448944091797,18.44645881652832,18.725282669067383,297444
2003-01-13,18.60788345336914,18.60788345336914,18.376018524169922,18.52863883972168,96575
2003-01-14,18.443523406982422,19.01291275024414,18.443523406982422,18.87790298461914,340221
2003-01-15,18.842683792114258,19.370983123779297,18.666582107543945,19.06574249267578,420562
2003-01-16,18.93073272705078,19.31228256225586,18.789852142333984,19.12444305419922,695503
2003-01-17,19.077482223510742,19.341632843017578,18.857358932495117,18.97182273864746,93611
2003-01-20,18.78398323059082,19.194883346557617,18.58146858215332,19.048133850097656,156167
2003-01-21,18.9600830078125,19.8347110748291,18.9600830078125,19.44729232788086,2064567
2003-01-22,19.48838233947754,19.535341262817383,18.99823760986328,19.142053604125977,1403152
2003-01-23,19.077482223510742,19.26825714111328,18.196983337402344,18.519832611083984,239472
2003-01-24,17.642269134521484,19.074548721313477,17.609983444213867,17.671619415283203,314378
2003-01-27,18.252748489379883,18.252748489379883,17.433883666992188,17.703903198242188,222640
2003-01-28,17.677488327026367,17.677488327026367,17.081684112548828,17.439754486083984,109454
2003-01-29,17.433883666992188,17.727384567260742,17.37518310546875,17.671619415283203,162146
2003-01-30,18.0795841217041,18.0795841217041,17.466169357299805,17.700969696044922,224974
2003-01-31,17.680423736572266,18.725282669067383,17.316484451293945,18.33786392211914,116507
2003-02-03,18.355472564697266,18.66071319580078,18.25861930847168,18.334928512573242,598433
2003-02-04,18.373083114624023,18.631362915039062,18.25568389892578,18.425912857055664,551158
2003-02-05,18.25568389892578,18.83681297302246,18.20285415649414,18.643102645874023,256081
2003-02-06,18.666582107543945,19.341632843017578,18.63723373413086,19.007043838500977,285179
2003-02-07,19.018783569335938,19.547082901000977,18.672452926635742,18.92192840576172,807411
2003-02-10,19.045198440551758,19.045198440551758,18.572662353515625,18.74289321899414,113560
2003-02-11,19.362178802490234,19.362178802490234,18.496353149414062,18.737022399902344,87632
2003-02-12,18.722347259521484,19.13618278503418,18.672452926635742,19.05400276184082,277853
2003-02-13,19.05400276184082,19.05400276184082,19.05400276184082,19.05400276184082,0
2003-02-14,19.10683250427246,19.10683250427246,18.7546329498291,18.85148811340332,161686
2003-02-17,19.018783569335938,19.66448211669922,18.954212188720703,19.35337257385254,381772
2003-02-18,19.899282455444336,20.2456111907959,19.294673919677734,19.7055721282959,507223
2003-02-19,19.561756134033203,20.016681671142578,19.370983123779297,19.464902877807617,288705
2003-02-20,19.899282455444336,19.899282455444336,19.253583908081055,19.423812866210938,149931
2003-02-21,19.31228256225586,19.370983123779297,19.13618278503418,19.28293228149414,74156
2003-02-24,19.658611297607422,19.658611297607422,19.194883346557617,19.35337257385254,89182
2003-02-25,19.018783569335938,19.18901252746582,18.936603546142578,19.077482223510742,230460
2003-02-26,19.66448211669922,19.66448211669922,18.842683792114258,18.965953826904297,54957
2003-02-27,18.819202423095703,19.31228256225586,18.819202423095703,19.04226303100586,81771
2003-02-28,19.139118194580078,19.720247268676758,18.196983337402344,18.613752365112305,363254
2003-03-03,18.490482330322266,18.7546329498291,18.1500244140625,18.158828735351562,177734
2003-03-04,18.11186981201172,18.308513641357422,18.11186981201172,18.144153594970703,27325
2003-03-05,18.196983337402344,18.43178367614746,17.862394332885742,18.196983337402344,74889
2003-03-06,18.549182891845703,18.549182891845703,17.859458923339844,17.897613525390625,187836
2003-03-07,17.844783782958984,17.991533279418945,17.113969802856445,17.897613525390625,396882
2003-03-10,17.727384567260742,17.96218490600586,17.516063690185547,17.7420597076416,205196
2003-03-11,17.668684005737305,17.812498092651367,17.565959930419922,17.759668350219727,53117
2003-03-12,17.671619415283203,17.844783782958984,17.554218292236328,17.574764251708984,28773
2003-03-13,17.604114532470703,17.604114532470703,17.140384674072266,17.407468795776367,71720
2003-03-14,17.407468795776367,17.407468795776367,17.407468795776367,17.407468795776367,0
2003-03-17,17.316484451293945,17.536609649658203,17.022985458374023,17.096359252929688,218535
2003-03-18,17.096359252929688,17.096359252929688,17.096359252929688,17.096359252929688,0
2003-03-19,17.222564697265625,17.263654708862305,16.732419967651367,16.858625411987305,270170
2003-03-20,16.465335845947266,17.022985458374023,16.465335845947266,16.791120529174805,101090
2003-03-21,16.861560821533203,17.257783889770508,16.861560821533203,16.920259475708008,1477718
2003-03-24,17.140384674072266,17.140384674072266,16.61795425415039,16.82340431213379,139931
2003-03-25,15.496786117553711,16.990699768066406,15.496786117553711,16.879169464111328,277478
2003-03-26,17.022985458374023,17.022985458374023,16.846885681152344,16.89090919494629,78586
2003-03-27,16.77057456970215,17.140384674072266,16.77057456970215,16.929065704345703,30988
2003-03-28,16.814599990844727,16.964284896850586,16.612085342407227,16.83807945251465,346712
2003-03-31,16.72948455810547,16.841014862060547,16.318584442138672,16.453594207763672,243577
2003-04-01,15.385255813598633,16.53577423095703,15.261985778808594,16.406635284423828,231550
2003-04-02,16.49468421936035,16.670785903930664,16.49468421936035,16.656110763549805,4071
2003-04-03,16.70013427734375,16.893844604492188,16.676654815673828,16.738290786743164,39557
2003-04-04,16.846885681152344,17.316484451293945,16.670785903930664,17.31061363220215,416013
2003-04-07,16.706005096435547,17.489648818969727,16.670785903930664,17.316484451293945,77580
2003-04-08,17.316484451293945,17.433883666992188,17.140384674072266,17.193214416503906,100102
2003-04-09,17.433883666992188,17.433883666992188,16.90558433532715,17.090490341186523,151345
2003-04-10,17.037660598754883,17.698034286499023,16.735355377197266,17.49845314025879,323373
2003-04-11,17.260719299316406,17.545413970947266,16.74122428894043,17.069944381713867,75281
2003-04-14,17.069944381713867,17.069944381713867,17.069944381713867,17.069944381713867,0
2003-04-15,17.433883666992188,17.433883666992188,16.79698944091797,16.961349487304688,40545
2003-04-16,16.852754592895508,17.122774124145508,16.802860260009766,16.843950271606445,31959
2003-04-17,17.22843360900879,17.22843360900879,16.788185119628906,16.873300552368164,37972
2003-04-18,16.873300552368164,16.873300552368164,16.873300552368164,16.873300552368164,0
2003-04-21,16.90558433532715,17.020050048828125,16.679590225219727,16.78231430053711,95638
2003-04-22,17.545413970947266,17.545413970947266,16.761770248413086,17.049400329589844,136201
2003-04-23,17.140384674072266,17.257783889770508,17.022985458374023,17.084619522094727,114122
2003-04-24,17.372249603271484,17.372249603271484,17.022985458374023,17.178539276123047,137972
2003-04-25,17.137449264526367,17.287134170532227,16.914390563964844,17.18440818786621,88977
2003-04-28,17.169734954833984,17.31061363220215,17.046464920043945,17.140384674072266,24293
2003-04-29,17.313549041748047,17.313549041748047,17.096359252929688,17.196149826049805,122095
2003-04-30,17.19908332824707,17.22549819946289,17.025920867919922,17.140384674072266,104736
2003-05-01,17.140384674072266,17.140384674072266,17.140384674072266,17.140384674072266,0
2003-05-02,17.316484451293945,17.662813186645508,17.19908332824707,17.571828842163086,124701
2003-05-05,17.844783782958984,18.590272903442383,17.668684005737305,18.490482330322266,362129
2003-05-06,18.725282669067383,19.8405818939209,18.666582107543945,19.438488006591797,852232
2003-05-07,19.547082901000977,19.59697723388672,19.197818756103516,19.39152717590332,625588
2003-05-08,19.25651741027832,19.54121208190918,19.086288452148438,19.376853942871094,191465
2003-05-09,22.012479782104492,22.012479782104492,19.197818756103516,19.35337257385254,192385
2003-05-12,19.08335304260254,20.05483627319336,19.08335304260254,19.85232162475586,285553
2003-05-13,19.95798110961914,20.967620849609375,19.614587783813477,20.820871353149414,571380
2003-05-14,20.950010299682617,21.00284194946289,20.031356811523438,20.225067138671875,375979
2003-05-15,20.66238021850586,20.66238021850586,20.016681671142578,20.128211975097656,215127
2003-05-16,20.107667922973633,21.71898078918457,20.075382232666016,21.41080665588379,459710
2003-05-19,21.431350708007812,21.953779220581055,21.249380111694336,21.360910415649414,544906
2003-05-20,21.58690643310547,21.89508056640625,20.897180557250977,21.833444595336914,233373
2003-05-21,21.71898078918457,21.877470016479492,21.54288101196289,21.62799644470215,359557
2003-05-22,21.833444595336914,21.833444595336914,21.126110076904297,21.278730392456055,322402
2003-05-23,21.484180450439453,21.62506103515625,21.208290100097656,21.42548179626465,166729
2003-05-26,21.71898078918457,21.71898078918457,21.114370346069336,21.32569122314453,117035
2003-05-27,21.953779220581055,21.953779220581055,20.838481903076172,20.87957191467285,199676
2003-05-28,20.897180557250977,21.363845825195312,20.67705535888672,21.187746047973633,219778
2003-05-29,21.836380004882812,21.836380004882812,20.861961364746094,21.187746047973633,277547
2003-05-30,21.043930053710938,21.22003173828125,20.838481903076172,21.102630615234375,440085
2003-06-02,21.42548179626465,21.54288101196289,20.911855697631836,21.269926071166992,114940
2003-06-03,21.131980895996094,21.290470123291016,20.844350814819336,21.114370346069336,260817
2003-06-04,20.955881118774414,21.067411422729492,20.66238021850586,20.820871353149414,308995
2003-06-05,21.308080673217773,21.308080673217773,20.486282348632812,20.574331283569336,79386
2003-06-06,20.427581787109375,21.12317657470703,20.427581787109375,20.55672264099121,124497
2003-06-09,20.832611083984375,20.996971130371094,20.54498291015625,20.914791107177734,216814
2003-06-10,20.955881118774414,21.633865356445312,20.61248779296875,21.196550369262695,476865
2003-06-11,21.539945602416992,22.440990447998047,21.36678123474121,22.223800659179688,1086219
2003-06-12,22.537845611572266,22.77557945251465,21.440156936645508,21.75713539123535,572794
2003-06-13,21.836380004882812,22.53197479248047,21.836380004882812,22.294240951538086,280988
2003-06-16,22.24728012084961,22.24728012084961,21.54288101196289,21.74833106994629,212402
2003-06-17,22.012479782104492,22.305980682373047,21.54581642150879,21.68963050842285,165928
2003-06-18,22.012479782104492,22.065309524536133,21.431350708007812,21.62212562561035,163696
2003-06-19,21.484180450439453,21.92443084716797,21.01458168029785,21.061540603637695,205230
2003-06-20,21.249380111694336,21.308080673217773,20.809131622314453,21.008710861206055,650954
2003-06-23,21.484180450439453,21.889209747314453,21.102630615234375,21.443090438842773,1210801
2003-06-24,20.964685440063477,21.589841842651367,20.964685440063477,21.413740158081055,286354
2003-06-25,21.77474594116211,21.777679443359375,21.19068145751953,21.51940155029297,202691
2003-06-26,21.713111877441406,22.305980682373047,21.42548179626465,21.43428611755371,343935
2003-06-27,21.660280227661133,21.777679443359375,21.255250930786133,21.290470123291016,138875
2003-06-30,21.39613151550293,21.89214515686035,20.844350814819336,21.36971664428711,790954
2003-07-01,21.701370239257812,21.95084571838379,21.27286148071289,21.349170684814453,348603
2003-07-02,21.42548179626465,21.601581573486328,20.870765686035156,21.143720626831055,698842
2003-07-03,21.337430953979492,22.54077911376953,21.337430953979492,22.04183006286621,988314
2003-07-04,22.59947967529297,23.06907844543457,22.223800659179688,22.35587501525879,1125060
2003-07-07,22.511430740356445,22.713945388793945,22.188579559326172,22.385225296020508,482436
2003-07-08,22.593610763549805,22.593610763549805,21.968454360961914,22.08292007446289,376082
2003-07-09,22.012479782104492,22.156295776367188,21.68963050842285,21.997804641723633,443782
2003-07-10,22.012479782104492,22.012479782104492,21.49298667907715,21.65441131591797,936729
2003-07-11,21.716045379638672,21.71898078918457,21.49005126953125,21.61332130432129,135349
2003-07-14,21.71898078918457,21.997804641723633,21.308080673217773,21.44896125793457,233611
2003-07-15,21.57223129272461,21.77181053161621,20.955881118774414,21.108501434326172,440818
2003-07-16,21.13785171508789,21.42548179626465,20.955881118774414,21.372650146484375,228807
2003-07-17,21.71898078918457,21.71898078918457,20.54498291015625,20.682926177978516,528075
2003-07-18,20.844350814819336,21.01458168029785,20.374752044677734,20.521501541137695,166388
2003-07-21,20.985231399536133,21.249380111694336,20.726951599121094,20.885440826416016,372896
2003-07-22,20.955881118774414,20.955881118774414,20.192781448364258,20.456932067871094,367223
2003-07-23,20.653575897216797,21.079151153564453,20.40703773498535,20.870765686035156,210272
2003-07-24,20.691730499267578,21.126110076904297,20.691730499267578,20.762170791625977,88671
2003-07-25,21.12317657470703,21.12317657470703,20.55672264099121,20.762170791625977,197444
2003-07-28,21.073280334472656,21.41080665588379,20.550851821899414,21.243511199951172,175553
2003-07-29,21.39613151550293,21.42548179626465,20.838481903076172,20.94707679748535,214838
2003-07-30,21.24644660949707,21.89214515686035,21.131980895996094,21.76300621032715,541056
2003-07-31,22.012479782104492,22.24728012084961,21.88040542602539,21.97432518005371,971091
2003-08-01,22.188579559326172,22.188579559326172,21.513530731201172,21.57223129272461,279642
2003-08-04,21.657346725463867,21.97726058959961,21.54288101196289,21.77181053161621,161124
2003-08-05,21.92443084716797,22.276630401611328,21.71898078918457,21.76300621032715,333288
2003-08-06,21.942039489746094,22.012479782104492,21.601581573486328,21.79822540283203,244497
2003-08-07,21.836380004882812,22.54077911376953,21.71898078918457,22.279565811157227,229131
2003-08-08,22.534910202026367,23.773479461669922,22.305980682373047,23.591508865356445,1437531
2003-08-11,23.773479461669922,24.00827980041504,22.951679229736328,23.16593360900879,438910
2003-08-12,23.303878784179688,23.714778900146484,22.605350494384766,22.80199432373047,515928
2003-08-13,22.892980575561523,23.920228958129883,22.892980575561523,23.77641487121582,612402
2003-08-14,23.773479461669922,24.184377670288086,23.198219299316406,23.659013748168945,547683
2003-08-15,23.659013748168945,23.659013748168945,23.659013748168945,23.659013748168945,0
2003-08-18,23.764673233032227,24.360477447509766,23.656078338623047,23.87033462524414,305724
2003-08-19,24.12567710876465,24.830078125,23.362579345703125,23.597379684448242,467359
2003-08-20,23.479978561401367,24.00827980041504,22.951679229736328,23.359643936157227,232385
2003-08-21,23.538679122924805,23.714778900146484,23.362579345703125,23.380189895629883,144991
2003-08-22,23.421279907226562,23.597379684448242,23.019184112548828,23.16593360900879,172657
2003-08-25,23.479978561401367,23.479978561401367,21.836380004882812,22.711009979248047,351976
2003-08-26,23.010379791259766,23.890878677368164,22.61121940612793,23.623794555664062,291550
2003-08-27,23.832178115844727,23.9495792388916,23.479978561401367,23.661949157714844,252095
2003-08-28,23.600313186645508,23.711843490600586,23.24517822265625,23.371383666992188,256763
2003-08-29,23.597379684448242,24.651042938232422,23.362579345703125,24.413307189941406,444157
2003-09-01,24.184377670288086,25.7105770111084,24.184377670288086,25.191083908081055,988109
2003-09-02,25.35837745666504,25.53447723388672,24.12567710876465,24.645172119140625,347410
2003-09-03,25.06194305419922,26.285837173461914,24.47787857055664,25.634267807006836,814378
2003-09-04,25.825042724609375,26.121477127075195,25.53447723388672,25.87200164794922,434548
2003-09-05,25.886676788330078,26.414976119995117,25.82797622680664,26.16843605041504,394719
2003-09-08,26.194852828979492,26.761306762695312,26.180177688598633,26.497156143188477,529983
2003-09-09,26.414976119995117,26.758371353149414,25.82797622680664,26.459001541137695,226541
2003-09-10,26.690866470336914,26.696735382080078,25.82797622680664,26.121477127075195,153526
2003-09-11,26.121477127075195,26.414976119995117,25.945377349853516,26.279966354370117,173185
2003-09-12,26.297576904296875,26.323991775512695,25.945377349853516,26.009946823120117,195690
2003-09-15,25.942441940307617,26.118541717529297,25.240976333618164,25.5021915435791,188364
2003-09-16,25.243911743164062,25.82797622680664,24.80366325378418,25.675357818603516,102572
2003-09-17,25.657747268676758,25.657747268676758,25.123577117919922,25.293806076049805,209046
2003-09-18,24.65397834777832,25.123577117919922,24.47787857055664,24.568862915039062,213901
2003-09-19,24.595277786254883,25.76340675354004,24.360477447509766,25.51980209350586,222947
2003-09-22,24.360477447509766,25.7047061920166,24.134483337402344,25.593177795410156,129829
2003-09-23,24.79192352294922,25.792757034301758,24.79192352294922,25.62546157836914,116916
2003-09-24,25.82797622680664,25.968856811523438,25.487516403198242,25.88374137878418,152419
2003-09-25,25.83091163635254,26.2506160736084,25.7105770111084,25.91015625,345605
2003-09-26,25.53447723388672,26.177242279052734,25.53447723388672,26.153762817382812,74173
2003-09-29,26.121477127075195,26.180177688598633,25.945377349853516,26.121477127075195,104429
2003-09-30,26.121477127075195,26.70847511291504,25.907222747802734,26.3826904296875,812828
2003-10-01,26.414976119995117,26.943275451660156,26.414976119995117,26.846420288085938,358875
2003-10-02,26.846420288085938,26.846420288085938,26.846420288085938,26.846420288085938,0
2003-10-03,26.70847511291504,27.58897590637207,26.268226623535156,27.31895637512207,267819
2003-10-06,27.471576690673828,27.586040496826172,26.943275451660156,27.497989654541016,987360
2003-10-07,27.823774337768555,28.76297378540039,27.823774337768555,28.152494430541992,1423169
2003-10-08,28.41077423095703,29.628799438476562,28.23467445373535,29.000709533691406,755366
2003-10-09,29.567163467407227,29.567163467407227,28.46947479248047,28.809934616088867,628092
2003-10-10,29.341169357299805,30.817472457885742,28.821674346923828,30.55332374572754,519148
2003-10-13,30.814537048339844,32.22333526611328,30.582672119140625,31.41621208190918,857155
2003-10-14,31.34577178955078,31.57763671875,29.408674240112305,30.879108428955078,473799
2003-10-15,31.110971450805664,32.284969329833984,30.438858032226562,31.824176788330078,1312795
2003-10-16,31.5805721282959,31.991472244262695,31.122711181640625,31.52187156677246,406950
2003-10-17,32.0501708984375,32.0501708984375,30.582672119140625,30.79692840576172,406780
2003-10-20,31.22837257385254,31.287071228027344,29.936973571777344,30.127748489379883,360630
2003-10-21,29.99567222595215,30.518102645874023,29.584774017333984,30.019153594970703,326422
2003-10-22,29.760873794555664,30.2246036529541,29.596513748168945,29.807832717895508,153219
2003-10-23,29.863597869873047,30.934871673583984,29.81957244873047,30.45646858215332,303151
2003-10-24,30.289173126220703,31.287071228027344,30.13068389892578,31.110971450805664,180340
2003-10-27,31.991472244262695,32.57847213745117,31.991472244262695,32.20866012573242,320920
2003-10-28,32.355411529541016,32.40237045288086,31.6451416015625,31.692102432250977,1602164
2003-10-29,31.815372467041016,31.815372467041016,30.529842376708984,31.49839210510254,264105
2003-10-30,31.41327667236328,32.871971130371094,31.34577178955078,32.44052505493164,593169
2003-10-31,32.519771575927734,33.45896911621094,32.519771575927734,33.10970687866211,516865
2003-11-03,33.10676956176758,33.66442108154297,32.93067169189453,33.27993392944336,291771
2003-11-04,32.93067169189453,36.100467681884766,32.93067169189453,34.97636413574219,719711
2003-11-05,34.92646789550781,35.63086700439453,33.464839935302734,33.57930374145508,328381
2003-11-06,34.104671478271484,35.020389556884766,33.517669677734375,33.95792007446289,302368
2003-11-07,33.95792007446289,36.39396667480469,33.75246810913086,36.0241584777832,1665231
2003-11-10,36.9809684753418,37.56796646118164,36.752037048339844,36.98977279663086,770443
2003-11-11,37.27446746826172,38.154964447021484,37.130653381347656,37.902557373046875,931636
2003-11-12,38.29584503173828,40.385562896728516,38.27236557006836,39.81324005126953,892436
2003-11-13,40.20946502685547,40.497093200683594,38.278236389160156,39.05894470214844,552419
2003-11-14,38.97676467895508,39.907161712646484,38.21366500854492,38.55999755859375,411243
2003-11-17,39.32896423339844,39.44636535644531,38.81240463256836,39.17634582519531,182334
2003-11-18,40.96669387817383,40.96669387817383,38.44846725463867,38.74783706665039,206814
2003-11-19,40.50296401977539,40.50296401977539,38.3310661315918,38.915130615234375,256644
2003-11-20,39.32896423339844,39.32896423339844,38.307586669921875,39.02372360229492,250477
2003-11-21,38.741966247558594,40.20946502685547,37.362518310546875,39.0618782043457,253918
2003-11-24,39.91596603393555,41.14866256713867,39.62246322631836,40.89625549316406,646082
2003-11-25,41.26606369018555,41.676963806152344,40.635040283203125,41.204429626464844,551789
2003-11-26,41.204429626464844,41.204429626464844,41.204429626464844,41.204429626464844,0
2003-11-27,41.14866256713867,41.970462799072266,41.09583282470703,41.65054702758789,394071
2003-11-28,41.38346481323242,41.970462799072266,40.79646301269531,41.58304214477539,311908
2003-12-01,41.38346481323242,44.60315704345703,41.38346481323242,44.004417419433594,1419899
2003-12-02,44.49456024169922,45.66856002807617,44.148231506347656,44.958290100097656,1132675
2003-12-03,48.13395690917969,52.94735336303711,47.253456115722656,49.117183685302734,2021926
2003-12-04,50.775455474853516,51.06308364868164,48.7209587097168,50.30879211425781,1393561
2003-12-05,50.481956481933594,52.7712516784668,50.36455535888672,51.67649841308594,990614
2003-12-08,51.65595245361328,52.829952239990234,50.481956481933594,51.415283203125,503935
2003-12-09,51.479854583740234,51.94945526123047,50.38216781616211,51.277339935302734,514497
2003-12-10,45.78596115112305,51.30375671386719,45.78596115112305,50.29998779296875,244616
2003-12-11,50.5993537902832,51.06895446777344,43.5201416015625,50.74317169189453,431874
2003-12-12,49.894954681396484,50.775455474853516,49.894954681396484,50.605224609375,289165
2003-12-15,51.12178421020508,53.358253479003906,50.5993537902832,53.011924743652344,1001397
2003-12-16,53.11171340942383,62.57414627075195,52.829952239990234,56.00562286376953,1225435
2003-12-17,56.117149353027344,57.40855026245117,53.01485824584961,53.73393249511719,488279
2003-12-18,52.88865280151367,55.999752044677734,52.829952239990234,53.5050048828125,362623
2003-12-19,54.1741828918457,55.999752044677734,53.710453033447266,55.75908279418945,1198706
2003-12-22,55.647552490234375,58.17164993286133,55.47145080566406,57.40855026245117,1314992
2003-12-23,58.11294937133789,58.6412467956543,56.410648345947266,56.8861198425293,845469
2003-12-24,56.357818603515625,57.52594757080078,56.357818603515625,57.0886344909668,235809
2003-12-25,57.0886344909668,57.0886344909668,57.0886344909668,57.0886344909668,0
2003-12-26,57.05635070800781,57.68444061279297,57.05635070800781,57.320499420166016,240766
2003-12-29,58.11294937133789,63.63074493408203,57.52594757080078,61.00979232788086,1401006
2003-12-30,61.922576904296875,62.515445709228516,58.11294937133789,59.97373580932617,745332
2003-12-31,59.052146911621094,63.39594268798828,59.052146911621094,62.80894470214844,877326
2004-01-01,62.80894470214844,63.98294448852539,61.34144592285156,62.26303482055664,308841
2004-01-02,62.80894470214844,63.337242126464844,59.87394714355469,60.40224838256836,246848
2004-01-05,63.68944549560547,63.68944549560547,58.28904724121094,58.73223114013672,547819
2004-01-06,61.517547607421875,61.57624435424805,58.699947357177734,59.49239730834961,1296321
2004-01-07,59.87394714355469,60.16744613647461,56.645450592041016,57.73727035522461,570698
2004-01-08,58.347747802734375,60.81314468383789,57.23244857788086,59.104976654052734,472675
2004-01-09,59.580448150634766,63.39594268798828,58.11294937133789,59.03453826904297,1479694
2004-01-12,58.75864791870117,59.580448150634766,57.8253173828125,58.84082794189453,1006287
2004-01-13,59.228248596191406,59.228248596191406,58.11294937133789,58.655921936035156,411823
2004-01-14,56.93894958496094,60.16744613647461,56.93894958496094,59.16954803466797,245468
2004-01-15,58.934749603271484,60.16744613647461,58.12468719482422,59.67436599731445,453015
2004-01-16,58.699947357177734,59.225311279296875,57.52594757080078,58.1687126159668,190170
2004-01-19,58.11294937133789,58.11294937133789,56.645450592041016,57.4261589050293,328927
2004-01-20,57.82825469970703,58.51797866821289,56.645450592041016,57.51127243041992,392777
2004-01-21,58.699947357177734,58.699947357177734,52.43666458129883,55.735599517822266,1606679
2004-01-22,52.94735336303711,54.708351135253906,52.307525634765625,53.287811279296875,832862
2004-01-23,53.00605392456055,57.23244857788086,50.78425979614258,55.33644104003906,873493
2004-01-26,55.33644104003906,55.33644104003906,55.33644104003906,55.33644104003906,0
2004-01-27,54.303321838378906,55.17795181274414,54.23875045776367,54.86390686035156,744174
2004-01-28,54.88445281982422,55.172080993652344,52.30165481567383,53.155738830566406,229403
2004-01-29,52.59515380859375,54.28864669799805,52.304588317871094,52.733097076416016,287155
2004-01-30,53.69871139526367,54.294517517089844,51.94945526123047,52.245887756347656,141805
2004-02-02,52.245887756347656,52.245887756347656,52.245887756347656,52.245887756347656,0
2004-02-03,51.94945526123047,52.829952239990234,51.36245346069336,52.18718719482422,364821
2004-02-04,52.82408142089844,53.00605392456055,51.4211540222168,52.67146301269531,231346
2004-02-05,53.349449157714844,53.349449157714844,52.360355377197266,52.72135925292969,175877
2004-02-06,53.00605392456055,53.064754486083984,51.71465301513672,52.612762451171875,55502
2004-02-09,52.7712516784668,53.52848434448242,52.24295425415039,53.33770751953125,127972
2004-02-10,53.710453033447266,53.710453033447266,52.53645324707031,52.6215705871582,46524
2004-02-11,53.123451232910156,53.88655090332031,53.123451232910156,53.54902648925781,103543
2004-02-12,53.710453033447266,55.47145080566406,53.416954040527344,54.62910842895508,254395
2004-02-13,54.35908889770508,56.351951599121094,54.35908889770508,55.779624938964844,96729
2004-02-16,58.69701385498047,58.699947357177734,55.764949798583984,56.65132141113281,102027
2004-02-17,57.52594757080078,58.40644836425781,56.05845260620117,57.710853576660156,207495
2004-02-18,57.702049255371094,57.81945037841797,57.352783203125,57.53181838989258,208228
2004-02-19,57.23244857788086,57.6903076171875,56.55739974975586,56.70121383666992,341720
2004-02-20,55.82365036010742,58.97583770751953,55.764949798583984,58.58548355102539,336354
2004-02-23,58.993446350097656,58.993446350097656,57.52594757080078,58.115882873535156,210800
2004-02-24,58.69701385498047,59.40434646606445,57.2911491394043,59.0991096496582,212197
2004-02-25,58.46514892578125,59.16954803466797,58.40644836425781,58.699947357177734,178943
2004-02-26,58.699947357177734,59.0991096496582,56.65132141113281,58.27730941772461,242998
2004-02-27,58.11294937133789,59.052146911621094,56.997650146484375,58.380035400390625,175076
2004-03-01,59.580448150634766,59.580448150634766,57.65509033203125,58.905399322509766,143850
2004-03-02,58.905399322509766,58.905399322509766,58.905399322509766,58.905399322509766,0
2004-03-03,60.16744613647461,64.51124572753906,59.5863151550293,62.0810661315918,1128740
2004-03-04,61.928443908691406,62.80894470214844,61.042076110839844,61.725929260253906,509506
2004-03-05,61.517547607421875,62.04584503173828,61.34144592285156,61.71419143676758,116422
2004-03-08,61.634944915771484,62.163246154785156,61.634944915771484,61.88735580444336,115178
2004-03-09,61.34144592285156,63.39594268798828,61.34144592285156,62.84122848510742,670358
2004-03-10,62.04877853393555,63.27854537963867,61.8110466003418,61.875614166259766,80783
2004-03-11,63.099510192871094,63.099510192871094,58.702884674072266,61.755279541015625,1810035
2004-03-12,58.940616607666016,61.634944915771484,58.940616607666016,60.48149108886719,1247701
2004-03-15,59.99134826660156,59.99134826660156,57.81945037841797,58.852569580078125,148807
2004-03-16,58.699947357177734,63.27854537963867,56.997650146484375,58.77919387817383,151533
2004-03-17,58.70581817626953,59.28401184082031,57.40855026245117,58.198062896728516,75707
2004-03-18,58.993446350097656,59.286949157714844,57.93684768676758,58.65005111694336,102129
2004-03-19,57.61106491088867,58.75864791870117,57.61106491088867,58.588417053222656,32436
2004-03-22,57.58758544921875,57.87814712524414,56.240421295166016,57.170814514160156,172214
2004-03-23,56.70415115356445,57.23244857788086,55.1192512512207,56.824485778808594,326797
2004-03-24,56.05845260620117,56.824485778808594,55.82365036010742,56.5368537902832,185894
2004-03-25,56.351951599121094,56.58675003051758,55.30415725708008,56.351951599121094,110374
2004-03-26,57.46431350708008,57.52594757080078,56.351951599121094,57.24125671386719,476320
2004-03-29,57.52594757080078,57.995548248291016,55.700382232666016,57.48779296875,80681
2004-03-30,57.52594757080078,57.643348693847656,56.42238998413086,57.23244857788086,250170
2004-03-31,57.2911491394043,57.822383880615234,57.23244857788086,57.68150329589844,150017
2004-04-01,58.05424880981445,60.46094512939453,57.11505126953125,59.19596481323242,745724
2004-04-02,59.11084747314453,59.286949157714844,57.87814712524414,58.99931716918945,81277
2004-04-05,58.993446350097656,61.485260009765625,58.993446350097656,61.0567512512207,114020
2004-04-06,63.04374313354492,66.33094024658203,59.00518798828125,60.860107421875,98194
2004-04-07,59.40434646606445,61.16534423828125,59.40434646606445,61.10371017456055,353271
2004-04-08,61.623207092285156,61.623207092285156,60.284847259521484,61.38547134399414,74787
2004-04-09,61.38547134399414,61.38547134399414,61.38547134399414,61.38547134399414,0
2004-04-12,61.928443908691406,62.221946716308594,61.04794692993164,61.681907653808594,115519
2004-04-13,61.634944915771484,64.100341796875,61.634944915771484,63.610198974609375,146490
2004-04-14,63.610198974609375,63.610198974609375,63.610198974609375,63.610198974609375,0
2004-04-15,60.16744613647461,65.21564483642578,60.16744613647461,64.81061553955078,1221432
2004-04-16,64.9221420288086,65.9758071899414,64.27644348144531,65.42989349365234,231703
2004-04-19,62.39804458618164,66.33094024658203,62.39804458618164,65.83199310302734,251823
2004-04-20,65.91416931152344,65.91416931152344,63.10244369506836,63.73346710205078,305366
2004-04-21,63.46638488769531,64.4378662109375,63.1611442565918,63.69824981689453,105655
2004-04-22,65.15694427490234,65.15694427490234,62.21900939941406,63.052547454833984,1065213
2004-04-23,64.86344146728516,64.86344146728516,62.23662185668945,63.269737243652344,173935
2004-04-26,63.269737243652344,63.269737243652344,63.269737243652344,63.269737243652344,0
2004-04-27,61.634944915771484,62.221946716308594,60.16744613647461,61.6026611328125,123986
2004-04-28,61.10664749145508,62.785465240478516,60.16744613647461,62.03116989135742,212197
2004-04-29,62.79426956176758,62.79426956176758,60.525516510009766,61.61146545410156,101277
2004-04-30,61.634944915771484,61.919639587402344,61.04794692993164,61.64668655395508,104446
2004-05-03,60.46094512939453,62.05171585083008,60.16744613647461,61.43830108642578,265996
2004-05-04,61.634944915771484,61.92551040649414,60.59889221191406,61.614402770996094,406865
2004-05-05,61.634944915771484,62.221946716308594,60.84249496459961,61.435367584228516,901363
2004-05-06,61.86974334716797,63.04374313354492,61.86974334716797,62.38630676269531,196848
2004-05-07,63.38713836669922,63.38713836669922,61.34144592285156,61.793434143066406,51856
2004-05-10,61.57624435424805,62.39804458618164,60.17038345336914,62.21900939941406,111124
2004-05-11,60.173316955566406,61.34437942504883,59.580448150634766,60.22027587890625,84548
2004-05-12,65.450439453125,65.450439453125,59.286949157714844,59.715457916259766,133492
2004-05-13,58.11294937133789,61.45884704589844,56.351951599121094,60.24375534057617,110374
2004-05-14,59.87394714355469,59.932647705078125,55.180885314941406,56.395973205566406,241363
2004-05-17,53.484458923339844,54.5909538269043,45.72726058959961,46.59601974487305,273816
2004-05-18,47.546958923339844,52.125553131103516,47.546958923339844,49.95659255981445,339932
2004-05-19,55.764949798583984,55.764949798583984,48.48615646362305,50.00648498535156,380783
2004-05-20,52.71255111694336,55.17501449584961,50.30585479736328,50.473148345947266,108586
2004-05-21,49.60145568847656,50.18552017211914,48.785526275634766,49.2609977722168,160051
2004-05-24,50.423255920410156,50.423255920410156,49.30795669555664,49.57797622680664,288961
2004-05-25,49.30795669555664,49.48405456542969,48.7209587097168,49.252193450927734,67342
2004-05-26,49.60145568847656,50.71675491333008,49.1934928894043,50.2001953125,1164685
2004-05-27,50.18845748901367,50.481956481933594,49.425357818603516,50.179649353027344,86814
2004-05-28,49.30795669555664,49.3960075378418,47.253456115722656,48.02536392211914,192691
2004-05-31,47.253456115722656,48.01655960083008,44.024959564208984,45.692039489746094,245400
2004-06-01,47.546958923339844,47.546958923339844,44.49456024169922,44.767513275146484,89966
2004-06-02,45.31636047363281,45.49245834350586,44.7293586730957,44.937744140625,102095
2004-06-03,45.49245834350586,46.37295913696289,45.257659912109375,45.812374114990234,93679
2004-06-04,46.138160705566406,48.25135803222656,45.78596115112305,48.05471420288086,100834
2004-06-07,47.840457916259766,49.30795669555664,47.840457916259766,48.36875534057617,40068
2004-06-08,48.42745590209961,49.073158264160156,48.07819366455078,48.897056579589844,67342
2004-06-09,49.073158264160156,50.59054946899414,48.192657470703125,49.52220916748047,68552
2004-06-10,49.60145568847656,49.60145568847656,48.192657470703125,49.07609176635742,44020
2004-06-11,48.48615646362305,49.1876220703125,48.43626022338867,48.91466522216797,20204
2004-06-14,48.42745590209961,50.36455535888672,47.07735824584961,48.515506744384766,112163
2004-06-15,49.01445770263672,49.01445770263672,48.07525634765625,48.53605270385742,58569
2004-06-16,46.959957122802734,49.30795669555664,46.959957122802734,48.44213104248047,51567
2004-06-17,48.60355758666992,50.414451599121094,47.66435623168945,49.51047134399414,97035
2004-06-18,49.30795669555664,49.60145568847656,48.7209587097168,49.34611129760742,117529
2004-06-21,50.247154235839844,50.247154235839844,47.667293548583984,48.47148132324219,158347
2004-06-22,48.13395690917969,48.57714080810547,47.840457916259766,48.13395690917969,214787
2004-06-23,48.25135803222656,48.25135803222656,46.49329376220703,46.84843063354492,236507
2004-06-24,46.95702362060547,47.253456115722656,46.95702362060547,46.983436584472656,116064
2004-06-25,46.789730072021484,47.840457916259766,46.384700775146484,47.585113525390625,53969
2004-06-28,48.01655960083008,48.95575714111328,48.01655960083008,48.6475830078125,65332
2004-06-29,49.30501937866211,49.830387115478516,47.84339141845703,49.78049087524414,115332
2004-06-30,50.481956481933594,54.5909538269043,50.481956481933594,51.69997787475586,724361
2004-07-01,54.5909538269043,54.5909538269043,51.01025390625,51.40941619873047,99574
2004-07-02,52.76831817626953,52.76831817626953,51.24505615234375,51.2861442565918,35911
2004-07-05,52.51884460449219,52.51884460449219,50.65805435180664,51.30669021606445,38347
2004-07-06,51.56496810913086,51.71465301513672,49.30795669555664,50.52304458618164,178552
2004-07-07,51.65008544921875,51.65008544921875,49.60145568847656,50.59348678588867,83969
2004-07-08,51.65595245361328,51.65595245361328,47.01865768432617,50.572940826416016,221857
2004-07-09,49.60145568847656,51.06895446777344,49.30795669555664,50.939815521240234,40187
2004-07-12,51.65595245361328,53.47565460205078,49.95365524291992,52.63917922973633,102776
2004-07-13,52.7712516784668,53.06181716918945,51.720523834228516,52.13142395019531,63799
2004-07-14,51.65595245361328,52.94735336303711,51.435829162597656,52.75657653808594,48637
2004-07-15,52.71255111694336,52.88865280151367,51.96999740600586,52.439598083496094,65690
2004-07-16,52.829952239990234,52.88865280151367,52.24882507324219,52.51297378540039,93747
2004-07-19,53.94525146484375,55.767887115478516,52.24295425415039,55.06348419189453,127291
2004-07-20,54.29745101928711,55.02532958984375,53.49032974243164,53.82491683959961,45178
2004-07-21,53.99808120727539,54.24462127685547,52.88865280151367,53.17921829223633,25621
2004-07-22,53.7691535949707,54.1800537109375,53.53435134887695,53.93644714355469,29608
2004-07-23,54.00395202636719,54.00395202636719,52.95909118652344,53.305423736572266,30834
2004-07-26,54.00395202636719,54.29745101928711,52.89452362060547,53.710453033447266,43730
2004-07-27,53.71338653564453,53.71338653564453,53.123451232910156,53.123451232910156,19727
2004-07-28,53.53435134887695,53.88361740112305,52.53645324707031,52.733097076416016,28722
2004-07-29,52.829952239990234,52.88865280151367,51.94945526123047,52.342742919921875,24293
2004-07-30,52.694942474365234,53.99808120727539,52.360355377197266,53.5050048828125,36541
2004-08-02,55.17795181274414,55.43622970581055,54.00395202636719,55.15153503417969,204821
2004-08-03,55.17795181274414,57.23244857788086,54.5909538269043,56.61903381347656,315996
2004-08-04,57.40855026245117,58.11294937133789,56.360755920410156,56.689476013183594,372112
2004-08-05,56.997650146484375,57.2911491394043,55.77375411987305,56.35488510131836,89250
2004-08-06,56.4693489074707,57.725528717041016,56.410648345947266,57.37626266479492,71328
2004-08-09,56.645450592041016,57.17375183105469,56.351951599121094,56.43706512451172,81482
2004-08-10,56.70415115356445,57.36158752441406,56.645450592041016,57.147335052490234,158909
2004-08-11,57.74900817871094,57.74900817871094,55.21610641479492,55.647552490234375,89267
2004-08-12,56.8802490234375,56.8802490234375,55.82952117919922,55.835391998291016,85059
2004-08-13,55.88235092163086,56.61316680908203,55.88235092163086,56.36662673950195,10988
2004-08-16,56.847965240478516,57.05928421020508,56.05845260620117,56.486961364746094,37563
2004-08-17,56.8802490234375,57.52594757080078,56.29618453979492,57.455509185791016,43475
2004-08-18,57.23244857788086,58.242088317871094,57.17961883544922,57.9603271484375,178637
2004-08-19,58.17164993286133,58.84669876098633,57.58464813232422,57.75194549560547,62810
2004-08-20,57.52594757080078,57.81945037841797,57.05635070800781,57.31462860107422,32368
2004-08-23,57.17375183105469,57.81357955932617,56.4135856628418,56.99177932739258,59369
2004-08-24,55.764949798583984,57.52008056640625,55.764949798583984,56.43413162231445,38858
2004-08-25,56.645450592041016,56.93894958496094,55.17795181274414,56.09366989135742,42453
2004-08-26,56.93894958496094,57.39680862426758,55.77082061767578,57.2852783203125,129931
2004-08-27,57.2911491394043,57.702049255371094,57.08570098876953,57.18255615234375,59063
2004-08-30,57.22658157348633,57.81945037841797,57.17375183105469,57.51420974731445,60630
2004-08-31,58.40644836425781,60.16744613647461,57.238319396972656,59.49533462524414,221090
2004-09-01,58.52384948730469,60.46681594848633,58.52384948730469,59.80937576293945,154207
2004-09-02,59.580448150634766,59.580448150634766,58.699947357177734,59.002254486083984,57870
2004-09-03,59.05801773071289,59.51587677001953,58.58254623413086,58.837894439697266,64463
2004-09-06,58.699947357177734,59.84459686279297,58.699947357177734,59.32803726196289,71959
2004-09-07,59.34564971923828,61.928443908691406,59.286949157714844,61.3942756652832,577223
2004-09-08,61.19469451904297,61.634944915771484,61.04794692993164,61.57624435424805,148875
2004-09-09,61.634944915771484,63.513343811035156,61.37079620361328,62.08399963378906,219727
2004-09-10,58.767452239990234,62.750244140625,58.767452239990234,61.72299575805664,39420
2004-09-13,61.04794692993164,61.75234603881836,60.9892463684082,61.417755126953125,71345
2004-09-14,61.634944915771484,61.987144470214844,61.400146484375,61.59385681152344,79523
2004-09-15,61.928443908691406,63.98294448852539,61.400146484375,63.422359466552734,162385
2004-09-16,63.39594268798828,64.27644348144531,62.94102096557617,63.692378997802734,479370
2004-09-17,63.92424392700195,64.27644348144531,62.356956481933594,64.14437103271484,130306
2004-09-20,63.98294448852539,65.86134338378906,63.98294448852539,65.18335723876953,317087
2004-09-21,65.74394226074219,69.08983612060547,65.74394226074219,67.83072662353516,365605
2004-09-22,67.7984390258789,69.49193572998047,67.7984390258789,68.11248779296875,577581
2004-09-23,63.47812271118164,68.97244262695312,63.47812271118164,68.69654846191406,280698
2004-09-24,68.97244262695312,70.08773803710938,67.58712005615234,68.61730194091797,279114
2004-09-27,68.97244262695312,70.14643859863281,68.41185760498047,68.65839385986328,121141
2004-09-28,64.96910095214844,69.5535659790039,64.96910095214844,67.2583999633789,61873
2004-09-29,69.20723724365234,69.20723724365234,65.74394226074219,67.14099884033203,93986
2004-09-30,67.44624328613281,67.44624328613281,65.450439453125,65.93765258789062,139216
2004-10-01,63.39594268798828,67.38754272460938,63.39594268798828,64.93975067138672,136081
2004-10-04,67.21144104003906,67.21144104003906,65.21564483642578,66.17245483398438,169557
2004-10-05,66.85923767089844,66.91793823242188,65.74394226074219,66.10494995117188,236541
2004-10-06,63.68944549560547,67.40221405029297,63.68944549560547,67.10578155517578,257444
2004-10-07,63.513343811035156,67.50494384765625,63.513343811035156,67.24372863769531,125843
2004-10-08,67.38754272460938,67.38754272460938,65.74394226074219,66.32801055908203,153935
2004-10-11,68.0919418334961,68.0919418334961,66.4600830078125,66.88858795166016,68262
2004-10-12,67.38754272460938,68.0919418334961,66.03744506835938,66.36322784423828,114463
2004-10-13,66.36322784423828,66.36322784423828,66.36322784423828,66.36322784423828,0
2004-10-14,66.85923767089844,66.91793823242188,63.68944549560547,66.26343536376953,100391
2004-10-15,64.5699462890625,66.33094024658203,64.5699462890625,65.85546875,106115
2004-10-18,63.692378997802734,67.50494384765625,63.692378997802734,67.17915344238281,385571
2004-10-19,65.50914001464844,67.49906921386719,65.50914001464844,67.38460540771484,54616
2004-10-20,67.21144104003906,67.97454071044922,66.63031005859375,66.70955657958984,158296
2004-10-21,67.21144104003906,67.21144104003906,66.21353912353516,66.34854888916016,44020
2004-10-22,66.34854888916016,66.34854888916016,66.34854888916016,66.34854888916016,0
2004-10-25,69.55944061279297,69.55944061279297,65.56784057617188,66.03157043457031,68671
2004-10-26,66.03744506835938,66.33094024658203,65.86134338378906,66.06092071533203,145451
2004-10-27,64.28524780273438,68.03324127197266,64.28524780273438,67.5284194946289,230783
2004-10-28,66.97663879394531,68.0919418334961,66.97663879394531,67.44330596923828,122129
2004-10-29,66.7447738647461,67.50494384765625,66.7447738647461,67.25546264648438,102095
2004-11-01,67.03533935546875,69.26593780517578,67.03533935546875,69.08690643310547,231669
2004-11-02,69.08690643310547,69.96446990966797,68.67893981933594,69.38627624511719,451959
2004-11-03,69.5535659790039,70.14643859863281,67.53429412841797,70.02903747558594,822930
2004-11-04,69.85293579101562,70.85083770751953,69.26593780517578,70.35482025146484,297189
2004-11-05,68.15064239501953,71.54936981201172,68.15064239501953,69.57998657226562,320869
2004-11-08,68.12422180175781,70.14057159423828,68.12422180175781,69.31583404541016,90460
2004-11-09,69.31289672851562,69.31289672851562,68.38543701171875,68.51164245605469,126150
2004-11-10,68.38543701171875,68.79634094238281,68.38543701171875,68.43533325195312,46013
2004-11-11,68.32673645019531,70.9682388305664,67.56364440917969,70.21688079833984,137751
2004-11-12,70.43994140625,70.73343658447266,69.32463836669922,70.48983001708984,30170
2004-11-15,70.48983001708984,70.48983001708984,70.48983001708984,70.48983001708984,0
2004-11-16,70.43700408935547,70.70115661621094,68.38543701171875,69.73260498046875,82930
2004-11-17,65.8642807006836,71.3204345703125,65.8642807006836,70.80094146728516,1165401
2004-11-18,66.21353912353516,72.25963592529297,66.21353912353516,70.65126037597656,435945
2004-11-19,72.08060455322266,77.1904296875,72.08060455322266,75.02440643310547,752436
2004-11-22,77.1904296875,77.71873474121094,74.02650451660156,74.2084732055664,197598
2004-11-23,75.42943572998047,76.3099365234375,74.66633605957031,75.5585708618164,428841
2004-11-24,75.95773315429688,77.70111846923828,75.78163146972656,76.27471160888672,304463
2004-11-25,72.49443817138672,77.77743530273438,72.49443817138672,75.22985076904297,837769
2004-11-26,75.22985076904297,75.22985076904297,75.22985076904297,75.22985076904297,0
2004-11-29,76.13383483886719,76.13383483886719,71.02693939208984,74.66046142578125,533799
2004-11-30,75.13593292236328,76.07513427734375,73.38080596923828,74.84243774414062,385639
2004-12-01,74.84243774414062,75.6260757446289,73.37493133544922,73.73887634277344,174190
2004-12-02,74.31413269042969,74.31413269042969,72.3183364868164,73.14307403564453,216916
2004-12-03,71.09150695800781,73.6684341430664,71.09150695800781,73.50994873046875,208313
2004-12-06,73.55103302001953,74.19673156738281,71.90744018554688,71.96907043457031,195843
2004-12-07,73.88855743408203,73.88855743408203,71.61393737792969,71.84286499023438,99471
2004-12-08,72.36529541015625,72.37116241455078,70.90953826904297,71.47599029541016,152265
2004-12-09,70.73343658447266,72.69988250732422,70.73343658447266,72.40345001220703,99250
2004-12-10,71.90744018554688,72.65292358398438,71.02693939208984,71.77536010742188,92333
2004-12-13,74.84243774414062,74.84243774414062,71.61393737792969,73.05502319335938,104224
2004-12-14,73.37493133544922,75.07136535644531,72.20093536376953,72.97283935546875,1868723
2004-12-15,74.02063751220703,77.48393249511719,73.96780395507812,76.13970184326172,627581
2004-12-16,76.89693450927734,77.1904296875,74.95983123779297,75.3560562133789,324276
2004-12-17,76.00175476074219,76.77953338623047,73.90323638916016,74.56360626220703,307955
2004-12-20,75.54683685302734,77.71873474121094,75.04788208007812,77.40174865722656,370136
2004-12-21,78.89273071289062,78.95143127441406,76.60343170166016,77.34011840820312,242368
2004-12-22,78.56987762451172,78.5933609008789,76.60343170166016,77.45458221435547,167001
2004-12-23,76.3099365234375,77.94766235351562,76.01643371582031,76.62984466552734,188739
2004-12-24,76.75018310546875,77.45458221435547,75.42943572998047,76.2981948852539,180017
2004-12-27,76.86758422851562,77.48393249511719,76.25123596191406,76.62984466552734,124701
2004-12-28,76.6621322631836,77.83612823486328,75.72293090820312,77.12586212158203,680682
2004-12-29,77.07302856445312,77.76862335205078,76.08100128173828,76.62984466552734,179829
2004-12-30,75.73173522949219,77.6600341796875,75.73173522949219,76.53886413574219,150988
2004-12-31,76.89105987548828,78.54052734375,76.11622619628906,77.65709686279297,119506
2005-01-03,77.65709686279297,78.07093048095703,76.89693450927734,77.1875,150647
2005-01-04,76.50951385498047,76.95563507080078,75.42943572998047,76.3128662109375,213816
2005-01-05,75.54683685302734,77.34598541259766,75.54683685302734,76.93801879882812,185621
2005-01-06,77.1904296875,77.36653137207031,75.19463348388672,75.5556411743164,465366
2005-01-07,76.00469207763672,76.60343170166016,75.13593292236328,76.31874084472656,104429
2005-01-10,77.76569366455078,77.77743530273438,75.19463348388672,77.56317901611328,1552181
2005-01-11,77.56317901611328,78.54052734375,76.3099365234375,76.34221649169922,970563
2005-01-12,75.42943572998047,76.3099365234375,74.6135025024414,75.05081939697266,72793
2005-01-13,75.4206314086914,76.30699920654297,74.355224609375,75.30029296875,207223
2005-01-14,75.42943572998047,75.42943572998047,73.96780395507812,74.6399154663086,61754
2005-01-17,74.55187225341797,74.55187225341797,72.25963592529297,73.96780395507812,108688
2005-01-18,73.9619369506836,73.9619369506836,73.0873031616211,73.44243621826172,72538
2005-01-19,73.6684341430664,74.40218353271484,72.84663391113281,74.10281372070312,49591
2005-01-20,73.9619369506836,74.25543212890625,72.78793334960938,73.5569076538086,65451
2005-01-24,74.25543212890625,74.25543212890625,72.51204681396484,73.33384704589844,49011
2005-01-25,71.17955780029297,75.4235610961914,71.17955780029297,74.28185272216797,105059
2005-01-27,74.71916198730469,77.30783081054688,73.9619369506836,77.09357452392578,257853
2005-01-28,77.48393249511719,79.59712982177734,76.01643371582031,79.03067779541016,371669
2005-01-31,79.54429626464844,80.3602294921875,79.12753295898438,79.44451141357422,184020
2005-02-01,79.82605743408203,80.41893005371094,78.36443328857422,80.06379699707031,76950
2005-02-02,80.18412780761719,85.7019271850586,79.84367370605469,81.74554443359375,691124
2005-02-03,83.35392761230469,86.7585220336914,82.179931640625,84.8947982788086,350783
2005-02-04,87.94425964355469,87.94425964355469,82.179931640625,85.44364166259766,148228
2005-02-07,85.99542236328125,87.40422058105469,85.43777465820312,85.8251953125,222214
2005-02-08,87.16942596435547,88.0499267578125,84.6247787475586,87.83273315429688,360715
2005-02-09,87.75642395019531,92.39372253417969,87.75642395019531,90.25704193115234,1303425
2005-02-10,93.33291625976562,94.20755004882812,89.81092071533203,93.92872619628906,547002
2005-02-11,94.03731536865234,95.95093536376953,90.98491668701172,92.83983612060547,640716
2005-02-14,94.38951873779297,94.38951873779297,90.39791870117188,91.12873840332031,308790
2005-02-15,91.2784194946289,92.15892028808594,89.22392272949219,89.96353912353516,275843
2005-02-16,91.86541748046875,95.68091583251953,91.86541748046875,93.38574981689453,1264720
2005-02-17,93.33291625976562,93.91404724121094,90.69142150878906,92.04151916503906,243475
2005-02-18,92.86331939697266,96.67881774902344,92.21762084960938,95.61927795410156,1169472
2005-02-21,96.26791381835938,99.6725082397461,93.91991424560547,94.57735443115234,588756
2005-02-22,96.26791381835938,96.26791381835938,92.15892028808594,93.27421569824219,426729
2005-02-23,93.33291625976562,94.4482192993164,91.86541748046875,93.89350128173828,340647
2005-02-24,93.91991424560547,100.34169006347656,93.68511962890625,97.93206024169922,881091
2005-02-25,97.08971405029297,98.55721282958984,94.50984954833984,95.44024658203125,318705
2005-02-28,95.09391784667969,98.90941619873047,95.07337188720703,97.27755737304688,300340
2005-03-01,97.4419174194336,100.37691497802734,96.26791381835938,99.55217742919922,341976
2005-03-02,98.03185272216797,102.37271118164062,96.91654968261719,101.43057250976562,694855
2005-03-03,101.31610870361328,102.72197723388672,100.75846099853516,102.45488739013672,408075
2005-03-04,102.31401062011719,105.36053466796875,102.31401062011719,104.35676574707031,422555
2005-03-07,104.48590850830078,105.65697479248047,100.67041015625,105.08464813232422,203305
2005-03-08,102.72490692138672,104.48590850830078,100.67041015625,101.28675842285156,258211
2005-03-09,104.95550537109375,104.95550537109375,98.61591339111328,100.00416564941406,214531
2005-03-10,102.66620635986328,102.72490692138672,98.3224105834961,98.48384094238281,124872
2005-03-11,99.72827911376953,100.96391296386719,98.85071563720703,99.3056411743164,197819
2005-03-14,100.61170959472656,100.66748046875,98.3224105834961,98.99159240722656,173134
2005-03-15,98.61591339111328,99.11486053466797,96.0918197631836,97.50648498535156,154787
2005-03-16,98.88887023925781,98.88887023925781,95.97441864013672,96.37944793701172,165349
2005-03-17,96.27378845214844,97.14254760742188,95.38741302490234,95.93038940429688,181686
2005-03-18,93.98448944091797,97.79411315917969,93.4503173828125,94.34842681884766,104361
2005-03-21,95.38741302490234,95.38741302490234,93.91991424560547,94.63312530517578,96303
2005-03-22,93.86122131347656,95.68091583251953,93.5735855102539,95.0704345703125,157104
2005-03-23,94.50691986083984,95.38741302490234,92.98658752441406,94.64485931396484,405145
2005-03-24,94.8004150390625,97.4419174194336,94.8004150390625,96.41466522216797,122095
2005-03-28,94.8004150390625,97.26581573486328,94.8004150390625,96.58489227294922,68500
2005-03-29,96.20921325683594,99.14421081542969,95.68091583251953,97.88510131835938,191550
2005-03-30,98.02891540527344,100.08341217041016,96.1505126953125,99.70479583740234,124684
2005-03-31,99.67838287353516,100.43561553955078,98.61591339111328,99.95720672607422,76218
2005-04-01,98.9681167602539,100.84651184082031,97.62388610839844,100.61170959472656,40698
2005-04-04,98.3224105834961,101.78277587890625,98.3224105834961,100.0481948852539,96115
2005-04-05,100.37691497802734,100.96391296386719,99.21171569824219,100.52659606933594,52180
2005-04-06,99.54337310791016,100.67041015625,99.3203125,99.69892883300781,45894
2005-04-07,95.38741302490234,101.02261352539062,95.15261840820312,99.8486099243164,39369
2005-04-08,100.96391296386719,101.18990325927734,98.3224105834961,98.53960418701172,46575
2005-04-11,98.3224105834961,100.67041015625,98.3224105834961,100.42974090576172,160408
2005-04-12,100.08341217041016,101.55091094970703,100.08341217041016,100.70856475830078,87444
2005-04-13,101.35426330566406,103.3119125366211,101.1400146484375,102.33748626708984,234173
2005-04-15,102.66620635986328,102.72490692138672,100.11276245117188,102.54293823242188,156150
2005-04-18,98.915283203125,102.72490692138672,97.20711517333984,102.44021606445312,158296
2005-04-19,101.72701263427734,102.19660949707031,100.96391296386719,101.30143737792969,62572
2005-04-20,100.46202850341797,102.66327667236328,99.78990936279297,101.53623962402344,206269
2005-04-21,100.37691497802734,110.64940643310547,100.37691497802734,107.75843048095703,571755
2005-04-22,109.1819076538086,113.4758071899414,107.18610382080078,112.06407165527344,647411
2005-04-25,113.29090118408203,115.80326080322266,111.52989959716797,114.53533935546875,1481006
2005-04-26,115.52149963378906,115.52149963378906,111.94080352783203,112.64520263671875,475281
2005-04-27,112.23429870605469,113.29090118408203,109.1819076538086,111.65904235839844,451141
2005-04-28,109.1819076538086,113.10893249511719,108.65360260009766,109.0380859375,333117
2005-04-29,109.16136169433594,109.1819076538086,107.12740325927734,107.45319366455078,135451
2005-05-02,111.82340240478516,111.82340240478516,106.01504516601562,108.3072738647461,144736
2005-05-03,112.11690521240234,112.11690521240234,107.71440124511719,111.58273315429688,622777
2005-05-04,112.70390319824219,112.70390319824219,111.06324005126953,111.54164123535156,514923
2005-05-05,111.5181655883789,111.67665100097656,110.0624008178711,110.85485076904297,73475
2005-05-06,110.0624008178711,111.52989959716797,109.83053588867188,111.46239471435547,64633
2005-05-09,117.39402770996094,117.39402770996094,111.52989959716797,115.50682067871094,654089
2005-05-10,116.22296142578125,116.22589874267578,113.9072494506836,114.47077178955078,319250
2005-05-11,112.26658630371094,114.69969940185547,112.26658630371094,114.43848419189453,250783
2005-05-12,115.0519027709961,119.1021957397461,114.93743133544922,117.08585357666016,761448
2005-05-13,117.39989471435547,117.39989471435547,115.63890075683594,116.49885559082031,322351
2005-05-16,116.81289672851562,117.98689270019531,116.81289672851562,117.35587310791016,566116
2005-05-17,117.39989471435547,117.98689270019531,113.34960174560547,117.21792602539062,278347
2005-05-18,117.21792602539062,117.3881607055664,115.9323959350586,116.42254638671875,261243
2005-05-19,119.74495697021484,122.44222259521484,116.75419616699219,117.08878326416016,290051
2005-05-20,117.63469696044922,117.63469696044922,116.35210418701172,116.98019409179688,65093
2005-05-23,117.10639953613281,117.51729583740234,115.34539794921875,117.43511962890625,245911
2005-05-24,117.43511962890625,117.98689270019531,116.82170104980469,117.44685363769531,74736
2005-05-25,119.74789428710938,119.74789428710938,116.63679504394531,117.23553466796875,162436
2005-05-26,118.98479461669922,118.98479461669922,115.63890075683594,117.27075958251953,670494
2005-05-27,117.27075958251953,117.69046020507812,116.22589874267578,116.4020004272461,639659
2005-05-30,116.81289672851562,118.63259887695312,116.51940155029297,117.80492401123047,492947
2005-05-31,117.98689270019531,118.86739349365234,117.46739959716797,117.83721160888672,242538
2005-06-01,118.51226043701172,118.77934265136719,117.81079864501953,118.01624298095703,108023
2005-06-02,118.57389831542969,118.57389831542969,116.52233123779297,116.85985565185547,220664
2005-06-03,117.39989471435547,117.81079864501953,116.51940155029297,117.31478118896484,386644
2005-06-06,118.16299438476562,118.16299438476562,116.57809448242188,117.65524291992188,1032062
2005-06-07,117.98689270019531,119.04055786132812,116.88040161132812,117.23847198486328,128535
2005-06-08,117.92526245117188,117.9281997680664,116.22589874267578,117.22380065917969,117819
2005-06-09,117.10639953613281,117.86949920654297,116.4020004272461,116.85691833496094,174190
2005-06-10,117.05650329589844,117.51729583740234,116.28459930419922,117.01541137695312,426797
2005-06-13,115.87663269042969,117.34119415283203,115.87369537353516,116.49298095703125,182027
2005-06-14,119.1021957397461,119.1021957397461,116.22589874267578,116.51058959960938,201141
2005-06-15,116.2552490234375,117.15042114257812,116.2552490234375,116.75419616699219,74122
2005-06-16,117.39989471435547,117.9281997680664,116.22296142578125,116.39612579345703,416252
2005-06-17,116.29046630859375,116.68669128417969,112.410400390625,115.36888122558594,222811
2005-06-20,117.98689270019531,117.98689270019531,114.52359771728516,115.110595703125,217172
2005-06-21,111.5328369140625,115.52149963378906,111.5328369140625,114.53240203857422,161414
2005-06-22,115.22799682617188,117.98689270019531,114.46489715576172,115.97935485839844,453952
2005-06-23,115.0519027709961,116.51940155029297,114.81710052490234,115.37181091308594,211465
2005-06-24,117.39989471435547,117.39989471435547,112.70390319824219,114.74079132080078,203748
2005-06-27,114.74079132080078,118.04559326171875,113.46700286865234,116.7424545288086,646065
2005-06-28,116.7424545288086,116.7424545288086,113.87789916992188,114.16846466064453,139557
2005-06-29,116.51940155029297,116.51940155029297,113.29090118408203,114.42381286621094,161720
2005-06-30,113.34960174560547,116.04979705810547,111.82340240478516,114.10682678222656,947258
2005-07-01,114.17140197753906,115.5802001953125,113.46700286865234,114.88754272460938,631397
2005-07-04,110.15632629394531,117.10639953613281,110.15632629394531,116.71310424804688,396473
2005-07-05,118.8086929321289,126.20488739013672,116.81289672851562,123.9361343383789,1476287
2005-07-06,128.8463897705078,129.42164611816406,120.9805908203125,126.1608657836914,882113
2005-07-07,126.79188537597656,126.79188537597656,120.33489227294922,121.01287841796875,313628
2005-07-08,125.91139221191406,125.91139221191406,122.56549072265625,123.12313842773438,602624
2005-07-11,123.73949432373047,130.90087890625,123.68079376220703,127.61368560791016,981397
2005-07-12,129.7268829345703,129.7268829345703,123.88037109375,125.93193817138672,350034
2005-07-13,129.08119201660156,129.08119201660156,125.61788940429688,126.15792846679688,360852
2005-07-14,128.54701232910156,129.139892578125,124.32649230957031,124.86653137207031,1128280
2005-07-15,126.19902038574219,126.4983901977539,124.6786880493164,125.1072006225586,294940
2005-07-18,125.61788940429688,127.37889099121094,125.61788940429688,126.34577178955078,339557
2005-07-19,127.96588897705078,127.96588897705078,126.20488739013672,126.85646057128906,1138484
2005-07-20,127.37889099121094,127.96588897705078,126.51599884033203,127.22626495361328,300800
2005-07-21,129.13694763183594,129.7268829345703,127.43759155273438,128.332763671875,1441057
2005-07-22,127.43759155273438,128.72898864746094,127.43759155273438,128.30047607421875,177870
2005-07-25,128.54701232910156,131.840087890625,125.32438659667969,126.5248031616211,615094
2005-07-26,126.5658950805664,126.79188537597656,121.50889587402344,122.80909729003906,590647
2005-07-27,126.49545288085938,126.4983901977539,122.09589385986328,123.2728271484375,143066
2005-07-28,123.2728271484375,123.2728271484375,123.2728271484375,123.2728271484375,0
2005-07-29,125.03675842285156,125.32438659667969,120.46697235107422,122.93824005126953,528467
2005-08-01,123.09379577636719,125.03089141845703,119.21959686279297,124.10929870605469,240613
2005-08-02,125.85269165039062,125.88204193115234,122.21329498291016,123.0820541381836,132896
2005-08-03,123.12313842773438,129.08119201660156,123.12313842773438,128.04806518554688,706678
2005-08-04,127.37889099121094,136.47738647460938,127.37889099121094,135.5088348388672,1120972
2005-08-05,133.54238891601562,136.47738647460938,133.54238891601562,134.6107177734375,452061
2005-08-08,133.83587646484375,133.83587646484375,130.95957946777344,131.47027587890625,193254
2005-08-09,132.5415496826172,143.81488037109375,130.84217834472656,134.3817901611328,1019574
2005-08-10,134.42288208007812,140.2341766357422,134.42288208007812,138.11216735839844,539506
2005-08-11,138.4144744873047,139.11888122558594,136.1838836669922,136.73272705078125,265741
2005-08-12,140.52767944335938,140.52767944335938,135.65557861328125,137.6836700439453,199983
2005-08-16,139.0601806640625,141.4668731689453,137.35787963867188,138.62579345703125,563135
2005-08-17,138.62579345703125,139.11888122558594,136.1838836669922,137.91552734375,142606
2005-08-18,137.65138244628906,139.6941375732422,135.0098876953125,135.4178466796875,167904
2005-08-19,136.3599853515625,137.5339813232422,133.83587646484375,134.2467803955078,129744
2005-08-22,137.9390106201172,137.94488525390625,133.24888610839844,133.9092559814453,88483
2005-08-23,134.0413360595703,135.59100341796875,131.6639862060547,132.11891174316406,120630
2005-08-24,131.48788452148438,135.30337524414062,128.55581665039062,133.98556518554688,1518587
2005-08-25,136.7679443359375,136.7679443359375,130.72479248046875,132.9671173095703,412726
2005-08-26,131.48788452148438,136.47738647460938,131.48788452148438,134.89834594726562,444088
2005-08-29,134.89248657226562,135.58514404296875,129.19859313964844,133.5746612548828,181754
2005-08-30,133.60108947753906,136.41868591308594,133.60108947753906,134.27613830566406,382828
2005-08-31,136.41868591308594,136.41868591308594,133.24888610839844,134.8396453857422,300681
2005-09-01,135.0098876953125,138.4144744873047,133.83587646484375,135.74656677246094,282521
2005-09-02,137.6484375,137.65138244628906,135.0098876953125,135.21533203125,137768
2005-09-05,133.54238891601562,136.47738647460938,132.07489013671875,135.5088348388672,85996
2005-09-06,137.8861846923828,137.94488525390625,135.2446746826172,135.67613220214844,97649
2005-09-08,138.06228637695312,142.34738159179688,135.30337524414062,140.2987518310547,724975
2005-09-09,140.8798828125,140.8798828125,138.53187561035156,139.20399475097656,234446
2005-09-12,139.41238403320312,142.640869140625,137.94781494140625,141.03250122070312,311312
2005-09-13,140.8798828125,147.63037109375,140.42201232910156,146.76748657226562,684872
2005-09-14,144.40187072753906,150.1544647216797,144.10836791992188,149.50289916992188,1151125
2005-09-15,149.39137268066406,150.74147033691406,148.24671936035156,149.86683654785156,270306
2005-09-16,151.15237426757812,154.08737182617188,148.51966857910156,148.9100341796875,231771
2005-09-19,148.92176818847656,151.6806640625,148.5108642578125,149.22994995117188,397104
2005-09-20,141.59014892578125,151.44586181640625,141.59014892578125,149.4530029296875,384174
2005-09-21,145.69326782226562,150.27186584472656,132.10716247558594,147.10794067382812,362283
2005-09-22,147.04336547851562,148.98046875,138.60232543945312,140.3222198486328,231976
2005-09-23,137.94488525390625,145.86936950683594,136.47738647460938,141.94235229492188,519012
2005-09-26,143.81488037109375,147.0257568359375,140.93858337402344,146.23330688476562,218484
2005-09-27,145.59054565429688,150.21316528320312,144.4635009765625,148.99220275878906,377172
2005-09-28,146.70584106445312,153.2068634033203,144.98887634277344,151.46934509277344,702573
2005-09-29,148.5108642578125,151.44586181640625,147.04336547851562,148.032470703125,836082
2005-09-30,147.04336547851562,155.96575927734375,146.7498779296875,152.892822265625,717837
2005-10-03,153.7938690185547,154.9473114013672,149.39137268066406,149.7465057373047,527274
2005-10-04,146.7498779296875,152.4437713623047,146.7498779296875,151.01441955566406,240783
2005-10-05,152.38507080078125,152.38507080078125,148.5108642578125,149.118408203125,266354
2005-10-06,140.97085571289062,150.74147033691406,140.97085571289062,147.36915588378906,404020
2005-10-07,135.0098876953125,149.67019653320312,135.0098876953125,148.35824584960938,153049
2005-10-10,150.83831787109375,151.35194396972656,147.3368682861328,148.42282104492188,130153
2005-10-11,143.81488037109375,149.09786987304688,143.81488037109375,146.67062377929688,498211
2005-10-13,149.68487548828125,153.2068634033203,143.81488037109375,146.35365295410156,664293
2005-10-14,147.04336547851562,147.04336547851562,141.97756958007812,142.364990234375,517308
2005-10-17,139.99937438964844,143.8090057373047,135.94908142089844,139.41824340820312,382300
2005-10-18,139.41824340820312,145.8106689453125,139.41824340820312,144.73646545410156,579779
2005-10-19,142.69956970214844,144.92723083496094,140.2987518310547,141.23501586914062,342504
2005-10-20,143.22787475585938,144.9771270751953,132.07489013671875,135.30337524414062,606729
2005-10-21,140.1167755126953,140.1167755126953,134.7163848876953,136.40988159179688,510221
2005-10-24,138.35577392578125,138.35577392578125,132.9671173095703,134.1587371826172,181959
2005-10-25,136.3599853515625,138.8811492919922,130.90087890625,138.14739990234375,456814
2005-10-26,135.5968780517578,140.2341766357422,133.54238891601562,139.80860900878906,227683
2005-10-27,139.99937438964844,143.52137756347656,136.83837890625,139.27442932128906,681141
2005-10-28,138.78428649902344,143.52137756347656,138.78428649902344,140.94151306152344,350272
2005-10-31,137.0643768310547,140.8798828125,136.82957458496094,138.05641174316406,475554
2005-11-02,140.1167755126953,141.23207092285156,137.36375427246094,139.8702392578125,158518
2005-11-04,139.8702392578125,139.8702392578125,139.8702392578125,139.8702392578125,0
2005-11-07,138.0035858154297,142.637939453125,138.0035858154297,141.65765380859375,392095
2005-11-08,145.5171661376953,145.5171661376953,139.70587158203125,141.5960235595703,652232
2005-11-09,141.9364776611328,144.98887634277344,137.95074462890625,138.62579345703125,568007
2005-11-10,139.41238403320312,140.46897888183594,139.00148010253906,139.4241180419922,425571
2005-11-11,139.70587158203125,144.10543823242188,139.70587158203125,140.55409240722656,548211
2005-11-14,140.46897888183594,142.80816650390625,140.46897888183594,141.30545043945312,419625
2005-11-16,143.81488037109375,143.81488037109375,141.7603759765625,142.52053833007812,502487
2005-11-17,143.81488037109375,145.34107971191406,142.4647674560547,144.52220153808594,575349
2005-11-18,151.41358947753906,151.41358947753906,144.98887634277344,145.6521759033203,599131
2005-11-21,146.69117736816406,150.85887145996094,145.2236785888672,150.07815551757812,1131772
2005-11-22,152.619873046875,155.4961700439453,150.09576416015625,154.22824096679688,1829626
2005-11-23,155.56072998046875,156.72886657714844,154.08737182617188,156.09783935546875,1106031
2005-11-24,156.72886657714844,157.31585693359375,153.53265380859375,154.83578491210938,1189541
2005-11-25,155.55487060546875,174.56777954101562,155.26136779785156,172.52207946777344,5757245
2005-11-28,184.87255859375,201.01210021972656,184.31784057617188,197.29640197753906,14055446
2005-11-29,199.57981872558594,203.98231506347656,193.24609375,194.4113006591797,12786518
2005-11-30,194.59033203125,198.99282836914062,189.07254028320312,189.8444366455078,4493274
2005-12-01,190.7748260498047,199.63851928710938,186.07884216308594,197.24356079101562,7310824
2005-12-02,198.11231994628906,206.9173126220703,198.11231994628906,204.09385681152344,7461079
2005-12-05,206.0368194580078,210.2045135498047,204.40789794921875,206.33912658691406,4182524
2005-12-06,205.44981384277344,208.8984375,200.4603271484375,203.2573699951172,4287584
2005-12-07,204.980224609375,205.9018096923828,201.92782592773438,204.4695281982422,1996884
2005-12-08,204.27581787109375,205.1563262939453,200.17855834960938,202.07164001464844,1271994
2005-12-09,202.5148162841797,213.080810546875,202.22132873535156,209.48544311523438,4033410
2005-12-12,208.67831420898438,211.31394958496094,205.74331665039062,206.55337524414062,1931109
2005-12-13,206.6267547607422,213.5504150390625,205.5672149658203,212.2971649169922,3302132
2005-12-14,212.4938201904297,214.78311157226562,208.3848114013672,210.2720184326172,2355300
2005-12-15,210.5567169189453,211.61331176757812,202.5764617919922,204.6221466064453,1477701
2005-12-16,207.62171936035156,208.32611083984375,203.1605224609375,207.29006958007812,1887804
2005-12-19,209.6380615234375,213.080810546875,207.32821655273438,212.3147735595703,1703323
2005-12-20,213.080810546875,215.35836791992188,211.33155822753906,213.4183349609375,2712131
2005-12-21,213.66781616210938,216.60281372070312,213.42713928222656,214.29884338378906,1839694
2005-12-22,212.7873077392578,215.66360473632812,212.61122131347656,213.3273468017578,1017377
2005-12-23,215.42881774902344,215.42881774902344,207.2108154296875,212.03009033203125,927053
2005-12-26,211.0263214111328,211.08502197265625,204.86282348632812,208.47579956054688,904992
2005-12-27,206.0397491455078,214.2489471435547,205.5672149658203,213.5269317626953,1093357
2005-12-28,213.66781616210938,214.2548065185547,209.70849609375,211.04393005371094,835554
2005-12-29,212.4938201904297,213.9554443359375,210.4481201171875,211.2170867919922,1575572
2005-12-30,211.61331176757812,213.96131896972656,211.61331176757812,212.19151306152344,457973
2006-01-02,213.6590118408203,213.66781616210938,212.2003173828125,212.8372039794922,339387
2006-01-03,213.60911560058594,220.94366455078125,212.7873077392578,219.76380920410156,2108536
2006-01-04,220.1248016357422,222.33779907226562,217.7797393798828,218.3843536376953,862096
2006-01-05,220.0074005126953,220.0074005126953,216.0187530517578,217.68582153320312,788671
2006-01-06,218.3638153076172,219.83131408691406,214.95921325683594,218.60740661621094,721567
2006-01-09,221.0023651123047,221.0023651123047,217.49505615234375,218.35794067382812,438893
2006-01-10,219.53781127929688,219.53781127929688,214.84181213378906,216.07745361328125,360221
2006-01-12,215.42881774902344,217.74745178222656,211.6162567138672,213.4564971923828,698262
2006-01-13,214.19024658203125,216.54116821289062,212.7873077392578,214.08164978027344,371737
2006-01-16,214.66571044921875,215.71937561035156,212.7873077392578,214.30764770507812,376150
2006-01-17,214.30764770507812,217.70050048828125,213.96424865722656,214.26068115234375,483799
2006-01-18,215.42881774902344,215.42881774902344,210.50389099121094,212.00953674316406,715111
2006-01-19,208.97474670410156,219.47911071777344,208.97474670410156,218.34326171875,1546764
2006-01-20,218.89210510253906,243.83958435058594,218.6573028564453,240.77545166015625,8266548
2006-01-23,249.4747772216797,257.10577392578125,237.79348754882812,252.12509155273438,6222594
2006-01-24,257.04412841796875,257.44329833984375,250.36114501953125,252.58587646484375,2737855
2006-01-25,254.75778198242188,256.7535705566406,250.65464782714844,252.12802124023438,2095589
2006-01-27,257.10577392578125,264.1497802734375,254.1707763671875,262.37408447265625,2881314
2006-01-30,268.2000732421875,272.7786560058594,259.9820861816406,263.1195983886719,3518520
2006-01-31,267.02606201171875,267.02606201171875,260.27557373046875,263.3573303222656,1395759
2006-02-01,266.49188232421875,266.49188232421875,257.6957092285156,259.2189636230469,1271738
2006-02-02,261.21478271484375,262.3887634277344,257.3992614746094,258.04205322265625,1045673
2006-02-03,258.27978515625,263.43951416015625,255.46217346191406,260.1024169921875,1412812
2006-02-06,264.0323791503906,264.0323791503906,255.93177795410156,257.079345703125,1651074
2006-02-07,260.5103759765625,262.4474792480469,256.8445739746094,261.68731689453125,1683953
2006-02-08,262.50616455078125,265.3237609863281,259.4537658691406,260.7040710449219,1135861
2006-02-10,262.97283935546875,263.2633972167969,252.40977478027344,259.53302001953125,506150
2006-02-13,257.10577392578125,262.97576904296875,257.10577392578125,261.8047180175781,1334686
2006-02-14,262.3887634277344,264.1497802734375,260.34014892578125,261.1912841796875,766235
2006-02-15,262.6822814941406,263.5627746582031,258.86676025390625,260.5074462890625,447445
2006-02-16,260.3342590332031,261.7958984375,256.8122863769531,258.2416076660156,370869
2006-02-17,259.5711669921875,259.73846435546875,254.4642791748047,254.916259765625,428705
2006-02-20,255.3418426513672,256.5187683105469,248.9494171142578,255.03660583496094,579625
2006-02-21,255.40347290039062,259.1602783203125,253.290283203125,257.04119873046875,524054
2006-02-22,259.4537658691406,259.7472839355469,255.3447723388672,257.3552551269531,409608
2006-02-23,257.98626708984375,258.2210693359375,250.06178283691406,251.65841674804688,2188877
2006-02-24,253.05255126953125,255.63827514648438,250.94227600097656,254.0386962890625,715315
2006-02-27,254.1707763671875,255.57957458496094,253.05841064453125,254.94268798828125,561738
2006-02-28,256.22528076171875,266.791259765625,252.9967803955078,265.29736328125,1691739
2006-03-01,265.9107666015625,269.78497314453125,265.0889587402344,266.3246154785156,1392352
2006-03-02,267.08477783203125,289.9748229980469,264.26129150390625,285.03814697265625,4110497
2006-03-03,281.759765625,297.0804443359375,281.759765625,292.05572509765625,4279645
2006-03-06,293.5525817871094,301.5416259765625,292.0997619628906,296.4582214355469,2129916
2006-03-07,297.021728515625,325.7142639160156,296.43475341796875,322.15118408203125,6624503
2006-03-08,326.0782165527344,346.8580017089844,321.67572021484375,324.64300537109375,12846825
2006-03-09,304.53533935546875,336.3418884277344,304.53533935546875,332.34442138671875,11630947
2006-03-10,340.459716796875,345.6487731933594,332.8932800292969,337.86517333984375,4370003
2006-03-13,338.9922180175781,341.6924133300781,332.8287048339844,333.88238525390625,2764363
2006-03-14,334.5897216796875,337.46600341796875,329.3360595703125,331.287841796875,2434601
2006-03-16,333.41571044921875,335.2940979003906,329.4828186035156,330.51300048828125,1594396
2006-03-17,333.7091979980469,334.5838317871094,329.0132141113281,330.1226501464844,1318365
2006-03-20,332.8287048339844,332.8287048339844,325.2035827636719,326.80902099609375,1256491
2006-03-21,327.4693908691406,342.39678955078125,326.3717041015625,333.2366638183594,4391656
2006-03-22,333.82659912109375,335.9985046386719,328.2090148925781,330.7331237792969,1856713
2006-03-23,331.65472412109375,334.8832092285156,328.7197265625,330.5687561035156,1034804
2006-03-24,331.65472412109375,334.6484069824219,330.7742004394531,333.1222229003906,1015997
2006-03-27,334.5897216796875,340.6944885253906,329.7176208496094,332.1507263183594,1828553
2006-03-28,334.531005859375,335.4114990234375,324.03839111328125,326.1809387207031,2434755
2006-03-29,327.54571533203125,329.4769287109375,321.67572021484375,323.2576904296875,1653238
2006-03-30,325.78472900390625,328.1327209472656,321.67572021484375,325.0069274902344,4469101
2006-03-31,325.78472900390625,338.0530090332031,322.2627258300781,333.1104736328125,3237106
2006-04-03,333.88531494140625,359.8306884765625,333.88531494140625,356.4143371582031,5505439
2006-04-04,359.8306884765625,365.1136779785156,354.26007080078125,357.206787109375,3316749
2006-04-05,359.1732482910156,365.70068359375,354.67681884765625,364.2419738769531,2677225
2006-04-07,366.5048828125,367.9312744140625,351.6127014160156,354.230712890625,3031569
2006-04-10,355.4281921386719,361.9438781738281,337.5834045410156,358.8973693847656,1765027
2006-04-12,361.0046691894531,370.39666748046875,347.7972106933594,352.0617370605469,2693409
2006-04-13,352.84539794921875,358.010986328125,326.430419921875,337.3016357421875,3013137
2006-04-17,342.58758544921875,343.981689453125,334.5897216796875,340.86474609375,1824192
2006-04-18,343.39471435546875,347.7972106933594,340.8118896484375,344.21356201171875,1401755
2006-04-19,345.7427062988281,347.5506591796875,339.28570556640625,340.6123352050781,1358433
2006-04-20,343.39471435546875,355.4281921386719,340.7532043457031,349.3644714355469,2164993
2006-04-21,355.1346740722656,355.1346740722656,342.220703125,344.4248962402344,1522573
2006-04-24,346.26513671875,350.7322082519531,333.7091979980469,335.57293701171875,1273595
2006-04-25,337.52471923828125,338.1116943359375,324.9042053222656,327.1641540527344,2326833
2006-04-26,334.5897216796875,346.3297119140625,325.1977233886719,340.2454528808594,4490140
2006-04-27,343.33013916015625,343.972900390625,325.2035827636719,330.1901550292969,3298997
2006-04-28,293.499755859375,341.9272155761719,270.019775390625,338.9775390625,2521620
2006-05-02,342.8077087402344,346.3297119140625,340.459716796875,344.7976379394531,1575691
2006-05-03,346.27099609375,352.78668212890625,340.5389404296875,351.4630126953125,1784124
2006-05-04,353.6084899902344,356.5434875488281,343.39471435546875,347.9439392089844,1774601
2006-05-05,348.5015869140625,353.0802001953125,345.9187927246094,347.4156494140625,1145622
2006-05-08,351.5539855957031,352.5518798828125,345.8102111816406,347.2864990234375,848297
2006-05-09,349.26470947265625,349.8516845703125,344.5686950683594,346.8198547363281,727070
2006-05-10,344.8622131347656,350.42108154296875,344.5686950683594,346.3502502441406,441346
2006-05-11,350.1363830566406,358.65667724609375,343.4533996582031,352.0118408203125,1748928
2006-05-12,346.3883972167969,357.1891784667969,341.7247009277344,350.723388671875,1446985
2006-05-15,350.7322082519531,355.1346740722656,331.0970458984375,334.28741455078125,1719234
2006-05-16,334.5897216796875,340.16619873046875,302.5982360839844,337.90625,3048026
2006-05-17,340.474365234375,349.3233947753906,337.64208984375,348.299072265625,1329336
2006-05-18,346.3297119140625,346.3297119140625,308.76171875,315.1453552246094,2898026
2006-05-19,321.3822326660156,334.5897216796875,284.1077575683594,292.701416015625,4355898
2006-05-22,293.73455810546875,314.1034240722656,214.2548065185547,269.4210205078125,6650840
2006-05-23,270.019775390625,314.6317138671875,268.90447998046875,306.33447265625,5082304
2006-05-24,311.1097412109375,311.1097412109375,281.759765625,285.0939025878906,2511944
2006-05-25,285.28173828125,287.6297607421875,267.08477783203125,276.9668884277344,2931007
2006-05-26,287.6297607421875,297.9022521972656,280.2922668457031,289.5697937011719,2121807
2006-05-29,293.499755859375,310.5227355957031,290.56475830078125,293.12994384765625,2135691
2006-05-30,294.9672546386719,294.9672546386719,288.27545166015625,290.3123474121094,855349
2006-05-31,286.6905517578125,291.9735412597656,271.07635498046875,288.6305847167969,3542984
2006-06-01,293.499755859375,298.3131408691406,276.9845275878906,280.17779541015625,2788758
2006-06-02,280.58575439453125,288.21673583984375,264.73675537109375,283.69683837890625,1973919
2006-06-05,269.4327697753906,289.9777526855469,268.7870788574219,276.1451110839844,1148399
2006-06-06,272.2503662109375,292.9127502441406,264.9715576171875,276.7585144042969,3345914
2006-06-07,276.1832580566406,280.11614990234375,241.3741912841797,252.9586181640625,3551979
2006-06-08,250.94227600097656,250.94227600097656,224.2338104248047,234.7352294921875,3772558
2006-06-09,233.33229064941406,252.9967803955078,223.05979919433594,247.37039184570312,2751927
2006-06-12,247.4202880859375,250.06178283691406,236.1146697998047,240.9045867919922,2376322
2006-06-13,234.79978942871094,236.2672882080078,214.84181213378906,228.18138122558594,2454775
2006-06-14,227.46229553222656,256.8122863769531,219.56715393066406,223.39732360839844,2238192
2006-06-15,231.85012817382812,248.0072784423828,227.4916534423828,246.4810791015625,2236645
2006-06-16,252.40977478027344,278.97149658203125,250.9276123046875,262.2420349121094,5221878
2006-06-19,265.6172790527344,272.9254150390625,256.9296875,270.46002197265625,3195985
2006-06-20,270.3132629394531,283.2272644042969,250.9716339111328,267.42230224609375,5340709
2006-06-21,267.055419921875,275.156005859375,263.416015625,270.3426208496094,1994339
2006-06-22,275.8897705078125,278.82476806640625,266.4977722167969,268.9631652832031,1355323
2006-06-23,264.4432678222656,271.6340026855469,261.8017578125,268.5522766113281,1194495
2006-06-26,271.7660827636719,271.7660827636719,230.45599365234375,237.47064208984375,3353362
2006-06-27,242.1372833251953,252.9967803955078,239.78929138183594,247.082763671875,3943747
2006-06-28,240.66978454589844,253.43702697753906,234.79978942871094,245.18968200683594,2331303
2006-06-29,250.20852661132812,256.16656494140625,248.0072784423828,250.64878845214844,2442111
2006-06-30,258.27978515625,265.0302734375,257.10577392578125,260.3782958984375,2226986
2006-07-03,263.85626220703125,266.791259765625,250.0764617919922,264.04705810546875,1682430
2006-07-04,265.9107666015625,267.96527099609375,258.86676025390625,260.0554504394531,1841565
2006-07-05,258.2944641113281,267.6717529296875,257.1351318359375,266.8646545410156,1661725
2006-07-06,266.8646545410156,270.5480651855469,261.21478271484375,266.1015319824219,1809091
2006-07-07,265.9107666015625,271.4872741699219,256.9296875,258.6466369628906,1782042
2006-07-10,258.27978515625,268.7577209472656,256.29864501953125,267.4809875488281,1928117
2006-07-11,261.8164367675781,275.8310546875,216.51475524902344,272.5145263671875,2640520
2006-07-12,270.019775390625,279.1182556152344,267.08477783203125,275.59625244140625,2425893
2006-07-13,275.59625244140625,278.53125,271.78076171875,274.0993957519531,1539244
2006-07-14,248.0072784423828,271.4872741699219,248.0072784423828,267.3929443359375,842791
2006-07-17,267.08477783203125,270.9002685546875,253.95065307617188,255.44749450683594,1530154
2006-07-18,255.3447723388672,257.98626708984375,244.6320343017578,253.290283203125,2222199
2006-07-19,256.8122863769531,261.21478271484375,234.79978942871094,241.84378051757812,2446710
2006-07-20,249.4747772216797,256.63616943359375,247.1267852783203,248.57960510253906,1762826
2006-07-21,248.88778686523438,250.73683166503906,241.2567901611328,245.71798706054688,1559354
2006-07-24,243.6047821044922,243.6047821044922,234.81446838378906,241.31549072265625,2220233
2006-07-25,246.53977966308594,251.676025390625,242.1372833251953,246.15823364257812,2028925
2006-07-26,247.97793579101562,250.325927734375,238.02828979492188,246.5691375732422,2706097
2006-07-27,248.0072784423828,254.99258422851562,246.53977966308594,252.13095092773438,3447948
2006-07-28,252.40977478027344,259.0135192871094,250.64878845214844,257.23785400390625,1858976
2006-07-31,258.27978515625,264.5019836425781,258.27978515625,260.07012939453125,1557803
2006-08-01,256.8122863769531,261.787109375,254.77244567871094,260.3636169433594,1124781
2006-08-02,261.0680236816406,269.4327697753906,257.98626708984375,266.9380187988281,2038727
2006-08-03,261.5082702636719,273.8646240234375,261.5082702636719,265.8667297363281,2058529
2006-08-04,271.47259521484375,271.47259521484375,261.2587890625,263.65081787109375,1610529
2006-08-07,263.85626220703125,268.84576416015625,261.21478271484375,265.9988098144531,1633667
2006-08-08,268.5522766113281,273.83526611328125,267.3489074707031,273.0721740722656,1404539
2006-08-09,274.4369201660156,279.85198974609375,271.78076171875,274.5543212890625,1818659
2006-08-10,275.86041259765625,277.9442443847656,271.81011962890625,274.877197265625,1241588
2006-08-11,277.0637512207031,296.9336853027344,274.4222717285156,293.514404296875,5086518
2006-08-14,293.7932434082031,303.7722473144531,292.9567565917969,295.5102233886719,3370980
2006-08-16,299.3697509765625,302.8917236328125,294.3802490234375,296.1265563964844,1732400
2006-08-17,299.3697509765625,311.6086730957031,290.6528015136719,309.157958984375,4959309
2006-08-18,311.08038330078125,316.04052734375,307.67578125,310.1705322265625,2638421
2006-08-21,310.1705322265625,312.5772399902344,303.8309326171875,306.5164489746094,2057552
2006-08-22,308.17474365234375,314.04473876953125,299.1496276855469,301.5563049316406,3131263
2006-08-23,304.564697265625,309.6128845214844,299.1055908203125,306.3110046386719,5282890
2006-08-24,307.000732421875,312.2837219238281,302.30474853515625,310.6988220214844,1946669
2006-08-25,312.5772399902344,314.04473876953125,307.5877380371094,308.4095153808594,1141847
2006-08-28,309.6422424316406,312.5772399902344,306.69256591796875,308.3948669433594,1809422
2006-08-29,309.67156982421875,311.8434753417969,308.17474365234375,308.99652099609375,1163881
2006-08-30,308.4682312011719,311.08038330078125,307.0887756347656,308.1307067871094,1065588
2006-08-31,308.17474365234375,311.051025390625,304.5059814453125,307.543701171875,1684781
2006-09-01,309.20196533203125,318.30047607421875,308.17474365234375,316.8036193847656,2933331
2006-09-04,319.0342102050781,321.3822326660156,317.0090637207031,318.3885192871094,1381680
2006-09-05,319.3277282714844,324.816162109375,317.3025817871094,318.8140869140625,1498440
2006-09-06,317.7428283691406,321.67572021484375,315.2187194824219,317.4493103027344,849598
2006-09-07,317.4493103027344,319.0048828125,311.75543212890625,313.1642150878906,710883
2006-09-08,314.04473876953125,318.74072265625,313.0174865722656,316.01116943359375,1049108
2006-09-11,316.979736328125,316.979736328125,305.8560791015625,307.4556579589844,1457268
2006-09-12,303.7722473144531,311.6086730957031,301.4535827636719,310.4933776855469,1372989
2006-09-13,301.29217529296875,317.7134704589844,298.22509765625,314.6463928222656,1084447
2006-09-14,316.979736328125,319.0342102050781,311.1097412109375,311.9755554199219,889827
2006-09-15,311.9755554199219,319.59185791015625,308.92315673828125,315.6589660644531,949946
2006-09-18,316.979736328125,318.1537170410156,311.1097412109375,313.1935729980469,594957
2006-09-19,315.2187194824219,317.41998291015625,302.5982360839844,306.42840576171875,690562
2006-09-20,306.1202392578125,309.6128845214844,301.16009521484375,307.1914978027344,765670
2006-09-21,310.81622314453125,316.3780517578125,308.4682312011719,313.78057861328125,441472
2006-09-22,314.92523193359375,319.0342102050781,308.4682312011719,315.5268859863281,642177
2006-09-25,319.3277282714844,319.3277282714844,311.4325866699219,313.076171875,444003
2006-09-26,314.04473876953125,316.2459716796875,311.4325866699219,314.0300598144531,1522059
2006-09-27,317.56671142578125,321.54364013671875,312.2837219238281,313.8392639160156,1495793
2006-09-28,315.5122375488281,316.6422119140625,308.76171875,310.87493896484375,830539
2006-09-29,315.5122375488281,318.3591613769531,311.21246337890625,315.0866394042969,743353
2006-10-03,311.49127197265625,319.0048828125,310.27325439453125,311.6086730957031,760648
2006-10-04,314.6317138671875,315.5856018066406,303.33197021484375,307.000732421875,1349500
2006-10-05,307.8812255859375,316.3633728027344,307.8812255859375,313.2229309082031,982552
2006-10-06,316.979736328125,326.3423767089844,308.4975891113281,324.4346008300781,1929923
2006-10-09,328.2794494628906,329.0132141113281,320.2082214355469,323.43670654296875,1286317
2006-10-10,327.10546875,328.7197265625,321.705078125,322.7029724121094,1593374
2006-10-11,319.91473388671875,328.4408874511719,309.93572998046875,312.6065673828125,802920
2006-10-12,316.1872863769531,325.4031677246094,311.1097412109375,322.6736145019531,824569
2006-10-13,325.78472900390625,337.231201171875,322.0572814941406,334.1934814453125,2152621
2006-10-16,340.43035888671875,340.43035888671875,333.1222229003906,338.3611755371094,2343647
2006-10-17,338.9922180175781,346.03619384765625,330.1872253417969,344.34857177734375,1879262
2006-10-18,343.39471435546875,346.3297119140625,337.87689208984375,339.0949401855469,689813
2006-10-19,334.6043701171875,341.8978576660156,330.1872253417969,333.01947021484375,854539
2006-10-20,334.5897216796875,340.43035888671875,333.723876953125,335.57293701171875,1237350
2006-10-23,337.52471923828125,339.5791931152344,331.65472412109375,336.11590576171875,329707
2006-10-26,332.0362548828125,354.224853515625,332.0362548828125,352.1556701660156,1679187
2006-10-27,352.19970703125,368.3421630859375,351.02569580078125,363.0885314941406,2029994
2006-10-30,363.9396667480469,368.0486755371094,357.77618408203125,363.2059326171875,1008593
2006-10-31,359.8453674316406,365.3191223144531,354.5917053222656,356.6021728515625,1399551
2006-11-01,359.7426452636719,368.0193176269531,358.50994873046875,361.54766845703125,1225875
2006-11-02,363.0738525390625,378.6146545410156,362.50152587890625,371.1744384765625,2644751
2006-11-03,379.20166015625,379.20166015625,366.21429443359375,370.9543151855469,1509428
2006-11-06,372.5685729980469,373.3169860839844,367.6817932128906,369.0318908691406,766297
2006-11-07,372.1283264160156,372.7446594238281,359.5372009277344,361.95855712890625,803935
2006-11-08,364.52667236328125,365.40716552734375,344.9942626953125,351.8475036621094,1478158
2006-11-09,352.84539794921875,361.41558837890625,351.6860656738281,354.7825012207031,1120283
2006-11-10,355.1346740722656,365.9941711425781,346.7406005859375,362.7803649902344,3375883
2006-11-13,363.9396667480469,369.7950134277344,361.6357116699219,365.33380126953125,2002424
2006-11-14,372.7446594238281,372.7446594238281,356.9543762207031,358.68603515625,2196523
2006-11-15,359.5372009277344,360.6231384277344,352.4931945800781,355.34014892578125,986832
2006-11-16,358.0697021484375,363.9396667480469,352.8160400390625,354.19549560546875,1290546
2006-11-17,357.4826965332031,363.9396667480469,344.9208984375,350.3653259277344,2060274
2006-11-20,346.3297119140625,350.7322082519531,339.8727111816406,343.3213195800781,1684471
2006-11-21,346.3297119140625,357.60009765625,343.981689453125,355.8977966308594,1565405
2006-11-22,359.5372009277344,398.3378601074219,356.6021728515625,390.2812805175781,7682599
2006-11-23,400.656494140625,412.9541320800781,371.6587219238281,375.826416015625,16883023
2006-11-24,381.25616455078125,381.25616455078125,342.25006103515625,345.4638671875,19531243
2006-11-27,347.7972106933594,347.7972106933594,335.4995422363281,338.3905334472656,8331468
2006-11-28,337.52471923828125,349.7636413574219,330.0257873535156,337.0257568359375,8115594
2006-11-29,340.4156799316406,343.3800354003906,332.3150939941406,333.988037109375,5405095
2006-11-30,344.510009765625,344.510009765625,327.2522277832031,330.9356384277344,6316509
2006-12-01,336.0572204589844,347.1514892578125,330.744873046875,346.0508728027344,6102707
2006-12-04,346.91668701171875,355.7216796875,343.6882019042969,350.5120544433594,5507354
2006-12-05,352.78668212890625,355.34014892578125,343.7762451171875,344.95025634765625,3411260
2006-12-06,347.210205078125,347.7972106933594,337.52471923828125,340.50372314453125,2523259
2006-12-07,340.50372314453125,350.4093322753906,337.8182067871094,348.1053771972656,4448160
2006-12-08,350.4386901855469,353.5791320800781,340.7532043457031,343.2479553222656,4433465
2006-12-11,343.39471435546875,345.595947265625,322.8497314453125,330.2018737792969,3447045
2006-12-12,337.46600341796875,337.46600341796875,296.7282409667969,306.5311279296875,5903000
2006-12-13,305.23974609375,330.1872253417969,293.499755859375,325.8140563964844,7100537
2006-12-14,326.1075744628906,337.231201171875,312.5772399902344,333.6651916503906,4012736
2006-12-15,336.0572204589844,338.40521240234375,330.78887939453125,333.07818603515625,2738751
2006-12-18,334.5897216796875,343.3800354003906,321.4262390136719,341.1200866699219,3735212
2006-12-19,343.1011962890625,343.39471435546875,324.9042053222656,331.7134094238281,3975649
2006-12-20,340.16619873046875,343.2185974121094,323.43670654296875,327.9272766113281,3192840
2006-12-21,308.6443176269531,330.1872253417969,308.6443176269531,324.8601989746094,2387576
2006-12-22,330.1872253417969,332.7993469238281,325.1977233886719,329.30670166015625,2181650
2006-12-26,330.1872253417969,334.8832092285156,327.6044006347656,333.2396240234375,1285674
2006-12-27,336.0572204589844,336.9377136230469,331.3612060546875,332.7259826660156,1173997
2006-12-28,328.734375,334.5897216796875,326.0782165527344,327.75115966796875,3277924
2006-12-29,331.6253662109375,336.6441955566406,328.7197265625,333.5037536621094,1399701
2007-01-02,334.5897216796875,339.75531005859375,331.0677185058594,335.9985046386719,1790751
2007-01-03,338.9922180175781,339.28570556640625,331.65472412109375,333.54779052734375,1652454
2007-01-04,334.8832092285156,334.8832092285156,327.3989562988281,328.6463317871094,1903541
2007-01-05,329.30670166015625,334.0760803222656,326.2249755859375,328.9398498535156,1434665
2007-01-08,329.30670166015625,329.30670166015625,317.7134704589844,318.6673583984375,2726148
2007-01-09,319.91473388671875,324.37591552734375,308.4682312011719,313.4577331542969,3151144
2007-01-10,311.69671630859375,312.5772399902344,293.499755859375,307.6317443847656,1349163
2007-01-11,310.5227355957031,314.3382263183594,302.30474853515625,313.51641845703125,2062468
2007-01-12,315.5122375488281,331.1997985839844,315.5122375488281,327.7364807128906,3718885
2007-01-15,330.5247497558594,351.0110168457031,327.8392028808594,347.8412170410156,6933079
2007-01-16,351.02569580078125,356.3086853027344,340.7825622558594,350.8495788574219,4547360
2007-01-17,352.21435546875,363.3526916503906,351.3191833496094,359.1116027832031,3847594
2007-01-18,363.3526916503906,365.40716552734375,339.5791931152344,356.48480224609375,4987987
2007-01-19,358.0697021484375,359.18499755859375,342.220703125,346.4617614746094,3389866
2007-01-22,345.7427062988281,348.3841857910156,337.8475646972656,338.9775390625,2387784
2007-01-23,339.5791931152344,344.5686950683594,333.7091979980469,335.23541259765625,2327416
2007-01-24,337.52471923828125,339.8727111816406,335.2500915527344,337.3779602050781,1255067
2007-01-25,338.9922180175781,340.16619873046875,331.0677185058594,333.67987060546875,3551413
2007-01-29,337.52471923828125,339.25634765625,333.7385559082031,337.33392333984375,1311272
2007-01-31,337.52471923828125,344.55401611328125,334.0027160644531,337.0110778808594,1354345
2007-02-01,340.1075134277344,346.3297119140625,336.424072265625,343.6441650390625,1970127
2007-02-02,346.3297119140625,354.40093994140625,344.5686950683594,346.57916259765625,2705498
2007-02-05,350.7322082519531,351.6127014160156,344.5686950683594,348.9565124511719,1031087
2007-02-06,349.26470947265625,355.07598876953125,346.3883972167969,350.2479248046875,2140724
2007-02-07,350.2479248046875,358.0256652832031,344.5686950683594,354.2541809082031,2972745
2007-02-08,356.6021728515625,359.8306884765625,350.3212890625,352.71331787109375,1872424
2007-02-09,352.78668212890625,357.1451721191406,345.18505859375,349.1913146972656,2470550
2007-02-12,346.3297119140625,346.76995849609375,329.0132141113281,332.40313720703125,1937425
2007-02-13,328.7197265625,341.8684997558594,320.79522705078125,326.1075744628906,1566413
2007-02-14,327.8392028808594,329.30670166015625,319.0342102050781,327.780517578125,994689
2007-02-15,333.41571044921875,341.91253662109375,330.1872253417969,341.0907287597656,1026379
2007-02-19,343.39471435546875,353.960693359375,342.5141906738281,351.7594299316406,3066496
2007-02-20,351.6127014160156,356.6021728515625,348.3841857910156,351.4659423828125,2775184
2007-02-21,350.48272705078125,356.6021728515625,348.4135437011719,352.30242919921875,2436635
2007-02-22,353.6672058105469,354.8411865234375,336.4827880859375,340.87060546875,3649560
2007-02-23,344.3192138671875,344.3192138671875,326.0782165527344,329.7322998046875,2260298
2007-02-26,329.10125732421875,338.9922180175781,326.3717041015625,335.36749267578125,1528389
2007-02-27,335.616943359375,340.7238464355469,329.30670166015625,333.0928649902344,1878274
2007-02-28,324.3172302246094,331.0677185058594,303.05316162109375,322.9817810058594,1702492
2007-03-01,322.8497314453125,334.6630859375,314.1474609375,333.8706359863281,1773872
2007-03-02,325.3738098144531,333.1222229003906,316.40740966796875,320.5457458496094,1017960
2007-03-05,316.2606506347656,316.2606506347656,293.499755859375,296.2146301269531,1910945
2007-03-06,296.43475341796875,307.5877380371094,289.3907470703125,296.3907165527344,1900894
2007-03-07,301.7177429199219,305.7973937988281,287.6884460449219,291.65069580078125,2147347
2007-03-08,292.0322570800781,307.000732421875,283.82891845703125,303.1118469238281,1688754
2007-03-09,305.5332336425781,307.5290222167969,296.77227783203125,304.9755859375,1085759
2007-03-12,304.94622802734375,313.44305419921875,301.4829406738281,306.0615234375,732750
2007-03-13,305.23974609375,309.5835266113281,299.721923828125,306.5311279296875,998634
2007-03-14,293.499755859375,299.95672607421875,292.1789855957031,297.2272033691406,1114505
2007-03-15,300.55841064453125,307.5877380371094,300.55841064453125,303.12652587890625,1057946
2007-03-16,304.06573486328125,304.94622802734375,294.08673095703125,296.5521545410156,783700
2007-03-19,302.24603271484375,302.8917236328125,298.7827453613281,302.11395263671875,319042
2007-03-20,305.00494384765625,308.11602783203125,302.31939697265625,306.58984375,683251
2007-03-21,308.17474365234375,311.1097412109375,299.80999755859375,308.4388732910156,905332
2007-03-22,312.2837219238281,326.3717041015625,310.5227355957031,323.4220275878906,1661183
2007-03-23,337.52471923828125,337.52471923828125,315.5122375488281,316.95037841796875,1035230
2007-03-26,318.4472351074219,322.4681701660156,315.8204040527344,318.56463623046875,521083
2007-03-28,316.979736328125,331.3025207519531,308.17474365234375,317.9776306152344,558641
2007-03-29,322.2627258300781,330.6861572265625,312.6212463378906,315.2187194824219,1212345
2007-03-30,318.1537170410156,321.9692077636719,316.3927307128906,320.12017822265625,593397
2007-04-02,308.4682312011719,312.5772399902344,301.16009521484375,304.0510559082031,993224
2007-04-03,304.4179382324219,307.85186767578125,300.9106140136719,304.036376953125,728170
2007-04-04,307.2942199707031,313.4577331542969,306.1202392578125,308.2627868652344,861608
2007-04-05,311.1097412109375,314.04473876953125,307.000732421875,311.990234375,694610
2007-04-09,314.04473876953125,325.79937744140625,314.015380859375,323.7449035644531,1043714
2007-04-10,322.8497314453125,330.759521484375,320.8245544433594,326.84130859375,914913
2007-04-11,327.2522277832031,333.5331115722656,324.9335632324219,326.81195068359375,811823
2007-04-12,321.3822326660156,330.7742004394531,307.8812255859375,328.96917724609375,498824
2007-04-13,324.9042053222656,338.14105224609375,323.5834655761719,336.51214599609375,810535
2007-04-16,339.02154541015625,342.8077087402344,328.866455078125,330.37799072265625,2617702
2007-04-17,334.5897216796875,337.231201171875,324.3612365722656,326.60650634765625,1664440
2007-04-18,328.3381652832031,331.4786071777344,309.1432800292969,311.4325866699219,4234047
2007-04-19,312.5772399902344,312.5772399902344,303.493408203125,308.614990234375,2626894
2007-04-20,312.5772399902344,315.5122375488281,309.436767578125,313.5898132324219,1071534
2007-04-23,316.979736328125,319.3277282714844,310.2292175292969,312.5185241699219,1450556
2007-04-24,307.5290222167969,332.8287048339844,299.80999755859375,328.48492431640625,5609217
2007-04-25,328.7197265625,330.480712890625,320.79522705078125,328.1033630371094,1444069
2007-04-26,330.2018737792969,340.4010009765625,326.3863830566406,338.14105224609375,3392851
2007-04-27,336.0572204589844,350.7322082519531,333.7385559082031,343.4974365234375,2834912
2007-04-30,326.5478210449219,347.5036926269531,326.5478210449219,345.43450927734375,1322072
2007-05-03,345.15570068359375,353.3736877441406,345.15570068359375,349.7342834472656,1619521
2007-05-04,329.8937072753906,355.1200256347656,329.8937072753906,351.1430969238281,1499807
2007-05-07,330.480712890625,357.7174987792969,330.480712890625,351.1871032714844,1106341
2007-05-08,351.3191833496094,362.3841247558594,348.0906982421875,356.2353210449219,1858652
2007-05-09,356.6021728515625,367.461669921875,353.9753723144531,366.0382080078125,2008659
2007-05-10,367.1681823730469,372.7446594238281,352.19970703125,355.0613098144531,1697248
2007-05-11,350.7322082519531,361.5916748046875,346.6231994628906,359.5078430175781,1024937
2007-05-14,362.47216796875,367.1681823730469,353.960693359375,359.7866516113281,928689
2007-05-15,366.8746643066406,366.8746643066406,356.0298767089844,363.8663024902344,880423
2007-05-16,365.40716552734375,366.5811767578125,355.61895751953125,365.4218444824219,918191
2007-05-17,365.40716552734375,369.2226867675781,358.65667724609375,362.0025939941406,2395657
2007-05-18,359.5372009277344,369.8096618652344,356.89569091796875,364.2918701171875,983465
2007-05-21,366.8746643066406,368.0193176269531,362.83905029296875,365.1136779785156,788760
2007-05-22,366.2876892089844,371.27716064453125,359.904052734375,368.2101135253906,879622
2007-05-23,371.27716064453125,375.6796569824219,362.50152587890625,365.4365234375,1478481
2007-05-24,365.3631591796875,372.5685729980469,361.2981872558594,369.5455322265625,1252774
2007-05-25,365.70068359375,371.10107421875,363.36737060546875,368.43023681640625,622572
2007-05-28,368.6650390625,380.0821533203125,368.63568115234375,374.10943603515625,754007
2007-05-29,378.6146545410156,380.0821533203125,374.7991638183594,378.8788146972656,976682
2007-05-30,377.14715576171875,385.8934631347656,372.81805419921875,377.3232727050781,1293568
2007-05-31,379.7886657714844,382.7236633300781,371.8641662597656,375.12200927734375,1528815
2007-06-01,379.77398681640625,386.8326721191406,375.6796569824219,379.4511413574219,1089012
2007-06-04,381.5496520996094,398.4112243652344,380.0821533203125,383.7949523925781,1358123
2007-06-05,387.12615966796875,387.12615966796875,377.14715576171875,383.4427490234375,1133207
2007-06-06,394.9332580566406,394.9332580566406,377.440673828125,384.6607666015625,933728
2007-06-07,381.25616455078125,385.9521484375,373.6545104980469,378.0716857910156,478491
2007-06-08,375.6796569824219,379.49517822265625,370.161865234375,373.43438720703125,867673
2007-06-11,377.61676025390625,380.0234680175781,369.8243408203125,374.44696044921875,821339
2007-06-12,375.38616943359375,375.38616943359375,367.1094665527344,368.4889221191406,1150232
2007-06-13,366.9040222167969,372.1283264160156,365.2164001464844,368.8264465332031,674535
2007-06-14,374.197509765625,387.4196472167969,369.8390197753906,383.927001953125,812624
2007-06-15,384.5140075683594,385.36517333984375,379.49517822265625,382.9144287109375,749400
2007-06-18,385.6586608886719,394.4930114746094,380.11151123046875,388.40289306640625,990944
2007-06-19,388.3001708984375,395.62298583984375,377.3526306152344,393.8913269042969,552041
2007-06-20,390.398681640625,399.1596374511719,390.398681640625,392.15966796875,594419
2007-06-21,395.1974182128906,399.13031005859375,388.0800476074219,393.4364013671875,495956
2007-06-22,397.3399658203125,397.3399658203125,384.191162109375,385.0129699707031,594770
2007-06-25,385.36517333984375,402.0946350097656,385.36517333984375,398.9688720703125,959656
2007-06-26,400.62713623046875,410.3126525878906,397.72149658203125,406.99609375,851554
2007-06-27,407.0841369628906,410.60614013671875,402.0946350097656,407.3336181640625,793121
2007-06-28,409.25604248046875,416.7696228027344,403.85565185546875,408.9772033691406,1029414
2007-06-29,413.8346252441406,415.7130432128906,407.0841369628906,409.18267822265625,760910
2007-07-02,410.2979736328125,414.421630859375,405.61663818359375,407.3776550292969,793987
2007-07-03,410.8849792480469,414.0987854003906,406.5264892578125,413.2916564941406,628446
2007-07-04,414.1281433105469,422.34613037109375,413.8346252441406,414.37762451171875,751837
2007-07-05,417.9436340332031,422.34613037109375,407.1134948730469,413.614501953125,1039796
2007-07-06,414.7004699707031,415.2434387207031,410.092529296875,412.66064453125,462698
2007-07-09,415.2140808105469,419.4111328125,409.1386413574219,417.4593505859375,543274
2007-07-10,415.8891296386719,417.9436340332031,410.60614013671875,411.88287353515625,382674
2007-07-11,410.81158447265625,418.50128173828125,406.49713134765625,413.2916564941406,417812
2007-07-12,416.74029541015625,430.2706298828125,413.8346252441406,428.5830078125,781860
2007-07-13,428.5830078125,438.708740234375,428.5830078125,433.8072814941406,1162018
2007-07-16,435.23077392578125,436.9330749511719,422.7276916503906,427.13018798828125,2628308
2007-07-17,427.0421142578125,427.0421142578125,392.99615478515625,394.9039001464844,3326421
2007-07-18,399.74664306640625,403.5621337890625,386.84735107421875,388.88714599609375,1689524
2007-07-19,395.93115234375,401.09674072265625,390.941650390625,397.413330078125,723891
2007-07-20,397.692138671875,400.920654296875,383.01715087890625,394.40496826171875,544368
2007-07-23,393.2896423339844,402.681640625,382.5182189941406,389.4007873535156,1209990
2007-07-24,405.0296325683594,405.0296325683594,388.88714599609375,391.8221435546875,2933620
2007-07-25,388.88714599609375,398.8074645996094,385.36517333984375,394.68377685546875,1177960
2007-07-26,396.8116455078125,399.1596374511719,388.88714599609375,393.1869201660156,1746475
2007-07-27,387.4196472167969,388.88714599609375,371.8935241699219,378.39453125,1625558
2007-07-30,375.6796569824219,378.3211669921875,365.4365234375,369.7656555175781,524024
2007-07-31,366.8746643066406,384.1031188964844,363.0591735839844,376.4867858886719,1274723
2007-08-01,375.6796569824219,375.6796569824219,356.6021728515625,358.2164306640625,731728
2007-08-02,361.0046691894531,365.3484802246094,352.2290344238281,354.32757568359375,874055
2007-08-03,355.1346740722656,369.7509765625,355.1346740722656,368.3861999511719,741602
2007-08-06,352.19970703125,363.9396667480469,349.3527526855469,361.6650695800781,324027
2007-08-07,366.2876892089844,366.2876892089844,361.5916748046875,363.2206115722656,231318
2007-08-08,365.3778381347656,375.6796569824219,364.6734313964844,370.58746337890625,820092
2007-08-09,375.6796569824219,375.6796569824219,363.9396667480469,367.31494140625,549118
2007-08-10,359.5372009277344,361.88519287109375,344.8622131347656,357.7615051269531,778044
2007-08-13,363.3526916503906,366.2876892089844,358.3631896972656,359.4931640625,371703
2007-08-14,363.9396667480469,363.9396667480469,356.6021728515625,359.361083984375,198245
2007-08-16,352.19970703125,352.19970703125,343.1011962890625,347.7972106933594,550927
2007-08-17,352.19970703125,359.2436828613281,331.72808837890625,351.7301025390625,704061
2007-08-20,356.6021728515625,360.711181640625,348.45758056640625,352.0823059082031,326170
2007-08-21,358.0697021484375,358.0697021484375,325.78472900390625,330.8329162597656,718992
2007-08-22,334.29620361328125,363.6168212890625,330.7742004394531,360.975341796875,926726
2007-08-23,366.2876892089844,380.2289123535156,350.7322082519531,353.960693359375,2051395
2007-08-24,353.6672058105469,365.40716552734375,347.5036926269531,351.8621520996094,1983899
2007-08-27,359.5372009277344,367.7111511230469,355.1346740722656,364.62939453125,623503
2007-08-28,363.6168212890625,367.1094665527344,358.65667724609375,361.75311279296875,359686
2007-08-29,346.3297119140625,360.4176940917969,346.3297119140625,356.3820495605469,592181
2007-08-30,362.47216796875,374.7991638183594,358.0697021484375,369.2080078125,1795899
2007-08-31,369.8096618652344,377.440673828125,358.3631896972656,376.1052551269531,1159905
2007-09-03,372.7446594238281,378.9081726074219,370.2059020996094,373.96270751953125,506542
2007-09-04,374.24151611328125,378.6146545410156,369.8096618652344,372.27508544921875,325690
2007-09-05,369.8683776855469,375.6209716796875,363.9396667480469,368.22479248046875,431070
2007-09-06,376.45745849609375,380.31695556640625,366.8746643066406,378.39453125,762133
2007-09-07,380.0821533203125,381.38824462890625,373.126220703125,375.6209716796875,484177
2007-09-10,373.62518310546875,379.20166015625,368.94384765625,376.8536682128906,265972
2007-09-11,376.8536682128906,379.90606689453125,372.18701171875,374.6670837402344,216991
2007-09-12,376.8536682128906,378.526611328125,370.1031799316406,371.8494873046875,136334
2007-09-13,375.3568115234375,377.1178283691406,369.58953857421875,371.46795654296875,381550
2007-09-14,366.5811767578125,375.6796569824219,366.5811767578125,367.88726806640625,108095
2007-09-17,367.1681823730469,373.8893127441406,364.6000671386719,365.6566467285156,116092
2007-09-18,365.40716552734375,379.20166015625,363.3526916503906,376.8389892578125,737492
2007-09-19,381.5496520996094,387.4196472167969,378.1744079589844,384.1471252441406,1107868
2007-09-20,382.43017578125,402.97515869140625,381.8431701660156,400.08416748046875,1435002
2007-09-21,398.5726623535156,409.1386413574219,390.6921691894531,404.2371826171875,767639
2007-09-24,405.61663818359375,410.87030029296875,397.8388977050781,406.89337158203125,880031
2007-09-25,397.692138671875,405.5872802734375,396.2246398925781,400.2015686035156,300552
2007-09-26,403.5621337890625,403.5621337890625,392.555908203125,399.6439208984375,629046
2007-09-27,400.113525390625,403.4740905761719,388.88714599609375,396.70892333984375,1086450
2007-09-28,400.4510498046875,405.0296325683594,394.75714111328125,396.5621643066406,346235
2007-10-01,403.2686462402344,407.2749328613281,393.2896423339844,395.3441467285156,473877
2007-10-03,401.4783020019531,411.48663330078125,378.6146545410156,403.51812744140625,1032695
2007-10-04,404.4426574707031,420.2916259765625,397.692138671875,417.7821960449219,940045
2007-10-05,420.0715026855469,431.4446105957031,412.396484375,418.0169982910156,1673197
2007-10-08,417.9436340332031,425.5746154785156,391.8221435546875,399.5265197753906,945745
2007-10-09,384.7488098144531,414.4069519042969,384.7488098144531,411.3839111328125,598031
2007-10-10,413.9520263671875,422.14068603515625,406.8493347167969,416.6522216796875,735223
2007-10-11,416.7696228027344,422.47821044921875,410.8996276855469,420.3796691894531,457254
2007-10-12,417.9436340332031,419.822021484375,407.9646301269531,412.49920654296875,562538
2007-10-15,410.8996276855469,447.58709716796875,407.9646301269531,444.637451171875,1786700
2007-10-16,447.4110107421875,504.7755432128906,441.71710205078125,497.7462158203125,2342186
2007-10-17,427.0421142578125,528.299560546875,427.0421142578125,512.9935302734375,1660130
2007-10-18,522.4295654296875,558.530029296875,468.1027526855469,483.8489990234375,2527579
2007-10-19,485.1844177246094,498.362548828125,451.9895935058594,470.4947509765625,950937
2007-10-22,470.5094299316406,487.2095642089844,456.39208984375,461.27886962890625,814194
2007-10-23,475.11737060546875,495.7210693359375,471.40460205078125,487.9873352050781,1266232
2007-10-24,503.9390563964844,513.6245727539062,491.90557861328125,501.89923095703125,1490461
2007-10-25,505.9935607910156,510.6895446777344,494.840576171875,503.2933654785156,882440
2007-10-26,504.8195495605469,520.198974609375,495.1340637207031,506.9327697753906,846951
2007-10-29,526.7440185546875,575.259521484375,513.3016967773438,566.6599731445312,1428781
2007-10-30,569.3895263671875,592.5759887695312,537.764892578125,582.0833740234375,2237453
2007-10-31,578.1945190429688,592.8695068359375,560.5845336914062,577.7395629882812,1109803
2007-11-01,584.3579711914062,601.6597900390625,537.1045532226562,546.2323608398438,1053121
2007-11-02,507.7545471191406,565.8674926757812,507.7545471191406,559.5866088867188,621482
2007-11-05,559.4105224609375,559.4105224609375,537.1045532226562,547.9933471679688,285172
2007-11-06,548.8445434570312,563.51953125,519.3771362304688,522.4295654296875,437158
2007-11-07,534.1695556640625,540.8026123046875,510.762939453125,516.442138671875,391714
2007-11-08,516.2660522460938,524.7775268554688,501.8845520019531,514.2555541992188,310524
2007-11-12,508.44427490234375,530.88232421875,486.6225891113281,524.9096069335938,384991
2007-11-13,521.842529296875,538.42529296875,513.6245727539062,519.7000122070312,1316219
2007-11-14,541.5070190429688,557.32666015625,526.5385131835938,552.9682006835938,628913
2007-11-15,554.7145385742188,582.8611450195312,547.59716796875,577.2699584960938,719513
2007-11-16,572.6179809570312,586.4124755859375,560.8779907226562,578.2678833007812,817033
2007-11-19,572.3245239257812,613.4144897460938,572.3245239257812,608.9238891601562,1050416
2007-11-20,601.6744995117188,620.751953125,584.0645141601562,587.54248046875,860242
2007-11-21,589.9345092773438,597.27197265625,557.9723510742188,568.919921875,725741
2007-11-22,569.3895263671875,579.9407958984375,529.1800537109375,565.42724609375,546027
2007-11-23,631.0244750976562,659.7874145507812,572.4125366210938,580.6158447265625,3680347
2007-11-26,592.531982421875,597.27197265625,565.5740356445312,571.3119506835938,1168028
2007-11-27,573.7919921875,573.7919921875,559.7774047851562,565.6033325195312,1023684
2007-11-28,573.7919921875,573.7919921875,535.6370239257812,539.51123046875,1433244
2007-11-29,547.3770141601562,561.4650268554688,527.4483642578125,531.278564453125,1971006
2007-11-30,537.1045532226562,546.7900390625,528.593017578125,533.0101928710938,2234782
2007-12-03,539.7460327148438,553.54052734375,537.1045532226562,540.4944458007812,1746975
2007-12-04,545.9095458984375,565.7794799804688,541.8592529296875,546.657958984375,2275899
2007-12-05,546.657958984375,562.9324951171875,546.657958984375,555.9765625,1470962
2007-12-06,557.6495361328125,578.1651611328125,557.6495361328125,570.4901123046875,1892253
2007-12-07,575.259521484375,578.781494140625,563.2260131835938,567.8926391601562,1200113
2007-12-10,572.3245239257812,576.4334716796875,563.81298828125,572.4859008789062,555847
2007-12-11,569.3895263671875,580.8359985351562,569.3895263671875,575.5676879882812,583649
2007-12-12,578.1945190429688,578.1945190429688,563.81298828125,575.68505859375,627257
2007-12-13,578.1945190429688,578.1945190429688,569.3895263671875,570.5048217773438,794750
2007-12-14,570.8569946289062,572.3245239257812,561.5383911132812,564.0477905273438,733690
2007-12-17,559.3078002929688,566.102294921875,545.9095458984375,549.9304809570312,759956
2007-12-18,555.8884887695312,560.5258178710938,538.572021484375,556.1820068359375,702566
2007-12-19,564.6934814453125,567.9219970703125,547.3770141601562,549.8571166992188,580324
2007-12-20,557.34130859375,557.34130859375,545.9095458984375,548.2428588867188,637745
2007-12-24,556.1820068359375,559.7040405273438,547.6851806640625,550.3707275390625,854119
2007-12-26,557.6495361328125,560.5258178710938,551.4860229492188,556.4755249023438,867547
2007-12-27,560.291015625,560.5845336914062,554.4503784179688,555.301513671875,847053
2007-12-28,557.6495361328125,558.7648315429688,547.6705322265625,554.5677490234375,644235
2007-12-31,558.2365112304688,563.81298828125,554.1275024414062,554.8025512695312,408027
2008-01-01,559.9387817382812,569.0960083007812,553.54052734375,563.7249755859375,544777
2008-01-02,560.8779907226562,570.8423461914062,554.7145385742188,562.8884887695312,598331
2008-01-03,564.9869995117188,569.3014526367188,552.072998046875,557.6935424804688,732927
2008-01-04,560.5845336914062,579.5152587890625,560.5845336914062,574.7752075195312,1662798
2008-01-07,575.259521484375,602.5549926757812,566.4545288085938,594.3076171875,1770587
2008-01-08,601.6744995117188,609.8630981445312,584.3579711914062,588.0267333984375,1485231
2008-01-09,584.0645141601562,615.1754760742188,579.7794189453125,600.4124145507812,1305997
2008-01-10,598.739501953125,611.6534423828125,585.531982421875,588.217529296875,961128
2008-01-11,589.9345092773438,598.1524658203125,578.1945190429688,591.4313354492188,755285
2008-01-14,592.8695068359375,601.6597900390625,582.6263427734375,586.1630249023438,543911
2008-01-15,589.9345092773438,593.4564819335938,570.8717041015625,575.5970458984375,889145
2008-01-16,575.1714477539062,575.1714477539062,548.8445434570312,563.0792846679688,1170273
2008-01-17,563.81298828125,594.2782592773438,557.9429931640625,585.94287109375,927060
2008-01-18,594.04345703125,594.04345703125,566.4545288085938,570.9157104492188,1327367
2008-01-21,572.3245239257812,575.259521484375,522.7230224609375,535.7837524414062,1617221
2008-01-22,514.284912109375,534.1695556640625,484.2745666503906,521.7545166015625,1571149
2008-01-23,542.9745483398438,557.0625,498.9495544433594,523.31005859375,2477409
2008-01-24,528.299560546875,533.6412353515625,478.41925048828125,489.8657531738281,1557401
2008-01-25,505.0249938964844,528.299560546875,505.0249938964844,521.6517944335938,671874
2008-01-28,513.6245727539062,515.9431762695312,484.5680847167969,511.2178649902344,671111
2008-01-29,521.549072265625,536.414794921875,510.9830627441406,520.8005981445312,265206
2008-01-30,527.4190673828125,527.7125244140625,499.53656005859375,509.2220458984375,555557
2008-01-31,502.1780700683594,533.8760375976562,484.2598876953125,490.790283203125,2109262
2008-02-01,498.9495544433594,506.28704833984375,465.19708251953125,477.46539306640625,1593558
2008-02-04,487.2095642089844,509.2220458984375,480.16558837890625,482.67498779296875,1919071
2008-02-05,484.2745666503906,493.93072509765625,481.6770935058594,486.50518798828125,2070819
2008-02-06,469.9371032714844,481.3395690917969,469.5995788574219,474.83856201171875,1440570
2008-02-07,491.612060546875,492.78607177734375,459.6792907714844,465.0796813964844,1054062
2008-02-08,473.12158203125,475.17608642578125,454.9245910644531,458.54931640625,833227
2008-02-11,462.2620849609375,462.2620849609375,396.8850402832031,437.3733215332031,1127026
2008-02-12,443.1846008300781,446.1195983886719,432.912109375,435.15740966796875,705002
2008-02-13,440.2496032714844,446.1195983886719,427.33563232421875,431.3565673828125,637571
2008-02-14,444.652099609375,460.7945861816406,440.2496032714844,456.1866455078125,930239
2008-02-15,462.2620849609375,463.7295837402344,446.4131164550781,458.91619873046875,682440
2008-02-18,466.0776062011719,480.4590759277344,460.94134521484375,469.5995788574219,1423401
2008-02-19,479.8720703125,481.3395690917969,470.010498046875,474.70648193359375,595264
2008-02-20,472.5345764160156,475.44024658203125,460.7945861816406,463.2893371582031,814675
2008-02-21,469.5995788574219,469.5995788574219,452.2831115722656,458.4612731933594,1119983
2008-02-22,459.32708740234375,463.7295837402344,446.1195983886719,460.295654296875,1985149
2008-02-25,463.7295837402344,472.2410888671875,461.9685974121094,469.0126037597656,1769326
2008-02-26,473.9727478027344,479.8720703125,469.6729736328125,473.01885986328125,2337289
2008-02-27,478.5366516113281,500.3290100097656,478.5366516113281,490.790283203125,3620221
2008-02-28,497.30596923828125,506.3897705078125,491.612060546875,502.5302734375,5271360
2008-02-29,501.8845520019531,501.8845520019531,472.5345764160156,479.6079406738281,2779516
2008-03-03,479.6079406738281,479.6079406738281,425.5746154785156,444.2999267578125,724106
2008-03-04,459.5325622558594,459.5325622558594,428.6563720703125,438.0777282714844,902258
2008-03-05,435.84710693359375,444.94561767578125,421.84716796875,426.7192687988281,1103723
2008-03-07,420.2916259765625,421.2895202636719,388.5936584472656,402.3587951660156,1364127
2008-03-10,402.0946350097656,409.5495300292969,368.6650390625,385.8641052246094,1091501
2008-03-11,378.11572265625,413.8346252441406,378.11572265625,408.9331970214844,1412667
2008-03-12,434.6144104003906,434.6144104003906,393.2896423339844,402.50555419921875,1525704
2008-03-13,393.2896423339844,397.98565673828125,374.5643615722656,379.2897033691406,1296851
2008-03-14,382.4888610839844,396.7529602050781,368.0486755371094,391.7341003417969,926672
2008-03-17,366.8746643066406,381.5496520996094,361.9732360839844,366.6692199707031,842876
2008-03-18,372.7446594238281,390.941650390625,356.3086853027344,384.7488098144531,1315798
2008-03-19,394.991943359375,402.0946350097656,378.0276794433594,383.2226257324219,1236844
2008-03-24,385.13037109375,392.11566162109375,366.9333801269531,380.81591796875,1436457
2008-03-25,388.06536865234375,402.681640625,388.06536865234375,396.43011474609375,1085193
2008-03-26,395.6376647949219,405.0296325683594,388.1534118652344,399.3944396972656,967968
2008-03-27,390.941650390625,399.1596374511719,382.87042236328125,392.99615478515625,1741306
2008-03-28,391.5873718261719,399.1596374511719,386.24566650390625,388.3882141113281,1807596
2008-03-31,386.8326721191406,387.4196472167969,358.65667724609375,361.82647705078125,1021210
2008-04-01,375.0926818847656,379.1429748535156,352.31707763671875,358.3925476074219,919924
2008-04-02,369.6922912597656,378.6146545410156,357.98162841796875,358.421875,430797
2008-04-03,361.0046691894531,365.9941711425781,342.2793884277344,351.02569580078125,1084060
2008-04-04,352.5225524902344,362.76568603515625,345.15570068359375,350.6441345214844,992263
2008-04-07,352.19970703125,359.2436828613281,342.2793884277344,344.06976318359375,823046
2008-04-08,343.9523620605469,350.4386901855469,329.8937072753906,339.5205078125,1146587
2008-04-09,340.459716796875,349.1179504394531,335.2647705078125,347.0340881347656,562484
2008-04-10,346.3297119140625,357.7174987792969,340.459716796875,351.935546875,856821
2008-04-11,363.8809814453125,368.63568115234375,352.9040832519531,364.0277404785156,823833
2008-04-15,363.85162353515625,376.26666259765625,356.89569091796875,373.7425842285156,656225
2008-04-16,374.50567626953125,381.5496520996094,368.9291687011719,378.08636474609375,1053769
2008-04-17,383.54547119140625,384.4846496582031,372.7446594238281,378.4092102050781,785395
2008-04-21,384.4846496582031,395.0506591796875,382.13665771484375,392.6733093261719,641935
2008-04-22,392.11566162109375,399.74664306640625,387.4196472167969,389.2687072753906,377864
2008-04-23,395.93115234375,395.93115234375,378.0570068359375,381.7844543457031,680603
2008-04-24,393.2896423339844,393.2896423339844,375.6796569824219,376.11993408203125,1958001
2008-04-25,381.5496520996094,384.4846496582031,369.92706298828125,378.08636474609375,754251
2008-04-28,363.9396667480469,363.9396667480469,318.1537170410156,340.9880065917969,9981400
2008-04-29,345.9481506347656,347.7384948730469,334.5897216796875,337.73016357421875,2449753
2008-04-30,341.2228088378906,345.6546630859375,334.5897216796875,335.6756591796875,2476491
2008-05-02,337.52471923828125,345.15570068359375,337.52471923828125,339.3150634765625,751511
2008-05-05,341.04669189453125,346.3297119140625,338.7280578613281,344.510009765625,1191638
2008-05-06,345.7427062988281,346.3297119140625,341.3402099609375,342.19134521484375,866508
2008-05-07,342.2793884277344,345.7427062988281,337.5540466308594,342.66094970703125,555032
2008-05-08,342.7489929199219,345.0676574707031,337.52471923828125,343.7762451171875,738060
2008-05-09,345.15570068359375,352.1409912109375,339.3737487792969,342.19134521484375,784528
2008-05-12,344.5686950683594,344.5686950683594,326.430419921875,334.03204345703125,691225
2008-05-13,339.5791931152344,339.5791931152344,331.0677185058594,332.4471740722656,846910
2008-05-14,332.8287048339844,347.5036926269531,330.480712890625,343.9230041503906,1065919
2008-05-15,342.631591796875,349.8516845703125,334.6484069824219,347.0047607421875,918442
2008-05-16,349.26470947265625,351.6127014160156,338.9041442871094,341.8684997558594,654010
2008-05-20,343.39471435546875,343.39471435546875,337.52471923828125,341.51629638671875,473937
2008-05-21,337.3779602050781,347.44500732421875,336.4974670410156,345.0676574707031,455952
2008-05-22,342.8077087402344,348.6777038574219,338.1116943359375,342.92510986328125,486976
2008-05-23,345.15570068359375,345.83074951171875,340.459716796875,345.0676574707031,829080
2008-05-26,343.2185974121094,345.6839904785156,336.967041015625,340.4010009765625,521276
2008-05-27,342.220703125,345.15570068359375,336.52679443359375,341.3988952636719,911692
2008-05-28,338.6986999511719,343.1011962890625,336.3507080078125,337.9649658203125,1423488
2008-05-29,341.6336975097656,341.6336975097656,326.1075744628906,329.98175048828125,787370
2008-05-30,334.531005859375,336.8789978027344,323.1725769042969,328.48492431640625,1499536
2008-06-02,328.7197265625,333.41571044921875,320.501708984375,324.1998291015625,333335
2008-06-03,318.74072265625,332.24169921875,308.17474365234375,316.7742614746094,479635
2008-06-04,319.91473388671875,322.8497314453125,299.3697509765625,302.24603271484375,536850
2008-06-05,302.4221496582031,309.93572998046875,299.3990783691406,303.0384826660156,1098772
2008-06-06,308.17474365234375,309.3487243652344,301.1307373046875,305.7973937988281,388688
2008-06-09,282.34674072265625,299.95672607421875,282.34674072265625,293.26495361328125,736176
2008-06-10,296.43475341796875,296.43475341796875,284.870849609375,288.89178466796875,672763
2008-06-11,290.56475830078125,293.3823547363281,279.470458984375,281.759765625,1013552
2008-06-12,276.79962158203125,288.8037414550781,251.05967712402344,281.99456787109375,501022
2008-06-13,282.4934997558594,286.9840393066406,275.8897705078125,276.4180603027344,324376
2008-06-16,279.4117431640625,291.0930480957031,278.82476806640625,285.7513427734375,646622
2008-06-17,287.6297607421875,292.32574462890625,282.9924621582031,289.9190368652344,488525
2008-06-18,287.6590881347656,298.19573974609375,285.8687438964844,288.48089599609375,610911
2008-06-19,291.0930480957031,294.08673095703125,277.0637512207031,278.3844909667969,322754
2008-06-20,279.4117431640625,283.520751953125,260.2462158203125,264.6487121582031,578145
2008-06-23,259.4537658691406,262.7996826171875,252.40977478027344,256.9883728027344,480184
2008-06-24,257.6927795410156,263.5040588378906,238.175048828125,243.31129455566406,423371
2008-06-25,235.76834106445312,257.0470886230469,233.62579345703125,252.76197814941406,989552
2008-06-26,252.76197814941406,268.84576416015625,245.2190399169922,256.254638671875,996648
2008-06-27,248.88778686523438,252.9967803955078,237.79348754882812,241.16873168945312,1187023
2008-06-30,235.3867950439453,243.01779174804688,220.1248016357422,226.6698455810547,518770
2008-07-01,223.05979919433594,228.87109375,212.61122131347656,218.83340454101562,468976
2008-07-02,218.83340454101562,240.66978454589844,211.40786743164062,237.26519775390625,569291
2008-07-03,236.560791015625,237.14779663085938,220.71180725097656,226.20025634765625,488686
2008-07-04,227.75579833984375,268.84576416015625,224.26315307617188,251.4705810546875,1946984
2008-07-07,252.40977478027344,282.9337463378906,252.40977478027344,267.46630859375,2071645
2008-07-08,258.27978515625,278.0616455078125,251.61732482910156,269.6382141113281,1045707
2008-07-09,277.6507568359375,292.82470703125,274.8331604003906,284.606689453125,744608
2008-07-10,286.45574951171875,290.50604248046875,278.82476806640625,282.434814453125,592724
2008-07-11,281.759765625,291.7387390136719,270.1371765136719,276.8583068847656,1338328
2008-07-14,271.1937561035156,284.4012451171875,267.08477783203125,279.70526123046875,581618
2008-07-15,278.76605224609375,278.76605224609375,255.3447723388672,262.2420349121094,433310
2008-07-16,262.2420349121094,264.0323791503906,249.53347778320312,253.05548095703125,540218
2008-07-17,261.21478271484375,279.9987487792969,255.990478515625,275.3614501953125,606228
2008-07-18,278.82476806640625,282.9337463378906,267.2021789550781,276.79962158203125,886620
2008-07-21,277.0637512207031,288.68634033203125,273.30694580078125,284.3132019042969,894312
2008-07-22,285.28173828125,297.6380920410156,285.28173828125,293.3529968261719,1278851
2008-07-23,308.17474365234375,329.8937072753906,308.17474365234375,326.6358642578125,1798141
2008-07-24,325.1977233886719,332.24169921875,310.3172912597656,322.1746826171875,1181605
2008-07-25,308.17474365234375,331.3612060546875,300.5437316894531,324.11175537109375,1340568
2008-07-28,325.78472900390625,333.41571044921875,318.7994079589844,321.26483154296875,711736
2008-07-29,312.2837219238281,319.2690124511719,295.8477478027344,301.2187805175781,729792
2008-07-30,305.82672119140625,313.4577331542969,287.6590881347656,307.5583801269531,1504018
2008-07-31,308.8204345703125,322.8497314453125,308.4682312011719,321.47027587890625,1607004
2008-08-01,314.04473876953125,341.6336975097656,314.04473876953125,337.6127624511719,869794
2008-08-04,343.39471435546875,350.96697998046875,334.5897216796875,341.3402099609375,1107108
2008-08-05,334.5897216796875,345.09698486328125,330.480712890625,341.6630554199219,1189500
2008-08-06,352.19970703125,352.19970703125,324.0824279785156,329.2186584472656,1224651
2008-08-07,345.0382995605469,345.0382995605469,322.8497314453125,330.65679931640625,696297
2008-08-08,328.1327209472656,330.480712890625,317.0677795410156,319.65057373046875,1297006
2008-08-11,316.979736328125,330.480712890625,316.979736328125,329.0132141113281,547405
2008-08-12,330.480712890625,341.281494140625,327.10546875,334.50164794921875,1256914
2008-08-13,331.65472412109375,332.8287048339844,322.2627258300781,326.430419921875,600208
2008-08-14,320.501708984375,331.0090026855469,312.43048095703125,327.2228698730469,530683
2008-08-18,324.0237121582031,331.0677185058594,309.7596435546875,318.77008056640625,310993
2008-08-19,316.979736328125,326.9000244140625,315.80572509765625,323.9356689453125,376984
2008-08-20,331.65472412109375,331.65472412109375,322.9671325683594,329.36541748046875,230274
2008-08-21,331.65472412109375,331.65472412109375,319.9734191894531,324.4639587402344,325047
2008-08-22,322.8497314453125,329.30670166015625,318.56463623046875,325.31512451171875,380417
2008-08-25,328.2501220703125,341.57501220703125,314.0740661621094,326.9880676269531,214926
2008-08-26,325.78472900390625,330.1872253417969,324.0824279785156,328.2794494628906,197604
2008-08-27,331.0677185058594,331.0677185058594,325.080322265625,327.36962890625,291657
2008-08-28,340.3423156738281,340.3423156738281,311.8434753417969,315.6883239746094,672443
2008-08-29,322.8497314453125,326.9000244140625,318.8874816894531,321.705078125,735225
2008-09-01,331.59600830078125,331.59600830078125,313.0174865722656,315.365478515625,438436
2008-09-02,315.2774353027344,335.47021484375,314.04473876953125,333.35699462890625,757745
2008-09-04,333.88531494140625,333.88531494140625,323.5834655761719,325.8434143066406,335209
2008-09-05,319.91473388671875,324.0237121582031,316.979736328125,321.2941589355469,447652
2008-09-08,347.38629150390625,347.38629150390625,321.67572021484375,323.5834655761719,1474922
2008-09-09,330.8916015625,330.8916015625,320.0321350097656,321.9692077636719,582046
2008-09-10,308.17474365234375,322.7323303222656,308.17474365234375,318.30047607421875,558630
2008-09-11,327.1935119628906,327.1935119628906,311.8141174316406,314.0740661621094,635702
2008-09-12,321.67572021484375,321.67572021484375,303.12652587890625,305.2984313964844,1694098
2008-09-15,299.95672607421875,302.24603271484375,275.8897705078125,293.5877990722656,1192237
2008-09-16,287.6297607421875,290.56475830078125,273.2482604980469,280.17486572265625,669310
2008-09-17,290.2125549316406,290.2125549316406,276.09521484375,281.6130065917969,641436
2008-09-18,270.0784606933594,296.3173522949219,259.4537658691406,289.0091857910156,718693
2008-09-19,295.08465576171875,306.4137268066406,287.80584716796875,297.7554931640625,1421602
2008-09-22,301.8938293457031,305.23974609375,278.82476806640625,287.306884765625,976135
2008-09-23,282.34674072265625,292.9127502441406,278.97149658203125,283.02178955078125,1136367
2008-09-24,277.18115234375,291.0343322753906,277.18115234375,285.7513427734375,596124
2008-09-25,287.4536437988281,287.4536437988281,264.1791076660156,267.73046875,1186234
2008-09-26,259.80596923828125,270.019775390625,247.8018341064453,251.35317993164062,915048
2008-09-29,252.46847534179688,257.6927795410156,213.080810546875,243.7515411376953,2468600
2008-09-30,245.18968200683594,245.18968200683594,217.18980407714844,234.27149963378906,1622609
2008-10-01,234.27149963378906,245.36578369140625,228.34280395507812,235.24005126953125,1090767
2008-10-03,240.66978454589844,243.51673889160156,230.3972930908203,232.92140197753906,715857
2008-10-06,228.92979431152344,229.5167999267578,217.24850463867188,226.02415466308594,562669
2008-10-07,230.1038055419922,234.21279907226562,203.21922302246094,210.29257202148438,1136980
2008-10-08,206.0368194580078,206.0368194580078,187.3702392578125,192.41842651367188,1359703
2008-10-10,177.2738494873047,196.29263305664062,164.41854858398438,174.33885192871094,1781756
2008-10-13,176.099853515625,190.7748260498047,176.099853515625,185.7559814453125,1332111
2008-10-14,193.70982360839844,204.09971618652344,173.1648406982422,185.0809326171875,1175924
2008-10-15,183.26124572753906,186.54843139648438,173.75184631347656,178.91744995117188,780661
2008-10-16,170.6407470703125,178.9761505126953,152.619873046875,174.3094940185547,1265064
2008-10-17,176.099853515625,183.7308349609375,153.7938690185547,157.5506591796875,1259450
2008-10-20,164.9468536376953,170.2298583984375,153.2068634033203,166.03280639648438,650176
2008-10-21,170.02439880371094,183.1438446044922,165.59255981445312,179.91534423828125,1331335
2008-10-22,161.42486572265625,179.0348358154297,161.42486572265625,172.51914978027344,693281
2008-10-23,170.2298583984375,176.04115295410156,164.35986328125,165.85670471191406,761777
2008-10-24,161.42486572265625,164.88815307617188,145.57586669921875,155.2320098876953,968028
2008-10-27,152.619873046875,155.4961700439453,120.9805908203125,152.23831176757812,1207902
2008-10-29,170.28854370117188,175.48348999023438,146.7498779296875,150.6240692138672,1556774
2008-10-31,152.70791625976562,170.17115783691406,148.39346313476562,155.40811157226562,2612429
2008-11-03,149.8316192626953,177.86083984375,149.8316192626953,167.58834838867188,1520977
2008-11-04,159.0768585205078,190.18783569335938,159.0768585205078,187.83982849121094,1960107
2008-11-05,193.70982360839844,197.99493408203125,180.7371368408203,186.9886932373047,1413493
2008-11-06,176.099853515625,187.25283813476562,172.57785034179688,176.2172393798828,850481
2008-11-07,183.1438446044922,183.1438446044922,172.0789031982422,173.7812042236328,951079
2008-11-10,176.099853515625,191.65533447265625,174.92584228515625,189.74758911132812,2153555
2008-11-11,186.48973083496094,190.12913513183594,179.12289428710938,182.5568389892578,787450
2008-11-12,179.0348358154297,190.68678283691406,177.97824096679688,180.03274536132812,1736127
2008-11-14,190.3639373779297,190.3639373779297,171.9908447265625,173.45834350585938,824264
2008-11-17,176.6868438720703,179.62184143066406,161.24876403808594,165.56320190429688,1048786
2008-11-18,164.35986328125,165.5338592529297,155.64291381835938,159.13555908203125,909726
2008-11-19,146.83792114257812,167.00135803222656,146.83792114257812,153.76451110839844,714380
2008-11-20,149.09786987304688,161.42486572265625,143.90292358398438,158.6072540283203,767285
2008-11-21,154.61566162109375,165.2403564453125,154.61566162109375,161.80641174316406,1746652
2008-11-24,175.51284790039062,175.51284790039062,156.31796264648438,165.76866149902344,772094
2008-11-25,167.2948455810547,175.16064453125,155.26136779785156,157.43325805664062,1374735
2008-11-26,153.2068634033203,163.77285766601562,128.14198303222656,131.48788452148438,7302117
2008-11-27,131.48788452148438,131.48788452148438,131.48788452148438,131.48788452148438,0
2008-11-28,129.139892578125,135.0098876953125,124.85478973388672,131.63462829589844,3245268
2008-12-01,132.66188049316406,134.98052978515625,129.49208068847656,131.4585418701172,1667953
2008-12-02,127.02668762207031,132.8966827392578,124.91349029541016,129.28663635253906,1348084
2008-12-03,130.90087890625,133.190185546875,127.90718841552734,132.10423278808594,806373
2008-12-04,132.95538330078125,137.65138244628906,131.22373962402344,135.890380859375,1216466
2008-12-05,136.7708740234375,141.4668731689453,135.0392303466797,136.00778198242188,808917
2008-12-08,140.7918243408203,146.04547119140625,137.35787963867188,141.0853271484375,1179566
2008-12-10,143.22787475585938,146.60311889648438,138.03292846679688,145.28237915039062,1549762
2008-12-11,145.86936950683594,146.4563751220703,142.34738159179688,145.48782348632812,1348825
2008-12-12,143.81488037109375,143.81488037109375,138.0035858154297,140.96792602539062,1205196
2008-12-15,143.81488037109375,159.48776245117188,143.22787475585938,157.19845581054688,1487485
2008-12-16,155.55487060546875,166.120849609375,155.55487060546875,163.684814453125,1936655
2008-12-17,167.2948455810547,167.2948455810547,158.43116760253906,162.74560546875,1658149
2008-12-18,159.3997039794922,169.5841522216797,159.3997039794922,165.38710021972656,1243936
2008-12-19,160.45631408691406,170.17115783691406,160.45631408691406,166.7665557861328,672509
2008-12-22,164.97621154785156,172.60719299316406,159.8399658203125,166.85459899902344,1034917
2008-12-23,166.120849609375,166.53175354003906,162.89236450195312,163.94895935058594,688555
2008-12-24,162.89236450195312,163.77285766601562,156.78756713867188,160.6911163330078,1794941
2008-12-26,162.01185607910156,163.18585205078125,153.2068634033203,157.9322052001953,638414
2008-12-29,157.8441619873047,161.42486572265625,151.73936462402344,159.3997039794922,542715
2008-12-30,167.17745971679688,167.17745971679688,156.81690979003906,163.8022003173828,670157
2008-12-31,165.5338592529297,170.69944763183594,162.62820434570312,168.4394989013672,889479
2009-01-02,173.1061553955078,180.67843627929688,168.49819946289062,176.5107421875,1109529
2009-01-05,179.0348358154297,180.7371368408203,173.1648406982422,178.27174377441406,552317
2009-01-06,177.2738494873047,186.34298706054688,174.72039794921875,183.3492889404297,1281283
2009-01-07,181.500244140625,188.7203369140625,167.35354614257812,174.9845428466797,1345938
2009-01-09,172.57785034179688,172.57785034179688,144.40187072753906,153.3242645263672,1517474
2009-01-12,153.7938690185547,178.21304321289062,138.53187561035156,139.0601806640625,1721185
2009-01-13,138.53187561035156,139.6471710205078,121.1273422241211,123.09379577636719,3532796
2009-01-14,125.85269165039062,134.68702697753906,124.44389343261719,132.98472595214844,3047074
2009-01-15,127.37889099121094,128.40614318847656,119.30764770507812,123.3285903930664,2461334
2009-01-16,125.03089141845703,127.90718841552734,124.44389343261719,126.175537109375,799239
2009-01-19,127.37889099121094,130.90087890625,123.26988983154297,128.40614318847656,1402672
2009-01-20,123.88623809814453,128.55288696289062,120.71644592285156,121.86109161376953,1616003
2009-01-21,117.39989471435547,124.73738861083984,115.110595703125,117.31184387207031,1921531
2009-01-22,119.74789428710938,120.33489227294922,113.93659973144531,115.4334487915039,1223500
2009-01-23,115.66825103759766,116.51940155029297,109.3873519897461,110.26785278320312,822148
2009-01-27,113.78984832763672,117.34119415283203,110.94290161132812,115.81499481201172,854516
2009-01-28,117.39989471435547,120.92189025878906,116.43135070800781,119.98269653320312,977948
2009-01-29,121.50889587402344,122.97639465332031,113.29090118408203,115.60955047607422,1408037
2009-01-30,114.17140197753906,126.20488739013672,111.82340240478516,121.1273422241211,2563532
2009-02-02,116.69549560546875,120.92189025878906,115.22799682617188,118.22169494628906,1531756
2009-02-03,120.27619171142578,120.33489227294922,113.58439636230469,116.19654846191406,1471205
2009-02-04,119.16089630126953,119.6304931640625,115.2573471069336,116.63679504394531,704271
2009-02-05,116.69549560546875,120.80449676513672,114.69969940185547,119.83594512939453,886418
2009-02-06,119.68919372558594,122.21329498291016,116.2552490234375,117.6053466796875,1771498
2009-02-09,118.86739349365234,121.91979217529297,116.28459930419922,119.2782974243164,1114026
2009-02-10,120.33489227294922,124.91349029541016,118.4271469116211,121.24474334716797,2511177
2009-02-11,118.04559326171875,132.07489013671875,117.63469696044922,129.93234252929688,2495697
2009-02-12,131.48788452148438,134.95118713378906,130.34323120117188,132.83798217773438,2122707
2009-02-13,135.0098876953125,138.7666778564453,131.78138732910156,137.18177795410156,2094216
2009-02-16,137.35787963867188,137.35787963867188,127.46693420410156,129.96168518066406,1357004
2009-02-17,127.37889099121094,131.4585418701172,123.85688781738281,129.1692352294922,1557238
2009-02-18,127.37889099121094,132.0161895751953,126.20488739013672,127.9952392578125,1112983
2009-02-19,129.139892578125,134.89248657226562,126.93863677978516,132.28033447265625,1040304
2009-02-20,131.42918395996094,133.07278442382812,124.76673889160156,130.78347778320312,1458589
2009-02-24,127.26148986816406,132.0161895751953,125.73529052734375,129.75624084472656,821636
2009-02-25,131.7520294189453,135.53817749023438,129.75624084472656,135.0098876953125,1246181
2009-02-26,135.0098876953125,137.7100830078125,129.81494140625,130.75413513183594,1964698
2009-02-27,128.55288696289062,130.3138885498047,124.64933776855469,127.87783813476562,1164104
2009-03-02,125.61788940429688,129.66818237304688,122.18394470214844,123.97428894042969,958861
2009-03-03,124.44389343261719,126.175537109375,119.16089630126953,120.51099395751953,1076128
2009-03-04,121.39149475097656,123.24053955078125,119.36634826660156,120.27619171142578,1060733
2009-03-05,122.44808959960938,122.74159240722656,114.87580108642578,115.78564453125,1414008
2009-03-06,114.46489715576172,118.25104522705078,112.82130432128906,117.34119415283203,720561
2009-03-09,115.63890075683594,116.75419616699219,112.23429870605469,113.34960174560547,661387
2009-03-12,113.6137466430664,117.37054443359375,113.6137466430664,116.2552490234375,706346
2009-03-13,117.39989471435547,124.56129455566406,117.39989471435547,123.8275375366211,818912
2009-03-16,126.61579132080078,128.72898864746094,123.26988983154297,127.6723861694336,852169
2009-03-17,129.02249145507812,130.28453063964844,125.08959197998047,127.58433532714844,923845
2009-03-18,128.43548583984375,134.95118713378906,128.43548583984375,130.90087890625,1306108
2009-03-19,132.66188049316406,135.56753540039062,128.55288696289062,131.95748901367188,941614
2009-03-20,132.07489013671875,132.07489013671875,127.43759155273438,128.875732421875,740767
2009-03-23,131.42918395996094,132.66188049316406,129.139892578125,131.48788452148438,834775
2009-03-24,133.7771759033203,142.31802368164062,132.66188049316406,139.61782836914062,2352889
2009-03-25,140.52767944335938,146.04547119140625,138.64927673339844,140.61572265625,2690980
2009-03-26,142.34738159179688,156.14186096191406,136.82957458496094,147.8064727783203,2644770
2009-03-27,147.9238739013672,152.619873046875,144.7540740966797,147.3368682861328,1536626
2009-03-30,145.72262573242188,146.7498779296875,140.4102783203125,144.10836791992188,1031258
2009-03-31,144.98887634277344,161.30746459960938,144.02032470703125,157.3745574951172,2760857
2009-04-01,159.6638641357422,159.92800903320312,149.68487548828125,151.2991180419922,1639040
2009-04-02,154.96786499023438,163.00975036621094,152.79595947265625,159.6638641357422,1702062
2009-04-06,163.1271514892578,163.74349975585938,155.08526611328125,158.3137664794922,966697
2009-04-08,154.02867126464844,167.2361602783203,151.44586181640625,165.65126037597656,1535500
2009-04-09,167.2948455810547,174.2801513671875,165.82736206054688,168.26339721679688,1202118
2009-04-13,167.88185119628906,172.46044921875,163.83155822753906,166.00344848632812,1164622
2009-04-15,164.35986328125,181.0012969970703,158.5192108154297,178.38914489746094,3108622
2009-04-16,182.850341796875,189.4247283935547,170.2592010498047,176.92164611816406,4035637
2009-04-17,176.6868438720703,184.61134338378906,173.25289916992188,175.86505126953125,1183345
2009-04-20,174.92584228515625,194.00332641601562,173.22354125976562,188.3387908935547,3707297
2009-04-21,184.9048309326172,187.5463409423828,176.77490234375,178.91744995117188,2087415
2009-04-22,182.5568389892578,184.17108154296875,170.2298583984375,173.66380310058594,1348437
2009-04-23,174.92584228515625,181.55894470214844,170.31790161132812,179.5044403076172,1251837
2009-04-24,180.8545379638672,184.25914001464844,174.92584228515625,180.88389587402344,916251
2009-04-27,180.79583740234375,183.0264434814453,173.86924743652344,179.53379821777344,1326461
2009-04-28,184.78744506835938,184.78744506835938,170.28854370117188,172.6365509033203,899670
2009-04-29,170.4646453857422,183.61343383789062,170.435302734375,180.8545379638672,1165299
2009-04-30,182.61553955078125,182.61553955078125,182.61553955078125,182.61553955078125,0
2009-05-04,184.9048309326172,200.1668243408203,184.9048309326172,197.61337280273438,2021167
2009-05-05,204.27581787109375,204.27581787109375,190.3639373779297,191.47923278808594,1425006
2009-05-06,193.70982360839844,205.91941833496094,191.4205322265625,195.265380859375,2357593
2009-05-07,197.3198699951172,201.57562255859375,196.70352172851562,198.8167266845703,1093610
2009-05-08,199.84397888183594,202.16262817382812,192.24232482910156,196.85028076171875,1043672
2009-05-11,199.57981872558594,200.6364288330078,187.01803588867188,190.62808227539062,894118
2009-05-12,190.18783569335938,193.38697814941406,184.3765411376953,190.48133850097656,1792863
2009-05-13,188.4268341064453,199.55047607421875,185.66793823242188,193.38697814941406,1198777
2009-05-14,186.13754272460938,204.5106201171875,184.96353149414062,201.75172424316406,2022350
2009-05-15,210.14581298828125,219.21495056152344,203.10182189941406,215.66360473632812,2391618
2009-05-18,258.27978515625,258.27978515625,237.23583984375,250.17918395996094,9252
2009-05-19,272.95477294921875,285.1936950683594,234.79978942871094,268.9925231933594,2891038
2009-05-20,264.1497802734375,292.32574462890625,256.8122863769531,283.4033508300781,1731936
2009-05-21,283.931640625,289.3907470703125,268.5522766113281,271.07635498046875,1229033
2009-05-22,267.08477783203125,271.7220764160156,258.86676025390625,267.4076232910156,1121670
2009-05-25,270.019775390625,272.3090515136719,254.99258422851562,262.0072326660156,1344479
2009-05-26,264.1791076660156,268.84576416015625,251.23577880859375,253.6718292236328,1032465
2009-05-27,260.8625793457031,280.99664306640625,255.990478515625,272.1623229980469,901675
2009-05-28,267.6717529296875,288.1286926269531,267.6717529296875,281.2314453125,2322238
2009-05-29,280.6444396972656,295.1433410644531,271.54595947265625,287.5123596191406,1227726
2009-06-01,293.499755859375,299.3697509765625,283.5794372558594,289.2733459472656,1027014
2009-06-02,290.56475830078125,296.43475341796875,277.0637512207031,280.2629089355469,1015726
2009-06-03,281.1727600097656,287.0427551269531,277.0637512207031,283.4033508300781,855557
2009-06-04,278.82476806640625,294.9672546386719,278.35516357421875,291.4158935546875,1043121
2009-06-05,304.7701416015625,304.7701416015625,280.1455078125,293.3529968261719,1249232
2009-06-08,273.0428161621094,294.6737365722656,273.0428161621094,279.7639465332031,472358
2009-06-09,268.0239562988281,288.5982971191406,268.0239562988281,285.28173828125,702051
2009-06-10,276.5648193359375,304.06573486328125,276.5648193359375,300.48504638671875,1771386
2009-06-11,315.9231262207031,315.9231262207031,293.5877990722656,298.5479431152344,1510817
2009-06-12,305.1810302734375,305.1810302734375,280.8792419433594,294.5269775390625,1285803
2009-06-15,298.0783386230469,298.66534423828125,281.759765625,283.8435974121094,1088239
2009-06-16,267.75982666015625,290.56475830078125,267.75982666015625,289.7429504394531,796288
2009-06-17,281.8478088378906,289.9777526855469,271.1937561035156,273.2482604980469,702302
2009-06-18,264.2084655761719,278.2084045410156,262.6822814941406,266.38037109375,901924
2009-06-19,267.08477783203125,278.82476806640625,264.2084655761719,275.5082092285156,461824
2009-06-22,274.891845703125,280.58575439453125,267.08477783203125,270.7535095214844,565175
2009-06-23,264.2084655761719,280.11614990234375,262.6822814941406,274.0113525390625,763457
2009-06-24,276.09521484375,287.18951416015625,269.4327697753906,284.37188720703125,1072925
2009-06-25,284.69476318359375,287.571044921875,278.82476806640625,280.58575439453125,1689398
2009-06-26,281.759765625,294.61505126953125,277.6507568359375,292.53118896484375,944407
2009-06-29,293.4410400390625,299.07623291015625,287.9232482910156,292.0909423828125,1134018
2009-06-30,294.08673095703125,296.6695556640625,274.71575927734375,276.94635009765625,901292
2009-07-01,277.0637512207031,289.9190368652344,277.0637512207031,286.1329040527344,897179
2009-07-02,286.45574951171875,288.8037414550781,277.7681579589844,284.870849609375,547409
2009-07-03,327.1935119628906,327.1935119628906,282.0532531738281,287.5123596191406,770235
2009-07-06,288.8037414550781,294.4976501464844,263.1225280761719,269.0218505859375,1101854
2009-07-07,271.1937561035156,275.18536376953125,260.21685791015625,269.4327697753906,810373
2009-07-08,261.2441101074219,266.4977722167969,250.17918395996094,253.26092529296875,680186
2009-07-09,253.58377075195312,255.3447723388672,247.77247619628906,250.4139862060547,721407
2009-07-10,251.23577880859375,258.72003173828125,235.44549560546875,241.0806884765625,1135726
2009-07-13,235.97378540039062,237.7347869873047,220.71180725097656,226.1415557861328,1607406
2009-07-14,233.860595703125,240.66978454589844,229.1645965576172,234.3595428466797,1119876
2009-07-15,240.66978454589844,253.37832641601562,236.0618438720703,250.26722717285156,1531088
2009-07-16,255.3447723388672,262.3887634277344,246.5691375732422,248.62362670898438,733850
2009-07-17,252.40977478027344,267.6717529296875,249.6215362548828,265.8520812988281,1749570
2009-07-20,268.84576416015625,276.8876647949219,265.1770324707031,274.1581115722656,864542
2009-07-21,274.71575927734375,277.5039978027344,268.8751220703125,272.69061279296875,521833
2009-07-22,273.36566162109375,278.82476806640625,261.3028259277344,271.5166015625,940837
2009-07-23,274.070068359375,281.759765625,262.97576904296875,276.94635009765625,2653828
2009-07-24,278.82476806640625,281.759765625,270.841552734375,275.156005859375,980166
2009-07-27,275.8897705078125,280.58575439453125,271.5753173828125,275.7723693847656,433002
2009-07-28,276.1539001464844,285.5458984375,274.71575927734375,280.3509521484375,1051460
2009-07-29,281.5836486816406,286.1622619628906,268.84576416015625,280.4389953613281,1003873
2009-07-30,280.58575439453125,284.1077575683594,275.3027648925781,279.70526123046875,868900
2009-07-31,284.69476318359375,289.62554931640625,280.7031555175781,282.7576599121094,934919
2009-08-03,284.69476318359375,288.1286926269531,278.97149658203125,286.5437927246094,662027
2009-08-04,287.6884460449219,289.6842346191406,281.759765625,285.0762939453125,972992
2009-08-05,284.69476318359375,286.9840393066406,276.9170227050781,285.04693603515625,1698764
2009-08-06,287.6297607421875,294.6737365722656,272.95477294921875,275.59625244140625,2041865
2009-08-07,275.3027648925781,277.6507568359375,264.1497802734375,266.14556884765625,1189464
2009-08-10,267.319580078125,270.60675048828125,258.426513671875,261.0093078613281,871501
2009-08-11,261.21478271484375,269.6088562011719,257.78082275390625,264.12042236328125,594789
2009-08-12,261.62567138671875,264.1497802734375,253.73052978515625,259.9233703613281,940988
2009-08-13,264.1497802734375,268.5522766113281,261.8017578125,264.4726257324219,858080
2009-08-14,267.02606201171875,272.5438537597656,265.0302734375,266.9086608886719,1153474
2009-08-17,258.27978515625,263.5627746582031,249.4747772216797,253.3196258544922,771222
2009-08-18,252.40977478027344,268.84576416015625,246.5691375732422,266.2042541503906,975505
2009-08-19,269.6088562011719,272.3090515136719,257.5460205078125,258.72003173828125,784607
2009-08-20,262.3887634277344,268.84576416015625,260.7158203125,265.2357177734375,372792
2009-08-21,264.1497802734375,274.0993957519531,260.6277770996094,272.86669921875,770380
2009-08-24,270.019775390625,287.33624267578125,270.019775390625,286.25030517578125,1150162
2009-08-25,274.30487060546875,289.3907470703125,274.30487060546875,283.6087951660156,722506
2009-08-26,284.1077575683594,288.8037414550781,283.55010986328125,285.51654052734375,535658
2009-08-27,286.0155029296875,293.3236389160156,280.2922668457031,290.03643798828125,1101854
2009-08-28,291.1517333984375,300.8372497558594,290.8582458496094,298.635986328125,1272227
2009-08-31,294.2041320800781,306.4137268066406,293.5877990722656,303.59613037109375,1152322
2009-09-01,302.30474853515625,309.93572998046875,294.08673095703125,295.96514892578125,793723
2009-09-02,295.96514892578125,300.8078918457031,289.9777526855469,291.65069580078125,662380
2009-09-03,293.6171569824219,297.285888671875,284.69476318359375,286.89599609375,407022
2009-09-04,291.38653564453125,297.9022521972656,285.72198486328125,296.11187744140625,462782
2009-09-07,296.43475341796875,311.1097412109375,296.0238342285156,308.4975891113281,795341
2009-09-08,314.04473876953125,314.04473876953125,301.1307373046875,302.1873474121094,590152
2009-09-09,306.2082824707031,306.2082824707031,295.8477478027344,297.78485107421875,554290
2009-09-10,300.6024475097656,313.34033203125,299.4871520996094,308.9671936035156,1631066
2009-09-11,312.8707275390625,316.979736328125,304.1244201660156,307.5290222167969,704048
2009-09-14,304.06573486328125,306.4137268066406,301.16009521484375,303.0971984863281,355814
2009-09-15,305.23974609375,314.04473876953125,304.3592224121094,313.076171875,666704
2009-09-16,339.8727111816406,339.8727111816406,314.6317138671875,328.19140625,1333377
2009-09-17,325.78472900390625,336.9377136230469,314.6317138671875,329.57086181640625,1089227
2009-09-18,322.8497314453125,331.4786071777344,322.8497314453125,329.30670166015625,677958
2009-09-22,330.71551513671875,333.9440002441406,326.40106201171875,328.48492431640625,548141
2009-09-23,322.0279235839844,331.65472412109375,322.0279235839844,326.13690185546875,382523
2009-09-24,322.8497314453125,335.616943359375,321.0887145996094,329.6882629394531,1446786
2009-09-25,328.7197265625,334.35491943359375,324.11175537109375,328.45556640625,464581
2009-09-29,328.7197265625,331.59600830078125,323.1432189941406,325.1390075683594,369928
2009-09-30,325.78472900390625,329.6002197265625,323.43670654296875,327.0467529296875,711329
2009-10-01,328.6023254394531,334.5897216796875,325.72601318359375,328.19140625,890653
2009-10-05,325.78472900390625,331.0090026855469,322.0279235839844,327.2228698730469,614699
2009-10-06,327.8392028808594,332.1830139160156,320.501708984375,326.13690185546875,692712
2009-10-07,326.13690185546875,334.5897216796875,324.14111328125,326.2836608886719,729796
2009-10-08,328.1327209472656,347.7384948730469,327.5750732421875,344.1578063964844,2011068
2009-10-09,346.3297119140625,355.1346740722656,332.5645446777344,336.1745910644531,1897354
2009-10-12,335.7637023925781,343.80560302734375,332.505859375,340.57708740234375,1324549
2009-10-13,340.459716796875,340.459716796875,340.459716796875,340.459716796875,0
2009-10-14,341.04669189453125,347.44500732421875,341.04669189453125,344.4512939453125,522029
2009-10-15,347.5036926269531,353.6672058105469,343.39471435546875,348.1787414550781,950038
2009-10-16,348.1787414550781,350.3800048828125,342.9544372558594,347.2982482910156,554865
2009-10-20,349.0299072265625,350.3212890625,337.8182067871094,340.7532043457031,539538
2009-10-21,340.7532043457031,346.03619384765625,337.5834045410156,339.4324645996094,408053
2009-10-22,339.4324645996094,344.510009765625,329.30670166015625,332.68194580078125,439652
2009-10-23,335.17669677734375,342.3087463378906,334.76580810546875,340.4890441894531,656172
2009-10-26,340.459716796875,346.8580017089844,336.99639892578125,344.3926086425781,848624
2009-10-27,338.6986999511719,342.8077087402344,322.8790588378906,327.36962890625,735092
2009-10-28,327.6631164550781,327.6631164550781,316.3927307128906,320.0321350097656,503397
2009-10-29,316.3927307128906,322.2627258300781,309.46612548828125,312.4891662597656,1026327
2009-10-30,321.67572021484375,324.4933166503906,297.0804443359375,302.4221496582031,635012
2009-11-03,300.5437316894531,311.051025390625,284.870849609375,292.560546875,682288
2009-11-04,294.6737365722656,303.4200439453125,289.3907470703125,299.4577941894531,568511
2009-11-05,301.7177429199219,307.5877380371094,289.15594482421875,303.6841735839844,654819
2009-11-06,308.17474365234375,313.751220703125,306.14959716796875,307.4703369140625,544066
2009-11-09,305.0636291503906,313.8392639160156,305.0636291503906,311.6380310058594,502019
2009-11-10,316.0992126464844,320.3843078613281,308.2334289550781,310.0237731933594,1060273
2009-11-11,312.3424377441406,325.1390075683594,309.67156982421875,322.35076904296875,740964
2009-11-12,318.74072265625,328.48492431640625,318.4472351074219,322.76165771484375,654940
2009-11-13,323.23126220703125,329.8937072753906,323.23126220703125,327.9859619140625,436802
2009-11-16,334.0027160644531,339.28570556640625,328.1327209472656,334.94189453125,448259
2009-11-17,340.3423156738281,340.459716796875,329.9524230957031,334.266845703125,454480
2009-11-18,334.266845703125,340.1075134277344,330.480712890625,338.0823669433594,399807
2009-11-19,338.0823669433594,339.5205078125,323.6421813964844,326.2543029785156,537271
2009-11-20,325.78472900390625,332.24169921875,318.8581237792969,329.9230651855469,613756
2009-11-23,330.5981140136719,338.0823669433594,330.5981140136719,334.266845703125,338068
2009-11-24,334.6484069824219,336.9377136230469,326.2249755859375,330.5687561035156,407388
2009-11-25,326.4891052246094,336.8203125,326.4891052246094,330.5981140136719,431015
2009-11-26,331.9775695800781,336.2919921875,317.8602294921875,321.030029296875,852418
2009-11-27,308.17474365234375,318.09503173828125,288.8624572753906,305.4745178222656,2640027
2009-11-30,305.82672119140625,319.3277282714844,305.82672119140625,309.3487243652344,819106
2009-12-01,311.1097412109375,316.68621826171875,310.0531311035156,315.0426330566406,494801
2009-12-02,315.2480773925781,319.3277282714844,301.2774963378906,309.9063720703125,1854659
2009-12-03,309.9063720703125,325.6086120605469,308.76171875,321.7637634277344,1763640
2009-12-04,318.2711181640625,325.78472900390625,315.5122375488281,316.715576171875,810947
2009-12-07,317.5960693359375,319.8853759765625,313.751220703125,315.9818115234375,914733
2009-12-08,318.1537170410156,326.3717041015625,313.04681396484375,324.78680419921875,1020827
2009-12-09,320.32562255859375,325.75537109375,319.38641357421875,322.52685546875,379993
2009-12-10,321.67572021484375,324.0237121582031,319.38641357421875,320.12017822265625,346092
2009-12-11,321.47027587890625,325.6086120605469,317.0384216308594,320.53106689453125,602649
2009-12-14,319.91473388671875,331.65472412109375,316.74493408203125,328.7197265625,1552773
2009-12-15,328.7784118652344,336.145263671875,323.7889099121094,326.2543029785156,1455650
2009-12-16,322.8497314453125,335.4114990234375,322.8497314453125,332.5939025878906,1130237
2009-12-17,333.0635070800781,334.0027160644531,327.07611083984375,328.63165283203125,419758
2009-12-18,328.01531982421875,330.45135498046875,322.8497314453125,324.9335632324219,348177
2009-12-21,323.43670654296875,325.6966552734375,320.5604248046875,323.6128234863281,319354
2009-12-22,328.22076416015625,328.22076416015625,320.1788635253906,322.9964599609375,365252
2009-12-23,322.9964599609375,337.4366455078125,322.0279235839844,335.2940979003906,897752
2009-12-24,336.3507080078125,342.1033020019531,332.916748046875,340.1368408203125,873704
2009-12-29,343.33599853515625,345.3905029296875,336.99639892578125,339.7259521484375,553934
2009-12-30,340.459716796875,343.2479553222656,335.881103515625,340.1368408203125,356167
2009-12-31,346.53515625,351.02569580078125,336.6441955566406,341.8391418457031,794317
2010-01-04,342.8077087402344,347.4743347167969,338.9922180175781,343.33599853515625,576077
2010-01-05,344.8622131347656,347.44500732421875,342.2793884277344,344.9795837402344,367720
2010-01-06,346.3297119140625,354.4889831542969,344.8622131347656,348.53094482421875,1054668
2010-01-07,341.04669189453125,370.39666748046875,341.04669189453125,361.38623046875,1756389
2010-01-08,365.1136779785156,378.5853271484375,365.1136779785156,370.39666748046875,2120361
2010-01-11,370.39666748046875,380.9333190917969,370.39666748046875,377.9689636230469,1092150
2010-01-12,377.9689636230469,378.3798828125,364.52667236328125,367.8432312011719,864811
2010-01-13,366.8746643066406,375.5622863769531,365.87677001953125,374.6524353027344,698661
2010-01-14,375.6796569824219,389.7383117675781,375.0926818847656,386.627197265625,1285486
2010-01-15,388.5936584472656,392.8787536621094,382.166015625,384.63140869140625,649687
2010-01-18,384.4846496582031,389.4741516113281,377.5580749511719,382.6943054199219,365957
2010-01-19,382.7236633300781,384.3379211425781,375.8851318359375,378.6440124511719,734888
2010-01-20,383.3106689453125,397.7508544921875,380.37567138671875,392.05694580078125,1727669
2010-01-21,392.99615478515625,393.2896423339844,365.1136779785156,370.39666748046875,1060985
2010-01-22,361.3275451660156,380.9626770019531,349.26470947265625,369.31072998046875,1631015
2010-01-25,368.8704833984375,378.9081726074219,363.9396667480469,372.1576843261719,806970
2010-01-27,369.8096618652344,371.5706787109375,345.15570068359375,348.7657470703125,1031397
2010-01-28,360.4176940917969,365.6419677734375,352.19970703125,362.03192138671875,1430111
2010-01-29,358.0697021484375,385.5999755859375,349.7929992675781,377.41131591796875,2483077
2010-02-01,375.6796569824219,391.5286560058594,375.6796569824219,386.1282653808594,1303958
2010-02-02,388.00665283203125,390.3546447753906,378.6146545410156,380.99200439453125,1417369
2010-02-03,383.8976745605469,393.1135559082031,383.8976745605469,391.0296936035156,874074
2010-02-04,391.5286560058594,392.11566162109375,375.6796569824219,377.5287170410156,537336
2010-02-05,374.50567626953125,374.50567626953125,358.8034362792969,364.8788757324219,630618
2010-02-08,372.5685729980469,375.6209716796875,365.4365234375,369.1639709472656,840963
2010-02-09,369.8096618652344,376.8536682128906,368.57696533203125,374.0654296875,600688
2010-02-10,375.79705810546875,385.0716552734375,369.9564208984375,375.2100830078125,781733
2010-02-11,377.20587158203125,382.0779724121094,374.5937194824219,375.9144592285156,416170
2010-02-15,377.14715576171875,379.7886657714844,373.390380859375,377.9983215332031,396291
2010-02-16,378.6146545410156,389.1219482421875,375.0926818847656,387.5077209472656,781169
2010-02-17,389.1806640625,401.9185485839844,389.1806640625,396.7236022949219,1532355
2010-02-18,400.3336486816406,405.2937927246094,394.81585693359375,397.6040954589844,1208237
2010-02-19,395.0506591796875,395.6376647949219,386.3043518066406,393.05487060546875,561332
2010-02-22,396.8116455078125,399.1596374511719,388.0360107421875,390.5894470214844,352892
2010-02-23,386.24566650390625,397.3399658203125,386.24566650390625,396.0485534667969,626796
2010-02-24,396.2246398925781,399.042236328125,388.6523742675781,397.92694091796875,554121
2010-02-25,400.3336486816406,400.920654296875,388.6523742675781,390.3546447753906,508859
2010-02-26,390.3546447753906,405.0296325683594,390.3546447753906,401.6543884277344,922668
2010-03-02,403.85565185546875,410.3126525878906,395.3735046386719,398.19110107421875,947622
2010-03-03,400.3923645019531,413.8346252441406,397.3692932128906,409.3734436035156,849617
2010-03-04,412.66064453125,418.8241271972656,410.87030029296875,412.2497253417969,837458
2010-03-05,416.4174499511719,421.3482360839844,413.8933410644531,416.68157958984375,729274
2010-03-08,419.7633361816406,434.3209228515625,417.35662841796875,432.1783752441406,1252568
2010-03-09,436.37542724609375,436.37542724609375,425.5746154785156,431.3565673828125,882767
2010-03-10,432.0316162109375,437.25592041015625,427.51171875,431.3565673828125,428250
2010-03-11,425.72137451171875,434.26220703125,425.72137451171875,431.0924377441406,362347
2010-03-12,436.37542724609375,438.3712158203125,430.3293151855469,431.826171875,534835
2010-03-15,429.2433776855469,432.26641845703125,423.3146667480469,424.6647644042969,292039
2010-03-16,424.9876403808594,430.7989196777344,423.5201416015625,428.3041687011719,600416
2010-03-17,429.09661865234375,436.0525817871094,426.9834289550781,431.4739685058594,392894
2010-03-18,434.3796081542969,435.49493408203125,425.750732421875,427.8932800292969,321715
2010-03-19,426.3377380371094,433.2643127441406,426.3377380371094,430.1238708496094,330475
2010-03-22,425.5746154785156,431.32720947265625,425.5746154785156,429.2727355957031,302591
2010-03-23,429.97711181640625,436.6102294921875,428.5683288574219,432.9708251953125,767247
2010-03-25,429.6836242675781,447.880615234375,429.6836242675781,446.03155517578125,1273191
2010-03-26,446.70660400390625,449.5829162597656,434.4383239746094,436.3460693359375,776750
2010-03-29,427.6291198730469,441.951904296875,427.5704345703125,439.75067138671875,417005
2010-03-30,442.0106201171875,442.0693054199219,433.35235595703125,434.6437683105469,321879
2010-03-31,435.0840148925781,437.25592041015625,432.1783752441406,434.4676818847656,449409
2010-04-01,435.5536193847656,441.36492919921875,430.9456787109375,432.47186279296875,732811
2010-04-05,435.3188171386719,438.7234191894531,433.35235595703125,437.6374816894531,268277
2010-04-06,437.6081237792969,438.4886169433594,428.5976867675781,429.801025390625,433574
2010-04-07,432.0316162109375,436.78631591796875,431.151123046875,435.2601318359375,368584
2010-04-08,435.7297058105469,439.6626281738281,432.1783752441406,434.3796081542969,317976
2010-04-09,436.7276306152344,443.7716064453125,433.20562744140625,439.780029296875,1081096
2010-04-12,438.4886169433594,447.352294921875,438.4886169433594,440.6605224609375,786719
2010-04-13,444.88690185546875,444.88690185546875,433.20562744140625,434.0567626953125,267518
2010-04-15,437.0211181640625,439.7213134765625,430.91632080078125,432.73602294921875,320552
2010-04-16,430.740234375,436.99176025390625,429.62493896484375,432.9708251953125,478690
2010-04-19,428.68572998046875,430.6815185546875,413.2476501464844,416.9163818359375,718148
2010-04-20,415.59564208984375,421.7297668457031,409.96044921875,411.5159912109375,1177333
2010-04-21,411.5159912109375,423.8136291503906,411.5159912109375,421.84716796875,541715
2010-04-22,420.2916259765625,431.9729309082031,416.7696228027344,425.8974914550781,734610
2010-04-23,425.5746154785156,426.86602783203125,419.7046203613281,420.6731872558594,296511
2010-04-26,423.8136291503906,425.45721435546875,418.23712158203125,419.17633056640625,211134
2010-04-27,419.7046203613281,424.8702392578125,414.2161865234375,421.3482360839844,401606
2010-04-28,416.2413330078125,423.43206787109375,413.9226989746094,418.70672607421875,500985
2010-04-29,423.22662353515625,423.22662353515625,408.0233459472656,415.53692626953125,1569447
2010-04-30,416.7696228027344,420.8199462890625,411.48663330078125,417.88494873046875,1096873
2010-05-03,414.3042297363281,416.8283386230469,405.67535400390625,410.2832946777344,1149992
2010-05-04,410.3126525878906,412.6019287109375,399.1596374511719,402.03594970703125,1125915
2010-05-05,391.17645263671875,398.45526123046875,385.57061767578125,395.9898681640625,1190842
2010-05-06,395.6376647949219,397.04644775390625,387.4196472167969,389.0926208496094,819077
2010-05-07,385.0716552734375,392.7026672363281,364.2918701171875,389.35675048828125,582014
2010-05-10,389.1806640625,413.1302490234375,389.1806640625,410.9289855957031,540695
2010-05-11,414.3042297363281,414.3042297363281,396.2246398925781,398.5139465332031,341145
2010-05-12,397.3986511230469,405.0296325683594,391.0296936035156,393.906005859375,477935
2010-05-13,396.2539978027344,399.07159423828125,390.4133605957031,391.64605712890625,605670
2010-05-14,390.3546447753906,397.692138671875,385.277099609375,388.5643005371094,524620
2010-05-17,390.3546447753906,418.50128173828125,384.5433654785156,408.5516357421875,3087488
2010-05-18,405.0296325683594,409.66693115234375,396.2246398925781,400.920654296875,783435
2010-05-19,396.2246398925781,403.7382507324219,392.4385070800781,395.96051025390625,922324
2010-05-20,398.5726623535156,400.01080322265625,393.3483581542969,395.8137512207031,680544
2010-05-21,392.1743469238281,394.4636535644531,383.7215576171875,387.85992431640625,536477
2010-05-24,388.88714599609375,398.9835510253906,384.4846496582031,395.6083068847656,450434
2010-05-25,391.2644958496094,400.8619384765625,384.16180419921875,394.2582092285156,1248179
2010-05-26,399.13031005859375,411.7801513671875,393.87664794921875,405.7046813964844,570635
2010-05-27,404.47198486328125,421.172119140625,404.47198486328125,412.89544677734375,1802178
2010-05-28,420.1742248535156,420.1742248535156,412.0736389160156,416.00653076171875,509116
2010-05-31,418.5306396484375,418.5306396484375,407.3776550292969,409.7843322753906,513003
2010-06-01,410.7235412597656,411.8975524902344,393.93536376953125,395.6083068847656,790181
2010-06-02,396.2246398925781,402.8870849609375,391.85150146484375,400.7445373535156,436148
2010-06-03,406.7906494140625,409.72564697265625,404.4426574707031,406.99609375,417799
2010-06-04,406.7906494140625,410.5474548339844,403.3273620605469,408.4342346191406,311700
2010-06-07,402.1533508300781,407.3776550292969,399.74664306640625,401.4195861816406,265780
2010-06-08,399.2183532714844,413.8346252441406,399.2183532714844,407.1428527832031,1071665
2010-06-09,409.43212890625,414.1575012207031,402.8577575683594,404.7655029296875,578378
2010-06-10,400.48040771484375,410.8409423828125,400.48040771484375,410.371337890625,300976
2010-06-11,413.8346252441406,422.55157470703125,410.9289855957031,421.3775939941406,1395851
2010-06-14,424.8702392578125,427.0421142578125,422.1700439453125,424.0484313964844,631056
2010-06-15,424.400634765625,426.7486267089844,419.0882873535156,422.40484619140625,507232
2010-06-16,424.9876403808594,424.9876403808594,418.5893249511719,423.6668701171875,475756
2010-06-17,423.8136291503906,430.2119140625,422.0526428222656,429.1259765625,917617
2010-06-18,431.7381286621094,432.5599365234375,424.9876403808594,428.48028564453125,881459
2010-06-21,430.2706298828125,434.96661376953125,428.715087890625,431.85552978515625,668838
2010-06-22,425.750732421875,435.9645080566406,425.750732421875,431.8848571777344,479997
2010-06-23,428.5096130371094,434.9079284667969,428.5096130371094,433.9687194824219,457806
2010-06-24,434.3796081542969,438.429931640625,430.3880310058594,434.4676818847656,681251
2010-06-25,431.4446105957031,435.5536193847656,425.6333312988281,428.3335266113281,328003
2010-06-28,428.3335266113281,434.26220703125,426.80731201171875,434.0274353027344,272351
2010-06-29,434.2035217285156,434.2035217285156,427.0127868652344,429.3314208984375,273777
2010-06-30,428.5096130371094,433.67523193359375,423.5201416015625,432.4425354003906,405574
2010-07-01,430.3293151855469,431.4446105957031,419.2056884765625,420.086181640625,385939
2010-07-02,420.350341796875,426.68994140625,418.06103515625,422.1993713378906,773803
2010-07-05,422.0526428222656,424.7528381347656,418.6773986816406,419.6165771484375,193155
2010-07-06,422.0526428222656,426.1029357910156,420.4383850097656,425.5746154785156,443765
2010-07-07,422.0526428222656,427.80523681640625,419.85137939453125,420.99603271484375,295012
2010-07-08,425.45721435546875,428.3335266113281,423.4027404785156,425.4278869628906,277192
2010-07-09,428.21612548828125,430.1532287597656,420.8786315917969,423.050537109375,345967
2010-07-12,425.45721435546875,425.45721435546875,419.7046203613281,420.4970703125,191281
2010-07-13,421.40692138671875,431.151123046875,420.11553955078125,429.36077880859375,663010
2010-07-14,428.7737731933594,440.7192077636719,428.7737731933594,433.2936706542969,1543215
2010-07-15,437.25592041015625,440.19091796875,430.91632080078125,434.2035217285156,739579
2010-07-16,437.0798034667969,437.19720458984375,429.801025390625,430.5347595214844,333836
2010-07-19,430.2706298828125,434.26220703125,423.872314453125,426.3377380371094,478029
2010-07-20,427.33563232421875,430.2119140625,417.4446716308594,420.26226806640625,433196
2010-07-21,420.2916259765625,424.8115234375,418.5893249511719,419.4698181152344,364755
2010-07-22,419.4698181152344,428.3922119140625,418.5306396484375,423.69622802734375,897922
2010-07-23,427.2475891113281,431.2978820800781,423.69622802734375,427.27691650390625,657383
2010-07-26,428.5683288574219,431.151123046875,420.8786315917969,422.7276916503906,442111
2010-07-27,418.0023498535156,425.5746154785156,418.0023498535156,421.7297668457031,617949
2010-07-28,422.6396179199219,427.6291198730469,422.08197021484375,425.6920166015625,583293
2010-07-29,425.5746154785156,425.8681335449219,421.6123962402344,423.2559814453125,724298
2010-07-30,417.9436340332031,417.9436340332031,407.64178466796875,410.5767822265625,789227
2010-08-02,410.8996276855469,415.53692626953125,406.1156005859375,411.6627502441406,573320
2010-08-03,413.8346252441406,416.1239318847656,408.5516357421875,415.2140808105469,539414
2010-08-04,417.1805419921875,421.40692138671875,413.5998229980469,418.4425964355469,563840
2010-08-05,419.4111328125,423.28533935546875,413.30633544921875,415.4488830566406,594566
2010-08-06,414.71514892578125,417.35662841796875,412.1029968261719,413.51177978515625,246482
2010-08-09,413.8346252441406,416.3880920410156,409.7843322753906,411.3692321777344,324223
2010-08-10,410.9583435058594,414.92059326171875,406.8493347167969,409.5788879394531,523690
2010-08-11,409.43212890625,411.6627502441406,402.91644287109375,404.8829040527344,419017
2010-08-12,402.0946350097656,407.84722900390625,399.1596374511719,406.056884765625,360860
2010-08-13,410.19525146484375,410.7822265625,403.4154052734375,408.78643798828125,444329
2010-08-16,409.72564697265625,416.6522216796875,405.3525085449219,415.0086364746094,688976
2010-08-17,416.7696228027344,419.0589294433594,412.69000244140625,415.5662841796875,499538
2010-08-18,415.59564208984375,415.59564208984375,409.72564697265625,410.4593811035156,382882
2010-08-19,412.0736389160156,414.8325500488281,408.6103515625,409.7550048828125,391700
2010-08-20,409.72564697265625,415.53692626953125,408.0527038574219,414.86187744140625,376666
2010-08-23,415.59564208984375,423.1679382324219,412.66064453125,418.9415283203125,970980
2010-08-24,421.46563720703125,422.4635314941406,417.4446716308594,419.64593505859375,442840
2010-08-25,419.58721923828125,426.5725402832031,418.03167724609375,419.9981384277344,743516
2010-08-26,419.1176452636719,425.51593017578125,418.5306396484375,421.26019287109375,533128
2010-08-27,417.35662841796875,425.92681884765625,413.30633544921875,419.2937316894531,473772
2010-08-30,422.4635314941406,422.6396179199219,405.7340393066406,410.4300537109375,641290
2010-08-31,410.8996276855469,413.77593994140625,403.4154052734375,406.55584716796875,344409
2010-09-01,406.55584716796875,409.72564697265625,401.2141418457031,408.31683349609375,698176
2010-09-02,409.72564697265625,413.4824523925781,408.6983947753906,410.19525146484375,252264
2010-09-03,406.7906494140625,412.66064453125,406.2036437988281,410.0484924316406,432032
2010-09-06,413.2476501464844,421.7591247558594,411.48663330078125,418.76544189453125,1459401
2010-09-07,422.522216796875,422.522216796875,412.7193298339844,418.3545227050781,1352742
2010-09-08,415.59564208984375,416.7109375,413.30633544921875,414.71514892578125,431261
2010-09-09,415.0086364746094,419.9981384277344,410.4300537109375,416.97509765625,1264059
2010-09-13,422.6396179199219,426.68994140625,418.06103515625,423.5494689941406,1514067
2010-09-14,427.9226379394531,434.3209228515625,424.400634765625,428.86181640625,1639440
2010-09-15,433.20562744140625,447.4696960449219,431.4446105957031,445.2978210449219,2093940
2010-09-16,448.4676208496094,453.4277648925781,441.6290588378906,444.50537109375,1152425
2010-09-17,443.7716064453125,451.4026184082031,440.42572021484375,442.1280212402344,759632
2010-09-20,443.1846008300781,449.5242004394531,441.4236145019531,448.1447448730469,532405
2010-09-21,449.5242004394531,460.2076110839844,446.1195983886719,457.8595886230469,1843834
2010-09-22,459.0335998535156,464.31658935546875,456.68560791015625,462.9078063964844,1185021
2010-09-23,466.6645812988281,469.4528503417969,458.50531005859375,461.2935485839844,1092249
2010-09-24,461.2935485839844,468.1027526855469,458.6227111816406,461.4696350097656,734605
2010-09-27,463.7295837402344,466.6645812988281,458.5639953613281,461.0881042480469,528961
2010-09-28,463.70025634765625,483.6875915527344,461.0881042480469,479.22637939453125,2327787
2010-09-29,484.2745666503906,497.0711669921875,479.6079406738281,482.2787780761719,2163565
2010-09-30,484.861572265625,487.2095642089844,474.29559326171875,483.3647155761719,1299636
2010-10-01,486.03558349609375,492.4925842285156,483.7169189453125,489.7630310058594,977968
2010-10-04,494.840576171875,497.04180908203125,487.4150390625,490.8196105957031,710854
2010-10-05,488.4422607421875,492.9328308105469,487.2095642089844,489.9097595214844,538496
2010-10-06,493.1089172363281,495.9852294921875,484.3919677734375,486.71063232421875,512966
2010-10-07,487.2682800292969,490.790283203125,480.16558837890625,481.4276428222656,579223
2010-10-08,482.0733337402344,484.2745666503906,475.4695739746094,478.61004638671875,534075
2010-10-11,480.2829895019531,485.9181823730469,480.2829895019531,482.3081359863281,373278
2010-10-12,484.2745666503906,484.2745666503906,476.05657958984375,478.28717041015625,348332
2010-10-13,485.15509033203125,493.6078796386719,478.4045715332031,491.876220703125,956624
2010-10-14,492.58062744140625,495.3101806640625,481.92657470703125,486.0649108886719,679954
2010-10-15,485.56597900390625,488.8531799316406,476.35009765625,480.57647705078125,293083
2010-10-18,483.6582336425781,484.21588134765625,471.4192810058594,475.9685363769531,528612
2010-10-19,475.4989318847656,480.7525939941406,467.2515869140625,471.2431945800781,586058
2010-10-20,464.9622802734375,474.8825988769531,464.9035949707031,472.3291320800781,376899
2010-10-21,474.2662353515625,477.67083740234375,469.0126037597656,474.4129943847656,787182
2010-10-22,475.38153076171875,493.66656494140625,471.3899230957031,491.70013427734375,1186999
2010-10-25,493.0795593261719,502.5596008300781,487.3563232421875,492.6686706542969,860566
2010-10-26,493.0795593261719,495.8678283691406,486.03558349609375,487.0628356933594,338100
2010-10-27,485.4485778808594,489.61627197265625,480.7525939941406,482.8951416015625,270988
2010-10-28,480.7525939941406,493.8133239746094,476.05657958984375,482.425537109375,1611262
2010-10-29,478.34588623046875,483.1005859375,472.1236877441406,479.90142822265625,657607
2010-11-01,484.5680847167969,493.0208740234375,482.0439758300781,486.475830078125,332375
2010-11-02,487.2095642089844,498.65606689453125,487.2095642089844,489.61627197265625,883067
2010-11-03,494.2829284667969,497.1885681152344,490.96636962890625,492.8741149902344,827476
2010-11-04,494.3709716796875,498.86151123046875,490.1445617675781,491.0837707519531,630702
2010-11-08,494.840576171875,495.8678283691406,484.45068359375,487.7378845214844,403450
2010-11-09,482.6896667480469,493.0208740234375,482.66033935546875,490.55548095703125,324969
2010-11-10,487.59112548828125,491.7588195800781,483.6875915527344,485.947509765625,327075
2010-11-11,484.2745666503906,491.2892150878906,483.1299133300781,488.6183776855469,435852
2010-11-12,490.70220947265625,494.9873046875,478.4632873535156,484.5680847167969,667905
2010-11-15,485.4485778808594,485.4485778808594,466.1656494140625,481.6037292480469,385538
2010-11-16,482.572265625,482.572265625,471.0377502441406,475.82177734375,738895
2010-11-18,493.0795593261719,493.0795593261719,471.4486389160156,473.2976989746094,411927
2010-11-19,473.76727294921875,477.171875,456.0986022949219,463.70025634765625,436262
2010-11-22,464.9035949707031,468.9538879394531,459.09228515625,467.28094482421875,446373
2010-11-23,466.54718017578125,467.2515869140625,456.0986022949219,463.4654541015625,486077
2010-11-24,465.9014892578125,472.5345764160156,455.0126647949219,463.5241394042969,847317
2010-11-25,461.0881042480469,464.8448791503906,436.2580261230469,440.6605224609375,1210495
2010-11-26,442.5976257324219,453.016845703125,438.0777282714844,440.5431213378906,738685
2010-11-29,444.06512451171875,444.06512451171875,430.8576354980469,437.3439636230469,397100
2010-11-30,434.96661376953125,456.0986022949219,433.20562744140625,452.0189514160156,623981
2010-12-01,463.7295837402344,463.7295837402344,456.15728759765625,459.767333984375,374351
2010-12-02,460.7945861816406,467.1341857910156,454.9539489746094,456.89105224609375,707307
2010-12-03,457.8595886230469,460.06085205078125,446.4424743652344,449.230712890625,468376
2010-12-06,454.3376159667969,463.6708984375,452.0189514160156,460.1782531738281,306194
2010-12-07,459.0335998535156,469.0126037597656,455.74639892578125,462.6730041503906,773947
2010-12-08,462.3794860839844,464.2579040527344,455.717041015625,458.3291931152344,355022
2010-12-09,459.0335998535156,461.7631530761719,446.2076721191406,451.666748046875,474344
2010-12-10,449.0545959472656,462.96649169921875,443.1846008300781,448.4969482421875,305427
2010-12-13,451.4026184082031,463.6121826171875,442.71502685546875,462.49688720703125,614480
2010-12-14,464.8448791503906,464.8448791503906,459.62060546875,462.49688720703125,261323
2010-12-15,462.55560302734375,463.7295837402344,453.25164794921875,456.68560791015625,231265
2010-12-16,457.8595886230469,459.62060546875,444.88690185546875,455.95184326171875,393300
2010-12-20,451.9895935058594,460.47174072265625,447.7632141113281,457.09649658203125,202352
2010-12-21,460.7945861816406,463.5534973144531,457.2726135253906,460.8826599121094,307151
2010-12-22,460.8826599121094,464.78619384765625,455.2181091308594,459.2684020996094,612942
2010-12-23,458.7401123046875,460.4423828125,455.5115966796875,456.5975646972656,389409
2010-12-24,456.68560791015625,478.28717041015625,456.15728759765625,475.17608642578125,1668832
2010-12-27,478.34588623046875,482.2787780761719,473.82598876953125,476.4674987792969,907699
2010-12-28,475.5576477050781,478.34588623046875,472.857421875,475.7337341308594,313276
2010-12-29,475.3521728515625,478.34588623046875,470.3039855957031,475.0,600211
2010-12-30,477.2305908203125,480.3416748046875,470.9790344238281,475.38153076171875,646145
2010-12-31,476.5848693847656,486.2703857421875,473.62054443359375,481.6037292480469,692482
2011-01-03,481.92657470703125,488.8531799316406,481.5743713378906,487.0628356933594,638315
2011-01-04,487.2095642089844,489.5282287597656,482.2200927734375,484.48004150390625,813479
2011-01-05,484.2452392578125,489.7923583984375,478.6687316894531,483.6875915527344,707813
2011-01-06,484.2745666503906,486.44647216796875,469.0126037597656,474.9412841796875,258642
2011-01-07,472.5345764160156,475.0,460.7945861816406,462.8197326660156,388049
2011-01-10,462.8490905761719,471.9476013183594,449.26007080078125,452.9875183105469,490342
2011-01-11,452.57659912109375,461.67510986328125,434.96661376953125,448.0860595703125,497070
2011-01-12,452.57659912109375,459.0335998535156,443.1846008300781,452.8994445800781,600169
2011-01-13,458.3585510253906,460.2076110839844,447.9686584472656,449.93511962890625,480686
2011-01-14,453.1636047363281,457.7421875,437.3146057128906,442.71502685546875,756007
2011-01-17,443.1846008300781,445.5326232910156,432.0316162109375,434.2328796386719,645049
2011-01-18,433.7926330566406,438.4592590332031,430.4173889160156,434.6437683105469,343811
2011-01-19,437.901611328125,437.901611328125,425.6333312988281,429.9184265136719,409552
2011-01-20,424.400634765625,433.0882263183594,421.6123962402344,431.3565673828125,293284
2011-01-21,429.1846618652344,436.6689147949219,423.43206787109375,429.2140197753906,400417
2011-01-24,428.5096130371094,430.2706298828125,424.400634765625,425.1343688964844,368298
2011-01-25,426.80731201171875,437.901611328125,426.80731201171875,436.4928283691406,432664
2011-01-27,441.4236145019531,450.169921875,432.0316162109375,437.6081237792969,926714
2011-01-28,437.1385192871094,438.4886169433594,405.41119384765625,427.33563232421875,1040459
2011-01-31,487.2095642089844,519.259765625,487.2095642089844,501.2682189941406,9869979
2011-02-01,506.4631652832031,506.4631652832031,496.33740234375,497.95166015625,2314025
2011-02-02,504.05645751953125,504.05645751953125,494.840576171875,498.362548828125,800823
2011-02-03,498.9495544433594,502.9998474121094,496.1026306152344,498.8321533203125,565111
2011-02-04,498.92022705078125,502.941162109375,496.0732727050781,498.0690612792969,814164
2011-02-07,501.82586669921875,502.4715576171875,493.72528076171875,495.6036682128906,959120
2011-02-08,495.1340637207031,500.62249755859375,495.1340637207031,498.7734680175781,425986
2011-02-09,497.1885681152344,501.2388610839844,495.4569091796875,497.540771484375,564358
2011-02-10,495.5449523925781,499.53656005859375,495.1340637207031,497.3646545410156,854958
2011-02-11,497.30596923828125,497.30596923828125,493.6959228515625,495.515625,409017
2011-02-14,498.362548828125,498.362548828125,490.9076843261719,494.60577392578125,1216769
2011-02-15,493.19696044921875,494.9873046875,491.37725830078125,491.9936218261719,374141
2011-02-16,491.37725830078125,495.3101806640625,491.37725830078125,492.8447570800781,358410
2011-02-17,490.4380798339844,498.65606689453125,490.4380798339844,494.840576171875,931646
2011-02-18,492.8741149902344,498.8321533203125,492.8741149902344,496.0732727050781,898193
2011-02-21,495.4275817871094,498.362548828125,494.4590148925781,495.8678283691406,606286
2011-02-22,495.1340637207031,496.0145568847656,492.4925842285156,494.13616943359375,483850
2011-02-23,491.84686279296875,498.1571044921875,491.84686279296875,495.4275817871094,808143
2011-02-24,496.0145568847656,496.3080749511719,491.9642639160156,494.1948547363281,691739
2011-02-25,495.95587158203125,496.6015625,491.3185729980469,492.6980285644531,661406
2011-02-28,491.612060546875,500.0942077636719,491.612060546875,497.3940124511719,579746
2011-03-01,499.53656005859375,501.591064453125,495.5743103027344,499.0963134765625,529910
2011-03-03,498.9495544433594,503.64556884765625,497.1592102050781,502.7357177734375,819343
2011-03-04,503.35205078125,504.2325439453125,499.0376281738281,501.4443054199219,533439
2011-03-07,499.53656005859375,503.88037109375,497.57012939453125,502.70635986328125,399242
2011-03-08,501.2975769042969,504.2032165527344,501.0040588378906,503.2933654785156,278504
2011-03-09,503.64556884765625,504.8195495605469,501.5323486328125,503.11724853515625,314436
2011-03-10,502.3541564941406,504.2325439453125,500.7105712890625,503.205322265625,279444
2011-03-11,502.1193542480469,507.1675720214844,501.326904296875,503.2346496582031,216526
2011-03-14,503.2346496582031,504.8195495605469,502.9998474121094,503.6162109375,564945
2011-03-15,499.53656005859375,510.0438537597656,499.53656005859375,507.3436584472656,1289602
2011-03-16,507.3436584472656,513.5071411132812,507.3143005371094,511.54071044921875,551888
2011-03-17,510.0438537597656,517.1465454101562,508.341552734375,511.716796875,545876
2011-03-18,513.5071411132812,513.5071411132812,509.51556396484375,510.19061279296875,392671
2011-03-21,510.86566162109375,512.7147216796875,507.8426208496094,510.4841003417969,954622
2011-03-22,511.8635559082031,516.5595703125,509.25140380859375,515.3268432617188,729206
2011-03-23,515.0333251953125,516.4127807617188,512.4799194335938,513.8006591796875,911007
2011-03-24,514.2115478515625,516.5595703125,512.4505615234375,514.5930786132812,1009656
2011-03-25,515.3855590820312,516.2660522460938,510.9830627441406,513.741943359375,1523696
2011-03-28,512.0103149414062,517.6161499023438,512.0103149414062,514.2409057617188,1016908
2011-03-29,514.534423828125,516.2073364257812,513.6245727539062,514.4169921875,840539
2011-03-30,514.270263671875,515.4442749023438,513.3310546875,514.270263671875,1780691
2011-03-31,515.9725341796875,520.6685180664062,514.2115478515625,517.1759033203125,2826533
2011-04-01,517.1465454101562,519.0249633789062,514.2115478515625,518.46728515625,983953
2011-04-04,522.4295654296875,524.7188110351562,519.4945678710938,523.2219848632812,1360849
2011-04-05,522.4295654296875,524.1905517578125,521.1968383789062,522.635009765625,1944434
2011-04-06,522.4295654296875,524.1905517578125,521.431640625,523.1046142578125,1200357
2011-04-07,522.7230224609375,526.5385131835938,522.7230224609375,525.5406494140625,2580329
2011-04-08,524.3666381835938,528.3289184570312,522.635009765625,523.57421875,1513790
2011-04-11,522.4295654296875,522.4295654296875,489.61627197265625,493.2850341796875,527848
2011-04-13,490.1739196777344,526.5385131835938,489.5575866699219,522.6643676757812,1180687
2011-04-15,504.8195495605469,518.1444702148438,475.64569091796875,501.5030212402344,2174640
2011-04-18,503.5281677246094,506.9034118652344,488.06072998046875,490.3793640136719,422983
2011-04-19,487.2095642089844,495.3688659667969,480.16558837890625,487.4443664550781,261151
2011-04-20,491.90557861328125,504.7608642578125,490.4380798339844,502.2073974609375,199964
2011-04-21,499.0376281738281,501.82586669921875,488.9705810546875,490.790283203125,355996
2011-04-25,487.7378845214844,494.54705810546875,471.9476013183594,490.76092529296875,2504228
2011-04-26,484.2745666503906,510.6895446777344,482.5135803222656,508.37091064453125,3358251
2011-04-27,509.45684814453125,522.4002075195312,495.4275817871094,503.2346496582031,3678291
2011-04-28,504.05645751953125,510.1025390625,498.626708984375,503.8216552734375,4136209
2011-04-29,501.8845520019531,515.0040283203125,501.8845520019531,508.7231140136719,909329
2011-05-02,508.2828674316406,511.8635559082031,504.8489074707031,507.9306640625,368088
2011-05-03,506.81536865234375,511.8635559082031,502.26611328125,507.49041748046875,460933
2011-05-04,505.5239562988281,514.7692260742188,500.7986145019531,509.7796936035156,472250
2011-05-05,510.36669921875,510.36669921875,486.50518798828125,496.5428771972656,699780
2011-05-06,496.6015625,509.51556396484375,490.8196105957031,503.4107666015625,618480
2011-05-09,503.64556884765625,509.92645263671875,500.240966796875,502.001953125,209901
2011-05-10,503.0585632324219,505.2891540527344,498.7147521972656,501.62042236328125,238243
2011-05-11,501.8845520019531,507.1675720214844,499.53656005859375,504.11517333984375,345870
2011-05-12,506.58056640625,515.9725341796875,504.8782653808594,507.4610595703125,624395
2011-05-13,517.7335205078125,520.6685180664062,509.72100830078125,512.2744750976562,890579
2011-05-16,510.7189025878906,515.9138793945312,494.81121826171875,496.9244079589844,418364
2011-05-17,496.6602783203125,503.58685302734375,490.9076843261719,496.63092041015625,611463
2011-05-18,500.1235656738281,504.0858154296875,492.11102294921875,493.0208740234375,250506
2011-05-19,490.7315673828125,501.7965087890625,490.7315673828125,499.3604736328125,183240
2011-05-20,498.9495544433594,508.341552734375,496.1319580078125,506.4044494628906,351850
2011-05-23,504.8195495605469,509.51556396484375,499.12567138671875,508.2535095214844,442647
2011-05-24,508.9285583496094,512.9495239257812,501.4443054199219,510.0438537597656,274773
2011-05-25,510.6895446777344,513.0375366210938,501.82586669921875,504.8195495605469,331727
2011-05-26,504.8195495605469,515.9725341796875,499.53656005859375,509.2220458984375,753438
2011-05-27,501.9726257324219,512.4212036132812,501.9726257324219,510.2492980957031,149688
2011-05-30,506.6098937988281,516.5595703125,503.4107666015625,505.8468017578125,136178
2011-05-31,500.1235656738281,518.9075317382812,500.1235656738281,512.920166015625,421472
2011-06-01,513.6245727539062,522.9871826171875,513.6245727539062,521.284912109375,263708
2011-06-02,518.9075317382812,521.4903564453125,516.5008544921875,519.406494140625,203189
2011-06-03,521.0794677734375,531.0584106445312,518.320556640625,522.6643676757812,395686
2011-06-06,521.842529296875,528.299560546875,518.0270385742188,526.5092163085938,221008
2011-06-07,522.5469360351562,528.18212890625,520.3750610351562,525.4525756835938,160799
2011-06-08,521.4022827148438,524.7775268554688,515.1213989257812,516.0606079101562,147586
2011-06-09,517.7335205078125,519.4652099609375,506.0229187011719,509.72100830078125,145765
2011-06-10,510.6895446777344,511.54071044921875,506.58056640625,510.0438537597656,153497
2011-06-13,511.8048400878906,517.1465454101562,506.8740539550781,516.29541015625,104562
2011-06-14,510.9243469238281,524.7775268554688,510.9243469238281,518.5553588867188,107751
2011-06-15,517.4987182617188,518.2324829101562,486.1529846191406,512.53857421875,206535
2011-06-16,511.4233093261719,516.0606079101562,507.255615234375,512.802734375,81460
2011-06-17,510.6895446777344,513.6245727539062,508.9285583496094,510.80694580078125,174819
2011-06-20,508.9285583496094,511.4233093261719,486.2703857421875,496.42547607421875,416487
2011-06-21,500.68121337890625,502.26611328125,490.4087219238281,494.0481262207031,145627
2011-06-22,495.7210693359375,500.65185546875,488.911865234375,498.3332214355469,92746
2011-06-23,499.53656005859375,501.4443054199219,495.4275817871094,497.4233703613281,141282
2011-06-24,494.2535705566406,518.9075317382812,494.2535705566406,516.0899658203125,290039
2011-06-27,513.3310546875,521.69580078125,513.3310546875,518.2618408203125,149592
2011-06-28,518.4966430664062,521.7545166015625,513.8300170898438,518.9662475585938,193209
2011-06-29,517.2932739257812,525.3645629882812,516.5302124023438,523.6915893554688,357920
2011-06-30,524.4840698242188,527.0668334960938,514.827880859375,522.4295654296875,538566
2011-07-01,524.1905517578125,525.3645629882812,521.3435668945312,524.3079223632812,93286
2011-07-04,522.5469360351562,529.4442138671875,522.5469360351562,527.1549072265625,174182
2011-07-05,523.3687133789062,529.4148559570312,519.6119384765625,522.3414916992188,220427
2011-07-06,521.2555541992188,521.7838745117188,515.3855590820312,516.8823852539062,47906
2011-07-07,514.2115478515625,529.4148559570312,514.2115478515625,524.0731201171875,243327
2011-07-08,521.3435668945312,544.7355346679688,521.3435668945312,537.3980102539062,582664
2011-07-11,538.2785034179688,545.9095458984375,535.6957397460938,539.4525146484375,320013
2011-07-12,539.4525146484375,539.4525146484375,532.5259399414062,534.66845703125,208047
2011-07-13,535.8131103515625,542.9745483398438,533.58251953125,539.3351440429688,327581
2011-07-14,541.7418212890625,541.7711791992188,528.8865356445312,532.4085083007812,195061
2011-07-15,533.58251953125,535.5196533203125,523.0165405273438,532.5259399414062,158613
2011-07-18,531.821533203125,536.5175170898438,527.65380859375,529.2094116210938,90817
2011-07-19,527.3897094726562,534.7565307617188,524.4840698242188,533.4651489257812,151085
2011-07-20,533.58251953125,540.59716796875,531.263916015625,538.014404296875,341150
2011-07-21,536.9871215820312,548.9912719726562,535.607666015625,545.2637939453125,631581
2011-07-22,543.708251953125,551.1925048828125,543.708251953125,547.1128540039062,243967
2011-07-25,544.9703369140625,555.8884887695312,542.9745483398438,554.3329467773438,419797
2011-07-26,554.1275024414062,557.6495361328125,549.6076049804688,553.5698852539062,391094
2011-07-27,548.9912719726562,552.8948364257812,535.5490112304688,539.100341796875,237615
2011-07-28,538.8655395507812,548.7271118164062,525.5700073242188,541.7711791992188,648056
2011-07-29,554.1275024414062,554.1275024414062,532.2030639648438,542.5929565429688,465884
2011-08-01,538.2785034179688,545.6160278320312,536.693603515625,538.5133056640625,452884
2011-08-02,537.1045532226562,542.9745483398438,535.4022216796875,540.06884765625,206291
2011-08-03,534.1695556640625,540.03955078125,531.41064453125,535.6957397460938,117495
2011-08-04,535.4609375,541.2135009765625,526.3037109375,529.3561401367188,143594
2011-08-05,522.5469360351562,528.2702026367188,513.6245727539062,525.335205078125,239569
2011-08-08,513.6245727539062,527.7125244140625,508.9285583496094,512.127685546875,289932
2011-08-09,504.8489074707031,522.4295654296875,498.9495544433594,513.7125854492188,352463
2011-08-10,515.7083740234375,519.4945678710938,506.7860107421875,516.706298828125,249792
2011-08-11,509.04595947265625,527.7125244140625,509.04595947265625,521.3142700195312,157419
2011-08-12,519.6412963867188,526.949462890625,504.8782653808594,510.7189025878906,233305
2011-08-16,511.5993957519531,521.2555541992188,504.96630859375,507.3730163574219,109572
2011-08-17,505.40655517578125,524.7775268554688,505.40655517578125,512.3624877929688,184213
2011-08-18,512.4212036132812,516.4127807617188,505.7000732421875,509.7796936035156,93286
2011-08-19,499.27239990234375,513.5071411132812,499.27239990234375,508.9285583496094,194860
2011-08-22,510.6895446777344,516.3834228515625,501.09210205078125,512.53857421875,210892
2011-08-23,518.320556640625,520.8446655273438,506.4044494628906,513.8006591796875,144719
2011-08-24,512.4505615234375,516.5008544921875,506.1109619140625,510.0732116699219,203507
2011-08-25,506.3751220703125,516.5008544921875,504.8195495605469,511.6287536621094,282293
2011-08-26,510.7482604980469,515.3268432617188,493.0795593261719,501.15081787109375,209001
2011-08-29,501.8845520019531,513.1549682617188,500.7105712890625,509.2220458984375,260170
2011-08-30,510.7189025878906,525.3645629882812,507.1675720214844,519.7586669921875,162589
2011-09-02,526.83203125,528.299560546875,507.8132629394531,510.7776184082031,206575
2011-09-05,511.27655029296875,511.27655029296875,502.2073974609375,509.6036071777344,330754
2011-09-06,508.9285583496094,510.5134582519531,501.35626220703125,503.205322265625,269247
2011-09-07,507.69586181640625,512.0983276367188,503.64556884765625,508.6643981933594,245734
2011-09-08,511.305908203125,517.1171875,509.51556396484375,511.4526672363281,146778
2011-09-09,510.1025390625,511.95159912109375,497.8342590332031,500.505126953125,170066
2011-09-12,496.89508056640625,498.3038635253906,490.1445617675781,493.46112060546875,213823
2011-09-13,493.72528076171875,506.49249267578125,488.3835754394531,498.2745056152344,218661
2011-09-14,502.44219970703125,502.44219970703125,490.1445617675781,497.3646545410156,159908
2011-09-15,502.1780700683594,504.8195495605469,496.0145568847656,500.8572998046875,177954
2011-09-16,497.77557373046875,511.8048400878906,497.77557373046875,510.5428161621094,556816
2011-09-19,504.8195495605469,505.7587585449219,500.1235656738281,503.9390563964844,124381
2011-09-20,502.1780700683594,516.442138671875,500.240966796875,514.3289794921875,123494
2011-09-21,514.3289794921875,528.299560546875,511.4526672363281,527.0668334960938,188577
2011-09-22,512.656005859375,518.320556640625,496.6015625,501.3856201171875,269787
2011-09-23,502.4715576171875,506.2283630371094,494.312255859375,502.0899963378906,352223
2011-09-26,502.0899963378906,503.64556884765625,488.9705810546875,496.33740234375,211659
2011-09-27,497.1885681152344,504.8195495605469,497.1885681152344,501.9432678222656,127284
2011-09-28,508.9285583496094,508.9285583496094,476.8783874511719,489.20538330078125,310143
2011-09-29,491.7294616699219,507.7545471191406,481.3395690917969,504.79022216796875,279342
2011-09-30,501.2975769042969,502.29547119140625,483.6582336425781,491.7588195800781,523564
2011-10-03,485.83013916015625,489.5282287597656,477.2305908203125,485.1844177246094,290787
2011-10-04,481.3689270019531,492.4338684082031,478.55133056640625,487.7672119140625,217724
2011-10-05,485.15509033203125,491.7881774902344,479.3731384277344,485.2724609375,170960
2011-10-07,490.1445617675781,502.8824462890625,490.1445617675781,491.23052978515625,332111
2011-10-10,491.23052978515625,498.890869140625,484.3332824707031,486.211669921875,276322
2011-10-11,491.7881774902344,498.9495544433594,486.65191650390625,487.6498107910156,327870
2011-10-12,494.07745361328125,528.299560546875,492.6393127441406,496.9831237792969,199049
2011-10-13,497.8342590332031,499.3898010253906,485.6246643066406,491.3185729980469,194288
2011-10-14,495.22210693359375,501.7084655761719,490.7315673828125,495.89715576171875,155703
2011-10-17,493.66656494140625,497.5994567871094,483.6875915527344,484.3919677734375,152424
2011-10-18,477.2305908203125,482.19073486328125,472.00628662109375,478.8741760253906,263543
2011-10-19,481.92657470703125,490.0565185546875,477.2305908203125,488.8531799316406,321419
2011-10-20,484.2745666503906,487.0628356933594,473.12158203125,476.0859375,236097
2011-10-21,480.0775451660156,484.2745666503906,476.05657958984375,482.9244689941406,159173
2011-10-24,490.1445617675781,493.0208740234375,477.8175964355469,479.63726806640625,434443
2011-10-25,486.03558349609375,497.1885681152344,479.5785827636719,492.55126953125,361148
2011-10-28,498.92022705078125,515.0333251953125,497.7462158203125,500.0355224609375,222685
2011-10-31,500.68121337890625,512.0396728515625,500.4464111328125,501.82586669921875,256177
2011-11-01,501.8845520019531,507.7545471191406,491.9349060058594,495.8091125488281,146848
2011-11-02,493.0795593261719,503.0585632324219,492.4925842285156,500.5344543457031,108793
2011-11-03,496.6896057128906,504.8195495605469,491.37725830078125,502.23675537109375,217279
2011-11-04,501.8845520019531,510.1025390625,501.8845520019531,505.9642028808594,198182
2011-11-08,504.2325439453125,507.5491027832031,495.6330261230469,499.3898010253906,140173
2011-11-09,499.8594055175781,501.855224609375,485.4485778808594,487.38568115234375,234356
2011-11-11,484.2745666503906,489.9978332519531,481.92657470703125,486.8280334472656,203608
2011-11-14,487.9433288574219,492.4925842285156,477.2305908203125,479.1089782714844,160414
2011-11-15,479.1089782714844,479.5785827636719,454.9245910644531,462.9371337890625,399048
2011-11-16,459.0335998535156,461.381591796875,434.4383239746094,440.1322021484375,559714
2011-11-17,439.07562255859375,439.07562255859375,419.7046203613281,423.6375427246094,402315
2011-11-18,420.8786315917969,434.26220703125,412.0736389160156,429.1846618652344,311235
2011-11-21,429.6836242675781,434.35028076171875,420.52642822265625,423.197265625,324777
2011-11-22,428.450927734375,431.4446105957031,406.9080505371094,410.635498046875,745905
2011-11-23,410.3126525878906,410.3126525878906,389.1219482421875,400.62713623046875,671728
2011-11-24,400.0401611328125,408.99188232421875,382.7236633300781,402.7696838378906,575015
2011-11-25,398.86614990234375,410.0191345214844,392.11566162109375,404.5013427734375,242589
2011-11-28,413.77593994140625,420.9666748046875,399.27703857421875,414.421630859375,556917
2011-11-29,416.7696228027344,417.7675476074219,405.61663818359375,409.1386413574219,620359
2011-11-30,409.1386413574219,411.721435546875,394.4636535644531,404.4132995605469,535581
2011-12-01,413.8346252441406,418.5306396484375,407.9646301269531,411.3692321777344,358800
2011-12-02,409.72564697265625,428.5096130371094,409.46148681640625,424.6647644042969,269555
2011-12-05,425.51593017578125,431.4446105957031,416.7696228027344,421.6123962402344,236487
2011-12-07,422.6396179199219,427.9226379394531,419.7046203613281,427.07147216796875,156972
2011-12-08,423.8136291503906,424.3125915527344,413.8639831542969,416.6522216796875,226753
2011-12-09,413.4237365722656,420.9079895019531,399.1889953613281,405.41119384765625,503266
2011-12-12,410.8996276855469,410.8996276855469,394.6690979003906,399.2477111816406,533756
2011-12-13,399.1596374511719,405.0296325683594,387.18487548828125,400.5684509277344,435339
2011-12-14,395.1974182128906,399.042236328125,390.76556396484375,393.1429138183594,203521
2011-12-15,390.3546447753906,398.8074645996094,388.1240539550781,392.4678649902344,358494
2011-12-16,392.11566162109375,399.1596374511719,377.0591125488281,381.1681213378906,489024
2011-12-19,380.0528259277344,380.9626770019531,374.50567626953125,377.9396057128906,402022
2011-12-20,377.47003173828125,380.9039611816406,367.8725891113281,370.01513671875,268458
2011-12-21,375.7090148925781,386.8326721191406,372.7446594238281,383.927001953125,272771
2011-12-22,385.0129699707031,389.62091064453125,376.26666259765625,381.3735656738281,285390
2011-12-23,381.5496520996094,390.3546447753906,380.3463134765625,386.18695068359375,327100
2011-12-26,386.8326721191406,393.7592468261719,381.6083679199219,383.3987121582031,326017
2011-12-27,383.3106689453125,392.9374694824219,379.2603759765625,390.6775207519531,189494
2011-12-28,392.99615478515625,396.2246398925781,384.22052001953125,385.57061767578125,226136
2011-12-29,385.0716552734375,385.0716552734375,371.3945617675781,374.740478515625,364829
2011-12-30,375.6796569824219,382.66497802734375,375.0926818847656,376.8536682128906,260923
2012-01-02,379.5245056152344,381.5496520996094,370.8369140625,374.5937194824219,99182
2012-01-03,378.55596923828125,393.2896423339844,375.6796569824219,391.5580139160156,462201
2012-01-04,392.7026672363281,395.02130126953125,385.2477722167969,390.0611572265625,236381
2012-01-05,387.4783630371094,391.5286560058594,384.4846496582031,387.6838073730469,266121
2012-01-06,387.4196472167969,394.1994934082031,379.8473815917969,391.64605712890625,218281
2012-01-09,393.8179626464844,400.8619384765625,392.7026672363281,398.5139465332031,301978
2012-01-10,399.74664306640625,417.35662841796875,399.74664306640625,415.0966796875,225252
2012-01-11,414.39227294921875,418.3545227050781,410.107177734375,413.51177978515625,114911
2012-01-12,415.0086364746094,434.1448059082031,411.7801513671875,421.025390625,243271
2012-01-13,427.80523681640625,427.8639221191406,415.59564208984375,424.2832336425781,237945
2012-01-16,423.1092224121094,426.3670654296875,419.9981384277344,423.3440246582031,200402
2012-01-17,424.7528381347656,443.4781188964844,424.7528381347656,440.6605224609375,284852
2012-01-18,441.9225769042969,444.06512451171875,431.8848571777344,437.72552490234375,242707
2012-01-19,440.2496032714844,443.1846008300781,433.2349853515625,437.19720458984375,243795
2012-01-20,436.140625,447.0588073730469,436.0819091796875,442.45086669921875,377257
2012-01-23,441.7464599609375,446.0609130859375,437.93096923828125,440.16156005859375,126523
2012-01-24,440.16156005859375,450.81561279296875,433.4991149902344,447.7338562011719,785240
2012-01-25,450.81561279296875,451.9895935058594,439.780029296875,441.77581787109375,466327
2012-01-27,446.002197265625,446.002197265625,436.2580261230469,442.4215087890625,318276
2012-01-30,438.4886169433594,443.7129211425781,431.7381286621094,435.1427307128906,315550
2012-01-31,434.3796081542969,436.0819091796875,416.0945739746094,429.2433776855469,1455333
2012-02-01,421.46563720703125,432.00225830078125,419.0589294433594,429.5075378417969,427359
2012-02-02,431.4446105957031,433.82196044921875,422.6396179199219,429.9477844238281,309116
2012-02-03,429.09661865234375,441.4236145019531,429.09661865234375,440.22027587890625,496877
2012-02-06,443.1552734375,459.9728088378906,441.4236145019531,457.331298828125,887043
2012-02-07,457.8595886230469,463.7295837402344,452.0189514160156,456.01055908203125,283020
2012-02-08,457.8595886230469,462.4088439941406,451.8428649902344,460.8533020019531,246770
2012-02-09,462.4382019042969,471.53668212890625,458.03570556640625,470.2746276855469,320814
2012-02-10,470.18658447265625,470.18658447265625,457.9183044433594,463.93505859375,249531
2012-02-13,464.31658935546875,475.9978942871094,458.0650634765625,472.9161376953125,252484
2012-02-14,471.59539794921875,471.59539794921875,461.88055419921875,464.081787109375,172197
2012-02-15,467.8092346191406,472.182373046875,464.9035949707031,468.9832458496094,138022
2012-02-16,468.83648681640625,471.9182434082031,457.83026123046875,469.2767333984375,97667
2012-02-17,470.18658447265625,492.962158203125,465.4906005859375,482.3668212890625,452417
2012-02-21,483.2179870605469,492.4925842285156,483.1299133300781,485.5953369140625,292398
2012-02-22,487.15087890625,490.02716064453125,469.5995788574219,474.5890808105469,292332
2012-02-23,474.29559326171875,484.2745666503906,469.71697998046875,477.2599182128906,563077
2012-02-24,469.5995788574219,482.5135803222656,461.9685974121094,464.9622802734375,285206
2012-02-27,463.7295837402344,468.42559814453125,441.4822998046875,453.98541259765625,310422
2012-02-28,456.68560791015625,478.96221923828125,450.8742980957031,476.35009765625,332857
2012-02-29,478.4045715332031,483.6288757324219,463.7295837402344,467.3983459472656,171337
2012-03-01,464.31658935546875,479.5785827636719,459.09228515625,477.025146484375,218886
2012-03-02,477.0544738769531,483.1005859375,463.7295837402344,467.1048278808594,256531
2012-03-05,464.31658935546875,467.2515869140625,436.0819091796875,449.87640380859375,257891
2012-03-06,449.0545959472656,466.4297790527344,446.1489562988281,461.4989929199219,296734
2012-03-07,460.7945861816406,467.8092346191406,455.5115966796875,463.64154052734375,170523
2012-03-09,463.70025634765625,474.1194763183594,459.59124755859375,463.23065185546875,277121
2012-03-12,469.5995788574219,476.6435852050781,463.7295837402344,474.1488342285156,286504
2012-03-13,477.7882385253906,480.98736572265625,470.9496765136719,473.3857421875,293933
2012-03-14,476.05657958984375,480.1949157714844,473.15093994140625,475.8804931640625,205674
2012-03-15,475.4695739746094,476.6435852050781,464.05242919921875,471.4486389160156,228085
2012-03-16,469.5995788574219,478.4045715332031,447.5284118652344,453.25164794921875,358378
2012-03-19,454.86590576171875,459.7086486816406,442.65631103515625,454.86590576171875,235427
2012-03-20,457.0378112792969,463.0838928222656,450.81561279296875,460.06085205078125,263257
2012-03-21,460.32501220703125,476.4674987792969,454.39630126953125,470.42138671875,271898
2012-03-22,469.5995788574219,477.8175964355469,453.2222900390625,462.32080078125,343254
2012-03-23,463.7295837402344,465.05035400390625,453.3690490722656,457.0378112792969,200286
2012-03-26,457.2726135253906,459.0335998535156,446.8533630371094,449.61224365234375,198848
2012-03-27,458.7401123046875,460.7652587890625,442.9791564941406,446.5892028808594,286104
2012-03-28,448.4969482421875,454.9245910644531,443.1846008300781,452.0483093261719,153490
2012-03-29,451.9895935058594,451.9895935058594,431.85552978515625,437.5787658691406,457950
2012-03-30,437.6961669921875,447.17620849609375,432.3544616699219,445.82611083984375,337240
2012-04-02,440.9246520996094,456.0692443847656,440.9246520996094,453.0755615234375,204066
2012-04-03,454.9245910644531,465.960205078125,453.1342468261719,463.02520751953125,174274
2012-04-04,460.47174072265625,465.4906005859375,457.9183044433594,462.2327575683594,175436
2012-04-09,462.4088439941406,463.40673828125,449.0545959472656,452.2243957519531,238604
2012-04-10,449.1719970703125,461.381591796875,448.99591064453125,458.71075439453125,185441
2012-04-11,455.5115966796875,457.8595886230469,449.0545959472656,452.2243957519531,175306
2012-04-12,453.3690490722656,466.0776062011719,452.57659912109375,462.995849609375,189327
2012-04-13,463.2012939453125,479.5785827636719,462.08599853515625,464.345947265625,314952
2012-04-16,460.94134521484375,474.8825988769531,458.91619873046875,471.4192810058594,193405
2012-04-17,469.0126037597656,480.7525939941406,465.4906005859375,477.20123291015625,266201
2012-04-18,481.3395690917969,493.0795593261719,480.37103271484375,487.4737243652344,504414
2012-04-19,482.572265625,488.6183776855469,480.2242736816406,487.18023681640625,218587
2012-04-20,483.74627685546875,488.1781311035156,474.50103759765625,475.9978942871094,194269
2012-04-23,472.88677978515625,477.7882385253906,461.1761474609375,463.0545349121094,118083
2012-04-24,464.9035949707031,472.5345764160156,462.8784484863281,467.28094482421875,284787
2012-04-25,467.8385925292969,467.8385925292969,453.7506103515625,456.9790954589844,356513
2012-04-26,454.80718994140625,457.8595886230469,447.880615234375,453.8680114746094,241099
2012-04-27,457.8595886230469,469.57025146484375,454.80718994140625,461.5577087402344,651646
2012-04-30,458.44659423828125,460.7945861816406,452.341796875,454.7191467285156,247749
2012-05-02,454.0734558105469,454.80718994140625,446.8827209472656,449.9938049316406,305945
2012-05-03,447.17620849609375,454.631103515625,441.3942565917969,449.3774719238281,284819
2012-05-04,445.0043029785156,451.5493469238281,437.3439636230469,439.8387145996094,218211
2012-05-07,434.3796081542969,451.9895935058594,428.5389709472656,446.4424743652344,364763
2012-05-08,445.6500244140625,454.9245910644531,424.9582824707031,428.42156982421875,378986
2012-05-09,424.42999267578125,430.1532287597656,413.2476501464844,420.79058837890625,457979
2012-05-10,416.7696228027344,427.33563232421875,416.7696228027344,422.4341735839844,471823
2012-05-11,418.5893249511719,422.522216796875,411.48663330078125,415.9184875488281,209460
2012-05-14,413.8346252441406,421.5536804199219,410.3126525878906,418.76544189453125,215632
2012-05-15,414.421630859375,428.5096130371094,412.22039794921875,424.9876403808594,168518
2012-05-16,416.7696228027344,420.2916259765625,411.48663330078125,415.2434387207031,281434
2012-05-17,416.7696228027344,422.0232849121094,399.8934020996094,405.4992370605469,299737
2012-05-18,400.8619384765625,410.3126525878906,390.6481628417969,405.7927551269531,288921
2012-05-21,405.67535400390625,413.2182922363281,402.0946350097656,402.2120361328125,249478
2012-05-22,403.9730529785156,410.3126525878906,391.1177673339844,393.7886047363281,149817
2012-05-23,392.6439514160156,395.8724670410156,388.06536865234375,392.3504638671875,232347
2012-05-24,392.820068359375,402.0946350097656,391.0884094238281,400.48040771484375,117652
2012-05-25,400.0988464355469,408.5516357421875,395.1387023925781,404.7655029296875,239610
2012-05-28,401.5369873046875,412.42584228515625,401.5369873046875,403.0632019042969,231361
2012-05-29,407.5537414550781,408.37554931640625,396.2833557128906,398.4259033203125,262027
2012-05-30,393.93536376953125,397.3986511230469,388.7110595703125,389.88507080078125,143168
2012-05-31,388.00665283203125,401.5076599121094,381.5496520996094,397.72149658203125,384785
2012-06-01,394.5223693847656,399.9227600097656,375.6796569824219,378.29180908203125,293015
2012-06-04,375.6209716796875,396.2246398925781,369.78033447265625,390.09051513671875,218790
2012-06-05,393.3190002441406,397.7508544921875,379.20166015625,380.84527587890625,244541
2012-06-06,386.1282653808594,395.6376647949219,383.4280700683594,391.3525695800781,379966
2012-06-07,392.7613525390625,397.98565673828125,384.4846496582031,393.1722412109375,408703
2012-06-08,391.2938537597656,400.3042907714844,388.06536865234375,395.1093444824219,436381
2012-06-11,396.8116455078125,408.78643798828125,396.6942443847656,400.0694885253906,304046
2012-06-12,399.1596374511719,402.534912109375,392.37982177734375,401.09674072265625,422654
2012-06-13,401.62506103515625,409.72564697265625,399.1596374511719,408.4049072265625,357540
2012-06-14,407.9646301269531,415.12603759765625,405.14703369140625,407.2895812988281,425095
2012-06-15,410.19525146484375,412.0736389160156,404.970947265625,409.3734436035156,224816
2012-06-18,411.48663330078125,413.8346252441406,394.4636535644531,399.80535888671875,226322
2012-06-19,399.74664306640625,410.5474548339844,399.74664306640625,409.43212890625,154683
2012-06-20,406.4090881347656,419.5285339355469,402.0946350097656,416.2413330078125,320662
2012-06-21,415.7130432128906,424.9876403808594,415.5662841796875,423.2559814453125,225145
2012-06-22,421.46563720703125,424.37127685546875,415.625,419.58721923828125,183214
2012-06-25,423.46142578125,425.51593017578125,407.3776550292969,410.60614013671875,136407
2012-06-26,411.1637878417969,419.1176452636719,408.58099365234375,415.9771728515625,113952
2012-06-27,417.5033874511719,421.46563720703125,413.8346252441406,414.685791015625,123618
2012-06-28,415.1553955078125,423.6375427246094,415.1553955078125,419.7926940917969,143860
2012-06-29,420.8786315917969,434.3796081542969,420.8786315917969,430.7989196777344,402479
2012-07-02,431.0043640136719,436.4341125488281,429.6836242675781,433.2349853515625,165296
2012-07-03,432.0316162109375,436.6982727050781,432.0316162109375,434.1448059082031,133528
2012-07-04,436.6689147949219,436.6689147949219,429.09661865234375,430.7989196777344,158853
2012-07-05,430.8576354980469,436.6395568847656,430.2706298828125,433.20562744140625,188686
2012-07-06,433.20562744140625,433.20562744140625,426.7486267089844,430.47607421875,83661
2012-07-09,427.33563232421875,430.2706298828125,421.025390625,423.75494384765625,88509
2012-07-10,423.8136291503906,433.0882263183594,418.8828430175781,431.18048095703125,233134
2012-07-11,430.2706298828125,431.0337219238281,421.172119140625,422.4635314941406,185184
2012-07-12,420.2916259765625,424.400634765625,412.0736389160156,413.74658203125,324429
2012-07-13,417.0631408691406,418.2664794921875,407.5243835449219,409.66693115234375,210615
2012-07-16,412.0736389160156,414.92059326171875,406.321044921875,409.3147277832031,165342
2012-07-17,413.6585388183594,413.6585388183594,402.1533508300781,406.14495849609375,174569
2012-07-18,403.2686462402344,404.4426574707031,399.27703857421875,402.24139404296875,204066
2012-07-19,405.235107421875,412.5138854980469,403.9730529785156,407.4656982421875,260129
2012-07-20,405.4405517578125,411.310546875,402.0946350097656,402.534912109375,106085
2012-07-23,399.8640441894531,402.8283996582031,387.4196472167969,391.38189697265625,175189
2012-07-24,389.2393493652344,394.170166015625,388.88714599609375,391.8221435546875,139023
2012-07-25,389.1806640625,392.7026672363281,385.0716552734375,388.3294982910156,104276
2012-07-26,388.6523742675781,390.4133605957031,380.9626770019531,381.8431701660156,330843
2012-07-27,384.4846496582031,393.8473205566406,382.2834167480469,383.6041564941406,187284
2012-07-30,386.24566650390625,398.5726623535156,384.5433654785156,396.3127136230469,407102
2012-07-31,396.2246398925781,401.5076599121094,391.91021728515625,399.95208740234375,184822
2012-08-01,400.3336486816406,402.5935974121094,393.906005859375,396.57684326171875,166199
2012-08-02,395.6376647949219,398.0736999511719,391.0003662109375,392.2330627441406,355048
2012-08-03,390.941650390625,396.5181579589844,386.86199951171875,394.08209228515625,306896
2012-08-06,399.1596374511719,400.7152099609375,392.99615478515625,395.43218994140625,482581
2012-08-07,394.991943359375,398.86614990234375,391.7928161621094,396.2833557128906,574974
2012-08-08,396.8116455078125,399.7173156738281,390.4133605957031,392.2330627441406,545274
2012-08-09,393.2896423339844,394.75714111328125,381.8431701660156,387.56640625,814368
2012-08-10,385.9521484375,389.7676696777344,382.13665771484375,386.92071533203125,595244
2012-08-13,379.20166015625,396.2246398925781,375.6796569824219,393.3483581542969,853377
2012-08-14,393.3483581542969,395.6376647949219,386.71527099609375,388.3882141113281,804338
2012-08-16,388.3882141113281,390.941650390625,384.5727233886719,386.2749938964844,527894
2012-08-17,386.24566650390625,389.35675048828125,383.3106689453125,386.5391540527344,424874
2012-08-21,383.4574279785156,390.0024719238281,381.6083679199219,386.3337097167969,315942
2012-08-22,383.95635986328125,391.8221435546875,382.7236633300781,389.2099914550781,321928
2012-08-23,392.7026672363281,392.7026672363281,389.1806640625,390.4427185058594,329012
2012-08-24,388.6523742675781,395.6376647949219,385.0716552734375,393.0841979980469,480632
2012-08-27,395.6083068847656,395.6083068847656,389.7676696777344,391.49932861328125,908196
2012-08-28,390.3546447753906,398.4845886230469,386.48046875,396.0191955566406,165531
2012-08-29,396.2833557128906,399.1596374511719,394.2288513183594,396.2246398925781,269097
2012-08-30,391.0590515136719,404.4426574707031,391.0590515136719,401.6543884277344,596319
2012-08-31,401.5076599121094,402.94580078125,395.3441467285156,398.0150146484375,259678
2012-09-03,401.5076599121094,401.5076599121094,389.1806640625,390.97100830078125,260489
2012-09-04,388.5936584472656,394.9332580566406,387.5077209472656,393.3190002441406,88507
2012-09-05,391.0296936035156,396.9290466308594,386.86199951171875,390.3840026855469,137054
2012-09-06,387.4490051269531,394.4636535644531,386.24566650390625,393.1722412109375,121214
2012-09-07,397.8095397949219,399.7173156738281,394.75714111328125,398.5433044433594,129487
2012-09-10,397.51605224609375,401.33154296875,391.0590515136719,395.90179443359375,232412
2012-09-11,396.7529602050781,411.310546875,395.02130126953125,409.72564697265625,738050
2012-09-12,396.2246398925781,402.6229553222656,393.87664794921875,398.7193908691406,2740649
2012-09-13,399.27703857421875,400.3042907714844,390.56011962890625,392.0863037109375,540474
2012-09-14,396.7529602050781,398.24981689453125,392.11566162109375,394.7864990234375,638670
2012-09-17,396.16595458984375,403.85565185546875,393.2896423339844,400.1575622558594,620789
2012-09-18,396.2539978027344,403.2099609375,396.2539978027344,401.4783020019531,559330
2012-09-20,399.042236328125,401.3902587890625,394.4636535644531,400.5097351074219,360494
2012-09-21,400.3336486816406,409.1386413574219,400.0401611328125,406.2330017089844,765372
2012-09-24,407.3776550292969,419.85137939453125,406.55584716796875,417.3272705078125,1070052
2012-09-25,419.1176452636719,422.522216796875,408.6690368652344,410.4887390136719,571032
2012-09-26,408.9625549316406,414.5390319824219,406.55584716796875,411.8388366699219,465111
2012-09-27,413.071533203125,416.1239318847656,410.5180969238281,413.2476501464844,537022
2012-09-28,416.6228942871094,418.55999755859375,413.8639831542969,416.21197509765625,244504
2012-10-01,412.7486877441406,418.471923828125,412.7486877441406,416.74029541015625,195383
2012-10-03,416.1826477050781,434.937255859375,415.4488830566406,433.6458740234375,1453854
2012-10-04,432.09033203125,440.2496032714844,429.77166748046875,434.6731262207031,552760
2012-10-05,437.3146057128906,439.07562255859375,413.8346252441406,436.9330749511719,646772
2012-10-08,436.9330749511719,438.7821044921875,422.2287292480469,424.0484313964844,277582
2012-10-09,427.33563232421875,429.6836242675781,416.3293762207031,418.76544189453125,236170
2012-10-10,419.0295715332031,419.0295715332031,399.6585998535156,401.1260986328125,1167466
2012-10-11,402.681640625,408.37554931640625,401.6837463378906,403.5034484863281,873269
2012-10-12,403.3273620605469,408.7277526855469,399.1596374511719,403.12188720703125,424768
2012-10-15,402.0946350097656,411.48663330078125,400.920654296875,409.7843322753906,338882
2012-10-16,409.8724060058594,415.53692626953125,405.3231506347656,406.55584716796875,475485
2012-10-17,407.9646301269531,410.87030029296875,402.30010986328125,404.9122314453125,162182
2012-10-18,406.2623596191406,409.72564697265625,403.0632019042969,406.7026062011719,410847
2012-10-19,403.38604736328125,407.2895812988281,401.36090087890625,403.8262939453125,204427
2012-10-22,399.9227600097656,405.88079833984375,399.9227600097656,403.2980041503906,262332
2012-10-23,403.9143371582031,412.3377990722656,401.6543884277344,407.8765869140625,399444
2012-10-25,410.3126525878906,410.3126525878906,402.8870849609375,405.67535400390625,541368
2012-10-29,399.74664306640625,404.0904541015625,396.5181579589844,403.0925598144531,151838
2012-10-30,400.3923645019531,403.85565185546875,396.2833557128906,400.5390930175781,269749
2012-10-31,401.2141418457031,404.9122314453125,397.51605224609375,403.3273620605469,152357
2012-11-01,403.85565185546875,409.98980712890625,402.1533508300781,408.9038391113281,383542
2012-11-02,410.8996276855469,414.0694274902344,410.8996276855469,412.89544677734375,401398
2012-11-05,412.89544677734375,415.59564208984375,407.9646301269531,411.8388366699219,284998
2012-11-06,411.75079345703125,418.23712158203125,409.72564697265625,417.41534423828125,220843
2012-11-07,416.68157958984375,418.50128173828125,411.8388366699219,414.5390319824219,352739
2012-11-08,410.3126525878906,412.7486877441406,406.2623596191406,410.4593811035156,357632
2012-11-09,413.2476501464844,413.2476501464844,401.0380554199219,403.0632019042969,850804
2012-11-12,403.5621337890625,406.321044921875,394.991943359375,396.0779113769531,587109
2012-11-15,395.0506591796875,400.0988464355469,389.4741516113281,395.02130126953125,550039
2012-11-16,392.4091491699219,397.98565673828125,391.5286560058594,393.26031494140625,423083
2012-11-19,393.87664794921875,396.2246398925781,391.5580139160156,392.99615478515625,188054
2012-11-20,395.6376647949219,396.16595458984375,391.0296936035156,392.6439514160156,628627
2012-11-21,395.6083068847656,395.6083068847656,389.7676696777344,391.61669921875,278368
2012-11-22,393.23095703125,394.2288513183594,381.5790100097656,386.6859130859375,569547
2012-11-23,382.7236633300781,392.6733093261719,380.9626770019531,386.891357421875,618830
2012-11-26,387.4196472167969,391.9395446777344,382.5182189941406,390.8536071777344,331938
2012-11-27,390.8536071777344,397.692138671875,388.7697448730469,395.69635009765625,427726
2012-11-29,396.2246398925781,401.5076599121094,391.0003662109375,393.0255126953125,658508
2012-11-30,393.46575927734375,397.6334533691406,392.11566162109375,393.641845703125,334405
2012-12-03,393.87664794921875,399.7173156738281,393.2896423339844,396.8116455078125,342564
2012-12-04,397.4573669433594,401.77178955078125,396.870361328125,399.59991455078125,201817
2012-12-05,400.62713623046875,403.5621337890625,397.98565673828125,401.1847839355469,206284
2012-12-06,403.0925598144531,403.1512451171875,394.34625244140625,400.27496337890625,169942
2012-12-07,401.7131042480469,405.0296325683594,397.98565673828125,400.5097351074219,304286
2012-12-10,400.920654296875,403.2392883300781,396.2833557128906,397.3399658203125,148952
2012-12-11,399.74664306640625,401.5076599121094,394.75714111328125,397.6628112792969,169848
2012-12-12,400.3336486816406,402.681640625,395.1680603027344,401.4783020019531,124228
2012-12-13,404.06109619140625,410.0191345214844,402.7990417480469,403.5621337890625,755615
2012-12-14,407.90594482421875,407.90594482421875,397.3986511230469,399.54119873046875,196732
2012-12-17,399.1596374511719,401.15545654296875,392.58526611328125,393.0255126953125,183569
2012-12-18,394.4636535644531,396.16595458984375,390.941650390625,393.26031494140625,301957
2012-12-19,394.8745422363281,397.10516357421875,391.5286560058594,392.7026672363281,428105
2012-12-20,392.7026672363281,395.5495910644531,391.0884094238281,392.79071044921875,191632
2012-12-21,390.941650390625,392.0276184082031,385.7173767089844,387.0674743652344,180846
2012-12-24,389.1806640625,391.91021728515625,386.50982666015625,388.3001708984375,171877
2012-12-26,389.2980651855469,393.8473205566406,388.6230163574219,392.32110595703125,163500
2012-12-27,395.6376647949219,395.6376647949219,388.47625732421875,390.2666015625,299284
2012-12-28,390.941650390625,395.0506591796875,385.2184143066406,392.58526611328125,149543
2012-12-31,393.2896423339844,394.75714111328125,391.1177673339844,391.9689025878906,88516
2013-01-01,395.0506591796875,396.9877624511719,392.4091491699219,395.69635009765625,128458
2013-01-02,397.3986511230469,404.8829040527344,395.96051025390625,403.9436950683594,346807
2013-01-03,405.0296325683594,407.9646301269531,402.1239929199219,406.29168701171875,249884
2013-01-04,408.37554931640625,408.37554931640625,402.0946350097656,406.14495849609375,170429
2013-01-07,407.7885437011719,407.9646301269531,399.8640441894531,400.95001220703125,187461
2013-01-08,402.681640625,402.681640625,396.8116455078125,399.27703857421875,96293
2013-01-09,400.3336486816406,402.681640625,396.2833557128906,397.3986511230469,147182
2013-01-10,399.1596374511719,400.1282043457031,396.84100341796875,397.92694091796875,122552
2013-01-11,397.92694091796875,397.92694091796875,384.4846496582031,385.541259765625,272530
2013-01-14,388.27081298828125,391.7634582519531,386.24566650390625,390.1785583496094,157218
2013-01-15,390.1785583496094,391.91021728515625,386.24566650390625,388.0947265625,341233
2013-01-16,385.4532165527344,395.28546142578125,383.3987121582031,384.60205078125,527439
2013-01-17,384.9542541503906,388.4175720214844,381.6083679199219,382.60626220703125,232649
2013-01-18,383.8389587402344,387.30224609375,382.0779724121094,385.4532165527344,201722
2013-01-21,385.6586608886719,387.6838073730469,383.3106689453125,386.1576232910156,77487
2013-01-22,385.6586608886719,387.9479675292969,379.20166015625,380.81591796875,178645
2013-01-23,380.84527587890625,382.60626220703125,375.7383728027344,378.8494567871094,160271
2013-01-24,376.6188659667969,380.2582702636719,372.9207763671875,374.0654296875,132110
2013-01-25,373.9186706542969,378.4385681152344,370.9836730957031,376.5601806640625,143857
2013-01-28,376.9123840332031,379.1136169433594,373.390380859375,375.3274841308594,132013
2013-01-29,375.6796569824219,378.6146545410156,375.0926818847656,376.5895080566406,114066
2013-01-30,377.00042724609375,379.7886657714844,373.9186706542969,378.7027282714844,159730
2013-01-31,376.4134216308594,388.5936584472656,376.3547058105469,385.3358154296875,1129849
2013-02-01,384.1031188964844,385.9228210449219,375.5329284667969,377.4993591308594,229572
2013-02-04,379.20166015625,379.3190612792969,372.7446594238281,373.7132263183594,165894
2013-02-05,372.7446594238281,375.3274841308594,367.96063232421875,373.390380859375,204093
2013-02-06,374.0067138671875,374.6230773925781,366.3170166015625,368.10736083984375,268777
2013-02-07,366.8746643066406,369.72161865234375,363.3526916503906,364.2918701171875,191715
2013-02-08,363.9396667480469,366.5811767578125,360.4176940917969,361.3275451660156,161420
2013-02-11,362.6482849121094,363.70489501953125,359.0088806152344,360.06549072265625,168402
2013-02-12,360.1241760253906,362.5895690917969,358.9501953125,360.9166259765625,132521
2013-02-13,361.0633850097656,363.64617919921875,353.6672058105469,354.89990234375,154679
2013-02-14,353.3736877441406,355.046630859375,336.2039489746094,338.2290954589844,533850
2013-02-15,336.9377136230469,340.2542419433594,331.80145263671875,333.2396240234375,524075
2013-02-18,332.8287048339844,338.1116943359375,329.30670166015625,332.916748046875,265998
2013-02-19,331.65472412109375,338.6400146484375,331.65472412109375,336.2919921875,324327
2013-02-20,339.28570556640625,339.8727111816406,331.2144470214844,332.94610595703125,311884
2013-02-21,331.8894958496094,332.3004150390625,325.4912109375,326.7532653808594,323242
2013-02-22,326.7532653808594,326.7826232910156,320.2962646484375,321.20611572265625,259719
2013-02-25,321.7931213378906,325.5792541503906,319.0342102050781,320.5604248046875,367254
2013-02-26,320.501708984375,320.501708984375,307.67578125,309.700927734375,299351
2013-02-27,312.2837219238281,314.04473876953125,303.80157470703125,305.3277893066406,379683
2013-02-28,306.3843688964844,311.051025390625,294.08673095703125,296.0238342285156,891723
2013-03-01,293.7932434082031,300.42633056640625,289.9777526855469,290.6821594238281,322386
2013-03-04,290.56475830078125,293.47039794921875,283.1391906738281,287.4536437988281,460981
2013-03-05,287.18951416015625,296.1412353515625,285.8687438964844,293.88128662109375,455613
2013-03-06,295.9944763183594,304.00701904296875,295.9944763183594,302.3634338378906,406996
2013-03-07,303.0384826660156,306.29632568359375,300.5437316894531,303.8309326171875,262395
2013-03-08,303.4787292480469,314.6023864746094,300.7491760253906,312.9294128417969,370250
2013-03-11,313.04681396484375,335.47021484375,313.04681396484375,330.216552734375,1471439
2013-03-12,330.45135498046875,330.45135498046875,321.0887145996094,324.3172302246094,666590
2013-03-13,323.43670654296875,323.43670654296875,312.9294128417969,314.95458984375,330637
2013-03-14,314.5143127441406,319.91473388671875,309.4074401855469,316.3046875,334203
2013-03-15,318.2124328613281,339.3443908691406,318.1830749511719,336.99639892578125,1581532
2013-03-18,332.6232604980469,345.595947265625,331.0677185058594,342.3381042480469,1275675
2013-03-19,342.8077087402344,348.6777038574219,332.32977294921875,334.3255615234375,863806
2013-03-20,332.32977294921875,338.2584533691406,327.6924743652344,330.1872253417969,413262
2013-03-21,331.65472412109375,336.9377136230469,316.979736328125,319.7386169433594,399991
2013-03-22,318.1537170410156,328.1327209472656,315.60028076171875,324.64007568359375,475380
2013-03-25,329.30670166015625,331.0677185058594,322.55621337890625,325.5792541503906,383368
2013-03-26,325.1977233886719,325.25640869140625,307.03009033203125,309.52484130859375,454342
2013-03-28,307.5877380371094,328.22076416015625,302.0699462890625,322.0572814941406,1450919
2013-04-01,322.0572814941406,326.9000244140625,310.3172912597656,311.34454345703125,624368
2013-04-02,310.64013671875,319.2690124511719,310.4933776855469,316.979736328125,425388
2013-04-03,316.979736328125,317.0384216308594,306.56048583984375,307.5583801269531,684855
2013-04-04,307.03009033203125,307.0887756347656,294.1748046875,295.8183898925781,602523
2013-04-05,295.3487854003906,299.80999755859375,289.9777526855469,292.3551025390625,794266
2013-04-08,294.08673095703125,295.7303466796875,281.8184509277344,283.10986328125,749227
2013-04-09,285.81005859375,288.8037414550781,273.9233093261719,277.7388000488281,581184
2013-04-10,281.759765625,283.520751953125,274.1287536621094,280.9673156738281,370983
2013-04-11,282.9337463378906,285.28173828125,276.1539001464844,281.7010498046875,264531
2013-04-12,279.4117431640625,290.56475830078125,277.2398681640625,288.7156982421875,355431
2013-04-15,285.9274597167969,292.32574462890625,278.82476806640625,280.0281066894531,392126
2013-04-16,277.0637512207031,290.535400390625,276.8583068847656,287.4830017089844,545271
2013-04-17,290.1538391113281,295.49554443359375,284.8121643066406,287.4536437988281,570913
2013-04-18,289.88970947265625,296.43475341796875,287.835205078125,294.6737365722656,440354
2013-04-22,297.021728515625,305.5332336425781,294.6737365722656,301.6296691894531,382557
2013-04-23,302.8917236328125,312.43048095703125,302.8917236328125,310.8455810546875,566615
2013-04-25,311.8141174316406,314.0740661621094,302.4221496582031,306.0028381347656,319760
2013-04-26,305.82672119140625,305.82672119140625,279.44110107421875,295.2607421875,2452639
2013-04-29,298.7827453613281,317.9189147949219,294.2334899902344,313.3990173339844,1719076
2013-04-30,316.3927307128906,331.0677185058594,314.0740661621094,320.5604248046875,1314118
2013-05-02,317.9776306152344,323.3193054199219,314.25018310546875,317.65478515625,387518
2013-05-03,315.9818115234375,332.4178161621094,311.96087646484375,328.83709716796875,866045
2013-05-06,331.65472412109375,334.5897216796875,327.07611083984375,329.6002197265625,349715
2013-05-07,330.6274719238281,331.65472412109375,324.0237121582031,327.9272766113281,266172
2013-05-08,328.69036865234375,332.1830139160156,324.0237121582031,326.5771789550781,182560
2013-05-09,329.7176208496094,338.34649658203125,326.3717041015625,337.26055908203125,673416
2013-05-10,339.5205078125,340.9292907714844,329.1893005371094,332.24169921875,631279
2013-05-13,334.7364501953125,336.79095458984375,322.8497314453125,323.5247802734375,254139
2013-05-14,325.78472900390625,325.78472900390625,316.979736328125,324.0530700683594,322286
2013-05-15,324.552001953125,333.41571044921875,324.552001953125,330.480712890625,311811
2013-05-16,330.480712890625,337.231201171875,330.480712890625,334.4429626464844,244352
2013-05-17,334.76580810546875,368.63568115234375,331.65472412109375,364.37994384765625,2158155
2013-05-20,364.52667236328125,368.0486755371094,349.26470947265625,352.17034912109375,1210822
2013-05-21,349.0592346191406,361.2981872558594,345.83074951171875,351.5539855957031,909232
2013-05-22,354.9292297363281,358.65667724609375,344.6274108886719,347.2395324707031,389669
2013-05-23,344.3632507324219,345.62530517578125,330.8035583496094,335.44085693359375,471593
2013-05-24,339.54986572265625,346.3590393066406,326.7532653808594,337.3192443847656,507170
2013-05-27,337.5540466308594,346.27099609375,334.795166015625,342.8077087402344,340446
2013-05-28,342.45550537109375,353.25628662109375,339.8727111816406,347.0634460449219,646523
2013-05-29,345.15570068359375,348.3841857910156,339.3443908691406,342.66094970703125,366090
2013-05-30,339.1095886230469,351.8475036621094,337.52471923828125,349.2353515625,890319
2013-05-31,351.6127014160156,356.48480224609375,341.9272155761719,349.5581970214844,773436
2013-06-03,349.3233947753906,352.6692810058594,335.5582580566406,345.2437438964844,281136
2013-06-04,345.7427062988281,349.8516845703125,337.0257568359375,341.31085205078125,418784
2013-06-05,340.5184020996094,347.44500732421875,337.7594909667969,340.2835998535156,270836
2013-06-06,339.69659423828125,345.15570068359375,336.4974670410156,343.1598815917969,331027
2013-06-07,346.2123107910156,346.3297119140625,335.881103515625,338.0530090332031,294961
2013-06-10,339.28570556640625,348.9125061035156,329.9230651855469,332.9167785644531,209024
2013-06-11,332.1242980957031,337.46600341796875,326.9587097167969,334.29620361328125,253731
2013-06-12,331.7134094238281,337.1431579589844,326.0488586425781,329.57086181640625,307197
2013-06-13,326.7532653808594,329.15997314453125,318.77008056640625,321.1474304199219,263780
2013-06-14,324.552001953125,326.84130859375,320.53106689453125,322.8790588378906,234206
2013-06-17,322.2627258300781,328.5729675292969,312.9294128417969,323.7595520019531,528634
2013-06-18,324.2291564941406,328.6023254394531,319.38641357421875,321.44091796875,253853
2013-06-19,321.0887145996094,325.3444519042969,317.9189147949219,323.4073791503906,238397
2013-06-20,319.91473388671875,324.4346008300781,314.66107177734375,316.01116943359375,275059
2013-06-21,314.04473876953125,315.2187194824219,308.17474365234375,311.2271423339844,324472
2013-06-24,311.1097412109375,312.16632080078125,297.2272033691406,300.6318054199219,247068
2013-06-25,301.0720520019531,313.72186279296875,294.14544677734375,304.6527404785156,441075
2013-06-26,310.4933776855469,313.4577331542969,307.2942199707031,309.5835266113281,415661
2013-06-27,312.2837219238281,319.5625305175781,308.9378356933594,311.1977844238281,352693
2013-06-28,315.2187194824219,336.3507080078125,311.2564697265625,323.8476257324219,485560
2013-07-01,329.98175048828125,339.4617919921875,327.0174255371094,334.5897216796875,457565
2013-07-02,335.7637023925781,342.220703125,326.4891052246094,327.75115966796875,426562
2013-07-03,324.64007568359375,332.4471740722656,317.3025817871094,318.56463623046875,554765
2013-07-04,319.9734191894531,322.2040100097656,311.8141174316406,314.0740661621094,374772
2013-07-05,316.89166259765625,323.23126220703125,311.1097412109375,313.4283752441406,360819
2013-07-08,310.14117431640625,311.051025390625,306.4137268066406,308.4388732910156,312254
2013-07-09,310.0531311035156,314.8958740234375,310.0531311035156,312.43048095703125,250829
2013-07-10,313.51641845703125,316.3927307128906,303.5667724609375,307.2061767578125,234961
2013-07-11,310.2879333496094,315.365478515625,309.67156982421875,312.8707275390625,280131
2013-07-12,314.04473876953125,327.2522277832031,311.1097412109375,324.69879150390625,575218
2013-07-15,324.6694030761719,333.2689514160156,320.06146240234375,331.0970458984375,364656
2013-07-16,328.0740051269531,342.6903076171875,320.12017822265625,339.28570556640625,586080
2013-07-17,341.6336975097656,346.97540283203125,335.17669677734375,340.7532043457031,535697
2013-07-18,340.7532043457031,343.8936462402344,335.881103515625,338.40521240234375,278797
2013-07-19,335.0006103515625,342.8077087402344,322.9964599609375,328.2794494628906,331708
2013-07-22,325.080322265625,329.30670166015625,316.0992126464844,318.3885192871094,277928
2013-07-23,319.5331726074219,325.1390075683594,315.80572509765625,322.9084167480469,257279
2013-07-24,321.9105224609375,321.9105224609375,307.5877380371094,311.1684265136719,312620
2013-07-25,307.5290222167969,319.82666015625,306.4137268066406,315.27740478515625,272148
2013-07-26,309.3487243652344,321.0887145996094,309.3487243652344,314.45562744140625,340969
2013-07-29,309.3487243652344,314.92523193359375,302.92108154296875,306.03216552734375,183277
2013-07-30,303.0384826660156,303.33197021484375,292.3844299316406,294.08673095703125,392426
2013-07-31,288.95050048828125,303.4787292480469,285.28173828125,300.4556884765625,372540
2013-08-01,299.95672607421875,304.94622802734375,277.5920715332031,281.8184509277344,427216
2013-08-02,282.9337463378906,288.89178466796875,258.3091125488281,264.9422302246094,1726904
2013-08-05,262.50616455078125,264.12042236328125,254.376220703125,257.8101806640625,412189
2013-08-06,255.990478515625,257.8101806640625,247.2441864013672,249.9443817138672,588790
2013-08-07,251.2944793701172,266.4977722167969,248.9464874267578,263.5040588378906,435947
2013-08-08,261.9485168457031,271.7220764160156,261.0386657714844,265.3531188964844,314596
2013-08-12,271.1937561035156,273.6591491699219,259.4537658691406,267.2021789550781,299470
2013-08-13,267.1728210449219,273.5124206542969,263.5627746582031,265.7640075683594,350763
2013-08-14,264.1497802734375,266.1749267578125,258.27978515625,258.86676025390625,425174
2013-08-16,256.5187683105469,257.9569091796875,249.2693328857422,251.1770782470703,395770
2013-08-19,248.88778686523438,257.6927795410156,245.95278930664062,254.05337524414062,329177
2013-08-20,251.23577880859375,263.2692565917969,249.09323120117188,259.36572265625,430291
2013-08-21,261.4495849609375,266.9086608886719,253.026123046875,260.1875305175781,747748
2013-08-22,258.27978515625,266.9380187988281,256.0785217285156,263.9736633300781,474170
2013-08-23,264.2084655761719,277.0637512207031,259.7179260253906,264.7074279785156,592557
2013-08-26,268.0826721191406,268.84576416015625,258.4852294921875,261.9485168457031,386031
2013-08-27,258.27978515625,261.8017578125,252.93807983398438,258.3971862792969,568341
2013-08-28,255.2273712158203,255.93177795410156,243.01779174804688,251.0009765625,585717
2013-08-29,250.06178283691406,260.6277770996094,249.23997497558594,250.56072998046875,436809
2013-08-30,251.52928161621094,257.6927795410156,243.6047821044922,253.99468994140625,593460
2013-09-02,253.40768432617188,256.5187683105469,248.65298461914062,251.41188049316406,407114
2013-09-03,253.4663848876953,256.9296875,244.19178771972656,246.2462921142578,401116
2013-09-04,245.95278930664062,260.6277770996094,244.39723205566406,252.11627197265625,609555
2013-09-05,255.3447723388672,257.6927795410156,252.55653381347656,254.93386840820312,507383
2013-09-06,255.93177795410156,264.1497802734375,255.40347290039062,258.72003173828125,866467
2013-09-10,261.2734680175781,281.7890930175781,261.21478271484375,278.82476806640625,2304214
2013-09-11,277.5920715332031,334.0027160644531,273.0134582519531,301.0133361816406,3510926
2013-09-12,303.8896484375,304.0950927734375,275.12664794921875,276.6528625488281,1659210
2013-09-13,279.9400634765625,284.63604736328125,276.3593444824219,281.4075622558594,1021539
2013-09-16,284.69476318359375,289.6842346191406,275.59625244140625,276.8876647949219,722961
2013-09-17,277.5920715332031,277.88555908203125,270.6361083984375,273.805908203125,491434
2013-09-18,273.0721740722656,277.0637512207031,270.3719482421875,275.33209228515625,513940
2013-09-19,280.58575439453125,289.21466064453125,278.2377624511719,283.5794677734375,785813
2013-09-20,283.520751953125,287.60040283203125,275.0386047363281,281.7010498046875,758412
2013-09-23,278.2377624511719,283.520751953125,275.9484558105469,279.5585021972656,674496
2013-09-24,279.4117431640625,284.0490417480469,276.53546142578125,280.4977111816406,590598
2013-09-25,280.5270690917969,282.34674072265625,274.92120361328125,280.0574645996094,545751
2013-09-26,279.9987487792969,282.9337463378906,277.5333557128906,280.96728515625,532426
2013-09-27,280.9379577636719,285.4872131347656,278.82476806640625,281.7890930175781,485424
2013-09-30,280.58575439453125,283.931640625,276.1832580566406,280.3509521484375,652923
2013-10-01,280.99664306640625,288.68634033203125,278.6192932128906,286.5731506347656,441806
2013-10-03,288.8037414550781,292.12030029296875,285.04693603515625,288.95050048828125,901627
2013-10-04,287.0427551269531,295.8477478027344,287.0427551269531,291.1517333984375,737617
2013-10-07,290.56475830078125,299.3697509765625,289.9190368652344,298.371826171875,599170
2013-10-08,299.3697509765625,301.0720520019531,290.03643798828125,291.6800537109375,293777
2013-10-09,288.8037414550781,297.69677734375,288.21673583984375,295.5542297363281,243286
2013-10-10,295.2607421875,304.06573486328125,294.08673095703125,301.5416259765625,468094
2013-10-11,305.1223449707031,305.23974609375,295.3194274902344,299.046875,347514
2013-10-14,299.046875,302.30474853515625,295.29010009765625,296.43475341796875,199587
2013-10-15,297.6380920410156,300.3089294433594,291.1517333984375,295.3781433105469,465736
2013-10-17,296.43475341796875,302.275390625,293.5584411621094,295.3487854003906,359489
2013-10-18,295.8477478027344,308.17474365234375,295.2607421875,306.14959716796875,613877
2013-10-21,306.4724426269531,318.1537170410156,303.4787292480469,316.89166259765625,537993
2013-10-22,314.1034240722656,329.4534606933594,314.1034240722656,327.0467529296875,529671
2013-10-23,328.1327209472656,328.83709716796875,314.39691162109375,319.3570861816406,658746
2013-10-24,318.1537170410156,323.96502685546875,315.54156494140625,319.6212158203125,254492
2013-10-25,319.3277282714844,325.1390075683594,311.315185546875,312.5772399902344,366472
2013-10-28,314.1034240722656,318.56463623046875,308.17474365234375,308.6736755371094,227845
2013-10-29,305.386474609375,324.6107177734375,305.386474609375,320.79522705078125,396780
2013-10-30,323.43670654296875,328.6610107421875,318.1537170410156,325.8727722167969,210034
2013-10-31,325.9608154296875,346.3297119140625,320.6191101074219,341.72174072265625,712775
2013-11-01,341.78045654296875,350.4680480957031,336.9377136230469,346.5644836425781,634765
2013-11-05,342.220703125,344.5393371582031,335.5289001464844,336.2626647949219,276110
2013-11-06,336.6441955566406,357.9229431152344,336.6441955566406,345.0382995605469,1357236
2013-11-07,346.27099609375,354.4889831542969,329.8937072753906,333.180908203125,780896
2013-11-08,332.8287048339844,339.28570556640625,331.7134094238281,334.94189453125,227337
2013-11-11,334.0027160644531,338.5226135253906,315.8644104003906,320.8832702636719,336775
2013-11-12,320.4430236816406,325.4912109375,311.6673889160156,314.92523193359375,374920
2013-11-13,312.84136962890625,324.17047119140625,309.965087890625,312.0782775878906,351708
2013-11-14,315.365478515625,327.80987548828125,314.1621398925781,326.4891052246094,445337
2013-11-18,328.7197265625,336.9083557128906,321.851806640625,335.4114990234375,513269
2013-11-19,335.7637023925781,335.7637023925781,330.480712890625,332.5939025878906,346998
2013-11-20,332.6232604980469,342.220703125,327.6924743652344,330.92095947265625,632653
2013-11-21,330.97967529296875,336.0572204589844,315.3067626953125,318.1537170410156,440807
2013-11-22,322.2040100097656,334.0027160644531,319.91473388671875,329.54150390625,936292
2013-11-25,332.47650146484375,356.1912841796875,325.8140563964844,353.28564453125,1879371
2013-11-26,353.3736877441406,362.1786804199219,349.4407958984375,358.0990295410156,1436255
2013-11-27,358.010986328125,362.1786804199219,347.7384948730469,349.7049560546875,844080
2013-11-28,351.0550537109375,364.4092712402344,349.8516845703125,360.6231384277344,1507336
2013-11-29,360.94598388671875,367.75518798828125,358.0697021484375,361.3862609863281,1290858
2013-12-02,361.0046691894531,364.8788757324219,355.2227478027344,357.5413818359375,649329
2013-12-03,355.7803955078125,360.1241760253906,353.696533203125,354.9292297363281,468048
2013-12-04,353.3736877441406,362.5895690917969,350.61480712890625,355.34014892578125,767240
2013-12-05,361.0046691894531,368.63568115234375,357.4826965332031,364.2038269042969,1054193
2013-12-06,363.9396667480469,370.9836730957031,358.0697021484375,369.340087890625,909937
2013-12-09,375.6796569824219,382.66497802734375,369.2813720703125,380.1995544433594,1720142
2013-12-10,382.7236633300781,384.3966064453125,375.6796569824219,379.2897033691406,1452684
2013-12-11,378.6146545410156,388.00665283203125,375.7383728027344,382.0192565917969,902430
2013-12-12,382.6943054199219,385.6586608886719,372.451171875,374.1828308105469,465627
2013-12-13,372.18701171875,373.3023376464844,363.2059326171875,364.05706787109375,426536
2013-12-16,366.2876892089844,370.161865234375,361.1220703125,367.8138732910156,501654
2013-12-17,370.9543151855469,376.53082275390625,365.05499267578125,367.54974365234375,428600
2013-12-18,367.5790710449219,374.44696044921875,366.2876892089844,370.24993896484375,593048
2013-12-19,370.690185546875,375.2100830078125,365.289794921875,370.690185546875,418535
2013-12-20,370.86627197265625,382.7236633300781,370.3086242675781,381.6670837402344,1186846
2013-12-23,384.3672790527344,395.6376647949219,381.6964111328125,391.469970703125,1392081
2013-12-24,391.9395446777344,394.4636535644531,385.1890563964844,386.3043518066406,297535
2013-12-26,386.7739562988281,400.7738952636719,386.48046875,393.1135559082031,1065879
2013-12-27,393.2896423339844,397.2225646972656,388.00665283203125,389.1806640625,386213
2013-12-30,389.591552734375,398.24981689453125,384.7194519042969,387.33160400390625,254492
2013-12-31,390.1492004394531,392.52655029296875,384.4846496582031,389.2687072753906,234359
2014-01-01,390.8536071777344,394.6984558105469,387.4196472167969,389.7089538574219,380802
2014-01-02,389.1806640625,392.9081115722656,370.01513671875,374.88720703125,305582
2014-01-03,369.8096618652344,375.59161376953125,366.8746643066406,369.5455322265625,578739
2014-01-06,369.8096618652344,373.7425842285156,365.73004150390625,367.1681823730469,407126
2014-01-07,366.34637451171875,370.66082763671875,363.9396667480469,366.639892578125,297114
2014-01-08,366.8746643066406,374.2708740234375,366.8746643066406,370.426025390625,474744
2014-01-09,369.8096618652344,373.7425842285156,355.1933898925781,357.30657958984375,496102
2014-01-10,356.89569091796875,361.4742736816406,346.3883972167969,350.35064697265625,385685
2014-01-13,349.26470947265625,352.1409912109375,346.6525573730469,348.5896301269531,402783
2014-01-14,348.560302734375,358.0697021484375,348.32550048828125,356.69024658203125,338669
2014-01-15,357.98162841796875,360.68182373046875,349.26470947265625,357.10113525390625,528537
2014-01-16,357.6294250488281,360.4176940917969,353.0802001953125,354.1661376953125,390450
2014-01-17,352.78668212890625,356.4554443359375,344.42193603515625,346.76995849609375,573095
2014-01-20,346.44708251953125,349.8516845703125,341.72174072265625,346.124267578125,230877
2014-01-21,350.7028503417969,354.5476989746094,347.38629150390625,348.5015869140625,260109
2014-01-22,348.5015869140625,351.96490478515625,346.3590393066406,349.26470947265625,239882
2014-01-23,349.1473083496094,357.4826965332031,347.5036926269531,350.7322082519531,448971
2014-01-24,349.26470947265625,351.3191833496094,337.5540466308594,339.7259521484375,242451
2014-01-27,336.3507080078125,336.3507080078125,314.39691162109375,316.01116943359375,483630
2014-01-28,316.04052734375,320.501708984375,306.7072448730469,309.3487243652344,419155
2014-01-29,311.69671630859375,318.3591613769531,311.1684265136719,316.89166259765625,401818
2014-01-30,313.3990173339844,320.06146240234375,301.1307373046875,315.1893615722656,1077181
2014-01-31,319.85601806640625,327.54571533203125,312.5185241699219,324.0530700683594,391441
2014-02-03,321.20611572265625,328.1327209472656,319.44512939453125,321.851806640625,269984
2014-02-04,316.979736328125,321.4996337890625,312.2837219238281,317.62542724609375,264530
2014-02-05,318.2124328613281,328.6610107421875,318.09503173828125,322.82037353515625,365477
2014-02-06,323.5834655761719,329.7176208496094,315.2480773925781,323.28997802734375,390772
2014-02-07,324.37591552734375,327.48699951171875,321.8224792480469,323.90631103515625,203937
2014-02-10,324.6107177734375,326.2836608886719,320.0027770996094,321.5583190917969,107765
2014-02-11,322.82037353515625,324.84552001953125,318.2711181640625,319.7973327636719,118359
2014-02-12,321.030029296875,325.78472900390625,318.1830749511719,322.8497314453125,241455
2014-02-13,323.3780212402344,324.9922790527344,311.02166748046875,311.9021911621094,177904
2014-02-14,311.990234375,315.80572509765625,306.2376403808594,310.9336242675781,221424
2014-02-17,308.8204345703125,314.66107177734375,308.8204345703125,311.1684265136719,162851
2014-02-18,311.2271423339844,331.59600830078125,311.2271423339844,330.1578674316406,758591
2014-02-19,332.8287048339844,340.22491455078125,330.8035583496094,336.38006591796875,782407
2014-02-20,333.41571044921875,348.6777038574219,331.3612060546875,343.33599853515625,943580
2014-02-21,345.62530517578125,345.62530517578125,338.7867431640625,343.33599853515625,275104
2014-02-24,343.33599853515625,349.20599365234375,342.220703125,346.09490966796875,388191
2014-02-25,347.5624084472656,349.26470947265625,342.5141906738281,343.6882019042969,207497
2014-02-26,343.39471435546875,359.625244140625,342.5141906738281,354.81182861328125,1637757
2014-02-28,356.5434875488281,366.2876892089844,356.2793273925781,363.8222961425781,718400
2014-03-03,365.70068359375,367.1681823730469,360.9166259765625,363.3526916503906,463037
2014-03-04,362.8243713378906,368.0486755371094,361.5916748046875,365.20172119140625,570210
2014-03-05,366.0528869628906,381.25616455078125,363.2939758300781,378.2331237792969,1274179
2014-03-06,378.6733703613281,389.15130615234375,378.6146545410156,381.8138122558594,1129421
2014-03-07,386.0695495605469,397.8682556152344,384.6607666015625,392.4385070800781,1204246
2014-03-10,392.7026672363281,409.43212890625,387.6544494628906,407.4656982421875,1700774
2014-03-11,408.5516357421875,410.8409423828125,388.1240539550781,397.8682556152344,920648
2014-03-12,394.4636535644531,404.8241882324219,390.941650390625,393.4364013671875,558077
2014-03-13,392.1743469238281,402.0946350097656,388.3294982910156,390.8829650878906,918869
2014-03-14,391.5286560058594,403.2686462402344,383.3987121582031,400.62713623046875,713142
2014-03-18,401.5076599121094,412.8660888671875,401.5076599121094,403.2980041503906,904869
2014-03-19,405.67535400390625,408.52227783203125,399.1596374511719,401.5369873046875,346277
2014-03-20,400.920654296875,408.5516357421875,395.7257080078125,401.5076599121094,420768
2014-03-21,402.7696838378906,405.46990966796875,400.27496337890625,403.12188720703125,843257
2014-03-24,402.681640625,409.72564697265625,402.681640625,407.26025390625,420876
2014-03-25,406.7906494140625,423.49078369140625,405.14703369140625,418.4425964355469,1364500
2014-03-26,421.8178405761719,424.400634765625,415.59564208984375,421.8178405761719,926816
2014-03-27,421.46563720703125,429.36077880859375,419.17633056640625,426.42578125,836850
2014-03-28,427.0421142578125,444.94561767578125,419.7926940917969,440.2789611816406,1053718
2014-03-31,443.06719970703125,454.9245910644531,435.84710693359375,453.3690490722656,948690
2014-04-01,453.6625671386719,453.7506103515625,427.9226379394531,434.35028076171875,1428885
2014-04-02,437.1385192871094,446.1195983886719,431.0043640136719,443.0085144042969,829935
2014-04-03,440.2496032714844,449.3481140136719,438.57666015625,447.4110107421875,938624
2014-04-04,445.7380676269531,446.1195983886719,435.5829772949219,436.99176025390625,329978
2014-04-07,440.83660888671875,447.8218994140625,435.2601318359375,439.251708984375,475330
2014-04-09,440.89532470703125,449.20135498046875,440.83660888671875,444.5640563964844,552424
2014-04-10,445.5326232910156,455.717041015625,443.39007568359375,446.7359619140625,583503
2014-04-11,445.5326232910156,447.7925720214844,439.07562255859375,445.82611083984375,318501
2014-04-15,443.4781188964844,447.2936096191406,436.31671142578125,443.9183654785156,397709
2014-04-16,443.1846008300781,449.2893981933594,427.74652099609375,431.56201171875,288741
2014-04-17,432.73602294921875,447.2642517089844,428.5976867675781,444.06512451171875,545131
2014-04-21,443.7716064453125,452.5179138183594,442.24542236328125,445.7967529296875,338860
2014-04-22,447.0001220703125,454.86590576171875,443.4487609863281,444.652099609375,367855
2014-04-23,443.4487609863281,449.4948425292969,436.7276306152344,438.429931640625,333490
2014-04-24,438.429931640625,438.429931640625,438.429931640625,438.429931640625,0
2014-04-25,440.2789611816406,447.1468505859375,431.4446105957031,434.4676818847656,731126
2014-04-28,450.75689697265625,450.75689697265625,429.15533447265625,437.5494079589844,843036
2014-04-29,437.3146057128906,437.3146057128906,417.56207275390625,420.58514404296875,669450
2014-04-30,423.1092224121094,426.5725402832031,402.4175109863281,407.49505615234375,604221
2014-05-02,410.8996276855469,415.0086364746094,402.5935974121094,405.9688415527344,591162
2014-05-05,410.1658935546875,410.1658935546875,395.0506591796875,396.4594421386719,498652
2014-05-06,396.5181579589844,398.5726623535156,390.0611572265625,393.084228515625,492833
2014-05-07,391.0003662109375,402.0946350097656,391.0003662109375,395.8137512207031,591463
2014-05-08,396.4007568359375,400.8032531738281,386.6859130859375,391.85150146484375,741469
2014-05-09,388.00665283203125,425.45721435546875,388.00665283203125,421.87652587890625,1114217
2014-05-12,419.822021484375,444.27056884765625,419.7633361816406,441.4822998046875,999939
2014-05-13,441.4236145019531,458.9748840332031,441.4236145019531,454.0734558105469,689450
2014-05-14,457.8595886230469,468.132080078125,455.2474670410156,465.87213134765625,674721
2014-05-15,461.381591796875,484.9789733886719,461.381591796875,481.6917724609375,942401
2014-05-16,489.5575866699219,502.23675537109375,484.9789733886719,492.52191162109375,867334
2014-05-19,495.3101806640625,551.7208251953125,494.9286193847656,547.6998901367188,1065491
2014-05-20,557.0625,564.0477905273438,530.6768798828125,538.2198486328125,442615
2014-05-21,538.2785034179688,559.9681396484375,534.4923706054688,543.2386474609375,514934
2014-05-22,547.08349609375,553.423095703125,538.836181640625,541.7124633789062,270117
2014-05-23,542.9745483398438,568.802490234375,542.9745483398438,564.9282836914062,590555
2014-05-26,566.4545288085938,581.1001586914062,528.6810913085938,548.7271118164062,517182
2014-05-27,548.8445434570312,573.4984741210938,493.87200927734375,543.7376098632812,431824
2014-05-28,545.9095458984375,548.7564697265625,524.7775268554688,530.88232421875,383034
2014-05-29,531.2345581054688,543.4441528320312,516.03125,520.4630737304688,716329
2014-05-30,521.842529296875,529.8551025390625,504.0858154296875,509.28076171875,826377
2014-06-02,510.6895446777344,541.5070190429688,510.6895446777344,536.6349487304688,449709
2014-06-03,539.2764282226562,552.9534912109375,533.0542602539062,551.0457763671875,526441
2014-06-04,552.3665161132812,559.8214111328125,541.800537109375,544.3246459960938,440455
2014-06-05,545.322509765625,569.9765014648438,545.322509765625,568.1567993164062,867542
2014-06-06,569.3895263671875,575.8464965820312,557.0625,568.3035278320312,1085380
2014-06-09,573.7919921875,574.0855102539062,556.093994140625,561.6117553710938,479368
2014-06-10,563.51953125,567.0121459960938,549.636962890625,559.880126953125,403131
2014-06-11,559.9974975585938,565.7501220703125,541.947265625,545.2344970703125,426126
2014-06-12,547.34765625,551.779541015625,531.6748046875,548.404296875,410301
2014-06-13,543.5908813476562,559.1170043945312,520.08154296875,530.6181640625,692113
2014-06-16,525.3058471679688,534.1401977539062,499.6539611816406,528.4462890625,602557
2014-06-17,533.8173217773438,541.2135009765625,522.0186157226562,535.3728637695312,771310
2014-06-18,540.6265258789062,553.1882934570312,531.2345581054688,539.922119140625,762574
2014-06-19,542.9745483398438,549.4315185546875,527.7125244140625,531.5867309570312,242640
2014-06-20,526.2450561523438,535.871826171875,520.1109008789062,522.517578125,312613
2014-06-23,522.4882202148438,533.6412353515625,508.8698425292969,520.6685180664062,938479
2014-06-24,525.3645629882812,533.9347534179688,517.0584716796875,519.2891235351562,818792
2014-06-25,522.370849609375,526.7733154296875,518.9075317382812,521.4609985351562,705533
2014-06-26,524.6014404296875,533.4064331054688,524.542724609375,531.3225708007812,662794
2014-06-27,533.4651489257812,547.3770141601562,531.557373046875,544.9996948242188,815871
2014-06-30,549.3434448242188,563.51953125,546.6138916015625,561.1421508789062,602992
2014-07-01,565.2511596679688,570.5634765625,553.7459716796875,564.9576416015625,545775
2014-07-02,568.7731323242188,586.2363891601562,566.7479858398438,582.1860961914062,821980
2014-07-03,584.0645141601562,592.8695068359375,576.7857055664062,579.6619873046875,904200
2014-07-04,586.4124755859375,588.64306640625,569.9765014648438,581.3349609375,606172
2014-07-07,581.9512939453125,585.1504516601562,574.0855102539062,577.4901123046875,402746
2014-07-08,580.3663940429688,586.4124755859375,520.4337158203125,531.96826171875,915494
2014-07-09,533.4064331054688,539.2177124023438,513.5658569335938,519.4945678710938,596549
2014-07-10,519.4945678710938,551.779541015625,500.1235656738281,519.3771362304688,871416
2014-07-11,520.6392211914062,524.6014404296875,493.66656494140625,501.6497497558594,668068
2014-07-14,499.53656005859375,515.0040283203125,496.89508056640625,509.1633605957031,344059
2014-07-15,512.8614501953125,529.26806640625,511.4526672363281,524.4253540039062,354501
2014-07-16,528.299560546875,531.6748046875,518.4966430664062,529.2387084960938,357279
2014-07-17,524.1905517578125,539.6873168945312,523.9557495117188,535.4022216796875,309771
2014-07-18,536.81103515625,542.3875122070312,527.3603515625,535.9598999023438,352341
2014-07-21,541.800537109375,541.800537109375,531.2345581054688,534.521728515625,152061
2014-07-22,536.1066284179688,541.68310546875,528.9452514648438,538.014404296875,305581
2014-07-23,541.2135009765625,544.5594482421875,526.01025390625,532.643310546875,430044
2014-07-24,530.060546875,540.03955078125,524.1905517578125,538.42529296875,364312
2014-07-25,540.03955078125,543.9430541992188,520.08154296875,529.1800537109375,329323
2014-07-28,527.2722778320312,539.393798828125,523.603515625,527.3309936523438,213766
2014-07-30,527.1842651367188,531.821533203125,514.0941772460938,519.3477783203125,466850
2014-07-31,520.08154296875,523.8090209960938,512.920166015625,514.6224365234375,362800
2014-08-01,509.1046447753906,515.3855590820312,503.0585632324219,505.905517578125,287242
2014-08-04,505.9935607910156,523.2513427734375,505.9935607910156,520.9326782226562,461470
2014-08-05,522.4589233398438,525.4525756835938,515.3855590820312,522.5469360351562,384349
2014-08-06,519.4945678710938,530.735595703125,519.4945678710938,521.8131713867188,248679
2014-08-07,523.8970336914062,526.01025390625,510.7189025878906,516.29541015625,316242
2014-08-08,513.6245727539062,514.4169921875,499.4485168457031,501.5323486328125,1219818
2014-08-11,504.8195495605469,510.6895446777344,503.0585632324219,504.9076232910156,1004082
2014-08-12,505.81744384765625,511.5700378417969,499.33111572265625,509.427490234375,378582
2014-08-13,509.5448913574219,513.9473876953125,478.7274169921875,495.1340637207031,1310972
2014-08-14,496.6015625,502.4715576171875,489.176025390625,499.53656005859375,361335
2014-08-18,496.2200012207031,508.8698425292969,496.2200012207031,501.5323486328125,279388
2014-08-19,505.40655517578125,508.9285583496094,498.7441101074219,501.855224609375,258431
2014-08-20,509.31011962890625,509.31011962890625,500.1235656738281,504.027099609375,421121
2014-08-21,501.8845520019531,511.4233093261719,496.16131591796875,498.1277770996094,572288
2014-08-22,498.0690612792969,502.8531188964844,496.0145568847656,498.0397033691406,337717
2014-08-25,496.6015625,501.2975769042969,491.3185729980469,492.72735595703125,235535
2014-08-26,487.9433288574219,494.2535705566406,465.4906005859375,471.4192810058594,697404
2014-08-27,472.2410888671875,477.67083740234375,462.056640625,467.54510498046875,636852
2014-08-28,471.9476013183594,473.12158203125,457.8889465332031,466.2536926269531,952878
2014-09-01,467.310302734375,492.4338684082031,467.310302734375,490.526123046875,966278
2014-09-02,488.3835754394531,495.6330261230469,483.247314453125,484.42132568359375,490318
2014-09-03,487.2095642089844,498.59735107421875,486.18231201171875,492.0229797363281,658835
2014-09-04,489.5575866699219,494.4296569824219,479.0796203613281,488.53033447265625,599992
2014-09-05,488.9705810546875,503.2933654785156,484.861572265625,499.9181213378906,456782
2014-09-08,508.077392578125,525.9808959960938,505.40655517578125,522.8698120117188,1243147
2014-09-09,526.9201049804688,536.9871215820312,522.8698120117188,534.8152465820312,1048017
2014-09-10,531.2345581054688,535.1380615234375,522.78173828125,525.599365234375,576504
2014-09-11,528.2702026367188,533.435791015625,502.8531188964844,527.4483642578125,492841
2014-09-12,525.9515380859375,534.0521240234375,518.056396484375,521.020751953125,365421
2014-09-15,518.9075317382812,526.8613891601562,513.0375366210938,518.2911987304688,491710
2014-09-16,517.7335205078125,523.4861450195312,496.8070068359375,504.7021484375,776477
2014-09-17,509.51556396484375,522.3414916992188,490.8196105957031,520.1402587890625,1101537
2014-09-18,521.842529296875,528.0647583007812,519.4945678710938,523.5448608398438,482843
2014-09-19,520.8446655273438,532.4085083007812,518.3499145507812,521.7838745117188,545353
2014-09-22,518.9368896484375,527.1255493164062,516.5889282226562,521.0501098632812,464571
2014-09-23,518.9662475585938,526.2450561523438,514.2409057617188,517.8215942382812,439554
2014-09-24,517.7335205078125,522.4882202148438,501.0040588378906,506.4338073730469,274644
2014-09-25,501.9726257324219,509.51556396484375,475.5282897949219,480.78192138671875,891702
2014-09-26,480.78192138671875,491.23052978515625,463.2012939453125,483.6288757324219,635024
2014-09-29,484.3332824707031,491.3185729980469,473.15093994140625,475.9685363769531,317562
2014-09-30,475.4695739746094,498.7147521972656,473.8846740722656,485.53662109375,583232
2014-10-01,483.6875915527344,491.3185729980469,478.61004638671875,480.1949157714844,245272
2014-10-07,478.4045715332031,484.2745666503906,467.2515869140625,473.6498718261719,484007
2014-10-08,473.1802978515625,481.92657470703125,470.7735900878906,475.9098205566406,324320
2014-10-09,476.93707275390625,493.5785217285156,476.93707275390625,491.876220703125,598515
2014-10-10,487.2389221191406,489.3814697265625,473.12158203125,475.3228454589844,290383
2014-10-13,470.7735900878906,485.2431335449219,469.9517822265625,483.48211669921875,406243
2014-10-14,484.7441711425781,487.18023681640625,475.64569091796875,476.93707275390625,241816
2014-10-15,476.93707275390625,476.93707275390625,476.93707275390625,476.93707275390625,0
2014-10-16,474.23687744140625,480.16558837890625,451.28521728515625,456.8616943359375,410375
2014-10-17,453.8386535644531,469.0126037597656,453.8386535644531,467.22222900390625,449627
2014-10-20,473.2683410644531,485.97686767578125,472.5345764160156,484.0397644042969,396361
2014-10-21,484.2745666503906,489.5575866699219,482.39617919921875,488.5596618652344,238635
2014-10-22,491.3185729980469,507.69586181640625,490.55548095703125,505.7000732421875,511796
2014-10-27,505.5239562988281,509.04595947265625,499.0082702636719,504.32061767578125,238035
2014-10-28,505.3478698730469,511.68743896484375,503.0585632324219,505.4945983886719,345102
2014-10-29,507.1675720214844,510.6895446777344,500.41705322265625,505.7294006347656,329560
2014-10-30,503.79229736328125,510.6895446777344,500.8279724121094,503.9977722167969,507148
2014-10-31,506.34576416015625,516.5595703125,506.34576416015625,512.5679321289062,599814
2014-11-03,513.6245727539062,521.0794677734375,511.3645935058594,514.3582763671875,357959
2014-11-05,515.3855590820312,519.4945678710938,509.7796936035156,516.6475830078125,332025
2014-11-07,522.4295654296875,523.2807006835938,512.391845703125,517.6455078125,311496
2014-11-10,520.1402587890625,520.492431640625,504.8195495605469,508.9285583496094,201391
2014-11-11,511.8635559082031,514.2409057617188,502.76507568359375,512.127685546875,267913
2014-11-12,510.86566162109375,531.1171264648438,510.86566162109375,518.0270385742188,966203
2014-11-13,519.4945678710938,526.949462890625,517.6161499023438,521.7251586914062,421910
2014-11-14,520.6392211914062,547.6705322265625,520.6392211914062,544.764892578125,1212438
2014-11-17,548.69775390625,548.69775390625,537.1925659179688,539.1883544921875,460121
2014-11-18,538.8948974609375,553.3937377929688,538.2785034179688,548.14013671875,909556
2014-11-19,548.14013671875,558.7648315429688,536.0185546875,538.8948974609375,666794
2014-11-20,532.9955444335938,537.0164794921875,524.5133666992188,527.1842651367188,408293
2014-11-21,529.943115234375,535.343505859375,523.3687133789062,532.3204956054688,345589
2014-11-24,534.785888671875,551.39794921875,533.02490234375,548.9031982421875,618152
2014-11-25,551.779541015625,552.9534912109375,524.7775268554688,538.2492065429688,1048259
2014-11-26,533.993408203125,544.91162109375,528.299560546875,530.2953491210938,718220
2014-11-27,530.2953491210938,535.9305419921875,528.3875732421875,529.8844604492188,424032
2014-11-28,532.4085083007812,540.59716796875,527.242919921875,532.232421875,564198
2014-12-01,533.8760375976562,537.6915283203125,513.6245727539062,519.3477783203125,487092
2014-12-02,513.0375366210938,529.4735107421875,509.5448913574219,527.62451171875,505598
2014-12-03,533.5238037109375,533.6705932617188,525.7754516601562,530.060546875,403262
2014-12-04,531.2345581054688,577.9010009765625,531.2345581054688,572.9114990234375,2971908
2014-12-05,573.5865478515625,574.9072875976562,543.6202392578125,555.3895874023438,1017210
2014-12-08,548.8445434570312,553.54052734375,530.9116821289062,537.4273681640625,514026
2014-12-09,539.9808349609375,544.6768188476562,519.1716918945312,520.7272338867188,631857
2014-12-10,523.603515625,537.1045532226562,520.7272338867188,528.18212890625,492761
2014-12-11,528.8865356445312,538.3959350585938,516.5595703125,530.0311889648438,498356
2014-12-12,530.6475219726562,536.693603515625,516.5595703125,519.8173828125,461908
2014-12-15,520.6685180664062,526.5385131835938,511.3939514160156,513.9767456054688,493238
2014-12-16,510.6895446777344,517.6161499023438,484.861572265625,491.3185729980469,444194
2014-12-17,492.4338684082031,495.4275817871094,466.6645812988281,484.68548583984375,760027
2014-12-18,489.35211181640625,509.4862060546875,489.35211181640625,505.5826721191406,464221
2014-12-19,511.27655029296875,517.7335205078125,504.2325439453125,507.1968994140625,495525
2014-12-22,509.5742492675781,514.7985229492188,496.8070068359375,510.80694580078125,347220
2014-12-23,510.6895446777344,514.7985229492188,493.19696044921875,495.4569091796875,370158
2014-12-24,499.94744873046875,511.8635559082031,496.7189636230469,506.5218505859375,665787
2014-12-26,509.4862060546875,510.0438537597656,498.0984191894531,501.76715087890625,236846
2014-12-29,500.5931701660156,515.9725341796875,500.5931701660156,511.48199462890625,361051
2014-12-30,509.25140380859375,528.299560546875,508.341552734375,526.3037109375,722111
2014-12-31,528.1234130859375,536.693603515625,521.842529296875,532.49658203125,568956
2015-01-01,530.7062377929688,539.4525146484375,527.3603515625,532.232421875,253029
2015-01-02,534.1695556640625,538.8068237304688,529.2094116210938,536.7229614257812,267284
2015-01-05,532.9955444335938,547.6705322265625,532.9955444335938,539.2470703125,450124
2015-01-06,534.1695556640625,536.3120727539062,513.6832275390625,525.7754516601562,523022
2015-01-07,528.8865356445312,534.1695556640625,517.6161499023438,527.8299560546875,273834
2015-01-08,533.8760375976562,545.3518676757812,530.6475219726562,540.2743530273438,418025
2015-01-09,544.7355346679688,550.165283203125,534.785888671875,536.7816772460938,323393
2015-01-12,537.3980102539062,546.936767578125,531.263916015625,543.678955078125,335012
2015-01-13,550.429443359375,550.429443359375,532.643310546875,539.6873168945312,367225
2015-01-14,537.9850463867188,552.2491455078125,533.6412353515625,546.8780517578125,610629
2015-01-15,554.6558227539062,565.69140625,545.2931518554688,555.0960693359375,614070
2015-01-16,554.1275024414062,569.9471435546875,549.78369140625,566.51318359375,619992
2015-01-19,568.0980834960938,579.603271484375,560.9367065429688,568.9785766601562,738491
2015-01-20,570.005859375,574.5551147460938,557.737548828125,559.3811645507812,452610
2015-01-21,563.402099609375,583.4187622070312,561.1715087890625,579.309814453125,625092
2015-01-22,583.4774780273438,596.9784545898438,581.1295166015625,593.2510375976562,928520
2015-01-23,597.0371704101562,612.7394409179688,592.282470703125,609.8924560546875,854065
2015-01-27,610.4794921875,629.263427734375,601.7625122070312,624.7142333984375,638930
2015-01-28,622.8064575195312,636.3661499023438,612.9742431640625,620.0475463867188,584831
2015-01-29,619.8714599609375,627.9720458984375,614.5884399414062,619.8421020507812,494252
2015-01-30,620.9280395507812,622.219482421875,581.1295166015625,611.7415161132812,1472222
2015-02-02,611.6534423828125,648.0474243164062,609.8924560546875,643.70361328125,742990
2015-02-03,649.2801513671875,656.7350463867188,629.8211059570312,651.8042602539062,664576
2015-02-04,656.0306396484375,656.11865234375,635.4269409179688,643.3220825195312,558412
2015-02-05,642.7644653320312,649.749755859375,634.8399658203125,642.1774291992188,484187
2015-02-06,642.7644653320312,662.5463256835938,641.00341796875,650.3954467773438,692186
2015-02-09,642.2948608398438,668.0054321289062,633.95947265625,649.2801513671875,829828
2015-02-10,648.6344604492188,678.9822998046875,639.8294677734375,673.1416625976562,610487
2015-02-11,677.573486328125,695.0073852539062,677.573486328125,687.4937744140625,526499
2015-02-12,688.2568969726562,701.4644165039062,683.8544311523438,699.3511962890625,385167
2015-02-13,701.4644165039062,709.0953979492188,694.4497680664062,706.5712890625,383882
2015-02-16,707.3637084960938,733.162353515625,705.0157470703125,724.2986450195312,671118
2015-02-18,724.3573608398438,739.6193237304688,713.2630615234375,734.8646850585938,531235
2015-02-19,736.5669555664062,749.5983276367188,729.112060546875,746.25244140625,570051
2015-02-20,745.4893188476562,749.0113525390625,734.6298828125,738.3866577148438,295541
2015-02-23,740.7933349609375,758.2859497070312,737.1539306640625,749.627685546875,526589
2015-02-24,751.9463500976562,756.0553588867188,737.8583374023438,745.4013061523438,392576
2015-02-25,748.42431640625,795.38427734375,748.42431640625,787.0195922851562,1312036
2015-02-26,791.8623046875,803.3087768554688,746.6926879882812,751.4767456054688,1890553
2015-02-27,745.4893188476562,786.5206298828125,741.0574951171875,779.3591918945312,1124411
2015-03-02,786.6380004882812,836.38623046875,777.5101928710938,821.9166870117188,795336
2015-03-03,824.1472778320312,851.1492309570312,821.7992553710938,838.3233032226562,655032
2015-03-04,842.34423828125,852.58740234375,822.62109375,828.4030151367188,543780
2015-03-05,835.30029296875,835.711181640625,795.8832397460938,807.77001953125,759542
2015-03-09,807.124267578125,824.0885620117188,795.91259765625,800.2857666015625,479709
2015-03-10,797.937744140625,810.5875854492188,792.4492797851562,803.3087768554688,482714
2015-03-11,813.2584228515625,826.4365844726562,807.1829833984375,817.0152587890625,668331
2015-03-12,822.3862915039062,874.5118408203125,817.48486328125,864.0338745117188,925695
2015-03-13,868.6712036132812,880.4992065429688,834.361083984375,841.0234985351562,988493
2015-03-16,846.511962890625,850.4448852539062,807.7406616210938,818.981689453125,649787
2015-03-17,823.2080688476562,842.9019165039062,811.9963989257812,826.67138671875,1137142
2015-03-18,831.1912841796875,844.6922607421875,819.9208984375,823.9418334960938,593889
2015-03-19,831.7782592773438,841.639892578125,798.61279296875,803.2794189453125,600833
2015-03-20,794.7973022460938,814.5498657226562,790.101318359375,802.9859619140625,536261
2015-03-23,807.094970703125,811.967041015625,783.9671630859375,791.1285400390625,421968
2015-03-24,784.8182983398438,794.4451293945312,774.1055908203125,785.8162231445312,519767
2015-03-25,791.8035888671875,803.0153198242188,785.7575073242188,800.9608154296875,609024
2015-03-26,798.2899780273438,813.581298828125,787.4304809570312,795.501708984375,1180776
2015-03-27,801.2542724609375,818.2772827148438,786.5792846679688,810.8517456054688,459818
2015-03-30,821.0949096679688,832.6881103515625,810.6463012695312,830.0172729492188,400860
2015-03-31,832.8641967773438,844.6629028320312,816.6923828125,819.8915405273438,556099
2015-04-01,820.0969848632812,832.9522705078125,817.4261474609375,829.1367797851562,275690
2015-04-06,833.5392456054688,852.3232421875,821.7992553710938,849.8284912109375,526748
2015-04-07,855.2582397460938,862.8892211914062,840.8767700195312,850.5916137695312,571634
2015-04-08,855.8452758789062,870.4615478515625,851.1492309570312,858.3106689453125,517472
2015-04-09,862.30224609375,874.6292114257812,845.2792358398438,856.3441772460938,533252
2015-04-10,859.9542236328125,868.1722412109375,844.9270629882812,849.5936889648438,541262
2015-04-13,855.140869140625,855.2582397460938,833.6566772460938,846.0717163085938,423303
2015-04-15,851.1492309570312,856.9899291992188,834.2142944335938,839.9669189453125,362295
2015-04-16,840.0549926757812,845.1031494140625,815.9292602539062,824.382080078125,303952
2015-04-17,827.082275390625,827.082275390625,771.2879638671875,778.243896484375,402589
2015-04-20,781.88330078125,789.4556274414062,758.3739624023438,765.0657958984375,458567
2015-04-21,767.6779174804688,776.2481079101562,747.07421875,758.10986328125,408470
2015-04-22,760.81005859375,773.6653442382812,734.8059692382812,760.83935546875,554932
2015-04-23,766.50390625,772.8728637695312,744.6675415039062,752.2985229492188,363042
2015-04-24,754.2943115234375,762.5123291015625,711.5901489257812,720.9234008789062,710274
2015-04-27,748.3069458007812,753.120361328125,730.8143310546875,742.5250244140625,1149890
2015-04-28,736.2734375,765.7114868164062,728.4663696289062,759.342529296875,550889
2015-04-29,759.0490112304688,777.7449951171875,756.6716918945312,763.4808959960938,547543
2015-04-30,764.33203125,803.602294921875,759.1664428710938,798.7888793945312,1031515
2015-05-04,810.0592651367188,827.082275390625,805.06982421875,823.9124755859375,864815
2015-05-05,801.5477905273438,804.1892700195312,775.543701171875,789.8665161132812,705792
2015-05-06,783.644287109375,791.0991821289062,751.3593139648438,760.692626953125,643673
2015-05-07,760.7513427734375,762.4829711914062,719.6026611328125,734.0428466796875,695298
2015-05-08,740.7933349609375,775.3676147460938,740.7933349609375,764.8603515625,524290
2015-05-11,767.443115234375,793.3884887695312,767.443115234375,787.8707275390625,496983
2015-05-12,791.8623046875,791.8623046875,743.2294311523438,749.0407104492188,503267
2015-05-13,754.2943115234375,768.7052001953125,737.9170532226562,762.2481689453125,499313
2015-05-14,767.7366333007812,797.1453247070312,757.2000122070312,791.0991821289062,555528
2015-05-15,797.1453247070312,800.6672973632812,782.0887451171875,788.0174560546875,305027
2015-05-18,789.42626953125,822.88525390625,788.0174560546875,818.4240112304688,625247
2015-05-19,817.1619873046875,818.2772827148438,793.9168090820312,799.816162109375,419121
2015-05-20,806.9481811523438,824.646240234375,804.2186279296875,818.453369140625,512528
2015-05-21,812.11376953125,832.2478637695312,812.11376953125,818.8936157226562,768102
2015-05-22,818.8642578125,823.44287109375,801.2542724609375,806.4785766601562,371751
2015-05-25,806.5372924804688,807.916748046875,787.7532958984375,793.359130859375,270179
2015-05-26,791.8623046875,800.6672973632812,782.4996948242188,794.2103271484375,254661
2015-05-27,788.9273071289062,811.2332763671875,784.2313232421875,799.2584838867188,460107
2015-05-28,799.4932861328125,818.8642578125,787.7532958984375,814.25634765625,500767
2015-05-29,815.34228515625,824.7342529296875,799.4932861328125,803.3674926757812,909917
2015-06-01,802.8391723632812,809.0320434570312,796.0886840820312,801.8706665039062,213163
2015-06-02,802.4282836914062,814.1682739257812,776.1013793945312,783.9671630859375,313325
2015-06-03,787.6946411132812,787.6946411132812,754.9400634765625,776.8057861328125,356899
2015-06-04,777.7742919921875,799.4932861328125,769.585693359375,788.8685913085938,376252
2015-06-05,793.9168090820312,806.5960083007812,788.9566650390625,793.5646362304688,371680
2015-06-08,793.5646362304688,800.8727416992188,757.2293090820312,763.8917846679688,494131
2015-06-09,760.164306640625,780.3277587890625,756.759765625,772.579345703125,371112
2015-06-10,770.55419921875,792.390625,766.0343017578125,783.350830078125,347279
2015-06-11,790.5709228515625,800.373779296875,751.0071411132812,760.135009765625,497104
2015-06-12,760.164306640625,767.5899047851562,751.9463500976562,758.8435668945312,291889
2015-06-15,760.164306640625,775.807861328125,756.5542602539062,773.900146484375,326550
2015-06-16,771.904296875,776.9231567382812,763.0993041992188,772.6674194335938,340567
2015-06-17,780.122314453125,785.9923095703125,770.7303466796875,775.5730590820312,522080
2015-06-18,779.18310546875,805.4513549804688,771.5521240234375,800.75537109375,644983
2015-06-19,807.8873901367188,818.8642578125,802.5457153320312,805.09912109375,528020
2015-06-22,807.124267578125,815.1074829101562,792.4492797851562,808.1515502929688,520603
2015-06-23,812.0551147460938,825.6148071289062,803.7197265625,816.9271850585938,608598
2015-06-24,818.8642578125,822.8265380859375,792.5667114257812,797.1453247070312,440964
2015-06-25,798.3192749023438,811.2332763671875,795.38427734375,804.3360595703125,553411
2015-06-26,799.0823974609375,815.9292602539062,798.3192749023438,803.9251708984375,366049
2015-06-29,795.38427734375,797.1453247070312,766.0343017578125,780.944091796875,435690
2015-06-30,781.3550415039062,794.151611328125,774.5458374023438,791.7742309570312,465198
2015-07-01,794.7973022460938,815.8999633789062,794.7973022460938,811.9963989257812,501767
2015-07-02,818.8642578125,834.7132568359375,815.9292602539062,829.3422241210938,983615
2015-07-03,834.3023681640625,845.2792358398438,830.98583984375,838.4407348632812,552828
2015-07-06,830.0172729492188,849.1240844726562,819.1577758789062,846.6000366210938,591804
2015-07-07,848.2142333984375,862.2728881835938,846.6000366210938,851.2079467773438,731147
2015-07-08,840.8767700195312,848.5077514648438,826.4953002929688,835.5643920898438,532533
2015-07-09,839.4385986328125,854.9647827148438,830.604248046875,847.18701171875,596281
2015-07-10,851.1492309570312,858.8389282226562,842.9606323242188,845.8369140625,627128
2015-07-13,845.8956298828125,865.2372436523438,845.8956298828125,858.0171508789062,792179
2015-07-14,862.8892211914062,873.4552612304688,859.5139770507812,864.5034790039062,501642
2015-07-15,868.8179321289062,875.80322265625,860.4825439453125,865.0611572265625,481136
2015-07-16,872.2518920898438,874.5118408203125,865.2372436523438,868.7005615234375,503104
2015-07-17,871.6942138671875,885.0778198242188,868.4657592773438,877.6522827148438,533785
2015-07-20,880.4992065429688,884.2560424804688,869.2288208007812,874.3357543945312,443032
2015-07-21,875.2749633789062,879.9122314453125,848.9773559570312,853.11572265625,297645
2015-07-22,848.2142333984375,866.4112548828125,838.822265625,862.155517578125,481182
2015-07-23,868.1722412109375,872.28125,849.88720703125,853.9081420898438,334484
2015-07-24,853.4972534179688,861.7152709960938,842.34423828125,845.8662719726562,265116
2015-07-27,843.5182495117188,844.8389892578125,808.0634765625,812.5247192382812,296170
2015-07-28,815.9292602539062,821.7992553710938,808.0048217773438,810.5288696289062,292322
2015-07-29,812.9942626953125,855.698486328125,812.9942626953125,851.6188354492188,497119
2015-07-30,857.0192260742188,859.9542236328125,834.625244140625,837.5602416992188,680850
2015-07-31,844.6629028320312,861.7152709960938,837.736328125,854.2310180664062,395969
2015-08-03,856.4322509765625,873.4552612304688,852.3232421875,866.0296630859375,506053
2015-08-04,872.54541015625,872.54541015625,849.9752807617188,866.469970703125,460138
2015-08-05,874.5999145507812,885.7822265625,866.9982299804688,878.885009765625,662971
2015-08-06,894.4698486328125,915.5430908203125,889.30419921875,895.76123046875,1591628
2015-08-07,900.3104858398438,903.2161254882812,881.0862426757812,884.6375732421875,366829
2015-08-10,886.3692016601562,898.1091918945312,874.71728515625,880.235107421875,403397
2015-08-11,881.321044921875,883.7277221679688,859.9542236328125,862.5076904296875,277266
2015-08-12,860.012939453125,868.7299194335938,840.7593383789062,843.3715209960938,306393
2015-08-13,847.3924560546875,859.9542236328125,822.3862915039062,825.05712890625,480634
2015-08-14,825.9669799804688,853.4385375976562,818.8642578125,848.4490356445312,709070
2015-08-17,855.2582397460938,856.9899291992188,834.9774169921875,840.583251953125,411024
2015-08-18,846.2771606445312,854.084228515625,841.0528564453125,843.8704833984375,359451
2015-08-19,849.3882446289062,864.063232421875,836.4742431640625,853.7614135742188,455852
2015-08-20,851.1492309570312,865.2372436523438,827.6692504882812,831.0151977539062,639564
2015-08-21,827.6692504882812,832.3652954101562,815.9292602539062,821.7699584960938,437748
2015-08-24,804.1892700195312,804.1892700195312,705.4266357421875,720.0135498046875,1065304
2015-08-25,734.1602783203125,752.18115234375,649.0159912109375,729.1707763671875,1015774
2015-08-26,727.9967651367188,746.6046752929688,707.39306640625,719.0156860351562,702307
2015-08-27,740.7933349609375,745.1077880859375,712.9402465820312,734.4830932617188,725038
2015-08-28,742.613037109375,776.600341796875,740.9107666015625,751.4180297851562,915423
2015-08-31,748.42431640625,760.135009765625,739.501953125,742.46630859375,571843
2015-09-01,733.426513671875,743.2587280273438,719.2211303710938,728.7891845703125,686441
2015-09-02,748.42431640625,751.3593139648438,699.9381713867188,706.6300048828125,1036264
2015-09-03,714.2022705078125,723.4768676757812,702.6383666992188,708.332275390625,749155
2015-09-04,706.2190551757812,710.210693359375,682.0933837890625,693.1289672851562,875050
2015-09-07,698.5294189453125,700.8773803710938,667.44775390625,670.8523559570312,670216
2015-09-08,681.2422485351562,700.8773803710938,672.437255859375,696.2401123046875,733849
2015-09-09,709.0953979492188,726.1183471679688,702.2861938476562,723.59423828125,542959
2015-09-10,718.9569702148438,738.4453735351562,695.7117919921875,733.6613159179688,650421
2015-09-11,745.3719482421875,754.1182250976562,737.2713623046875,749.070068359375,844348
2015-09-14,758.8729248046875,766.5919799804688,748.42431640625,763.4808959960938,543443
2015-09-15,767.7659912109375,770.7303466796875,746.78076171875,752.5333251953125,497978
2015-09-16,760.5752563476562,763.0993041992188,747.6906127929688,757.4054565429688,409748
2015-09-18,763.0993041992188,777.7742919921875,758.13916015625,761.1915893554688,503964
2015-09-21,754.1182250976562,781.88330078125,749.6570434570312,778.3026123046875,411068
2015-09-22,781.2963256835938,786.6673583984375,751.9463500976562,758.9022827148438,535876
2015-09-23,749.5983276367188,766.4452514648438,739.6193237304688,760.3698120117188,390007
2015-09-24,761.8079223632812,773.371826171875,756.2020874023438,770.2901000976562,340097
2015-09-28,757.8163452148438,762.3949584960938,740.5291748046875,749.48095703125,497704
2015-09-29,734.6298828125,769.849853515625,734.6298828125,753.8834228515625,420906
2015-09-30,767.3551025390625,783.4388427734375,757.434814453125,778.3319702148438,583467
2015-10-01,785.4053344726562,795.0321044921875,780.8854370117188,788.8685913085938,609678
2015-10-05,794.2103271484375,812.7008056640625,793.6820068359375,801.8706665039062,803118
2015-10-06,808.2982788085938,809.795166015625,795.501708984375,803.9838256835938,425787
2015-10-07,810.0592651367188,817.0445556640625,804.3067016601562,806.7427368164062,562250
2015-10-08,806.5372924804688,808.2982788085938,786.4325561523438,789.6317138671875,377548
2015-10-09,802.4282836914062,802.4282836914062,780.4451904296875,790.3067626953125,363724
2015-10-12,794.7973022460938,807.124267578125,792.5960693359375,804.1892700195312,347736
2015-10-13,804.7763061523438,812.9942626953125,790.1306762695312,799.6400756835938,340245
2015-10-14,801.2542724609375,807.124267578125,799.4932861328125,804.01318359375,200695
2015-10-15,810.0592651367188,812.9649658203125,804.8936767578125,806.8601684570312,281192
2015-10-16,810.1179809570312,815.8999633789062,803.0153198242188,811.174560546875,487002
2015-10-19,810.0592651367188,814.7553100585938,798.9063110351562,804.1599731445312,321143
2015-10-20,803.0153198242188,811.2332763671875,792.4492797851562,796.3528442382812,353635
2015-10-21,797.1453247070312,803.8958129882812,775.4263305664062,792.12646484375,343337
2015-10-23,800.080322265625,807.124267578125,793.9168090820312,804.8056640625,372327
2015-10-26,804.8936767578125,815.9292602539062,797.1453247070312,813.9334716796875,339586
2015-10-27,810.0592651367188,819.6860961914062,804.1892700195312,813.2584228515625,327456
2015-10-28,809.4722900390625,814.7259521484375,792.7427978515625,797.4387817382812,394048
2015-10-29,795.9713134765625,804.1892700195312,787.3130493164062,796.6757202148438,381030
2015-10-30,798.9063110351562,799.8455200195312,773.4011840820312,779.0950927734375,257194
2015-11-02,779.0950927734375,783.4388427734375,757.464111328125,771.6988525390625,280780
2015-11-03,771.4053955078125,788.9273071289062,771.3173217773438,785.4053344726562,252656
2015-11-04,788.3989868164062,798.08447265625,761.9253540039062,764.8016357421875,447886
2015-11-05,767.2083129882812,768.91064453125,744.08056640625,747.2797241210938,394048
2015-11-06,746.0763549804688,754.0008544921875,731.1078491210938,738.6214599609375,255095
2015-11-09,722.0093994140625,751.3300170898438,713.4391479492188,741.2922973632812,308731
2015-11-10,739.6193237304688,739.6193237304688,719.661376953125,722.919189453125,234420
2015-11-13,726.9988403320312,739.5900268554688,719.6026611328125,733.3677978515625,242063
2015-11-16,729.112060546875,739.091064453125,718.4873657226562,725.9422607421875,402284
2015-11-17,729.7577514648438,736.684326171875,706.7473754882812,716.1100463867188,378271
2015-11-18,716.0806884765625,723.0659790039062,710.2694091796875,714.525146484375,221979
2015-11-19,718.4873657226562,726.5292358398438,716.139404296875,722.1561279296875,291202
2015-11-20,724.9443969726562,739.0617065429688,722.625732421875,727.90869140625,330315
2015-11-23,730.990478515625,733.7493286132812,722.3028564453125,727.3804321289062,176133
2015-11-24,723.2420654296875,732.1057739257812,707.8333129882812,711.17919921875,419417
2015-11-26,709.154052734375,717.3133544921875,705.5733642578125,715.1708374023438,654227
2015-11-27,715.9632568359375,726.1183471679688,710.2694091796875,721.6278076171875,411315
2015-11-30,719.0744018554688,737.5355224609375,712.23583984375,730.2273559570312,987040
2015-12-01,731.4600830078125,733.7786865234375,717.900390625,720.33642578125,293346
2015-12-02,722.0680541992188,723.4181518554688,709.154052734375,711.5314331054688,248535
2015-12-03,704.3994140625,712.3532104492188,695.653076171875,698.9696655273438,485046
2015-12-04,692.659423828125,698.4119873046875,680.91943359375,682.7390747070312,511755
2015-12-07,683.9130859375,698.0304565429688,676.3995361328125,690.8690185546875,585934
2015-12-08,692.659423828125,697.3260498046875,682.8271484375,686.4959106445312,401887
2015-12-09,682.7390747070312,687.9047241210938,671.23388671875,674.315673828125,391867
2015-12-10,672.7601318359375,678.2778930664062,658.0851440429688,672.8775024414062,345117
2015-12-11,679.980224609375,682.0933837890625,668.2988891601562,672.4078979492188,600438
2015-12-14,669.7664184570312,683.1500244140625,663.9551391601562,678.0137329101562,582848
2015-12-15,680.91943359375,689.02001953125,672.701416015625,681.9466552734375,434456
2015-12-16,688.5504150390625,694.1856079101562,682.680419921875,691.1625366210938,483840
2015-12-17,691.9256591796875,699.409912109375,689.3428344726562,692.3659057617188,422625
2015-12-18,692.659423828125,695.3009033203125,687.4644775390625,692.0430297851562,394312
2015-12-21,691.4854125976562,699.3218383789062,687.69921875,689.988525390625,211352
2015-12-22,692.80615234375,695.5944213867188,688.1981811523438,692.0430297851562,235213
2015-12-23,692.80615234375,706.982177734375,692.3365478515625,705.074462890625,480954
2015-12-24,706.9528198242188,714.9653930664062,698.0010986328125,700.1729736328125,581155
2015-12-28,699.9968872070312,706.8060913085938,694.1268920898438,703.1373291015625,235380
2015-12-29,704.3994140625,707.3344116210938,696.4749145507812,699.7327270507812,332366
2015-12-30,698.353271484375,709.8584594726562,698.353271484375,700.6719360351562,280029
2015-12-31,700.6719360351562,710.2694091796875,700.6719360351562,704.7809448242188,468654
2016-01-01,705.7201538085938,713.175048828125,701.053466796875,705.9549560546875,225020
2016-01-04,703.2254028320312,710.9444580078125,694.8019409179688,698.6761474609375,254836
2016-01-05,701.581787109375,705.5440063476562,696.2107543945312,701.9339599609375,281736
2016-01-06,703.724365234375,719.4559326171875,702.667724609375,707.510498046875,606739
2016-01-07,701.4644165039062,701.4644165039062,660.0515747070312,664.5127563476562,438993
2016-01-08,667.4183959960938,676.3114624023438,664.5127563476562,669.5316162109375,346107
2016-01-11,666.3031005859375,673.8754272460938,654.093505859375,662.04736328125,303966
2016-01-12,665.6574096679688,672.1144409179688,658.4373168945312,660.7266235351562,209117
2016-01-13,664.4833984375,668.53369140625,640.5338134765625,658.78955078125,480703
2016-01-14,650.982421875,655.7371215820312,638.4793701171875,648.4876708984375,249446
2016-01-15,652.743408203125,652.743408203125,617.0831909179688,621.2802734375,289811
2016-01-18,626.9154663085938,628.3535766601562,592.1944580078125,595.0413818359375,378080
2016-01-19,597.5654907226562,612.240478515625,587.2049560546875,607.6325073242188,322690
2016-01-20,603.4354858398438,603.4354858398438,579.9555053710938,592.4292602539062,457484
2016-01-21,594.6304931640625,604.0224609375,568.5676879882812,572.177734375,628930
2016-01-22,582.7730712890625,592.282470703125,572.6473388671875,587.29296875,429359
2016-01-25,594.6304931640625,601.3809814453125,588.232177734375,591.7542114257812,294223
2016-01-27,598.739501953125,600.8820190429688,582.4502563476562,592.8695068359375,513915
2016-01-28,593.4564819335938,598.739501953125,573.4398193359375,577.6661987304688,563412
2016-01-29,582.8611450195312,608.7184448242188,568.8905639648438,599.2091064453125,1921640
2016-02-01,599.2091064453125,614.5884399414062,572.9114990234375,607.661865234375,706380
2016-02-02,608.1314697265625,614.5884399414062,601.0874633789062,605.63671875,545162
2016-02-03,594.6304931640625,603.7289428710938,584.0645141601562,594.04345703125,515511
2016-02-04,602.3201904296875,625.2718505859375,594.160888671875,615.2634887695312,860176
2016-02-05,622.219482421875,625.0957641601562,602.3495483398438,609.0706787109375,458741
2016-02-08,610.4794921875,626.9154663085938,606.1943969726562,616.8777465820312,416308
2016-02-09,613.7079467773438,620.9573974609375,597.5654907226562,599.4732055664062,322111
2016-02-10,602.2321166992188,606.0769653320312,588.0267333984375,597.2426147460938,328111
2016-02-11,593.75,597.5654907226562,569.3895263671875,576.903076171875,441939
2016-02-12,582.8905029296875,590.521484375,569.74169921875,584.446044921875,820051
2016-02-15,586.99951171875,614.00146484375,586.99951171875,611.9176025390625,312802
2016-02-16,610.5087890625,615.6450805664062,581.1588134765625,583.7416381835938,505632
2016-02-17,585.8255004882812,609.5696411132812,570.8569946289062,603.9637451171875,557593
2016-02-18,611.2131958007812,614.5884399414062,596.4208374023438,605.2845458984375,410979
2016-02-19,606.9574584960938,613.4144897460938,596.596923828125,611.183837890625,241903
2016-02-22,611.712158203125,621.1921997070312,605.8128051757812,608.3662719726562,387978
2016-02-23,608.4249877929688,610.4501342773438,590.8443603515625,596.9491577148438,326881
2016-02-24,589.9931640625,595.8045043945312,579.3684692382812,583.095947265625,560828
2016-02-25,585.2384643554688,641.00341796875,574.0855102539062,582.4502563476562,841084
2016-02-26,589.8170776367188,592.282470703125,578.781494140625,583.1253051757812,293059
2016-02-29,583.77099609375,586.9701538085938,570.4461059570312,578.781494140625,432194
2016-03-01,582.303466796875,606.047607421875,581.1295166015625,601.997314453125,433985
2016-03-02,613.4144897460938,630.4374389648438,610.77294921875,618.462646484375,698409
2016-03-03,622.0433349609375,625.741455078125,606.3704833984375,615.9678955078125,707842
2016-03-04,619.2844848632812,621.8672485351562,609.3934936523438,612.8861694335938,624521
2016-03-08,619.2844848632812,625.741455078125,604.1692504882812,614.412353515625,879452
2016-03-09,617.4647827148438,617.4647827148438,602.9658813476562,611.6241455078125,432312
2016-03-10,616.3494873046875,617.9930419921875,601.0874633789062,607.779296875,416410
2016-03-11,606.9574584960938,610.4207763671875,602.8484497070312,606.3411254882812,272110
2016-03-14,609.8924560546875,614.8819580078125,602.3788452148438,607.3096923828125,274150
2016-03-15,607.5444946289062,610.1859741210938,596.3914794921875,599.7960815429688,287691
2016-03-16,599.8547973632812,601.6451416015625,581.7164916992188,589.69970703125,543826
2016-03-17,593.5151977539062,606.840087890625,593.5151977539062,601.9385986328125,508760
2016-03-18,601.9385986328125,622.8064575195312,601.9093017578125,617.78759765625,771148
2016-03-21,617.5234375,631.0244750976562,617.5234375,629.1754150390625,331884
2016-03-22,632.7854614257812,637.7749633789062,621.0454711914062,629.5863037109375,415344
2016-03-23,628.6764526367188,643.8797607421875,624.6261596679688,641.8546142578125,463194
2016-03-28,645.1124267578125,649.779052734375,623.3934326171875,629.527587890625,313981
2016-03-29,619.8714599609375,635.6323852539062,619.8714599609375,629.0873413085938,292160
2016-03-30,637.4814453125,646.3157958984375,628.5297241210938,643.4981689453125,492770
2016-03-31,642.7644653320312,648.5757446289062,636.3074340820312,645.5233154296875,848435
2016-04-01,642.7644653320312,662.6636962890625,640.4164428710938,659.1417236328125,484865
2016-04-04,663.3094482421875,663.6029052734375,651.7161865234375,658.3786010742188,203088
2016-04-05,656.2654418945312,660.3744506835938,642.353515625,648.4583129882812,270473
2016-04-06,648.8692626953125,666.8314208984375,648.0474243164062,663.7203369140625,406557
2016-04-07,690.3114013671875,690.3114013671875,650.5421752929688,654.5337524414062,383588
2016-04-08,650.3954467773438,666.2444458007812,648.1648559570312,664.600830078125,246993
2016-04-11,669.179443359375,672.9949340820312,655.414306640625,669.9425048828125,288993
2016-04-12,666.2444458007812,689.6363525390625,666.2444458007812,685.9675903320312,438364
2016-04-13,687.96337890625,697.3554077148438,682.298828125,687.0535278320312,420703
2016-04-18,686.730712890625,694.7138671875,680.91943359375,691.7495727539062,240983
2016-04-20,693.2463989257812,703.6362915039062,688.7265014648438,693.4518432617188,354707
2016-04-21,697.9423828125,701.4644165039062,687.96337890625,692.5419921875,193974
2016-04-22,689.1373901367188,692.659423828125,681.6824951171875,688.8438720703125,145535
2016-04-25,692.659423828125,692.659423828125,673.4351806640625,675.6951293945312,221211
2016-04-26,671.5567626953125,693.1289672851562,670.1185913085938,689.6657104492188,540698
2016-04-27,689.7244262695312,701.7578735351562,679.3931884765625,694.038818359375,384599
2016-04-28,694.038818359375,696.3868408203125,672.1144409179688,673.8460693359375,695130
2016-04-29,679.451904296875,683.6782836914062,657.6742553710938,667.8880004882812,615003
2016-05-02,663.250732421875,675.6364135742188,658.672119140625,671.5567626953125,399726
2016-05-03,672.3785400390625,690.3114013671875,672.3785400390625,676.1940307617188,512477
2016-05-04,673.2883911132812,678.8355712890625,664.0137939453125,667.3303833007812,323569
2016-05-05,673.8754272460938,692.952880859375,667.0075073242188,689.1080322265625,726782
2016-05-06,692.659423828125,697.7075805664062,683.2673950195312,690.9570922851562,698545
2016-05-09,703.8123779296875,703.8123779296875,674.2863159179688,690.8103637695312,1280561
2016-05-10,692.0723876953125,697.9423828125,684.17724609375,686.9655151367188,527301
2016-05-11,680.802001953125,690.8983764648438,676.487548828125,682.0933837890625,382385
2016-05-12,685.6154174804688,691.4854125976562,677.9844360351562,688.344970703125,358344
2016-05-13,686.730712890625,693.1289672851562,676.1353759765625,678.4539794921875,380223
2016-05-16,679.5693359375,682.680419921875,667.1249389648438,675.5776977539062,400623
2016-05-17,678.101806640625,686.1436767578125,670.9404296875,681.1248779296875,815988
2016-05-18,677.9257202148438,680.0975952148438,670.5001831054688,676.7810668945312,424535
2016-05-19,676.9571533203125,683.7369995117188,657.4981079101562,667.829345703125,484804
2016-05-20,666.8314208984375,670.7643432617188,659.7874145507812,665.8922119140625,525020
2016-05-23,667.2129516601562,672.1144409179688,658.3786010742188,662.04736328125,439204
2016-05-24,662.04736328125,666.2444458007812,657.73291015625,661.2255859375,269163
2016-05-25,665.1290893554688,679.4225463867188,660.96142578125,671.6448364257812,692876
2016-05-26,673.93408203125,700.7012939453125,673.93408203125,696.2694702148438,621934
2016-05-27,699.1163940429688,716.697021484375,698.5294189453125,706.0136108398438,469816
2016-05-30,706.04296875,722.5963745117188,703.2840576171875,717.518798828125,518925
2016-05-31,717.6655883789062,725.5313720703125,703.5775756835938,706.8648071289062,809043
2016-06-01,707.3344116210938,724.797607421875,703.5482177734375,713.1163330078125,655218
2016-06-02,711.443359375,717.2546997070312,705.8081665039062,712.1477661132812,364076
2016-06-03,712.6173706054688,718.4286499023438,707.92138671875,714.1729125976562,347022
2016-06-06,713.4978637695312,718.047119140625,705.5733642578125,708.9192504882812,257334
2016-06-07,713.2044067382812,718.8982543945312,700.9948120117188,708.2149047851562,617290
2016-06-08,710.768310546875,739.0323486328125,705.5733642578125,737.5941772460938,1112641
2016-06-09,744.2860107421875,749.4222412109375,729.8751831054688,733.1036376953125,737813
2016-06-10,733.690673828125,745.2545776367188,724.9443969726562,729.9925537109375,456659
2016-06-13,724.9443969726562,733.7493286132812,713.6446533203125,730.4915161132812,382329
2016-06-14,733.7493286132812,736.53759765625,727.0281982421875,732.1351318359375,278952
2016-06-15,733.7493286132812,740.441162109375,728.4663696289062,738.2105712890625,374635
2016-06-16,739.3258666992188,739.6193237304688,726.7640380859375,735.334228515625,372102
2016-06-17,742.6717529296875,746.9862060546875,736.2147827148438,740.998779296875,455870
2016-06-20,732.5753784179688,745.9296264648438,731.6068115234375,743.2294311523438,309911
2016-06-21,743.4348754882812,747.8079833984375,738.2692260742188,742.877197265625,345613
2016-06-22,743.141357421875,747.8373413085938,737.8583374023438,742.9652709960938,344698
2016-06-23,746.663330078125,746.663330078125,739.6193237304688,743.2880859375,211197
2016-06-24,729.2001342773438,743.8457641601562,713.2630615234375,738.0931396484375,388002
2016-06-27,738.0931396484375,745.4893188476562,734.4537353515625,736.948486328125,325608
2016-06-28,745.4893188476562,762.2188110351562,742.613037109375,759.2251586914062,637808
2016-06-29,761.3383178710938,763.128662109375,751.506103515625,754.4411010742188,401238
2016-06-30,756.0553588867188,774.8392944335938,755.4683227539062,768.793212890625,1157406
2016-07-01,769.5563354492188,779.0950927734375,761.9547119140625,764.59619140625,450422
2016-07-04,766.0636596679688,771.08251953125,754.5878295898438,756.49560546875,399761
2016-07-05,758.4033203125,761.3089599609375,749.0113525390625,754.2650146484375,293158
2016-07-07,755.0867919921875,757.2293090820312,746.663330078125,749.216796875,266765
2016-07-08,749.0113525390625,759.75341796875,746.8394775390625,749.0113525390625,276507
2016-07-11,756.6129760742188,769.849853515625,752.9442138671875,762.6297607421875,621658
2016-07-12,765.4473266601562,768.0888061523438,757.8163452148438,764.5374755859375,266414
2016-07-13,767.2083129882812,771.0238037109375,759.2838134765625,766.885498046875,330276
2016-07-14,759.870849609375,774.2816772460938,759.870849609375,769.8204956054688,271030
2016-07-15,767.5018310546875,774.2523193359375,763.9505004882812,769.1748046875,209436
2016-07-18,770.143310546875,770.7009887695312,752.5333251953125,756.906494140625,224214
2016-07-19,757.2293090820312,769.0867309570312,755.8499145507812,766.76806640625,188630
2016-07-20,768.38232421875,794.2103271484375,766.5919799804688,788.8685913085938,801571
2016-07-21,783.644287109375,788.9273071289062,773.2837524414062,777.157958984375,241395
2016-07-22,779.71142578125,792.273193359375,774.2816772460938,787.9880981445312,353470
2016-07-25,785.93359375,795.9713134765625,781.32568359375,791.187255859375,290484
2016-07-26,789.5142822265625,790.6002807617188,778.0090942382812,779.6233520507812,222560
2016-07-27,780.533203125,788.6925048828125,777.275390625,782.41162109375,240114
2016-07-28,781.88330078125,787.4891357421875,766.093017578125,770.7303466796875,1048070
2016-07-29,778.772216796875,781.8539428710938,765.007080078125,773.9588012695312,613736
2016-08-01,777.8917236328125,794.2103271484375,776.6589965820312,785.66943359375,510934
2016-08-02,785.9923095703125,792.4492797851562,749.5983276367188,751.7115478515625,572080
2016-08-03,751.3593139648438,756.0553588867188,725.47265625,731.0491333007812,402978
2016-08-04,734.4244384765625,746.0176391601562,725.5607299804688,737.0952758789062,529751
2016-08-05,741.3510131835938,766.0343017578125,740.2063598632812,759.4306030273438,807395
2016-08-08,762.4242553710938,777.7742919921875,754.9693603515625,775.6317749023438,416138
2016-08-09,777.1873168945312,780.79736328125,764.2733154296875,777.7449951171875,291404
2016-08-10,778.9483032226562,779.8875122070312,757.2293090820312,759.8414916992188,426668
2016-08-11,760.7513427734375,776.1893920898438,752.2398681640625,771.8162841796875,241753
2016-08-12,757.170654296875,768.91064453125,748.2188720703125,762.6004028320312,289443
2016-08-16,759.9588623046875,767.178955078125,753.120361328125,760.3110961914062,225708
2016-08-17,759.2838134765625,761.8079223632812,751.9463500976562,758.10986328125,203378
2016-08-18,758.931640625,761.8666381835938,754.3236694335938,758.0805053710938,112909
2016-08-19,758.4033203125,770.8770751953125,753.1497192382812,767.7953491210938,328933
2016-08-22,765.8582153320312,773.0783081054688,757.58154296875,761.778564453125,320436
2016-08-23,760.164306640625,761.220947265625,749.9799194335938,754.6171875,350579
2016-08-24,754.6171875,757.8163452148438,745.577392578125,754.763916015625,199303
2016-08-25,754.2943115234375,761.9253540039062,741.38037109375,744.8436279296875,539114
2016-08-26,746.8101196289062,763.6863403320312,739.6193237304688,759.0490112304688,316877
2016-08-29,759.5773315429688,760.1936645507812,746.0763549804688,752.1517944335938,178109
2016-08-30,751.4767456054688,759.5773315429688,747.8373413085938,749.4515991210938,342857
2016-08-31,752.592041015625,756.9358520507812,737.3007202148438,743.1707153320312,339773
2016-09-01,745.4893188476562,749.1287231445312,734.0722045898438,736.4788818359375,328468
2016-09-02,738.5040283203125,744.4620971679688,736.4495849609375,740.177001953125,253656
2016-09-06,744.3153686523438,751.3593139648438,741.38037109375,746.5753173828125,322213
2016-09-07,746.663330078125,771.904296875,742.5543212890625,760.692626953125,631646
2016-09-08,768.3529663085938,774.2523193359375,759.606689453125,762.9525756835938,525845
2016-09-09,760.1056518554688,763.128662109375,749.0113525390625,757.0825805664062,401303
2016-09-12,745.1958618164062,745.1958618164062,726.2357788085938,730.2273559570312,562806
2016-09-14,730.8143310546875,739.5606689453125,722.0093994140625,733.3677978515625,543378
2016-09-15,733.7493286132812,738.8562622070312,729.4055786132812,733.7786865234375,170105
2016-09-16,736.1560668945312,743.141357421875,733.6319580078125,738.68017578125,396358
2016-09-19,743.7283325195312,744.491455078125,731.9003295898438,742.0260620117188,297715
2016-09-20,741.38037109375,741.9086303710938,729.0533447265625,732.22314453125,152143
2016-09-21,724.7388916015625,750.6842651367188,724.7388916015625,740.9401245117188,450450
2016-09-22,746.1350708007812,747.8079833984375,731.9883422851562,740.998779296875,291139
2016-09-23,740.998779296875,751.3593139648438,736.684326171875,748.9819946289062,336434
2016-09-26,747.8079833984375,754.4998168945312,742.6717529296875,746.6046752929688,220507
2016-09-27,747.8373413085938,755.40966796875,746.8981323242188,751.8876342773438,487744
2016-09-28,751.3593139648438,758.0511474609375,746.1937255859375,756.378173828125,304340
2016-09-29,757.8163452148438,763.0700073242188,705.6614379882812,714.8479614257812,604324
2016-09-30,724.3280029296875,733.7493286132812,711.7368774414062,728.0554809570312,296092
2016-10-03,731.958984375,740.6466064453125,727.497802734375,737.1539306640625,284519
2016-10-04,736.684326171875,739.9421997070312,732.0470581054688,737.9170532226562,264771
2016-10-05,740.3824462890625,744.8729858398438,732.634033203125,740.441162109375,316301
2016-10-06,741.4390258789062,743.7283325195312,725.20849609375,730.60888671875,172081
2016-10-07,730.05126953125,733.162353515625,724.9443969726562,729.6990356445312,120967
2016-10-10,731.4013671875,732.3992309570312,722.7431030273438,727.4390869140625,132933
2016-10-13,723.183349609375,730.2273559570312,716.139404296875,719.3678588867188,231042
2016-10-14,722.0093994140625,723.183349609375,712.1477661132812,720.4244995117188,116930
2016-10-17,720.5418701171875,725.9716186523438,706.5125732421875,709.9758911132812,107516
2016-10-18,711.443359375,726.6466674804688,706.5419311523438,721.9213256835938,181526
2016-10-19,726.0596923828125,726.2357788085938,717.6068725585938,721.539794921875,158061
2016-10-20,724.9443969726562,725.7661743164062,714.9653930664062,716.2567749023438,156855
2016-10-21,717.900390625,723.0072631835938,714.4664306640625,720.89404296875,80078
2016-10-24,719.9548950195312,722.919189453125,709.7117309570312,711.1205444335938,164502
2016-10-25,712.6173706054688,715.9926147460938,707.6572265625,711.6195068359375,98243
2016-10-26,709.0366821289062,710.9737548828125,696.6510009765625,702.3449096679688,157170
2016-10-27,698.5880737304688,702.6970825195312,676.5169067382812,690.10595703125,306579
2016-10-28,689.7244262695312,699.4685668945312,686.2317504882812,694.831298828125,95514
2016-11-01,701.4644165039062,702.1394653320312,680.126953125,683.61962890625,150899
2016-11-02,683.61962890625,689.7244262695312,675.7831420898438,679.9508666992188,207380
2016-11-03,679.1583862304688,683.2673950195312,660.3744506835938,665.3345947265625,240260
2016-11-04,664.1312255859375,664.9530029296875,649.8084106445312,651.8042602539062,202543
2016-11-07,655.6197509765625,662.6930541992188,646.8440551757812,649.896484375,184345
2016-11-08,654.3870239257812,662.722412109375,646.3451538085938,659.6700439453125,139954
2016-11-09,645.6407470703125,645.6407470703125,594.04345703125,636.65966796875,319959
2016-11-10,646.2864379882812,656.7056884765625,638.0977783203125,640.592529296875,211211
2016-11-11,636.8944702148438,683.8544311523438,628.7938232421875,655.56103515625,465445
2016-11-15,669.179443359375,671.9676513671875,616.4962158203125,647.7832641601562,385388
2016-11-16,657.439453125,668.0054321289062,637.5108032226562,655.03271484375,370555
2016-11-17,654.5044555664062,677.3973999023438,623.98046875,659.7286987304688,525170
2016-11-18,665.0704345703125,666.09765625,647.46044921875,655.3262329101562,201841
2016-11-21,652.8021240234375,658.5840454101562,630.1439208984375,634.51708984375,147214
2016-11-22,641.120849609375,645.699462890625,617.7582397460938,630.7015991210938,253690
2016-11-23,632.1984252929688,642.4122314453125,613.5318603515625,619.1376953125,1099115
2016-11-24,615.9385375976562,618.4039306640625,602.4375610351562,614.7645874023438,585731
2016-11-25,614.9700317382812,627.4730834960938,613.4144897460938,619.3724975585938,261799
2016-11-28,619.2844848632812,638.8902587890625,616.9364624023438,633.2257080078125,278790
2016-11-29,633.95947265625,644.8189086914062,632.1984252929688,637.6575317382812,230080
2016-11-30,637.6868896484375,644.5254516601562,634.5464477539062,638.156494140625,306308
2016-12-01,639.8294677734375,658.6134033203125,635.192138671875,655.8838500976562,357816
2016-12-02,655.6490478515625,656.8524169921875,636.6303100585938,640.856689453125,286499
2016-12-05,642.7644653320312,651.921630859375,639.3305053710938,641.2382202148438,227044
2016-12-06,641.267578125,670.7936401367188,641.267578125,660.6679077148438,347061
2016-12-07,666.8314208984375,669.179443359375,641.00341796875,645.1417846679688,473446
2016-12-08,652.1270751953125,670.1185913085938,650.4834594726562,667.154296875,395209
2016-12-09,669.8251342773438,675.665771484375,659.200439453125,664.3953857421875,293555
2016-12-12,675.0494384765625,675.0494384765625,654.5044555664062,666.5966186523438,191778
2016-12-13,663.3681030273438,669.737060546875,657.850341796875,665.27587890625,190649
2016-12-14,665.0704345703125,667.1249389648438,653.6532592773438,656.6176147460938,206499
2016-12-15,645.699462890625,669.7664184570312,645.699462890625,662.6343994140625,255138
2016-12-16,664.4540405273438,669.0032958984375,654.5044555664062,661.783203125,251395
2016-12-19,660.3744506835938,662.2528076171875,648.0767822265625,652.3912353515625,259916
2016-12-20,653.9174194335938,660.3157348632812,636.8651123046875,640.1522827148438,280001
2016-12-21,637.0118408203125,650.16064453125,635.3682250976562,645.9049072265625,316470
2016-12-22,648.6344604492188,648.6344604492188,635.8671875,637.6575317382812,186995
2016-12-23,636.8651123046875,636.8651123046875,623.9511108398438,628.58837890625,272254
2016-12-26,625.4479370117188,627.4730834960938,614.00146484375,616.9658203125,158477
2016-12-27,617.5234375,624.8609619140625,616.3494873046875,623.2760620117188,94577
2016-12-28,624.5674438476562,633.6659545898438,623.98046875,625.477294921875,126897
2016-12-29,625.741455078125,642.5883178710938,621.9846801757812,637.21728515625,585639
2016-12-30,639.8294677734375,655.9132080078125,637.9510498046875,653.0369262695312,212710
2017-01-02,654.621826171875,661.51904296875,653.0662841796875,657.439453125,135838
2017-01-03,658.6134033203125,662.1354370117188,649.3681640625,650.6889038085938,146458
2017-01-04,650.3954467773438,660.9027099609375,650.3660888671875,658.5840454101562,363214
2017-01-05,660.96142578125,674.1102294921875,660.9320678710938,670.14794921875,434593
2017-01-06,677.3973999023438,687.6112060546875,675.0200805664062,683.35546875,470032
2017-01-09,687.3764038085938,693.8333740234375,672.1144409179688,674.4917602539062,293465
2017-01-10,680.3323974609375,692.1017456054688,673.2883911132812,688.2862548828125,285688
2017-01-11,690.3114013671875,693.8333740234375,678.894287109375,691.1038208007812,302412
2017-01-12,690.9570922851562,697.9717407226562,685.0577392578125,692.395263671875,330477
2017-01-13,693.2463989257812,696.4161987304688,685.7621459960938,689.1961059570312,434995
2017-01-16,692.0723876953125,699.1163940429688,686.5252685546875,691.0158081054688,346354
2017-01-17,691.8963012695312,694.42041015625,686.7894287109375,688.9319458007812,284754
2017-01-18,689.7830810546875,704.3994140625,689.7830810546875,699.8795166015625,284852
2017-01-19,701.4644165039062,702.1981201171875,690.3114013671875,693.8333740234375,1985928
2017-01-20,693.8333740234375,693.8333740234375,673.7286376953125,677.7496337890625,243935
2017-01-23,675.959228515625,685.0283813476562,673.0535888671875,680.3030395507812,197649
2017-01-24,680.3030395507812,688.5504150390625,674.4917602539062,683.4434814453125,327315
2017-01-25,689.7244262695312,696.181396484375,685.7621459960938,692.7180786132812,368358
2017-01-27,693.6279296875,701.1708984375,683.8544311523438,691.0745239257812,442572
2017-01-30,689.1373901367188,694.42041015625,688.2568969726562,691.8375854492188,162828
2017-01-31,689.1373901367188,692.6007080078125,669.0032958984375,673.0535888671875,315371
2017-02-01,673.0535888671875,689.6069946289062,665.158447265625,687.5818481445312,293177
2017-02-02,687.96337890625,689.8124389648438,677.3973999023438,684.852294921875,250877
2017-02-03,686.7894287109375,698.5294189453125,682.56298828125,697.4140625,312654
2017-02-06,701.2882690429688,727.233642578125,700.1729736328125,720.3070678710938,806440
2017-02-07,726.1183471679688,729.4935913085938,711.443359375,724.5921630859375,626751
2017-02-08,726.7053833007812,739.0323486328125,706.160400390625,715.5230102539062,2015313
2017-02-09,717.1666259765625,724.3573608398438,707.246337890625,718.6047973632812,420005
2017-02-10,720.3657836914062,721.1288452148438,708.5083618164062,711.17919921875,199298
2017-02-13,716.0806884765625,717.0785522460938,698.353271484375,702.4622802734375,273499
2017-02-14,704.3994140625,715.0534057617188,691.3679809570312,712.646728515625,341956
2017-02-15,713.6739501953125,719.6026611328125,702.0513916015625,705.3092041015625,578571
2017-02-16,705.8081665039062,712.382568359375,699.8795166015625,708.3616333007812,320400
2017-02-17,709.0953979492188,717.8123168945312,704.69287109375,713.0869750976562,294950
2017-02-20,713.5272216796875,718.0177612304688,707.92138671875,713.3511352539062,341642
2017-02-21,720.4244995117188,724.3573608398438,714.3783569335938,717.2546997070312,475741
2017-02-22,719.0744018554688,724.9443969726562,708.5377197265625,714.8773193359375,388003
2017-02-23,716.139404296875,719.397216796875,702.403564453125,705.1918334960938,378628
2017-02-27,709.0953979492188,711.443359375,695.9759521484375,700.7893676757812,317908
2017-02-28,701.4644165039062,709.682373046875,700.760009765625,708.7138061523438,318136
2017-03-01,710.8563842773438,725.7955322265625,710.8563842773438,714.3489990234375,398286
2017-03-02,717.2546997070312,719.0744018554688,699.439208984375,703.3721313476562,228993
2017-03-03,703.8123779296875,707.3050537109375,695.6237182617188,699.0283203125,245378
2017-03-06,702.5797119140625,705.5733642578125,696.181396484375,700.3490600585938,263489
2017-03-07,700.3490600585938,714.0848999023438,697.7369384765625,710.210693359375,400649
2017-03-08,711.443359375,714.0848999023438,698.5294189453125,706.160400390625,405915
2017-03-09,704.9863891601562,710.6802978515625,700.1729736328125,706.982177734375,185087
2017-03-10,706.982177734375,711.443359375,701.5230712890625,704.7809448242188,217836
2017-03-14,713.7913818359375,738.3866577148438,708.5083618164062,735.2168579101562,794908
2017-03-15,739.6193237304688,742.5543212890625,732.0470581054688,736.2734375,463830
2017-03-16,741.9086303710938,746.6339721679688,733.984130859375,742.2608642578125,458899
2017-03-17,743.2880859375,745.7534790039062,731.1665649414062,740.0009155273438,374228
2017-03-20,740.2063598632812,744.8729858398438,726.7053833007812,731.9296875,349898
2017-03-21,733.30908203125,738.9736328125,727.9967651367188,732.3112182617188,305392
2017-03-22,730.8143310546875,730.8143310546875,716.2861328125,722.4202880859375,295599
2017-03-23,732.5753784179688,732.604736328125,722.8605346679688,727.8793334960938,225811
2017-03-24,731.9883422851562,737.740966796875,726.7053833007812,728.8772583007812,275828
2017-03-27,724.9443969726562,731.4013671875,720.5125122070312,728.554443359375,167577
2017-03-28,729.3468627929688,734.3070068359375,726.8521118164062,731.6948852539062,246226
2017-03-29,732.9275512695312,743.3761596679688,729.0533447265625,741.2922973632812,733087
2017-03-30,742.5543212890625,747.719970703125,730.990478515625,734.4537353515625,430468
2017-03-31,736.684326171875,742.5543212890625,720.2483520507812,736.8017578125,323669
2017-04-03,738.0931396484375,767.2083129882812,736.8311157226562,764.3026733398438,637452
2017-04-05,762.5123291015625,769.7030639648438,757.9630737304688,765.7702026367188,439826
2017-04-06,757.9043579101562,765.7114868164062,754.9107055664062,762.2188110351562,247163
2017-04-07,760.0469360351562,774.046875,756.7010498046875,762.7764892578125,640395
2017-04-10,771.904296875,778.8309326171875,762.6297607421875,770.1726684570312,429973
2017-04-11,770.7890014648438,777.7156372070312,767.3551025390625,771.5814819335938,254075
2017-04-12,773.1957397460938,774.2523193359375,760.83935546875,764.9483642578125,229168
2017-04-13,763.0993041992188,768.7052001953125,760.164306640625,762.2481689453125,130460
2017-04-17,761.8372802734375,764.8603515625,754.88134765625,758.6968383789062,206862
2017-04-18,758.8729248046875,776.7764282226562,758.8729248046875,763.4515380859375,271490
2017-04-19,763.0993041992188,765.9462890625,751.3593139648438,755.6737670898438,242032
2017-04-20,759.5773315429688,771.1705932617188,754.88134765625,769.5269775390625,216928
2017-04-21,771.904296875,784.3486938476562,765.4473266601562,769.1454467773438,362024
2017-04-24,768.8812866210938,775.4850463867188,766.6506958007812,773.6653442382812,146734
2017-04-25,777.7742919921875,791.2166137695312,776.072021484375,786.6380004882812,584520
2017-04-26,790.101318359375,797.4387817382812,771.6695556640625,782.8518676757812,498163
2017-04-27,786.5792846679688,788.89794921875,777.8330078125,780.944091796875,198816
2017-04-28,785.0824584960938,785.0824584960938,768.4116821289062,770.407470703125,201332
2017-05-02,776.0133056640625,787.28369140625,772.7261352539062,784.4954833984375,226593
2017-05-03,789.4556274414062,800.7260131835938,775.1915283203125,789.8665161132812,267051
2017-05-04,789.8665161132812,807.7113037109375,789.8665161132812,806.3612060546875,522555
2017-05-05,807.124267578125,809.1787719726562,788.6044311523438,794.3570556640625,224773
2017-05-08,801.723876953125,805.744873046875,788.6925048828125,793.5646362304688,196192
2017-05-09,800.6672973632812,857.0192260742188,793.6820068359375,849.8578491210938,1716759
2017-05-10,860.423828125,863.6817016601562,844.7509765625,858.7215576171875,955436
2017-05-11,840.583251953125,850.2100830078125,820.9774780273438,825.7028198242188,1071890
2017-05-12,821.7406005859375,825.1744995117188,812.9942626953125,817.0445556640625,298092
2017-05-15,820.6253051757812,835.8872680664062,817.9251098632812,834.5078125,230523
2017-05-16,834.5078125,838.8809814453125,825.8202514648438,832.07177734375,284075
2017-05-17,825.9082641601562,835.85791015625,821.8579711914062,824.6168823242188,232708
2017-05-18,821.7992553710938,828.1975708007812,808.9439697265625,811.967041015625,194824
2017-05-19,811.8203125,824.0005493164062,799.3759155273438,808.5037231445312,191216
2017-05-22,810.0592651367188,815.195556640625,792.7721557617188,797.7029418945312,177644
2017-05-23,797.7029418945312,808.591796875,776.4241943359375,797.9671020507812,441455
2017-05-24,800.080322265625,802.1934814453125,774.986083984375,781.7659301757812,216037
2017-05-25,785.66943359375,798.9650268554688,779.564697265625,792.3025512695312,263952
2017-05-26,792.4492797851562,816.6336669921875,791.8329467773438,814.5205078125,366962
2017-05-29,815.9292602539062,820.478515625,790.1306762695312,804.0425415039062,130235
2017-05-30,803.0153198242188,806.2144165039062,793.0363159179688,803.044677734375,83233
2017-05-31,804.6588745117188,822.9439086914062,795.0321044921875,802.7511596679688,424221
2017-06-01,810.0299682617188,810.0299682617188,792.3319091796875,802.1348266601562,219110
2017-06-02,803.0153198242188,809.4722900390625,797.7322998046875,802.5457153320312,117054
2017-06-05,795.38427734375,819.4512939453125,795.38427734375,812.5833740234375,151664
2017-06-06,810.0592651367188,813.4638671875,790.4534912109375,792.5079956054688,254770
2017-06-07,794.7973022460938,797.1453247070312,778.4493408203125,787.3424072265625,355463
2017-06-08,782.4703369140625,797.409423828125,780.7092895507812,784.7889404296875,193352
2017-06-09,786.608642578125,792.4492797851562,775.543701171875,784.0845947265625,182724
2017-06-12,777.8917236328125,785.9629516601562,762.7471313476562,770.5835571289062,194097
2017-06-13,771.3173217773438,782.9985961914062,767.7953491210938,779.4179077148438,194928
2017-06-14,779.5353393554688,787.7532958984375,770.2901000976562,785.9042358398438,238296
2017-06-15,783.644287109375,788.4577026367188,774.721923828125,776.4535522460938,195594
2017-06-16,775.4263305664062,782.8518676757812,768.0595092773438,770.6422729492188,256528
2017-06-19,773.6066284179688,776.5709838867188,767.6779174804688,772.550048828125,250944
2017-06-20,772.4913330078125,786.872802734375,772.4913330078125,781.0028076171875,187453
2017-06-21,777.7449951171875,786.872802734375,771.7869262695312,783.614990234375,178872
2017-06-22,784.6128540039062,799.2584838867188,783.4682006835938,793.9461669921875,437114
2017-06-23,798.3192749023438,801.2249755859375,777.1873168945312,778.8309326171875,191177
2017-06-27,784.2313232421875,784.2313232421875,766.7093505859375,768.529052734375,194194
2017-06-28,768.6758422851562,771.2879638671875,749.7157592773438,759.0490112304688,300957
2017-06-29,761.9253540039062,775.8959350585938,757.2293090820312,762.7764892578125,267417
2017-06-30,761.3383178710938,787.1076049804688,757.845703125,783.8790893554688,249616
2017-07-03,788.9273071289062,791.2753295898438,778.7135009765625,789.015380859375,127991
2017-07-04,791.8623046875,802.780517578125,787.81201171875,790.0719604492188,270991
2017-07-05,789.5142822265625,797.673583984375,785.8455810546875,795.4723510742188,145085
2017-07-06,797.1453247070312,801.1369018554688,792.4199829101562,795.501708984375,148536
2017-07-07,792.4492797851562,800.6672973632812,790.101318359375,793.1830444335938,75281
2017-07-10,802.4282836914062,803.5142211914062,733.7493286132812,800.9901733398438,41899
2017-07-11,801.84130859375,806.2437744140625,792.1558227539062,793.1830444335938,135957
2017-07-12,796.5582885742188,799.9335327148438,792.4492797851562,794.5918579101562,72243
2017-07-13,798.3192749023438,803.0153198242188,791.333984375,793.4178466796875,166001
2017-07-14,800.6672973632812,800.6672973632812,781.2669677734375,784.5248413085938,162431
2017-07-17,785.4053344726562,799.3171997070312,785.4053344726562,797.1453247070312,135669
2017-07-18,789.5142822265625,803.9251708984375,789.5142822265625,793.5059204101562,194359
2017-07-19,792.4492797851562,800.22705078125,790.6882934570312,795.6484375,117715
2017-07-20,794.2103271484375,812.9942626953125,788.2816162109375,802.5457153320312,463719
2017-07-21,802.5457153320312,810.5288696289062,796.2941284179688,800.4618530273438,224148
2017-07-24,796.5582885742188,811.4680786132812,796.5582885742188,807.652587890625,197286
2017-07-25,804.6588745117188,810.0592651367188,801.2249755859375,803.5142211914062,70298
2017-07-26,800.373779296875,822.3862915039062,800.373779296875,813.0823364257812,492806
2017-07-27,809.5016479492188,821.7992553710938,807.7113037109375,816.2227783203125,513778
2017-07-28,804.8350219726562,857.0192260742188,804.8350219726562,848.9773559570312,832215
2017-07-31,857.0192260742188,862.83056640625,835.30029296875,854.1723022460938,871264
2017-08-01,830.8390502929688,847.9501342773438,817.6903076171875,819.9502563476562,498315
2017-08-02,827.6692504882812,827.6692504882812,798.3192749023438,803.2794189453125,194569
2017-08-03,803.2794189453125,817.103271484375,800.080322265625,809.5897216796875,306845
2017-08-04,781.88330078125,812.9942626953125,781.88330078125,800.9608154296875,129248
2017-08-07,801.2542724609375,808.85595703125,797.1453247070312,798.05517578125,139979
2017-08-08,797.7322998046875,802.9859619140625,786.5792846679688,789.1914672851562,168255
2017-08-09,784.8182983398438,789.3381958007812,772.8141479492188,778.214599609375,266199
2017-08-10,774.8392944335938,777.3927612304688,737.9170532226562,756.906494140625,421651
2017-08-11,747.2503662109375,758.10986328125,734.7178955078125,752.9149169921875,335857
2017-08-14,751.3593139648438,765.41796875,751.3300170898438,756.7304077148438,167494
2017-08-16,760.164306640625,770.1139526367188,754.88134765625,768.1181640625,265918
2017-08-17,771.904296875,781.8246459960938,760.1936645507812,776.5416259765625,213708
2017-08-18,773.0783081054688,773.0783081054688,763.0993041992188,768.235595703125,119841
2017-08-21,766.2398071289062,778.772216796875,748.5123901367188,751.770263671875,138480
2017-08-22,757.8163452148438,759.2545166015625,737.9464111328125,741.0868530273438,214138
2017-08-23,746.663330078125,748.9819946289062,733.7493286132812,737.06591796875,193765
2017-08-24,735.6277465820312,752.5333251953125,729.2294921875,742.6423950195312,378695
2017-08-28,748.42431640625,761.9840087890625,746.4285278320312,758.7555541992188,212662
2017-08-29,758.4033203125,759.606689453125,739.6780395507812,747.3090209960938,266645
2017-08-30,754.2943115234375,756.5836181640625,743.2000732421875,749.5103149414062,192957
2017-08-31,752.5039672851562,761.8372802734375,747.2503662109375,754.2943115234375,280714
2017-09-01,754.2943115234375,772.4913330078125,754.2943115234375,768.1768798828125,212061
2017-09-04,765.9756469726562,766.0343017578125,747.86669921875,751.1832275390625,125424
2017-09-05,751.5354614257812,761.3383178710938,747.5438232421875,755.7911987304688,168192
2017-09-06,750.1853637695312,754.0008544921875,744.3153686523438,751.3006591796875,114633
2017-09-07,750.2440185546875,754.6759033203125,744.0218505859375,747.1035766601562,160719
2017-09-08,747.5438232421875,753.413818359375,745.4893188476562,750.1853637695312,160449
2017-09-11,754.35302734375,797.7322998046875,753.120361328125,782.0300903320312,709559
2017-09-12,783.644287109375,793.5059204101562,774.8980102539062,790.365478515625,296245
2017-09-13,789.5142822265625,793.5352783203125,779.036376953125,783.8204345703125,238557
2017-09-14,789.5142822265625,820.6253051757812,787.0195922851562,812.1431274414062,738043
2017-09-15,804.8936767578125,817.3967895507812,796.587646484375,811.55615234375,503564
2017-09-18,810.9984741210938,839.9375610351562,804.8056640625,829.1661376953125,474739
2017-09-19,823.6776733398438,833.5392456054688,816.5750122070312,826.6420288085938,280110
2017-09-20,829.8118286132812,853.2037353515625,828.3150024414062,841.0234985351562,443204
2017-09-21,840.5538940429688,841.8453369140625,817.7489624023438,824.6168823242188,156957
2017-09-22,819.4512939453125,821.1829223632812,798.4073486328125,800.1389770507812,196248
2017-09-25,797.7322998046875,804.1892700195312,754.2943115234375,776.9818725585938,546831
2017-09-26,773.8707885742188,791.8623046875,766.621337890625,776.5709838867188,381296
2017-09-27,786.2271118164062,786.2271118164062,710.3280639648438,715.7578125,1086493
2017-09-28,721.1875610351562,731.3132934570312,692.659423828125,697.8543701171875,1336118
2017-09-29,702.6383666992188,713.2044067382812,695.8878784179688,697.8543701171875,488247
2017-10-03,703.1079711914062,711.3847045898438,696.709716796875,703.2547607421875,225984
2017-10-04,704.3994140625,725.5020141601562,700.0556030273438,710.6509399414062,551838
2017-10-05,711.443359375,724.0345458984375,710.8563842773438,713.9087524414062,408497
2017-10-06,719.0744018554688,727.2042846679688,714.40771484375,720.747314453125,224732
2017-10-09,719.661376953125,726.676025390625,710.7976684570312,717.4601440429688,221151
2017-10-10,720.2483520507812,732.9275512695312,715.6990966796875,727.7913208007812,267657
2017-10-11,729.112060546875,742.6717529296875,722.0093994140625,727.6445922851562,307177
2017-10-12,728.43701171875,734.3363647460938,721.42236328125,731.548095703125,133132
2017-10-13,739.4432373046875,739.4432373046875,725.2378540039062,727.4684448242188,158625
2017-10-16,731.8709716796875,734.4537353515625,713.7620239257812,715.5817260742188,243378
2017-10-17,715.5523681640625,726.1183471679688,709.53564453125,719.6320190429688,337862
2017-10-18,723.4181518554688,726.676025390625,716.432861328125,720.1016235351562,210172
2017-10-19,719.661376953125,727.2923583984375,714.9653930664062,718.72216796875,22637
2017-10-23,722.5963745117188,722.5963745117188,706.1897583007812,708.2149047851562,231644
2017-10-24,707.92138671875,720.483154296875,704.5755004882812,716.5796508789062,294555
2017-10-25,719.661376953125,736.684326171875,718.2525634765625,731.0198364257812,379552
2017-10-26,731.3720092773438,753.2964477539062,724.9443969726562,738.005126953125,423485
2017-10-27,745.4600219726562,752.5626831054688,741.2922973632812,745.98828125,408526
2017-10-30,749.0113525390625,751.3593139648438,739.7073974609375,744.9317016601562,130885
2017-10-31,746.663330078125,760.28173828125,742.9359130859375,746.8101196289062,319984
2017-11-01,747.2503662109375,758.4033203125,744.6088256835938,745.8709106445312,326710
2017-11-02,745.4893188476562,751.8582763671875,741.4977416992188,747.044921875,145759
2017-11-03,750.1853637695312,753.942138671875,739.3258666992188,741.8499755859375,153683
2017-11-06,741.38037109375,750.7723388671875,731.6948852539062,744.1979370117188,213436
2017-11-07,748.9819946289062,753.2964477539062,722.0093994140625,727.233642578125,161006
2017-11-08,727.8793334960938,733.7200317382812,716.4035034179688,720.4244995117188,91243
2017-11-09,727.497802734375,727.497802734375,705.77880859375,712.4412841796875,181875
2017-11-10,715.5523681640625,727.8500366210938,705.2799072265625,715.3762817382812,225526
2017-11-13,718.4873657226562,720.86474609375,701.3763427734375,702.7264404296875,165460
2017-11-14,702.7264404296875,709.6530151367188,690.0178833007812,692.4539184570312,350175
2017-11-15,688.9613037109375,709.271484375,683.766357421875,697.1499633789062,471634
2017-11-16,699.703369140625,703.2254028320312,680.39111328125,686.466552734375,390313
2017-11-17,690.4287719726562,707.099609375,690.4287719726562,700.1729736328125,367819
2017-11-20,699.7327270507812,703.2254028320312,686.4078369140625,695.1541137695312,423366
2017-11-21,699.703369140625,707.8626708984375,693.0703125,702.9612426757812,382233
2017-11-22,709.0953979492188,715.7578125,697.531494140625,699.7620849609375,378000
2017-11-23,696.2401123046875,708.5377197265625,693.2757568359375,698.7935180664062,465533
2017-11-24,698.7935180664062,706.6006469726562,689.02001953125,699.9088134765625,686327
2017-11-27,693.5692138671875,700.8773803710938,689.841796875,698.1478271484375,378329
2017-11-28,700.2904052734375,722.5670166015625,697.9423828125,713.6739501953125,580009
2017-11-29,707.3344116210938,712.6173706054688,696.06396484375,705.9255981445312,497450
2017-11-30,702.0513916015625,712.6173706054688,697.531494140625,703.0199584960938,584865
2017-12-01,703.2254028320312,710.8563842773438,685.6154174804688,688.6090698242188,190715
2017-12-04,689.7244262695312,694.0975341796875,677.8963623046875,687.69921875,247114
2017-12-05,685.0283813476562,689.4602661132812,680.126953125,682.0933837890625,210686
2017-12-06,681.4183349609375,686.2611083984375,657.1165771484375,661.636474609375,639414
2017-12-07,662.164794921875,687.3764038085938,660.9907836914062,681.9760131835938,338969
2017-12-08,687.3764038085938,695.359619140625,685.0283813476562,689.9005126953125,282644
2017-12-11,690.3701171875,701.4644165039062,687.96337890625,697.9717407226562,193966
2017-12-12,694.1268920898438,695.5357055664062,674.7559204101562,680.1563110351562,414358
2017-12-13,680.1563110351562,686.8187255859375,667.036865234375,671.5861206054688,323664
2017-12-14,673.259033203125,673.6993408203125,659.8167724609375,670.2066650390625,421511
2017-12-15,674.46240234375,687.3764038085938,672.2611694335938,683.0325927734375,450025
2017-12-18,684.9697265625,700.5252075195312,666.1563720703125,698.0304565429688,409187
2017-12-19,701.7578735351562,709.3888549804688,699.703369140625,706.3658447265625,372966
2017-12-20,706.7473754882812,708.5670776367188,698.5294189453125,700.231689453125,193955
2017-12-21,697.3554077148438,732.2818603515625,697.3554077148438,729.787109375,647414
2017-12-22,733.4558715820312,736.0973510742188,719.0744018554688,722.361572265625,384143
2017-12-26,722.361572265625,731.9296875,716.7263793945312,725.20849609375,210940
2017-12-27,725.5313720703125,730.6969604492188,720.86474609375,724.0932006835938,144737
2017-12-28,727.8500366210938,740.7933349609375,722.0093994140625,724.65087890625,682935
2017-12-29,724.65087890625,733.162353515625,719.80810546875,726.7347412109375,255156
2018-01-01,725.0030517578125,735.5690307617188,723.4768676757812,726.82275390625,158359
2018-01-02,728.9359741210938,744.3153686523438,720.4244995117188,738.9736328125,413475
2018-01-03,739.0617065429688,747.07421875,732.3699340820312,738.5333862304688,235894
2018-01-04,739.6780395507812,752.18115234375,739.6780395507812,749.627685546875,301083
2018-01-05,750.1853637695312,757.05322265625,745.4893188476562,755.292236328125,304346
2018-01-08,755.5270385742188,766.8267822265625,755.5270385742188,759.2545166015625,602525
2018-01-09,771.904296875,771.904296875,757.9337158203125,764.0972290039062,494865
2018-01-10,764.0972290039062,766.1223754882812,755.028076171875,762.9525756835938,272431
2018-01-11,759.5773315429688,762.98193359375,751.0658569335938,759.9295654296875,257228
2018-01-12,763.0993041992188,780.122314453125,755.028076171875,775.7198486328125,621566
2018-01-15,777.7742919921875,780.122314453125,763.0993041992188,766.1223754882812,222831
2018-01-16,763.7743530273438,767.9420776367188,748.1015014648438,758.13916015625,362422
2018-01-17,758.10986328125,778.9483032226562,742.613037109375,771.9336547851562,398221
2018-01-18,771.3173217773438,773.371826171875,752.3572387695312,761.5731201171875,239412
2018-01-19,761.5731201171875,769.585693359375,738.7388305664062,762.7177734375,409845
2018-01-22,757.2293090820312,776.0133056640625,756.378173828125,774.3697509765625,389809
2018-01-23,778.361328125,781.88330078125,770.143310546875,774.721923828125,253291
2018-01-24,771.3173217773438,780.5919189453125,764.1265869140625,765.4766845703125,430298
2018-01-25,764.8603515625,776.0133056640625,758.0805053710938,760.81005859375,379448
2018-01-29,760.81005859375,768.499755859375,750.1853637695312,756.084716796875,192574
2018-01-30,755.4683227539062,763.0700073242188,741.5564575195312,756.7890625,301777
2018-01-31,757.1119384765625,781.472412109375,750.2147216796875,764.185302734375,883232
2018-02-01,764.8603515625,784.2313232421875,742.73046875,777.0405883789062,520298
2018-02-02,774.86865234375,776.8057861328125,751.3593139648438,758.9022827148438,428935
2018-02-05,747.2503662109375,754.88134765625,738.416015625,744.90234375,340559
2018-02-06,722.0093994140625,744.90234375,706.7473754882812,737.2713623046875,777990
2018-02-07,739.6193237304688,750.6256103515625,710.2694091796875,714.5545043945312,366523
2018-02-08,715.5523681640625,732.9569091796875,713.2044067382812,719.661376953125,345782
2018-02-09,710.2694091796875,727.761962890625,710.2400512695312,721.6571655273438,265259
2018-02-12,726.676025390625,739.8541259765625,724.533447265625,736.9778442382812,211443
2018-02-14,737.9170532226562,752.6507568359375,737.9170532226562,748.7178344726562,325068
2018-02-15,751.3300170898438,760.164306640625,735.2168579101562,739.0323486328125,235690
2018-02-16,740.2063598632812,751.2713012695312,725.590087890625,744.08056640625,420640
2018-02-19,742.613037109375,748.6591186523438,726.4705810546875,729.9631958007812,204841
2018-02-20,727.8793334960938,740.0889282226562,726.26513671875,729.2001342773438,179596
2018-02-21,735.1875,738.15185546875,722.0680541992188,730.3447875976562,184979
2018-02-22,729.0533447265625,739.4725952148438,697.0912475585938,700.4077758789062,906431
2018-02-23,688.6677856445312,698.2359008789062,679.8334350585938,688.0220947265625,766162
2018-02-26,689.7244262695312,693.1876831054688,685.644775390625,687.7579345703125,341855
2018-02-27,689.695068359375,693.5692138671875,676.0179443359375,683.2967529296875,293075
2018-02-28,675.929931640625,689.7244262695312,671.9970092773438,685.5567016601562,323238
2018-03-01,690.10595703125,691.4854125976562,675.0494384765625,676.8984375,190335
2018-03-05,676.8104248046875,680.3323974609375,666.8314208984375,670.5001831054688,168228
2018-03-06,678.8649291992188,679.0703735351562,658.0264282226562,662.57568359375,410175
2018-03-07,660.96142578125,662.722412109375,638.5086669921875,641.3262939453125,432153
2018-03-08,642.8231201171875,650.6889038085938,633.95947265625,646.93212890625,222974
2018-03-09,648.0474243164062,667.301025390625,636.13134765625,637.364013671875,487276
2018-03-12,640.5045166015625,651.5694580078125,638.2445678710938,649.7203979492188,132894
2018-03-13,659.200439453125,660.9907836914062,640.7099609375,656.8230590820312,244346
2018-03-14,652.0390014648438,665.83349609375,651.5987548828125,662.83984375,136793
2018-03-15,662.722412109375,668.8565673828125,656.4121704101562,664.8356323242188,218846
2018-03-16,659.200439453125,663.4268188476562,643.9384155273438,648.693115234375,349673
2018-03-19,653.3304443359375,653.3304443359375,633.4017944335938,640.1229248046875,144608
2018-03-20,638.7728271484375,656.11865234375,636.013916015625,650.6889038085938,325288
2018-03-21,652.3031616210938,662.7517700195312,640.9154052734375,648.3703002929688,341680
2018-03-22,648.6344604492188,652.1564331054688,635.456298828125,643.0872802734375,292824
2018-03-23,633.95947265625,645.728759765625,633.0789184570312,640.3577270507812,229679
2018-03-26,640.4164428710938,652.1564331054688,628.6764526367188,647.5191040039062,166533
2018-03-27,651.5694580078125,651.5694580078125,638.1858520507812,640.7099609375,194872
2018-03-28,637.5401611328125,647.46044921875,628.0894775390625,629.7623901367188,304945
2018-04-02,633.842041015625,650.2193603515625,623.98046875,646.785400390625,300603
2018-04-03,646.785400390625,663.808349609375,642.7644653320312,660.0515747070312,333828
2018-04-04,659.8167724609375,665.0704345703125,644.23193359375,655.414306640625,316042
2018-04-05,661.5484008789062,666.2444458007812,658.0264282226562,660.286376953125,242301
2018-04-06,659.7874145507812,664.4247436523438,654.7685546875,659.4352416992188,259557
2018-04-09,659.200439453125,662.1060791015625,648.9866333007812,655.296875,277438
2018-04-10,659.7874145507812,662.986572265625,649.4562377929688,654.064208984375,320364
2018-04-11,654.2402954101562,658.26123046875,646.2864379882812,648.6344604492188,212219
2018-04-12,649.8084106445312,652.0977172851562,640.4164428710938,645.6113891601562,286702
2018-04-13,648.01806640625,652.5966796875,630.7603149414062,631.6995239257812,371444
2018-04-16,631.6995239257812,636.0432739257812,626.9154663085938,632.6973876953125,236465
2018-04-17,639.1837158203125,639.1837158203125,630.320068359375,633.5192260742188,145138
2018-04-18,634.5464477539062,639.1544189453125,632.1984252929688,634.0768432617188,177199
2018-04-19,635.192138671875,636.3074340820312,622.3368530273438,624.8609619140625,315119
2018-04-20,624.5674438476562,631.0244750976562,619.3137817382812,629.2927856445312,343829
2018-04-23,629.7036743164062,642.4122314453125,627.4730834960938,639.095703125,455978
2018-04-24,640.4164428710938,645.435302734375,633.95947265625,638.7728271484375,570750
2018-04-25,638.0684204101562,651.5401000976562,636.6303100585938,642.470947265625,552503
2018-04-26,641.00341796875,647.2843627929688,635.7498168945312,639.0663452148438,223468
2018-04-27,636.9824829101562,646.8734130859375,636.9824829101562,643.028564453125,169490
2018-04-30,645.699462890625,662.6050415039062,641.8839111328125,658.8482055664062,485876
2018-05-02,662.722412109375,677.3973999023438,658.0264282226562,662.6343994140625,929862
2018-05-03,665.5400390625,665.5400390625,582.68505859375,622.4835815429688,2940106
2018-05-04,622.219482421875,624.5674438476562,596.5088500976562,601.6744995117188,692487
2018-05-07,602.8484497070312,613.4144897460938,597.5067749023438,610.4501342773438,516412
2018-05-08,613.4144897460938,619.548583984375,608.3369140625,611.1251831054688,413393
2018-05-09,611.154541015625,621.6324462890625,607.6031494140625,612.7100830078125,332649
2018-05-10,614.00146484375,616.9364624023438,606.9574584960938,610.5381469726562,682416
2018-05-11,612.8274536132812,615.8211669921875,606.840087890625,609.0706787109375,313482
2018-05-14,609.7457275390625,614.3536376953125,597.5361328125,599.5319213867188,413216
2018-05-15,603.4354858398438,623.3934326171875,597.5654907226562,619.548583984375,735278
2018-05-16,614.00146484375,621.427001953125,605.9888916015625,619.5779418945312,345293
2018-05-17,620.48779296875,628.03076171875,613.7666625976562,615.61572265625,409007
2018-05-18,617.5234375,617.5234375,604.9323120117188,608.5423583984375,215896
2018-05-21,609.011962890625,615.1461181640625,602.6430053710938,607.6031494140625,205606
2018-05-22,609.8924560546875,610.8023071289062,599.0916748046875,600.6765747070312,138843
2018-05-23,598.739501953125,606.7813720703125,594.1021728515625,600.8233032226562,347657
2018-05-24,604.55078125,611.5947875976562,598.739501953125,604.5214233398438,141949
2018-05-25,604.5214233398438,619.8714599609375,600.1482543945312,615.9385375976562,180593
2018-05-28,616.9364624023438,641.7665405273438,609.3641967773438,638.30322265625,437697
2018-05-29,642.7644653320312,644.23193359375,612.2991943359375,615.762451171875,616264
2018-05-30,615.762451171875,617.1419067382812,605.783447265625,610.9783935546875,207138
2018-05-31,614.00146484375,616.70166015625,597.27197265625,613.6492919921875,567881
2018-06-01,613.6492919921875,615.762451171875,595.3348999023438,601.9093017578125,228282
2018-06-04,604.3159790039062,606.1650390625,576.1400146484375,583.1253051757812,651835
2018-06-05,583.1253051757812,583.6829223632812,558.94091796875,568.3622436523438,789109
2018-06-06,568.2155151367188,586.99951171875,567.3643798828125,580.395751953125,285034
2018-06-07,586.4124755859375,589.2887573242188,579.1630249023438,587.0581665039062,354422
2018-06-08,585.8255004882812,596.8023681640625,581.7164916992188,592.693359375,239494
2018-06-11,595.8045043945312,609.3054809570312,593.9848022460938,606.45849609375,260223
2018-06-12,606.45849609375,615.1754760742188,601.6744995117188,612.2698364257812,302092
2018-06-13,612.240478515625,612.240478515625,598.739501953125,600.50048828125,143478
2018-06-14,598.739501953125,598.739501953125,588.5550537109375,592.5172729492188,161272
2018-06-15,595.1587524414062,597.8589477539062,584.6514892578125,586.0896606445312,454257
2018-06-18,586.9407958984375,607.926025390625,586.4124755859375,594.1315307617188,496162
2018-06-19,594.1315307617188,598.4166259765625,581.2762451171875,585.0623779296875,267898
2018-06-20,587.6452026367188,592.6640625,583.5068359375,586.7059936523438,144495
2018-06-21,591.1084594726562,591.1084594726562,575.8464965820312,581.892578125,206477
2018-06-22,582.303466796875,586.99951171875,572.97021484375,583.3307495117188,183923
2018-06-25,584.8275756835938,591.6954956054688,577.6074829101562,579.3684692382812,153809
2018-06-26,583.4774780273438,584.0645141601562,576.081298828125,578.7227783203125,197325
2018-06-27,579.9555053710938,580.2490234375,565.3098754882812,568.4796752929688,176366
2018-06-28,569.3895263671875,569.3895263671875,559.2930908203125,560.701904296875,280220
2018-06-29,563.4901733398438,579.9555053710938,560.8779907226562,575.4649658203125,221347
2018-07-02,577.0205078125,580.4837646484375,567.3056640625,574.9366455078125,134243
2018-07-03,569.9765014648438,577.8716430664062,565.544677734375,572.44189453125,149359
2018-07-04,574.0855102539062,577.1965942382812,567.4230346679688,569.9471435546875,107696
2018-07-05,571.7374877929688,574.0267944335938,564.1358642578125,570.3873901367188,217884
2018-07-06,567.3350219726562,578.0183715820312,564.6934814453125,573.0875854492188,175381
2018-07-09,577.3726806640625,584.6514892578125,575.288818359375,581.1881713867188,264771
2018-07-10,582.8905029296875,598.7101440429688,580.2783203125,596.2447509765625,337492
2018-07-11,595.8045043945312,601.3809814453125,581.7164916992188,585.5613403320312,377070
2018-07-12,587.3223266601562,597.5654907226562,574.5551147460938,577.0498657226562,206279
2018-07-13,581.07080078125,581.3349609375,568.2155151367188,570.6515502929688,265158
2018-07-16,570.3286743164062,570.5928344726562,551.8675537109375,559.5572509765625,240763
2018-07-17,562.9324951171875,568.7144775390625,556.8570556640625,564.9869995117188,234277
2018-07-18,569.9765014648438,579.9555053710938,561.1715087890625,563.6956176757812,401513
2018-07-19,565.280517578125,567.9219970703125,549.8424072265625,554.0687866210938,315192
2018-07-20,554.6558227539062,570.3580322265625,546.4965209960938,566.3077392578125,355059
2018-07-23,569.7123413085938,574.3790283203125,555.9765625,569.2720947265625,309708
2018-07-24,569.4481811523438,580.4544677734375,564.1065063476562,565.280517578125,682605
2018-07-25,566.4838256835938,573.3517456054688,560.1149291992188,564.2532348632812,248068
2018-07-26,569.3895263671875,571.91357421875,561.7584838867188,568.0687255859375,314950
2018-07-27,571.6201171875,582.303466796875,565.1337280273438,577.7249145507812,539184
2018-07-30,580.54248046875,584.0645141601562,572.4125366210938,574.8192749023438,399197
2018-07-31,574.7018432617188,583.4774780273438,568.9492797851562,580.4251098632812,388669
2018-08-01,582.8905029296875,598.1524658203125,578.4879760742188,589.1126708984375,722722
2018-08-02,589.17138671875,594.8065795898438,583.2133178710938,585.1798095703125,369013
2018-08-03,586.99951171875,600.7939453125,586.4124755859375,594.160888671875,611695
2018-08-06,598.3872680664062,603.4354858398438,594.2196044921875,599.150390625,386857
2018-08-07,602.261474609375,608.1314697265625,598.768798828125,604.6681518554688,448414
2018-08-08,608.3075561523438,613.3557739257812,590.110595703125,596.2153930664062,604537
2018-08-09,595.8045043945312,606.1356811523438,581.1295166015625,590.110595703125,963029
2018-08-10,591.607421875,607.4857788085938,588.64306640625,605.6073608398438,553504
2018-08-13,604.6094970703125,604.6094970703125,588.64306640625,591.2552490234375,244802
2018-08-14,595.10009765625,597.8883056640625,587.5864868164062,590.9910888671875,202916
2018-08-16,589.3474731445312,595.7457885742188,584.32861328125,588.6724243164062,302087
2018-08-17,589.3474731445312,600.5592041015625,589.3474731445312,597.7122192382812,312964
2018-08-20,599.9134521484375,605.783447265625,595.0413818359375,598.7101440429688,319192
2018-08-21,603.083251953125,616.290771484375,600.4711303710938,604.3453369140625,1689572
2018-08-23,608.7184448242188,614.5884399414062,601.9385986328125,607.6912231445312,543836
2018-08-24,608.1314697265625,611.4186401367188,602.3201904296875,608.3369140625,370083
2018-08-27,610.4207763671875,612.8274536132812,601.997314453125,603.083251953125,206121
2018-08-28,605.783447265625,608.3369140625,599.3558349609375,603.2593994140625,277148
2018-08-29,602.8484497070312,609.3054809570312,600.089599609375,602.7310791015625,491726
2018-08-30,604.6094970703125,605.754150390625,588.1734619140625,590.374755859375,320131
2018-08-31,590.521484375,601.4983520507812,585.6200561523438,598.5927124023438,518235
2018-09-03,599.7667236328125,603.4061279296875,589.3474731445312,592.4879150390625,210066
2018-09-04,594.04345703125,596.3914794921875,571.766845703125,575.5236206054688,388627
2018-09-05,574.0855102539062,582.5969848632812,562.9324951171875,579.7794189453125,337685
2018-09-06,582.7144165039062,588.64306640625,570.82763671875,586.0896606445312,350407
2018-09-07,588.760498046875,588.760498046875,573.0288696289062,582.5382690429688,569010
2018-09-10,581.1295166015625,581.1295166015625,569.7123413085938,573.7039794921875,278702
2018-09-11,575.259521484375,581.1295166015625,557.9429931640625,560.2616577148438,875600
2018-09-12,558.41259765625,565.0457153320312,551.808837890625,554.6558227539062,1272415
2018-09-14,558.794189453125,570.1819458007812,556.1526489257812,562.844482421875,820636
2018-09-17,562.2280883789062,580.0435180664062,558.5593872070312,576.5509033203125,1013494
2018-09-18,575.3768920898438,579.2217407226562,562.9031372070312,566.6012573242188,475318
2018-09-19,570.152587890625,575.5236206054688,563.51953125,565.5153198242188,206896
2018-09-21,570.3873901367188,571.7081298828125,528.8865356445312,543.0038452148438,786215
2018-09-24,543.29736328125,549.372802734375,535.9305419921875,539.8341064453125,253294
2018-09-25,540.03955078125,559.6453247070312,534.4923706054688,552.8067626953125,643848
2018-09-26,558.6473999023438,558.6473999023438,542.3875122070312,555.1254272460938,314736
2018-09-27,553.951416015625,560.3497314453125,540.9786987304688,557.9723510742188,548867
2018-09-28,558.823486328125,560.9954223632812,531.2345581054688,554.8025512695312,802826
2018-10-01,554.6558227539062,559.5278930664062,542.3875122070312,552.865478515625,357150
2018-10-03,551.1925048828125,580.54248046875,549.1673583984375,575.4356079101562,558112
2018-10-04,575.259521484375,575.259521484375,552.1023559570312,565.5153198242188,503254
2018-10-05,560.5845336914062,566.1903686523438,547.9640502929688,556.093994140625,334749
2018-10-08,554.7145385742188,556.4755249023438,531.2345581054688,552.6600341796875,401484
2018-10-09,553.4818115234375,553.4818115234375,499.0963134765625,523.5155029296875,1402788
2018-10-10,525.3645629882812,542.8277587890625,523.4274291992188,537.750244140625,598034
2018-10-11,525.6873779296875,527.7125244140625,511.33526611328125,520.4630737304688,539997
2018-10-12,525.6580200195312,539.1883544921875,522.7523803710938,536.3414306640625,314451
2018-10-15,535.9305419921875,551.0457763671875,531.7041625976562,548.4923095703125,208434
2018-10-16,547.3770141601562,554.5383911132812,541.4190063476562,550.7522583007812,315351
2018-10-17,554.7145385742188,555.301513671875,543.7669677734375,547.465087890625,168129
2018-10-19,545.322509765625,545.322509765625,510.7189025878906,513.184326171875,913602
2018-10-22,515.4442749023438,523.5448608398438,505.7294006347656,516.3834228515625,524540
2018-10-23,515.2681274414062,526.4798583984375,500.3583679199219,504.99566650390625,419536
2018-10-24,506.58056640625,527.7125244140625,505.14239501953125,522.7523803710938,280121
2018-10-25,515.3855590820312,524.5133666992188,506.34576416015625,515.8551635742188,212833
2018-10-26,514.9159545898438,522.6056518554688,504.8489074707031,508.1947937011719,270852
2018-10-29,508.077392578125,523.603515625,503.17596435546875,521.4903564453125,648765
2018-10-30,521.4903564453125,535.5783081054688,514.534423828125,532.6726684570312,510732
2018-10-31,535.4022216796875,550.6055297851562,523.6328735351562,546.9074096679688,401690
2018-11-01,553.687255859375,586.99951171875,550.0184936523438,553.8340454101562,1651064
2018-11-02,559.9387817382812,567.2469482421875,558.2952270507812,564.0184326171875,416267
2018-11-05,563.137939453125,575.259521484375,557.4147338867188,572.588623046875,456385
2018-11-06,574.6724853515625,578.0770874023438,547.08349609375,550.8696899414062,325925
2018-11-07,553.01220703125,554.6851806640625,548.2575073242188,552.6893920898438,55902
2018-11-09,551.3685913085938,562.9324951171875,546.5552368164062,557.6201782226562,404487
2018-11-12,558.2365112304688,563.2260131835938,530.5301513671875,535.2554931640625,617601
2018-11-13,532.9955444335938,548.6390991210938,529.5028686523438,536.4588012695312,605891
2018-11-14,542.5929565429688,542.5929565429688,516.5595703125,519.9641723632812,2120623
2018-11-15,522.2827758789062,552.9534912109375,510.1025390625,547.5824584960938,2060805
2018-11-16,549.4315185546875,578.8988647460938,540.3330078125,576.1106567382812,2485489
2018-11-19,584.0645141601562,584.0645141601562,545.322509765625,552.748046875,4655983
2018-11-20,555.1841430664062,555.1841430664062,543.0625610351562,548.9912719726562,2588392
2018-11-21,550.0184936523438,550.429443359375,534.4923706054688,538.42529296875,1072287
2018-11-22,535.9305419921875,541.2428588867188,532.49658203125,538.42529296875,847847
2018-11-26,538.8655395507812,541.9179077148438,530.4127197265625,536.0772705078125,2327303
2018-11-27,536.5175170898438,541.5070190429688,530.3540649414062,531.7334594726562,1077138
2018-11-28,533.58251953125,538.043701171875,528.9452514648438,533.7879638671875,962995
2018-11-29,533.7879638671875,545.9095458984375,528.3582153320312,540.6852416992188,2022475
2018-11-30,544.4420166015625,562.1107177734375,534.4923706054688,558.0310668945312,11932751
2018-12-03,563.2260131835938,563.2260131835938,546.4965209960938,553.0709228515625,832648
2018-12-04,548.9912719726562,556.1820068359375,546.5552368164062,552.1317138671875,509891
2018-12-05,547.6705322265625,551.7501831054688,529.385498046875,532.0269775390625,1994904
2018-12-06,535.5490112304688,555.6243896484375,529.9137573242188,541.947265625,3371708
2018-12-07,544.38330078125,563.3433837890625,539.0122680664062,556.7103271484375,2025521
2018-12-10,537.36865234375,556.4755249023438,531.3225708007812,544.236572265625,1973366
2018-12-11,535.343505859375,559.9974975585938,534.375,550.3707275390625,2234761
2018-12-12,551.4273071289062,570.9744262695312,551.3392944335938,564.9282836914062,1600095
2018-12-13,567.7459106445312,573.9974365234375,558.9996337890625,563.548828125,910315
2018-12-14,562.9324951171875,572.3245239257812,558.94091796875,567.56982421875,846731
2018-12-17,568.919921875,578.6054077148438,559.6453247070312,568.3328857421875,1538880
2018-12-18,563.4901733398438,577.9303588867188,562.9618530273438,576.4334716796875,827741
2018-12-19,578.781494140625,614.0308227539062,577.431396484375,598.2698974609375,3248473
2018-12-20,595.6283569335938,602.4962768554688,581.3643188476562,585.0330200195312,1179617
2018-12-21,586.99951171875,595.775146484375,576.4628295898438,583.2720336914062,1535042
2018-12-24,584.6514892578125,592.8401489257812,577.7249145507812,584.5927734375,961016
2018-12-26,585.1798095703125,613.4144897460938,575.6116943359375,608.2195434570312,3609137
2018-12-27,612.8274536132812,615.762451171875,599.3264770507812,605.783447265625,1582025
2018-12-28,604.6094970703125,622.219482421875,601.6744995117188,612.4459228515625,2456809
2018-12-31,616.0559692382812,620.0475463867188,609.9218139648438,614.52978515625,818016
2019-01-01,616.3494873046875,625.4479370117188,613.062255859375,623.7750244140625,1855909
2019-01-02,626.3284301757812,626.6806640625,616.1146850585938,620.1943359375,990929
2019-01-03,617.0831909179688,630.9657592773438,609.6282958984375,613.3557739257812,1225863
2019-01-04,613.4144897460938,626.563232421875,607.661865234375,623.8043823242188,1131413
2019-01-07,625.741455078125,630.4080810546875,621.4563598632812,623.4227905273438,377542
2019-01-08,623.3934326171875,626.3284301757812,616.3494873046875,617.6995849609375,399707
2019-01-09,618.6387329101562,624.7728881835938,614.2949829101562,618.4332885742188,841116
2019-01-10,621.0454711914062,631.0244750976562,617.5234375,628.705810546875,605353
2019-01-11,630.4961547851562,631.0244750976562,617.4354248046875,620.9573974609375,529811
2019-01-14,617.5821533203125,625.4185791015625,610.362060546875,618.7561645507812,530424
2019-01-15,623.6869506835938,629.527587890625,620.4584350585938,624.0098266601562,465937
2019-01-16,628.6764526367188,628.6764526367188,616.3787841796875,622.5422973632812,409562
2019-01-17,622.219482421875,627.9720458984375,617.5234375,625.0370483398438,851503
2019-01-18,626.8861083984375,626.8861083984375,616.3494873046875,619.1376953125,200656
2019-01-21,619.1083374023438,621.4563598632812,610.4794921875,613.2970581054688,293170
2019-01-22,610.4794921875,622.1607666015625,608.7184448242188,616.0559692382812,688389
2019-01-23,613.5025024414062,618.4920043945312,611.6828002929688,613.4144897460938,313288
2019-01-24,612.8274536132812,618.7855224609375,597.0078125,603.4061279296875,616070
2019-01-25,602.8484497070312,613.4144897460938,598.4459838867188,604.4627075195312,363298
2019-01-28,602.1441040039062,602.1441040039062,573.8507080078125,581.9806518554688,544390
2019-01-29,576.4334716796875,596.6556396484375,576.4334716796875,594.01416015625,629373
2019-01-30,598.1524658203125,599.0623168945312,586.4124755859375,594.8946533203125,325591
2019-01-31,596.4501953125,607.4270629882812,589.2007446289062,604.6681518554688,478824
2019-02-01,605.1964721679688,613.062255859375,598.9155883789062,605.2551879882812,402869
2019-02-04,601.6744995117188,608.9826049804688,593.368408203125,600.6765747070312,485226
2019-02-05,601.0874633789062,605.783447265625,581.1295166015625,583.8297119140625,895133
2019-02-06,584.4166870117188,605.1083984375,581.1295166015625,599.0623168945312,1919183
2019-02-07,613.4144897460938,644.8189086914062,601.6744995117188,614.940673828125,4080400
2019-02-08,618.0223999023438,624.0978393554688,602.7310791015625,605.0790405273438,679644
2019-02-11,601.9679565429688,610.4794921875,581.7164916992188,604.4920654296875,1083161
2019-02-12,608.60107421875,615.5276489257812,589.9345092773438,594.5130615234375,607574
2019-02-14,574.0855102539062,582.274169921875,572.6473388671875,578.8108520507812,765281
2019-02-15,577.3140258789062,578.8108520507812,559.8507690429688,564.7228393554688,1000677
2019-02-18,565.7501220703125,569.859130859375,552.5132446289062,554.1862182617188,694578
2019-02-19,551.3392944335938,563.4608154296875,549.2554321289062,554.5971069335938,744741
2019-02-20,557.6495361328125,569.21337890625,555.829833984375,567.3936767578125,853440
2019-02-21,567.6284790039062,581.7164916992188,554.4210205078125,579.045654296875,1552067
2019-02-22,577.6074829101562,586.6472778320312,570.3580322265625,582.1860961914062,1183147
2019-02-25,584.0645141601562,587.410400390625,575.8464965820312,580.5131225585938,287516
2019-02-26,574.731201171875,582.303466796875,566.6893310546875,579.5152587890625,502675
2019-02-27,580.3076782226562,591.1084594726562,571.4733276367188,574.7018432617188,456354
2019-02-28,577.6074829101562,586.99951171875,568.12744140625,582.274169921875,1036391
2019-03-01,582.8905029296875,598.6807861328125,582.4502563476562,592.4879150390625,901566
2019-03-05,590.3160400390625,608.3662719726562,586.1189575195312,604.9029541015625,696636
2019-03-06,608.7184448242188,615.6744384765625,595.0120239257812,598.2698974609375,766320
2019-03-07,598.5633544921875,607.0455322265625,594.2782592773438,599.561279296875,839670
2019-03-08,599.3264770507812,604.6094970703125,593.3977661132812,600.9994506835938,456675
2019-03-11,600.50048828125,623.3934326171875,600.50048828125,620.076904296875,1168011
2019-03-12,624.5674438476562,625.741455078125,616.5842895507812,618.31591796875,894046
2019-03-13,618.31591796875,627.50244140625,613.4437866210938,618.5507202148438,1401781
2019-03-14,620.4584350585938,623.4521484375,606.9574584960938,608.6304321289062,412141
2019-03-15,607.5444946289062,613.4144897460938,605.4606323242188,608.0433959960938,417944
2019-03-18,608.7184448242188,614.5004272460938,601.7918701171875,608.2781982421875,559460
2019-03-19,608.1314697265625,620.7225952148438,597.6242065429688,615.9385375976562,996029
2019-03-20,619.255126953125,633.95947265625,611.447998046875,623.2173461914062,1641136
2019-03-22,621.7205200195312,626.7393798828125,612.240478515625,615.7918090820312,753728
2019-03-25,609.951171875,620.9280395507812,607.5444946289062,615.6744384765625,368356
2019-03-26,612.5926513671875,625.1544799804688,612.5926513671875,620.7813110351562,548761
2019-03-27,625.1544799804688,637.2760009765625,621.3389282226562,625.0076904296875,1657926
2019-03-28,625.33056640625,642.4122314453125,625.0076904296875,638.684814453125,1605633
2019-04-01,664.4833984375,671.6448364257812,660.1102905273438,664.072509765625,978387
2019-04-02,668.5924072265625,668.5924072265625,656.3534545898438,664.0137939453125,667388
2019-04-03,663.3094482421875,689.6069946289062,661.8712768554688,681.3889770507812,2653699
2019-04-04,684.3826904296875,684.3826904296875,666.9194946289062,669.9718627929688,760939
2019-04-05,667.1249389648438,680.91943359375,662.869140625,673.229736328125,735780
2019-04-08,675.6951293945312,683.5609130859375,669.5022583007812,672.3198852539062,673584
2019-04-09,672.173095703125,679.7454223632812,665.7748413085938,677.4267578125,369397
2019-04-10,674.0221557617188,686.1436767578125,671.5274047851562,684.2359619140625,646354
2019-04-11,684.6174926757812,692.0723876953125,681.1835327148438,689.2548217773438,1438043
2019-04-12,688.0514526367188,701.4644165039062,685.2045288085938,694.8606567382812,710533
2019-04-15,695.7411499023438,699.1163940429688,692.7474365234375,697.1499633789062,646434
2019-04-16,697.6488647460938,702.6383666992188,691.866943359375,698.617431640625,391605
2019-04-18,695.5944213867188,701.2296142578125,687.669921875,695.2421875,533174
2019-04-22,693.3051147460938,694.97802734375,676.7810668945312,679.9215087890625,380373
2019-04-23,684.9990234375,689.1373901367188,677.9844360351562,685.7621459960938,364245
2019-04-24,685.4686279296875,692.659423828125,679.451904296875,691.2506103515625,318073
2019-04-25,693.8040161132812,705.4559936523438,684.323974609375,700.7306518554688,747792
2019-04-26,701.4644165039062,703.196044921875,690.0178833007812,692.131103515625,927810
2019-04-30,688.7265014648438,693.5692138671875,682.2401733398438,688.4036254882812,419996
2019-05-02,682.7977905273438,697.384765625,672.701416015625,674.8146362304688,435792
2019-05-03,677.3680419921875,692.2191162109375,672.1144409179688,690.252685546875,462042
2019-05-06,687.4351196289062,687.4351196289062,665.6574096679688,670.8523559570312,402950
2019-05-07,670.8523559570312,673.787353515625,654.5924682617188,658.6134033203125,1160299
2019-05-08,652.2151489257812,655.56103515625,631.3472900390625,639.2717895507812,1505270
2019-05-09,634.1355590820312,645.3765869140625,631.7581787109375,639.7413940429688,609082
2019-05-10,639.7413940429688,648.6051025390625,623.0706176757812,628.705810546875,802365
2019-05-13,626.3871459960938,628.1187744140625,616.3494873046875,616.8777465820312,744160
2019-05-14,613.4144897460938,647.46044921875,612.5632934570312,639.6239624023438,2400412
2019-05-15,644.5254516601562,646.93212890625,626.5338745117188,630.3787231445312,722394
2019-05-16,633.3724365234375,666.2444458007812,631.0244750976562,663.0746459960938,976154
2019-05-17,662.8104858398438,668.3576049804688,651.5694580078125,660.9320678710938,648394
2019-05-20,669.7077026367188,702.8145141601562,669.7077026367188,699.7620849609375,701411
2019-05-21,698.76416015625,728.8772583007812,687.2589721679688,694.4497680664062,1340256
2019-05-22,693.3051147460938,698.470703125,678.5714111328125,686.202392578125,561831
2019-05-23,697.3554077148438,718.4286499023438,691.045166015625,695.4769897460938,961421
2019-05-24,694.7725830078125,722.4789428710938,694.7725830078125,715.5230102539062,964082
2019-05-27,715.5523681640625,754.5878295898438,715.5523681640625,749.9799194335938,1544578
2019-05-28,747.07421875,749.2461547851562,731.4013671875,740.969482421875,541363
2019-05-29,740.7933349609375,752.5333251953125,731.5774536132812,735.2168579101562,633782
2019-05-30,735.97998046875,768.9692993164062,732.5460205078125,762.6004028320312,1456962
2019-05-31,765.1831665039062,767.3551025390625,734.92333984375,746.5459594726562,1337149
2019-06-03,747.1622924804688,758.0217895507812,738.15185546875,751.388671875,754721
2019-06-04,751.3593139648438,751.3593139648438,739.6193237304688,743.8751220703125,608930
2019-06-06,740.7933349609375,746.5166015625,727.8793334960938,728.847900390625,466523
2019-06-07,727.8793334960938,743.669677734375,721.4517211914062,735.6571044921875,762489
2019-06-10,738.5040283203125,753.53125,735.5103759765625,745.4600219726562,743680
2019-06-11,745.4893188476562,750.420166015625,740.1182861328125,745.5480346679688,302502
2019-06-12,742.5543212890625,750.1266479492188,733.9254760742188,739.5313110351562,589566
2019-06-13,739.6193237304688,748.42431640625,736.126708984375,746.0763549804688,337034
2019-06-14,743.141357421875,751.3006591796875,733.7493286132812,736.0386352539062,319887
2019-06-17,736.0973510742188,741.9086303710938,729.8164672851562,734.1602783203125,334661
2019-06-18,736.0973510742188,748.7178344726562,730.1392822265625,738.8562622070312,443818
2019-06-19,741.9086303710938,758.4033203125,721.42236328125,745.0784301757812,1345754
2019-06-20,743.4348754882812,749.8331298828125,734.36572265625,746.8101196289062,634317
2019-06-21,746.8101196289062,751.7409057617188,722.9485473632812,727.9674072265625,804029
2019-06-24,733.162353515625,736.684326171875,717.9297485351562,732.4873046875,579947
2019-06-25,727.615234375,737.7996826171875,725.2378540039062,734.5418090820312,516928
2019-06-26,740.2063598632812,742.46630859375,732.898193359375,735.5690307617188,450037
2019-06-27,737.2713623046875,763.0993041992188,736.1560668945312,759.6947631835938,1140067
2019-06-28,764.2733154296875,774.7806396484375,754.6759033203125,769.7617797851562,1766926
2019-07-01,774.8099975585938,782.9985961914062,763.7450561523438,780.9734497070312,1052949
2019-07-02,784.8182983398438,786.5792846679688,772.550048828125,778.9776611328125,976319
2019-07-03,782.4703369140625,785.7575073242188,775.807861328125,781.736572265625,501252
2019-07-04,781.88330078125,799.4052734375,779.2711791992188,796.9398803710938,1332391
2019-07-05,798.730224609375,802.4576416015625,735.7745361328125,739.3845825195312,2564475
2019-07-08,745.4893188476562,753.384521484375,723.30078125,732.1937866210938,1489558
2019-07-09,733.7493286132812,745.9002685546875,723.7997436523438,739.6780395507812,928140
2019-07-10,736.8311157226562,746.25244140625,706.7473754882812,711.9129638671875,1332701
2019-07-11,717.0198974609375,731.9883422851562,712.9989013671875,725.5020141601562,834920
2019-07-12,728.43701171875,730.4034423828125,716.4622192382812,722.3028564453125,568695
2019-07-15,725.5313720703125,727.2630004882812,708.1561889648438,714.0848999023438,693302
2019-07-16,712.6173706054688,724.65087890625,712.6173706054688,722.21484375,805085
2019-07-17,723.183349609375,730.6382446289062,713.2044067382812,716.55029296875,618760
2019-07-18,720.4537963867188,722.0093994140625,705.0451049804688,707.4224243164062,474027
2019-07-19,708.596435546875,716.6383056640625,697.4727783203125,700.8480224609375,468233
2019-07-22,700.7012939453125,700.8773803710938,686.202392578125,697.003173828125,458431
2019-07-23,695.6824340820312,716.0806884765625,692.5419921875,707.1582641601562,753346
2019-07-24,707.1582641601562,707.1582641601562,683.3848266601562,694.1856079101562,560363
2019-07-25,698.9989624023438,704.3994140625,685.4099731445312,687.7285766601562,482450
2019-07-26,689.988525390625,703.3427734375,686.8187255859375,696.3574829101562,349772
2019-07-29,697.3554077148438,706.6886596679688,682.1227416992188,685.4686279296875,440613
2019-07-30,683.4434814453125,693.2463989257812,671.5274047851562,677.8963623046875,525905
2019-07-31,675.0200805664062,682.7097778320312,667.4183959960938,671.9676513671875,837312
2019-08-01,669.179443359375,676.1940307617188,646.8734130859375,657.1459350585938,666992
2019-08-02,654.47509765625,662.5463256835938,646.0222778320312,654.5337524414062,700586
2019-08-05,647.5778198242188,659.6406860351562,637.5108032226562,649.896484375,457228
2019-08-06,644.5841674804688,669.737060546875,644.5841674804688,663.9844970703125,711182
2019-08-07,663.8964233398438,666.2444458007812,643.0872802734375,646.5505981445312,588981
2019-08-08,655.6197509765625,699.7620849609375,648.0474243164062,675.1668090820312,4043596
2019-08-09,677.3973999023438,697.3554077148438,675.1080932617188,684.7642822265625,1201265
2019-08-13,687.96337890625,689.4015502929688,667.2129516601562,670.3827514648438,715898
2019-08-14,670.3827514648438,688.8438720703125,665.6574096679688,682.56298828125,737903
2019-08-16,676.2821044921875,689.6069946289062,669.5022583007812,680.9780883789062,593584
2019-08-19,685.0283813476562,697.3554077148438,681.5651245117188,684.9990234375,517083
2019-08-20,685.674072265625,688.4036254882812,673.8754272460938,685.5567016601562,432833
2019-08-21,683.8544311523438,685.5567016601562,672.3198852539062,676.1647338867188,423867
2019-08-22,679.1290283203125,681.623779296875,662.3408813476562,668.7391357421875,417213
2019-08-23,666.8314208984375,678.5714111328125,658.8775634765625,673.640625,389267
2019-08-26,685.52734375,692.5419921875,666.8314208984375,688.080810546875,807186
2019-08-27,691.5147705078125,717.8416748046875,691.4854125976562,702.52099609375,1089029
2019-08-28,702.0513916015625,706.1016845703125,688.1101684570312,691.4560546875,239235
2019-08-29,689.0786743164062,699.7620849609375,681.5064086914062,690.2820434570312,341519
2019-08-30,692.659423828125,709.682373046875,684.5001220703125,705.7201538085938,722201
2019-09-03,703.8123779296875,708.9779663085938,673.6993408203125,679.5986328125,726530
2019-09-04,680.8607177734375,687.3764038085938,666.8314208984375,685.4979858398438,421838
2019-09-05,688.9319458007812,693.89208984375,683.2967529296875,686.8187255859375,397668
2019-09-06,693.2463989257812,701.3469848632812,682.5923461914062,697.5021362304688,334610
2019-09-09,695.2421875,720.1603393554688,693.217041015625,715.7578125,650705
2019-09-11,722.0093994140625,727.35107421875,713.7913818359375,718.9276123046875,1188994
2019-09-12,723.183349609375,731.9883422851562,712.3532104492188,721.4517211914062,952922
2019-09-13,720.7766723632812,735.97998046875,718.19384765625,731.5774536132812,682121
2019-09-16,724.9443969726562,738.7975463867188,722.361572265625,729.3468627929688,601564
2019-09-17,727.8793334960938,742.5543212890625,725.5313720703125,729.7283935546875,719518
2019-09-18,733.7493286132812,739.5606689453125,726.1770629882812,732.2818603515625,571210
2019-09-19,728.2022094726562,731.9883422851562,720.0429077148438,724.4747924804688,487114
2019-09-20,728.5250854492188,783.644287109375,721.4810791015625,779.3885498046875,1735551
2019-09-23,792.4492797851562,857.312744140625,792.4492797851562,848.2435913085938,1956386
2019-09-24,848.2142333984375,876.85986328125,834.5371704101562,842.5203857421875,1353861
2019-09-25,835.9166259765625,865.8535766601562,835.9166259765625,846.7467651367188,1925386
2019-09-26,850.7970581054688,880.4992065429688,846.4238891601562,874.5118408203125,1853964
2019-09-27,872.8682250976562,892.2391967773438,867.3211059570312,885.8115844726562,1596771
2019-09-30,885.8115844726562,896.8178100585938,867.6732788085938,889.9205932617188,1405490
2019-10-01,891.593505859375,918.6541748046875,888.1889038085938,905.886962890625,1926516
2019-10-03,905.740234375,911.023193359375,880.8220825195312,895.5557861328125,1085902
2019-10-04,895.76123046875,913.6353759765625,895.76123046875,900.1050415039062,1244285
2019-10-07,896.9352416992188,915.7191772460938,876.5076293945312,893.06103515625,1417171
2019-10-09,893.06103515625,936.26416015625,889.5977172851562,932.2725830078125,1806085
2019-10-10,930.981201171875,938.4360961914062,912.3145751953125,922.9392700195312,1363396
2019-10-11,922.9392700195312,936.26416015625,918.6835327148438,924.0839233398438,865619
2019-10-14,927.5178833007812,941.8406982421875,921.3837280273438,923.7611083984375,988462
2019-10-15,926.6961059570312,936.5576782226562,923.9371948242188,934.503173828125,822695
2019-10-16,936.26416015625,949.7651977539062,934.503173828125,945.8029174804688,1020535
2019-10-17,945.1865844726562,958.2179565429688,944.1300048828125,952.43603515625,1461498
2019-10-18,954.197021484375,972.0711669921875,951.0565795898438,967.7860717773438,852815
2019-10-22,968.5491333007812,994.0836181640625,966.1718139648438,983.22412109375,1009869
2019-10-23,983.22412109375,1008.1422729492188,974.0082397460938,982.1675415039062,1330491
2019-10-24,982.3436279296875,986.716796875,952.7001953125,957.5135498046875,981591
2019-10-25,955.6351928710938,957.5135498046875,934.7966918945312,951.2913818359375,1010588
2019-10-27,956.22216796875,962.6791381835938,948.004150390625,953.1697387695312,66603
2019-10-29,955.5764770507812,976.1508178710938,953.3165283203125,963.23681640625,803740
2019-10-30,971.2786865234375,980.8761596679688,963.5889892578125,969.312255859375,543980
2019-10-31,973.5973510742188,984.3687744140625,967.4925537109375,972.1298217773438,771504
2019-11-01,978.205322265625,994.02490234375,975.4464111328125,981.2576904296875,758637
2019-11-04,986.2178344726562,995.9620361328125,975.6224975585938,988.1842651367188,894486
2019-11-05,985.8656616210938,989.7105102539062,962.7965698242188,984.6329345703125,750460
2019-11-06,986.1591186523438,1003.1527709960938,974.4778442382812,987.7733764648438,1004564
2019-11-07,990.092041015625,997.8697509765625,973.8321533203125,977.3834838867188,1106939
2019-11-08,982.6077880859375,987.920166015625,962.7965698242188,967.6686401367188,1633856
2019-11-11,966.7881469726562,988.9767456054688,962.6791381835938,983.341552734375,1000324
2019-11-13,991.442138671875,994.964111328125,953.2871704101562,959.4800415039062,1436083
2019-11-14,959.744140625,968.63720703125,944.0419311523438,946.5366821289062,992682
2019-11-15,947.0062866210938,952.8175659179688,918.4193725585938,924.9937744140625,1695686
2019-11-18,924.8176879882812,937.8490600585938,907.4425048828125,912.5493774414062,1889785
2019-11-19,912.2265625,933.3291625976562,907.237060546875,926.8721923828125,1447055
2019-11-20,921.5891723632812,937.995849609375,884.021240234375,905.8576049804688,3862178
2019-11-21,908.6752319335938,910.7883911132812,894.6459350585938,905.8282470703125,1472822
2019-11-22,905.8576049804688,906.3272094726562,863.0653686523438,874.3651123046875,2495932
2019-11-25,876.9772338867188,896.7297973632812,875.5390625,893.1784057617188,1740023
2019-11-26,898.1091918945312,905.2412719726562,858.2813110351562,876.9185180664062,12984234
2019-11-27,868.641845703125,871.1072387695312,849.9752807617188,865.3839721679688,1947623
2019-11-28,869.3462524414062,876.9185180664062,860.3651733398438,872.7802124023438,811602
2019-11-29,872.427978515625,879.3252563476562,857.6356201171875,863.0066528320312,683525
2019-12-02,862.9479370117188,874.042236328125,858.8389282226562,870.3441162109375,452714
2019-12-03,867.6439208984375,876.6837158203125,860.541259765625,867.0863037109375,651337
2019-12-04,866.4112548828125,882.671142578125,857.048583984375,872.163818359375,1166694
2019-12-05,872.8682250976562,877.5055541992188,862.3903198242188,868.2015991210938,420351
2019-12-06,870.93115234375,874.4237670898438,854.9060668945312,865.9122924804688,488441
2019-12-09,868.7592163085938,871.6942138671875,858.8389282226562,865.7068481445312,346434
2019-12-10,867.5852661132812,873.9541625976562,857.0192260742188,859.8074951171875,269439
2019-12-11,861.4217529296875,879.853515625,853.2918090820312,876.3902587890625,615562
2019-12-12,879.9122314453125,884.5494995117188,864.855712890625,873.3378295898438,629571
2019-12-13,876.8011474609375,879.9122314453125,836.268798828125,871.1659545898438,603170
2019-12-16,871.1072387695312,891.3587036132812,870.3734741210938,876.595703125,1599209
2019-12-17,878.2099609375,883.3168334960938,868.9353637695312,877.5935668945312,666671
2019-12-18,879.0904541015625,889.4803466796875,876.3902587890625,882.4950561523438,763750
2019-12-19,881.9080200195312,902.2182006835938,878.7382202148438,896.7590942382812,1297924
2019-12-20,900.8093872070312,909.79052734375,890.243408203125,904.2433471679688,1744662
2019-12-23,903.3922119140625,914.5452270507812,894.7339477539062,900.0169677734375,849627
2019-12-24,902.8052368164062,908.2056274414062,898.2853393554688,901.4551391601562,339174
2019-12-26,901.71923828125,904.7716674804688,889.8912353515625,893.2664794921875,454170
2019-12-27,896.7590942382812,901.014892578125,892.385986328125,896.2014770507812,321117
2019-12-30,898.4320678710938,906.9141845703125,888.5411376953125,891.2119750976562,677794
2019-12-31,889.30419921875,894.5872192382812,876.214111328125,878.5621337890625,563043
2020-01-01,878.5621337890625,885.1365356445312,872.9269409179688,875.3629760742188,269439
2020-01-02,879.9122314453125,891.593505859375,872.0464477539062,888.5411376953125,576388
2020-01-03,889.8912353515625,890.771728515625,876.184814453125,887.0442504882812,542930
2020-01-06,874.6879272460938,883.228759765625,856.755126953125,865.53076171875,428855
2020-01-07,868.7299194335938,878.9436645507812,865.82421875,871.7822875976562,319066
2020-01-08,863.2120971679688,870.520263671875,858.8389282226562,864.7089233398438,366334
2020-01-09,886.0170288085938,887.4552001953125,872.3106079101562,886.0170288085938,355794
2020-01-10,887.543212890625,899.283203125,882.1721801757812,886.5159912109375,1223283
2020-01-13,887.543212890625,891.1826171875,874.3651123046875,881.5558471679688,573424
2020-01-14,882.26025390625,890.4782104492188,880.8220825195312,886.9562377929688,513322
2020-01-15,885.0778198242188,893.4132080078125,880.528564453125,885.3419799804688,791486
2020-01-16,886.3692016601562,907.9708251953125,886.3692016601562,901.308349609375,1198351
2020-01-17,902.2182006835938,937.8490600585938,902.2182006835938,932.1552124023438,1773349
2020-01-20,936.2055053710938,944.482177734375,927.7820434570312,934.3564453125,777998
2020-01-21,934.3270874023438,945.6561889648438,924.5828857421875,929.2788696289062,991360
2020-01-22,932.1552124023438,936.26416015625,918.9476928710938,926.0797119140625,399226
2020-01-23,926.4906616210938,936.1467895507812,921.0902709960938,929.0440673828125,601261
2020-01-24,929.22021484375,955.5764770507812,929.22021484375,953.8447875976562,1151283
2020-01-27,956.22216796875,962.0921630859375,910.1720581054688,914.0169067382812,1672517
2020-01-28,914.8973999023438,924.788330078125,881.1156005859375,884.4908447265625,1164200
2020-01-29,888.1302490234375,903.6270141601562,874.8053588867188,897.0526123046875,1068166
2020-01-30,898.1091918945312,900.6920166015625,882.5537109375,886.2518310546875,606051
2020-01-31,889.30419921875,894.7633056640625,870.1093139648438,880.64599609375,569443
2020-02-03,833.3338012695312,856.784423828125,830.8977661132812,843.6650390625,750041
2020-02-04,849.1534423828125,874.5118408203125,849.0654296875,867.2330322265625,497935
2020-02-05,872.8682250976562,885.5767822265625,868.7592163085938,879.1198120117188,465857
2020-02-06,881.6732177734375,892.8262329101562,876.8305053710938,887.0442504882812,458329
2020-02-07,886.3692016601562,889.30419921875,872.01708984375,884.6669311523438,351335
2020-02-10,884.021240234375,884.021240234375,863.2120971679688,866.3818969726562,398468
2020-02-11,870.2267456054688,893.4132080078125,857.0779418945312,877.41748046875,2387393
2020-02-12,874.6292114257812,874.6292114257812,827.22900390625,835.711181640625,2839660
2020-02-13,839.4092407226562,851.1492309570312,828.7552490234375,833.7153930664062,1227266
2020-02-14,837.883056640625,843.4888916015625,817.6903076171875,820.5665893554688,887901
2020-02-17,825.6441040039062,825.6441040039062,806.71337890625,811.6735229492188,924976
2020-02-18,809.8538208007812,821.153564453125,799.552001953125,818.3359985351562,477985
2020-02-19,823.2667846679688,836.4742431640625,821.7406005859375,834.654541015625,513920
2020-02-20,830.868408203125,839.5560302734375,826.935546875,829.254150390625,459567
2020-02-24,824.7342529296875,833.0989990234375,803.1033325195312,806.419921875,492104
2020-02-25,811.2332763671875,824.7049560546875,801.2542724609375,811.6735229492188,839636
2020-02-26,807.79931640625,820.4198608398438,786.5792846679688,790.3361206054688,944966
2020-02-27,791.2753295898438,800.080322265625,774.0762329101562,793.8580932617188,1158535
2020-02-28,783.5856323242188,789.4849853515625,755.1455078125,765.3005981445312,1389784
2020-03-02,774.8392944335938,795.7952270507812,761.3383178710938,769.3508911132812,711683
2020-03-03,774.3403930664062,799.9335327148438,763.7743530273438,796.2354736328125,947310
2020-03-04,803.602294921875,803.602294921875,769.3508911132812,782.96923828125,828942
2020-03-05,784.2900390625,794.2103271484375,774.8392944335938,783.8790893554688,786116
2020-03-06,763.6863403320312,788.1935424804688,757.5521850585938,785.9923095703125,649751
2020-03-09,771.7869262695312,774.8099975585938,744.4327392578125,755.2335205078125,982224
2020-03-11,748.42431640625,760.1936645507812,739.912841796875,754.6465454101562,1364345
2020-03-12,736.684326171875,738.4453735351562,675.0787353515625,692.80615234375,1332278
2020-03-13,635.2508544921875,757.2293090820312,588.9072265625,712.4119262695312,984905
2020-03-16,683.8544311523438,695.0367431640625,668.8565673828125,674.0221557617188,1154045
2020-03-17,676.8104248046875,708.9779663085938,660.4037475585938,666.8020629882812,794612
2020-03-18,671.5274047851562,685.8502197265625,636.5128784179688,656.236083984375,1015965
2020-03-19,637.4814453125,679.041015625,611.30126953125,653.4478149414062,647109
2020-03-20,657.7622680664062,691.9550170898438,636.8944702148438,686.5252685546875,796670
2020-03-23,636.8944702148438,679.4225463867188,556.4168090820312,584.6808471679688,534676
2020-03-24,581.7164916992188,628.03076171875,581.7164916992188,598.0350952148438,545499
2020-03-25,598.0350952148438,626.1229858398438,592.95751953125,615.9092407226562,641717
2020-03-26,628.0894775390625,668.5924072265625,628.03076171875,640.181640625,563046
2020-03-27,673.8754272460938,684.9110107421875,605.4019165039062,612.91552734375,569116
2020-03-30,609.5696411132812,641.9132690429688,599.1210327148438,634.51708984375,608838
2020-03-31,642.7644653320312,670.9404296875,639.1837158203125,653.5652465820312,1457289
2020-04-01,654.5044555664062,660.2570190429688,625.213134765625,637.0118408203125,482843
2020-04-03,643.5275268554688,643.5275268554688,612.8274536132812,617.0831909179688,477753
2020-04-07,641.00341796875,658.4373168945312,628.441650390625,653.5065307617188,402450
2020-04-08,652.1270751953125,689.7244262695312,641.5904541015625,649.07470703125,621215
2020-04-09,655.0914306640625,692.659423828125,654.5044555664062,677.69091796875,842728
2020-04-13,686.7894287109375,707.3344116210938,660.3744506835938,694.567138671875,1132224
2020-04-15,695.5944213867188,735.7745361328125,695.5944213867188,700.4371337890625,1289314
2020-04-16,694.5377807617188,720.8353881835938,687.6405639648438,710.2694091796875,1208220
2020-04-17,730.8143310546875,730.8143310546875,692.8355102539062,703.0199584960938,664452
2020-04-20,708.8018798828125,711.443359375,687.3764038085938,691.3973388671875,432879
2020-04-21,674.46240234375,687.9047241210938,674.46240234375,680.4498291015625,310368
2020-04-22,677.3973999023438,680.802001953125,651.5694580078125,664.2192993164062,1245794
2020-04-23,666.2444458007812,704.1939086914062,666.2444458007812,686.1730346679688,1779795
2020-04-24,680.3323974609375,706.5712890625,666.2444458007812,672.6427001953125,1318004
2020-04-27,681.5064086914062,690.2233276367188,668.5924072265625,671.9676513671875,486756
2020-04-28,679.6867065429688,697.795654296875,666.2444458007812,669.2380981445312,902510
2020-04-29,673.8754272460938,673.8754272460938,653.3890991210938,661.636474609375,895569
2020-04-30,673.8754272460938,692.0723876953125,665.0410766601562,669.0326538085938,1039069
2020-05-04,651.5694580078125,651.5694580078125,626.9154663085938,643.028564453125,997080
2020-05-05,650.3954467773438,659.0536499023438,624.0684814453125,627.9426879882812,690784
2020-05-06,627.7372436523438,645.1124267578125,610.1859741210938,616.1439819335938,1037259
2020-05-07,616.290771484375,630.3787231445312,613.4144897460938,619.1670532226562,568836
2020-05-08,624.80224609375,629.4102172851562,608.2488403320312,612.4459228515625,537518
2020-05-11,620.1062622070312,621.5150756835938,597.27197265625,604.6681518554688,978421
2020-05-12,602.3201904296875,607.779296875,584.8275756835938,595.9512329101562,927820
2020-05-13,616.3494873046875,623.3934326171875,601.6744995117188,613.2677001953125,919832
2020-05-14,592.8695068359375,633.95947265625,581.892578125,615.8505249023438,2900407
2020-05-15,617.1712646484375,639.506591796875,610.5087890625,635.4856567382812,2088955
2020-05-18,636.806396484375,636.8944702148438,581.1295166015625,585.267822265625,1227416
2020-05-19,607.51513671875,611.1251831054688,587.7332153320312,599.2384033203125,1966195
2020-05-20,599.0623168945312,610.4794921875,589.6116333007812,600.383056640625,910101
2020-05-21,601.6744995117188,608.4249877929688,593.2216796875,599.7667236328125,1097651
2020-05-22,596.9784545898438,605.6660766601562,587.8212890625,595.8045043945312,902873
2020-05-26,598.739501953125,609.8924560546875,595.8045043945312,599.8841552734375,834871
2020-05-27,601.6744995117188,603.083251953125,593.1629638671875,598.0350952148438,856416
2020-05-28,601.5570678710938,630.9657592773438,599.3558349609375,628.969970703125,1528372
2020-05-29,628.969970703125,644.9950561523438,622.219482421875,639.35986328125,2199248
2020-06-01,648.6344604492188,673.2883911132812,646.6973266601562,660.6679077148438,1242670
2020-06-02,661.6658325195312,669.7664184570312,647.343017578125,651.3639526367188,913327
2020-06-03,660.3744506835938,672.701416015625,652.743408203125,662.2821655273438,1349215
2020-06-04,660.3744506835938,667.4183959960938,648.135498046875,653.5652465820312,1052675
2020-06-05,656.793701171875,685.6154174804688,656.793701171875,675.401611328125,2231351
2020-06-08,686.5546264648438,689.57763671875,659.9928588867188,663.8670654296875,1212377
2020-06-09,666.2444458007812,674.1395874023438,655.6490478515625,659.0536499023438,597789
2020-06-10,656.2654418945312,662.722412109375,641.4436645507812,646.9027709960938,671406
2020-06-11,648.399658203125,653.8587036132812,625.2718505859375,627.50244140625,734240
2020-06-12,601.997314453125,633.2550659179688,601.8799438476562,627.2969970703125,618753
2020-06-15,624.9783325195312,633.95947265625,609.8924560546875,615.6744384765625,703736
2020-06-16,626.9154663085938,626.9154663085938,598.2405395507812,606.1943969726562,1161290
2020-06-17,604.0224609375,611.5947875976562,599.3264770507812,603.1713256835938,828596
2020-06-18,602.2027587890625,619.1670532226562,600.8233032226562,612.3578491210938,832489
2020-06-19,613.4144897460938,630.7896728515625,613.4144897460938,626.269775390625,1280919
2020-06-22,626.3284301757812,645.6407470703125,626.3284301757812,636.2194213867188,873430
2020-06-23,648.6344604492188,654.3283081054688,636.8944702148438,646.4625244140625,829155
2020-06-24,654.5044555664062,664.4833984375,638.7141723632812,642.353515625,1154522
2020-06-25,642.7644653320312,661.2255859375,636.1019897460938,651.6281127929688,1087476
2020-06-26,662.722412109375,662.722412109375,650.4248046875,655.3262329101562,984488
2020-06-29,654.4457397460938,655.0620727539062,641.385009765625,645.2298583984375,492003
2020-06-30,647.9006958007812,661.5484008789062,641.5904541015625,643.7329711914062,936971
2020-07-01,643.7329711914062,651.0411376953125,635.3975830078125,642.735107421875,817424
2020-07-02,648.2822265625,654.2109375,637.8629760742188,642.5003051757812,864041
2020-07-03,646.8734130859375,677.2213134765625,643.5862426757812,674.579833984375,3237140
2020-07-06,689.6069946289062,697.3554077148438,677.9844360351562,682.26953125,5129423
2020-07-07,688.4623413085938,692.659423828125,679.7747802734375,688.3743286132812,1610429
2020-07-08,686.7894287109375,697.2379760742188,668.4456787109375,678.8649291992188,1630873
2020-07-09,684.44140625,686.4959106445312,669.5316162109375,671.879638671875,1032811
2020-07-10,675.0494384765625,679.7454223632812,663.6322631835938,667.9173583984375,792293
2020-07-13,671.1752319335938,674.9026489257812,658.4373168945312,671.3219604492188,1033135
2020-07-14,670.9404296875,683.8544311523438,660.3744506835938,663.7789916992188,1393536
2020-07-15,671.5274047851562,683.8544311523438,666.2737426757812,679.2464599609375,1711907
2020-07-16,681.5064086914062,687.96337890625,668.6217651367188,681.0955200195312,1019074
2020-07-17,681.0955200195312,685.0283813476562,666.2444458007812,680.3030395507812,1222232
2020-07-20,683.502197265625,697.2086181640625,681.0368041992188,692.688720703125,1868359
2020-07-21,703.2254028320312,703.4895629882812,687.96337890625,692.0430297851562,1643962
2020-07-22,692.0430297851562,696.3868408203125,679.3345336914062,689.6657104492188,951563
2020-07-23,689.6657104492188,693.481201171875,682.0933837890625,685.0870971679688,674775
2020-07-24,683.7369995117188,691.4854125976562,673.8754272460938,681.5651245117188,1005777
2020-07-27,678.6594848632812,680.8313598632812,656.3240966796875,667.18359375,1470062
2020-07-28,669.1207275390625,673.229736328125,659.0830078125,670.8523559570312,670791
2020-07-29,669.6196899414062,676.3408203125,664.18994140625,674.3450317382812,1113167
2020-07-30,680.2150268554688,681.3889770507812,667.1249389648438,670.6175537109375,1033389
2020-07-31,669.179443359375,683.8544311523438,666.2444458007812,682.1227416992188,874540
2020-08-03,683.7957153320312,688.902587890625,672.701416015625,674.8439331054688,1065946
2020-08-04,678.1605224609375,692.659423828125,676.2527465820312,687.2589721679688,1245679
2020-08-05,691.8963012695312,695.4182739257812,684.2359619140625,686.9067993164062,986934
2020-08-06,687.5818481445312,692.7474365234375,679.0703735351562,680.5965576171875,554710
2020-08-07,679.7454223632812,683.7369995117188,670.412109375,676.4288330078125,996912
2020-08-10,670.9404296875,676.223388671875,657.9089965820312,664.6595458984375,1513038
2020-08-11,668.0054321289062,688.5504150390625,661.5777587890625,679.9215087890625,1755093
2020-08-12,677.3973999023438,693.2463989257812,667.18359375,688.5210571289062,1380423
2020-08-13,693.2463989257812,695.0073852539062,680.91943359375,691.602783203125,1519478
2020-08-14,695.5944213867188,743.141357421875,690.252685546875,711.3847045898438,9265004
2020-08-17,718.311279296875,731.4013671875,711.14990234375,721.3930053710938,2589613
2020-08-18,722.3322143554688,732.9862670898438,721.8626098632812,729.9925537109375,1249266
2020-08-19,731.7241821289062,735.862548828125,716.139404296875,718.3699951171875,895988
2020-08-20,713.0869750976562,724.1812744140625,708.7725219726562,714.0261840820312,1039610
2020-08-21,725.7661743164062,732.6927490234375,717.3133544921875,725.061767578125,1229103
2020-08-24,730.0219116210938,741.38037109375,717.3720703125,719.7787475585938,1512020
2020-08-25,722.5963745117188,728.2609252929688,716.7263793945312,722.1267700195312,627158
2020-08-26,723.183349609375,727.8500366210938,718.2525634765625,723.447509765625,727189
2020-08-27,728.4663696289062,730.8143310546875,711.5901489257812,713.2044067382812,994900
2020-08-28,714.3197021484375,726.1183471679688,714.3197021484375,716.814453125,899901
2020-08-31,719.0744018554688,721.95068359375,673.3471069335938,680.8313598632812,2229294
2020-09-01,686.202392578125,696.7683715820312,670.7349853515625,691.338623046875,1030776
2020-09-02,696.5335693359375,704.3994140625,691.19189453125,702.0220336914062,935591
2020-09-03,703.5188598632812,717.0491943359375,700.4371337890625,714.818603515625,860135
2020-09-04,704.9863891601562,724.5628051757812,704.4287109375,715.5523681640625,1168401
2020-09-07,716.139404296875,721.3342895507812,706.9234619140625,718.8982543945312,666186
2020-09-08,719.0744018554688,720.9527587890625,702.6970825195312,708.6551513671875,947568
2020-09-09,704.3994140625,705.4266357421875,690.1646728515625,703.4014892578125,518157
2020-09-10,704.8396606445312,717.3133544921875,702.3742065429688,714.7012329101562,587085
2020-09-11,712.0303955078125,724.269287109375,710.474853515625,718.8982543945312,968522
2020-09-14,724.9443969726562,729.0533447265625,713.32177734375,725.2378540039062,1026641
2020-09-15,731.9883422851562,770.0259399414062,724.0345458984375,726.55859375,5700105
2020-09-16,730.6969604492188,743.8457641601562,720.6885986328125,737.0365600585938,1296324
2020-09-17,733.690673828125,739.355224609375,726.411865234375,736.7136840820312,673504
2020-09-18,738.15185546875,743.7283325195312,726.940185546875,737.7703247070312,943934
2020-09-21,738.1224975585938,739.5606689453125,720.8353881835938,729.9925537109375,904406
2020-09-22,729.640380859375,732.4285888671875,702.4916381835938,714.1729125976562,774520
2020-09-23,716.3448486328125,733.4558715820312,716.139404296875,722.3322143554688,1606454
2020-09-24,716.7850952148438,718.9569702148438,700.642578125,711.1205444335938,956752
2020-09-25,714.6131591796875,720.1016235351562,696.1520385742188,708.9192504882812,1048787
2020-09-28,714.5545043945312,743.1119995117188,711.3553466796875,731.283935546875,797014
2020-09-29,733.7493286132812,750.0092163085938,725.5313720703125,739.648681640625,979092
2020-09-30,744.63818359375,754.2943115234375,734.9526977539062,742.2608642578125,1590769
2020-10-01,746.78076171875,749.5983276367188,736.7430419921875,740.3530883789062,495511
2020-10-05,744.7849731445312,756.0553588867188,740.2650756835938,750.420166015625,963249
2020-10-06,755.4683227539062,760.7513427734375,744.1979370117188,749.1580810546875,743993
2020-10-07,753.7073364257812,753.7073364257812,739.6193237304688,748.6884765625,575167
2020-10-08,751.3593139648438,762.5123291015625,744.5208129882812,759.606689453125,1063709
2020-10-09,758.4620361328125,762.1014404296875,747.5438232421875,753.7366943359375,1204752
2020-10-12,752.2691650390625,756.2020874023438,737.1246337890625,739.355224609375,587388
2020-10-13,742.1434326171875,742.1434326171875,716.84375,723.3301391601562,795978
2020-10-14,720.2483520507812,727.0281982421875,713.732666015625,724.8269653320312,679562
2020-10-15,725.0030517578125,732.3992309570312,719.5146484375,726.7933959960938,894762
2020-10-16,733.162353515625,744.755615234375,719.8961791992188,742.8184814453125,1625693
2020-10-19,745.4893188476562,753.120361328125,737.6822509765625,749.4515991210938,627414
2020-10-20,748.5123901367188,761.7492065429688,745.69482421875,755.9085693359375,872949
2020-10-21,759.6654052734375,765.9756469726562,752.1517944335938,757.6402587890625,1060161
2020-10-22,751.3593139648438,762.8058471679688,743.4935302734375,747.9254150390625,657944
2020-10-23,747.8373413085938,757.7576293945312,745.4893188476562,750.7723388671875,718315
2020-10-26,753.0910034179688,755.9966430664062,739.912841796875,750.3320922851562,763818
2020-10-27,753.9714965820312,753.9714965820312,733.3384399414062,743.4641723632812,783694
2020-10-28,743.4641723632812,759.5773315429688,733.162353515625,754.7932739257812,1146854
2020-10-29,752.5333251953125,759.8121337890625,744.0218505859375,756.642333984375,713290
2020-10-30,756.642333984375,771.2879638671875,737.8583374023438,744.1685791015625,1575064
2020-11-02,745.4893188476562,757.2293090820312,740.6172485351562,753.3258056640625,415243
2020-11-03,755.43896484375,774.2523193359375,753.384521484375,766.8267822265625,713475
2020-11-04,771.3466796875,785.1705322265625,764.6842041015625,781.0321655273438,918511
2020-11-05,787.1663208007812,794.5625,776.600341796875,781.736572265625,811169
2020-11-06,780.7092895507812,789.2208251953125,774.86865234375,780.5919189453125,785269
2020-11-09,779.5353393554688,794.973388671875,778.9189453125,792.0383911132812,631104
2020-11-10,797.6149291992188,807.2123413085938,792.8602294921875,796.9398803710938,1011391
2020-11-11,798.9943237304688,812.3192138671875,794.3570556640625,804.1892700195312,658549
2020-11-12,804.7469482421875,830.0172729492188,802.7218017578125,824.9397583007812,1268634
2020-11-13,817.6903076171875,821.153564453125,796.1180419921875,804.27734375,760600
2020-11-14,810.0006103515625,812.0551147460938,798.9943237304688,803.7490234375,78255
2020-11-17,810.0592651367188,828.2562866210938,801.5771484375,826.260498046875,588910
2020-11-18,825.9082641601562,841.1702880859375,813.6986694335938,837.1786499023438,1265162
2020-11-19,836.94384765625,847.6272583007812,827.904052734375,838.00048828125,943355
2020-11-20,838.0298461914062,842.34423828125,830.868408203125,836.650390625,623009
2020-11-23,840.7593383789062,840.7593383789062,817.103271484375,821.153564453125,768956
2020-11-24,821.153564453125,828.84326171875,812.8768920898438,817.51416015625,987249
2020-11-25,818.8642578125,829.9585571289062,797.1453247070312,800.8140258789062,968762
2020-11-26,824.7342529296875,900.3984985351562,819.539306640625,890.3021240234375,16340126
2020-11-27,895.1741943359375,900.9268188476562,875.0988159179688,888.3943481445312,4639230
2020-12-01,881.0275268554688,906.9141845703125,874.71728515625,890.8010864257812,1706573
2020-12-02,890.0086059570312,892.0924682617188,875.1575317382812,884.5494995117188,822677
2020-12-03,890.0086059570312,909.79052734375,882.671142578125,900.6039428710938,1609994
2020-12-04,902.8052368164062,912.7841796875,887.543212890625,897.37548828125,754181
2020-12-07,897.2286987304688,912.7841796875,892.8262329101562,902.0421142578125,675935
2020-12-08,902.0421142578125,909.0274047851562,892.8849487304688,902.9519653320312,460968
2020-12-09,905.7988891601562,932.7128295898438,904.008544921875,918.6248779296875,2233058
2020-12-10,921.94140625,922.4696655273438,895.1741943359375,902.2182006835938,529479
2020-12-11,906.708740234375,908.4990844726562,891.3880615234375,901.4844360351562,679584
2020-12-14,904.5662231445312,912.7841796875,895.4970703125,906.5913696289062,509470
2020-12-15,906.5913696289062,913.7821044921875,897.6102905273438,901.8953857421875,1031222
2020-12-16,908.6752319335938,909.6437377929688,899.8702392578125,905.1238403320312,278320
2020-12-17,904.5662231445312,917.480224609375,891.1532592773438,895.9373168945312,989850
2020-12-18,895.9373168945312,913.9581909179688,893.736083984375,903.3922119140625,703862
2020-12-21,905.622802734375,921.002197265625,845.9542846679688,866.7340698242188,1564059
2020-12-22,865.5601196289062,890.0086059570312,846.0423583984375,885.2245483398438,701639
2020-12-23,888.1302490234375,912.0797729492188,879.9122314453125,909.0274047851562,649647
2020-12-24,906.9141845703125,912.7841796875,891.0652465820312,910.2894287109375,733125
2020-12-28,911.3167114257812,926.2852172851562,904.0966186523438,923.3208618164062,778217
2020-12-29,923.3208618164062,929.22021484375,912.9603271484375,924.9937744140625,561048
2020-12-30,925.8156127929688,928.6331787109375,916.0126953125,923.5556640625,331812
2020-12-31,921.5891723632812,932.5073852539062,914.515869140625,924.8470458984375,491577
2021-01-01,924.8470458984375,951.0565795898438,922.4110107421875,940.1090087890625,1258401
2021-01-04,942.0755004882812,949.3836059570312,930.5703125,938.289306640625,414105
2021-01-05,933.7694091796875,950.9391479492188,930.3941650390625,946.6834106445312,487608
2021-01-06,949.5890502929688,960.00830078125,940.4612426757812,950.0880126953125,680610
2021-01-07,952.7001953125,977.3247680664062,952.5534057617188,958.4527587890625,915898
2021-01-08,962.3269653320312,977.3541259765625,958.5701904296875,971.4254760742188,817922
2021-01-11,971.4254760742188,982.0501708984375,960.8594360351562,973.9495239257812,423693
2021-01-12,972.0711669921875,977.3834838867188,962.2388916015625,964.176025390625,248715
2021-01-13,963.8531494140625,968.490478515625,953.2284545898438,955.9580078125,723859
2021-01-14,951.5261840820312,971.5428466796875,944.1886596679688,969.2241821289062,504276
2021-01-15,971.3667602539062,978.9683837890625,945.0985107421875,952.846923828125,376134
2021-01-18,953.8741455078125,969.16552734375,931.9790649414062,961.0062255859375,694736
2021-01-19,960.8887939453125,1000.8341064453125,956.897216796875,985.9536743164062,1902928
2021-01-20,989.0941162109375,996.1381225585938,981.5218505859375,987.4798583984375,554107
2021-01-21,997.8991088867188,1017.1820678710938,973.626708984375,979.848876953125,1168738
2021-01-22,984.7503662109375,993.46728515625,964.2933959960938,976.6790771484375,366673
2021-01-25,977.6476440429688,1003.18212890625,959.0397338867188,981.1403198242188,663293
2021-01-27,981.1109619140625,981.1109619140625,943.6310424804688,952.2305908203125,558293
2021-01-28,941.9580688476562,965.5554809570312,936.6751098632812,960.419189453125,315669
2021-01-29,971.8950805664062,971.8950805664062,923.2621459960938,931.245361328125,672879
2021-02-01,934.7966918945312,997.8991088867188,918.6541748046875,989.827880859375,609112
2021-02-02,997.8991088867188,1074.2091064453125,997.2827758789062,1067.6640625,2005737
2021-02-03,1057.7730712890625,1087.123046875,1046.091796875,1053.6640625,1459965
2021-02-04,1053.7227783203125,1102.385009765625,1050.787841796875,1085.5382080078125,1321905
2021-02-05,1085.9490966796875,1097.0433349609375,1064.2301025390625,1080.0203857421875,533046
2021-02-08,1078.640869140625,1107.6680908203125,1075.412353515625,1103.1187744140625,715561
2021-02-09,1103.1187744140625,1115.299072265625,1081.840087890625,1087.35791015625,523867
2021-02-10,1088.854736328125,1097.248779296875,1074.2091064453125,1091.7603759765625,386027
2021-02-11,1090.8798828125,1101.3577880859375,1080.0791015625,1082.8673095703125,342927
2021-02-12,1085.9490966796875,1108.2550048828125,1068.368408203125,1083.6890869140625,649077
2021-02-15,1090.9385986328125,1112.2760009765625,1071.2740478515625,1100.88818359375,1072542
2021-02-16,1099.5673828125,1121.1690673828125,1065.404052734375,1075.118896484375,950327
2021-02-17,1072.4481201171875,1101.798095703125,1068.339111328125,1097.8358154296875,919290
2021-02-18,1102.9720458984375,1114.125,1081.72265625,1093.2864990234375,735700
2021-02-19,1085.068603515625,1105.0264892578125,1074.297119140625,1079.31591796875,811099
2021-02-22,1077.7310791015625,1083.5716552734375,1055.2783203125,1061.060302734375,1062653
2021-02-23,1061.882080078125,1104.8504638671875,1061.882080078125,1097.0726318359375,816833
2021-02-24,1097.6890869140625,1128.800048828125,1088.884033203125,1117.1187744140625,931707
2021-02-25,1130.56103515625,1144.06201171875,1117.8818359375,1121.1690673828125,1096815
2021-02-26,1114.125,1141.126953125,1076.6744384765625,1085.9490966796875,1529158
2021-03-01,1094.3724365234375,1129.9739990234375,1084.8631591796875,1120.0537109375,661736
2021-03-02,1127.0096435546875,1141.7139892578125,1117.2655029296875,1138.5736083984375,621651
2021-03-03,1145.2359619140625,1150.51904296875,1121.286376953125,1124.9844970703125,514629
2021-03-04,1116.7664794921875,1151.6929931640625,1116.7664794921875,1139.4246826171875,619135
2021-03-05,1138.779052734375,1145.2359619140625,1110.1627197265625,1116.23828125,397465
2021-03-08,1120.58203125,1129.9447021484375,1110.749755859375,1115.621826171875,278576
2021-03-09,1118.5274658203125,1128.007568359375,1106.4940185546875,1116.0621337890625,231458
2021-03-10,1118.9677734375,1128.2130126953125,1112.364013671875,1118.292724609375,279294
2021-03-12,1124.221435546875,1155.0682373046875,1118.5274658203125,1126.5694580078125,1252340
2021-03-15,1129.6805419921875,1129.6805419921875,1082.7205810546875,1096.8671875,464879
2021-03-16,1106.1124267578125,1108.7540283203125,1087.4752197265625,1105.584228515625,623024
2021-03-17,1105.584228515625,1109.4290771484375,1061.647216796875,1068.779296875,499322
2021-03-18,1079.5213623046875,1082.926025390625,1045.974365234375,1051.462890625,1045598
2021-03-19,1036.0540771484375,1086.5360107421875,1031.9744873046875,1081.72265625,726176
2021-03-22,1085.9490966796875,1098.18798828125,1067.7520751953125,1079.3746337890625,780189
2021-03-23,1080.93017578125,1101.798095703125,1075.118896484375,1087.6513671875,471341
2021-03-24,1076.7918701171875,1092.5234375,1052.989013671875,1059.6220703125,830602
2021-03-25,1056.59912109375,1066.460693359375,1043.4208984375,1058.0665283203125,737171
2021-03-26,1065.9910888671875,1074.2091064453125,1055.2783203125,1062.322265625,359141
2021-03-30,1070.804443359375,1091.6429443359375,1065.521484375,1075.7939453125,391107
2021-03-31,1086.5360107421875,1091.819091796875,1074.3558349609375,1082.427001953125,287122
2021-04-01,1085.9490966796875,1095.78125,1077.14404296875,1090.791748046875,211872
2021-04-05,1088.7666015625,1093.580078125,1060.238525390625,1070.921875,257817
2021-04-06,1071.6849365234375,1079.4920654296875,1043.4503173828125,1048.3516845703125,672186
2021-04-07,1051.3160400390625,1060.297119140625,1045.4754638671875,1051.22802734375,396877
2021-04-08,1051.3160400390625,1089.7939453125,1045.5047607421875,1080.8128662109375,616148
2021-04-09,1088.884033203125,1122.343017578125,1080.8421630859375,1085.362060546875,1805759
2021-04-12,1061.9407958984375,1077.7310791015625,1008.3477172851562,1015.3623657226562,619387
2021-04-13,1016.0961303710938,1049.08544921875,1010.2261352539062,1038.8717041015625,370572
2021-04-15,1033.119140625,1069.3369140625,1011.1066284179688,1066.37255859375,1021140
2021-04-16,1065.7269287109375,1099.5673828125,1060.238525390625,1084.6282958984375,1073713
2021-04-19,1051.4041748046875,1067.98681640625,1040.7501220703125,1052.6661376953125,484238
2021-04-20,1074.0916748046875,1074.0916748046875,1041.3370361328125,1054.1923828125,397983
2021-04-22,1051.3160400390625,1070.3055419921875,1039.1358642578125,1057.2154541015625,562438
2021-04-23,1063.64306640625,1068.3096923828125,1047.823486328125,1056.5697021484375,242720
2021-04-26,1060.12109375,1076.175537109375,1057.15673828125,1062.55712890625,312148
2021-04-27,1064.7584228515625,1083.9532470703125,1057.7730712890625,1082.427001953125,308574
2021-04-28,1091.1146240234375,1104.556884765625,1072.5948486328125,1097.9532470703125,499545
2021-04-29,1115.299072265625,1125.864990234375,1098.2760009765625,1102.0621337890625,1076109
2021-04-30,1103.55908203125,1122.5484619140625,1096.5150146484375,1104.41015625,361659
2021-05-03,1092.406005859375,1115.299072265625,1088.884033203125,1107.0223388671875,278603
2021-05-04,1110.60302734375,1121.1690673828125,1083.0140380859375,1103.06005859375,649765
2021-05-05,1100.0369873046875,1109.4290771484375,1073.9449462890625,1077.9952392578125,381819
2021-05-06,1084.4815673828125,1096.984619140625,1074.297119140625,1093.462646484375,205133
2021-05-07,1094.5780029296875,1100.8294677734375,1081.311767578125,1093.609375,207455
2021-05-10,1094.7540283203125,1108.9007568359375,1088.884033203125,1105.320068359375,273001
2021-05-11,1094.284423828125,1152.808349609375,1094.284423828125,1143.8565673828125,1465577
2021-05-12,1195.1309814453125,1258.2333984375,1164.02001953125,1176.2296142578125,8562199
2021-05-14,1186.9129638671875,1211.919189453125,1165.4874267578125,1169.8900146484375,1145217
2021-05-17,1175.1729736328125,1217.2901611328125,1153.5419921875,1210.3929443359375,1493415
2021-05-18,1213.327880859375,1222.1329345703125,1187.0009765625,1193.575439453125,758031
2021-05-19,1194.5439453125,1206.283935546875,1184.1834716796875,1192.4013671875,368487
2021-05-20,1188.6739501953125,1202.3216552734375,1170.623779296875,1174.2337646484375,383838
2021-05-21,1178.10791015625,1185.504150390625,1159.5294189453125,1165.9864501953125,379487
2021-05-24,1168.1290283203125,1194.4852294921875,1159.323974609375,1174.967529296875,619729
2021-05-25,1176.43505859375,1192.782958984375,1166.045166015625,1180.22119140625,605515
2021-05-26,1180.22119140625,1192.782958984375,1168.1290283203125,1171.181396484375,337271
2021-05-27,1179.8690185546875,1205.755615234375,1172.5020751953125,1199.65087890625,1491611
2021-05-28,1209.218994140625,1217.99462890625,1187.9696044921875,1195.8353271484375,551894
2021-05-31,1197.47900390625,1235.046875,1191.6090087890625,1224.656982421875,948816
2021-06-01,1224.656982421875,1232.698974609375,1205.1099853515625,1208.8079833984375,404247
2021-06-02,1214.8248291015625,1236.220947265625,1212.9757080078125,1226.62353515625,1001673
2021-06-03,1232.698974609375,1266.04052734375,1224.5396728515625,1256.58984375,1709630
2021-06-04,1267.9189453125,1278.48486328125,1236.220947265625,1244.2921142578125,1204796
2021-06-07,1252.0699462890625,1261.4324951171875,1236.6024169921875,1239.09716796875,388647
2021-06-08,1240.9168701171875,1262.0489501953125,1235.046875,1237.8939208984375,998876
2021-06-09,1237.8939208984375,1250.279541015625,1215.734619140625,1220.9295654296875,650920
2021-06-10,1229.1768798828125,1238.53955078125,1222.1329345703125,1228.149658203125,316434
2021-06-11,1230.3509521484375,1249.721923828125,1228.6192626953125,1232.464111328125,670489
2021-06-14,1232.698974609375,1239.9483642578125,1204.669677734375,1214.091064453125,484172
2021-06-15,1218.02392578125,1226.799560546875,1203.2608642578125,1209.1015625,463014
2021-06-16,1205.6968994140625,1209.4244384765625,1185.65087890625,1189.6131591796875,403003
2021-06-17,1184.447509765625,1197.3028564453125,1175.7305908203125,1180.0450439453125,311185
2021-06-18,1183.9779052734375,1197.47900390625,1150.929931640625,1188.1163330078125,414220
2021-06-21,1179.8690185546875,1179.8690185546875,1156.47705078125,1176.082763671875,389317
2021-06-22,1185.739013671875,1186.9129638671875,1169.8900146484375,1172.4434814453125,170618
2021-06-23,1177.403564453125,1202.1749267578125,1169.44970703125,1190.5816650390625,665978
2021-06-24,1195.6005859375,1231.52490234375,1183.889892578125,1188.9381103515625,2159448
2021-06-25,1192.518798828125,1197.47900390625,1175.495849609375,1182.95068359375,462683
2021-06-28,1183.6844482421875,1191.3154296875,1177.8438720703125,1180.7200927734375,196412
2021-06-29,1183.2735595703125,1188.6446533203125,1162.9046630859375,1169.44970703125,318356
2021-06-30,1185.62158203125,1197.4202880859375,1174.439208984375,1186.3553466796875,1320011
2021-07-01,1191.02197265625,1200.4139404296875,1181.189697265625,1185.65087890625,478191
2021-07-02,1186.325927734375,1192.13720703125,1175.760009765625,1185.62158203125,382220
2021-07-05,1192.13720703125,1202.1749267578125,1186.9129638671875,1190.376220703125,456129
2021-07-06,1192.1959228515625,1206.283935546875,1187.382568359375,1190.787109375,412492
2021-07-07,1190.787109375,1193.9276123046875,1176.4056396484375,1180.8668212890625,336327
2021-07-08,1181.9527587890625,1199.826904296875,1176.024169921875,1181.8941650390625,414976
2021-07-09,1181.8941650390625,1189.847900390625,1169.8900146484375,1175.260986328125,261892
2021-07-12,1181.718017578125,1194.5439453125,1176.9339599609375,1180.367919921875,364964
2021-07-13,1184.53564453125,1196.7452392578125,1174.6446533203125,1178.0198974609375,699312
2021-07-14,1180.4559326171875,1189.1435546875,1170.7705078125,1174.32177734375,820314
2021-07-15,1177.2568359375,1209.1015625,1175.5838623046875,1193.4580078125,1369881
2021-07-16,1200.1204833984375,1200.4139404296875,1178.988525390625,1181.8060302734375,488588
2021-07-19,1179.047119140625,1179.047119140625,1154.6866455078125,1158.35546875,565061
2021-07-20,1158.35546875,1161.495849609375,1129.386962890625,1141.3323974609375,421988
2021-07-22,1147.0556640625,1166.338623046875,1145.9110107421875,1160.0577392578125,784309
2021-07-23,1163.5504150390625,1172.2086181640625,1153.77685546875,1159.3826904296875,627785
2021-07-26,1159.9110107421875,1168.0703125,1153.9822998046875,1159.70556640625,328727
2021-07-27,1163.667724609375,1167.3365478515625,1136.4310302734375,1140.3638916015625,485966
2021-07-28,1144.06201171875,1145.3240966796875,1127.0390625,1140.041015625,311944
2021-07-29,1146.351318359375,1155.4791259765625,1137.986572265625,1146.79150390625,691051
2021-07-30,1149.2569580078125,1162.845947265625,1139.4246826171875,1146.52734375,662031
2021-08-02,1151.5755615234375,1162.259033203125,1143.122802734375,1161.0556640625,221337
2021-08-03,1169.302978515625,1197.21484375,1162.845947265625,1190.5523681640625,1396878
2021-08-04,1195.483154296875,1204.52294921875,1189.847900390625,1199.416015625,587678
2021-08-05,1209.218994140625,1214.4725341796875,1197.47900390625,1210.158203125,576836
2021-08-06,1209.248291015625,1229.763916015625,1203.3489990234375,1224.216796875,727174
2021-08-09,1231.9945068359375,1235.986083984375,1209.95263671875,1214.501953125,529342
2021-08-10,1218.55224609375,1247.3739013671875,1197.50830078125,1209.0428466796875,1080745
2021-08-11,1162.2296142578125,1302.0235595703125,1156.3890380859375,1286.3507080078125,7553957
2021-08-12,1274.317138671875,1295.5078125,1256.237548828125,1286.673583984375,1384357
2021-08-13,1285.5289306640625,1335.3651123046875,1272.0572509765625,1317.6671142578125,2857680
2021-08-16,1317.6671142578125,1332.2540283203125,1291.545654296875,1306.0738525390625,438213
2021-08-17,1303.725830078125,1334.07373046875,1295.096923828125,1321.1597900390625,788918
2021-08-18,1322.2457275390625,1348.807373046875,1301.0843505859375,1307.07177734375,881108
2021-08-20,1303.989990234375,1316.4344482421875,1282.124267578125,1301.9061279296875,438922
2021-08-23,1306.396728515625,1310.2415771484375,1265.5709228515625,1270.0614013671875,525685
2021-08-24,1267.9189453125,1294.9208984375,1261.843505859375,1291.310791015625,534336
2021-08-25,1299.6168212890625,1310.88720703125,1275.5792236328125,1285.2060546875,522165
2021-08-26,1285.9398193359375,1304.2835693359375,1280.245849609375,1297.88525390625,541741
2021-08-27,1298.853759765625,1320.7489013671875,1297.503662109375,1304.4302978515625,749499
2021-08-30,1314.87890625,1328.9962158203125,1307.1597900390625,1325.6796875,444564
2021-08-31,1333.3106689453125,1343.2896728515625,1324.2708740234375,1333.8975830078125,579147
2021-09-01,1338.35888671875,1350.098876953125,1327.9102783203125,1341.61669921875,448586
2021-09-02,1347.163818359375,1360.664794921875,1334.10302734375,1341.4405517578125,369395
2021-09-03,1348.9248046875,1353.620849609375,1320.8662109375,1330.962646484375,360640
2021-09-06,1334.8367919921875,1340.706787109375,1308.7447509765625,1310.9166259765625,349468
2021-09-07,1312.648193359375,1318.2247314453125,1295.5078125,1298.1199951171875,298228
2021-09-08,1299.0299072265625,1302.8160400390625,1275.5499267578125,1297.503662109375,602879
2021-09-09,1298.44287109375,1323.3609619140625,1297.8558349609375,1309.3316650390625,644632
2021-09-13,1309.0089111328125,1321.247802734375,1292.7783203125,1296.417724609375,231206
2021-09-14,1297.2689208984375,1303.989990234375,1292.48486328125,1295.6839599609375,213838
2021-09-15,1296.975341796875,1307.3359375,1294.3631591796875,1296.53515625,128862
2021-09-16,1296.7406005859375,1299.763671875,1287.6126708984375,1291.1640625,297451
2021-09-17,1295.44921875,1296.681884765625,1268.065673828125,1279.981689453125,397567
2021-09-20,1279.658935546875,1292.4554443359375,1244.76171875,1253.9776611328125,393499
2021-09-21,1246.2879638671875,1277.8392333984375,1242.1202392578125,1273.5247802734375,294289
2021-09-22,1278.48486328125,1289.9901123046875,1258.614990234375,1269.0635986328125,488514
2021-09-23,1272.3214111328125,1280.8328857421875,1263.8392333984375,1269.5037841796875,216983
2021-09-24,1273.7889404296875,1274.69873046875,1236.6905517578125,1244.585693359375,196903
2021-09-27,1244.732421875,1249.6339111328125,1227.1224365234375,1230.703125,327214
2021-09-28,1228.5899658203125,1255.5919189453125,1224.1873779296875,1233.285888671875,351184
2021-09-29,1232.58154296875,1259.1138916015625,1216.262939453125,1248.8707275390625,444128
2021-09-30,1253.12646484375,1266.1578369140625,1239.478759765625,1249.9566650390625,663929
2021-10-01,1246.199951171875,1264.9251708984375,1238.5689697265625,1261.1390380859375,229988
2021-10-04,1264.98388671875,1311.94384765625,1256.208251953125,1307.0423583984375,714915
2021-10-05,1309.654541015625,1321.9228515625,1302.1702880859375,1319.369384765625,745707
2021-10-06,1319.369384765625,1330.140869140625,1282.5938720703125,1288.72802734375,449180
2021-10-07,1304.3128662109375,1315.6419677734375,1300.08642578125,1313.0885009765625,237320
2021-10-08,1320.7489013671875,1335.306396484375,1301.3778076171875,1305.1640625,504448
2021-10-11,1305.48681640625,1318.312744140625,1300.203857421875,1312.9710693359375,193521
2021-10-12,1317.8138427734375,1341.2938232421875,1307.0423583984375,1330.052734375,482322
2021-10-13,1332.4888916015625,1336.6859130859375,1306.954345703125,1320.337890625,262853
2021-10-14,1328.966796875,1354.7655029296875,1322.2750244140625,1332.1072998046875,669230
2021-10-18,1343.0548095703125,1355.3818359375,1315.9061279296875,1330.0821533203125,424334
2021-10-19,1339.9730224609375,1412.90771484375,1332.5474853515625,1356.907958984375,2668860
2021-10-20,1356.849365234375,1360.664794921875,1292.5728759765625,1297.6798095703125,495784
2021-10-21,1310.182861328125,1313.9102783203125,1275.608642578125,1285.0006103515625,269427
2021-10-22,1290.723876953125,1297.1220703125,1259.700927734375,1275.4912109375,216180
2021-10-25,1288.4638671875,1288.4638671875,1234.2838134765625,1266.5101318359375,303668
2021-10-26,1266.8035888671875,1285.2060546875,1263.0467529296875,1273.3486328125,233230
2021-10-27,1263.252197265625,1302.610595703125,1263.252197265625,1274.4639892578125,274940
2021-10-28,1274.4639892578125,1289.1683349609375,1260.9923095703125,1269.5330810546875,442857
2021-10-29,1265.3067626953125,1296.447021484375,1248.3424072265625,1283.5623779296875,242967
2021-11-01,1289.6378173828125,1315.876708984375,1285.323486328125,1312.325439453125,456962
2021-11-02,1312.853759765625,1327.61669921875,1312.853759765625,1321.13037109375,317019
2021-11-03,1324.1827392578125,1363.864013671875,1321.62939453125,1356.73193359375,636285
2021-11-04,1367.7088623046875,1370.643798828125,1338.41748046875,1353.53271484375,97770
2021-11-08,1353.53271484375,1398.2327880859375,1351.6837158203125,1393.44873046875,483443
2021-11-09,1396.4718017578125,1421.918212890625,1386.169921875,1413.7882080078125,879411
2021-11-10,1411.146728515625,1432.27880859375,1395.884765625,1402.752685546875,385625
2021-11-11,1402.752685546875,1412.87841796875,1384.0567626953125,1407.331298828125,398017
2021-11-12,1414.6688232421875,1425.440185546875,1395.9141845703125,1399.788330078125,444768
2021-11-15,1408.798828125,1408.798828125,1371.2601318359375,1377.629150390625,244530
2021-11-16,1377.629150390625,1406.4508056640625,1366.0946044921875,1381.180419921875,297289
2021-11-17,1372.4635009765625,1423.1802978515625,1367.914306640625,1381.415283203125,612080
2021-11-18,1384.7318115234375,1395.209716796875,1350.098876953125,1358.1407470703125,338536
2021-11-22,1355.9688720703125,1369.851318359375,1312.9710693359375,1328.9375,350998
2021-11-23,1311.650390625,1361.2518310546875,1311.650390625,1355.528564453125,233766
2021-11-24,1361.721435546875,1373.578857421875,1328.966796875,1336.24560546875,528589
2021-11-25,1309.0089111328125,1309.1556396484375,1232.698974609375,1264.8958740234375,3668665
2021-11-26,1267.302490234375,1282.5938720703125,1223.541748046875,1230.3509521484375,1107007
2021-11-29,1232.1119384765625,1270.4136962890625,1186.325927734375,1252.3046875,657058
2021-11-30,1253.5667724609375,1272.702880859375,1242.178955078125,1263.1641845703125,877988
2021-12-01,1260.3759765625,1279.01318359375,1247.9609375,1257.6463623046875,528470
2021-12-02,1257.93994140625,1297.2689208984375,1253.2733154296875,1290.3128662109375,530651
2021-12-03,1282.0068359375,1302.5518798828125,1273.466064453125,1283.0927734375,671983
2021-12-06,1279.658935546875,1308.421875,1272.6148681640625,1279.981689453125,425632
2021-12-07,1291.3695068359375,1311.94384765625,1280.4512939453125,1297.4449462890625,802162
2021-12-08,1310.6524658203125,1320.161865234375,1294.010986328125,1307.9228515625,698189
2021-12-09,1309.0089111328125,1339.5328369140625,1308.040283203125,1333.427978515625,880447
2021-12-10,1334.719482421875,1449.859375,1333.427978515625,1435.419189453125,5750553
2021-12-13,1446.9537353515625,1512.609619140625,1435.80078125,1471.69580078125,3642890
2021-12-14,1467.4986572265625,1492.9744873046875,1450.2996826171875,1476.83203125,1107779
2021-12-15,1476.8907470703125,1504.62646484375,1447.1298828125,1457.9599609375,1338379
2021-12-16,1467.4986572265625,1467.4986572265625,1442.991455078125,1453.762939453125,437339
2021-12-17,1453.4107666015625,1453.4107666015625,1410.20751953125,1421.2431640625,647894
2021-12-20,1407.0377197265625,1407.0377197265625,1361.8388671875,1382.501220703125,509128
2021-12-21,1389.3984375,1408.2117919921875,1371.465576171875,1384.673095703125,340800
2021-12-22,1385.37744140625,1402.341796875,1381.00439453125,1390.1322021484375,678784
2021-12-23,1397.4697265625,1432.86572265625,1395.180419921875,1422.9454345703125,858445
2021-12-24,1425.2347412109375,1429.9307861328125,1382.3837890625,1393.7421875,541729
2021-12-27,1393.9476318359375,1411.5283203125,1373.46142578125,1381.2391357421875,1016948
2021-12-28,1408.798828125,1449.8887939453125,1394.123779296875,1412.203369140625,2272133
2021-12-29,1408.2117919921875,1415.8427734375,1392.9791259765625,1397.2642822265625,444913
2021-12-30,1397.058837890625,1401.5787353515625,1376.1322021484375,1382.1783447265625,373163
2021-12-31,1384.937255859375,1400.580810546875,1381.6500244140625,1386.1112060546875,593106
2022-01-03,1388.8701171875,1408.446533203125,1385.31884765625,1389.3104248046875,514436
2022-01-04,1394.00634765625,1401.8134765625,1378.2747802734375,1383.73388671875,504874
2022-01-05,1383.352294921875,1390.631103515625,1357.172119140625,1364.3922119140625,608305
2022-01-06,1361.8388671875,1365.4195556640625,1340.7362060546875,1345.5789794921875,568336
2022-01-07,1347.163818359375,1358.90380859375,1328.3211669921875,1335.453125,291110
2022-01-10,1332.4888916015625,1365.1846923828125,1317.2562255859375,1358.6983642578125,1350791
2022-01-11,1367.0631103515625,1368.8828125,1344.2288818359375,1358.08203125,583840
2022-01-12,1366.9163818359375,1380.740234375,1360.25390625,1378.89111328125,954423
2022-01-13,1389.69189453125,1394.681396484375,1369.6458740234375,1385.37744140625,504191
2022-01-14,1378.86181640625,1409.4444580078125,1371.465576171875,1405.599609375,985459
2022-01-17,1417.486328125,1417.9266357421875,1388.2537841796875,1397.8218994140625,392971
2022-01-18,1398.81982421875,1407.1845703125,1350.77392578125,1364.59765625,542966
2022-01-19,1367.121826171875,1401.7547607421875,1355.11767578125,1397.2642822265625,775419
2022-01-20,1390.0147705078125,1412.90771484375,1382.3837890625,1407.096435546875,727728
2022-01-21,1400.580810546875,1440.4967041015625,1351.5369873046875,1375.8974609375,1576151
2022-01-24,1372.93310546875,1383.851318359375,1288.6400146484375,1309.4490966796875,709302
2022-01-25,1305.9564208984375,1345.3148193359375,1277.4576416015625,1336.48046875,496540
2022-01-27,1323.6251220703125,1344.199462890625,1308.2164306640625,1337.595703125,451899
2022-01-28,1344.6397705078125,1369.528564453125,1331.8431396484375,1337.742431640625,255547
2022-01-31,1351.742431640625,1371.2308349609375,1346.5767822265625,1364.949951171875,274504
2022-02-01,1370.0567626953125,1428.5806884765625,1361.8974609375,1419.4234619140625,868358
2022-02-02,1427.2305908203125,1449.0081787109375,1412.6729736328125,1431.7210693359375,609066
2022-02-03,1429.34375,1443.63720703125,1408.798828125,1431.339599609375,339584
2022-02-04,1432.86572265625,1446.9537353515625,1414.8155517578125,1422.182373046875,274499
2022-02-07,1399.9937744140625,1426.2913818359375,1379.4488525390625,1418.0733642578125,937873
2022-02-08,1423.033447265625,1466.32470703125,1381.7967529296875,1387.4613037109375,1691333
2022-02-09,1387.4613037109375,1424.1488037109375,1387.4613037109375,1419.0125732421875,319100
2022-02-10,1421.2138671875,1437.855224609375,1405.9224853515625,1433.6875,313509
2022-02-11,1423.4737548828125,1426.4088134765625,1404.484375,1409.8553466796875,271058
2022-02-14,1397.058837890625,1399.3480224609375,1362.4844970703125,1367.943603515625,313971
2022-02-15,1368.5599365234375,1427.3773193359375,1359.16796875,1421.3018798828125,531468
2022-02-16,1423.4737548828125,1432.27880859375,1401.7547607421875,1405.452880859375,265145
2022-02-17,1406.0986328125,1451.6497802734375,1405.86376953125,1438.001953125,876419
2022-02-18,1438.001953125,1470.4337158203125,1431.104736328125,1442.4925537109375,1007426
2022-02-21,1440.4674072265625,1453.1759033203125,1412.32080078125,1417.9559326171875,436344
2022-02-22,1400.081787109375,1423.4150390625,1374.958251953125,1412.84912109375,412041
2022-02-23,1420.71484375,1444.1068115234375,1404.3082275390625,1406.7442626953125,378657
2022-02-24,1373.578857421875,1385.465576171875,1333.4866943359375,1341.7047119140625,474804
2022-02-25,1368.8828125,1412.90771484375,1362.42578125,1403.545166015625,484981
2022-02-28,1391.1888427734375,1391.1888427734375,1348.10302734375,1377.951904296875,803135
2022-03-02,1378.0106201171875,1404.54296875,1370.643798828125,1392.480224609375,379247
2022-03-03,1408.798828125,1431.075439453125,1382.4425048828125,1388.1070556640625,476976
2022-03-04,1382.9708251953125,1388.9288330078125,1341.2938232421875,1344.052734375,328335
2022-03-07,1320.7489013671875,1337.2142333984375,1291.39892578125,1303.5498046875,319233
2022-03-08,1303.5498046875,1328.64404296875,1278.48486328125,1320.6314697265625,302979
2022-03-09,1320.7489013671875,1353.121826171875,1302.4344482421875,1338.8284912109375,323029
2022-03-10,1384.144775390625,1384.144775390625,1341.2938232421875,1363.5704345703125,307000
2022-03-11,1356.086181640625,1388.57666015625,1351.2435302734375,1385.37744140625,291455
2022-03-14,1385.31884765625,1402.9288330078125,1374.429931640625,1385.201416015625,442322
2022-03-15,1385.201416015625,1393.68359375,1350.7152099609375,1359.2559814453125,322821
2022-03-16,1378.1573486328125,1395.6793212890625,1368.2957763671875,1384.8492431640625,246412
2022-03-17,1400.580810546875,1428.8154296875,1383.6751708984375,1397.616455078125,845360
2022-03-21,1408.798828125,1414.8448486328125,1374.5179443359375,1378.8031005859375,285335
2022-03-22,1381.708740234375,1385.31884765625,1327.9102783203125,1361.33984375,495889
2022-03-23,1375.8094482421875,1375.8094482421875,1321.3358154296875,1347.7801513671875,995327
2022-03-24,1337.7718505859375,1351.0966796875,1330.140869140625,1346.7529296875,365826
2022-03-25,1352.44677734375,1357.3775634765625,1325.4742431640625,1334.719482421875,401071
2022-03-28,1333.0758056640625,1341.763427734375,1314.87890625,1333.8095703125,258095
2022-03-29,1344.2288818359375,1355.4111328125,1334.9542236328125,1350.098876953125,303610
2022-03-30,1361.57470703125,1383.70458984375,1343.0548095703125,1375.60400390625,484801
2022-03-31,1368.8828125,1395.85546875,1356.878662109375,1390.1322021484375,593414
2022-04-01,1390.1322021484375,1409.943359375,1382.912109375,1389.545166015625,395991
2022-04-04,1396.94140625,1429.34375,1394.153076171875,1425.0,455012
2022-04-05,1426.526123046875,1445.83837890625,1424.647705078125,1430.6058349609375,429695
2022-04-06,1436.769287109375,1461.5113525390625,1429.9307861328125,1443.226318359375,499344
2022-04-07,1435.2137451171875,1473.36865234375,1431.897216796875,1450.240966796875,464610
2022-04-08,1455.7587890625,1484.521728515625,1454.6434326171875,1478.4168701171875,608118
2022-04-11,1478.0941162109375,1483.08349609375,1458.077392578125,1467.234619140625,388223
2022-04-12,1459.28076171875,1473.89697265625,1424.6771240234375,1438.5009765625,300284
2022-04-13,1429.34375,1461.041748046875,1429.34375,1448.127685546875,235833
2022-04-18,1445.662353515625,1445.662353515625,1406.010498046875,1434.744140625,376436
2022-04-19,1446.8363037109375,1455.55322265625,1380.0357666015625,1398.2620849609375,383363
2022-04-20,1400.874267578125,1408.828125,1379.4488525390625,1399.2894287109375,315531
2022-04-21,1407.6834716796875,1412.6729736328125,1388.8408203125,1396.970703125,336158
2022-04-22,1393.9476318359375,1393.9476318359375,1367.7088623046875,1373.4027099609375,173417
2022-04-25,1364.7738037109375,1367.5032958984375,1320.7489013671875,1327.61669921875,233783
2022-04-26,1343.641845703125,1356.4970703125,1325.2100830078125,1334.9542236328125,929769
2022-04-27,1314.87890625,1336.5977783203125,1305.7509765625,1326.9710693359375,296027
2022-04-28,1350.098876953125,1350.098876953125,1326.618896484375,1338.1240234375,315591
2022-04-29,1347.163818359375,1351.2728271484375,1326.765625,1333.28125,551746
2022-05-02,1326.618896484375,1334.983642578125,1299.6168212890625,1319.0465087890625,586116
2022-05-04,1331.3148193359375,1332.870361328125,1286.849609375,1291.545654296875,613412
2022-05-05,1305.1053466796875,1374.723388671875,1294.3631591796875,1351.5369873046875,1733386
2022-05-06,1333.662841796875,1341.205810546875,1295.71337890625,1300.7908935546875,371352
2022-05-09,1297.2689208984375,1300.7908935546875,1262.1075439453125,1290.489013671875,504167
2022-05-10,1290.489013671875,1354.9415283203125,1290.195556640625,1320.954345703125,1239958
2022-05-11,1320.8956298828125,1365.94775390625,1320.8956298828125,1360.3126220703125,844426
2022-05-12,1359.4908447265625,1360.0777587890625,1323.80126953125,1335.9521484375,525606
2022-05-13,1358.90380859375,1377.2181396484375,1264.6904296875,1350.392333984375,1954231
2022-05-16,1358.90380859375,1364.7738037109375,1334.2498779296875,1350.0107421875,422709
2022-05-17,1357.142822265625,1372.522216796875,1350.392333984375,1356.76123046875,431242
2022-05-18,1364.7738037109375,1387.7254638671875,1344.492919921875,1379.5955810546875,592908
2022-05-19,1349.5118408203125,1358.5809326171875,1340.149169921875,1346.9290771484375,275504
2022-05-20,1356.5557861328125,1397.058837890625,1356.5557861328125,1392.5389404296875,429950
2022-05-23,1397.058837890625,1418.6309814453125,1382.11962890625,1388.60595703125,367433
2022-05-24,1390.0147705078125,1421.096435546875,1387.0504150390625,1409.268310546875,560629
2022-05-25,1415.1383056640625,1419.1300048828125,1373.0211181640625,1377.4237060546875,368777
2022-05-26,1377.7464599609375,1386.8743896484375,1345.021240234375,1377.100830078125,352884
2022-05-27,1382.3837890625,1402.9288330078125,1373.7548828125,1394.387939453125,337266
2022-05-30,1404.6898193359375,1428.7274169921875,1395.2977294921875,1419.3060302734375,263858
2022-05-31,1419.482177734375,1449.3017578125,1419.482177734375,1428.7274169921875,727692
2022-06-01,1428.8154296875,1453.6749267578125,1412.6142578125,1419.9810791015625,327666
2022-06-02,1417.603759765625,1431.8092041015625,1407.624755859375,1412.4088134765625,187788
2022-06-03,1418.0146484375,1421.125732421875,1375.1343994140625,1378.6563720703125,207201
2022-06-06,1375.9854736328125,1394.50537109375,1366.47607421875,1387.079833984375,235758
2022-06-07,1365.507568359375,1394.5933837890625,1357.7298583984375,1382.3250732421875,248395
2022-06-08,1385.31884765625,1406.0986328125,1366.5347900390625,1387.079833984375,448310
2022-06-09,1379.4488525390625,1394.0650634765625,1373.608154296875,1390.455078125,193632
2022-06-10,1377.80517578125,1404.366943359375,1370.643798828125,1392.1279296875,130966
2022-06-13,1380.50537109375,1416.8699951171875,1379.4781494140625,1398.02734375,643911
2022-06-14,1398.6729736328125,1412.32080078125,1358.1700439453125,1409.12158203125,723503
2022-06-15,1423.4737548828125,1423.4737548828125,1391.1888427734375,1398.4969482421875,394799
2022-06-16,1408.798828125,1420.597412109375,1367.943603515625,1374.54736328125,295817
2022-06-17,1361.8388671875,1395.767333984375,1348.8955078125,1363.922607421875,832191
2022-06-20,1364.186767578125,1375.369140625,1332.1072998046875,1341.05908203125,204974
2022-06-21,1347.7508544921875,1381.972900390625,1343.641845703125,1377.4530029296875,248679
2022-06-22,1378.86181640625,1379.5955810546875,1321.218505859375,1334.9542236328125,555228
2022-06-23,1336.920654296875,1375.8974609375,1336.1868896484375,1371.9351806640625,218393
2022-06-24,1379.4488525390625,1397.909912109375,1371.7884521484375,1375.8387451171875,168374
2022-06-27,1384.7318115234375,1408.710693359375,1383.5577392578125,1393.5074462890625,267363
2022-06-28,1385.31884765625,1400.081787109375,1375.8387451171875,1397.4110107421875,384177
2022-06-29,1388.01904296875,1417.0167236328125,1373.7843017578125,1412.1446533203125,575111
2022-06-30,1412.1446533203125,1424.618408203125,1396.9119873046875,1409.0628662109375,515085
2022-07-01,1397.645751953125,1423.4737548828125,1389.016845703125,1412.9664306640625,355099
2022-07-04,1420.4801025390625,1483.318359375,1415.4906005859375,1480.1485595703125,878789
2022-07-05,1487.4566650390625,1526.1693115234375,1475.2177734375,1502.894775390625,1347186
2022-07-06,1508.588623046875,1559.0706787109375,1502.748046875,1554.28662109375,1243401
2022-07-07,1558.483642578125,1569.7540283203125,1540.9029541015625,1563.5318603515625,710283
2022-07-08,1567.8756103515625,1580.613525390625,1556.1356201171875,1573.9510498046875,538169
2022-07-11,1567.28857421875,1591.942626953125,1562.0936279296875,1570.5465087890625,349221
2022-07-12,1560.24462890625,1571.2508544921875,1544.57177734375,1552.9365234375,406288
2022-07-13,1557.8966064453125,1561.4185791015625,1541.724853515625,1549.5025634765625,238489
2022-07-14,1549.5025634765625,1562.3577880859375,1539.72900390625,1552.67236328125,273037
2022-07-15,1552.6136474609375,1578.32421875,1541.8421630859375,1573.74560546875,415707
2022-07-18,1584.1942138671875,1598.399658203125,1573.9510498046875,1593.5274658203125,810516
2022-07-19,1591.3555908203125,1614.18994140625,1572.8651123046875,1575.9468994140625,759738
2022-07-20,1579.0872802734375,1595.8167724609375,1563.0035400390625,1571.01611328125,607957
2022-07-21,1576.6219482421875,1651.2296142578125,1567.28857421875,1645.7117919921875,1287234
2022-07-22,1643.5985107421875,1644.0975341796875,1611.3135986328125,1616.126953125,712951
2022-07-25,1616.126953125,1625.3721923828125,1590.064208984375,1598.135498046875,666951
2022-07-26,1606.265380859375,1606.265380859375,1564.3536376953125,1571.2508544921875,570416
2022-07-27,1568.34521484375,1599.514892578125,1561.4185791015625,1579.2047119140625,712569
2022-07-28,1585.5150146484375,1596.93212890625,1567.406005859375,1575.1544189453125,560760
2022-07-29,1589.1837158203125,1602.508544921875,1558.6597900390625,1581.4940185546875,730390
2022-08-01,1596.286376953125,1623.640625,1585.1627197265625,1619.4434814453125,1069023
2022-08-02,1631.5357666015625,1652.403564453125,1602.508544921875,1606.500244140625,1245743
2022-08-03,1567.28857421875,1578.441650390625,1510.3790283203125,1534.7982177734375,3041673
2022-08-04,1552.4669189453125,1558.454345703125,1526.8443603515625,1554.6680908203125,597419
2022-08-05,1562.005615234375,1595.464599609375,1553.46484375,1579.3514404296875,925569
2022-08-08,1584.8985595703125,1654.4580078125,1576.2110595703125,1648.6761474609375,1407803
2022-08-10,1658.2735595703125,1672.8311767578125,1641.2506103515625,1648.1771240234375,1095690
2022-08-11,1655.3385009765625,1683.3677978515625,1655.3385009765625,1665.9925537109375,781368
2022-08-12,1666.9317626953125,1687.5648193359375,1657.246337890625,1670.189697265625,687600
2022-08-16,1681.16650390625,1716.386474609375,1671.6571044921875,1711.3382568359375,645714
2022-08-17,1716.386474609375,1723.665283203125,1688.7974853515625,1700.06787109375,617530
2022-08-18,1699.9505615234375,1713.7449951171875,1681.2252197265625,1689.413818359375,380594
2022-08-19,1688.2105712890625,1706.4368896484375,1655.925537109375,1673.0953369140625,499767
2022-08-22,1669.954833984375,1708.16845703125,1658.332275390625,1688.005126953125,964711
2022-08-23,1683.33837890625,1712.8057861328125,1666.4915771484375,1690.0008544921875,1023205
2022-08-24,1697.0155029296875,1709.5772705078125,1674.1812744140625,1696.8980712890625,873372
2022-08-25,1711.103515625,1731.58984375,1685.598388671875,1692.5836181640625,982377
2022-08-26,1705.820556640625,1742.2144775390625,1696.428466796875,1714.06787109375,947651
2022-08-29,1688.2105712890625,1701.12451171875,1663.5565185546875,1671.6865234375,768044
2022-08-30,1687.0364990234375,1706.0260009765625,1680.1685791015625,1692.6717529296875,956581
2022-09-01,1691.1455078125,1746.323486328125,1678.96533203125,1714.5374755859375,1492962
2022-09-02,1725.572998046875,1745.4429931640625,1703.5018310546875,1710.457763671875,695603
2022-09-05,1716.2984619140625,1730.79736328125,1704.0888671875,1723.0782470703125,261463
2022-09-06,1730.4744873046875,1737.81201171875,1696.0762939453125,1732.1180419921875,393111
2022-09-07,1728.7135009765625,1752.1934814453125,1718.529052734375,1726.3067626953125,410777
2022-09-08,1735.4052734375,1740.365478515625,1721.6695556640625,1730.679931640625,180172
2022-09-09,1745.7364501953125,1746.323486328125,1706.407470703125,1717.0615234375,209483
2022-09-12,1703.6192626953125,1750.4324951171875,1703.6192626953125,1740.4534912109375,335535
2022-09-13,1749.17041015625,1799.6817626953125,1737.048828125,1791.8453369140625,1085709
2022-09-14,1767.6021728515625,1830.235107421875,1767.6021728515625,1824.74658203125,1076050
2022-09-15,1830.264404296875,1842.2978515625,1790.348388671875,1796.9521484375,405480
2022-09-16,1796.9521484375,1801.7362060546875,1728.7135009765625,1737.01953125,777603
2022-09-19,1737.01953125,1752.9859619140625,1719.350830078125,1736.6673583984375,558882
2022-09-20,1745.35498046875,1771.85791015625,1725.7784423828125,1730.415771484375,416738
2022-09-21,1728.7135009765625,1744.973388671875,1707.1119384765625,1709.75341796875,210613
2022-09-22,1708.16845703125,1732.323486328125,1692.613037109375,1713.6275634765625,288257
2022-09-23,1721.6695556640625,1732.1767578125,1671.7452392578125,1675.5606689453125,184160
2022-09-26,1656.5125732421875,1673.7703857421875,1618.3575439453125,1624.344970703125,385642
2022-09-27,1624.344970703125,1630.6845703125,1579.9677734375,1599.485595703125,700193
2022-09-28,1584.8985595703125,1610.7265625,1568.462646484375,1585.0159912109375,307294
2022-09-29,1592.9698486328125,1609.6700439453125,1584.8985595703125,1604.7978515625,414664
2022-09-30,1612.83984375,1635.4979248046875,1586.3660888671875,1626.4581298828125,506266
2022-10-03,1626.4581298828125,1630.537841796875,1581.1124267578125,1589.007568359375,405756
2022-10-04,1605.443603515625,1637.3763427734375,1599.896484375,1614.1312255859375,186967
2022-10-06,1622.202392578125,1653.900390625,1615.5986328125,1643.8626708984375,335634
2022-10-07,1648.2945556640625,1659.3887939453125,1626.0472412109375,1655.103759765625,529082
2022-10-10,1628.923583984375,1646.2401123046875,1616.09765625,1628.8355712890625,184741
2022-10-11,1636.994873046875,1639.8123779296875,1596.286376953125,1600.3660888671875,253398
2022-10-12,1608.3785400390625,1631.7412109375,1585.8377685546875,1625.959228515625,312616
2022-10-13,1625.959228515625,1630.7138671875,1597.871337890625,1608.407958984375,184935
2022-10-14,1638.78515625,1638.78515625,1604.50439453125,1612.1353759765625,247194
2022-10-17,1611.2548828125,1622.8187255859375,1596.66796875,1611.5777587890625,105577
2022-10-18,1614.4833984375,1671.7745361328125,1606.0599365234375,1657.510498046875,573859
2022-10-19,1661.20849609375,1704.38232421875,1658.3028564453125,1693.992431640625,833409
2022-10-20,1687.62353515625,1719.321533203125,1673.8289794921875,1688.15185546875,1214721
2022-10-21,1688.7974853515625,1698.3656005859375,1644.7725830078125,1651.7872314453125,261570
2022-10-24,1665.904541015625,1671.0701904296875,1643.745361328125,1654.047119140625,38693
2022-10-25,1661.20849609375,1671.5103759765625,1645.53564453125,1663.5859375,181812
2022-10-27,1679.3468017578125,1697.6025390625,1662.646728515625,1690.4117431640625,440627
2022-10-28,1695.19580078125,1718.1474609375,1684.7178955078125,1713.0699462890625,664566
2022-10-31,1726.365478515625,1737.5184326171875,1712.864501953125,1717.32568359375,566414
2022-11-01,1725.92529296875,1743.388427734375,1715.564697265625,1728.8602294921875,520576
2022-11-02,1730.415771484375,1730.415771484375,1700.56689453125,1707.464111328125,161345
2022-11-03,1702.2984619140625,1721.9630126953125,1693.3760986328125,1697.33837890625,280337
2022-11-04,1705.1748046875,1753.0152587890625,1697.33837890625,1745.266845703125,646538
2022-11-07,1754.01318359375,1768.8642578125,1714.8016357421875,1723.0782470703125,457290
2022-11-09,1736.637939453125,1737.5184326171875,1704.4410400390625,1711.92529296875,264942
2022-11-10,1711.807861328125,1726.9525146484375,1694.6087646484375,1713.3341064453125,325175
2022-11-11,1721.904296875,1742.1851806640625,1706.818359375,1712.3948974609375,507724
2022-11-14,1715.7701416015625,1726.923095703125,1698.7764892578125,1704.8226318359375,237371
2022-11-15,1712.2774658203125,1712.835205078125,1669.7200927734375,1672.8311767578125,445683
2022-11-16,1677.64453125,1707.5521240234375,1661.883544921875,1690.6171875,743654
2022-11-17,1687.5941162109375,1705.2335205078125,1679.3175048828125,1684.6298828125,458310
2022-11-18,1692.8477783203125,1703.4725341796875,1659.8878173828125,1666.0806884765625,380213
2022-11-21,1667.0491943359375,1670.0135498046875,1638.3155517578125,1650.37841796875,848682
2022-11-22,1658.6551513671875,1666.0806884765625,1637.1708984375,1645.653076171875,587806
2022-11-23,1636.5838623046875,1642.718017578125,1579.9091796875,1625.841796875,2452673
2022-11-24,1638.374267578125,1671.3929443359375,1631.9759521484375,1653.3720703125,1063540
2022-11-25,1653.3720703125,1669.3385009765625,1614.24853515625,1631.0074462890625,839496
2022-11-28,1631.8585205078125,1650.3489990234375,1617.2716064453125,1622.87744140625,425898
2022-11-29,1627.1331787109375,1639.3721923828125,1615.0704345703125,1631.095458984375,329695
2022-11-30,1634.4119873046875,1647.12060546875,1623.523193359375,1628.894287109375,803743
2022-12-01,1636.5545654296875,1638.1981201171875,1610.96142578125,1628.894287109375,742344
2022-12-02,1629.5106201171875,1629.745361328125,1600.072509765625,1624.080810546875,512399
2022-12-05,1630.0975341796875,1634.852294921875,1608.965576171875,1622.5252685546875,299959
2022-12-06,1623.5819091796875,1628.923583984375,1614.24853515625,1622.31982421875,278284
2022-12-07,1656.5418701171875,1730.4744873046875,1656.5418701171875,1705.43896484375,4856338
2022-12-08,1708.16845703125,1736.344482421875,1693.2000732421875,1729.21240234375,959261
2022-12-09,1731.6484375,1758.0634765625,1723.929443359375,1741.62744140625,1211718
2022-12-12,1737.2249755859375,1793.2540283203125,1734.6715087890625,1783.5098876953125,1514941
2022-12-13,1782.1597900390625,1794.633544921875,1740.1893310546875,1755.216552734375,996714
2022-12-14,1757.7406005859375,1785.9459228515625,1747.791015625,1777.669189453125,752293
2022-12-15,1775.6734619140625,1775.6734619140625,1734.7596435546875,1741.333984375,333860
2022-12-16,1729.9168701171875,1734.3486328125,1693.3173828125,1699.392822265625,741576
2022-12-19,1699.392822265625,1740.424072265625,1683.5145263671875,1735.4639892578125,369496
2022-12-20,1726.365478515625,1753.338134765625,1721.757568359375,1735.023681640625,706855
2022-12-21,1740.4534912109375,1753.895751953125,1681.1959228515625,1693.170654296875,267492
2022-12-22,1697.0155029296875,1708.16845703125,1671.2462158203125,1679.4349365234375,332174
2022-12-23,1672.948486328125,1679.2587890625,1628.101806640625,1636.0849609375,347993
2022-12-26,1652.9906005859375,1689.942138671875,1652.9906005859375,1663.4390869140625,882794
2022-12-27,1672.948486328125,1684.6884765625,1651.611083984375,1674.65087890625,313143
2022-12-28,1672.0386962890625,1691.527099609375,1664.1435546875,1679.4935302734375,186654
2022-12-29,1678.2315673828125,1678.7891845703125,1641.1331787109375,1656.747314453125,532375
2022-12-30,1665.0533447265625,1681.72412109375,1655.3385009765625,1659.0953369140625,236707
2023-01-02,1670.6005859375,1672.8604736328125,1653.460205078125,1660.239990234375,211608
2023-01-03,1662.9696044921875,1675.73681640625,1658.2735595703125,1665.5816650390625,154523
2023-01-04,1660.0345458984375,1671.6865234375,1649.468505859375,1652.667724609375,94896
2023-01-05,1663.5565185546875,1705.96728515625,1652.7264404296875,1699.48095703125,516535
2023-01-06,1707.9630126953125,1714.478759765625,1686.7430419921875,1697.4263916015625,389146
2023-01-09,1699.921142578125,1721.9630126953125,1695.2545166015625,1704.4410400390625,273042
2023-01-10,1711.103515625,1714.0384521484375,1675.590087890625,1684.776611328125,216276
2023-01-11,1690.5584716796875,1731.58984375,1675.648681640625,1726.365478515625,575840
2023-01-12,1726.365478515625,1755.8916015625,1724.751220703125,1750.0216064453125,582019
2023-01-13,1745.1495361328125,1749.14111328125,1719.321533203125,1741.3927001953125,371640
2023-01-16,1742.801513671875,1749.69873046875,1722.4913330078125,1727.950439453125,173518
2023-01-17,1778.2562255859375,1792.6671142578125,1705.3509521484375,1728.9776611328125,2357942
2023-01-18,1743.388427734375,1810.453125,1739.3675537109375,1798.947998046875,2312918
2023-01-19,1798.56640625,1816.11767578125,1786.2393798828125,1788.968994140625,842164
2023-01-20,1793.7823486328125,1824.1009521484375,1786.91455078125,1796.7467041015625,1055934
2023-01-23,1810.8934326171875,1818.26025390625,1782.365234375,1795.337890625,493693
2023-01-24,1795.337890625,1795.337890625,1770.21435546875,1783.304443359375,481186
2023-01-25,1783.304443359375,1785.711181640625,1739.866455078125,1758.2396240234375,438949
2023-01-27,1760.382080078125,1767.0445556640625,1702.592041015625,1736.2857666015625,281959
2023-01-30,1735.786865234375,1753.2794189453125,1702.2984619140625,1712.306884765625,369712
2023-01-31,1717.0615234375,1749.2584228515625,1712.5123291015625,1717.82470703125,665699
2023-02-01,1731.6484375,1802.704833984375,1697.2503662109375,1728.772216796875,1739146
2023-02-02,1728.772216796875,1745.0908203125,1704.6759033203125,1717.2669677734375,592417
2023-02-03,1722.8140869140625,1789.761474609375,1714.214599609375,1777.25830078125,994847
2023-02-06,1786.2393798828125,1812.0673828125,1772.38623046875,1807.0191650390625,647329
2023-02-07,1817.9373779296875,1840.243408203125,1793.8704833984375,1830.293701171875,633612
2023-02-08,1830.8514404296875,1839.949951171875,1814.47412109375,1832.025390625,330625
2023-02-09,1826.1553955078125,1863.1363525390625,1817.3504638671875,1821.870361328125,905913
2023-02-10,1818.5244140625,1846.1134033203125,1813.828369140625,1837.7486572265625,344061
2023-02-13,1857.8533935546875,1857.8533935546875,1806.9605712890625,1836.9561767578125,507533
2023-02-14,1840.243408203125,1847.6689453125,1808.01708984375,1834.343994140625,992697
2023-02-15,1849.04833984375,1906.6036376953125,1814.5621337890625,1895.6561279296875,2489342
2023-02-16,1905.9580078125,1907.748291015625,1886.0880126953125,1891.7232666015625,868464
2023-02-17,1891.69384765625,1904.8133544921875,1869.828125,1875.4339599609375,596654
2023-02-20,1884.2095947265625,1903.02294921875,1874.289306640625,1876.6080322265625,577187
2023-02-21,1890.1090087890625,1939.9158935546875,1875.903564453125,1933.6937255859375,2267083
2023-02-22,1934.163330078125,1945.1988525390625,1905.4296875,1908.6287841796875,876944
2023-02-23,1913.5595703125,1925.3582763671875,1899.0020751953125,1911.8572998046875,539054
2023-02-24,1921.4254150390625,1924.213623046875,1890.1383056640625,1905.69384765625,273422
2023-02-27,1905.69384765625,1913.79443359375,1856.2684326171875,1879.513671875,521428
2023-02-28,1888.93505859375,1916.1717529296875,1866.6583251953125,1905.7525634765625,670709
2023-03-01,1912.4443359375,1917.55126953125,1896.1551513671875,1911.9454345703125,375381
2023-03-02,1913.6182861328125,1913.6182861328125,1831.4383544921875,1838.51171875,963864
2023-03-03,1851.9833984375,1868.47802734375,1838.482421875,1857.0316162109375,515155
2023-03-06,1864.3104248046875,1895.1865234375,1860.524169921875,1891.400390625,394371
2023-03-08,1886.6163330078125,1933.5762939453125,1881.6268310546875,1929.7314453125,532620
2023-03-09,1934.163330078125,1949.8948974609375,1928.7042236328125,1936.6873779296875,550547
2023-03-10,1913.6182861328125,1950.393798828125,1906.0167236328125,1942.41064453125,372576
2023-03-13,1948.1339111328125,1948.8089599609375,1904.6666259765625,1919.458984375,468760
2023-03-14,1916.49462890625,1923.3331298828125,1891.13623046875,1909.45068359375,417775
2023-03-15,1928.1759033203125,1943.056396484375,1916.5533447265625,1925.7105712890625,447100
2023-03-16,1920.427490234375,1922.305908203125,1880.6876220703125,1915.848876953125,383899
2023-03-17,1925.3582763671875,1947.0772705078125,1915.2032470703125,1931.463134765625,621528
2023-03-20,1913.6182861328125,1941.7650146484375,1913.6182861328125,1932.549072265625,244724
2023-03-21,1940.0333251953125,1956.3812255859375,1927.1192626953125,1944.8173828125,385393
2023-03-22,1953.5343017578125,1964.657958984375,1922.834228515625,1941.442138671875,612734
2023-03-23,1941.442138671875,1960.5782470703125,1935.278564453125,1951.743896484375,428836
2023-03-24,1966.4482421875,1966.4482421875,1940.5322265625,1956.7333984375,565595
2023-03-27,1956.7333984375,1969.7061767578125,1923.3331298828125,1931.08154296875,485104
2023-03-28,1934.1046142578125,1941.735595703125,1910.712646484375,1921.0732421875,273833
2023-03-29,1922.98095703125,1965.861328125,1922.98095703125,1952.272216796875,606070
2023-03-31,1952.3309326171875,1966.4482421875,1945.9033203125,1953.035400390625,332017
2023-04-03,1964.687255859375,1972.3182373046875,1943.085693359375,1968.0625,260150
2023-04-05,1968.0625,1982.6494140625,1951.0982666015625,1967.123291015625,415184
2023-04-06,1967.5928955078125,1975.4000244140625,1950.3057861328125,1972.230224609375,473579
2023-04-10,1975.2532958984375,1995.7982177734375,1969.5887451171875,1986.1715087890625,421077
2023-04-11,1984.0582275390625,1995.7982177734375,1959.9913330078125,1964.4525146484375,372128
2023-04-12,1968.7669677734375,1982.1798095703125,1947.400146484375,1957.4378662109375,261652
2023-04-13,1960.5489501953125,1975.7816162109375,1942.96826171875,1952.65380859375,412559
2023-04-17,1954.708251953125,1981.123291015625,1946.4903564453125,1960.372802734375,300927
2023-04-18,1968.150634765625,1973.9912109375,1940.1507568359375,1946.343505859375,402770
2023-04-19,1948.5447998046875,1954.708251953125,1912.4443359375,1914.6456298828125,460840
2023-04-20,1923.5972900390625,1937.7733154296875,1915.3206787109375,1920.25146484375,328472
2023-04-21,1931.1695556640625,1934.8970947265625,1901.8782958984375,1907.425537109375,328323
2023-04-24,1907.748291015625,1928.2933349609375,1905.4296875,1918.66650390625,218305
2023-04-25,1927.6475830078125,1970.6746826171875,1920.0753173828125,1955.500732421875,710745
2023-04-26,1959.375,2028.875732421875,1957.672607421875,2023.768798828125,1231057
2023-04-27,2025.118896484375,2043.9322509765625,2013.408203125,2018.9554443359375,822523
2023-04-28,2025.148193359375,2036.2718505859375,2014.0245361328125,2024.9134521484375,769114
2023-05-02,2032.3095703125,2071.37451171875,2025.1776123046875,2054.556884765625,587097
2023-05-03,2054.498291015625,2082.9677734375,2037.123046875,2078.506591796875,591278
2023-05-04,2079.7392578125,2111.37841796875,2073.2822265625,2100.489501953125,682337
2023-05-05,2107.298828125,2139.084716796875,2102.045166015625,2133.420166015625,595310
2023-05-08,2142.518798828125,2171.898193359375,2125.319580078125,2165.88134765625,551199
2023-05-09,2185.399169921875,2186.1328125,2132.217041015625,2151.118408203125,808217
2023-05-10,2160.158203125,2207.000732421875,2151.499755859375,2180.380126953125,955917
2023-05-11,2184.4599609375,2237.64208984375,2176.8876953125,2228.866455078125,880070
2023-05-12,2251.14306640625,2311.8388671875,2225.78466796875,2284.04443359375,2095305
2023-05-15,2297.51611328125,2304.149169921875,2241.897705078125,2250.203857421875,805223
2023-05-16,2263.469970703125,2298.07373046875,2257.60009765625,2272.862060546875,618130
2023-05-17,2282.25390625,2300.098876953125,2254.40087890625,2284.13232421875,635639
2023-05-18,2300.450927734375,2300.450927734375,2243.57080078125,2249.52880859375,687438
2023-05-19,2254.753173828125,2276.384033203125,2124.380615234375,2185.222900390625,1256060
2023-05-22,2113.2568359375,2116.72021484375,1945.345703125,1995.6221923828125,8408508
2023-05-23,2005.7479248046875,2014.582275390625,1977.0435791015625,2002.0205078125,1757211
2023-05-24,2002.0205078125,2044.3431396484375,1981.7103271484375,2013.9952392578125,1467905
2023-05-25,2018.104248046875,2053.64697265625,2006.5404052734375,2047.013916015625,1252852
2023-05-26,2054.498291015625,2080.9130859375,2042.141845703125,2065.885986328125,755510
2023-05-29,2083.84814453125,2086.1962890625,2049.21533203125,2061.953125,846908
2023-05-30,2073.869140625,2116.133056640625,2066.326171875,2089.5419921875,1358081
2023-05-31,2089.71826171875,2100.636474609375,2067.9111328125,2084.816650390625,3283304
2023-06-01,2084.816650390625,2089.5419921875,2065.064208984375,2074.63232421875,336448
2023-06-02,2077.39111328125,2095.558837890625,2070.171142578125,2085.40380859375,398025
2023-06-05,2085.40380859375,2103.630126953125,2061.571533203125,2067.412109375,369899
2023-06-06,2069.20263671875,2109.089111328125,2064.007568359375,2105.126953125,528191
2023-06-07,2122.003173828125,2148.330078125,2113.1982421875,2144.83740234375,981639
2023-06-08,2153.671875,2156.4013671875,2120.271484375,2148.09521484375,674203
2023-06-09,2157.19384765625,2169.227294921875,2131.424560546875,2147.56689453125,465519
2023-06-12,2159.571044921875,2160.128662109375,2135.504150390625,2147.47900390625,205473
2023-06-13,2145.483154296875,2196.66943359375,2139.642578125,2192.0908203125,513455
2023-06-14,2200.6611328125,2212.6064453125,2187.51220703125,2208.99658203125,424054
2023-06-15,2211.81396484375,2217.68408203125,2189.8310546875,2202.24609375,425059
2023-06-16,2199.28173828125,2230.010986328125,2195.378173828125,2226.5478515625,521744
2023-06-19,2231.77197265625,2252.904052734375,2220.824462890625,2235.117919921875,388770
2023-06-20,2248.2080078125,2254.078125,2227.89794921875,2247.85595703125,543980
2023-06-21,2251.14306640625,2265.75927734375,2218.916748046875,2231.918701171875,611843
2023-06-22,2235.2939453125,2236.468017578125,2160.392822265625,2165.35302734375,591744
2023-06-23,2170.13720703125,2175.361328125,2136.73681640625,2157.634033203125,293332
2023-06-26,2160.128662109375,2179.529052734375,2139.671875,2171.5166015625,365427
2023-06-27,2169.256591796875,2185.135009765625,2165.147705078125,2175.53759765625,349944
2023-06-28,2191.856201171875,2219.79736328125,2161.50830078125,2209.90625,741217
2023-06-30,2209.466064453125,2216.451416015625,2186.39697265625,2210.904296875,332661
2023-07-03,2212.988037109375,2223.553955078125,2180.380126953125,2188.01123046875,232954
2023-07-04,2187.7470703125,2201.189453125,2154.2880859375,2173.776611328125,427882
2023-07-05,2173.072021484375,2206.531005859375,2172.044921875,2177.76806640625,391051
2023-07-06,2186.42626953125,2207.1181640625,2178.149658203125,2189.9482421875,370134
2023-07-07,2178.677978515625,2200.514404296875,2160.216796875,2166.292236328125,309705
2023-07-10,2171.898193359375,2179.998779296875,2135.59228515625,2141.05126953125,404344
2023-07-11,2152.233642578125,2216.510009765625,2143.16455078125,2210.9921875,684220
2023-07-12,2230.480712890625,2275.298095703125,2227.516357421875,2247.532958984375,1560437
2023-07-13,2254.312744140625,2254.312744140625,2174.24609375,2188.53955078125,745343
2023-07-14,2200.044677734375,2204.18310546875,2160.8037109375,2165.91064453125,819344
2023-07-17,2185.986083984375,2192.0029296875,2164.29638671875,2173.130859375,559835
2023-07-18,2174.891845703125,2194.2041015625,2160.158203125,2172.86669921875,505066
2023-07-19,2162.62353515625,2201.248046875,2162.62353515625,2177.9736328125,507758
2023-07-20,2182.464111328125,2197.69677734375,2060.691162109375,2133.97802734375,1133658
2023-07-21,2134.917236328125,2150.149658203125,2116.4560546875,2121.38671875,595825
2023-07-24,2124.938232421875,2178.707275390625,2116.16259765625,2168.904296875,468700
2023-07-25,2171.81005859375,2189.156005859375,2152.1162109375,2167.642333984375,576871
2023-07-26,2171.31103515625,2214.162109375,2155.491455078125,2209.05517578125,349175
2023-07-27,2210.023681640625,2226.459716796875,2194.673583984375,2202.422119140625,299478
2023-07-28,2210.052978515625,2268.342041015625,2197.344482421875,2264.468017578125,692509
2023-07-31,2312.42578125,2388.412841796875,2290.765380859375,2338.01904296875,2739155
2023-08-01,2350.932861328125,2350.932861328125,2276.384033203125,2283.985595703125,558935
2023-08-02,2283.427978515625,2287.80126953125,2223.260498046875,2241.7509765625,549002
2023-08-03,2244.069580078125,2270.396728515625,2186.572998046875,2227.6337890625,761346
2023-08-04,2236.468017578125,2247.474365234375,2209.143310546875,2216.510009765625,447988
2023-08-07,2236.468017578125,2269.340087890625,2226.518310546875,2250.61474609375,591402
2023-08-08,2257.60009765625,2257.60009765625,2184.81201171875,2218.4765625,648131
2023-08-09,2230.539306640625,2230.59814453125,2159.36572265625,2190.74072265625,1460256
2023-08-10,2193.030029296875,2201.21875,2145.04296875,2153.378173828125,502959
2023-08-11,2154.2294921875,2177.26904296875,2138.527099609375,2144.162353515625,366862
2023-08-14,2152.0576171875,2157.076416015625,2093.8271484375,2114.724365234375,463649
2023-08-16,2113.1982421875,2129.839599609375,2093.739013671875,2117.5126953125,382100
2023-08-17,2127.2861328125,2130.22119140625,2092.94677734375,2099.139404296875,384688
2023-08-18,2100.2841796875,2131.982177734375,2100.2841796875,2116.77880859375,672406
2023-08-21,2132.45166015625,2152.204345703125,2121.005126953125,2144.22119140625,523153
2023-08-22,2150.120361328125,2164.883544921875,2143.16455078125,2150.560791015625,305247
2023-08-23,2151.35302734375,2194.2041015625,2151.35302734375,2182.66943359375,548819
2023-08-24,2194.732421875,2258.9208984375,2190.74072265625,2232.711181640625,1246331
2023-08-25,2234.1201171875,2268.7529296875,2218.623291015625,2222.937744140625,666187
2023-08-28,2228.220703125,2267.520263671875,2220.765869140625,2258.18701171875,467613
2023-08-29,2271.10107421875,2280.492919921875,2260.82861328125,2268.95849609375,533864
2023-08-30,2280.492919921875,2283.427978515625,2264.08642578125,2269.8388671875,425172
2023-08-31,2268.7529296875,2343.859619140625,2257.717529296875,2302.270751953125,1194157
2023-09-01,2302.270751953125,2303.885009765625,2255.281494140625,2281.6962890625,455433
2023-09-04,2283.427978515625,2299.9814453125,2245.419677734375,2284.748779296875,330030
2023-09-05,2289.298095703125,2305.08837890625,2279.23095703125,2289.50341796875,390707
2023-09-06,2301.0380859375,2320.99609375,2288.006591796875,2315.595458984375,398969
2023-09-07,2317.914306640625,2337.079833984375,2306.907958984375,2312.74853515625,369790
2023-09-08,2315.712890625,2332.67724609375,2305.763427734375,2316.065185546875,268889
2023-09-11,2316.065185546875,2347.939208984375,2309.872314453125,2321.436279296875,530792
2023-09-12,2328.450927734375,2337.901611328125,2238.25830078125,2254.019287109375,582758
2023-09-13,2262.765625,2262.765625,2230.71533203125,2247.41552734375,240449
2023-09-14,2252.140869140625,2260.534912109375,2231.18505859375,2247.1220703125,284513
2023-09-15,2255.017333984375,2262.2666015625,2233.532958984375,2236.967041015625,672670
2023-09-18,2236.967041015625,2248.736328125,2207.587646484375,2218.124267578125,253485
2023-09-20,2215.21875,2236.438720703125,2201.042724609375,2215.394775390625,499215
2023-09-21,2212.988037109375,2241.075927734375,2185.399169921875,2195.378173828125,463586
2023-09-22,2200.162109375,2210.69873046875,2160.216796875,2165.470458984375,244783
2023-09-25,2177.76806640625,2180.585693359375,2149.592041015625,2168.728271484375,245560
2023-09-26,2171.898193359375,2176.770263671875,2153.613037109375,2160.334228515625,329823
2023-09-27,2160.158203125,2192.443115234375,2138.527099609375,2186.89599609375,375787
2023-09-28,2195.935791015625,2195.935791015625,2122.003173828125,2128.782958984375,452819
2023-09-29,2130.30908203125,2165.998779296875,2130.30908203125,2155.755615234375,306121
2023-10-03,2148.418212890625,2155.462158203125,2088.837646484375,2095.3828125,1181655
2023-10-04,2095.588134765625,2114.401611328125,2052.062255859375,2055.320068359375,1326457
2023-10-05,2065.651123046875,2086.430908203125,2057.609375,2066.06201171875,475857
2023-10-06,2080.737060546875,2098.523193359375,2055.672119140625,2073.869140625,747181
2023-10-09,2066.23828125,2088.16259765625,2036.0958251953125,2079.122802734375,464336
2023-10-10,2076.21728515625,2115.604736328125,2076.21728515625,2107.944580078125,401794
2023-10-11,2128.460205078125,2133.126708984375,2081.236083984375,2088.837646484375,797232
2023-10-12,2089.74755859375,2119.068115234375,2088.837646484375,2113.78515625,386339
2023-10-13,2092.653076171875,2118.6572265625,2091.068359375,2108.61962890625,268932
2023-10-16,2113.1982421875,2124.35107421875,2099.139404296875,2114.401611328125,490957
2023-10-17,2127.755859375,2127.755859375,2101.458251953125,2109.118408203125,387230
2023-10-18,2110.26318359375,2119.655029296875,2045.6932373046875,2050.007568359375,904120
2023-10-19,2047.4248046875,2047.4248046875,2016.460693359375,2033.219482421875,705738
2023-10-20,2025.118896484375,2039.7938232421875,2005.2196044921875,2020.3348388671875,425467
2023-10-23,2020.3348388671875,2039.5296630859375,1997.588623046875,2004.45654296875,324155
2023-10-25,2004.45654296875,2020.3641357421875,1986.9932861328125,2015.0811767578125,408712
2023-10-26,2007.5382080078125,2015.139892578125,1966.4482421875,1999.760498046875,689937
2023-10-27,1995.7982177734375,2024.5318603515625,1986.8465576171875,2011.647216796875,265119
2023-10-30,1995.8863525390625,2033.3369140625,1995.7982177734375,2013.760498046875,217044
2023-10-31,2008.125244140625,2013.408203125,1905.400390625,1955.2659912109375,1997149
2023-11-01,1960.5782470703125,1971.7313232421875,1945.1988525390625,1952.15478515625,598879
2023-11-02,1957.5845947265625,1985.1148681640625,1954.121337890625,1978.716552734375,203543
2023-11-03,1992.86328125,1992.86328125,1968.6202392578125,1976.7501220703125,432519
2023-11-06,1981.4461669921875,1984.116943359375,1959.785888671875,1976.544677734375,765326
2023-11-07,1937.0982666015625,1975.6934814453125,1937.0689697265625,1965.0394287109375,684705
2023-11-08,1963.5133056640625,2013.496337890625,1963.5133056640625,2009.8275146484375,328797
2023-11-09,2016.9302978515625,2022.2132568359375,1984.645263671875,1989.5467529296875,690511
2023-11-10,1986.9932861328125,2007.303466796875,1982.32666015625,2000.1126708984375,457427
2023-11-13,2008.125244140625,2015.4627685546875,1994.77099609375,2006.3642578125,164018
2023-11-15,2033.9532470703125,2094.8837890625,2003.4586181640625,2051.856689453125,2036950
2023-11-16,2060.250732421875,2078.359619140625,2035.0391845703125,2069.173095703125,656910
2023-11-17,2072.108154296875,2102.16259765625,2055.70166015625,2096.0283203125,525864
2023-11-20,2101.458251953125,2110.26318359375,2089.71826171875,2105.09765625,186235
2023-11-21,2113.1982421875,2118.833251953125,2090.5400390625,2106.7705078125,300426
2023-11-22,2106.7705078125,2113.1982421875,2066.23828125,2083.26123046875,278833
2023-11-23,2087.3701171875,2134.330078125,2072.108154296875,2124.468505859375,535388
2023-11-24,2136.67822265625,2137.76416015625,2116.16259765625,2129.986328125,392504
2023-11-28,2136.67822265625,2146.6572265625,2098.845947265625,2140.49365234375,460978
2023-11-29,2158.984130859375,2158.984130859375,2105.36181640625,2134.183349609375,1357340
2023-11-30,2136.619384765625,2151.676025390625,2122.4140625,2147.00927734375,859189
2023-12-01,2154.2880859375,2218.82861328125,2140.904541015625,2203.06787109375,683148
2023-12-04,2230.568603515625,2252.874755859375,2195.730224609375,2234.824462890625,1042728
2023-12-05,2236.468017578125,2259.947998046875,2216.539306640625,2256.132568359375,548981
2023-12-06,2259.947998046875,2303.679443359375,2251.17236328125,2261.0927734375,743908
2023-12-07,2270.484619140625,2270.513916015625,2238.639892578125,2249.52880859375,239029
2023-12-08,2263.469970703125,2278.99609375,2221.822509765625,2246.564453125,270593
2023-12-11,2248.2080078125,2286.363037109375,2248.2080078125,2281.226806640625,311661
2023-12-12,2281.226806640625,2292.99609375,2249.968994140625,2263.734130859375,227102
2023-12-13,2269.927001953125,2316.886962890625,2264.732177734375,2309.49072265625,443226
2023-12-14,2318.64794921875,2318.64794921875,2278.027587890625,2299.893310546875,363192
2023-12-15,2309.843017578125,2321.5830078125,2268.283447265625,2293.5830078125,635745
2023-12-18,2298.279052734375,2491.812744140625,2289.943603515625,2429.737548828125,2801186
2023-12-19,2436.0478515625,2450.37060546875,2348.02734375,2359.503173828125,880976
2023-12-20,2380.16552734375,2410.1318359375,2275.44482421875,2294.6689453125,735360
2023-12-21,2263.469970703125,2332.736083984375,2235.968994140625,2328.59765625,586859
2023-12-22,2397.892822265625,2418.43798828125,2306.643798828125,2321.90576171875,1064690
2023-12-26,2339.19287109375,2358.2705078125,2327.51171875,2350.551513671875,307874
2023-12-27,2365.57861328125,2379.020751953125,2327.188720703125,2334.87841796875,721724
2023-12-28,2353.545166015625,2366.605712890625,2315.859619140625,2324.429931640625,1286801
2023-12-29,2332.14892578125,2366.018798828125,2317.50341796875,2362.496826171875,326993
2024-01-01,2365.02099609375,2382.0439453125,2353.281005859375,2362.995849609375,218044
2024-01-02,2374.4423828125,2376.760986328125,2328.450927734375,2372.417236328125,358545
2024-01-03,2380.282958984375,2412.56787109375,2379.783935546875,2397.98095703125,591658
2024-01-04,2407.871826171875,2422.60546875,2392.932861328125,2400.035400390625,376886
2024-01-05,2406.198974609375,2415.23876953125,2381.45703125,2393.314208984375,238564
2024-01-08,2403.17578125,2404.40869140625,2349.201416015625,2357.096435546875,286950
2024-01-09,2366.10693359375,2475.9638671875,2365.60791015625,2461.523681640625,1113636
2024-01-10,2460.08544921875,2482.567626953125,2434.815185546875,2454.09814453125,455041
2024-01-11,2458.353759765625,2464.1650390625,2424.894775390625,2441.800537109375,222858
2024-01-12,2448.75634765625,2458.823486328125,2414.093994140625,2438.45458984375,272920
2024-01-15,2443.737548828125,2453.3642578125,2416.794189453125,2444.001708984375,261472
2024-01-16,2451.48583984375,2465.39794921875,2399.00830078125,2408.72314453125,321412
2024-01-17,2402.001953125,2425.980712890625,2364.58056640625,2410.689453125,302708
2024-01-18,2406.697998046875,2410.0732421875,2327.452880859375,2372.534423828125,319526
2024-01-19,2395.544921875,2436.634765625,2384.920166015625,2431.058349609375,189988
2024-01-23,2400.827880859375,2426.421142578125,2359.738037109375,2397.247314453125,817128
2024-01-24,2394.9580078125,2472.44189453125,2380.869873046875,2464.810791015625,373434
2024-01-25,2473.58642578125,2477.783447265625,2430.177978515625,2468.567626953125,279327
2024-01-29,2467.745849609375,2535.221435546875,2463.25537109375,2527.355712890625,784343
2024-01-30,2535.250732421875,2544.642822265625,2409.163330078125,2432.26171875,832629
2024-01-31,2415.5029296875,2472.940673828125,2398.685302734375,2430.41259765625,834154
2024-02-01,2442.5048828125,2494.3662109375,2365.28515625,2409.427490234375,1086532
2024-02-02,2421.372802734375,2518.198486328125,2413.800537109375,2443.26806640625,921748
2024-02-05,2450.722900390625,2494.747802734375,2420.756591796875,2434.844482421875,523729
2024-02-06,2447.67041015625,2494.747802734375,2427.272216796875,2475.22998046875,268988
2024-02-07,2518.198486328125,2518.198486328125,2443.121337890625,2494.2783203125,389046
2024-02-08,2505.313720703125,2544.642822265625,2474.202880859375,2480.982666015625,400136
2024-02-09,2483.418701171875,2524.80224609375,2439.51123046875,2509.892333984375,393964
2024-02-12,2509.892333984375,2558.906982421875,2467.745849609375,2476.169189453125,529370
2024-02-13,2475.9638671875,2641.38037109375,2417.263916015625,2531.84619140625,1263116
2024-02-14,2512.034912109375,2610.9736328125,2512.005615234375,2570.70556640625,893019
2024-02-15,2582.7978515625,2586.290283203125,2537.5693359375,2551.5400390625,173558
2024-02-16,2562.3408203125,2593.099609375,2545.81689453125,2582.00537109375,241361
2024-02-19,2583.35546875,2611.560791015625,2568.122802734375,2592.5419921875,184575
2024-02-20,2603.3427734375,2615.082763671875,2587.2294921875,2603.782958984375,222584
2024-02-21,2609.212646484375,2664.302734375,2592.218994140625,2606.483154296875,371688
2024-02-22,2612.147705078125,2692.566650390625,2593.36376953125,2672.315185546875,403586
2024-02-23,2686.696533203125,2695.6484375,2652.415771484375,2662.923095703125,264221
2024-02-26,2670.84765625,2697.2626953125,2638.562744140625,2680.093017578125,304792
2024-02-27,2680.0341796875,2727.4931640625,2678.478759765625,2691.56884765625,389099
2024-02-28,2708.38623046875,2734.625244140625,2663.979736328125,2686.579345703125,299446
2024-02-29,2689.220703125,2770.6376953125,2646.81005859375,2746.71728515625,600743
2024-03-01,2758.897705078125,2761.74462890625,2725.761474609375,2759.337890625,199138
2024-03-04,2776.536865234375,2781.23291015625,2742.5791015625,2752.55810546875,209615
2024-03-05,2769.698486328125,2793.912109375,2751.354736328125,2776.595703125,163935
2024-03-06,2785.3125,2785.3125,2717.8662109375,2763.91650390625,294519
2024-03-07,2776.507568359375,2784.138671875,2732.9228515625,2740.4951171875,244233
2024-03-11,2741.28759765625,2918.796142578125,2741.28759765625,2777.006591796875,1918967
2024-03-12,2785.3125,2838.11328125,2758.897705078125,2807.295654296875,697414
2024-03-13,2808.70458984375,2843.425537109375,2708.29833984375,2729.606201171875,645685
2024-03-14,2730.105224609375,2810.6708984375,2688.310791015625,2789.0693359375,412460
2024-03-15,2798.8134765625,2829.689697265625,2748.390380859375,2800.750732421875,390562
2024-03-18,2802.893310546875,2849.882568359375,2785.8408203125,2837.790283203125,292720
2024-03-19,2841.07763671875,2846.683349609375,2701.753173828125,2723.589599609375,633503
2024-03-20,2740.5244140625,2793.207763671875,2678.09716796875,2764.50341796875,305029
2024-03-21,2788.24755859375,2907.995361328125,2783.287353515625,2901.156982421875,786406
2024-03-22,2896.871826171875,2933.353759765625,2855.547119140625,2930.037353515625,479451
2024-03-26,2930.037353515625,3000.271728515625,2917.387451171875,2992.905029296875,728012
2024-03-27,3011.307373046875,3146.317138671875,3003.9404296875,3104.434814453125,1348237
2024-03-28,3104.434814453125,3172.732177734375,3073.82275390625,3154.564697265625,678687
2024-04-01,3157.382080078125,3245.37353515625,3157.382080078125,3206.719482421875,631767
2024-04-02,3213.792724609375,3286.610107421875,3201.72998046875,3273.608154296875,449484
2024-04-03,3234.9541015625,3329.69580078125,3234.9541015625,3313.7880859375,581683
2024-04-04,3314.228515625,3386.987060546875,3290.132080078125,3303.075439453125,623656
2024-04-05,3312.32080078125,3341.46533203125,3250.949951171875,3307.3017578125,413155
2024-04-08,3332.983154296875,3367.880126953125,3308.3291015625,3327.113037109375,398799
2024-04-09,3348.83203125,3355.171630859375,3277.687744140625,3290.27880859375,249533
2024-04-10,3306.538818359375,3306.538818359375,3257.87646484375,3277.100830078125,310376
2024-04-12,3277.100830078125,3340.085693359375,3257.84716796875,3273.960205078125,342661
2024-04-15,3238.006591796875,3298.93701171875,3181.5078125,3193.776123046875,371170
2024-04-16,3190.34228515625,3267.09228515625,3178.7490234375,3247.193115234375,455424
2024-04-18,3248.455078125,3313.025146484375,3228.23291015625,3275.19287109375,855476
2024-04-19,3272.258056640625,3314.05224609375,3217.226806640625,3281.03369140625,815322
2024-04-22,3288.341796875,3425.14208984375,3286.610107421875,3386.0478515625,840690
2024-04-23,3404.596923828125,3412.16943359375,3337.062744140625,3343.373046875,311349
2024-04-24,3362.920166015625,3377.62451171875,3320.568115234375,3327.670654296875,453462
2024-04-25,3328.287109375,3384.63916015625,3306.568115234375,3363.242919921875,354724
2024-04-26,3375.2177734375,3409.410400390625,3344.635009765625,3374.366455078125,261911
2024-04-29,3377.71240234375,3421.44384765625,3366.119140625,3390.890625,252127
2024-04-30,3415.632568359375,3476.7392578125,3398.78564453125,3429.074951171875,639090
2024-05-02,3429.074951171875,3507.586181640625,3428.076904296875,3446.5673828125,426724
2024-05-03,3469.1376953125,3491.472900390625,3443.54443359375,3479.76220703125,231533
2024-05-06,3498.516845703125,3637.048828125,3497.900634765625,3585.1875,1312335
2024-05-07,3606.52490234375,3667.396728515625,3540.781005859375,3577.527099609375,716801
2024-05-08,3591.96728515625,3719.815673828125,3535.0869140625,3701.03173828125,926467
2024-05-09,3709.249755859375,3718.641845703125,3589.413818359375,3598.42431640625,639174
2024-05-10,3618.93994140625,3644.268798828125,3562.23583984375,3620.700927734375,731118
2024-05-13,3658.532958984375,3912.9384765625,3650.28564453125,3885.995361328125,2284971
2024-05-14,3909.768798828125,3933.923828125,3805.22412109375,3909.6806640625,1145060
2024-05-15,4120.736328125,4249.87646484375,4065.558349609375,4179.025390625,4758520
2024-05-16,4179.025390625,4255.1884765625,4105.474609375,4134.736328125,2086652
2024-05-17,4150.08642578125,4244.00634765625,4134.88330078125,4217.796875,1152696
2024-05-21,4243.2431640625,4312.68505859375,4224.7529296875,4275.85107421875,1137886
2024-05-22,4305.05419921875,4305.05419921875,4187.712890625,4202.50537109375,794072
2024-05-23,4220.5263671875,4336.28271484375,4206.5263671875,4327.15478515625,610893
2024-05-24,4311.51123046875,4311.51123046875,4249.87646484375,4275.29345703125,319901
2024-05-27,4275.32275390625,4297.98095703125,4208.140625,4235.28955078125,677613
2024-05-28,4246.64794921875,4270.42138671875,4163.00048828125,4189.59130859375,516690
2024-05-29,4167.6376953125,4199.71728515625,4108.99658203125,4118.85791015625,794675
2024-05-30,4111.34423828125,4138.34619140625,4073.42431640625,4099.98583984375,474891
2024-05-31,4134.2373046875,4145.44921875,4063.23974609375,4090.18310546875,1576340
2024-06-03,4255.74609375,4311.45263671875,4190.06103515625,4269.83447265625,1132539
2024-06-04,4296.83642578125,4296.83642578125,3415.867431640625,3740.44873046875,2110529
2024-06-05,3885.9072265625,3885.9365234375,3602.50390625,3832.050048828125,1252949
2024-06-06,3874.167236328125,4014.13720703125,3871.291015625,3988.045166015625,716019
2024-06-07,3991.6259765625,4047.919189453125,3936.41845703125,4035.68017578125,448288
2024-06-10,4044.397216796875,4082.3173828125,4006.271484375,4024.791259765625,440649
2024-06-11,4062.09521484375,4129.13037109375,4039.260986328125,4050.912841796875,706063
2024-06-12,4061.420166015625,4187.625,4060.8037109375,4147.32763671875,875733
2024-06-13,4185.30615234375,4383.71240234375,4163.17626953125,4341.80029296875,1481464
2024-06-14,4363.46044921875,4644.9560546875,4353.12939453125,4572.84326171875,2241455
2024-06-18,4593.24169921875,4602.6630859375,4497.0322265625,4536.244140625,564554
2024-06-19,4558.63818359375,4584.4658203125,4411.30126953125,4424.80224609375,592516
2024-06-20,4425.97607421875,4432.90283203125,4361.435546875,4417.1123046875,531785
2024-06-21,4436.89453125,4461.1962890625,4344.236328125,4365.1044921875,427448
2024-06-24,4357.94287109375,4486.1142578125,4315.4443359375,4457.64453125,521276
2024-06-25,4475.63623046875,4548.6591796875,4424.5380859375,4437.71630859375,840898
2024-06-26,4447.6953125,4499.35107421875,4405.48974609375,4459.49365234375,373441
2024-06-27,4452.42041015625,4657.43017578125,4426.03466796875,4597.49755859375,2112969
2024-06-28,4609.47216796875,4609.47216796875,4478.83544921875,4522.53759765625,769128
2024-07-01,4534.92333984375,4631.42578125,4523.4765625,4620.595703125,582119
2024-07-02,4620.27294921875,4637.2958984375,4491.19189453125,4562.306640625,521048
2024-07-03,4574.48681640625,4645.484375,4552.18115234375,4580.38623046875,475455
2024-07-04,4580.38623046875,4666.0,4545.4013671875,4617.8662109375,482014
2024-07-05,4618.51220703125,4677.623046875,4587.40087890625,4628.81396484375,528860
2024-07-08,4657.40087890625,4657.7236328125,4511.12060546875,4544.16845703125,399489
2024-07-09,4555.1162109375,4592.68408203125,4534.6298828125,4557.4052734375,310552
2024-07-10,4578.59619140625,4616.10546875,4461.1962890625,4605.9794921875,559951
2024-07-11,4657.166015625,4657.166015625,4556.11376953125,4564.5078125,362284
2024-07-12,4583.2919921875,4593.27099609375,4461.69482421875,4469.14990234375,726216
2024-07-15,4469.14990234375,4501.845703125,4433.1376953125,4484.55859375,425054
2024-07-16,4496.416015625,4512.79345703125,4369.6240234375,4384.064453125,581874
2024-07-18,4384.064453125,4389.90478515625,4141.310546875,4180.140625,1477140
2024-07-19,4182.8115234375,4197.04638671875,4006.271484375,4021.06396484375,1158232
2024-07-22,3927.055908203125,4131.30224609375,3927.055908203125,4122.58544921875,636262
2024-07-23,4132.41748046875,4170.484375,3894.74169921875,3984.96337890625,1096685
2024-07-24,4003.072265625,4086.6904296875,3938.7666015625,3974.63232421875,761424
2024-07-25,3954.615478515625,4079.646484375,3915.961669921875,4013.2861328125,583872
2024-07-26,4038.90869140625,4095.58349609375,4015.10595703125,4060.45166015625,600579
2024-07-29,4089.9189453125,4173.91845703125,4078.0615234375,4165.5537109375,636993
2024-07-30,4167.6962890625,4201.68359375,4101.6884765625,4121.41162109375,672423
2024-07-31,4152.9921875,4214.65625,4062.036376953125,4187.0087890625,793082
2024-08-01,4195.8427734375,4205.20556640625,4078.32568359375,4125.90185546875,914883
2024-08-02,4050.29638671875,4098.98828125,3991.6259765625,4036.501953125,756140
2024-08-05,3919.63037109375,3997.466552734375,3876.632568359375,3929.785400390625,851269
2024-08-06,3929.785400390625,4011.90673828125,3854.0625,3869.44189453125,417249
2024-08-07,3931.72265625,4032.6865234375,3854.82568359375,4006.711669921875,628182
2024-08-08,3968.116455078125,4020.330078125,3908.418701171875,3973.3994140625,809522
2024-08-09,4020.946533203125,4059.248291015625,3974.602783203125,4044.133056640625,1236449
2024-08-12,3991.596435546875,4138.34619140625,3971.051513671875,4062.593994140625,1745187
2024-08-13,4054.464111328125,4134.82421875,4020.975830078125,4090.858154296875,891985
2024-08-14,4092.35498046875,4145.74267578125,4013.60888671875,4132.505859375,574165
2024-08-16,4161.826171875,4259.70849609375,4145.88916015625,4219.76318359375,681733
2024-08-19,4252.22412109375,4252.22412109375,4160.1533203125,4169.01708984375,401085
2024-08-20,4198.22021484375,4198.22021484375,4111.5791015625,4158.33349609375,299998
2024-08-21,4158.33349609375,4184.8369140625,4127.8388671875,4157.74658203125,252134
2024-08-22,4182.13671875,4182.13671875,4126.6357421875,4141.89794921875,276213
2024-08-23,4141.89794921875,4172.36279296875,4114.8662109375,4121.99853515625,216093
2024-08-26,4147.50341796875,4147.50341796875,4105.0634765625,4134.2666015625,255325
2024-08-27,4155.95654296875,4166.87451171875,4108.99658203125,4114.19140625,307347
2024-08-28,4119.26904296875,4129.54150390625,4073.923095703125,4080.49755859375,343891
2024-08-29,4067.935791015625,4082.11181640625,3994.67822265625,4032.275634765625,628365
2024-08-30,4047.948486328125,4072.572998046875,4025.026123046875,4046.24609375,1198532
2024-09-02,4066.585693359375,4076.71142578125,3969.31982421875,3979.621826171875,452717
2024-09-03,3995.118408203125,4011.525146484375,3953.441650390625,3973.2822265625,592777
2024-09-04,3973.2822265625,4000.196044921875,3939.353515625,3967.412109375,359134
2024-09-05,3985.7265625,3991.6259765625,3920.011962890625,3924.7958984375,370346
2024-09-06,3898.8505859375,3932.896484375,3874.78369140625,3882.6201171875,471099
2024-09-09,3880.066650390625,3902.93017578125,3817.11083984375,3849.689453125,491146
2024-09-10,3874.196533203125,3900.611572265625,3837.156982421875,3864.158935546875,393031
2024-09-11,3872.8759765625,3935.626220703125,3852.947265625,3869.91162109375,424370
2024-09-12,3902.225830078125,3911.7353515625,3863.48388671875,3906.12939453125,263114
2024-09-13,3921.156494140625,3962.24658203125,3912.968017578125,3938.913330078125,294560
2024-09-16,3950.506591796875,3976.921630859375,3937.592529296875,3940.41015625,122874
2024-09-17,3947.571533203125,3976.921630859375,3928.347412109375,3970.40576171875,168805
2024-09-18,3991.596435546875,3992.682373046875,3936.41845703125,3956.552734375,200604
2024-09-19,3976.921630859375,4017.27783203125,3818.431640625,3947.953125,616978
2024-09-20,3963.33251953125,4027.814453125,3940.14599609375,4010.82080078125,992735
2024-09-23,4033.860595703125,4085.487060546875,4015.66357421875,4072.837158203125,367189
2024-09-24,4072.837158203125,4182.07763671875,4067.906494140625,4165.17236328125,662603
2024-09-25,4171.80517578125,4239.8681640625,4153.021484375,4212.8955078125,895767
2024-09-26,4232.26611328125,4248.6142578125,4103.18505859375,4154.34228515625,466136
2024-09-27,4154.34228515625,4299.18408203125,4129.54150390625,4282.27880859375,918736
2024-09-30,4281.86767578125,4296.77734375,4214.1279296875,4255.74609375,564906
2024-10-01,4270.3037109375,4431.84619140625,4258.12353515625,4409.3642578125,880290
2024-10-03,4374.14404296875,4413.06201171875,4288.03125,4312.3330078125,412768
2024-10-04,4311.51123046875,4325.3349609375,4215.830078125,4253.8974609375,473491
2024-10-07,4288.5302734375,4307.373046875,4094.967041015625,4107.91064453125,441247
2024-10-08,4114.8662109375,4343.76708984375,4082.728271484375,4327.4482421875,568002
2024-10-09,4329.12109375,4545.19580078125,4323.1923828125,4506.5126953125,900194
2024-10-10,4519.89599609375,4543.2880859375,4456.0009765625,4512.1181640625,372795
2024-10-11,4514.02587890625,4566.82666015625,4436.5419921875,4549.1875,376068
2024-10-14,4566.85595703125,4569.791015625,4504.63427734375,4534.8056640625,275138
2024-10-15,4581.82470703125,4625.61474609375,4522.09716796875,4619.71533203125,597918
2024-10-16,4619.71533203125,4772.2470703125,4611.49755859375,4687.9541015625,1656751
2024-10-17,4687.9541015625,4695.99609375,4490.72216796875,4530.2568359375,662574
2024-10-18,4531.69482421875,4610.64599609375,4440.65087890625,4580.35693359375,467830
2024-10-21,4602.076171875,4621.7109375,4375.5234375,4391.6953125,385957
2024-10-22,4391.6953125,4391.6953125,4232.76513671875,4249.11328125,791353
2024-10-23,4248.7021484375,4271.3896484375,4021.504150390625,4033.889892578125,812625
2024-10-24,4049.70947265625,4092.531005859375,3942.28857421875,4019.7724609375,788358
2024-10-25,4038.556396484375,4049.034423828125,3907.15673828125,3977.772705078125,536329
2024-10-28,3989.5126953125,4031.04296875,3929.961669921875,3963.0390625,468112
2024-10-29,3985.7265625,4061.8603515625,3915.28662109375,4054.757568359375,428213
2024-10-30,4060.275390625,4116.509765625,4003.923583984375,4067.935791015625,333351
2024-10-31,4056.16650390625,4113.7802734375,4056.16650390625,4095.08447265625,290668
2024-11-01,4095.11376953125,4114.25,4036.413818359375,4079.1181640625,30219
2024-11-04,4113.046875,4113.046875,3981.73486328125,4081.994384765625,485353
2024-11-05,4079.67578125,4107.822265625,4003.483154296875,4084.136962890625,447964
2024-11-06,4108.4091796875,4173.56640625,4072.98388671875,4138.69873046875,429473
2024-11-07,4179.4365234375,4197.60400390625,4083.19775390625,4152.111328125,344857
2024-11-08,4160.65234375,4242.47998046875,4114.57275390625,4211.33984375,549978
2024-11-11,4205.880859375,4214.65625,4128.95458984375,4136.02783203125,369477
2024-11-12,4144.18701171875,4166.37548828125,3978.095458984375,3991.273681640625,380642
2024-11-13,3991.332275390625,4006.271484375,3900.640869140625,3935.5673828125,365720
2024-11-14,3935.24462890625,3972.724365234375,3866.12548828125,3954.527587890625,433749
2024-11-18,4006.271484375,4012.933837890625,3881.29931640625,3897.7939453125,240947
2024-11-19,3922.91748046875,3984.43505859375,3891.54248046875,3900.9931640625,377552
2024-11-21,3900.905029296875,3939.940673828125,3845.69775390625,3898.645263671875,368778
2024-11-22,3912.02880859375,4094.321533203125,3902.95947265625,4020.59423828125,595041
2024-11-25,4098.4306640625,4341.888671875,4092.208251953125,4313.56591796875,2501112
2024-11-26,4343.208984375,4349.75439453125,4243.97705078125,4251.34375,459152
2024-11-27,4401.9091796875,4474.66796875,4328.5634765625,4365.39794921875,2317671
2024-11-28,4393.63232421875,4460.2275390625,4342.21142578125,4355.5361328125,1252452
2024-11-29,4367.86328125,4480.56689453125,4358.50048828125,4438.21484375,984620
2024-12-02,4446.52099609375,4489.3720703125,4393.720703125,4439.5947265625,705697
2024-12-03,4472.93603515625,4548.6591796875,4456.23583984375,4538.09326171875,791356
2024-12-04,4566.85595703125,4664.64990234375,4533.162109375,4548.7763671875,946992
2024-12-05,4578.59619140625,4607.94580078125,4534.57080078125,4574.1640625,494198
2024-12-06,4578.59619140625,4636.1220703125,4550.478515625,4571.3173828125,401598
2024-12-09,4571.3173828125,4659.22021484375,4541.615234375,4603.279296875,515642
2024-12-10,4613.81591796875,4637.2958984375,4570.49560546875,4631.66064453125,436346
2024-12-11,4631.66064453125,4650.2099609375,4602.076171875,4620.27294921875,293787
2024-12-12,4624.3525390625,4672.51611328125,4596.2060546875,4646.83447265625,328359
2024-12-13,4646.10107421875,4666.55810546875,4573.87060546875,4628.40283203125,226593
2024-12-16,4640.3779296875,4717.0986328125,4628.25634765625,4677.76953125,416262
2024-12-17,4666.939453125,4694.5869140625,4563.9208984375,4573.107421875,420090
2024-12-18,4593.24169921875,4627.6689453125,4478.80615234375,4500.52490234375,405462
2024-12-19,4431.84619140625,4501.40576171875,4396.6552734375,4480.068359375,304535
2024-12-20,4522.8310546875,4527.732421875,4004.39306640625,4032.040771484375,2836225
2024-12-23,4026.845947265625,4056.049072265625,3899.14404296875,4003.77685546875,1516757
2024-12-24,3997.466552734375,4003.189697265625,3862.486083984375,3906.4228515625,1368181
2024-12-26,3909.41650390625,3956.37646484375,3898.8798828125,3936.154296875,489065
2024-12-27,3932.926025390625,3971.051513671875,3828.557373046875,3842.49853515625,456623
2024-12-30,3862.45654296875,3930.548583984375,3751.073486328125,3776.52001953125,2050470
2024-12-31,3796.624755859375,3878.452392578125,3773.84912109375,3836.657958984375,742898
2025-01-01,3844.8466796875,3905.60107421875,3817.169677734375,3894.82958984375,396985
2025-01-02,3932.3095703125,3941.642822265625,3853.651611328125,3932.01611328125,667361
2025-01-03,3944.636474609375,3956.37646484375,3872.053955078125,3879.890625,504796
2025-01-06,3891.102294921875,3893.831787109375,3771.76513671875,3799.76513671875,489305
2025-01-07,3811.15283203125,3843.144287109375,3771.5009765625,3805.018798828125,528092
2025-01-08,3800.263916015625,3811.827880859375,3659.70703125,3696.13037109375,915457
2025-01-09,3696.511962890625,3766.130126953125,3643.82861328125,3663.052978515625,581738
2025-01-10,3656.947998046875,3671.447021484375,3561.325927734375,3583.514404296875,644503
2025-01-13,3568.399169921875,3568.634033203125,3392.85693359375,3406.5341796875,562484
2025-01-14,3413.989013671875,3463.23828125,3386.31201171875,3441.842041015625,577767
2025-01-15,3460.362060546875,3473.099853515625,3402.8359375,3409.58642578125,506588
2025-01-16,3447.712158203125,3547.648681640625,3443.368408203125,3527.896240234375,585101
2025-01-17,3527.866943359375,3645.266845703125,3488.5673828125,3629.564697265625,612114
2025-01-20,3633.52685546875,3648.935546875,3588.327880859375,3602.093017578125,152373
2025-01-21,3604.763916015625,3615.916748046875,3470.722412109375,3477.150146484375,352632
2025-01-22,3498.458251953125,3510.1689453125,3392.85693359375,3437.733154296875,403985
2025-01-23,3451.527587890625,3600.06787109375,3450.8818359375,3561.824951171875,409453
2025-01-24,3551.346923828125,3561.325927734375,3424.67236328125,3451.380859375,421077
2025-01-27,3439.81689453125,3439.81689453125,3334.156982421875,3397.17138671875,333867
2025-01-28,3482.638671875,3501.745361328125,3287.197021484375,3336.71044921875,594390
2025-01-29,3340.027099609375,3431.011962890625,3321.2431640625,3419.0078125,285380
2025-01-30,3428.6640625,3488.508544921875,3400.34130859375,3448.475341796875,502913
2025-01-31,3475.036865234375,3580.69677734375,3447.741455078125,3565.05322265625,698148
2025-02-01,3597.1328125,3607.69873046875,3316.547119140625,3374.2197265625,866946
2025-02-03,3376.421142578125,3386.987060546875,3042.036865234375,3067.6005859375,2949638
2025-02-04,3108.162353515625,3190.34228515625,3080.4853515625,3181.860107421875,1902872
2025-02-05,3205.868408203125,3308.3291015625,3191.7216796875,3275.750732421875,938038
2025-02-06,3310.677001953125,3350.4169921875,3276.631103515625,3311.26416015625,698995
2025-02-07,3338.85302734375,3345.89697265625,3197.97314453125,3231.7255859375,674714
2025-02-10,3231.46142578125,3256.966552734375,3130.49755859375,3140.007080078125,576213
2025-02-11,3146.3466796875,3158.05712890625,3020.552734375,3055.244384765625,854281
2025-02-12,3052.397216796875,3108.103515625,2939.1064453125,3051.8984375,1379042
2025-02-13,2993.697265625,3109.512451171875,2946.1796875,2996.779052734375,1841280
2025-02-14,2999.5673828125,3027.567138671875,2903.680908203125,2929.62646484375,561232
2025-02-17,2903.857177734375,2924.28466796875,2811.228515625,2852.406494140625,1358038
2025-02-18,2881.433837890625,2898.808837890625,2789.80322265625,2843.219970703125,875987
2025-02-19,2823.467529296875,2927.953369140625,2801.572509765625,2908.523681640625,1130801
2025-02-20,2904.473388671875,2957.21533203125,2872.2470703125,2950.20068359375,749470
2025-02-21,2940.867431640625,2969.89453125,2850.5283203125,2888.829833984375,779092
2025-02-24,2874.477783203125,2874.536376953125,2800.8974609375,2860.389892578125,957130
2025-02-25,2868.07958984375,2895.43359375,2824.93505859375,2839.7568359375,490647
2025-02-27,2841.576416015625,2857.36669921875,2734.625244140625,2751.06103515625,641615
2025-02-28,2729.547607421875,2764.767578125,2689.044677734375,2713.9921875,919544
2025-03-03,2717.7783203125,2853.404541015625,2680.23974609375,2839.140380859375,810733
2025-03-04,2782.113525390625,2916.91796875,2782.113525390625,2895.022705078125,992217
2025-03-05,2895.022705078125,3012.451904296875,2895.022705078125,2985.332763671875,1248047
2025-03-06,3020.1123046875,3092.4599609375,2985.362060546875,3029.093505859375,1446016
2025-03-07,3029.50439453125,3036.988525390625,2961.7646484375,2997.278076171875,1000990
2025-03-10,2997.278076171875,3018.52734375,2905.6474609375,2920.058349609375,566630
2025-03-11,2876.297607421875,2925.86962890625,2848.12158203125,2900.980712890625,889506
2025-03-12,2928.775146484375,2940.339111328125,2823.790283203125,2879.6728515625,416828
2025-03-13,2905.060546875,2986.242431640625,2871.36669921875,2892.6748046875,696251
2025-03-17,2920.322509765625,2931.76904296875,2869.576416015625,2897.693603515625,435109
2025-03-18,2897.693603515625,2897.693603515625,2897.693603515625,2897.693603515625,0
2025-03-19,3010.13330078125,3083.068115234375,2989.55908203125,3066.77880859375,855208
2025-03-20,3087.6171875,3092.782958984375,3000.154296875,3048.93408203125,548075
2025-03-21,3052.925537109375,3116.96728515625,3037.66357421875,3052.77880859375,1256241
2025-03-24,3090.55224609375,3137.306884765625,3055.332275390625,3066.015625,600664
2025-03-25,3081.747314453125,3102.1162109375,2998.393310546875,3004.9091796875,399335
2025-03-26,3111.09716796875,3240.237060546875,3052.984375,3180.510009765625,4736380
2025-03-27,3181.537109375,3193.277099609375,3111.09716796875,3119.4033203125,1078586
2025-03-28,3135.751220703125,3138.686279296875,3041.94873046875,3096.627685546875,1201834
2025-04-01,3075.877197265625,3143.38232421875,3052.397216796875,3069.97802734375,562131
2025-04-02,3070.00732421875,3111.684326171875,3018.351318359375,3101.0302734375,634342
2025-04-03,3052.984375,3125.185302734375,3052.984375,3080.896240234375,677222
2025-04-04,3103.73046875,3103.73046875,2847.56396484375,2892.821533203125,1869669
2025-04-07,2450.0,3087.0,2450.0,2812.449951171875,2716014
2025-04-08,2938.35009765625,3031.0,2750.0,2763.449951171875,2603929
2025-04-09,2789.0,2791.949951171875,2667.800048828125,2715.85009765625,866126
2025-04-11,2813.0,2813.0,2710.050048828125,2727.800048828125,784039
2025-04-15,2798.0,2850.0,2741.5,2839.5,872503
2025-04-16,2860.0,2904.5,2799.0,2811.5,865906
2025-04-17,2813.5,2850.0,2770.0,2810.0,537062
2025-04-21,2846.0,2847.0,2744.0,2827.0,653092
2025-04-22,2840.5,2879.5,2813.0,2856.5,576915
2025-04-23,2875.0,2915.0,2841.5,2872.0,607062
2025-04-24,2885.0,2923.5,2870.0,2903.5,453763
2025-04-25,2905.0,2918.5,2767.0,2833.5,776070
2025-04-28,2833.5,2926.5,2833.0,2916.5,460919
2025-04-29,2931.5,2988.0,2904.0,2930.0,674757
2025-04-30,2939.0,2945.5,2857.0,2901.5,512358
2025-05-02,2901.5,2950.0,2895.800048828125,2912.5,367358
2025-05-05,2938.0,2965.0,2899.800048828125,2951.699951171875,237370
2025-05-06,2951.699951171875,2972.39990234375,2916.800048828125,2941.10009765625,269762
2025-05-07,2882.300048828125,3009.60009765625,2882.10009765625,2967.199951171875,415422
2025-05-08,2974.60009765625,2975.0,2820.0,2838.60009765625,898180
2025-05-09,2795.0,2875.0,2788.300048828125,2857.199951171875,539592
2025-05-12,2929.0,2953.60009765625,2865.89990234375,2895.89990234375,506851
2025-05-13,2914.0,2947.300048828125,2903.0,2916.699951171875,784313
2025-05-14,2918.0,3039.89990234375,2918.0,3006.800048828125,1814823
2025-05-15,3010.0,3028.0,2972.0,3009.5,501027
2025-05-16,3028.0,3114.89990234375,2996.0,3069.5,809043
2025-05-19,3080.0,3150.800048828125,3025.800048828125,3104.39990234375,596943
2025-05-20,3140.0,3207.800048828125,3054.39990234375,3127.699951171875,1314196
2025-05-21,3189.0,3305.0,3128.60009765625,3290.800048828125,1482098
2025-05-22,3306.60009765625,3348.0,3227.39990234375,3304.60009765625,1026833
2025-05-23,3310.699951171875,3335.0,3251.10009765625,3277.300048828125,650091
2025-05-26,3290.0,3308.89990234375,3240.0,3248.699951171875,585314
2025-05-27,3306.800048828125,3306.800048828125,3256.199951171875,3299.10009765625,663341
2025-05-28,3325.0,3347.699951171875,3300.300048828125,3337.60009765625,570286
2025-05-29,3357.699951171875,3376.0,3326.60009765625,3349.199951171875,515527
2025-05-30,3360.0,3370.0,3252.0,3265.60009765625,756152
2025-06-02,3270.0,3313.89990234375,3258.10009765625,3292.0,349448
2025-06-03,3306.0,3364.800048828125,3302.10009765625,3314.0,390549
2025-06-04,3320.300048828125,3336.5,3275.10009765625,3309.300048828125,259833
2025-06-05,3315.0,3336.300048828125,3276.60009765625,3280.5,185492
2025-06-06,3300.0,3348.0,3283.0,3297.5,333166
2025-06-09,3320.0,3405.0,3306.60009765625,3383.300048828125,618824
2025-06-10,3400.0,3409.0,3362.699951171875,3371.699951171875,348784
2025-06-11,3381.0,3398.0,3338.199951171875,3349.89990234375,412042
2025-06-12,3350.0,3357.89990234375,3258.0,3267.5,348509
2025-06-13,3195.10009765625,3271.300048828125,3169.89990234375,3260.0,347257
2025-06-16,3248.0,3313.0,3243.800048828125,3271.5,362584
2025-06-17,3278.0,3373.300048828125,3276.5,3321.60009765625,834726
2025-06-18,3344.89990234375,3370.0,3300.199951171875,3355.800048828125,382866
2025-06-19,3349.89990234375,3385.0,3260.300048828125,3284.800048828125,547608
2025-06-20,3274.800048828125,3297.39990234375,3195.10009765625,3214.199951171875,1000560
2025-06-23,3200.0,3200.0,3082.0,3091.60009765625,1299174
2025-06-24,3109.0,3230.0,3109.0,3159.800048828125,1187970
2025-06-25,3187.0,3190.0,3101.10009765625,3149.10009765625,845690
2025-06-26,3158.0,3175.0,3121.5,3164.89990234375,501325
2025-06-27,3184.0,3271.89990234375,3165.0,3178.39990234375,2052948
2025-06-30,3204.800048828125,3298.699951171875,3196.199951171875,3251.5,880507
2025-07-01,3272.0,3378.800048828125,3260.0,3323.10009765625,1445646
2025-07-02,3339.0,3365.0,3267.0,3287.699951171875,592322
2025-07-03,3290.0,3326.89990234375,3285.0,3311.699951171875,496857
2025-07-04,3320.0,3320.0,3237.0,3292.39990234375,504152
2025-07-07,3290.0,3307.5,3250.0,3278.199951171875,439627
2025-07-08,3295.0,3354.89990234375,3275.300048828125,3296.800048828125,549860
2025-07-09,3292.39990234375,3303.0,3213.0,3218.300048828125,458107
2025-07-10,3227.0,3228.0,3167.0,3191.60009765625,354856
2025-07-11,3178.0,3190.300048828125,3105.10009765625,3117.699951171875,370986
2025-07-14,3139.0,3164.0,3065.0,3152.60009765625,588779
2025-07-15,3148.10009765625,3161.699951171875,3113.5,3146.800048828125,361397
2025-07-16,3123.0,3140.0,3080.0,3089.300048828125,624769
2025-07-17,3081.10009765625,3134.60009765625,3038.5,3110.300048828125,991736
2025-07-18,3110.300048828125,3150.0,3105.0,3128.39990234375,462228
2025-07-21,3125.0,3159.800048828125,3098.0,3154.800048828125,257721
2025-07-22,3160.0,3163.800048828125,3120.89990234375,3141.800048828125,348800
2025-07-23,3145.0,3162.0,3111.800048828125,3143.10009765625,205688
2025-07-24,3143.0,3143.0,3101.10009765625,3129.0,295195
2025-07-25,3129.0,3130.0,3030.199951171875,3038.199951171875,246680
2025-07-28,3040.0,3077.0,3016.5,3061.60009765625,398906
2025-07-29,3053.5,3088.699951171875,3034.60009765625,3068.0,255592
2025-07-30,3068.0,3079.5,3020.0,3071.39990234375,310945
2025-07-31,3010.0,3059.300048828125,3005.0,3033.39990234375,299015
2025-08-01,3050.0,3050.0,2998.0,3023.60009765625,281885
2025-08-04,3000.0,3009.0,2928.5,2993.60009765625,478003
2025-08-05,3029.89990234375,3090.10009765625,3006.199951171875,3081.0,772626
2025-08-06,3100.0,3114.0,3057.0,3083.89990234375,392854
2025-08-07,3079.0,3128.5,3051.0,3117.0,457545
2025-08-08,3147.0,3147.0,3023.0,3031.800048828125,263161
2025-08-11,3020.0,3138.699951171875,2925.0,3114.800048828125,1102245
2025-08-12,3114.800048828125,3200.0,3085.10009765625,3135.10009765625,697711
2025-08-13,3136.89990234375,3192.0,3102.199951171875,3150.699951171875,305836
2025-08-14,3150.699951171875,3188.89990234375,3118.199951171875,3169.0,330958
2025-08-18,3213.89990234375,3213.89990234375,3110.199951171875,3118.0,276357
2025-08-19,3125.0,3153.39990234375,3120.10009765625,3133.199951171875,189758
2025-08-20,3135.0,3164.800048828125,3120.199951171875,3155.10009765625,259839
2025-08-21,3174.0,3235.0,3150.0,3197.199951171875,708572
2025-08-22,3210.0,3234.300048828125,3158.0,3173.199951171875,290166
2025-08-25,3185.0,3210.0,3147.800048828125,3164.60009765625,335061
2025-08-26,3154.60009765625,3159.39990234375,3039.0,3048.0,829921
2025-08-28,3057.699951171875,3078.0,3017.89990234375,3043.199951171875,527913
2025-08-29,3043.10009765625,3094.0,3017.5,3063.699951171875,430652
2025-09-01,3078.800048828125,3151.300048828125,3064.0,3138.89990234375,231094
2025-09-02,3139.0,3198.0,3120.0,3190.300048828125,326742
2025-09-03,3190.0,3224.89990234375,3180.0,3211.89990234375,240535
2025-09-04,3225.0,3230.699951171875,3150.0,3154.39990234375,191346
2025-09-05,3168.699951171875,3182.800048828125,3085.0,3089.10009765625,316358
2025-09-08,3110.0,3140.89990234375,3090.10009765625,3121.60009765625,221407
2025-09-09,3131.39990234375,3200.0,3095.199951171875,3190.10009765625,307706
2025-09-10,3192.10009765625,3219.10009765625,3131.39990234375,3142.699951171875,655563
2025-09-11,3147.0,3210.0,3147.0,3185.300048828125,448621
2025-09-12,3202.0,3212.0,3181.5,3202.0,172093
2025-09-15,3200.0,3325.0,3190.10009765625,3293.699951171875,1094939
2025-09-16,3303.10009765625,3334.10009765625,3285.0,3313.800048828125,441922
2025-09-17,3316.0,3368.0,3306.60009765625,3322.699951171875,569372
2025-09-18,3322.60009765625,3350.10009765625,3288.10009765625,3317.800048828125,459746
2025-09-19,3337.89990234375,3346.800048828125,3308.5,3325.89990234375,431619
2025-09-22,3335.0,3335.0,3235.800048828125,3243.5,292028
2025-09-23,3243.5,3272.89990234375,3225.5,3240.39990234375,204819
2025-09-24,3240.0,3244.39990234375,3193.89990234375,3201.0,257405
2025-09-25,3199.89990234375,3222.0,3145.39990234375,3156.300048828125,180638
2025-09-26,3156.0,3156.0,3075.0,3096.300048828125,246575
2025-09-29,3115.0,3147.0,3092.39990234375,3105.199951171875,615998
2025-09-30,3105.199951171875,3137.699951171875,3098.0,3129.199951171875,315843
2025-10-01,3135.0,3158.39990234375,3094.10009765625,3121.5,195465
2025-10-03,3121.5,3174.800048828125,3107.300048828125,3164.10009765625,223614
2025-10-06,3182.0,3276.89990234375,3156.800048828125,3251.699951171875,597115
2025-10-07,3250.0,3262.199951171875,3208.0,3250.800048828125,221931
2025-10-08,3250.0,3270.0,3202.89990234375,3216.800048828125,204414
2025-10-09,3205.199951171875,3225.0,3170.0,3178.39990234375,129907
2025-10-10,3178.0,3201.800048828125,3140.0,3147.39990234375,234596
2025-10-13,3147.300048828125,3147.39990234375,3022.699951171875,3077.5,622559
2025-10-14,3080.0,3119.89990234375,3063.5,3107.300048828125,364449
2025-10-15,3111.0,3145.0,3097.0,3118.60009765625,208170
2025-10-16,3118.0,3150.0,3103.800048828125,3119.0,415106
2025-10-17,3115.0,3142.39990234375,3101.5,3121.199951171875,221425
2025-10-20,3124.89990234375,3144.10009765625,3093.0,3096.800048828125,91651
2025-10-21,3124.0,3124.0,3099.0,3102.89990234375,37003
2025-10-23,3135.0,3174.300048828125,3110.0,3149.89990234375,381414
2025-10-24,3150.0,3175.0,3121.0,3152.199951171875,202470
2025-10-27,3161.0,3177.300048828125,3141.300048828125,3159.89990234375,123806
2025-10-28,3169.0,3169.0,3078.199951171875,3109.699951171875,266222
2025-10-29,3122.0,3165.39990234375,3111.0,3148.699951171875,197714
2025-10-30,3164.0,3164.5,3115.89990234375,3126.800048828125,122934
2025-10-31,3131.0,3153.10009765625,3093.10009765625,3096.300048828125,128829
2025-11-03,3099.89990234375,3143.800048828125,3095.0,3127.5,132017
2025-11-04,3135.0,3135.0,3092.0,3119.60009765625,131676
2025-11-06,3109.89990234375,3127.39990234375,3071.5,3083.5,297842
2025-11-07,3085.0,3085.10009765625,3005.0,3033.39990234375,304289
2025-11-10,3033.39990234375,3088.0,3003.10009765625,3054.39990234375,465289
2025-11-11,3064.0,3069.89990234375,3007.10009765625,3022.0,214908
2025-11-12,3050.0,3068.39990234375,3017.699951171875,3056.60009765625,284010
2025-11-13,3065.0,3124.699951171875,3056.5,3066.10009765625,324328
2025-11-14,3070.0,3105.0,3037.699951171875,3084.199951171875,284674
2025-11-17,3093.39990234375,3242.0,3093.39990234375,3232.60009765625,1556685
2025-11-18,3244.800048828125,3269.89990234375,3201.300048828125,3249.5,596935
2025-11-19,3222.0,3246.0,3186.10009765625,3211.5,336775
2025-11-20,3220.0,3243.800048828125,3205.699951171875,3216.300048828125,344112
2025-11-21,3205.0,3214.89990234375,3146.0,3173.5,424858
2025-11-24,3174.89990234375,3184.5,3147.0,3163.89990234375,597847
2025-11-25,3198.199951171875,3202.89990234375,3154.0,3181.10009765625,397365
2025-11-26,3195.0,3332.60009765625,3184.800048828125,3318.800048828125,1149408
2025-11-27,3310.0,3316.60009765625,3266.199951171875,3312.10009765625,269573
2025-11-28,3309.0,3311.89990234375,3285.0,3297.0,186409
2025-12-01,3324.89990234375,3324.89990234375,3274.39990234375,3310.199951171875,194610
2025-12-02,3310.199951171875,3384.0,3301.10009765625,3361.0,744346
2025-12-03,3372.10009765625,3374.60009765625,3308.800048828125,3329.89990234375,368000
2025-12-04,3332.89990234375,3375.0,3313.0,3362.5,268367
2025-12-05,3362.5,3374.0,3280.60009765625,3325.89990234375,287226
2025-12-08,3325.89990234375,3325.89990234375,3192.5,3204.199951171875,308854
2025-12-09,3200.0,3210.0,3125.0,3142.800048828125,387788
2025-12-10,3150.0,3183.300048828125,3105.199951171875,3179.89990234375,358536
2025-12-11,3180.699951171875,3205.39990234375,3155.699951171875,3196.5,223515
2025-12-12,3207.89990234375,3208.699951171875,2992.800048828125,3144.60009765625,1390227
2025-12-15,3142.10009765625,3188.5,3100.10009765625,3157.800048828125,810524
2025-12-16,3157.800048828125,3175.0,3130.699951171875,3161.39990234375,255211
2025-12-17,3171.0,3180.0,3130.800048828125,3140.10009765625,282648
2025-12-18,3132.0,3132.0,3051.89990234375,3074.0,489930
2025-12-19,3067.0,3122.0,3065.0,3111.60009765625,488781
2025-12-22,3120.0,3151.0,3110.0,3140.0,355883
2025-12-23,3141.39990234375,3141.39990234375,3107.5,3134.199951171875,219121
2025-12-24,3134.199951171875,3147.0,3090.0,3098.0,255036
2025-12-26,3098.0,3123.0,3088.39990234375,3100.89990234375,229163
2025-12-29,3100.89990234375,3108.300048828125,3050.0,3054.300048828125,157194
2025-12-30,3056.10009765625,3063.5,2993.39990234375,3029.5,406282
2025-12-31,3045.0,3080.0,3031.60009765625,3063.300048828125,114705
2026-01-01,3072.0,3095.699951171875,3050.199951171875,3091.300048828125,68164
2026-01-02,3094.800048828125,3117.199951171875,3058.39990234375,3097.699951171875,283939
2026-01-05,3097.699951171875,3123.0,3072.60009765625,3086.60009765625,155847
2026-01-06,3089.0,3132.0,3058.39990234375,3128.10009765625,374745
2026-01-07,3120.0,3138.39990234375,3090.0,3133.60009765625,190568
2026-01-08,3130.0,3152.5,2990.800048828125,3009.5,581946
2026-01-09,3013.0,3108.0,2985.0,3043.800048828125,587723
2026-01-12,3035.0,3035.0,2925.0,2980.800048828125,423168
2026-01-13,3014.0,3015.10009765625,2930.39990234375,2947.699951171875,561556
2026-01-14,2950.0,2986.0,2930.5,2970.800048828125,148958
2026-01-16,2971.0,2974.800048828125,2903.0,2919.199951171875,280317
2026-01-19,2919.89990234375,2975.89990234375,2910.10009765625,2952.60009765625,219839
2026-01-20,2942.0,2950.0,2837.60009765625,2848.60009765625,203479
2026-01-21,2848.199951171875,2895.89990234375,2826.0,2884.5,291591
2026-01-22,2901.0,2934.39990234375,2872.699951171875,2928.199951171875,239704
2026-01-23,2928.0,2942.60009765625,2890.0,2900.39990234375,281797
2026-01-27,2918.0,2926.5,2852.0,2894.0,227790
2026-01-28,2891.0,2989.0,2887.0,2980.800048828125,249534
2026-01-29,2980.0,3118.89990234375,2960.800048828125,3096.300048828125,487145
2026-01-30,3092.60009765625,3115.0,3052.300048828125,3101.300048828125,242521
2026-02-02,2984.89990234375,3098.0,2972.60009765625,3089.89990234375,211371
2026-02-03,3160.0,3249.0,3159.89990234375,3211.699951171875,555228
2026-02-04,3246.0,3321.0,3190.0,3290.5,466540
2026-02-05,3305.0,3324.60009765625,3250.10009765625,3300.0,205714
2026-02-06,3288.0,3324.39990234375,3132.0,3176.199951171875,851068
2026-02-09,3115.10009765625,3138.800048828125,3036.699951171875,3109.0,643425
2026-02-10,3126.0,3140.199951171875,3094.0,3111.5,223168
2026-02-11,3119.89990234375,3158.0,3105.10009765625,3151.60009765625,191571
2026-02-12,3160.0,3165.800048828125,3114.699951171875,3148.5,410311
2026-02-13,3131.0,3184.5,3083.10009765625,3116.5,411114
2026-02-16,3116.5,3226.0,3083.10009765625,3215.60009765625,293293
2026-02-17,3212.0,3262.0,3162.60009765625,3186.39990234375,274307
2026-02-18,3198.89990234375,3214.699951171875,3170.5,3187.89990234375,159481
2026-02-19,3187.89990234375,3218.89990234375,3098.199951171875,3107.10009765625,176679
2026-02-20,3111.89990234375,3307.0,3105.0,3206.199951171875,1339800
2026-02-23,3210.10009765625,3317.0,3201.0,3302.199951171875,756804
2026-02-24,3305.0,3391.89990234375,3274.199951171875,3365.60009765625,532121
2026-02-25,3376.89990234375,3396.0,3304.0,3350.800048828125,386158
2026-02-26,3365.0,3373.800048828125,3328.39990234375,3336.89990234375,153440
2026-02-27,3336.0,3440.0,3271.800048828125,3418.60009765625,857596
2026-03-02,3396.199951171875,3396.300048828125,3295.199951171875,3341.60009765625,598519
2026-03-04,3285.0,3285.0,3141.699951171875,3161.0,424094
2026-03-05,3172.0,3236.0,3170.10009765625,3215.699951171875,277723
2026-03-06,3215.10009765625,3318.89990234375,3177.5,3268.89990234375,384941
2026-03-09,3180.0,3246.800048828125,3130.0,3228.89990234375,292747
2026-03-10,3265.0,3333.0,3246.39990234375,3274.89990234375,359689
2026-03-11,3296.0,3348.39990234375,3262.60009765625,3272.199951171875,293668
2026-03-12,3249.5,3349.60009765625,3219.60009765625,3324.699951171875,361947
2026-03-13,3324.0,3361.89990234375,3195.89990234375,3207.60009765625,312590
2026-03-16,3220.0,3233.10009765625,3101.0,3149.60009765625,681618
2026-03-17,3153.39990234375,3183.300048828125,3121.0,3173.5,269351
2026-03-18,3180.0,3231.60009765625,3144.0,3220.89990234375,203255
2026-03-19,3175.0,3175.0,3066.0,3079.0,410905
2026-03-20,3121.10009765625,3199.0,3089.89990234375,3129.60009765625,336513
2026-03-23,3110.0,3110.0,2937.0,2988.300048828125,524215
2026-03-24,3069.89990234375,3070.0,2980.0,3001.800048828125,563273
2026-03-25,3015.0,3127.0,3015.0,3101.300048828125,366090
2026-03-27,3096.0,3105.0,3010.0,3048.89990234375,499098
2026-03-30,2997.60009765625,3020.300048828125,2923.10009765625,2935.0,480280
2026-04-01,3010.0,3072.300048828125,2985.699951171875,3017.0,276980
2026-04-02,2970.0,3045.0,2906.0,3026.60009765625,265901
2026-04-06,3041.39990234375,3065.89990234375,2965.10009765625,3048.0,372908
2026-04-07,3053.39990234375,3084.0,2992.800048828125,3075.5,184684
2026-04-08,3180.0,3245.60009765625,3147.0,3226.10009765625,398432
2026-04-09,3230.89990234375,3255.0,3181.0,3222.5,279120
2026-04-10,3234.39990234375,3402.39990234375,3232.0,3388.5,625209
2026-04-13,3340.0,3375.5,3275.5,3343.5,329882
2026-04-15,3400.0,3590.0,3365.60009765625,3576.10009765625,2134727
2026-04-16,3600.0,3619.300048828125,3532.800048828125,3563.800048828125,1020682
2026-04-17,3589.0,3718.89990234375,3565.0,3707.89990234375,1034058
2026-04-20,3702.0,3778.5,3659.5,3709.0,659226
2026-04-21,3726.0,3787.0,3701.0,3721.699951171875,371076
2026-04-22,3709.0,3885.0,3706.60009765625,3844.300048828125,882278
2026-04-23,3849.0,3901.0,3811.5,3864.39990234375,663008
2026-04-24,3882.0,3893.60009765625,3767.89990234375,3808.89990234375,315661
2026-04-27,3830.5,3881.0,3797.0,3856.0,309453
2026-04-28,3856.0,3892.0,3805.5,3827.300048828125,267852
2026-04-29,3850.0,3870.0,3765.60009765625,3776.800048828125,204618
2026-04-30,3790.0,3847.60009765625,3734.5,3808.199951171875,474246
2026-05-01,3808.199951171875,3808.199951171875,3808.199951171875,3808.199951171875,0
2026-05-04,3850.0,3930.0,3820.0,3834.10009765625,813487
2026-05-05,3851.199951171875,3866.5,3809.5,3846.60009765625,253569
2026-05-06,3880.0,3885.0,3783.0,3841.800048828125,330665
2026-05-07,3860.0,3895.5,3792.89990234375,3871.5,315030
2026-05-08,3871.60009765625,3906.89990234375,3786.0,3822.60009765625,366353
2026-05-11,3720.0,3720.0,3552.89990234375,3605.60009765625,996964
2026-05-12,3605.0,3644.800048828125,3555.800048828125,3574.39990234375,385531
2026-05-13,3574.39990234375,3628.5,3518.199951171875,3532.199951171875,396807
2026-05-14,3574.0,3712.0,3469.0,3693.800048828125,788580
2026-05-15,3724.5,3724.5,3575.0,3587.89990234375,284206
2026-05-18,3572.0,3572.0,3454.5,3535.10009765625,305148
2026-05-19,3540.0,3593.89990234375,3518.800048828125,3550.89990234375,213583
2026-05-20,3524.0,3705.0,3493.10009765625,3696.39990234375,507079
2026-05-21,3739.0,3780.0,3710.800048828125,3720.60009765625,346583
2026-05-22,3720.60009765625,3834.0,3714.0,3811.699951171875,534453
2026-05-25,3836.39990234375,3878.5,3658.0,3667.5,471211
2026-05-26,3685.800048828125,3697.89990234375,3620.0,3677.199951171875,713402
2026-05-27,3569.699951171875,3909.89990234375,3543.300048828125,3878.699951171875,1738785
2026-05-28,3878.699951171875,3878.699951171875,3878.699951171875,3878.699951171875,0
2026-05-29,3859.699951171875,3937.300048828125,3744.60009765625,3844.0,2024437
2026-06-01,3850.0,3856.699951171875,3681.699951171875,3711.300048828125,526590
2026-06-02,3712.699951171875,3756.89990234375,3639.60009765625,3729.699951171875,628712
2026-06-03,3728.10009765625,3755.0,3665.0,3709.60009765625,464320
2026-06-04,3719.0,3765.0,3679.10009765625,3686.89990234375,341821
2026-06-05,3695.0,3724.89990234375,3647.10009765625,3700.800048828125,343897
2026-06-08,3620.0,3675.0,3568.10009765625,3624.0,449233
2026-06-09,3623.89990234375,3630.0,3573.10009765625,3619.800048828125,323100
2026-06-10,3634.0,3635.699951171875,3555.10009765625,3582.699951171875,600841
2026-06-11,3555.800048828125,3586.0,3501.0,3522.0,249193
2026-06-12,3590.0,3599.699951171875,3518.0,3569.60009765625,223315
2026-06-15,3630.0,3650.0,3582.699951171875,3601.800048828125,367596
2026-06-16,3611.0,3669.0,3604.39990234375,3636.89990234375,325257
2026-06-17,3661.0,3737.800048828125,3626.0,3725.39990234375,401570
2026-06-18,3735.0,3755.0,3686.39990234375,3746.199951171875,342772
2026-06-19,3744.5,3776.10009765625,3710.5,3759.60009765625,339876
2026-06-22,3779.0,3785.0,3726.0,3767.800048828125,285178
2026-06-23,3770.0,3807.699951171875,3654.0,3685.89990234375,303345
2026-06-24,3688.0,3710.39990234375,3550.10009765625,3561.5,326149
2026-06-25,3581.300048828125,3665.0,3571.60009765625,3627.89990234375,504071
2026-06-26,3627.89990234375,3627.89990234375,3627.89990234375,3627.89990234375,0
2026-06-29,3650.0,3668.39990234375,3561.10009765625,3573.10009765625,402739
2026-06-30,3600.39990234375,3616.300048828125,3576.699951171875,3599.89990234375,301665
2026-07-01,3606.10009765625,3630.0,3550.0,3560.699951171875,313455
2026-07-02,3578.5,3616.5,3519.0,3580.39990234375,241163
2026-07-03,3590.0,3599.199951171875,3497.5,3536.300048828125,433734
2026-07-06,3553.89990234375,3583.60009765625,3515.10009765625,3571.60009765625,427908
2026-07-07,3574.0,3584.89990234375,3450.0,3495.0,379280
2026-07-08,3479.10009765625,3502.0,3398.10009765625,3446.10009765625,358879
2026-07-09,3429.0,3484.60009765625,3426.0,3476.39990234375,283931
2026-07-10,3490.699951171875,3542.0,3486.0,3496.5,231262
2026-07-13,3479.300048828125,3498.0,3440.5,3477.800048828125,231661
2026-07-14,3450.0,3525.0,3437.0,3510.300048828125,224121
2026-07-15,3531.0,3608.0,3527.800048828125,3571.800048828125,315307
2026-07-16,3599.0,3855.0,3558.699951171875,3657.60009765625,1382371
2026-07-17,3657.60009765625,3690.199951171875,3614.800048828125,3658.800048828125,339615
2026-07-20,3651.0,3700.0,3617.0,3678.39990234375,157367
2026-07-21,3678.39990234375,3709.300048828125,3631.60009765625,3667.800048828125,244297
2026-07-22,3685.0,3700.0,3632.0,3649.39990234375,226832
2026-07-23,3640.0,3709.0,3617.39990234375,3686.300048828125,301522
2026-07-24,3631.199951171875,3711.60009765625,3622.60009765625,3689.800048828125,232607
2026-07-27,3721.0,3745.0,3690.0,3718.0,273869
2026-07-28,3700.0,3712.89990234375,3620.0,3681.0,337464
2026-07-29,3660.0,3681.10009765625,3576.10009765625,3650.800048828125,234026
2026-07-30,3650.800048828125,3665.0,3582.60009765625,3658.800048828125,214869
2026-07-31,3662.10009765625,3808.39990234375,3662.10009765625,3760.0,565322
2026-08-03,3741.699951171875,3905.0,3694.199951171875,3900.0,609663
2026-08-04,3919.60009765625,4073.800048828125,3919.60009765625,4000.5,1107988
2026-08-05,4035.0,4069.89990234375,3955.0,3980.0,355546
2026-08-06,3990.39990234375,4019.0,3948.800048828125,3952.0,213389
2026-08-07,3955.10009765625,3984.5,3921.0,3940.10009765625,221514
