date,open,high,low,close,volume
1996-01-01,11.172855377197266,11.214963912963867,11.035300254821777,11.186891555786133,10242229
1996-01-02,11.172855377197266,11.214963912963867,10.951082229614258,10.979154586791992,16954313
1996-01-03,10.979154586791992,11.229000091552734,10.951082229614258,10.981962203979492,13514114
1996-01-04,10.807912826538086,10.807912826538086,10.386824607849121,10.63386344909668,34785820
1996-01-05,10.504730224609375,10.555259704589844,10.316643714904785,10.423318862915039,30138033
1996-01-08,10.358753204345703,10.386824607849121,9.943280220031738,10.033111572265625,36752157
1996-01-09,9.825374603271484,10.069605827331543,9.825374603271484,9.985387802124023,36964108
1996-01-10,9.985387802124023,10.176280975341797,9.825374603271484,9.932050704956055,35923053
1996-01-11,9.937664985656738,10.215582847595215,9.90397834777832,10.16505241394043,27719296
1996-01-12,10.16505241394043,10.325065612792969,10.063990592956543,10.125750541687012,31593194
1996-01-15,10.063990592956543,10.181896209716797,10.019075393676758,10.041533470153809,13352034
1996-01-16,10.041533470153809,10.106100082397461,9.943280220031738,10.021883010864258,19465667
1996-01-17,9.937664985656738,10.01065444946289,9.628868103027344,9.682205200195312,25512510
1996-01-18,9.547456741333008,9.61483097076416,9.320070266723633,9.477275848388672,31930712
1996-01-19,9.362178802490234,9.510963439941406,9.320070266723633,9.395866394042969,20078367
1996-01-22,9.488505363464355,9.581144332885742,9.390251159667969,9.494119644165039,15288982
1996-01-23,9.41832447052002,9.53342056274414,8.983200073242188,9.117947578430176,16752158
1996-01-24,9.117947578430176,10.325065612792969,8.842838287353516,8.994428634643555,20708877
1996-01-25,8.983200073242188,9.014080047607422,8.744584083557129,8.800728797912598,15920383
1996-01-26,8.800728797912598,8.800728797912598,8.800728797912598,8.800728797912598,0
1996-01-29,8.705282211303711,9.263924598693848,8.705282211303711,9.202165603637695,32353724
1996-01-30,9.376214981079102,9.544650077819824,9.095490455627441,9.280769348144531,32019768
1996-01-31,9.320070266723633,9.713085174560547,9.249889373779297,9.373408317565918,34765337
1996-02-01,9.294804573059082,9.61483097076416,9.294804573059082,9.583951950073242,18475375
1996-02-02,9.783266067504883,10.400860786437988,9.656940460205078,10.282957077026367,39733722
1996-02-05,10.723694801330566,11.341290473937988,10.302607536315918,10.684393882751465,68921537
1996-02-06,10.751768112182617,10.807912826538086,9.600794792175293,9.7804594039917,40024042
1996-02-07,9.7804594039917,10.330679893493652,9.628868103027344,10.16505241394043,45350428
1996-02-08,10.218390464782715,11.700617790222168,10.19031810760498,11.641666412353516,114509743
1996-02-09,12.408044815063477,12.52033519744873,11.849403381347656,12.32102108001709,119682955
1996-02-12,12.065561294555664,12.267683029174805,11.453579902648926,11.627630233764648,83759011
1996-02-13,11.56587028503418,11.87466812133789,11.358134269714355,11.633243560791016,72385781
1996-02-14,12.071174621582031,12.464189529418945,11.84659481048584,11.961692810058594,67257097
1996-02-15,11.678159713745117,12.211538314819336,11.593942642211914,11.796065330505371,55699524
1996-02-16,11.734305381774902,11.734305381774902,11.481653213500977,11.549027442932129,36118975
1996-02-19,11.678159713745117,11.843788146972656,11.56587028503418,11.619208335876465,24685188
1996-02-20,11.619208335876465,11.636052131652832,11.01845645904541,11.172855377197266,35231986
1996-02-21,11.172855377197266,11.172855377197266,11.172855377197266,11.172855377197266,0
1996-02-22,11.425507545471191,11.734305381774902,11.425507545471191,11.675353050231934,32953956
1996-02-23,11.6500883102417,11.728691101074219,11.442351341247559,11.574292182922363,29080949
1996-02-26,11.624822616577148,12.009415626525879,11.58832836151123,11.6444730758667,70008010
1996-02-27,11.66693115234375,11.66693115234375,11.369362831115723,11.456388473510742,40272505
1996-02-28,11.734305381774902,11.812908172607422,11.543412208557129,11.56867790222168,33926438
1996-02-29,11.48445987701416,11.509724617004395,10.7096586227417,10.83598518371582,67024663
1996-03-01,10.973540306091309,11.057758331298828,10.7573823928833,10.959504127502441,56079789
1996-03-04,10.948274612426758,11.052143096923828,10.779840469360352,10.903359413146973,36523285
1996-03-05,10.903359413146973,10.903359413146973,10.903359413146973,10.903359413146973,0
1996-03-06,10.976347923278809,11.158819198608398,10.93704605102539,11.105481147766113,24779586
1996-03-07,11.150397300720215,11.307602882385254,10.976347923278809,11.024070739746094,32271794
1996-03-08,10.948274612426758,11.004420280456543,10.821949005126953,10.970732688903809,24870423
1996-03-11,10.807912826538086,10.92020320892334,10.642285346984863,10.760189056396484,32018877
1996-03-12,10.779840469360352,10.791069030761719,9.828182220458984,10.611405372619629,22942379
1996-03-13,10.751768112182617,11.074602127075195,10.678778648376465,11.032492637634277,35833998
1996-03-14,11.032492637634277,11.195313453674316,10.880901336669922,10.92020320892334,32372426
1996-03-15,10.906166076660156,10.970732688903809,10.65351390838623,10.690008163452148,33239823
1996-03-18,10.583333015441895,10.664743423461914,10.218390464782715,10.24927043914795,35009348
1996-03-19,10.221197128295898,10.358753204345703,9.600794792175293,9.805724143981934,31957429
1996-03-20,9.805724143981934,9.805724143981934,9.805724143981934,9.805724143981934,0
1996-03-21,10.134173393249512,10.499114990234375,10.134173393249512,10.414897918701172,23555969
1996-03-22,10.316643714904785,10.36436653137207,10.063990592956543,10.24927043914795,28958053
1996-03-25,10.386824607849121,10.830370903015137,10.36717414855957,10.555259704589844,61991268
1996-03-26,10.558067321777344,10.99599838256836,10.52437973022461,10.84160041809082,77170713
1996-03-27,11.11670970916748,11.324446678161621,11.040913581848145,11.141976356506348,54386851
1996-03-28,11.172855377197266,11.31041145324707,11.172855377197266,11.276723861694336,25451953
1996-03-29,11.229000091552734,11.318832397460938,11.01845645904541,11.077408790588379,28306169
1996-04-01,11.172855377197266,11.273916244506836,11.068986892700195,11.220579147338867,30881643
1996-04-02,11.229000091552734,11.481653213500977,11.172855377197266,11.271108627319336,52862228
1996-04-03,11.56587028503418,11.703426361083984,11.453579902648926,11.481653213500977,43350250
1996-04-04,11.38339900970459,11.38339900970459,11.214963912963867,11.360940933227539,24455426
1996-04-05,11.360940933227539,11.360940933227539,11.360940933227539,11.360940933227539,0
1996-04-08,11.776413917541504,11.902739524841309,11.624822616577148,11.826945304870605,47640035
1996-04-09,12.006608963012695,12.239609718322754,11.905548095703125,11.989765167236328,54842813
1996-04-10,12.127320289611816,12.377165794372559,12.127320289611816,12.225573539733887,126390587
1996-04-11,12.127320289611816,12.250839233398438,12.045909881591797,12.068367958068848,97557211
1996-04-12,12.071174621582031,12.180658340454102,12.015029907226562,12.15820026397705,46672006
1996-04-15,12.295755386352539,12.346285820007324,12.085211753845215,12.130127906799316,53248727
1996-04-16,12.127320289611816,12.183465003967285,11.93081283569336,11.986957550048828,51807815
1996-04-17,12.186272621154785,12.829133033752441,12.186272621154785,12.697192192077637,120385600
1996-04-18,13.025639533996582,13.362509727478027,12.913350105285645,13.281100273132324,129424695
1996-04-19,13.25022029876709,13.53094482421875,13.081785202026367,13.205304145812988,115258697
1996-04-22,13.33443832397461,13.33443832397461,12.747722625732422,12.826326370239258,80399852
1996-04-23,12.716842651367188,12.969494819641113,12.5820951461792,12.829133033752441,88033656
1996-04-24,13.418655395507812,14.176612854003906,13.418655395507812,14.092394828796387,135019137
1996-04-25,14.26082992553711,14.513483047485352,13.25022029876709,13.570246696472168,132106144
1996-04-26,13.643235206604004,13.994141578674316,13.224954605102539,13.721837997436523,119479019
1996-04-29,13.61516284942627,13.853778839111328,13.418655395507812,13.730259895324707,120564601
1996-04-30,13.755524635314941,13.836935997009277,13.362509727478027,13.5084867477417,82247745
1996-05-01,13.929574966430664,14.030635833740234,13.73306655883789,13.789212226867676,60056991
1996-05-02,13.699379920959473,13.702187538146973,13.45234203338623,13.651657104492188,62482852
1996-05-03,13.474800109863281,13.587089538574219,13.309172630310059,13.379353523254395,63368060
1996-05-06,13.053712844848633,13.137929916381836,12.649469375610352,12.714035987854004,88039000
1996-05-07,12.744915008544922,12.907735824584961,12.357515335083008,12.528757095336914,75104634
1996-05-08,12.295755386352539,12.88527774810791,12.239609718322754,12.733686447143555,88525241
1996-05-09,12.548407554626465,12.761758804321289,12.309791564941406,12.391201972961426,62128413
1996-05-10,12.180658340454102,12.374358177185059,12.073983192443848,12.323827743530273,68122713
1996-05-13,12.464189529418945,12.573673248291016,12.357515335083008,12.511914253234863,51900432
1996-05-14,12.49787712097168,12.969494819641113,12.408044815063477,12.845975875854492,66364765
1996-05-15,13.303558349609375,13.587089538574219,13.0677490234375,13.497258186340332,172815020
1996-05-16,13.811670303344727,14.030635833740234,13.713417053222656,13.786404609680176,160284965
1996-05-17,13.533753395080566,13.727453231811523,13.488837242126465,13.612356185913086,137923225
1996-05-20,13.362509727478027,13.393389701843262,13.109857559204102,13.143545150756836,83541716
1996-05-21,13.039676666259766,13.45514965057373,13.028448104858398,13.143545150756836,124559613
1996-05-22,13.25022029876709,13.32882308959961,13.196883201599121,13.224954605102539,92985121
1996-05-23,13.194074630737305,13.222147941589355,13.107050895690918,13.14915943145752,58672184
1996-05-24,13.25022029876709,13.27548599243164,13.166003227233887,13.227762222290039,47408492
1996-05-27,13.15196704864502,13.180039405822754,12.874049186706543,12.916157722473145,89967043
1996-05-28,12.775794982910156,12.857205390930176,12.539985656738281,12.761758804321289,132615540
1996-05-29,13.025639533996582,13.668500900268555,13.025639533996582,13.533753395080566,223285228
1996-05-30,13.643235206604004,13.668500900268555,13.194074630737305,13.264257431030273,198662378
1996-05-31,13.713417053222656,13.727453231811523,13.483222007751465,13.603934288024902,237043353
1996-06-03,13.808862686157227,14.20468521118164,13.724645614624023,14.154154777526855,276972106
1996-06-04,14.331011772155762,14.479796409606934,13.952033042907715,14.072745323181152,321297511
1996-06-05,14.20468521118164,14.232757568359375,13.811670303344727,13.994141578674316,264354777
1996-06-06,14.199070930480957,14.592085838317871,14.199070930480957,14.364699363708496,316624789
1996-06-07,14.20749282836914,14.339432716369629,14.120468139648438,14.28609561920166,165994289
1996-06-10,14.319783210754395,14.415228843688965,14.154154777526855,14.20468521118164,196523274
1996-06-11,14.120468139648438,14.4854097366333,13.845356941223145,14.18503475189209,339058664
1996-06-12,14.401192665100098,14.681918144226074,14.387157440185547,14.476988792419434,196297965
1996-06-13,14.401192665100098,14.510676383972168,14.322589874267578,14.375927925109863,116421757
1996-06-14,14.454530715942383,14.9317626953125,14.429265022277832,14.85315990447998,267570558
1996-06-17,14.934571266174316,15.013174057006836,14.65665340423584,14.698760986328125,227599058
1996-06-18,14.597700119018555,14.822280883789062,14.513483047485352,14.653844833374023,206522383
1996-06-19,14.822280883789062,14.870003700256348,14.457338333129883,14.555591583251953,187622215
1996-06-20,14.429265022277832,14.724026679992676,14.375927925109863,14.67068862915039,145069007
1996-06-21,14.54997730255127,14.67349624633789,14.092394828796387,14.4461088180542,140230643
1996-06-24,14.322589874267578,14.597700119018555,14.218722343444824,14.353469848632812,121238748
1996-06-25,14.370312690734863,14.412422180175781,13.811670303344727,13.98010540008545,141301976
1996-06-26,14.036250114440918,14.064323425292969,13.755524635314941,13.806056022644043,117371975
1996-06-27,13.730259895324707,13.974491119384766,13.626392364501953,13.92676830291748,127573239
1996-06-28,13.789212226867676,14.025020599365234,13.61516284942627,13.662885665893555,129283988
1996-07-01,13.61797046661377,13.623584747314453,13.365318298339844,13.449535369873047,99303582
1996-07-02,13.474800109863281,13.587089538574219,13.137929916381836,13.219341278076172,112382216
1996-07-03,13.039676666259766,13.098628997802734,12.80667495727539,12.88527774810791,135289865
1996-07-04,12.809481620788574,13.222147941589355,12.660697937011719,12.997568130493164,144279979
1996-07-05,13.078977584838867,13.219341278076172,12.871241569519043,12.97230339050293,110356213
1996-07-08,13.194074630737305,13.205304145812988,12.916157722473145,12.983531951904297,49718582
1996-07-09,12.96668815612793,12.96668815612793,12.239609718322754,12.450154304504395,103955821
1996-07-10,12.351900100708008,12.60455322265625,12.183465003967285,12.461382865905762,118561751
1996-07-11,12.52033519744873,12.96388053894043,12.52033519744873,12.719650268554688,185369120
1996-07-12,12.649469375610352,12.739300727844238,12.391201972961426,12.475419044494629,121187987
1996-07-15,12.354707717895508,12.983531951904297,12.295755386352539,12.80667495727539,149170886
1996-07-16,12.913350105285645,13.15196704864502,12.24241828918457,12.413660049438477,208768353
1996-07-17,12.295755386352539,12.980724334716797,12.295755386352539,12.688770294189453,119790712
1996-07-18,12.772988319396973,13.289522171020508,12.772988319396973,13.093013763427734,232398238
1996-07-19,13.163195610046387,13.25022029876709,12.781410217285156,12.918965339660645,145490238
1996-07-22,12.660697937011719,12.899313926696777,12.410853385925293,12.685962677001953,55590876
1996-07-23,12.742108345031738,12.742108345031738,11.355326652526855,11.408663749694824,286435994
1996-07-24,11.088638305664062,11.453579902648926,10.47104263305664,10.810720443725586,228483375
1996-07-25,10.807912826538086,11.060564994812012,10.673165321350098,10.73492431640625,147512680
1996-07-26,10.611405372619629,10.667550086975098,10.277341842651367,10.501921653747559,214922062
1996-07-29,10.555259704589844,10.827563285827637,10.392439842224121,10.440162658691406,116786883
1996-07-30,10.358753204345703,10.499114990234375,9.993809700012207,10.313837051391602,182400913
1996-07-31,10.518766403198242,10.830370903015137,10.218390464782715,10.830370903015137,131101603
1996-08-01,11.285144805908203,11.341290473937988,10.619827270507812,10.695623397827148,177699694
1996-08-02,10.723694801330566,10.807912826538086,10.521573066711426,10.597369194030762,115698629
1996-08-05,10.779840469360352,10.948274612426758,10.501921653747559,10.566489219665527,98966063
1996-08-06,10.656320571899414,10.661935806274414,10.35033130645752,10.499114990234375,104682511
1996-08-07,10.597369194030762,11.024070739746094,10.535609245300293,11.01845645904541,119796946
1996-08-08,11.170047760009766,11.198121070861816,10.673165321350098,10.723694801330566,129558277
1996-08-09,10.695623397827148,10.889323234558105,10.622633934020996,10.73211669921875,106431553
1996-08-12,10.779840469360352,10.816333770751953,10.515958786010742,10.591753959655762,81726773
1996-08-13,10.499114990234375,10.642285346984863,10.414897918701172,10.485078811645508,88944690
1996-08-14,10.555259704589844,10.704044342041016,10.442970275878906,10.490693092346191,86158156
1996-08-15,10.490693092346191,10.490693092346191,10.490693092346191,10.490693092346191,0
1996-08-16,10.580525398254395,10.656320571899414,10.428934097290039,10.510343551635742,80130905
1996-08-19,10.47104263305664,10.482272148132324,10.120136260986328,10.187509536743164,73450881
1996-08-20,10.134173393249512,10.330679893493652,10.134173393249512,10.201546669006348,75622935
1996-08-21,10.384017944335938,10.7124662399292,10.384017944335938,10.63386344909668,90067675
1996-08-22,10.861249923706055,10.872479438781738,10.555259704589844,10.605791091918945,146607880
1996-08-23,10.605791091918945,10.777032852172852,10.569295883178711,10.670356750488281,76385247
1996-08-26,10.628249168395996,10.723694801330566,10.541223526000977,10.572104454040527,52964641
1996-08-27,10.583333015441895,10.723694801330566,10.490693092346191,10.583333015441895,61574490
1996-08-28,10.83598518371582,10.973540306091309,10.779840469360352,10.951082229614258,90476438
1996-08-29,11.004420280456543,11.189699172973633,10.923009872436523,10.970732688903809,163233580
1996-08-30,10.934239387512207,11.026878356933594,10.911781311035156,10.987577438354492,63996789
1996-09-02,11.010034561157227,11.167241096496582,10.976347923278809,11.09986686706543,76755716
1996-09-03,11.172855377197266,11.285144805908203,10.810720443725586,10.880901336669922,138968732
1996-09-04,10.866865158081055,10.945467948913574,10.723694801330566,10.906166076660156,67474392
1996-09-05,10.945467948913574,11.038106918334961,10.934239387512207,11.010034561157227,48872558
1996-09-06,11.038106918334961,11.038106918334961,10.886515617370605,10.91458797454834,52351051
1996-09-09,10.880901336669922,10.894936561584473,10.583333015441895,10.619827270507812,71046392
1996-09-10,10.608597755432129,10.608597755432129,10.361559867858887,10.423318862915039,95716441
1996-09-11,10.499114990234375,10.577717781066895,10.305415153503418,10.341909408569336,59624183
1996-09-12,10.28857135772705,10.327873229980469,10.078027725219727,10.238040924072266,106114517
1996-09-13,10.274535179138184,10.325065612792969,10.030303955078125,10.078027725219727,85231982
1996-09-16,9.999424934387207,10.013461112976074,9.626059532165527,9.690627098083496,112576357
1996-09-17,9.755193710327148,9.909592628479004,9.69343376159668,9.828182220458984,78881462
1996-09-18,9.937664985656738,10.381211280822754,9.811339378356934,10.305415153503418,85640745
1996-09-19,10.218390464782715,10.37278938293457,9.8169527053833,9.859062194824219,107162696
1996-09-20,9.836604118347168,9.993809700012207,9.749579429626465,9.808531761169434,62393797
1996-09-23,9.774845123291016,9.842219352722168,9.471661567687988,9.583951950073242,107213457
1996-09-24,9.586758613586426,9.830989837646484,9.586758613586426,9.71589183807373,88283011
1996-09-25,9.814146041870117,9.962929725646973,9.690627098083496,9.71589183807373,71602096
1996-09-26,9.685012817382812,9.713085174560547,9.494119644165039,9.583951950073242,96390589
1996-09-27,9.530613899230957,9.572723388671875,9.43516731262207,9.463239669799805,78583127
1996-09-30,9.421131134033203,9.687820434570312,9.381830215454102,9.637289047241211,95164300
1996-10-01,9.685012817382812,9.704663276672363,9.502540588378906,9.572723388671875,62001064
1996-10-02,9.572723388671875,9.572723388671875,9.572723388671875,9.572723388671875,0
1996-10-03,9.69904899597168,9.993809700012207,9.575530052185059,9.665362358093262,155887423
1996-10-04,9.637289047241211,9.707470893859863,9.491312026977539,9.575530052185059,82012640
1996-10-07,9.600794792175293,9.600794792175293,8.943899154663086,9.25831127166748,130389162
1996-10-08,9.213395118713379,9.261117935180664,8.870909690856934,9.188129425048828,117510010
1996-10-09,9.263924598693848,9.578336715698242,9.140405654907227,9.31445598602295,82283367
1996-10-10,9.249889373779297,9.530613899230957,9.249889373779297,9.488505363464355,90391836
1996-10-11,9.51657772064209,9.98819637298584,9.460433006286621,9.797303199768066,218646347
1996-10-14,9.766423225402832,9.825374603271484,9.575530052185059,9.609216690063477,90042740
1996-10-15,9.553071975708008,9.701855659484863,9.460433006286621,9.603602409362793,102120395
1996-10-16,9.755193710327148,9.87871265411377,9.578336715698242,9.623252868652344,107317652
1996-10-17,9.575530052185059,9.707470893859863,9.43235969543457,9.656940460205078,82954843
1996-10-18,9.687820434570312,9.766423225402832,9.572723388671875,9.628868103027344,71505026
1996-10-21,9.628868103027344,9.628868103027344,9.628868103027344,9.628868103027344,0
1996-10-22,9.69904899597168,9.906785011291504,9.631674766540527,9.682205200195312,78266981
1996-10-23,9.88152027130127,10.361559867858887,9.88152027130127,10.361559867858887,138828915
1996-10-24,10.864057540893555,11.004420280456543,10.389632225036621,10.52999496459961,257373746
1996-10-25,10.555259704589844,10.886515617370605,10.434548377990723,10.799490928649902,181469397
1996-10-28,10.838791847229004,10.976347923278809,10.64789867401123,10.704044342041016,122125737
1996-10-29,10.667550086975098,10.751768112182617,10.44577693939209,10.538416862487793,131632371
1996-10-30,10.538416862487793,10.538416862487793,10.538416862487793,10.538416862487793,0
1996-10-31,10.361559867858887,10.437355995178223,9.909592628479004,10.134173393249512,181593183
1996-11-01,10.215582847595215,10.499114990234375,9.993809700012207,10.072413444519043,147824373
1996-11-04,9.968544960021973,9.968544960021973,9.61483097076416,9.662554740905762,96978353
1996-11-05,9.656940460205078,9.713085174560547,9.210586547851562,9.30884075164795,125799261
1996-11-06,9.263924598693848,9.398673057556152,9.07303237915039,9.241467475891113,127944599
1996-11-07,9.362178802490234,9.488505363464355,9.25831127166748,9.440781593322754,98590250
1996-11-08,9.51377010345459,9.572723388671875,9.41832447052002,9.482891082763672,90326826
1996-11-11,9.30884075164795,9.51657772064209,9.224623680114746,9.387443542480469,69336534
1996-11-12,98.5313720703125,98.5313720703125,98.5313720703125,98.5313720703125,0
1996-11-13,9.488505363464355,9.544650077819824,9.384636878967285,9.510963439941406,40786353
1996-11-14,9.474469184875488,9.51657772064209,9.277960777282715,9.373408317565918,61028582
1996-11-15,9.3369140625,9.421131134033203,9.291997909545898,9.398673057556152,28730962
1996-11-18,9.471661567687988,9.589566230773926,9.43516731262207,9.564300537109375,49022171
1996-11-19,9.600794792175293,9.61483097076416,9.348142623901367,9.401479721069336,50263599
1996-11-20,9.207779884338379,9.460433006286621,8.991621971130371,9.022501945495605,105971138
1996-11-21,8.997236251831055,9.109525680541992,8.795113563537598,8.859681129455566,142338577
1996-11-22,8.825993537902832,8.873717308044434,8.702474594116211,8.744584083557129,108517224
1996-11-25,8.705282211303711,9.123562812805176,8.592991828918457,8.94951343536377,112566561
1996-11-26,9.092682838439941,9.092682838439941,8.800728797912598,8.893367767333984,131269026
1996-11-27,8.651945114135742,8.68282413482666,8.449823379516602,8.623871803283691,98681086
1996-11-28,8.674403190612793,8.898983001708984,8.57895565032959,8.629487037658691,91472965
1996-11-29,8.68563175201416,8.921441078186035,8.612643241882324,8.646329879760742,41441799
1996-12-02,8.590185165405273,8.702474594116211,8.536847114562988,8.573342323303223,36179532
1996-12-03,8.553690910339355,8.618258476257324,8.368412017822266,8.475088119506836,59956358
1996-12-04,8.365605354309082,8.42175006866455,8.19717025756836,8.312267303466797,45699524
1996-12-05,8.323495864868164,8.528426170349121,8.239278793334961,8.458244323730469,56226730
1996-12-06,8.520004272460938,8.696861267089844,8.50596809387207,8.542462348937988,61434673
1996-12-09,8.590185165405273,8.609835624694824,8.497546195983887,8.534040451049805,32668089
1996-12-10,8.517196655273438,8.517196655273438,8.31788158416748,8.365605354309082,58670403
1996-12-11,8.42736530303955,8.952320098876953,8.362797737121582,8.932669639587402,80802381
1996-12-12,8.955127716064453,9.039344787597656,8.623871803283691,8.657559394836426,76805587
1996-12-13,8.646329879760742,8.68282413482666,8.562112808227539,8.646329879760742,37479737
1996-12-16,8.696861267089844,9.146020889282227,8.696861267089844,8.955127716064453,68976751
1996-12-17,8.96916389465332,9.039344787597656,8.758620262145996,8.8400297164917,56358532
1996-12-18,9.039344787597656,9.291997909545898,8.943899154663086,9.005658149719238,117028222
1996-12-19,8.938283920288086,9.039344787597656,8.86248779296875,8.952320098876953,47032680
1996-12-20,9.06460952758789,9.362178802490234,9.061802864074707,9.221816062927246,94305808
1996-12-23,9.263924598693848,9.306034088134766,9.042152404785156,9.106719017028809,55069013
1996-12-24,9.044960021972656,9.196551322937012,8.971970558166504,9.087067604064941,52333240
1996-12-25,9.087067604064941,9.087067604064941,9.087067604064941,9.087067604064941,0
1996-12-26,9.263924598693848,9.460433006286621,9.179707527160645,9.41551685333252,50403416
1996-12-27,9.41551685333252,9.41551685333252,9.41551685333252,9.41551685333252,0
1996-12-30,9.41551685333252,9.41551685333252,9.41551685333252,9.41551685333252,0
1996-12-31,9.488505363464355,9.544650077819824,9.320070266723633,9.398673057556152,35971143
1997-01-01,9.656940460205078,10.058377265930176,9.656940460205078,10.058377265930176,73244273
1997-01-02,10.252077102661133,10.420512199401855,10.007845878601074,10.108906745910645,300926152
1997-01-03,10.007845878601074,10.24365520477295,9.98258113861084,10.204354286193848,123780381
1997-01-06,10.260499000549316,10.302607536315918,10.06679916381836,10.176280975341797,71846998
1997-01-07,10.134173393249512,10.586139678955078,10.052762031555176,10.535609245300293,217604402
1997-01-08,10.807912826538086,10.864057540893555,10.457006454467773,10.538416862487793,162491751
1997-01-09,10.499114990234375,10.605791091918945,10.417704582214355,10.504730224609375,79652679
1997-01-10,10.656320571899414,10.715272903442383,10.499114990234375,10.55245304107666,100593990
1997-01-13,10.44577693939209,10.608597755432129,10.235234260559082,10.572104454040527,124518648
1997-01-14,10.667550086975098,10.751768112182617,10.513151168823242,10.675971984863281,120202146
1997-01-15,10.83598518371582,11.425507545471191,10.779840469360352,11.425507545471191,167833277
1997-01-16,12.071174621582031,12.225573539733887,10.73211669921875,10.967926025390625,252687666
1997-01-17,10.673165321350098,11.108288764953613,10.572104454040527,10.903359413146973,143173024
1997-01-20,10.838791847229004,10.94266128540039,10.454198837280273,10.52437973022461,76494785
1997-01-21,10.442970275878906,10.569295883178711,10.173474311828613,10.252077102661133,101668886
1997-01-22,10.44858455657959,10.948274612426758,10.420512199401855,10.760189056396484,148847616
1997-01-23,10.760189056396484,10.760189056396484,10.760189056396484,10.760189056396484,0
1997-01-24,10.821949005126953,10.878093719482422,10.673165321350098,10.7545747756958,74092077
1997-01-27,10.951082229614258,11.509724617004395,10.951082229614258,11.498496055603027,126611443
1997-01-28,11.902739524841309,11.981343269348145,11.41147232055664,11.762377738952637,168520782
1997-01-29,12.099247932434082,12.183465003967285,11.119518280029297,11.428315162658691,195489344
1997-01-30,11.172855377197266,11.377784729003906,10.903359413146973,11.046528816223145,152846191
1997-01-31,10.499114990234375,10.667550086975098,10.274535179138184,10.330679893493652,147339022
1997-02-03,9.98819637298584,10.204354286193848,9.828182220458984,9.993809700012207,113440191
1997-02-04,9.993809700012207,10.437355995178223,9.965738296508789,10.313837051391602,163885464
1997-02-05,10.675971984863281,10.746152877807617,10.24646282196045,10.302607536315918,78253623
1997-02-06,10.280150413513184,10.541223526000977,10.134173393249512,10.46823501586914,103017180
1997-02-07,10.504730224609375,10.63105583190918,10.358753204345703,10.549646377563477,82106148
1997-02-10,10.695623397827148,11.035300254821777,10.605791091918945,10.934239387512207,157098573
1997-02-11,10.92020320892334,11.11670970916748,10.788262367248535,10.99319076538086,82182735
1997-02-12,10.92020320892334,11.200927734375,10.92020320892334,11.01845645904541,91577160
1997-02-13,10.92020320892334,10.99599838256836,10.855635643005371,10.92020320892334,39585000
1997-02-14,10.948274612426758,11.175662994384766,10.923009872436523,11.032492637634277,71355414
1997-02-17,11.22619342803955,11.268301963806152,11.010034561157227,11.11670970916748,62608420
1997-02-18,11.091444969177246,11.11670970916748,10.83598518371582,10.872479438781738,67683671
1997-02-19,10.945467948913574,10.976347923278809,10.645092010498047,10.911781311035156,75052982
1997-02-20,10.83598518371582,10.892129898071289,10.723694801330566,10.774226188659668,43990557
1997-02-21,10.695623397827148,10.723694801330566,10.563681602478027,10.602983474731445,62522927
1997-02-24,10.442970275878906,10.490693092346191,10.195932388305664,10.238040924072266,56120754
1997-02-25,10.16224479675293,10.37278938293457,10.021883010864258,10.159438133239746,75093057
1997-02-26,10.049955368041992,10.28857135772705,10.035919189453125,10.24084758758545,56311332
1997-02-27,10.330679893493652,10.723694801330566,10.330679893493652,10.670356750488281,104010145
1997-02-28,11.397435188293457,11.526569366455078,11.007226943969727,11.397435188293457,62139099
1997-03-03,11.492881774902344,12.051525115966797,11.257073402404785,11.636052131652832,193483823
1997-03-04,11.678159713745117,11.832558631896973,11.546219825744629,11.723075866699219,129055116
1997-03-05,12.15539264678955,12.351900100708008,11.636052131652832,11.815715789794922,160728460
1997-03-06,11.622014999389648,11.784835815429688,11.579907417297363,11.655701637268066,89887784
1997-03-07,122.33918762207031,122.33918762207031,122.33918762207031,122.33918762207031,0
1997-03-10,11.450773239135742,11.450773239135742,11.074602127075195,11.130746841430664,90796146
1997-03-11,11.004420280456543,11.172855377197266,10.442970275878906,10.611405372619629,87724635
1997-03-12,10.948274612426758,11.032492637634277,10.726502418518066,10.84160041809082,53030542
1997-03-13,10.892129898071289,10.92020320892334,10.597369194030762,10.673165321350098,40002668
1997-03-14,10.527188301086426,10.83598518371582,10.513151168823242,10.656320571899414,66391481
1997-03-17,10.695623397827148,10.765804290771484,10.493500709533691,10.608597755432129,49774687
1997-03-18,10.608597755432129,10.628249168395996,10.389632225036621,10.442970275878906,61285061
1997-03-19,10.642285346984863,10.690008163452148,10.224004745483398,10.271727561950684,39448746
1997-03-20,10.18470287322998,10.504730224609375,10.108906745910645,10.339101791381836,88715819
1997-03-21,10.428934097290039,10.496308326721191,10.325065612792969,10.358753204345703,42424077
1997-03-24,10.358753204345703,10.358753204345703,10.358753204345703,10.358753204345703,0
1997-03-25,10.47104263305664,10.47104263305664,10.24646282196045,10.296993255615234,47545637
1997-03-26,10.386824607849121,10.392439842224121,10.24646282196045,10.280150413513184,24917622
1997-03-27,10.232425689697266,10.36717414855957,10.18470287322998,10.313837051391602,37321219
1997-03-28,10.313837051391602,10.313837051391602,10.313837051391602,10.313837051391602,0
1997-03-31,9.59237289428711,9.59237289428711,9.283576011657715,9.294804573059082,862944
1997-04-01,8.47789478302002,9.176899909973145,8.438593864440918,9.109525680541992,52951283
1997-04-02,9.320070266723633,9.54184341430664,9.269539833068848,9.370600700378418,24012822
1997-04-03,9.376214981079102,9.404288291931152,9.263924598693848,9.328492164611816,20242228
1997-04-04,9.14882755279541,9.224623680114746,9.109525680541992,9.199357986450195,17235727
1997-04-07,9.123562812805176,9.15163516998291,8.988815307617188,9.028116226196289,24512421
1997-04-08,9.028116226196289,9.028116226196289,9.028116226196289,9.028116226196289,0
1997-04-09,9.272347450256348,9.527807235717773,9.272347450256348,9.485697746276855,30398964
1997-04-10,9.373408317565918,9.454817771911621,9.067418098449707,9.216201782226562,35509838
1997-04-11,8.983200073242188,9.376214981079102,8.828801155090332,9.289190292358398,40382934
1997-04-14,97.50009155273438,97.50009155273438,97.50009155273438,97.50009155273438,0
1997-04-15,9.266732215881348,9.322876930236816,9.213395118713379,9.255502700805664,22659184
1997-04-16,9.255502700805664,9.255502700805664,9.255502700805664,9.255502700805664,0
1997-04-17,9.370600700378418,9.53622817993164,9.297612190246582,9.508155822753906,37606195
1997-04-18,9.508155822753906,9.508155822753906,9.508155822753906,9.508155822753906,0
1997-04-21,9.741157531738281,10.055569648742676,9.685012817382812,9.968544960021973,44591679
1997-04-22,10.106100082397461,10.204354286193848,9.783266067504883,9.859062194824219,34961258
1997-04-23,9.943280220031738,10.549646377563477,9.895556449890137,10.412090301513672,146990817
1997-04-24,10.400860786437988,10.538416862487793,10.195932388305664,10.24084758758545,71172851
1997-04-25,10.156631469726562,10.271727561950684,10.136980056762695,10.207160949707031,51329589
1997-04-28,10.207160949707031,10.431740760803223,10.136980056762695,10.26611328125,70296548
1997-04-29,10.16224479675293,10.299799919128418,10.080835342407227,10.136980056762695,61619908
1997-04-30,10.611405372619629,10.611405372619629,10.389632225036621,10.412090301513672,61414191
1997-05-01,10.412090301513672,10.412090301513672,10.412090301513672,10.412090301513672,0
1997-05-02,10.274535179138184,10.327873229980469,10.156631469726562,10.187509536743164,46019232
1997-05-05,10.021883010864258,10.06118392944336,9.670975685119629,9.72150707244873,55687947
1997-05-06,9.713085174560547,9.788881301879883,9.53342056274414,9.69343376159668,75380705
1997-05-07,10.049955368041992,10.19031810760498,9.909592628479004,10.019075393676758,117168929
1997-05-08,10.00503921508789,10.078027725219727,9.965738296508789,10.01065444946289,38344462
1997-05-09,10.024689674377441,10.047147750854492,9.920822143554688,9.946086883544922,37825271
1997-05-12,9.932050704956055,9.960123062133789,9.724313735961914,9.741157531738281,37543857
1997-05-13,9.713085174560547,9.774845123291016,9.642904281616211,9.701855659484863,42417843
1997-05-14,9.727121353149414,9.839410781860352,9.612024307250977,9.80010986328125,60673252
1997-05-15,9.791687965393066,9.814146041870117,9.685012817382812,9.769229888916016,27852879
1997-05-16,9.727121353149414,10.021883010864258,9.727121353149414,9.920822143554688,84722587
1997-05-19,10.035919189453125,10.238040924072266,9.98819637298584,10.097678184509277,94279982
1997-05-20,10.052762031555176,10.136980056762695,10.013461112976074,10.049955368041992,33182827
1997-05-21,10.035919189453125,10.159438133239746,9.954508781433105,10.030303955078125,83889031
1997-05-22,10.063990592956543,10.072413444519043,9.946086883544922,9.979774475097656,38255407
1997-05-23,9.954508781433105,9.976966857910156,9.727121353149414,9.766423225402832,95423450
1997-05-26,9.460433006286621,9.595181465148926,9.43235969543457,9.466047286987305,63714484
1997-05-27,9.51657772064209,9.527807235717773,9.356563568115234,9.393058776855469,38103123
1997-05-28,9.494119644165039,9.508155822753906,9.35937213897705,9.376214981079102,28465578
1997-05-29,9.3341064453125,9.508155822753906,9.325684547424316,9.480083465576172,39179799
1997-05-30,9.494119644165039,9.758001327514648,9.446395874023438,9.676590919494629,91167506
1997-06-02,9.727121353149414,9.836604118347168,9.713085174560547,9.805724143981934,55896336
1997-06-03,9.87871265411377,9.937664985656738,9.797303199768066,9.828182220458984,61794456
1997-06-04,9.895556449890137,9.929243087768555,9.749579429626465,9.766423225402832,43608510
1997-06-05,9.783266067504883,9.98819637298584,9.758001327514648,9.80010986328125,52949502
1997-06-06,9.825374603271484,9.859062194824219,9.670975685119629,9.704663276672363,57569681
1997-06-09,9.651326179504395,9.656940460205078,9.494119644165039,9.508155822753906,56674677
1997-06-10,9.491312026977539,9.690627098083496,9.491312026977539,9.59237289428711,90991177
1997-06-11,9.685012817382812,10.013461112976074,9.685012817382812,9.895556449890137,98711365
1997-06-12,9.937664985656738,10.033111572265625,9.889942169189453,10.00223159790039,49469228
1997-06-13,10.055569648742676,10.46823501586914,10.055569648742676,10.24365520477295,99340985
1997-06-16,10.24646282196045,10.428934097290039,10.06118392944336,10.103293418884277,60080145
1997-06-17,10.215582847595215,10.667550086975098,10.173474311828613,10.420512199401855,71825625
1997-06-18,10.751768112182617,11.133554458618164,10.617019653320312,11.010034561157227,207917877
1997-06-19,10.892129898071289,11.212157249450684,10.83598518371582,11.063371658325195,132029557
1997-06-20,11.11670970916748,11.192505836486816,10.807912826538086,10.900551795959473,111037484
1997-06-23,10.951082229614258,11.004420280456543,10.701236724853516,10.743346214294434,73954933
1997-06-24,10.771417617797852,10.802297592163086,10.52999496459961,10.594561576843262,112639586
1997-06-25,10.810720443725586,10.850021362304688,10.560874938964844,10.588947296142578,45484902
1997-06-26,10.667550086975098,10.779840469360352,10.37278938293457,10.504730224609375,67876030
1997-06-27,10.47385025024414,10.52437973022461,10.24646282196045,10.29137897491455,55488463
1997-06-30,10.218390464782715,10.513151168823242,10.218390464782715,10.47385025024414,51517495
1997-07-01,10.807912826538086,11.209349632263184,10.785454750061035,11.209349632263184,113362713
1997-07-02,11.593942642211914,11.995380401611328,11.481653213500977,11.891510963439941,212065173
1997-07-03,12.093632698059082,12.39681625366211,11.939234733581543,12.203116416931152,336936480
1997-07-04,12.466998100280762,12.6242036819458,12.253646850585938,12.377165794372559,268729165
1997-07-07,12.256454467773438,12.42208194732666,11.958885192871094,11.995380401611328,247887595
1997-07-08,11.93081283569336,11.986957550048828,11.58552074432373,11.717461585998535,190945752
1997-07-09,12.141357421875,12.52033519744873,11.995380401611328,12.41927433013916,200317913
1997-07-10,12.548407554626465,12.60174560546875,12.15820026397705,12.250839233398438,158600933
1997-07-11,12.085211753845215,12.180658340454102,11.972922325134277,12.029067039489746,102498879
1997-07-14,11.93081283569336,12.000993728637695,11.316024780273438,11.46761703491211,121306430
1997-07-15,11.655701637268066,11.84659481048584,11.512533187866211,11.680968284606934,105486679
1997-07-16,11.989765167236328,12.071174621582031,11.593942642211914,11.6500883102417,89121910
1997-07-17,11.56306266784668,11.776413917541504,11.495689392089844,11.714654922485352,71153259
1997-07-18,11.714654922485352,11.714654922485352,11.714654922485352,11.714654922485352,0
1997-07-21,11.341290473937988,11.453579902648926,11.172855377197266,11.338482856750488,72651166
1997-07-22,11.394627571105957,11.790450096130371,11.374977111816406,11.636052131652832,91023237
1997-07-23,11.902739524841309,12.208730697631836,11.826945304870605,12.144164085388184,190000877
1997-07-24,12.1329345703125,12.256454467773438,11.908354759216309,12.026259422302246,155343296
1997-07-25,11.958885192871094,12.05713939666748,11.790450096130371,11.928006172180176,138001593
1997-07-28,11.986957550048828,12.065561294555664,11.824136734008789,11.902739524841309,83449099
1997-07-29,11.84659481048584,12.012223243713379,11.6893892288208,12.003801345825195,113374291
1997-07-30,12.015029907226562,12.31821346282959,11.992571830749512,12.21434497833252,164940767
1997-07-31,12.365937232971191,12.436118125915527,12.183465003967285,12.391201972961426,138228684
1997-08-01,12.340670585632324,12.346285820007324,12.15820026397705,12.262067794799805,90272502
1997-08-04,12.290141105651855,12.60174560546875,12.197502136230469,12.39962387084961,148650804
1997-08-05,12.408044815063477,12.534372329711914,12.245224952697754,12.391201972961426,110481780
1997-08-06,12.688770294189453,12.913350105285645,12.475419044494629,12.829133033752441,38486950
1997-08-07,12.461382865905762,12.59893798828125,12.177850723266602,12.284525871276855,95173205
1997-08-08,12.197502136230469,12.259261131286621,11.958885192871094,12.003801345825195,94973722
1997-08-11,11.958885192871094,11.998187065124512,11.824136734008789,11.961692810058594,52102587
1997-08-12,12.059946060180664,12.228381156921387,11.622014999389648,11.720269203186035,116616787
1997-08-13,11.680968284606934,11.779220581054688,11.579907417297363,11.66412353515625,54751977
1997-08-14,11.675353050231934,11.675353050231934,11.501303672790527,11.546219825744629,60377589
1997-08-15,11.546219825744629,11.546219825744629,11.546219825744629,11.546219825744629,0
1997-08-18,11.46761703491211,11.492881774902344,11.285144805908203,11.397435188293457,37314094
1997-08-19,11.41147232055664,11.66412353515625,11.344098091125488,11.386205673217773,106166169
1997-08-20,11.355326652526855,11.560256004333496,11.341290473937988,11.526569366455078,47550090
1997-08-21,11.579907417297363,11.607978820800781,10.981962203979492,11.026878356933594,118842275
1997-08-22,10.979154586791992,11.038106918334961,10.796684265136719,10.824755668640137,58889478
1997-08-25,10.695623397827148,10.751768112182617,10.302607536315918,10.586139678955078,64483921
1997-08-26,10.583333015441895,10.751768112182617,10.527188301086426,10.62544059753418,89099646
1997-08-27,10.892129898071289,11.024070739746094,10.7573823928833,10.791069030761719,66239197
1997-08-28,10.729310035705566,10.768610954284668,10.482272148132324,10.513151168823242,53709142
1997-08-29,10.454198837280273,10.454198837280273,10.038725852966309,10.120136260986328,73307502
1997-09-01,10.204354286193848,10.330679893493652,10.100485801696777,10.254883766174316,33472257
1997-09-02,10.24646282196045,10.46823501586914,10.092063903808594,10.36717414855957,57859110
1997-09-03,10.499114990234375,10.527188301086426,10.302607536315918,10.36998176574707,49886896
1997-09-04,10.358753204345703,10.414897918701172,10.114521980285645,10.254883766174316,43675302
1997-09-05,10.325065612792969,10.434548377990723,10.260499000549316,10.386824607849121,49012375
1997-09-08,10.330679893493652,10.400860786437988,10.235234260559082,10.381211280822754,27598181
1997-09-09,10.47104263305664,10.698430061340332,10.459814071655273,10.583333015441895,92615542
1997-09-10,10.521573066711426,10.555259704589844,10.395247459411621,10.428934097290039,43938014
1997-09-11,10.47104263305664,10.518766403198242,10.36436653137207,10.398054122924805,25010239
1997-09-12,10.305415153503418,10.34471607208252,10.19031810760498,10.232425689697266,33827586
1997-09-15,10.24646282196045,10.28576374053955,10.218390464782715,10.257692337036133,16219608
1997-09-16,10.280150413513184,10.35033130645752,10.16224479675293,10.201546669006348,40810398
1997-09-17,10.274535179138184,10.426127433776855,10.26611328125,10.339101791381836,24538247
1997-09-18,10.16224479675293,10.16224479675293,9.993809700012207,10.049955368041992,44336981
1997-09-19,9.996617317199707,10.08925724029541,9.909592628479004,9.923628807067871,30114879
1997-09-22,9.825374603271484,9.853447914123535,9.640096664428711,9.659747123718262,22811468
1997-09-23,9.553071975708008,9.713085174560547,9.553071975708008,9.600794792175293,31410631
1997-09-24,9.769229888916016,10.148208618164062,9.69343376159668,9.710277557373047,27577698
1997-09-25,9.656940460205078,9.797303199768066,9.648517608642578,9.769229888916016,20456851
1997-09-26,9.805724143981934,9.853447914123535,9.713085174560547,9.724313735961914,21791787
1997-09-29,9.797303199768066,9.932050704956055,9.746771812438965,9.811339378356934,25363788
1997-09-30,9.797303199768066,9.80010986328125,9.662554740905762,9.69904899597168,24049334
1997-10-01,9.752387046813965,9.752387046813965,9.502540588378906,9.61763858795166,42099026
1997-10-02,9.61763858795166,9.61763858795166,9.61763858795166,9.61763858795166,0
1997-10-03,9.61763858795166,9.61763858795166,9.61763858795166,9.61763858795166,0
1997-10-06,9.61763858795166,9.61763858795166,9.61763858795166,9.61763858795166,0
1997-10-07,9.61763858795166,9.61763858795166,9.61763858795166,9.61763858795166,0
1997-10-08,9.61763858795166,9.61763858795166,9.61763858795166,9.61763858795166,0
1997-10-09,9.600794792175293,9.713085174560547,9.581144332885742,9.69904899597168,21131889
1997-10-10,9.718700408935547,9.985387802124023,9.707470893859863,9.923628807067871,59536909
1997-10-13,10.021883010864258,10.24646282196045,9.797303199768066,9.830989837646484,51815830
1997-10-14,9.825374603271484,10.238040924072266,9.783266067504883,9.898364067077637,61777536
1997-10-15,10.063990592956543,10.487886428833008,10.063990592956543,10.409282684326172,94195380
1997-10-16,10.55245304107666,10.65351390838623,10.361559867858887,10.490693092346191,68308838
1997-10-17,10.513151168823242,10.569295883178711,10.414897918701172,10.45139217376709,55996968
1997-10-20,10.398054122924805,10.47104263305664,10.16224479675293,10.330679893493652,51171071
1997-10-21,10.330679893493652,10.358753204345703,9.88152027130127,9.993809700012207,54075158
1997-10-22,10.106100082397461,10.156631469726562,9.870290756225586,9.898364067077637,33730516
1997-10-23,9.909592628479004,9.965738296508789,9.612024307250977,9.707470893859863,40237774
1997-10-24,9.656940460205078,9.670975685119629,9.421131134033203,9.505349159240723,37183183
1997-10-27,9.449204444885254,9.544650077819824,9.376214981079102,9.488505363464355,24708342
1997-10-28,9.440781593322754,9.440781593322754,8.539654731750488,8.564920425415039,58999016
1997-10-29,8.430171966552734,9.376214981079102,8.430171966552734,9.202165603637695,63235368
1997-10-30,9.196551322937012,9.221816062927246,8.758620262145996,9.028116226196289,18247393
1997-10-31,9.028116226196289,9.028116226196289,9.028116226196289,9.028116226196289,0
1997-11-03,9.089876174926758,9.247081756591797,8.842838287353516,9.008464813232422,22880041
1997-11-04,8.983200073242188,9.053380966186523,8.913019180297852,8.988815307617188,24562292
1997-11-05,8.983200073242188,9.190937042236328,8.887754440307617,9.103912353515625,36533081
1997-11-06,9.098297119140625,9.137598991394043,8.957935333251953,9.117947578430176,26404842
1997-11-07,9.15163516998291,9.185321807861328,9.039344787597656,9.123562812805176,28354259
1997-11-10,9.067418098449707,9.123562812805176,9.039344787597656,9.04776668548584,17440554
1997-11-11,9.06460952758789,9.117947578430176,9.002850532531738,9.042152404785156,21506811
1997-11-12,9.039344787597656,9.081454277038574,8.8456449508667,8.876524925231934,24527560
1997-11-13,8.8456449508667,8.870909690856934,8.595800399780273,8.66036605834961,29066700
1997-11-14,8.66036605834961,8.66036605834961,8.66036605834961,8.66036605834961,0
1997-11-17,8.435786247253418,8.696861267089844,8.42736530303955,8.654751777648926,13979872
1997-11-18,8.632293701171875,8.646329879760742,8.48351001739502,8.545269012451172,23069728
1997-11-19,8.42736530303955,8.472281455993652,8.233663558959961,8.351569175720215,23140972
1997-11-20,8.256121635437012,8.393677711486816,8.034350395202637,8.30384635925293,18868998
1997-11-21,8.208398818969727,8.208398818969727,7.722744941711426,7.739587783813477,60459520
1997-11-24,7.722744941711426,7.722744941711426,7.197789192199707,7.197789192199707,42392017
1997-11-25,7.158486843109131,7.461670875549316,6.886184215545654,7.388681888580322,44269299
1997-11-26,7.46728515625,7.579575061798096,7.377452850341797,7.408332824707031,19589454
1997-11-27,7.304463863372803,7.607647895812988,7.304463863372803,7.5823822021484375,32551427
1997-11-28,7.498165130615234,7.529045104980469,7.228669166564941,7.301657199859619,38201974
1997-12-01,7.225861072540283,7.318500995635986,7.161294937133789,7.298850059509277,21277939
1997-12-02,7.310079097747803,7.318500995635986,7.180944919586182,7.234282970428467,20375811
1997-12-03,7.24270486831665,7.293234825134277,7.13602876663208,7.217440128326416,12563005
1997-12-04,7.150065898895264,7.298850059509277,6.880569934844971,7.091113090515137,22203222
1997-12-05,7.032161235809326,7.186560153961182,6.8777618408203125,6.95636510848999,31318904
1997-12-08,6.919870853424072,6.970401763916016,6.8272318840026855,6.888990879058838,22315431
1997-12-09,6.905835151672363,6.990052223205566,6.661603927612305,6.740207195281982,30518298
1997-12-10,6.8272318840026855,6.8272318840026855,6.546506881713867,6.63072395324707,31150590
1997-12-11,6.625110149383545,6.849689960479736,6.540892124176025,6.796351909637451,43722501
1997-12-12,6.8777618408203125,7.051812171936035,6.723363876342773,6.874955177307129,42261106
1997-12-15,6.849689960479736,7.155680179595947,6.849689960479736,7.13602876663208,47906310
1997-12-16,7.144451141357422,7.282005786895752,7.029354095458984,7.223053932189941,39343661
1997-12-17,7.405526161193848,7.405526161193848,7.1472578048706055,7.217440128326416,18184164
1997-12-18,7.200595855712891,7.354994773864746,7.10515022277832,7.150065898895264,37007745
1997-12-19,7.130414962768555,7.239898204803467,7.085498809814453,7.211824893951416,16052185
1997-12-22,7.24270486831665,7.3269219398498535,7.228669166564941,7.304463863372803,17853770
1997-12-23,7.3269219398498535,7.481320858001709,7.3269219398498535,7.411139965057373,30662568
1997-12-24,7.161294937133789,7.3465728759765625,7.161294937133789,7.304463863372803,20178108
1997-12-25,7.304463863372803,7.304463863372803,7.304463863372803,7.304463863372803,0
1997-12-26,7.298850059509277,7.461670875549316,7.298850059509277,7.42517614364624,16899099
1997-12-29,7.461670875549316,7.691864967346191,7.442019939422607,7.658177852630615,33797308
1997-12-30,7.677828788757324,7.7115159034729,7.498165130615234,7.548695087432861,30771215
1997-12-31,7.60483980178833,7.725552082061768,7.529045104980469,7.618876934051514,20681270
1998-01-01,7.5851898193359375,7.660984992980957,7.500971794128418,7.613262176513672,13231809
1998-01-02,7.660984992980957,7.969782829284668,7.660984992980957,7.922060012817383,71521947
1998-01-05,7.9950480461120605,8.079265594482422,7.922060012817383,7.964168071746826,37827052
1998-01-06,7.966976165771484,7.966976165771484,7.776082992553711,7.840649127960205,29341880
1998-01-07,7.916444778442383,7.986626148223877,7.75362491607666,7.857492923736572,27872471
1998-01-08,7.806962013244629,7.806962013244629,7.557116985321045,7.587996959686279,35180334
1998-01-09,7.537466049194336,7.537466049194336,7.282005786895752,7.338150978088379,39525333
1998-01-12,7.217440128326416,7.24270486831665,6.8833770751953125,6.970401763916016,54659360
1998-01-13,7.020932197570801,7.186560153961182,6.967594146728516,7.001280784606934,41005429
1998-01-14,7.158486843109131,7.209018230438232,6.917064189910889,6.964787006378174,39151302
1998-01-15,6.919870853424072,7.043389797210693,6.830039024353027,7.004088878631592,34997771
1998-01-16,7.020932197570801,7.169715881347656,6.950750827789307,7.1163787841796875,33156111
1998-01-19,7.0826921463012695,7.3521881103515625,7.023738861083984,7.265162944793701,35249797
1998-01-20,7.340959072113037,7.427984237670898,7.192173957824707,7.231475830078125,33977199
1998-01-21,7.234282970428467,7.408332824707031,7.192173957824707,7.3465728759765625,33061712
1998-01-22,7.225861072540283,7.234282970428467,7.079884052276611,7.102342128753662,30386497
1998-01-23,7.079884052276611,7.130414962768555,7.023738861083984,7.043389797210693,18915307
1998-01-26,7.043389797210693,7.043389797210693,7.043389797210693,7.043389797210693,0
1998-01-27,7.018125057220459,7.0630412101745605,6.8637261390686035,6.905835151672363,31100719
1998-01-28,6.8833770751953125,6.990052223205566,6.810388088226318,6.866532802581787,25299668
1998-01-29,6.832846164703369,6.9339070320129395,6.799159049987793,6.9030280113220215,17813695
1998-01-30,6.939521789550781,7.102342128753662,6.925486087799072,7.088305950164795,27917889
1998-02-02,7.121993064880371,7.180944919586182,7.03496789932251,7.1163787841796875,17476176
1998-02-03,7.1163787841796875,7.121993064880371,7.018125057220459,7.04058313369751,15008459
1998-02-04,7.121993064880371,7.164102077484131,6.950750827789307,6.984437942504883,23657492
1998-02-05,6.990052223205566,7.0630412101745605,6.978823184967041,7.009703159332275,10775669
1998-02-06,7.043389797210693,7.046196937561035,6.970401763916016,6.984437942504883,10805057
1998-02-09,6.970401763916016,6.970401763916016,6.830039024353027,6.8974127769470215,18440643
1998-02-10,6.85811185836792,6.8777618408203125,6.793544769287109,6.807580947875977,17829725
1998-02-11,6.799159049987793,6.869340896606445,6.686869144439697,6.754242897033691,17470833
1998-02-12,6.737400054931641,6.793544769287109,6.698098182678223,6.765471935272217,10620713
1998-02-13,6.748629093170166,6.8974127769470215,6.748629093170166,6.869340896606445,17109269
1998-02-16,6.869340896606445,6.869340896606445,6.869340896606445,6.869340896606445,0
1998-02-17,6.900219917297363,6.990052223205566,6.8637261390686035,6.880569934844971,16071777
1998-02-18,6.922677993774414,6.939521789550781,6.821617126464844,6.835653781890869,14203400
1998-02-19,6.8440752029418945,6.911448955535889,6.835653781890869,6.85811185836792,9320508
1998-02-20,6.8637261390686035,6.900219917297363,6.768280029296875,6.785122871398926,14915841
1998-02-23,6.790738105773926,6.8777618408203125,6.787930011749268,6.860918998718262,10476444
1998-02-24,6.888990879058838,6.911448955535889,6.835653781890869,6.852497100830078,15144713
1998-02-25,6.919870853424072,7.088305950164795,6.911448955535889,7.051812171936035,24070708
1998-02-26,7.079884052276611,7.144451141357422,6.990052223205566,7.091113090515137,26391484
1998-02-27,7.130414962768555,7.515007972717285,7.119185924530029,7.433598041534424,68939348
1998-03-02,7.495357990264893,7.7957329750061035,7.495357990264893,7.762045860290527,55872291
1998-03-03,7.697480201721191,7.776082992553711,7.265162944793701,7.383068084716797,31889747
1998-03-04,7.439212799072266,7.717130184173584,7.397103786468506,7.64694881439209,38323979
1998-03-05,7.6216840744018555,7.748010158538818,7.495357990264893,7.5655388832092285,27214353
1998-03-06,7.523429870605469,7.632913112640381,7.481320858001709,7.5515031814575195,22113276
1998-03-09,7.649755954742432,7.705901145935059,7.557116985321045,7.683443069458008,27872471
1998-03-10,7.691864967346191,8.051193237304688,7.649755954742432,7.784503936767578,60597555
1998-03-11,7.97258996963501,8.166290283203125,7.523429870605469,7.644142150878906,45229313
1998-03-12,7.559924125671387,7.719937801361084,7.559924125671387,7.6216840744018555,29903818
1998-03-13,7.6216840744018555,7.6216840744018555,7.6216840744018555,7.6216840744018555,0
1998-03-16,7.686251163482666,7.97820520401001,7.686251163482666,7.798541069030762,39791608
1998-03-17,7.725552082061768,8.13821792602539,7.680635929107666,8.042771339416504,59279540
1998-03-18,8.188748359680176,8.365605354309082,8.101723670959473,8.253314971923828,100048973
1998-03-19,8.301037788391113,8.365605354309082,8.141024589538574,8.21962833404541,50958229
1998-03-20,8.169097900390625,8.472281455993652,8.096109390258789,8.3992919921875,87560774
1998-03-23,8.47789478302002,8.58457088470459,8.42175006866455,8.534040451049805,21443582
1998-03-24,8.691246032714844,8.755812644958496,8.48351001739502,8.514389038085938,68567988
1998-03-25,8.590185165405273,8.730547904968262,8.534040451049805,8.66598129272461,41277047
1998-03-26,8.657559394836426,8.758620262145996,8.424556732177734,8.463858604431152,47025555
1998-03-27,8.42175006866455,8.590185165405273,8.351569175720215,8.562112808227539,47004182
1998-03-30,8.60422134399414,8.674403190612793,8.337532997131348,8.365605354309082,45602454
1998-03-31,8.343147277832031,8.4049072265625,8.199976921081543,8.270158767700195,43009169
1998-04-01,8.388063430786133,8.559305191040039,8.365605354309082,8.539654731750488,32053609
1998-04-02,8.534040451049805,8.753005981445312,8.520004272460938,8.609835624694824,63697564
1998-04-03,8.595800399780273,8.814764976501465,8.595800399780273,8.781078338623047,64626409
1998-04-06,8.814764976501465,9.421131134033203,8.814764976501465,9.297612190246582,118556408
1998-04-07,9.426746368408203,9.426746368408203,9.123562812805176,9.202165603637695,54949680
1998-04-08,9.202165603637695,9.202165603637695,9.202165603637695,9.202165603637695,0
1998-04-09,9.320070266723633,9.393058776855469,9.109525680541992,9.199357986450195,60924388
1998-04-10,9.176899909973145,9.303227424621582,9.123562812805176,9.146020889282227,47650722
1998-04-13,9.044960021972656,9.095490455627441,8.876524925231934,8.921441078186035,46491224
1998-04-14,8.921441078186035,8.921441078186035,8.921441078186035,8.921441078186035,0
1998-04-15,9.101104736328125,9.303227424621582,9.101104736328125,9.247081756591797,32985125
1998-04-16,9.207779884338379,9.286382675170898,9.067418098449707,9.12917709350586,35600674
1998-04-17,9.067418098449707,9.179707527160645,9.067418098449707,9.162863731384277,23547954
1998-04-20,9.196551322937012,9.275154113769531,9.067418098449707,9.098297119140625,27754027
1998-04-21,9.098297119140625,9.165671348571777,8.997236251831055,9.042152404785156,31123873
1998-04-22,9.25831127166748,9.88152027130127,9.067418098449707,9.095490455627441,38687324
1998-04-23,9.016886711120605,9.089876174926758,8.649136543273926,8.694052696228027,42104369
1998-04-24,8.708089828491211,8.719319343566895,8.3992919921875,8.573342323303223,33726954
1998-04-27,8.590185165405273,8.590185165405273,8.301037788391113,8.351569175720215,36106507
1998-04-28,8.309459686279297,8.365605354309082,8.163482666015625,8.208398818969727,34003916
1998-04-29,8.646329879760742,8.753005981445312,8.494738578796387,8.517196655273438,38742539
1998-04-30,8.528426170349121,8.562112808227539,8.441400527954102,8.528426170349121,27118174
1998-05-01,8.528426170349121,8.528426170349121,8.528426170349121,8.528426170349121,0
1998-05-04,8.590185165405273,8.792306900024414,8.539654731750488,8.747390747070312,44211413
1998-05-05,8.758620262145996,8.980393409729004,8.716510772705078,8.957935333251953,62533614
1998-05-06,8.983200073242188,9.002850532531738,8.713704109191895,8.750198364257812,42084777
1998-05-07,8.750198364257812,8.750198364257812,8.750198364257812,8.750198364257812,0
1998-05-08,8.674403190612793,8.842838287353516,8.60702896118164,8.76704216003418,41096265
1998-05-11,8.78669261932373,8.837223052978516,8.730547904968262,8.814764976501465,18844953
1998-05-12,8.809150695800781,8.809150695800781,8.50596809387207,8.618258476257324,46631932
1998-05-13,8.550884246826172,8.615449905395508,8.202784538269043,8.281388282775879,51427550
1998-05-14,8.365605354309082,8.60141372680664,8.211206436157227,8.550884246826172,53028761
1998-05-15,8.640715599060059,8.674403190612793,8.424556732177734,8.463858604431152,32250420
1998-05-18,8.548075675964355,8.671594619750977,8.50596809387207,8.576148986816406,31792677
1998-05-19,8.590185165405273,8.758620262145996,8.562112808227539,8.736162185668945,51040160
1998-05-20,8.750198364257812,8.78388500213623,8.621065139770508,8.710897445678711,33189952
1998-05-21,8.716510772705078,8.744584083557129,8.435786247253418,8.520004272460938,36396827
1998-05-22,8.534040451049805,8.556497573852539,8.42736530303955,8.491930961608887,29266183
1998-05-25,8.432978630065918,8.48070240020752,8.31788158416748,8.345953941345215,36731674
1998-05-26,8.312267303466797,8.354375839233398,8.062421798706055,8.11014461517334,77213459
1998-05-27,8.19717025756836,8.267351150512695,8.034350395202637,8.073651313781738,31216490
1998-05-28,7.981011867523193,8.084879875183105,7.669406890869141,7.705901145935059,41374117
1998-05-29,7.776082992553711,8.475088119506836,7.691864967346191,8.466666221618652,152842629
1998-06-01,8.621065139770508,8.988815307617188,8.253314971923828,8.48351001739502,134411781
1998-06-02,8.469472885131836,8.865296363830566,8.374027252197266,8.494738578796387,102831055
1998-06-03,8.702474594116211,9.033731460571289,8.542462348937988,8.96354866027832,92220138
1998-06-04,9.033731460571289,9.13479232788086,8.820380210876465,8.8456449508667,75816185
1998-06-05,8.817571640014648,8.831608772277832,8.253314971923828,8.340339660644531,68385425
1998-06-08,8.416135787963867,8.534040451049805,7.748010158538818,8.098916053771973,65696851
1998-06-09,8.19717025756836,8.253314971923828,7.933289051055908,8.065229415893555,46329144
1998-06-10,8.084879875183105,8.169097900390625,7.523429870605469,7.683443069458008,53225573
1998-06-11,7.5515031814575195,7.677828788757324,7.36060905456543,7.607647895812988,44747525
1998-06-12,7.658177852630615,7.966976165771484,7.658177852630615,7.826612949371338,52698366
1998-06-15,7.75362491607666,7.75362491607666,7.259548187255859,7.279199123382568,38754116
1998-06-16,7.192173957824707,7.237090110778809,6.804773807525635,7.1135711669921875,41497904
1998-06-17,7.192173957824707,7.663793087005615,7.192173957824707,7.613262176513672,31212928
1998-06-18,7.6357197761535645,7.703094005584717,7.248319149017334,7.298850059509277,18125388
1998-06-19,7.192173957824707,7.192173957824707,6.967594146728516,7.006896018981934,16936502
1998-06-22,6.8833770751953125,6.9030280113220215,6.456675052642822,6.813196182250977,22692134
1998-06-23,6.681254863739014,6.888990879058838,6.597036838531494,6.75705099105835,26307772
1998-06-24,6.905835151672363,7.124800205230713,6.807580947875977,7.0630412101745605,32190753
1998-06-25,7.124800205230713,7.259548187255859,7.046196937561035,7.1528730392456055,29933206
1998-06-26,7.130414962768555,7.130414962768555,6.928293228149414,6.959173202514648,17911656
1998-06-29,6.911448955535889,7.1528730392456055,6.8637261390686035,7.124800205230713,16346957
1998-06-30,7.130414962768555,7.13602876663208,6.987245082855225,7.032161235809326,18836938
1998-07-01,7.130414962768555,7.130414962768555,6.8777618408203125,6.978823184967041,8713152
1998-07-02,6.900219917297363,6.99847412109375,6.8974127769470215,6.922677993774414,6130554
1998-07-03,6.8833770751953125,6.914257049560547,6.723363876342773,6.768280029296875,10919938
1998-07-06,6.793544769287109,6.961979866027832,6.768280029296875,6.936715126037598,8821800
1998-07-07,6.95636510848999,7.074269771575928,6.804773807525635,6.849689960479736,21505920
1998-07-08,7.012509822845459,7.102342128753662,6.900219917297363,7.004088878631592,25321932
1998-07-09,7.018125057220459,7.158486843109131,6.99847412109375,7.051812171936035,24748417
1998-07-10,7.054618835449219,7.383068084716797,7.054618835449219,7.318500995635986,40503158
1998-07-13,7.397103786468506,7.453248977661133,7.107956886291504,7.155680179595947,25585535
1998-07-14,7.138836860656738,7.214632034301758,7.049005031585693,7.09953498840332,15570397
1998-07-15,7.228669166564941,7.3465728759765625,7.088305950164795,7.119185924530029,18943804
1998-07-16,7.214632034301758,7.304463863372803,7.10515022277832,7.279199123382568,16158160
1998-07-17,7.293234825134277,7.450441837310791,7.186560153961182,7.239898204803467,30899454
1998-07-20,7.186560153961182,7.237090110778809,6.992859840393066,7.032161235809326,15908806
1998-07-21,7.004088878631592,7.0770769119262695,6.849689960479736,6.866532802581787,18285687
1998-07-22,6.9339070320129395,7.018125057220459,6.8777618408203125,6.900219917297363,9728381
1998-07-23,6.905835151672363,6.905835151672363,6.349998950958252,6.349998950958252,55951550
1998-07-24,6.063660144805908,6.232094764709473,5.8418869972229,5.8475022315979,55978266
1998-07-27,5.8952250480651855,5.951369762420654,5.586427211761475,5.662222862243652,35432360
1998-07-28,5.650993824005127,6.007514953613281,5.589234828948975,5.968213081359863,33889925
1998-07-29,6.032780170440674,6.032780170440674,5.78293514251709,5.948563098907471,17099473
1998-07-30,5.96259880065918,6.063660144805908,5.853116035461426,5.8896098136901855,15244455
1998-07-31,5.881188869476318,5.996285915374756,5.659416198730469,5.74082612991333,32733099
1998-08-03,5.670645236968994,5.670645236968994,5.5358967781066895,5.578005790710449,16965890
1998-08-04,5.547125816345215,5.653800964355469,5.479752063751221,5.5162458419799805,22771393
1998-08-05,5.389920234680176,5.886803150177002,5.389920234680176,5.7520551681518555,31170182
1998-08-06,5.760477066040039,5.8952250480651855,5.614500045776367,5.639764785766602,33697566
1998-08-07,5.642571926116943,5.721175193786621,5.572391033172607,5.642571926116943,15802830
1998-08-10,5.575198173522949,5.642571926116943,5.530282020568848,5.544319152832031,15248017
1998-08-11,5.547125816345215,5.547125816345215,5.37869119644165,5.406763076782227,19516429
1998-08-12,5.364655017852783,5.460101127624512,5.221485137939453,5.243943214416504,30162968
1998-08-13,5.221485137939453,5.4460649490356445,5.221485137939453,5.387113094329834,21092704
1998-08-14,5.401148796081543,5.4264140129089355,5.291666030883789,5.311316967010498,12218362
1998-08-17,5.361846923828125,5.389920234680176,5.249557018280029,5.260786056518555,8252737
1998-08-18,5.255171775817871,5.263594150543213,5.137267112731934,5.151303768157959,18149433
1998-08-19,5.221485137939453,5.361846923828125,5.112001895904541,5.199027061462402,21855907
1998-08-20,5.207448959350586,5.429221153259277,5.193411827087402,5.384305000305176,20390060
1998-08-21,5.165339946746826,5.572391033172607,5.165339946746826,5.347811222076416,41863920
1998-08-24,5.277629852294922,5.389920234680176,5.238327980041504,5.328159809112549,14353013
1998-08-25,5.3028950691223145,5.370268821716309,5.280436992645264,5.308509826660156,14416242
1998-08-26,5.308509826660156,5.308509826660156,5.308509826660156,5.308509826660156,0
1998-08-27,5.3562331199646,5.412377834320068,5.255171775817871,5.291666030883789,18079970
1998-08-28,5.224291801452637,5.249557018280029,5.081121921539307,5.114809036254883,16050404
1998-08-31,5.159725189208984,5.162532806396484,5.0137481689453125,5.058663845062256,10944874
1998-09-01,5.027784824371338,5.027784824371338,4.7639031410217285,4.853734970092773,17161811
1998-09-02,4.940760135650635,4.9969048500061035,4.879000186920166,4.923915863037109,10629619
1998-09-03,4.9576029777526855,5.041821002960205,4.870578765869141,4.893036842346191,11629708
1998-09-04,4.940760135650635,4.974446773529053,4.873385906219482,4.94637393951416,23458008
1998-09-07,4.98848295211792,5.2270989418029785,4.98848295211792,5.165339946746826,30724906
1998-09-08,5.151303768157959,5.328159809112549,5.137267112731934,5.257978916168213,26397718
1998-09-09,5.462907791137695,5.49940299987793,5.221485137939453,5.249557018280029,20992072
1998-09-10,5.269207954406738,5.3028950691223145,5.204640865325928,5.249557018280029,15104638
1998-09-11,5.187798023223877,5.1962199211120605,5.112001895904541,5.145689010620117,13619199
1998-09-14,5.215869903564453,5.328159809112549,5.1962199211120605,5.300087928771973,21196899
1998-09-15,5.2523651123046875,5.3562331199646,5.241136074066162,5.269207954406738,18413926
1998-09-16,5.333775043487549,5.462907791137695,5.288858890533447,5.322546005249023,31493452
1998-09-17,5.333775043487549,5.37869119644165,5.2664008140563965,5.286052227020264,13119600
1998-09-18,5.2664008140563965,5.4460649490356445,5.235520839691162,5.4264140129089355,35597112
1998-09-21,5.471330165863037,5.549932956695557,5.392726898193359,5.42080020904541,26834979
1998-09-22,5.392726898193359,5.440450191497803,5.342196941375732,5.37307596206665,15171430
1998-09-23,5.434835910797119,5.4657158851623535,5.381497859954834,5.398342132568359,11114969
1998-09-24,5.45729398727417,5.5162458419799805,5.434835910797119,5.485365867614746,16601655
1998-09-25,5.49378776550293,5.552740097045898,5.454486846923828,5.474136829376221,18688216
1998-09-28,5.530282020568848,5.530282020568848,5.389920234680176,5.403955936431885,10037402
1998-09-29,5.398342132568359,5.4264140129089355,5.137267112731934,5.201834201812744,15516073
1998-09-30,5.243943214416504,5.243943214416504,5.151303768157959,5.184990882873535,11479204
1998-10-01,5.184990882873535,5.184990882873535,5.184990882873535,5.184990882873535,0
1998-10-02,5.184990882873535,5.184990882873535,5.184990882873535,5.184990882873535,0
1998-10-05,5.109195232391357,5.109195232391357,4.772325038909912,4.786361217498779,19307149
1998-10-06,4.721794128417969,4.937952995300293,4.699336051940918,4.822854995727539,12703712
1998-10-07,4.9098801612854,4.980061054229736,4.870578765869141,4.968832015991211,9983078
1998-10-08,4.991290092468262,5.0530500411987305,4.738637924194336,4.766709804534912,12234392
1998-10-09,4.721794128417969,4.932338237762451,4.721794128417969,4.786361217498779,13524800
1998-10-12,4.828470230102539,4.862156867980957,4.66845703125,4.70495080947876,7208121
1998-10-13,4.688107013702393,4.7442522048950195,4.575817108154297,4.601082801818848,13181048
1998-10-14,4.710565090179443,4.730216026306152,4.393345832824707,4.612311840057373,24790273
1998-10-15,4.645998954772949,4.645998954772949,4.382116794586182,4.412996768951416,16913348
1998-10-16,4.446683883666992,4.477563858032227,4.247368812561035,4.309129238128662,16408405
1998-10-19,4.356852054595947,4.368081092834473,4.213682174682617,4.227717876434326,6083355
1998-10-20,4.196838855743408,4.210875034332275,4.028404235839844,4.048054218292236,14414461
1998-10-21,4.048054218292236,4.048054218292236,4.048054218292236,4.048054218292236,0
1998-10-22,4.174380779266357,4.179995059967041,3.8515470027923584,3.930150032043457,22939708
1998-10-23,3.986294984817505,4.154729843139648,3.8487401008605957,4.053668975830078,26704958
1998-10-26,4.132271766662598,4.379310131072998,4.132271766662598,4.379310131072998,16404843
1998-10-27,4.457912921905518,4.601082801818848,4.2950921058654785,4.466334819793701,32309197
1998-10-28,4.51967191696167,4.660035133361816,4.356852054595947,4.396152973175049,34740401
1998-10-29,4.323164939880371,4.536516189575195,4.247368812561035,4.460720062255859,32662746
1998-10-30,4.542129993438721,4.741445064544678,4.463527202606201,4.575817108154297,74022614
1998-11-02,4.631961822509766,4.685299873352051,4.51967191696167,4.575817108154297,22927240
1998-11-03,4.5645880699157715,4.713373184204102,4.547745227813721,4.676877975463867,53311065
1998-11-04,49.08889389038086,49.08889389038086,49.08889389038086,49.08889389038086,0
1998-11-05,4.755480766296387,4.904265880584717,4.716179847717285,4.884614944458008,62167597
1998-11-06,4.901457786560059,4.912686824798584,4.828470230102539,4.881807804107666,27168045
1998-11-09,4.935144901275635,5.069892883300781,4.901457786560059,4.991290092468262,44166886
1998-11-10,5.03059196472168,5.039013862609863,4.904265880584717,4.9969048500061035,28538603
1998-11-11,5.064279079437256,5.154110908508301,4.949182033538818,4.98848295211792,39865524
1998-11-12,4.935144901275635,5.010941028594971,4.862156867980957,4.985675811767578,22766050
1998-11-13,4.943566799163818,5.311316967010498,4.893036842346191,5.17095422744751,90487125
1998-11-16,5.086737155914307,5.274823188781738,5.03059196472168,5.092350959777832,49951016
1998-11-17,5.081121921539307,5.204640865325928,5.081121921539307,5.168147087097168,34302250
1998-11-18,5.277629852294922,5.381497859954834,5.2664008140563965,5.319738864898682,63979869
1998-11-19,5.328159809112549,5.541511058807373,5.316930770874023,5.423606872558594,120422113
1998-11-20,5.544319152832031,5.578005790710449,5.263594150543213,5.305702209472656,95957781
1998-11-23,5.201834201812744,5.213062763214111,5.137267112731934,5.156918048858643,39483477
1998-11-24,5.241136074066162,5.288858890533447,5.145689010620117,5.162532806396484,58023862
1998-11-25,54.18635940551758,54.18635940551758,54.18635940551758,54.18635940551758,0
1998-11-26,5.036205768585205,5.140075206756592,4.806012153625488,4.859350204467773,54515981
1998-11-27,4.884614944458008,4.9098801612854,4.699336051940918,4.738637924194336,47542965
1998-11-30,4.752674102783203,4.828470230102539,4.699336051940918,4.828470230102539,27686345
1998-12-01,4.8032050132751465,5.13165283203125,4.794783115386963,5.081121921539307,61206692
1998-12-02,5.128846168518066,5.243943214416504,5.109195232391357,5.140075206756592,48876121
1998-12-03,5.165339946746826,5.182182788848877,5.010941028594971,5.09515905380249,40348202
1998-12-04,5.097966194152832,5.277629852294922,5.055857181549072,5.277629852294922,60442599
1998-12-07,5.294473171234131,5.423606872558594,5.263594150543213,5.389920234680176,64597911
1998-12-08,5.381497859954834,5.5022101402282715,5.336582183837891,5.5022101402282715,63739420
1998-12-09,5.552740097045898,5.580812931060791,5.395534038543701,5.401148796081543,53469584
1998-12-10,5.4460649490356445,5.4965949058532715,5.37307596206665,5.423606872558594,29629528
1998-12-11,5.4460649490356445,5.811007022857666,5.440450191497803,5.794164180755615,169559165
1998-12-14,5.7717061042785645,5.811007022857666,5.597655773162842,5.642571926116943,74011928
1998-12-15,5.586427211761475,5.6959099769592285,5.55835485458374,5.563969135284424,69038199
1998-12-16,5.6004638671875,5.681873798370361,5.460101127624512,5.681873798370361,71529071
1998-12-17,5.4460649490356445,5.620113849639893,5.3506178855896,5.389920234680176,65969360
1998-12-18,5.434835910797119,5.507823944091797,5.359039783477783,5.468523025512695,46274820
1998-12-21,5.867152214050293,5.906454086303711,5.468523025512695,5.906454086303711,28131621
1998-12-22,6.066466808319092,6.086118221282959,5.8952250480651855,6.074889183044434,69961701
1998-12-23,6.114190101623535,6.198408126831055,6.063660144805908,6.063660144805908,68018518
1998-12-24,6.013129234313965,6.3584208488464355,6.010322093963623,6.333156108856201,111599422
1998-12-25,66.47331237792969,66.47331237792969,66.47331237792969,66.47331237792969,0
1998-12-28,6.42860221862793,6.568964958190918,6.349998950958252,6.568964958190918,87671202
1998-12-29,6.543700218200684,6.872148036956787,6.456675052642822,6.855303764343262,80318811
1998-12-30,6.95636510848999,7.018125057220459,6.728978157043457,6.796351909637451,76303316
1998-12-31,6.740207195281982,6.782316207885742,6.577386856079102,6.597036838531494,63254960
1999-01-01,6.6279168128967285,6.961979866027832,6.6082658767700195,6.961979866027832,102460586
1999-01-04,6.928293228149414,6.959173202514648,6.75705099105835,6.776700973510742,51251221
1999-01-05,6.787930011749268,6.9030280113220215,6.71494197845459,6.807580947875977,94085842
1999-01-06,6.976016044616699,7.124800205230713,6.914257049560547,7.006896018981934,103005603
1999-01-07,7.043389797210693,7.119185924530029,6.990052223205566,7.0630412101745605,67784303
1999-01-08,7.186560153961182,7.3269219398498535,7.107956886291504,7.3269219398498535,87920556
1999-01-11,7.46728515625,7.686251163482666,7.307271957397461,7.354994773864746,101157709
1999-01-12,7.276391983032227,7.324114799499512,6.967594146728516,7.029354095458984,65710210
1999-01-13,7.130414962768555,7.144451141357422,6.911448955535889,6.9339070320129395,43702909
1999-01-14,6.835653781890869,7.169715881347656,6.765471935272217,7.060234069824219,71324244
1999-01-15,7.130414962768555,7.130414962768555,6.793544769287109,6.801967144012451,43752780
1999-01-18,6.793544769287109,6.821617126464844,6.57177209854126,6.67844820022583,24949682
1999-01-19,6.619494915008545,6.658796787261963,6.181563854217529,6.260167121887207,54467001
1999-01-20,6.260167121887207,6.260167121887207,6.260167121887207,6.260167121887207,0
1999-01-21,6.265781879425049,6.462288856506348,5.968213081359863,6.291047096252441,121785547
1999-01-22,6.260167121887207,6.439830780029297,6.195600986480713,6.237709045410156,53391215
1999-01-25,6.192792892456055,6.232094764709473,6.015936851501465,6.086118221282959,46547329
1999-01-26,6.086118221282959,6.086118221282959,6.086118221282959,6.086118221282959,0
1999-01-27,6.161913871765137,6.574578762054443,6.063660144805908,6.554928779602051,71832749
1999-01-28,6.501591205596924,6.67844820022583,6.321927070617676,6.361227989196777,58380083
1999-01-29,6.392107963562012,6.507205009460449,6.316311836242676,6.484746932983398,38913524
1999-02-01,6.372457027435303,6.6082658767700195,6.296661853790283,6.296661853790283,43414370
1999-02-02,6.319119930267334,6.369649887084961,6.20963716506958,6.2882399559021,36546439
1999-02-03,6.42860221862793,6.568964958190918,6.3584208488464355,6.563350200653076,56921360
1999-02-04,6.568964958190918,6.832846164703369,6.526855945587158,6.574578762054443,105506271
1999-02-05,6.619494915008545,6.728978157043457,6.540892124176025,6.625110149383545,63441085
1999-02-08,6.675640106201172,6.776700973510742,6.338769912719727,6.338769912719727,54826784
1999-02-09,6.30508279800415,6.411758899688721,6.136648178100586,6.400529861450195,53200637
1999-02-10,6.462288856506348,6.670025825500488,6.400529861450195,6.611073970794678,53733187
1999-02-11,6.653182029724121,6.731784820556641,6.524048805236816,6.540892124176025,63417931
1999-02-12,6.554928779602051,6.625110149383545,6.5296630859375,6.580193996429443,26556236
1999-02-15,6.681254863739014,6.984437942504883,6.625110149383545,6.712134838104248,82969092
1999-02-16,6.71494197845459,7.046196937561035,6.71494197845459,7.029354095458984,53301269
1999-02-17,7.158486843109131,7.290428161621094,6.905835151672363,7.054618835449219,97126184
1999-02-18,7.074269771575928,7.214632034301758,6.967594146728516,7.046196937561035,59239465
1999-02-19,7.158486843109131,7.214632034301758,7.046196937561035,7.071463108062744,48348914
1999-02-22,7.018125057220459,7.239898204803467,6.908641815185547,6.928293228149414,55028048
1999-02-23,6.9339070320129395,6.947944164276123,6.799159049987793,6.905835151672363,42786531
1999-02-24,6.976016044616699,7.04058313369751,6.880569934844971,6.9339070320129395,27734435
1999-02-25,6.945136070251465,7.155680179595947,6.905835151672363,7.006896018981934,56615010
1999-02-26,7.093921184539795,7.127607822418213,6.967594146728516,7.043389797210693,34372604
1999-03-01,6.765471935272217,6.8468828201293945,6.512819766998291,6.57177209854126,59824557
1999-03-02,68.97785186767578,68.97785186767578,68.97785186767578,68.97785186767578,0
1999-03-03,6.723363876342773,6.905835151672363,6.625110149383545,6.661603927612305,58243828
1999-03-04,6.6840620040893555,6.765471935272217,6.597036838531494,6.602652072906494,31094485
1999-03-05,6.577386856079102,6.765471935272217,6.574578762054443,6.622303009033203,34831238
1999-03-08,6.653182029724121,6.681254863739014,6.097346782684326,6.248938083648682,40432805
1999-03-09,6.265781879425049,6.616687774658203,6.153491973876953,6.344385147094727,54060019
1999-03-10,6.467904090881348,6.619494915008545,6.400529861450195,6.540892124176025,39317835
1999-03-11,6.568964958190918,6.782316207885742,6.422987937927246,6.43140983581543,58461123
1999-03-12,6.411758899688721,6.504397869110107,6.400529861450195,6.400529861450195,22879150
1999-03-15,6.400529861450195,6.439830780029297,6.2349019050598145,6.268589019775391,19924301
1999-03-16,6.232094764709473,6.400529861450195,6.114190101623535,6.114190101623535,35822421
1999-03-17,6.232094764709473,6.498784065246582,6.156299114227295,6.198408126831055,35456405
1999-03-18,6.2349019050598145,6.338769912719727,6.131033897399902,6.232094764709473,24307594
1999-03-19,6.2882399559021,6.372457027435303,6.175950050354004,6.181563854217529,22125744
1999-03-22,6.114190101623535,6.198408126831055,6.035586833953857,6.122611999511719,13475820
1999-03-23,6.091732025146484,6.187179088592529,5.912067890167236,6.029973030090332,27561668
1999-03-24,6.161913871765137,6.260167121887207,5.928912162780762,6.007514953613281,24669158
1999-03-25,5.811007022857666,6.0019001960754395,5.631342887878418,5.642571926116943,31505920
1999-03-26,5.648187160491943,5.7155609130859375,5.55835485458374,5.611692905426025,24598804
1999-03-29,58.900779724121094,58.900779724121094,58.900779724121094,58.900779724121094,0
1999-03-30,5.5022101402282715,5.55835485458374,5.2270989418029785,5.389920234680176,38950927
1999-03-31,5.726789951324463,5.822236061096191,5.709946155548096,5.822236061096191,14669764
1999-04-01,5.796970844268799,5.872766971588135,5.631342887878418,5.670645236968994,19826768
1999-04-02,5.670645236968994,5.670645236968994,5.670645236968994,5.670645236968994,0
1999-04-05,5.342196941375732,5.547125816345215,5.249557018280029,5.294473171234131,15417845
1999-04-06,5.249557018280029,5.468523025512695,5.1962199211120605,5.4460649490356445,16991253
1999-04-07,5.417992115020752,5.547125816345215,5.353425979614258,5.370268821716309,20076888
1999-04-08,5.401148796081543,5.406763076782227,5.235520839691162,5.300087928771973,9259114
1999-04-09,5.291666030883789,5.3506178855896,5.106388092041016,5.123230934143066,13622173
1999-04-12,5.0530500411987305,5.148496150970459,4.943566799163818,5.069892883300781,11538301
1999-04-13,5.075508117675781,5.103579998016357,4.9969048500061035,5.039013862609863,9021016
1999-04-14,5.039013862609863,5.039013862609863,5.039013862609863,5.039013862609863,0
1999-04-15,4.828470230102539,4.966024875640869,4.828470230102539,4.879000186920166,8292955
1999-04-16,4.904265880584717,5.269207954406738,4.856542110443115,5.269207954406738,17240287
1999-04-19,4.884614944458008,5.050242900848389,4.828470230102539,4.923915863037109,13477013
1999-04-20,4.940760135650635,4.99409818649292,4.856542110443115,4.918302059173584,11859719
1999-04-21,4.940760135650635,4.99409818649292,4.836892127990723,4.890229225158691,10782063
1999-04-22,4.901457786560059,4.9576029777526855,4.665648937225342,4.716179847717285,9198521
1999-04-23,4.735830783843994,4.761096000671387,4.5842390060424805,4.62073278427124,12566158
1999-04-26,4.435454845428467,4.435454845428467,4.252984046936035,4.252984046936035,15774012
1999-04-27,44.6396598815918,44.6396598815918,44.6396598815918,44.6396598815918,0
1999-04-28,4.210875034332275,4.379310131072998,4.191224098205566,4.379310131072998,11380246
1999-04-29,4.4186110496521,4.598275184631348,4.407382011413574,4.598275184631348,20649032
1999-04-30,4.62634801864624,4.966024875640869,4.550551891326904,4.966024875640869,43839982
1999-05-03,4.9969048500061035,5.316930770874023,4.921109199523926,5.210256099700928,51548469
1999-05-04,5.179376125335693,5.527474880218506,5.154110908508301,5.5162458419799805,41618253
1999-05-05,5.5022101402282715,5.5022101402282715,5.305702209472656,5.339388847351074,32154472
1999-05-06,5.294473171234131,5.6959099769592285,5.294473171234131,5.606078147888184,65407850
1999-05-07,5.670645236968994,5.811007022857666,5.533090114593506,5.55835485458374,43060340
1999-05-10,5.6762590408325195,6.0047078132629395,5.622921943664551,6.0047078132629395,75973224
1999-05-11,6.119804859161377,6.330348968505859,6.038394927978516,6.2882399559021,49816560
1999-05-12,6.338769912719727,6.3949151039123535,5.788548946380615,6.007514953613281,82628189
1999-05-13,6.1647210121154785,6.448253154754639,6.024357795715332,6.408952236175537,118862704
1999-05-14,6.456675052642822,6.793544769287109,6.42860221862793,6.709327220916748,130256380
1999-05-17,6.790738105773926,7.180944919586182,6.501591205596924,6.85811185836792,168947463
1999-05-18,6.905835151672363,7.0967278480529785,6.8272318840026855,6.911448955535889,96273107
1999-05-19,6.917064189910889,7.24270486831665,6.765471935272217,7.060234069824219,131166524
1999-05-20,7.119185924530029,7.214632034301758,6.821617126464844,6.908641815185547,120733699
1999-05-21,6.8637261390686035,6.905835151672363,6.3584208488464355,6.3584208488464355,68702551
1999-05-24,6.175950050354004,6.248938083648682,6.029973030090332,6.195600986480713,50614334
1999-05-25,6.175950050354004,6.583001136779785,6.119804859161377,6.484746932983398,95124546
1999-05-26,6.512819766998291,6.540892124176025,6.091732025146484,6.181563854217529,76059679
1999-05-27,6.175950050354004,6.425795078277588,5.788548946380615,5.788548946380615,91200029
1999-05-28,5.867152214050293,5.990671157836914,5.434835910797119,5.69871711730957,95157353
1999-05-31,5.917683124542236,6.156299114227295,5.799777984619141,6.156299114227295,66036436
1999-06-01,6.091732025146484,6.392107963562012,5.973827838897705,5.9850568771362305,97094178
1999-06-02,6.060853004455566,6.133841037750244,5.9148759841918945,6.094540119171143,28783309
1999-06-03,6.119804859161377,6.335962772369385,6.069273948669434,6.232094764709473,68666875
1999-06-04,6.316311836242676,6.731784820556641,6.316311836242676,6.731784820556641,113014811
1999-06-07,6.810388088226318,7.006896018981934,6.653182029724121,6.799159049987793,84544103
1999-06-08,6.700905799865723,7.3269219398498535,6.653182029724121,7.3269219398498535,71034637
1999-06-09,7.018125057220459,7.237090110778809,6.821617126464844,6.869340896606445,95345473
1999-06-10,6.939521789550781,7.046196937561035,6.6335320472717285,6.712134838104248,53272879
1999-06-11,6.6840620040893555,6.947944164276123,6.543700218200684,6.740207195281982,96347308
1999-06-14,6.580193996429443,7.0630412101745605,6.2349019050598145,6.8974127769470215,75597590
1999-06-15,7.068655014038086,7.450441837310791,7.068655014038086,7.18375301361084,95507981
1999-06-16,7.293234825134277,7.593610763549805,7.023738861083984,7.489743232727051,153654188
1999-06-17,7.571153163909912,7.745203018188477,7.46728515625,7.65256404876709,121084790
1999-06-18,7.733973979949951,8.256121635437012,7.733973979949951,8.174712181091309,182074455
1999-06-21,8.264543533325195,8.618258476257324,8.264543533325195,8.424556732177734,123056025
1999-06-22,8.534040451049805,8.534040451049805,8.141024589538574,8.348761558532715,85814100
1999-06-23,8.337532997131348,8.337532997131348,7.804154872894287,7.846263885498047,48039109
1999-06-24,7.722744941711426,8.056808471679688,7.697480201721191,8.006277084350586,72942447
1999-06-25,8.065229415893555,8.19717025756836,7.714323043823242,7.767661094665527,68406834
1999-06-28,7.908022880554199,8.028735160827637,7.806962013244629,7.874335765838623,33595669
1999-06-29,7.809770107269287,7.955747127532959,7.719937801361084,7.7648539543151855,36824897
1999-06-30,7.840649127960205,7.8518781661987305,7.5655388832092285,7.8153839111328125,53632358
1999-07-01,7.8546857833862305,8.101723670959473,7.8546857833862305,8.000662803649902,77381168
1999-07-02,8.056808471679688,8.334725379943848,8.056808471679688,8.264543533325195,90634529
1999-07-05,8.301037788391113,8.927055358886719,8.301037788391113,8.927055358886719,85823451
1999-07-06,9.190937042236328,9.190937042236328,8.730547904968262,8.795113563537598,98220422
1999-07-07,8.755812644958496,8.896175384521484,8.539654731750488,8.618258476257324,69419373
1999-07-08,8.68563175201416,8.78388500213623,8.536847114562988,8.626679420471191,43865595
1999-07-09,8.646329879760742,9.317262649536133,8.618258476257324,9.280769348144531,174637320
1999-07-12,9.320070266723633,9.741157531738281,9.291997909545898,9.662554740905762,115847814
1999-07-13,9.713085174560547,9.791687965393066,9.101104736328125,9.221816062927246,81183822
1999-07-14,9.207779884338379,9.707470893859863,9.053380966186523,9.53342056274414,122116208
1999-07-15,9.654132843017578,9.654132843017578,8.772656440734863,8.825993537902832,130412726
1999-07-16,8.710897445678711,9.011273384094238,8.50035285949707,8.8456449508667,105883027
1999-07-19,8.977585792541504,8.997236251831055,8.340339660644531,8.430171966552734,58917192
1999-07-20,8.337532997131348,8.657559394836426,8.253314971923828,8.329111099243164,82970713
1999-07-21,8.309459686279297,8.556497573852539,8.199976921081543,8.365605354309082,36090477
1999-07-22,8.4049072265625,8.461051940917969,8.112953186035156,8.163482666015625,38246840
1999-07-23,8.174712181091309,8.30384635925293,8.11856746673584,8.174712181091309,24247144
1999-07-26,8.141024589538574,8.141024589538574,7.97258996963501,8.017505645751953,16221033
1999-07-27,7.97258996963501,8.461051940917969,7.947325229644775,8.143832206726074,67982700
1999-07-28,8.275773048400879,8.385255813598633,7.736781120300293,7.826612949371338,48689158
1999-07-29,7.748010158538818,7.910830974578857,7.714323043823242,7.8350348472595215,35278508
1999-07-30,7.804154872894287,7.966976165771484,7.733973979949951,7.7957329750061035,40532635
1999-08-02,7.8013482093811035,7.8013482093811035,7.478514194488525,7.520623207092285,18387905
1999-08-03,7.475707054138184,7.56834602355957,7.307271957397461,7.374646186828613,35005412
1999-08-04,7.6020331382751465,7.888372898101807,7.579575061798096,7.770468235015869,46743233
1999-08-05,7.776082992553711,7.8546857833862305,7.470091819763184,7.543080806732178,29230241
1999-08-06,7.540274143218994,7.576767921447754,7.416755199432373,7.486936092376709,19850510
1999-08-09,7.56834602355957,8.048385620117188,7.56834602355957,7.950131893157959,68683564
1999-08-10,7.865914821624756,7.902409076690674,7.669406890869141,7.705901145935059,36061392
1999-08-11,7.579575061798096,8.141024589538574,7.444827079772949,8.059615135192871,84370980
1999-08-12,8.126989364624023,8.331917762756348,7.975397109985352,8.020313262939453,67799265
1999-08-13,8.124181747436523,8.124181747436523,7.719937801361084,7.745203018188477,42502161
1999-08-16,7.849071025848389,8.017505645751953,7.618876934051514,7.703094005584717,49537586
1999-08-17,7.691864967346191,7.7648539543151855,7.5851898193359375,7.68905782699585,57530800
1999-08-18,7.97258996963501,8.306653022766113,7.899601936340332,8.228050231933594,102500197
1999-08-19,8.225242614746094,8.388063430786133,7.97258996963501,8.023120880126953,91765208
1999-08-20,8.028735160827637,8.19717025756836,7.874335765838623,8.146639823913574,54339616
1999-08-23,8.242086410522461,8.800728797912598,8.242086410522461,8.800728797912598,86448030
1999-08-24,8.8849458694458,9.179707527160645,8.708089828491211,9.030922889709473,98411980
1999-08-25,9.207779884338379,9.303227424621582,8.309459686279297,8.621065139770508,46806426
1999-08-26,8.809150695800781,8.952320098876953,8.556497573852539,8.730547904968262,40713008
1999-08-27,8.803536415100098,9.429553031921387,8.778270721435547,9.291997909545898,81832784
1999-08-30,9.488505363464355,9.814146041870117,9.339720726013184,9.656940460205078,114151083
1999-08-31,9.547456741333008,9.656940460205078,9.263924598693848,9.322876930236816,46639074
1999-09-01,9.482891082763672,9.572723388671875,8.932669639587402,9.185321807861328,66550801
1999-09-02,9.039344787597656,9.067418098449707,8.730547904968262,8.797922134399414,45748024
1999-09-03,8.781078338623047,9.025308609008789,8.769848823547363,8.8400297164917,38913400
1999-09-06,8.876524925231934,9.23023796081543,8.837223052978516,9.089876174926758,53885756
1999-09-07,9.146020889282227,9.320070266723633,8.988815307617188,9.036538124084473,49163003
1999-09-08,9.095490455627441,9.207779884338379,8.609835624694824,8.696861267089844,62379014
1999-09-09,8.755812644958496,8.781078338623047,8.562112808227539,8.649136543273926,34170680
1999-09-10,8.668787956237793,8.803536415100098,8.609835624694824,8.637907981872559,30217434
1999-09-13,8.637907981872559,8.637907981872559,8.637907981872559,8.637907981872559,0
1999-09-14,8.702474594116211,8.702474594116211,8.155060768127441,8.222434997558594,47749983
1999-09-15,8.359991073608398,8.47789478302002,8.183134078979492,8.211206436157227,32409152
1999-09-16,8.253314971923828,8.309459686279297,7.89398717880249,7.975397109985352,43728147
1999-09-17,7.902409076690674,8.056808471679688,7.868721961975098,8.01469898223877,37888286
1999-09-20,8.028735160827637,8.062421798706055,7.762045860290527,7.792925834655762,30483745
1999-09-21,7.776082992553711,7.888372898101807,7.655371189117432,7.680635929107666,42734897
1999-09-22,7.8209991455078125,7.93048095703125,7.691864967346191,7.748010158538818,25832948
1999-09-23,7.719937801361084,7.8209991455078125,7.691864967346191,7.776082992553711,19689712
1999-09-24,7.8518781661987305,8.169097900390625,7.818191051483154,7.997855186462402,46747400
1999-09-27,8.051193237304688,8.082073211669922,7.691864967346191,7.7115159034729,23729787
1999-09-28,7.719937801361084,7.745203018188477,7.5655388832092285,7.700286865234375,28563788
1999-09-29,7.860300064086914,8.180327415466309,7.804154872894287,8.065229415893555,50416151
1999-09-30,8.090495109558105,8.410520553588867,8.062421798706055,8.21682071685791,73368131
1999-10-01,8.236472129821777,8.29823112487793,7.885564804077148,7.97258996963501,47095267
1999-10-04,8.051193237304688,8.101723670959473,7.8153839111328125,7.899601936340332,48696229
1999-10-05,7.806962013244629,8.000662803649902,7.804154872894287,7.916444778442383,38423418
1999-10-06,7.969782829284668,8.051193237304688,7.778890132904053,7.846263885498047,37086861
1999-10-07,7.958553791046143,8.30384635925293,7.944518089294434,8.250508308410645,57874410
1999-10-08,8.309459686279297,8.913019180297852,8.174712181091309,8.86248779296875,103301854
1999-10-11,9.098297119140625,9.188129425048828,8.744584083557129,8.834416389465332,59767081
1999-10-12,8.971970558166504,9.067418098449707,8.702474594116211,8.851259231567383,55868711
1999-10-13,8.702474594116211,8.915825843811035,8.42175006866455,8.60702896118164,57978854
1999-10-14,8.668787956237793,8.86810302734375,8.621065139770508,8.76142692565918,35309001
1999-10-15,8.758620262145996,8.772656440734863,8.062421798706055,8.090495109558105,32186675
1999-10-18,8.062421798706055,8.21962833404541,7.804154872894287,8.076457977294922,50683993
1999-10-19,8.076457977294922,8.076457977294922,8.076457977294922,8.076457977294922,0
1999-10-20,8.410520553588867,8.724932670593262,8.337532997131348,8.674403190612793,53961595
1999-10-21,8.758620262145996,8.94951343536377,8.253314971923828,8.340339660644531,80734521
1999-10-22,8.253314971923828,9.008464813232422,8.028735160827637,8.974778175354004,163740820
1999-10-25,9.126370429992676,9.628868103027344,9.084260940551758,9.35937213897705,147048756
1999-10-26,9.320070266723633,9.51657772064209,9.160057067871094,9.348142623901367,73165601
1999-10-27,9.626059532165527,9.656940460205078,8.76423454284668,8.8400297164917,109843665
1999-10-28,8.814764976501465,9.06460952758789,8.47789478302002,8.609835624694824,71461710
1999-10-29,8.618258476257324,8.691246032714844,8.124181747436523,8.334725379943848,72932402
1999-11-01,8.323495864868164,8.393677711486816,7.669406890869141,7.680635929107666,50466502
1999-11-02,7.748010158538818,8.295424461364746,7.315692901611328,8.295424461364746,71422437
1999-11-03,8.334725379943848,8.334725379943848,7.649755954742432,7.770468235015869,48203184
1999-11-04,7.748010158538818,8.039963722229004,7.329730033874512,7.97258996963501,59285025
1999-11-05,7.860300064086914,8.135411262512207,7.860300064086914,7.997855186462402,33658809
1999-11-08,83.94613647460938,83.94613647460938,83.94613647460938,83.94613647460938,0
1999-11-09,7.97258996963501,8.028735160827637,7.7648539543151855,7.947325229644775,28493149
1999-11-10,7.983819007873535,8.180327415466309,7.919251918792725,8.051193237304688,21556023
1999-11-11,8.076457977294922,8.152254104614258,7.919251918792725,7.97820520401001,15202795
1999-11-12,8.028735160827637,8.028735160827637,7.818191051483154,7.891180038452148,13510017
1999-11-15,7.958553791046143,8.017505645751953,7.736781120300293,7.7957329750061035,14284227
1999-11-16,7.75362491607666,7.983819007873535,7.705901145935059,7.882758140563965,24653413
1999-11-17,7.97258996963501,8.084879875183105,7.7957329750061035,7.804154872894287,19673825
1999-11-18,7.818191051483154,7.944518089294434,7.725552082061768,7.865914821624756,21478188
1999-11-19,7.913638114929199,8.073651313781738,7.879951000213623,7.916444778442383,27822938
1999-11-22,7.952939033508301,7.952939033508301,7.756432056427002,7.7957329750061035,22657937
1999-11-23,81.82464599609375,81.82464599609375,81.82464599609375,81.82464599609375,0
1999-11-24,7.910830974578857,8.42175006866455,7.863107204437256,8.42175006866455,65760009
1999-11-25,8.556497573852539,8.795113563537598,8.312267303466797,8.640715599060059,104854156
1999-11-26,8.640715599060059,8.640715599060059,8.160676002502441,8.233663558959961,38638718
1999-11-29,8.253314971923828,8.253314971923828,8.042771339416504,8.079265594482422,20895982
1999-11-30,8.034350395202637,8.166290283203125,7.806962013244629,7.938902854919434,34056547
1999-12-01,8.051193237304688,8.191555976867676,7.944518089294434,8.048385620117188,18181154
1999-12-02,8.039963722229004,8.30384635925293,8.028735160827637,8.112953186035156,20530482
1999-12-03,8.160676002502441,8.253314971923828,7.888372898101807,7.966976165771484,31227889
1999-12-06,8.017505645751953,8.13821792602539,7.950131893157959,8.059615135192871,21697371
1999-12-07,8.056808471679688,8.42175006866455,8.028735160827637,8.264543533325195,50160082
1999-12-08,8.42175006866455,8.646329879760742,8.03154182434082,8.141024589538574,47796541
1999-12-09,8.141024589538574,8.264543533325195,8.090495109558105,8.135411262512207,15465044
1999-12-10,8.19717025756836,8.253314971923828,8.073651313781738,8.101723670959473,13182775
1999-12-13,8.166290283203125,8.169097900390625,7.916444778442383,7.955747127532959,14769542
1999-12-14,7.9950480461120605,8.023120880126953,7.748010158538818,7.812576770782471,25546422
1999-12-15,7.916444778442383,8.19436264038086,7.804154872894287,7.981011867523193,35440108
1999-12-16,7.97258996963501,8.082073211669922,7.89398717880249,7.93048095703125,13299028
1999-12-17,7.941709995269775,7.97258996963501,7.809770107269287,7.840649127960205,11392055
1999-12-20,7.75362491607666,8.023120880126953,7.75362491607666,7.947325229644775,18003329
1999-12-21,8.11856746673584,8.19717025756836,7.860300064086914,7.924867153167725,27901663
1999-12-22,8.028735160827637,8.559305191040039,7.916444778442383,8.461051940917969,75539366
1999-12-23,8.522810935974121,8.615449905395508,8.225242614746094,8.29823112487793,18968223
1999-12-24,8.309459686279297,8.309459686279297,8.062421798706055,8.11856746673584,14175188
1999-12-27,8.070843696594238,8.141024589538574,7.818191051483154,7.868721961975098,16313330
1999-12-28,7.966976165771484,8.017505645751953,7.778890132904053,7.860300064086914,20198092
1999-12-29,7.983819007873535,8.19717025756836,7.944518089294434,8.028735160827637,13607907
1999-12-30,8.079265594482422,8.141024589538574,7.93048095703125,7.992240905761719,6582081
1999-12-31,7.992240905761719,7.992240905761719,7.992240905761719,7.992240905761719,0
2000-01-03,8.309459686279297,8.60141372680664,8.202784538269043,8.559305191040039,35678775
2000-01-04,8.42736530303955,8.590185165405273,8.03154182434082,8.466666221618652,27698564
2000-01-05,8.11856746673584,9.146020889282227,8.11856746673584,8.78950023651123,68399389
2000-01-06,8.924247741699219,9.494119644165039,8.924247741699219,9.446395874023438,45604218
2000-01-07,9.735543251037598,10.049955368041992,9.3369140625,9.654132843017578,64862245
2000-01-10,9.766423225402832,10.381211280822754,9.766423225402832,10.232425689697266,82679734
2000-01-11,10.049955368041992,10.106100082397461,9.41551685333252,9.41551685333252,30385036
2000-01-12,9.263924598693848,9.656940460205078,8.935477256774902,9.280769348144531,41637507
2000-01-13,9.426746368408203,9.544650077819824,8.76142692565918,8.938283920288086,28226963
2000-01-14,9.039344787597656,9.089876174926758,8.758620262145996,8.910211563110352,27459807
2000-01-17,9.261117935180664,9.623252868652344,9.15725040435791,9.364986419677734,59244274
2000-01-18,9.370600700378418,9.88152027130127,9.165671348571777,9.701855659484863,62638289
2000-01-19,9.937664985656738,9.993809700012207,9.600794792175293,9.704663276672363,46612607
2000-01-20,9.600794792175293,10.049955368041992,9.022501945495605,9.15725040435791,147077200
2000-01-21,9.13479232788086,9.249889373779297,8.932669639587402,9.117947578430176,49780760
2000-01-24,9.202165603637695,9.202165603637695,8.42175006866455,8.486316680908203,43574830
2000-01-25,8.42175006866455,8.646329879760742,8.253314971923828,8.334725379943848,53971979
2000-01-26,8.334725379943848,8.334725379943848,8.334725379943848,8.334725379943848,0
2000-01-27,8.50035285949707,8.618258476257324,8.281388282775879,8.32630443572998,26117052
2000-01-28,8.309459686279297,8.47789478302002,8.042771339416504,8.112953186035156,35562060
2000-01-31,8.034350395202637,8.084879875183105,7.781696796417236,7.823805809020996,22607247
2000-02-01,7.809770107269287,8.011892318725586,7.781696796417236,7.888372898101807,31135985
2000-02-02,8.068037033081055,8.155060768127441,7.860300064086914,7.919251918792725,24517675
2000-02-03,7.966976165771484,8.208398818969727,7.8350348472595215,7.860300064086914,58332652
2000-02-04,7.966976165771484,7.97258996963501,7.804154872894287,7.865914821624756,29466753
2000-02-07,7.860300064086914,7.908022880554199,7.762045860290527,7.804154872894287,16559674
2000-02-08,7.776082992553711,8.056808471679688,7.75362491607666,7.922060012817383,47686611
2000-02-09,8.163482666015625,8.435786247253418,8.034350395202637,8.107337951660156,50720220
2000-02-10,8.169097900390625,8.169097900390625,7.922060012817383,7.964168071746826,19483033
2000-02-11,8.073651313781738,8.082073211669922,7.846263885498047,7.8715291023254395,20478990
2000-02-14,7.804154872894287,7.888372898101807,7.413947105407715,7.559924125671387,18048444
2000-02-15,7.495357990264893,7.691864967346191,7.3128862380981445,7.397103786468506,32393140
2000-02-16,7.624491214752197,7.748010158538818,7.5515031814575195,7.599225997924805,14320383
2000-02-17,7.6357197761535645,7.728359222412109,7.529045104980469,7.627297878265381,13636351
2000-02-18,7.632913112640381,7.663793087005615,7.439212799072266,7.478514194488525,11543128
2000-02-21,7.523429870605469,7.790119171142578,7.411139965057373,7.475707054138184,20764020
2000-02-22,7.543080806732178,7.593610763549805,7.321308135986328,7.369030952453613,18055782
2000-02-23,7.607647895812988,7.6357197761535645,7.186560153961182,7.228669166564941,12973549
2000-02-24,7.371838092803955,7.478514194488525,7.032161235809326,7.237090110778809,13982936
2000-02-25,7.248319149017334,7.46728515625,7.158486843109131,7.214632034301758,12145622
2000-02-28,7.253933906555176,7.397103786468506,7.13602876663208,7.340959072113037,9731676
2000-02-29,7.46728515625,7.627297878265381,6.754242897033691,6.768280029296875,27910212
2000-03-01,6.905835151672363,7.121993064880371,6.229288101196289,6.498784065246582,61787065
2000-03-02,6.849689960479736,7.020932197570801,6.349998950958252,6.473517894744873,80792300
2000-03-03,6.316311836242676,6.316311836242676,5.956984043121338,5.976634979248047,22578892
2000-03-06,6.114190101623535,6.316311836242676,5.684680938720703,5.774512767791748,26048319
2000-03-07,5.805393218994141,5.839079856872559,5.417992115020752,5.454486846923828,35483281
2000-03-08,5.580812931060791,5.580812931060791,5.081121921539307,5.117617130279541,24216224
2000-03-09,5.151303768157959,5.474136829376221,5.109195232391357,5.392726898193359,24864616
2000-03-10,5.389920234680176,5.4460649490356445,5.086737155914307,5.159725189208984,14866166
2000-03-13,5.238327980041504,5.328159809112549,5.002519130706787,5.0727009773254395,18245737
2000-03-14,5.159725189208984,5.479752063751221,5.010941028594971,5.479752063751221,23870191
2000-03-15,5.892417907714844,5.92048978805542,5.670645236968994,5.92048978805542,25957608
2000-03-16,6.063660144805908,6.282625198364258,5.645380020141602,6.122611999511719,58069085
2000-03-17,6.122611999511719,6.122611999511719,6.122611999511719,6.122611999511719,0
2000-03-20,6.122611999511719,6.122611999511719,6.122611999511719,6.122611999511719,0
2000-03-21,6.161913871765137,6.271396160125732,5.788548946380615,6.091732025146484,42703692
2000-03-22,6.114190101623535,6.366843223571777,5.951369762420654,6.150684833526611,25784235
2000-03-23,6.083311080932617,6.2208662033081055,5.799777984619141,5.853116035461426,15495786
2000-03-24,5.8952250480651855,5.9850568771362305,5.844694137573242,5.942947864532471,12228211
2000-03-27,6.0019001960754395,6.0019001960754395,5.78293514251709,5.839079856872559,8343200
2000-03-28,5.867152214050293,6.007514953613281,5.726789951324463,5.9710211753845215,21743395
2000-03-29,6.013129234313965,6.1450700759887695,5.830657958984375,5.886803150177002,20322680
2000-03-30,5.850308895111084,6.260167121887207,5.6762590408325195,6.094540119171143,45309089
2000-03-31,6.024357795715332,6.512819766998291,5.909261226654053,6.465096950531006,65205142
2000-04-03,6.554928779602051,6.984437942504883,6.554928779602051,6.886184215545654,61243775
2000-04-04,6.821617126464844,6.821617126464844,6.335962772369385,6.408952236175537,59219000
2000-04-05,6.400529861450195,6.681254863739014,6.131033897399902,6.639145851135254,60574793
2000-04-06,6.675640106201172,6.900219917297363,6.2882399559021,6.467904090881348,31219358
2000-04-07,6.501591205596924,6.95636510848999,6.473517894744873,6.919870853424072,79389040
2000-04-10,6.961979866027832,7.0630412101745605,6.6840620040893555,6.771087169647217,58570946
2000-04-11,6.597036838531494,6.706520080566406,6.4707112312316895,6.577386856079102,23816562
2000-04-12,6.625110149383545,6.717749118804932,6.490362167358398,6.552121162414551,14477779
2000-04-13,6.462288856506348,6.462288856506348,6.192792892456055,6.299468994140625,30391448
2000-04-14,6.299468994140625,6.299468994140625,6.299468994140625,6.299468994140625,0
2000-04-17,6.175950050354004,6.793544769287109,5.844694137573242,6.422987937927246,99882369
2000-04-18,6.4538679122924805,6.681254863739014,6.400529861450195,6.512819766998291,28366121
2000-04-19,6.681254863739014,6.765471935272217,6.38930082321167,6.510013103485107,42194101
2000-04-20,6.512819766998291,6.568964958190918,6.302276134490967,6.518434047698975,21940954
2000-04-21,6.518434047698975,6.518434047698975,6.518434047698975,6.518434047698975,0
2000-04-24,6.540892124176025,6.597036838531494,6.20963716506958,6.285432815551758,24270547
2000-04-25,6.181563854217529,6.232094764709473,5.979442119598389,6.131033897399902,37584804
2000-04-26,6.31069803237915,6.521242141723633,6.192792892456055,6.484746932983398,38422029
2000-04-27,6.456675052642822,6.456675052642822,6.175950050354004,6.25174617767334,18435407
2000-04-28,6.316311836242676,6.42860221862793,6.035586833953857,6.069273948669434,15938337
2000-05-01,6.069273948669434,6.069273948669434,6.069273948669434,6.069273948669434,0
2000-05-02,6.069273948669434,6.119804859161377,5.684680938720703,5.726789951324463,23714398
2000-05-03,5.78293514251709,5.839079856872559,5.5022101402282715,5.785741806030273,12494290
2000-05-04,5.836273193359375,6.063660144805908,5.754861831665039,5.917683124542236,11412449
2000-05-05,5.898032188415527,6.116998195648193,5.830657958984375,6.015936851501465,19326278
2000-05-08,6.035586833953857,6.232094764709473,5.9148759841918945,5.96259880065918,15260859
2000-05-09,5.900838851928711,5.96259880065918,5.7352118492126465,5.872766971588135,13254215
2000-05-10,6.021551132202148,6.021551132202148,5.82504415512085,5.850308895111084,6007373
2000-05-11,5.7324042320251465,5.861537933349609,5.726789951324463,5.763284206390381,4012930
2000-05-12,5.808199882507324,5.836273193359375,5.55835485458374,5.628536224365234,8273790
2000-05-15,5.530282020568848,5.74082612991333,5.5022101402282715,5.721175193786621,7898298
2000-05-16,5.69871711730957,5.811007022857666,5.69871711730957,5.738018989562988,9186730
2000-05-17,5.833465099334717,6.080502986907959,5.833465099334717,5.900838851928711,25284351
2000-05-18,5.982250213623047,6.484746932983398,5.982250213623047,6.257359981536865,66590413
2000-05-19,6.316311836242676,6.484746932983398,6.237709045410156,6.372457027435303,30067840
2000-05-22,6.344385147094727,6.723363876342773,6.282625198364258,6.422987937927246,49971427
2000-05-23,6.411758899688721,6.540892124176025,6.319119930267334,6.481939792633057,23403774
2000-05-24,6.442638874053955,6.790738105773926,6.372457027435303,6.639145851135254,57811377
2000-05-25,6.625110149383545,6.7795090675354,6.35280704498291,6.425795078277588,50130747
2000-05-26,6.406144142150879,6.535277843475342,6.319119930267334,6.3949151039123535,34629937
2000-05-29,6.451059818267822,6.675640106201172,6.392107963562012,6.512819766998291,37559655
2000-05-30,6.512819766998291,6.619494915008545,6.456675052642822,6.543700218200684,34484493
2000-05-31,6.695291042327881,7.012509822845459,6.574578762054443,6.860918998718262,93213530
2000-06-01,6.961979866027832,7.001280784606934,6.661603927612305,6.695291042327881,40742449
2000-06-02,6.731784820556641,7.500971794128418,6.731784820556641,7.500971794128418,133243912
2000-06-05,7.579575061798096,7.944518089294434,7.214632034301758,7.315692901611328,80119934
2000-06-06,7.354994773864746,7.630105972290039,7.248319149017334,7.520623207092285,37786443
2000-06-07,7.607647895812988,7.632913112640381,7.298850059509277,7.3325371742248535,27033571
2000-06-08,7.354994773864746,7.523429870605469,7.3269219398498535,7.475707054138184,28976790
2000-06-09,7.46728515625,7.736781120300293,7.411139965057373,7.447634220123291,53137390
2000-06-12,7.50939416885376,7.540274143218994,7.214632034301758,7.251126766204834,31889854
2000-06-13,7.2202467918396,7.24270486831665,6.942328929901123,7.060234069824219,58838645
2000-06-14,7.270777225494385,7.411139965057373,7.161294937133789,7.203402996063232,38798875
2000-06-15,7.214632034301758,7.225861072540283,7.102342128753662,7.138836860656738,11367725
2000-06-16,7.211824893951416,7.380259990692139,7.1163787841796875,7.318500995635986,35868320
2000-06-19,7.354994773864746,7.354994773864746,7.186560153961182,7.239898204803467,17702251
2000-06-20,7.245512008666992,7.298850059509277,7.102342128753662,7.150065898895264,16517462
2000-06-21,7.206211090087891,7.206211090087891,6.911448955535889,6.931099891662598,15037259
2000-06-22,6.953557968139648,7.071463108062744,6.7738938331604,7.004088878631592,20897050
2000-06-23,7.015317916870117,7.158486843109131,6.894606113433838,6.925486087799072,22703961
2000-06-26,6.961979866027832,6.961979866027832,6.796351909637451,6.838460922241211,10697176
2000-06-27,6.8777618408203125,6.984437942504883,6.762664794921875,6.790738105773926,26534524
2000-06-28,6.793544769287109,6.872148036956787,6.748629093170166,6.8468828201293945,6728862
2000-06-29,6.869340896606445,6.9339070320129395,6.793544769287109,6.813196182250977,10810650
2000-06-30,6.768280029296875,6.894606113433838,6.619494915008545,6.650374889373779,16049103
2000-07-03,6.731784820556641,7.237090110778809,6.681254863739014,7.0967278480529785,56295961
2000-07-04,7.130414962768555,7.315692901611328,7.102342128753662,7.203402996063232,29639609
2000-07-05,7.237090110778809,7.340959072113037,7.102342128753662,7.138836860656738,24021460
2000-07-06,7.200595855712891,7.253933906555176,6.961979866027832,7.180944919586182,16716358
2000-07-07,7.267970085144043,7.675022125244141,7.24270486831665,7.576767921447754,81293787
2000-07-10,7.579575061798096,7.686251163482666,7.472899913787842,7.537466049194336,42544070
2000-07-11,7.506587028503418,7.908022880554199,7.444827079772949,7.812576770782471,67416043
2000-07-12,8.11014461517334,8.124181747436523,7.809770107269287,7.89398717880249,77912702
2000-07-13,8.000662803649902,8.11014461517334,7.8013482093811035,7.905216217041016,53997609
2000-07-14,7.916444778442383,7.9950480461120605,7.708708763122559,7.750816822052002,32470671
2000-07-17,7.781696796417236,8.141024589538574,7.781696796417236,8.082073211669922,68707146
2000-07-18,8.096109390258789,8.180327415466309,7.832228183746338,7.882758140563965,49220817
2000-07-19,7.941709995269775,7.97258996963501,7.495357990264893,7.562732219696045,45092097
2000-07-20,7.677828788757324,7.969782829284668,7.579575061798096,7.644142150878906,95628972
2000-07-21,7.686251163482666,7.745203018188477,6.995666980743408,7.0630412101745605,90100127
2000-07-24,6.804773807525635,6.8833770751953125,6.498784065246582,6.540892124176025,35581830
2000-07-25,6.462288856506348,6.8468828201293945,6.175950050354004,6.737400054931641,51791554
2000-07-26,6.849689960479736,6.905835151672363,6.498784065246582,6.538084983825684,31763289
2000-07-27,6.507205009460449,6.653182029724121,6.448253154754639,6.616687774658203,30231398
2000-07-28,6.546506881713867,6.849689960479736,6.535277843475342,6.63633918762207,38571553
2000-07-31,6.681254863739014,6.706520080566406,6.543700218200684,6.622303009033203,15758730
2000-08-01,6.647568225860596,6.787930011749268,6.597036838531494,6.6279168128967285,33231060
2000-08-02,6.7037129402160645,6.726171016693115,6.557735919952393,6.619494915008545,27424951
2000-08-03,6.625110149383545,6.647568225860596,6.3640360832214355,6.4538679122924805,35928860
2000-08-04,6.4707112312316895,6.568964958190918,6.344385147094727,6.386494159698486,25928237
2000-08-07,6.3949151039123535,6.411758899688721,5.9850568771362305,6.072082042694092,28735718
2000-08-08,6.114190101623535,6.327540874481201,6.015936851501465,6.170334815979004,31845006
2000-08-09,6.257359981536865,6.386494159698486,6.2208662033081055,6.293854236602783,12078438
2000-08-10,6.2882399559021,6.333156108856201,6.161913871765137,6.1843719482421875,11791449
2000-08-11,6.187179088592529,6.232094764709473,5.934525966644287,6.018743991851807,22917070
2000-08-14,6.063660144805908,6.063660144805908,5.839079856872559,5.931718826293945,30693363
2000-08-15,5.931718826293945,5.931718826293945,5.931718826293945,5.931718826293945,0
2000-08-16,6.02716588973999,6.142262935638428,5.951369762420654,6.044009208679199,23865881
2000-08-17,6.049623966217041,6.1591057777404785,5.987864017486572,6.010322093963623,25003774
2000-08-18,6.058044910430908,6.058044910430908,5.92610502243042,5.979442119598389,14384984
2000-08-21,6.007514953613281,6.108575820922852,5.9710211753845215,6.038394927978516,16017257
2000-08-22,6.066466808319092,6.313505172729492,6.010322093963623,6.260167121887207,33396328
2000-08-23,6.344385147094727,6.445446014404297,6.260167121887207,6.31069803237915,28791894
2000-08-24,6.31069803237915,6.31069803237915,6.1254191398620605,6.198408126831055,14599749
2000-08-25,6.153491973876953,6.257359981536865,6.136648178100586,6.1843719482421875,13633661
2000-08-28,6.20402193069458,6.282625198364258,6.178757190704346,6.2152509689331055,15927899
2000-08-29,6.198408126831055,6.25174617767334,6.150684833526611,6.1647210121154785,15673041
2000-08-30,6.2208662033081055,6.254552841186523,6.1647210121154785,6.1843719482421875,9660556
2000-08-31,6.175950050354004,6.201214790344238,6.091732025146484,6.119804859161377,8468429
2000-09-01,6.119804859161377,6.119804859161377,6.119804859161377,6.119804859161377,0
2000-09-04,6.161913871765137,6.31069803237915,6.147877216339111,6.226480007171631,17195474
2000-09-05,6.257359981536865,6.316311836242676,6.212443828582764,6.24613094329834,14286507
2000-09-06,6.265781879425049,6.422987937927246,6.232094764709473,6.34719181060791,31863921
2000-09-07,6.372457027435303,6.481939792633057,6.330348968505859,6.349998950958252,22273647
2000-09-08,6.344385147094727,6.355614185333252,6.248938083648682,6.262975215911865,10419662
2000-09-11,6.316311836242676,6.392107963562012,6.20402193069458,6.237709045410156,12176061
2000-09-12,6.226480007171631,6.232094764709473,6.100153923034668,6.131033897399902,18255961
2000-09-13,6.133841037750244,6.1647210121154785,6.052431106567383,6.060853004455566,8002973
2000-09-14,6.041202068328857,6.100153923034668,5.956984043121338,5.982250213623047,6702751
2000-09-15,6.046815872192383,6.058044910430908,5.853116035461426,5.892417907714844,10414194
2000-09-18,5.78293514251709,5.833465099334717,5.670645236968994,5.709946155548096,7810401
2000-09-19,5.670645236968994,5.754861831665039,5.451679229736328,5.474136829376221,21732797
2000-09-20,5.547125816345215,5.670645236968994,5.4657158851623535,5.578005790710449,21436689
2000-09-21,5.656609058380127,5.726789951324463,5.55835485458374,5.611692905426025,11950324
2000-09-22,5.575198173522949,5.575198173522949,5.333775043487549,5.364655017852783,14195190
2000-09-25,5.460101127624512,5.721175193786621,5.3506178855896,5.398342132568359,10015494
2000-09-26,5.485365867614746,5.485365867614746,5.325353145599365,5.37307596206665,15367582
2000-09-27,5.389920234680176,5.417992115020752,5.294473171234131,5.367462158203125,5922361
2000-09-28,5.361846923828125,5.417992115020752,5.291666030883789,5.3028950691223145,6452595
2000-09-29,5.347811222076416,5.361846923828125,5.263594150543213,5.294473171234131,6208762
2000-10-02,5.294473171234131,5.294473171234131,5.294473171234131,5.294473171234131,0
2000-10-03,5.2523651123046875,5.437643051147461,5.249557018280029,5.370268821716309,13425005
2000-10-04,5.389920234680176,5.636958122253418,5.333775043487549,5.5218610763549805,17557964
2000-10-05,5.5358967781066895,5.631342887878418,5.4460649490356445,5.460101127624512,8710605
2000-10-06,5.406763076782227,5.49940299987793,5.398342132568359,5.437643051147461,4857671
2000-10-09,5.395534038543701,5.4460649490356445,5.367462158203125,5.387113094329834,3693614
2000-10-10,5.347811222076416,5.4460649490356445,5.151303768157959,5.179376125335693,13515325
2000-10-11,5.123230934143066,5.187798023223877,4.912686824798584,4.943566799163818,13084263
2000-10-12,4.890229225158691,4.991290092468262,4.856542110443115,4.88742208480835,10530999
2000-10-13,4.828470230102539,5.176568984985352,4.775132179260254,5.039013862609863,30175953
2000-10-16,5.148496150970459,5.277629852294922,4.949182033538818,5.024977207183838,19118958
2000-10-17,4.954795837402344,5.117617130279541,4.884614944458008,4.9632182121276855,15623242
2000-10-18,4.9969048500061035,5.109195232391357,4.954795837402344,5.069892883300781,14787638
2000-10-19,5.13165283203125,5.578005790710449,5.112001895904541,5.451679229736328,50289105
2000-10-20,5.6004638671875,5.8896098136901855,5.586427211761475,5.743632793426514,57930764
2000-10-23,5.6762590408325195,5.749248027801514,5.381497859954834,5.403955936431885,23092740
2000-10-24,5.387113094329834,5.474136829376221,5.322546005249023,5.364655017852783,16584449
2000-10-25,5.389920234680176,5.586427211761475,5.364655017852783,5.507823944091797,30962594
2000-10-26,5.5022101402282715,5.642571926116943,5.488173961639404,5.603271007537842,13915200
2000-10-27,5.614500045776367,5.726789951324463,5.547125816345215,5.578005790710449,12016420
2000-10-30,5.572391033172607,5.572391033172607,5.347811222076416,5.375884056091309,11103321
2000-10-31,5.375884056091309,5.451679229736328,5.342196941375732,5.423606872558594,13731070
2000-11-01,5.5162458419799805,5.631342887878418,5.432028770446777,5.597655773162842,30632235
2000-11-02,5.608884811401367,5.864345073699951,5.608884811401367,5.808199882507324,53442635
2000-11-03,5.88399600982666,6.035586833953857,5.82504415512085,5.931718826293945,55603611
2000-11-06,5.990671157836914,6.055237770080566,5.898032188415527,5.92610502243042,39876549
2000-11-07,5.87838077545166,5.996285915374756,5.839079856872559,5.9148759841918945,28902927
2000-11-08,5.9148759841918945,6.111382961273193,5.8952250480651855,5.9850568771362305,41546314
2000-11-09,5.951369762420654,6.0047078132629395,5.8952250480651855,5.942947864532471,15285776
2000-11-10,5.9457550048828125,5.959792137145996,5.69871711730957,5.718368053436279,22436422
2000-11-13,5.636958122253418,5.8896098136901855,5.533090114593506,5.827850818634033,27703213
2000-11-14,5.861537933349609,6.10296106338501,5.830657958984375,6.058044910430908,35313329
2000-11-15,6.1647210121154785,6.282625198364258,6.049623966217041,6.091732025146484,51650223
2000-11-16,6.156299114227295,6.25174617767334,5.987864017486572,6.013129234313965,37045059
2000-11-17,5.982250213623047,6.105769157409668,5.928912162780762,6.060853004455566,16549219
2000-11-20,6.069273948669434,6.147877216339111,6.02716588973999,6.108575820922852,18561135
2000-11-21,6.041202068328857,6.232094764709473,6.041202068328857,6.122611999511719,36319260
2000-11-22,6.189986228942871,6.349998950958252,6.142262935638428,6.226480007171631,63253019
2000-11-23,6.1843719482421875,6.321927070617676,6.131033897399902,6.265781879425049,33970947
2000-11-24,6.30508279800415,6.532471179962158,6.293854236602783,6.507205009460449,85242562
2000-11-27,6.563350200653076,6.762664794921875,6.524048805236816,6.726171016693115,75651201
2000-11-28,6.737400054931641,6.888990879058838,6.698098182678223,6.801967144012451,53816133
2000-11-29,6.765471935272217,6.894606113433838,6.563350200653076,6.67283296585083,63294269
2000-11-30,6.706520080566406,7.012509822845459,6.625110149383545,6.911448955535889,115983125
2000-12-01,6.8637261390686035,7.0574259757995605,6.810388088226318,6.880569934844971,85375610
2000-12-04,6.950750827789307,7.124800205230713,6.911448955535889,7.020932197570801,65968576
2000-12-05,7.0630412101745605,7.200595855712891,7.0630412101745605,7.127607822418213,47397681
2000-12-06,7.24270486831665,7.267970085144043,7.018125057220459,7.074269771575928,72361362
2000-12-07,7.018125057220459,7.287621021270752,7.018125057220459,7.273584842681885,93875263
2000-12-08,7.282005786895752,7.461670875549316,7.270777225494385,7.343766212463379,84689120
2000-12-11,7.380259990692139,7.433598041534424,7.180944919586182,7.225861072540283,43335111
2000-12-12,7.237090110778809,7.237090110778809,7.051812171936035,7.09953498840332,40906524
2000-12-13,7.155680179595947,7.24270486831665,7.0826921463012695,7.189366817474365,46451381
2000-12-14,7.158486843109131,7.3465728759765625,7.130414962768555,7.155680179595947,45367028
2000-12-15,7.10515022277832,7.180944919586182,6.880569934844971,6.914257049560547,43262460
2000-12-18,6.597036838531494,7.012509822845459,6.597036838531494,6.959173202514648,27633286
2000-12-19,7.001280784606934,7.253933906555176,7.001280784606934,7.1163787841796875,64747274
2000-12-20,7.0770769119262695,7.1472578048706055,6.970401763916016,7.051812171936035,20058953
2000-12-21,6.990052223205566,7.1163787841796875,6.880569934844971,7.020932197570801,20787049
2000-12-22,7.068655014038086,7.186560153961182,6.807580947875977,6.849689960479736,31475890
2000-12-25,6.849689960479736,6.849689960479736,6.849689960479736,6.849689960479736,0
2000-12-26,6.8777618408203125,6.995666980743408,6.740207195281982,6.768280029296875,24120347
2000-12-27,6.793544769287109,6.95636510848999,6.681254863739014,6.849689960479736,20257225
2000-12-28,6.874955177307129,7.012509822845459,6.874955177307129,6.945136070251465,16323571
2000-12-29,6.984437942504883,7.338150978088379,6.978823184967041,7.304463863372803,69317049
2001-01-01,7.338150978088379,7.573960781097412,7.298850059509277,7.419561862945557,51890601
2001-01-02,7.439212799072266,7.590804100036621,7.416755199432373,7.557116985321045,43690227
2001-01-03,7.607647895812988,7.759239196777344,7.500971794128418,7.638526916503906,71681783
2001-01-04,7.742395877838135,7.798541069030762,7.461670875549316,7.5515031814575195,72563820
2001-01-05,7.60483980178833,7.658177852630615,7.427984237670898,7.470091819763184,43043313
2001-01-08,7.416755199432373,7.50939416885376,7.197789192199707,7.24270486831665,42258969
2001-01-09,7.206211090087891,7.3128862380981445,7.10515022277832,7.130414962768555,38595811
2001-01-10,7.180944919586182,7.349380016326904,7.079884052276611,7.130414962768555,45969931
2001-01-11,7.186560153961182,7.200595855712891,7.074269771575928,7.119185924530029,22998431
2001-01-12,7.158486843109131,7.307271957397461,7.020932197570801,7.18375301361084,45433321
2001-01-15,7.231475830078125,7.489743232727051,7.206211090087891,7.442019939422607,65604181
2001-01-16,7.492549896240234,7.517816066741943,7.343766212463379,7.383068084716797,42945067
2001-01-17,7.298850059509277,7.369030952453613,6.947944164276123,6.99847412109375,70627548
2001-01-18,7.065847873687744,7.214632034301758,6.928293228149414,7.169715881347656,59448566
2001-01-19,7.192173957824707,7.282005786895752,7.107956886291504,7.1472578048706055,45258595
2001-01-22,7.186560153961182,7.321308135986328,7.1472578048706055,7.270777225494385,41636082
2001-01-23,7.343766212463379,7.464478015899658,7.315692901611328,7.340959072113037,49045450
2001-01-24,7.439212799072266,7.478514194488525,7.304463863372803,7.419561862945557,55701679
2001-01-25,7.357801914215088,7.456056118011475,7.262355804443359,7.3269219398498535,34720720
2001-01-26,7.3269219398498535,7.3269219398498535,7.3269219398498535,7.3269219398498535,0
2001-01-29,7.301657199859619,7.343766212463379,6.967594146728516,7.200595855712891,28038167
2001-01-30,7.186560153961182,7.630105972290039,7.186560153961182,7.596418857574463,66914235
2001-01-31,7.6357197761535645,7.89398717880249,7.5851898193359375,7.7115159034729,118599154
2001-02-01,7.6413350105285645,7.823805809020996,7.46728515625,7.683443069458008,79373135
2001-02-02,7.6413350105285645,8.042771339416504,7.6357197761535645,8.006277084350586,110114588
2001-02-05,8.051193237304688,8.491930961608887,8.003470420837402,8.368412017822266,151982659
2001-02-06,8.402098655700684,8.637907981872559,8.270158767700195,8.570533752441406,130730474
2001-02-07,8.623871803283691,8.623871803283691,8.359991073608398,8.522810935974121,80375344
2001-02-08,8.545269012451172,8.955127716064453,8.539654731750488,8.907403945922852,145070984
2001-02-09,8.974778175354004,9.238659858703613,8.974778175354004,9.143213272094727,117667282
2001-02-12,9.146020889282227,9.179707527160645,8.795113563537598,8.859681129455566,72908001
2001-02-13,8.870909690856934,9.075839042663574,8.733354568481445,8.887754440307617,85685789
2001-02-14,8.870909690856934,9.033731460571289,8.730547904968262,8.907403945922852,78834530
2001-02-15,8.977585792541504,9.039344787597656,8.8456449508667,8.901789665222168,59968951
2001-02-16,8.898983001708984,8.927055358886719,8.595800399780273,8.618258476257324,52107468
2001-02-19,8.671594619750977,8.927055358886719,8.595800399780273,8.716510772705078,52507379
2001-02-20,8.741777420043945,8.924247741699219,8.741777420043945,8.803536415100098,69215170
2001-02-21,8.904597282409668,9.081454277038574,8.848451614379883,8.957935333251953,115409467
2001-02-22,8.927055358886719,8.94951343536377,8.657559394836426,8.719319343566895,56571997
2001-02-23,8.842838287353516,8.997236251831055,8.47789478302002,8.534040451049805,112026299
2001-02-26,8.590185165405273,8.775464057922363,8.284194946289062,8.66317367553711,103699823
2001-02-27,8.744584083557129,8.94951343536377,8.47789478302002,8.859681129455566,111777034
2001-02-28,8.924247741699219,9.06460952758789,8.562112808227539,8.674403190612793,92215988
2001-03-01,8.542462348937988,9.370600700378418,8.542462348937988,9.15163516998291,137195609
2001-03-02,9.320070266723633,9.51377010345459,8.736162185668945,8.820380210876465,90746097
2001-03-05,8.896175384521484,8.977585792541504,8.287001609802246,8.357183456420898,77691115
2001-03-06,8.357183456420898,8.357183456420898,8.357183456420898,8.357183456420898,0
2001-03-07,8.50596809387207,8.671594619750977,8.149447441101074,8.37683391571045,35681643
2001-03-08,8.315074920654297,8.646329879760742,8.267351150512695,8.475088119506836,35120791
2001-03-09,8.371219635009766,8.371219635009766,7.798541069030762,7.97258996963501,30159317
2001-03-12,7.809770107269287,8.239278793334961,7.2202467918396,7.408332824707031,34290727
2001-03-13,7.223053932189941,7.223053932189941,6.223672866821289,6.2349019050598145,60086593
2001-03-14,6.119804859161377,7.102342128753662,6.119804859161377,6.987245082855225,35824701
2001-03-15,6.740207195281982,7.548695087432861,6.740207195281982,7.458862781524658,38348078
2001-03-16,7.413947105407715,7.677828788757324,6.737400054931641,7.051812171936035,32203862
2001-03-19,6.793544769287109,7.56834602355957,6.793544769287109,7.484128952026367,27478616
2001-03-20,7.573960781097412,7.748010158538818,7.287621021270752,7.4027180671691895,20490478
2001-03-21,7.315692901611328,7.792925834655762,7.304463863372803,7.700286865234375,23845095
2001-03-22,7.691864967346191,7.776082992553711,7.46728515625,7.562732219696045,16868963
2001-03-23,7.6357197761535645,7.6357197761535645,7.217440128326416,7.481320858001709,28174350
2001-03-26,7.354994773864746,7.56834602355957,7.304463863372803,7.486936092376709,10591984
2001-03-27,7.489743232727051,7.523429870605469,7.293234825134277,7.318500995635986,9133118
2001-03-28,7.380259990692139,7.517816066741943,7.329730033874512,7.388681888580322,10390844
2001-03-29,7.354994773864746,7.430790901184082,7.102342128753662,7.189366817474365,15712065
2001-03-30,7.200595855712891,7.371838092803955,6.801967144012451,6.869340896606445,18153137
2001-04-02,6.801967144012451,6.801967144012451,6.456675052642822,6.498784065246582,13908165
2001-04-03,6.484746932983398,6.731784820556641,6.484746932983398,6.692483901977539,22583647
2001-04-04,6.709327220916748,6.731784820556641,6.484746932983398,6.692483901977539,14357270
2001-04-05,6.692483901977539,6.692483901977539,6.692483901977539,6.692483901977539,0
2001-04-06,6.734592914581299,7.079884052276611,6.734592914581299,6.931099891662598,24324408
2001-04-09,6.891798973083496,7.180944919586182,6.891798973083496,7.110764026641846,13091601
2001-04-10,7.127607822418213,7.24270486831665,6.942328929901123,6.990052223205566,13609438
2001-04-11,7.09953498840332,7.124800205230713,6.7795090675354,6.855303764343262,14346601
2001-04-12,6.743013858795166,6.743013858795166,6.349998950958252,6.456675052642822,27031149
2001-04-13,6.456675052642822,6.456675052642822,6.456675052642822,6.456675052642822,0
2001-04-16,6.403337001800537,6.872148036956787,6.403337001800537,6.768280029296875,20138924
2001-04-17,6.799159049987793,7.158486843109131,6.771087169647217,7.102342128753662,21167671
2001-04-18,7.186560153961182,7.669406890869141,7.10515022277832,7.430790901184082,32500095
2001-04-19,7.458862781524658,7.966976165771484,7.4027180671691895,7.759239196777344,53914414
2001-04-20,7.798541069030762,7.8013482093811035,7.385875225067139,7.520623207092285,18722823
2001-04-23,7.573960781097412,7.826612949371338,7.470091819763184,7.6020331382751465,16943288
2001-04-24,7.523429870605469,7.717130184173584,7.475707054138184,7.587996959686279,17622137
2001-04-25,7.686251163482666,8.253314971923828,7.607647895812988,8.202784538269043,60106345
2001-04-26,8.253314971923828,8.38244915008545,7.776082992553711,7.896793842315674,41946047
2001-04-27,7.7957329750061035,7.7957329750061035,7.102342128753662,7.318500995635986,44257954
2001-04-30,7.354994773864746,7.579575061798096,7.304463863372803,7.543080806732178,18116750
2001-05-01,7.543080806732178,7.543080806732178,7.543080806732178,7.543080806732178,0
2001-05-02,7.658177852630615,7.964168071746826,7.632913112640381,7.750816822052002,38392855
2001-05-03,7.691864967346191,7.804154872894287,7.478514194488525,7.512200832366943,19094379
2001-05-04,7.478514194488525,7.804154872894287,7.46728515625,7.680635929107666,31540615
2001-05-07,7.773274898529053,7.927673816680908,7.680635929107666,7.714323043823242,24380495
2001-05-08,7.719937801361084,7.787312030792236,7.644142150878906,7.666600227355957,17220588
2001-05-09,7.719937801361084,7.860300064086914,7.5851898193359375,7.632913112640381,25754597
2001-05-10,7.5823822021484375,7.691864967346191,7.523429870605469,7.6160688400268555,11783524
2001-05-11,7.6357197761535645,7.691864967346191,7.439212799072266,7.46728515625,18736110
2001-05-14,7.442019939422607,7.495357990264893,7.1725239753723145,7.209018230438232,17966371
2001-05-15,7.130414962768555,7.186560153961182,6.658796787261963,7.124800205230713,26831470
2001-05-16,7.200595855712891,7.686251163482666,7.200595855712891,7.644142150878906,66294126
2001-05-17,7.686251163482666,8.000662803649902,7.666600227355957,7.781696796417236,67466537
2001-05-18,7.857492923736572,8.028735160827637,7.75362491607666,7.950131893157959,48544550
2001-05-21,8.068037033081055,8.250508308410645,8.028735160827637,8.096109390258789,80907020
2001-05-22,8.059615135192871,8.185940742492676,7.97820520401001,8.079265594482422,49737337
2001-05-23,7.966976165771484,8.020313262939453,7.865914821624756,7.927673816680908,29302304
2001-05-24,7.969782829284668,8.051193237304688,7.899601936340332,7.944518089294434,32920471
2001-05-25,7.955747127532959,8.020313262939453,7.860300064086914,7.877143859863281,18752692
2001-05-28,7.910830974578857,8.191555976867676,7.910830974578857,8.13821792602539,57941860
2001-05-29,8.185940742492676,8.275773048400879,8.121374130249023,8.155060768127441,40317692
2001-05-30,8.169097900390625,8.247700691223145,7.9950480461120605,8.045578956604004,36952353
2001-05-31,7.975397109985352,8.039963722229004,7.832228183746338,7.927673816680908,34846163
2001-06-01,8.000662803649902,8.126989364624023,7.865914821624756,7.955747127532959,57975826
2001-06-04,8.000662803649902,8.098916053771973,7.697480201721191,7.717130184173584,63852395
2001-06-05,7.719937801361084,7.773274898529053,7.5823822021484375,7.613262176513672,33587832
2001-06-06,7.703094005584717,7.748010158538818,7.506587028503418,7.523429870605469,26254589
2001-06-07,7.5515031814575195,7.5515031814575195,7.270777225494385,7.371838092803955,24647268
2001-06-08,7.405526161193848,7.540274143218994,7.383068084716797,7.416755199432373,34947437
2001-06-11,7.450441837310791,7.50377893447876,7.399910926818848,7.442019939422607,17124604
2001-06-12,7.416755199432373,7.495357990264893,7.383068084716797,7.4027180671691895,26159032
2001-06-13,7.439212799072266,7.456056118011475,7.276391983032227,7.301657199859619,21434088
2001-06-14,7.273584842681885,7.298850059509277,7.175331115722656,7.214632034301758,26039699
2001-06-15,7.161294937133789,7.180944919586182,6.936715126037598,6.964787006378174,22208779
2001-06-18,6.947944164276123,6.964787006378174,6.810388088226318,6.914257049560547,23524390
2001-06-19,6.947944164276123,7.09953498840332,6.9339070320129395,7.043389797210693,36247748
2001-06-20,7.09953498840332,7.09953498840332,6.905835151672363,6.950750827789307,11924337
2001-06-21,6.961979866027832,6.987245082855225,6.675640106201172,6.740207195281982,19235246
2001-06-22,6.793544769287109,6.793544769287109,6.574578762054443,6.619494915008545,16584770
2001-06-25,6.57177209854126,6.681254863739014,6.4342169761657715,6.57177209854126,16863548
2001-06-26,6.546506881713867,6.712134838104248,6.512819766998291,6.6644110679626465,33280040
2001-06-27,6.737400054931641,6.81600284576416,6.641952991485596,6.765471935272217,21433144
2001-06-28,6.765471935272217,6.793544769287109,6.560543060302734,6.597036838531494,15618771
2001-06-29,6.625110149383545,6.639145851135254,6.335962772369385,6.4707112312316895,32859468
2001-07-02,6.591423034667969,6.810388088226318,6.568964958190918,6.720555782318115,10721915
2001-07-03,6.568964958190918,6.653182029724121,6.206830024719238,6.265781879425049,27063850
2001-07-04,6.229288101196289,6.319119930267334,5.898032188415527,5.9850568771362305,30318583
2001-07-05,6.1450700759887695,7.130414962768555,5.900838851928711,5.951369762420654,25221264
2001-07-06,5.951369762420654,6.007514953613281,5.622921943664551,5.704331874847412,37663778
2001-07-09,5.608884811401367,5.7717061042785645,5.432028770446777,5.485365867614746,39672042
2001-07-10,5.5162458419799805,5.8952250480651855,5.5162458419799805,5.853116035461426,37452664
2001-07-11,5.78293514251709,5.923296928405762,5.614500045776367,5.636958122253418,34894734
2001-07-12,5.74082612991333,5.8952250480651855,5.687488079071045,5.844694137573242,17897157
2001-07-13,5.968213081359863,6.018743991851807,5.6762590408325195,5.6959099769592285,28309820
2001-07-16,5.749248027801514,5.931718826293945,5.738018989562988,5.836273193359375,23102732
2001-07-17,5.794164180755615,5.794164180755615,5.549932956695557,5.569583892822266,35748773
2001-07-18,5.614500045776367,5.721175193786621,5.5022101402282715,5.614500045776367,22032842
2001-07-19,5.389920234680176,5.389920234680176,5.182182788848877,5.207448959350586,52960153
2001-07-20,5.2270989418029785,5.3028950691223145,5.17376184463501,5.224291801452637,20136591
2001-07-23,5.193411827087402,5.277629852294922,5.109195232391357,5.249557018280029,414836
2001-07-24,5.224291801452637,5.243943214416504,5.036205768585205,5.114809036254883,16002652
2001-07-25,5.114809036254883,5.238327980041504,5.081121921539307,5.097966194152832,13024311
2001-07-26,5.086737155914307,5.17376184463501,5.0137481689453125,5.044628143310547,18985874
2001-07-27,5.081121921539307,5.148496150970459,5.019362926483154,5.044628143310547,13355453
2001-07-30,5.024977207183838,5.09515905380249,5.019362926483154,5.0530500411987305,14341400
2001-07-31,5.109195232391357,5.300087928771973,5.069892883300781,5.274823188781738,19485099
2001-08-01,5.277629852294922,5.347811222076416,5.120423793792725,5.159725189208984,11079204
2001-08-02,5.184990882873535,5.213062763214111,5.151303768157959,5.187798023223877,5186908
2001-08-03,5.17376184463501,5.277629852294922,5.097966194152832,5.218677997589111,14479079
2001-08-06,5.2467498779296875,5.305702209472656,5.207448959350586,5.221485137939453,11121310
2001-08-07,5.2467498779296875,5.255171775817871,5.165339946746826,5.179376125335693,4226823
2001-08-08,5.103579998016357,5.182182788848877,5.103579998016357,5.151303768157959,4522040
2001-08-09,5.151303768157959,5.2270989418029785,5.086737155914307,5.176568984985352,6193427
2001-08-10,5.193411827087402,5.213062763214111,5.148496150970459,5.159725189208984,5667182
2001-08-13,5.165339946746826,5.184990882873535,5.08954381942749,5.103579998016357,5209243
2001-08-14,5.151303768157959,5.151303768157959,5.09515905380249,5.100772857666016,3295538
2001-08-15,5.100772857666016,5.100772857666016,5.100772857666016,5.100772857666016,0
2001-08-16,5.109195232391357,5.159725189208984,5.078314781188965,5.08954381942749,7819128
2001-08-17,5.117617130279541,5.13165283203125,5.0530500411987305,5.067086219787598,7465134
2001-08-20,5.0727009773254395,5.075508117675781,4.940760135650635,5.0165557861328125,10869408
2001-08-21,5.0474348068237305,5.0474348068237305,4.9828691482543945,4.9969048500061035,4482233
2001-08-22,4.9969048500061035,4.9969048500061035,4.9969048500061035,4.9969048500061035,0
2001-08-23,4.999711990356445,4.999711990356445,4.870578765869141,4.881807804107666,8858686
2001-08-24,4.940760135650635,4.940760135650635,4.850927829742432,4.873385906219482,5764805
2001-08-27,4.912686824798584,4.937952995300293,4.836892127990723,4.850927829742432,5271760
2001-08-28,4.828470230102539,4.881807804107666,4.7639031410217285,4.772325038909912,11103196
2001-08-29,4.772325038909912,4.800396919250488,4.612311840057373,4.623540878295898,19142504
2001-08-30,4.660035133361816,4.733023166656494,4.6038899421691895,4.617926120758057,20818593
2001-08-31,4.606697082519531,4.645998954772949,4.477563858032227,4.497213840484619,13460182
2001-09-03,4.497213840484619,4.547745227813721,4.407382011413574,4.429840087890625,13057884
2001-09-04,4.435454845428467,4.738637924194336,4.424225807189941,4.685299873352051,46986834
2001-09-05,4.794783115386963,4.794783115386963,4.631961822509766,4.671264171600342,13771163
2001-09-06,4.631961822509766,4.758288860321045,4.6038899421691895,4.718986988067627,14181529
2001-09-07,4.617926120758057,4.822854995727539,4.617926120758057,4.724602222442627,13410347
2001-09-10,4.772325038909912,4.853734970092773,4.682493209838867,4.713373184204102,12826715
2001-09-11,4.716179847717285,4.772325038909912,4.651613235473633,4.70495080947876,7473505
2001-09-12,4.384923934936523,4.615118980407715,4.351236820220947,4.544938087463379,14152497
2001-09-13,4.6038899421691895,4.6038899421691895,4.5084428787231445,4.542129993438721,5586249
2001-09-14,4.5280938148498535,4.547745227813721,4.227717876434326,4.2950921058654785,13301450
2001-09-17,4.435454845428467,4.435454845428467,3.9778730869293213,4.011559963226318,17899793
2001-09-18,3.958221912384033,4.255791187286377,3.958221912384033,4.104198932647705,11871100
2001-09-19,4.210875034332275,4.210875034332275,3.986294984817505,4.011559963226318,15402154
2001-09-20,3.986294984817505,4.143500804901123,3.924535036087036,4.039632797241211,13324587
2001-09-21,3.980679988861084,4.118236064910889,3.946993112564087,3.983488082885742,13380798
2001-09-24,4.09858512878418,4.1350789070129395,4.028404235839844,4.073319911956787,3751072
2001-09-25,4.107007026672363,4.174380779266357,4.000330924987793,4.0255961418151855,9177023
2001-09-26,4.028404235839844,4.09296989440918,3.9750659465789795,4.005946159362793,6027392
2001-09-27,3.7055699825286865,3.9133059978485107,3.7055699825286865,3.7757511138916016,22373460
2001-09-28,3.8178598880767822,3.958221912384033,3.7757511138916016,3.89084792137146,17439539
2001-10-01,3.930150032043457,4.01436710357666,3.876811981201172,3.910499095916748,7654893
2001-10-02,3.910499095916748,3.910499095916748,3.910499095916748,3.910499095916748,0
2001-10-03,3.986294984817505,4.031210899353027,3.9048850536346436,3.9189209938049316,7034748
2001-10-04,3.958221912384033,4.01436710357666,3.930150032043457,3.946993112564087,3788226
2001-10-05,3.986294984817505,4.070511817932129,3.9076919555664062,4.048054218292236,8889303
2001-10-08,3.930150032043457,4.09296989440918,3.8852341175079346,4.039632797241211,12935594
2001-10-09,4.050861835479736,4.1154279708862305,4.019981861114502,4.042439937591553,5170326
2001-10-10,4.048054218292236,4.09858512878418,4.0452470779418945,4.081740856170654,4443547
2001-10-11,4.126657009124756,4.177187919616699,4.05647611618042,4.076127052307129,8190844
2001-10-12,4.126657009124756,4.1350789070129395,3.9357640743255615,4.019981861114502,12140314
2001-10-15,4.036825180053711,4.149115085601807,3.9778730869293213,4.1210432052612305,8144179
2001-10-16,4.1154279708862305,4.247368812561035,4.09858512878418,4.171573162078857,8293471
2001-10-17,4.247368812561035,4.331586837768555,4.188416957855225,4.289477825164795,15167369
2001-10-18,4.224911212921143,4.51967191696167,4.19964599609375,4.485984802246094,36606213
2001-10-19,4.491600036621094,4.544938087463379,4.328779220581055,4.429840087890625,13789828
2001-10-22,4.491600036621094,4.5140581130981445,4.393345832824707,4.457912921905518,11690799
2001-10-23,4.497213840484619,4.595468044281006,4.485984802246094,4.4944071769714355,11695466
2001-10-24,4.455105781555176,4.6038899421691895,4.449491024017334,4.491600036621094,19125548
2001-10-25,4.485984802246094,4.5084428787231445,4.449491024017334,4.491600036621094,8592910
2001-10-26,4.491600036621094,4.491600036621094,4.491600036621094,4.491600036621094,0
2001-10-29,4.505636215209961,4.542129993438721,4.463527202606201,4.4944071769714355,9621372
2001-10-30,4.477563858032227,4.477563858032227,4.373694896697998,4.393345832824707,5768491
2001-10-31,4.317550182342529,4.317550182342529,4.104198932647705,4.227717876434326,9248302
2001-11-01,4.238946914672852,4.317550182342529,4.19964599609375,4.227717876434326,11537197
2001-11-02,4.281055927276611,4.365273952484131,4.244562149047852,4.323164939880371,9509109
2001-11-05,4.3708882331848145,4.424225807189941,4.323164939880371,4.368081092834473,5851028
2001-11-06,4.485984802246094,4.547745227813721,4.410190105438232,4.427032947540283,6078011
2001-11-07,4.500021934509277,4.511250972747803,4.393345832824707,4.407382011413574,4638364
2001-11-08,4.460720062255859,4.460720062255859,4.365273952484131,4.376502990722656,5162418
2001-11-09,4.410190105438232,4.724602222442627,4.390539169311523,4.62073278427124,35353582
2001-11-12,4.662841796875,4.811625957489014,4.660035133361816,4.761096000671387,29396702
2001-11-13,4.7639031410217285,4.817241191864014,4.674070835113525,4.775132179260254,10945871
2001-11-14,4.811625957489014,4.870578765869141,4.786361217498779,4.811625957489014,3740760
2001-11-15,4.800396919250488,4.856542110443115,4.772325038909912,4.794783115386963,6394763
2001-11-16,4.794783115386963,4.794783115386963,4.794783115386963,4.794783115386963,0
2001-11-19,4.884614944458008,4.968832015991211,4.8032050132751465,4.907073020935059,27221870
2001-11-20,5.0530500411987305,5.0530500411987305,4.879000186920166,4.915494918823242,18145639
2001-11-21,4.884614944458008,5.075508117675781,4.862156867980957,5.039013862609863,20054767
2001-11-22,5.109195232391357,5.260786056518555,5.081121921539307,5.140075206756592,19463156
2001-11-23,5.17376184463501,5.215869903564453,5.0530500411987305,5.083930015563965,12104282
2001-11-26,5.213062763214111,5.530282020568848,5.134459972381592,5.300087928771973,27005822
2001-11-27,5.336582183837891,5.336582183837891,5.148496150970459,5.179376125335693,20144677
2001-11-28,5.193411827087402,5.221485137939453,5.137267112731934,5.151303768157959,9820553
2001-11-29,5.067086219787598,5.13165283203125,5.024977207183838,5.041821002960205,13426911
2001-11-30,5.041821002960205,5.041821002960205,5.041821002960205,5.041821002960205,0
2001-12-03,5.067086219787598,5.182182788848877,5.041821002960205,5.162532806396484,9689090
2001-12-04,5.179376125335693,5.316930770874023,5.142881870269775,5.269207954406738,12300578
2001-12-05,5.277629852294922,5.375884056091309,5.140075206756592,5.165339946746826,19572979
2001-12-06,5.221485137939453,5.27201509475708,5.019362926483154,5.058663845062256,19051597
2001-12-07,5.078314781188965,5.277629852294922,5.039013862609863,5.238327980041504,25194797
2001-12-10,5.081121921539307,5.359039783477783,5.081121921539307,5.330967903137207,16283853
2001-12-11,5.345004081726074,5.524668216705322,5.336582183837891,5.432028770446777,16539726
2001-12-12,5.389920234680176,5.5022101402282715,5.361846923828125,5.398342132568359,8251954
2001-12-13,5.443257808685303,5.443257808685303,5.058663845062256,5.190605163574219,13455533
2001-12-14,5.081121921539307,5.207448959350586,5.081121921539307,5.159725189208984,2962650
2001-12-17,5.159725189208984,5.159725189208984,5.159725189208984,5.159725189208984,0
2001-12-18,5.17095422744751,5.207448959350586,4.890229225158691,5.044628143310547,11621265
2001-12-19,5.0530500411987305,5.092350959777832,4.974446773529053,5.010941028594971,7839842
2001-12-20,4.940760135650635,5.213062763214111,4.940760135650635,5.176568984985352,13944321
2001-12-21,5.112001895904541,5.257978916168213,4.99409818649292,5.039013862609863,9230580
2001-12-24,4.9969048500061035,4.9969048500061035,4.842505931854248,4.884614944458008,10072169
2001-12-25,4.884614944458008,4.884614944458008,4.884614944458008,4.884614944458008,0
2001-12-26,4.901457786560059,4.980061054229736,4.685299873352051,4.718986988067627,6183898
2001-12-27,4.690915107727051,4.738637924194336,4.446683883666992,4.530900955200195,17247073
2001-12-28,4.51967191696167,4.800396919250488,4.443877220153809,4.761096000671387,7398040
2001-12-31,4.856542110443115,4.935144901275635,4.755480766296387,4.890229225158691,3447305
2002-01-01,4.884614944458008,4.980061054229736,4.800396919250488,4.822854995727539,3029441
2002-01-02,4.879000186920166,4.943566799163818,4.811625957489014,4.918302059173584,3659061
2002-01-03,4.940760135650635,5.17095422744751,4.940760135650635,5.134459972381592,9671688
2002-01-04,5.2270989418029785,5.389920234680176,5.165339946746826,5.3506178855896,15165089
2002-01-07,5.423606872558594,5.6004638671875,5.423606872558594,5.547125816345215,12110623
2002-01-08,5.530282020568848,5.7015252113342285,5.375884056091309,5.566777229309082,21814603
2002-01-09,5.608884811401367,5.726789951324463,5.530282020568848,5.679067134857178,17627018
2002-01-10,5.670645236968994,5.909261226654053,5.670645236968994,5.855923175811768,22685990
2002-01-11,5.839079856872559,5.92610502243042,5.563969135284424,5.617307186126709,13813927
2002-01-14,5.673451900482178,5.833465099334717,5.673451900482178,5.721175193786621,5116002
2002-01-15,5.8952250480651855,5.951369762420654,5.648187160491943,5.681873798370361,9185839
2002-01-16,5.69871711730957,5.88399600982666,5.665030002593994,5.816621780395508,7714684
2002-01-17,5.839079856872559,6.108575820922852,5.74082612991333,6.038394927978516,25326812
2002-01-18,5.614500045776367,6.260167121887207,5.614500045776367,6.114190101623535,16089641
2002-01-21,6.232094764709473,6.38930082321167,6.010322093963623,6.361227989196777,21397059
2002-01-22,6.400529861450195,6.400529861450195,6.010322093963623,6.069273948669434,11445951
2002-01-23,6.063660144805908,6.114190101623535,5.811007022857666,5.81942892074585,15832771
2002-01-24,5.8475022315979,5.867152214050293,5.614500045776367,5.631342887878418,13519600
2002-01-25,5.42080020904541,5.614500045776367,5.269207954406738,5.31412410736084,24143483
2002-01-28,5.333775043487549,5.4460649490356445,5.260786056518555,5.417992115020752,11828104
2002-01-29,5.45729398727417,5.485365867614746,5.31412410736084,5.364655017852783,9156593
2002-01-30,5.389920234680176,5.608884811401367,5.333775043487549,5.580812931060791,16664599
2002-01-31,5.614500045776367,5.7324042320251465,5.563969135284424,5.625729084014893,16042763
2002-02-01,5.721175193786621,5.754861831665039,5.617307186126709,5.673451900482178,9783256
2002-02-04,5.670645236968994,5.7155609130859375,5.586427211761475,5.606078147888184,5955026
2002-02-05,5.620113849639893,5.620113849639893,5.476944923400879,5.5022101402282715,8746922
2002-02-06,5.530282020568848,5.754861831665039,5.530282020568848,5.670645236968994,15262177
2002-02-07,5.614500045776367,5.833465099334717,5.606078147888184,5.620113849639893,13413677
2002-02-08,5.681873798370361,5.749248027801514,5.575198173522949,5.617307186126709,7427660
2002-02-11,5.659416198730469,5.867152214050293,5.642571926116943,5.788548946380615,16425628
2002-02-12,5.951369762420654,6.058044910430908,5.861537933349609,5.906454086303711,24177823
2002-02-13,6.007514953613281,6.007514953613281,5.844694137573242,5.858730792999268,8020339
2002-02-14,5.917683124542236,5.951369762420654,5.805393218994141,5.900838851928711,9778893
2002-02-15,6.063660144805908,6.226480007171631,5.951369762420654,6.1591057777404785,33213534
2002-02-18,6.178757190704346,6.313505172729492,6.038394927978516,6.083311080932617,14368616
2002-02-19,6.114190101623535,6.156299114227295,5.869959831237793,5.88399600982666,8767138
2002-02-20,5.951369762420654,5.959792137145996,5.788548946380615,5.796970844268799,6164751
2002-02-21,5.861537933349609,5.909261226654053,5.788548946380615,5.799777984619141,5376008
2002-02-22,5.836273193359375,6.380878925323486,5.811007022857666,6.355614185333252,60811483
2002-02-25,6.344385147094727,6.501591205596924,6.293854236602783,6.324734210968018,45587903
2002-02-26,6.386494159698486,6.481939792633057,6.20402193069458,6.293854236602783,52812499
2002-02-27,6.316311836242676,6.3949151039123535,6.181563854217529,6.223672866821289,18307149
2002-02-28,6.223672866821289,6.42860221862793,5.839079856872559,5.931718826293945,50613479
2002-03-01,5.9457550048828125,6.035586833953857,5.844694137573242,5.948563098907471,11811718
2002-03-04,6.049623966217041,6.260167121887207,5.987864017486572,6.175950050354004,38805892
2002-03-05,5.7324042320251465,6.333156108856201,5.7324042320251465,5.96259880065918,16681074
2002-03-06,5.791357040405273,5.9148759841918945,5.670645236968994,5.7352118492126465,27062176
2002-03-07,5.726789951324463,5.833465099334717,5.631342887878418,5.799777984619141,20052273
2002-03-08,5.917683124542236,6.007514953613281,5.757669925689697,5.788548946380615,16362168
2002-03-11,5.881188869476318,5.881188869476318,5.709946155548096,5.721175193786621,6682731
2002-03-12,5.760477066040039,5.760477066040039,5.505016803741455,5.5358967781066895,11524836
2002-03-13,5.575198173522949,5.667838096618652,5.575198173522949,5.625729084014893,8101753
2002-03-14,5.634150981903076,5.69871711730957,5.563969135284424,5.611692905426025,4772998
2002-03-15,5.653800964355469,5.670645236968994,5.592041969299316,5.617307186126709,4134063
2002-03-18,5.726789951324463,5.867152214050293,5.662222862243652,5.760477066040039,11380905
2002-03-19,5.900838851928711,5.9457550048828125,5.6762590408325195,5.704331874847412,5983880
2002-03-20,5.74082612991333,5.78293514251709,5.603271007537842,5.625729084014893,8450956
2002-03-21,5.614500045776367,5.670645236968994,5.592041969299316,5.608884811401367,3439700
2002-03-22,5.670645236968994,5.670645236968994,5.566777229309082,5.606078147888184,3889500
2002-03-25,5.606078147888184,5.606078147888184,5.606078147888184,5.606078147888184,0
2002-03-26,5.693102836608887,5.693102836608887,5.5218610763549805,5.603271007537842,4855783
2002-03-27,5.622921943664551,5.659416198730469,5.423606872558594,5.443257808685303,14920490
2002-03-28,5.462907791137695,5.55835485458374,5.434835910797119,5.488173961639404,12788404
2002-03-29,5.488173961639404,5.488173961639404,5.488173961639404,5.488173961639404,0
2002-04-01,5.524668216705322,5.552740097045898,5.479752063751221,5.49378776550293,3951678
2002-04-02,5.527474880218506,5.665030002593994,5.507823944091797,5.589234828948975,4047377
2002-04-03,5.572391033172607,5.642571926116943,5.5218610763549805,5.561161994934082,4365481
2002-04-04,5.583620071411133,5.656609058380127,5.563969135284424,5.597655773162842,3050173
2002-04-05,5.639764785766602,5.662222862243652,5.55835485458374,5.575198173522949,5140635
2002-04-08,5.670645236968994,5.743632793426514,5.603271007537842,5.614500045776367,11402759
2002-04-09,5.628536224365234,5.709946155548096,5.603271007537842,5.617307186126709,4219841
2002-04-10,5.648187160491943,5.6959099769592285,5.510632038116455,5.631342887878418,7064172
2002-04-11,5.707139015197754,5.855923175811768,5.707139015197754,5.813815116882324,11784646
2002-04-12,5.808199882507324,5.976634979248047,5.794164180755615,5.886803150177002,29294325
2002-04-15,5.934525966644287,5.951369762420654,5.763284206390381,5.802586078643799,7818629
2002-04-16,5.718368053436279,5.839079856872559,5.712753772735596,5.743632793426514,4277780
2002-04-17,5.808199882507324,5.8952250480651855,5.774512767791748,5.869959831237793,6887950
2002-04-18,5.9148759841918945,6.218059062957764,5.9148759841918945,6.187179088592529,37124585
2002-04-19,6.218059062957764,6.316311836242676,5.9654059410095215,6.201214790344238,34299846
2002-04-22,6.260167121887207,6.277010917663574,6.114190101623535,6.1450700759887695,9949344
2002-04-23,6.063660144805908,6.161913871765137,6.063660144805908,6.1254191398620605,4032415
2002-04-24,6.133841037750244,6.20963716506958,6.080502986907959,6.1647210121154785,4882304
2002-04-25,6.232094764709473,6.316311836242676,6.1647210121154785,6.277010917663574,11002047
2002-04-26,6.052431106567383,6.3949151039123535,6.052431106567383,6.369649887084961,15267449
2002-04-29,6.265781879425049,6.386494159698486,6.178757190704346,6.313505172729492,6760049
2002-04-30,6.237709045410156,6.341578006744385,6.2208662033081055,6.254552841186523,6312333
2002-05-01,6.254552841186523,6.254552841186523,6.254552841186523,6.254552841186523,0
2002-05-02,6.302276134490967,6.560543060302734,6.2882399559021,6.442638874053955,27065827
2002-05-03,6.481939792633057,6.535277843475342,6.316311836242676,6.422987937927246,24680005
2002-05-06,6.442638874053955,6.681254863739014,6.406144142150879,6.650374889373779,20721006
2002-05-07,6.515626907348633,6.681254863739014,6.515626907348633,6.658796787261963,11463085
2002-05-08,6.706520080566406,6.8637261390686035,6.7037129402160645,6.796351909637451,24814211
2002-05-09,6.456675052642822,6.928293228149414,6.456675052642822,6.737400054931641,16576559
2002-05-10,6.751436233520508,6.751436233520508,6.568964958190918,6.585807800292969,8804238
2002-05-13,6.568964958190918,6.625110149383545,6.524048805236816,6.566157817840576,5650796
2002-05-14,6.602652072906494,6.681254863739014,6.546506881713867,6.641952991485596,8821835
2002-05-15,6.681254863739014,6.681254863739014,6.459482192993164,6.560543060302734,8532691
2002-05-16,6.737400054931641,6.737400054931641,6.4707112312316895,6.602652072906494,8638257
2002-05-17,6.574578762054443,6.641952991485596,6.487555027008057,6.599844932556152,9874930
2002-05-20,6.597036838531494,6.597036838531494,6.484746932983398,6.532471179962158,6140671
2002-05-21,6.34719181060791,6.456675052642822,6.066466808319092,6.277010917663574,10591218
2002-05-22,6.175950050354004,6.299468994140625,6.044009208679199,6.097346782684326,7778163
2002-05-23,6.091732025146484,6.175950050354004,5.8418869972229,5.881188869476318,15766015
2002-05-24,6.046815872192383,6.316311836242676,5.951369762420654,6.296661853790283,8204060
2002-05-27,6.456675052642822,6.681254863739014,6.173142910003662,6.313505172729492,8016260
2002-05-28,6.086118221282959,6.175950050354004,5.923296928405762,5.956984043121338,7020874
2002-05-29,6.010322093963623,6.055237770080566,5.898032188415527,5.976634979248047,16100649
2002-05-30,6.0047078132629395,6.268589019775391,5.987864017486572,6.015936851501465,19995741
2002-05-31,6.007514953613281,6.226480007171631,5.951369762420654,6.150684833526611,16833554
2002-06-03,6.262975215911865,6.7795090675354,6.262975215911865,6.675640106201172,40729857
2002-06-04,6.681254863739014,6.874955177307129,6.611073970794678,6.765471935272217,40567973
2002-06-05,6.790738105773926,7.032161235809326,6.790738105773926,6.908641815185547,42678454
2002-06-06,6.961979866027832,6.990052223205566,6.709327220916748,6.759858131408691,27207336
2002-06-07,6.686869144439697,6.939521789550781,6.658796787261963,6.728978157043457,24587779
2002-06-10,6.810388088226318,7.180944919586182,6.810388088226318,7.138836860656738,55404395
2002-06-11,7.24270486831665,7.335343837738037,7.189366817474365,7.228669166564941,40189417
2002-06-12,7.298850059509277,7.517816066741943,7.186560153961182,7.335343837738037,51349413
2002-06-13,7.354994773864746,7.770468235015869,7.209018230438232,7.248319149017334,22523785
2002-06-14,7.293234825134277,7.540274143218994,7.225861072540283,7.413947105407715,55180083
2002-06-17,7.579575061798096,7.649755954742432,7.46728515625,7.534658908843994,42303176
2002-06-18,7.5655388832092285,7.607647895812988,7.354994773864746,7.422369003295898,33351231
2002-06-19,7.453248977661133,7.495357990264893,7.164102077484131,7.237090110778809,25403685
2002-06-20,7.349380016326904,7.349380016326904,7.107956886291504,7.192173957824707,31193283
2002-06-21,7.223053932189941,7.42517614364624,7.138836860656738,7.287621021270752,31797094
2002-06-24,8.747390747070312,8.747390747070312,7.3128862380981445,7.447634220123291,43565693
2002-06-25,7.517816066741943,7.613262176513672,7.442019939422607,7.5851898193359375,49648513
2002-06-26,7.576767921447754,7.579575061798096,7.385875225067139,7.4027180671691895,26049762
2002-06-27,7.416755199432373,7.773274898529053,7.3325371742248535,7.739587783813477,86077133
2002-06-28,7.798541069030762,7.97258996963501,7.725552082061768,7.905216217041016,79960169
2002-07-01,7.958553791046143,8.155060768127441,7.93048095703125,8.107337951660156,73214546
2002-07-02,8.129796028137207,8.129796028137207,7.952939033508301,7.992240905761719,41593478
2002-07-03,7.958553791046143,8.051193237304688,7.882758140563965,7.924867153167725,40455068
2002-07-04,7.874335765838623,8.166290283203125,7.837841987609863,8.121374130249023,58563768
2002-07-05,8.191555976867676,8.244893074035645,8.065229415893555,8.11014461517334,42882355
2002-07-08,8.141024589538574,8.244893074035645,8.03154182434082,8.051193237304688,22283140
2002-07-09,8.087686538696289,8.166290283203125,7.986626148223877,8.017505645751953,32260163
2002-07-10,7.986626148223877,8.065229415893555,7.919251918792725,7.961360931396484,25000906
2002-07-11,7.916444778442383,8.096109390258789,7.899601936340332,7.950131893157959,42686451
2002-07-12,8.006277084350586,8.152254104614258,8.006277084350586,8.056808471679688,58227460
2002-07-15,8.056808471679688,8.056808471679688,7.686251163482666,7.708708763122559,37968008
2002-07-16,7.691864967346191,7.773274898529053,7.593610763549805,7.6216840744018555,30201084
2002-07-17,7.6357197761535645,7.787312030792236,7.607647895812988,7.750816822052002,32452985
2002-07-18,7.778890132904053,7.840649127960205,7.6357197761535645,7.68905782699585,26117640
2002-07-19,7.748010158538818,7.748010158538818,7.618876934051514,7.649755954742432,18467253
2002-07-22,7.579575061798096,7.61045503616333,7.427984237670898,7.523429870605469,24031612
2002-07-23,7.534658908843994,7.6413350105285645,7.259548187255859,7.324114799499512,72404287
2002-07-24,7.461670875549316,7.512200832366943,7.3269219398498535,7.388681888580322,63727397
2002-07-25,7.46728515625,7.6357197761535645,7.36060905456543,7.408332824707031,42929732
2002-07-26,7.411139965057373,7.411139965057373,6.9339070320129395,6.967594146728516,58341201
2002-07-29,7.001280784606934,7.001280784606934,6.6138811111450195,6.869340896606445,57019018
2002-07-30,7.04058313369751,7.0574259757995605,6.605459213256836,6.67283296585083,49147400
2002-07-31,6.6335320472717285,7.074269771575928,6.599844932556152,7.006896018981934,48910460
2002-08-01,7.09953498840332,7.127607822418213,6.849689960479736,6.894606113433838,38778463
2002-08-02,6.712134838104248,6.8468828201293945,6.681254863739014,6.813196182250977,28835513
2002-08-05,6.961979866027832,7.060234069824219,6.855303764343262,6.99847412109375,28971785
2002-08-06,6.961979866027832,6.995666980743408,6.793544769287109,6.973208904266357,22870832
2002-08-07,7.065847873687744,7.144451141357422,6.911448955535889,6.970401763916016,35492828
2002-08-08,6.976016044616699,6.990052223205566,6.42860221862793,6.467904090881348,67228332
2002-08-09,6.625110149383545,6.6644110679626465,6.38930082321167,6.611073970794678,81428670
2002-08-12,6.655990123748779,6.801967144012451,6.625110149383545,6.737400054931641,36645522
2002-08-13,6.790738105773926,6.8440752029418945,6.71494197845459,6.745821952819824,14385073
2002-08-14,6.737400054931641,6.771087169647217,6.543700218200684,6.6279168128967285,34517888
2002-08-15,6.6279168128967285,6.6279168128967285,6.6279168128967285,6.6279168128967285,0
2002-08-16,6.712134838104248,6.765471935272217,6.641952991485596,6.675640106201172,20700559
2002-08-19,6.737400054931641,6.737400054931641,6.591423034667969,6.661603927612305,24470155
2002-08-20,6.6840620040893555,6.6840620040893555,6.597036838531494,6.639145851135254,24594156
2002-08-21,6.599844932556152,6.807580947875977,6.599844932556152,6.731784820556641,26880521
2002-08-22,6.793544769287109,6.894606113433838,6.793544769287109,6.81600284576416,35610612
2002-08-23,6.813196182250977,6.886184215545654,6.658796787261963,6.841268062591553,30340099
2002-08-26,6.832846164703369,6.945136070251465,6.821617126464844,6.8833770751953125,22797006
2002-08-27,6.905835151672363,6.9339070320129395,6.737400054931641,6.751436233520508,18351018
2002-08-28,6.737400054931641,6.8974127769470215,6.695291042327881,6.762664794921875,43322091
2002-08-29,6.695291042327881,6.81600284576416,6.67283296585083,6.689676761627197,29409046
2002-08-30,6.748629093170166,6.990052223205566,6.692483901977539,6.936715126037598,36943536
2002-09-02,7.03496789932251,7.102342128753662,6.936715126037598,6.961979866027832,24129074
2002-09-03,6.959173202514648,6.978823184967041,6.855303764343262,6.894606113433838,7738230
2002-09-04,6.748629093170166,6.925486087799072,6.748629093170166,6.905835151672363,8001905
2002-09-05,6.95636510848999,7.023738861083984,6.8974127769470215,6.99847412109375,16102305
2002-09-06,6.959173202514648,7.04058313369751,6.807580947875977,6.8468828201293945,17598787
2002-09-09,6.824425220489502,6.905835151672363,6.717749118804932,6.787930011749268,12739316
2002-09-10,6.787930011749268,6.787930011749268,6.787930011749268,6.787930011749268,0
2002-09-11,6.804773807525635,6.860918998718262,6.726171016693115,6.762664794921875,10752390
2002-09-12,6.765471935272217,6.866532802581787,6.737400054931641,6.762664794921875,18874591
2002-09-13,6.776700973510742,6.872148036956787,6.765471935272217,6.804773807525635,13507007
2002-09-16,6.821617126464844,6.860918998718262,6.745821952819824,6.75705099105835,7822672
2002-09-17,6.793544769287109,6.8468828201293945,6.743013858795166,6.7738938331604,9927330
2002-09-18,6.751436233520508,6.7795090675354,6.616687774658203,6.6644110679626465,17036974
2002-09-19,6.653182029724121,6.6644110679626465,6.552121162414551,6.597036838531494,14455979
2002-09-20,6.518434047698975,6.619494915008545,6.484746932983398,6.577386856079102,15909412
2002-09-23,6.568964958190918,6.597036838531494,6.467904090881348,6.521242141723633,9809367
2002-09-24,6.538084983825684,6.57177209854126,6.437024116516113,6.510013103485107,13274395
2002-09-25,6.456675052642822,6.557735919952393,6.456675052642822,6.538084983825684,12282713
2002-09-26,6.566157817840576,6.566157817840576,6.484746932983398,6.495975971221924,9224881
2002-09-27,6.507205009460449,6.568964958190918,6.487555027008057,6.552121162414551,23933883
2002-09-30,6.566157817840576,6.686869144439697,6.507205009460449,6.526855945587158,26821015
2002-10-01,6.540892124176025,6.568964958190918,6.442638874053955,6.543700218200684,12248035
2002-10-02,6.543700218200684,6.543700218200684,6.543700218200684,6.543700218200684,0
2002-10-03,6.568964958190918,6.605459213256836,6.518434047698975,6.574578762054443,10604078
2002-10-04,6.5942301750183105,6.647568225860596,6.574578762054443,6.6279168128967285,8844526
2002-10-07,6.619494915008545,6.813196182250977,6.6138811111450195,6.7795090675354,12002083
2002-10-08,6.790738105773926,6.830039024353027,6.717749118804932,6.743013858795166,9222120
2002-10-09,6.776700973510742,6.790738105773926,6.709327220916748,6.717749118804932,6131640
2002-10-10,6.698098182678223,6.804773807525635,6.597036838531494,6.731784820556641,7333991
2002-10-11,6.8468828201293945,6.900219917297363,6.751436233520508,6.776700973510742,10444295
2002-10-14,6.849689960479736,6.925486087799072,6.796351909637451,6.8637261390686035,8769150
2002-10-15,6.8637261390686035,6.8637261390686035,6.8637261390686035,6.8637261390686035,0
2002-10-16,6.905835151672363,6.990052223205566,6.849689960479736,6.874955177307129,16897763
2002-10-17,6.888990879058838,6.888990879058838,6.7738938331604,6.810388088226318,11955311
2002-10-18,6.849689960479736,6.855303764343262,6.681254863739014,6.7037129402160645,16445310
2002-10-21,6.6840620040893555,6.785122871398926,6.661603927612305,6.728978157043457,11370931
2002-10-22,6.771087169647217,6.771087169647217,6.692483901977539,6.740207195281982,10328719
2002-10-23,6.723363876342773,6.813196182250977,6.681254863739014,6.700905799865723,6202315
2002-10-24,6.709327220916748,6.71494197845459,6.588615894317627,6.6082658767700195,7367049
2002-10-25,6.568964958190918,6.619494915008545,6.538084983825684,6.563350200653076,7156736
2002-10-28,6.611073970794678,6.6644110679626465,6.406144142150879,6.512819766998291,10156967
2002-10-29,6.456675052642822,6.653182029724121,6.349998950958252,6.63072395324707,13569168
2002-10-30,6.67844820022583,6.728978157043457,6.521242141723633,6.554928779602051,14293382
2002-10-31,6.849689960479736,7.107956886291504,6.830039024353027,7.03496789932251,93104686
2002-11-01,7.09953498840332,7.279199123382568,6.936715126037598,6.970401763916016,61011341
2002-11-04,6.793544769287109,7.1163787841796875,6.793544769287109,7.093921184539795,18762346
2002-11-05,7.074269771575928,7.197789192199707,7.046196937561035,7.1163787841796875,39802045
2002-11-06,7.1163787841796875,7.1163787841796875,7.1163787841796875,7.1163787841796875,0
2002-11-07,7.1332221031188965,7.231475830078125,7.074269771575928,7.1332221031188965,34162612
2002-11-08,7.1135711669921875,7.130414962768555,6.99847412109375,7.049005031585693,18982045
2002-11-11,6.99847412109375,7.068655014038086,6.919870853424072,6.947944164276123,18634534
2002-11-12,8.003470420837402,8.003470420837402,6.8833770751953125,7.032161235809326,15695590
2002-11-13,7.074269771575928,7.091113090515137,6.976016044616699,6.990052223205566,14644134
2002-11-14,6.990052223205566,7.071463108062744,6.9339070320129395,6.947944164276123,18337927
2002-11-15,7.004088878631592,7.150065898895264,6.95636510848999,7.1135711669921875,40413426
2002-11-18,7.186560153961182,7.447634220123291,7.186560153961182,7.338150978088379,66954221
2002-11-19,7.338150978088379,7.338150978088379,7.338150978088379,7.338150978088379,0
2002-11-20,7.391489028930664,7.453248977661133,7.338150978088379,7.380259990692139,34785054
2002-11-21,7.442019939422607,7.534658908843994,7.394297122955322,7.416755199432373,39697708
2002-11-22,7.456056118011475,7.573960781097412,7.405526161193848,7.500971794128418,53989291
2002-11-25,7.46728515625,7.65256404876709,7.444827079772949,7.571153163909912,37428566
2002-11-26,7.649755954742432,7.790119171142578,7.5851898193359375,7.739587783813477,48194991
2002-11-27,7.748010158538818,7.748010158538818,7.529045104980469,7.557116985321045,23027089
2002-11-28,7.624491214752197,7.728359222412109,7.596418857574463,7.700286865234375,44628120
2002-11-29,7.691864967346191,7.874335765838623,7.669406890869141,7.832228183746338,76552653
2002-12-02,7.863107204437256,8.011892318725586,7.756432056427002,7.806962013244629,61587510
2002-12-03,7.832228183746338,7.89398717880249,7.618876934051514,7.666600227355957,47348879
2002-12-04,7.6357197761535645,7.714323043823242,7.5851898193359375,7.618876934051514,25940669
2002-12-05,7.680635929107666,7.773274898529053,7.65256404876709,7.68905782699585,19374422
2002-12-06,7.691864967346191,7.944518089294434,7.691864967346191,7.905216217041016,29818307
2002-12-09,7.97258996963501,8.042771339416504,7.705901145935059,7.75362491607666,40150090
2002-12-10,7.719937801361084,7.849071025848389,7.663793087005615,7.812576770782471,28444792
2002-12-11,7.899601936340332,7.899601936340332,7.722744941711426,7.8153839111328125,20618272
2002-12-12,7.902409076690674,7.902409076690674,7.719937801361084,7.75362491607666,30422564
2002-12-13,7.826612949371338,7.938902854919434,7.792925834655762,7.916444778442383,34673040
2002-12-16,7.916444778442383,8.045578956604004,7.756432056427002,7.790119171142578,54765371
2002-12-17,7.787312030792236,7.826612949371338,7.663793087005615,7.725552082061768,28016580
2002-12-18,7.748010158538818,7.910830974578857,7.708708763122559,7.849071025848389,35246769
2002-12-19,7.849071025848389,7.888372898101807,7.781696796417236,7.837841987609863,27205377
2002-12-20,7.882758140563965,8.042771339416504,7.8153839111328125,8.017505645751953,75851539
2002-12-23,8.056808471679688,8.146639823913574,8.034350395202637,8.112953186035156,73653855
2002-12-24,8.084879875183105,8.169097900390625,8.039963722229004,8.135411262512207,40103016
2002-12-25,8.135411262512207,8.135411262512207,8.135411262512207,8.135411262512207,0
2002-12-26,8.141024589538574,8.354375839233398,8.135411262512207,8.267351150512695,82255671
2002-12-27,8.309459686279297,8.458244323730469,8.287001609802246,8.3992919921875,57414690
2002-12-30,8.365605354309082,8.489124298095703,8.30384635925293,8.359991073608398,41748131
2002-12-31,8.365605354309082,8.534040451049805,8.351569175720215,8.508774757385254,69603504
2003-01-01,8.531232833862305,8.562112808227539,8.466666221618652,8.50596809387207,42614833
2003-01-02,9.825374603271484,9.825374603271484,8.393677711486816,8.413328170776367,37612429
2003-01-03,8.534040451049805,8.534040451049805,8.343147277832031,8.362797737121582,28246787
2003-01-06,8.385255813598633,8.385255813598633,8.126989364624023,8.177518844604492,35278366
2003-01-07,8.228050231933594,8.292616844177246,8.183134078979492,8.228050231933594,27571108
2003-01-08,8.253314971923828,8.42736530303955,8.225242614746094,8.38244915008545,41777608
2003-01-09,8.466666221618652,8.491930961608887,8.37683391571045,8.458244323730469,28964732
2003-01-10,8.47789478302002,8.534040451049805,8.348761558532715,8.390870094299316,38545068
2003-01-13,8.42175006866455,8.528426170349121,8.393677711486816,8.4049072265625,24687307
2003-01-14,8.410520553588867,8.489124298095703,8.32630443572998,8.396485328674316,42821423
2003-01-15,8.42175006866455,8.438593864440918,8.31788158416748,8.348761558532715,31562826
2003-01-16,8.329111099243164,8.511582374572754,8.32630443572998,8.444208145141602,32201547
2003-01-17,8.469472885131836,8.646329879760742,8.458244323730469,8.609835624694824,50658416
2003-01-20,8.629487037658691,8.797922134399414,8.629487037658691,8.713704109191895,67716746
2003-01-21,8.76704216003418,8.94951343536377,8.708089828491211,8.907403945922852,61454141
2003-01-22,8.938283920288086,9.084260940551758,8.8456449508667,8.876524925231934,76431324
2003-01-23,8.898983001708984,9.109525680541992,8.781078338623047,9.053380966186523,129603874
2003-01-24,9.143213272094727,9.179707527160645,8.730547904968262,8.772656440734863,100982288
2003-01-27,8.744584083557129,8.753005981445312,8.522810935974121,8.590185165405273,60376912
2003-01-28,8.590185165405273,8.744584083557129,8.371219635009766,8.66317367553711,99776892
2003-01-29,8.758620262145996,8.848451614379883,8.595800399780273,8.671594619750977,56137657
2003-01-30,8.702474594116211,8.76704216003418,8.539654731750488,8.573342323303223,63971123
2003-01-31,8.58457088470459,8.58457088470459,8.3992919921875,8.536847114562988,55510014
2003-02-03,8.562112808227539,8.781078338623047,8.562112808227539,8.716510772705078,40162237
2003-02-04,8.803536415100098,8.86248779296875,8.651945114135742,8.674403190612793,38932511
2003-02-05,8.651945114135742,8.727740287780762,8.57895565032959,8.671594619750977,29378891
2003-02-06,8.646329879760742,8.806343078613281,8.626679420471191,8.772656440734863,31363467
2003-02-07,8.825993537902832,8.977585792541504,8.747390747070312,8.848451614379883,59687056
2003-02-10,8.859681129455566,8.859681129455566,8.66598129272461,8.68563175201416,24603542
2003-02-11,8.727740287780762,8.778270721435547,8.621065139770508,8.671594619750977,28521896
2003-02-12,8.68563175201416,8.741777420043945,8.60422134399414,8.649136543273926,19898262
2003-02-13,8.649136543273926,8.649136543273926,8.649136543273926,8.649136543273926,0
2003-02-14,8.674403190612793,8.674403190612793,8.461051940917969,8.486316680908203,41582061
2003-02-17,8.615449905395508,8.671594619750977,8.590185165405273,8.60422134399414,40472808
2003-02-18,8.646329879760742,8.831608772277832,8.646329879760742,8.716510772705078,75692897
2003-02-19,8.809150695800781,8.873717308044434,8.747390747070312,8.781078338623047,62853749
2003-02-20,8.758620262145996,8.797922134399414,8.618258476257324,8.635101318359375,45618894
2003-02-21,8.635101318359375,8.66598129272461,8.50035285949707,8.517196655273438,64551638
2003-02-24,8.559305191040039,8.680017471313477,8.50596809387207,8.525617599487305,44512633
2003-02-25,8.531232833862305,8.531232833862305,8.329111099243164,8.374027252197266,48431094
2003-02-26,8.337532997131348,8.489124298095703,8.236472129821777,8.301037788391113,168954427
2003-02-27,8.301037788391113,8.47789478302002,8.284194946289062,8.340339660644531,152121834
2003-02-28,8.447014808654785,8.626679420471191,8.365605354309082,8.444208145141602,125723884
2003-03-03,8.50596809387207,8.534040451049805,8.32068920135498,8.343147277832031,53973636
2003-03-04,8.309459686279297,8.32068920135498,8.098916053771973,8.124181747436523,67717512
2003-03-05,8.098916053771973,8.275773048400879,8.000662803649902,8.230856895446777,99532881
2003-03-06,8.258930206298828,8.267351150512695,7.955747127532959,7.989433765411377,80628723
2003-03-07,7.860300064086914,7.944518089294434,7.719937801361084,7.745203018188477,84972868
2003-03-10,7.742395877838135,7.776082992553711,7.56834602355957,7.599225997924805,59799995
2003-03-11,7.50377893447876,7.773274898529053,7.50377893447876,7.719937801361084,81965138
2003-03-12,7.725552082061768,7.804154872894287,7.613262176513672,7.691864967346191,74057542
2003-03-13,7.742395877838135,7.742395877838135,7.534658908843994,7.579575061798096,53649778
2003-03-14,7.579575061798096,7.579575061798096,7.579575061798096,7.579575061798096,0
2003-03-17,7.579575061798096,7.6020331382751465,7.413947105407715,7.529045104980469,46059378
2003-03-18,7.529045104980469,7.529045104980469,7.529045104980469,7.529045104980469,0
2003-03-19,7.6357197761535645,7.728359222412109,7.579575061798096,7.624491214752197,42792765
2003-03-20,7.6357197761535645,7.8518781661987305,7.607647895812988,7.818191051483154,51706880
2003-03-21,7.840649127960205,7.966976165771484,7.804154872894287,7.913638114929199,42332137
2003-03-24,8.084879875183105,8.084879875183105,7.736781120300293,7.767661094665527,54645752
2003-03-25,7.691864967346191,7.781696796417236,7.579575061798096,7.731166839599609,39526045
2003-03-26,7.8546857833862305,7.8546857833862305,7.705901145935059,7.731166839599609,44750250
2003-03-27,7.691864967346191,7.714323043823242,7.576767921447754,7.593610763549805,60579156
2003-03-28,7.573960781097412,7.618876934051514,7.371838092803955,7.515007972717285,75472610
2003-03-31,7.627297878265381,7.627297878265381,7.411139965057373,7.506587028503418,50606800
2003-04-01,7.523429870605469,7.683443069458008,7.512200832366943,7.5851898193359375,30983219
2003-04-02,7.666600227355957,7.736781120300293,7.649755954742432,7.719937801361084,24609740
2003-04-03,7.790119171142578,7.798541069030762,7.708708763122559,7.770468235015869,20386711
2003-04-04,7.748010158538818,7.910830974578857,7.748010158538818,7.882758140563965,35785944
2003-04-07,7.916444778442383,8.19717025756836,7.902409076690674,8.121374130249023,54033035
2003-04-08,7.644142150878906,8.079265594482422,7.644142150878906,7.969782829284668,33485829
2003-04-09,7.916444778442383,7.958553791046143,7.832228183746338,7.882758140563965,25954776
2003-04-10,7.910830974578857,8.011892318725586,7.725552082061768,7.804154872894287,33717799
2003-04-11,7.790119171142578,7.964168071746826,7.579575061798096,7.691864967346191,26591288
2003-04-14,53.82099151611328,53.82099151611328,53.82099151611328,53.82099151611328,0
2003-04-15,7.691864967346191,7.691864967346191,7.231475830078125,7.3662238121032715,54014690
2003-04-16,7.405526161193848,7.5515031814575195,7.3128862380981445,7.523429870605469,42502000
2003-04-17,7.472899913787842,7.495357990264893,7.349380016326904,7.394297122955322,40085169
2003-04-18,7.394297122955322,7.394297122955322,7.394297122955322,7.394297122955322,0
2003-04-21,7.411139965057373,7.515007972717285,7.394297122955322,7.475707054138184,27327845
2003-04-22,7.523429870605469,7.548695087432861,7.371838092803955,7.4027180671691895,24278277
2003-04-23,7.42517614364624,7.453248977661133,7.186560153961182,7.223053932189941,29744748
2003-04-24,7.282005786895752,7.411139965057373,7.0826921463012695,7.144451141357422,98163071
2003-04-25,7.186560153961182,7.253933906555176,7.102342128753662,7.186560153961182,36727399
2003-04-28,7.13602876663208,7.385875225067139,7.130414962768555,7.36060905456543,61353972
2003-04-29,7.46728515625,7.46728515625,7.259548187255859,7.290428161621094,44776272
2003-04-30,7.310079097747803,7.447634220123291,7.304463863372803,7.419561862945557,40452735
2003-05-01,7.419561862945557,7.419561862945557,7.419561862945557,7.419561862945557,0
2003-05-02,7.433598041534424,7.486936092376709,7.371838092803955,7.433598041534424,22816847
2003-05-05,7.523429870605469,7.6357197761535645,7.506587028503418,7.607647895812988,34900772
2003-05-06,7.6216840744018555,7.686251163482666,7.5655388832092285,7.6160688400268555,26623063
2003-05-07,7.644142150878906,7.65256404876709,7.472899913787842,7.512200832366943,34142948
2003-05-08,7.46728515625,7.481320858001709,7.377452850341797,7.405526161193848,26868980
2003-05-09,7.416755199432373,7.529045104980469,7.354994773864746,7.500971794128418,25878633
2003-05-12,7.523429870605469,7.590804100036621,7.486936092376709,7.512200832366943,17551374
2003-05-13,7.523429870605469,7.579575061798096,7.495357990264893,7.56834602355957,15903231
2003-05-14,7.613262176513672,7.742395877838135,7.573960781097412,7.655371189117432,44883299
2003-05-15,7.691864967346191,7.846263885498047,7.663793087005615,7.8209991455078125,32710052
2003-05-16,7.818191051483154,7.910830974578857,7.756432056427002,7.804154872894287,31418165
2003-05-19,7.8153839111328125,7.93048095703125,7.776082992553711,7.806962013244629,25318726
2003-05-20,7.691864967346191,7.902409076690674,7.691864967346191,7.874335765838623,31782044
2003-05-21,7.919251918792725,8.020313262939453,7.919251918792725,7.933289051055908,26766691
2003-05-22,7.961360931396484,8.084879875183105,7.93609619140625,8.023120880126953,43635547
2003-05-23,8.03715705871582,8.191555976867676,8.03715705871582,8.152254104614258,36143126
2003-05-26,8.309459686279297,8.309459686279297,8.169097900390625,8.19717025756836,35752851
2003-05-27,8.278579711914062,8.30384635925293,7.97258996963501,8.011892318725586,33238416
2003-05-28,8.084879875183105,8.250508308410645,7.944518089294434,8.236472129821777,58930105
2003-05-29,8.365605354309082,8.696861267089844,8.171904563903809,8.598607063293457,212240630
2003-05-30,9.43235969543457,9.43235969543457,8.719319343566895,8.870909690856934,165935619
2003-06-02,8.898983001708984,9.044960021972656,8.803536415100098,8.854066848754883,75788239
2003-06-03,8.898983001708984,8.929862022399902,8.674403190612793,8.750198364257812,65414885
2003-06-04,8.828801155090332,8.842838287353516,8.691246032714844,8.772656440734863,50280591
2003-06-05,8.86810302734375,8.971970558166504,8.792306900024414,8.935477256774902,92575877
2003-06-06,9.025308609008789,9.15163516998291,9.016886711120605,9.106719017028809,120209235
2003-06-09,8.646329879760742,8.769848823547363,8.528426170349121,8.733354568481445,87501427
2003-06-10,8.78669261932373,8.828801155090332,8.424556732177734,8.47789478302002,75859091
2003-06-11,8.534040451049805,8.60422134399414,8.38244915008545,8.50316047668457,73968807
2003-06-12,8.47789478302002,8.522810935974121,8.3992919921875,8.424556732177734,46962932
2003-06-13,8.472281455993652,8.50596809387207,8.393677711486816,8.42736530303955,43780992
2003-06-16,8.42736530303955,8.444208145141602,8.275773048400879,8.306653022766113,38263832
2003-06-17,8.3992919921875,8.50035285949707,8.340339660644531,8.458244323730469,50774152
2003-06-18,8.534040451049805,8.708089828491211,8.50035285949707,8.595800399780273,82070579
2003-06-19,8.643523216247559,8.8905611038208,8.635101318359375,8.828801155090332,118465839
2003-06-20,8.803536415100098,8.932669639587402,8.76423454284668,8.842838287353516,58747061
2003-06-23,8.814764976501465,9.081454277038574,8.814764976501465,8.870909690856934,106542463
2003-06-24,8.870909690856934,9.030922889709473,8.820380210876465,8.974778175354004,83176822
2003-06-25,8.997236251831055,9.160057067871094,8.997236251831055,9.095490455627441,85066856
2003-06-26,9.137598991394043,9.15163516998291,8.876524925231934,8.921441078186035,109763693
2003-06-27,9.014080047607422,9.41270923614502,8.927055358886719,9.362178802490234,176775159
2003-06-30,9.390251159667969,9.640096664428711,9.390251159667969,9.508155822753906,91723851
2003-07-01,9.600794792175293,9.735543251037598,9.41270923614502,9.561493873596191,119893072
2003-07-02,9.623252868652344,9.814146041870117,9.623252868652344,9.71589183807373,117847957
2003-07-03,9.847832679748535,9.920822143554688,9.609216690063477,9.676590919494629,80863473
2003-07-04,9.713085174560547,9.811339378356934,9.61483097076416,9.690627098083496,60039892
2003-07-07,9.713085174560547,9.971351623535156,9.61763858795166,9.850640296936035,91882672
2003-07-08,10.041533470153809,10.063990592956543,9.7776517868042,9.845026016235352,94695086
2003-07-09,9.850640296936035,9.853447914123535,9.642904281616211,9.670975685119629,51961845
2003-07-10,9.696242332458496,9.999424934387207,9.668169021606445,9.954508781433105,87335803
2003-07-11,10.033111572265625,10.381211280822754,10.024689674377441,10.322257995605469,132425086
2003-07-14,10.106100082397461,10.7489595413208,10.106100082397461,10.664743423461914,100695068
2003-07-15,10.779840469360352,10.869671821594238,10.476656913757324,10.723694801330566,170954392
2003-07-16,10.779840469360352,11.200927734375,10.690008163452148,11.156011581420898,166306160
2003-07-17,11.21777057647705,11.445158958435059,10.892129898071289,10.984768867492676,200029819
2003-07-18,10.886515617370605,11.172855377197266,10.83598518371582,11.052143096923828,136384334
2003-07-21,11.11670970916748,11.31041145324707,10.645092010498047,10.723694801330566,164146395
2003-07-22,10.639477729797363,10.830370903015137,10.353137969970703,10.437355995178223,186021414
2003-07-23,10.656320571899414,10.791069030761719,10.277341842651367,10.465428352355957,350446373
2003-07-24,10.779840469360352,10.779840469360352,10.504730224609375,10.704044342041016,143085501
2003-07-25,10.779840469360352,11.195313453674316,10.737730979919434,11.09425163269043,139737206
2003-07-28,11.341290473937988,11.622014999389648,11.321640014648438,11.394627571105957,173155514
2003-07-29,11.397435188293457,11.866246223449707,11.296374320983887,11.810100555419922,216894846
2003-07-30,11.894318580627441,11.998187065124512,11.6865816116333,11.742727279663086,167773557
2003-07-31,11.843788146972656,11.92519760131836,11.571484565734863,11.680968284606934,167852424
2003-08-01,11.77079963684082,12.088019371032715,11.6865816116333,12.015029907226562,181033223
2003-08-04,11.902739524841309,12.323827743530273,11.902739524841309,12.270489692687988,170612812
2003-08-05,12.295755386352539,12.433311462402344,11.995380401611328,12.110477447509766,184667615
2003-08-06,12.071174621582031,12.458576202392578,12.017837524414062,12.161006927490234,228146373
2003-08-07,12.298563003540039,12.68315601348877,12.1329345703125,12.590517044067383,182545948
2003-08-08,12.688770294189453,13.14635181427002,12.6213960647583,13.081785202026367,261017080
2003-08-11,13.05090618133545,13.45795726776123,12.933000564575195,13.295136451721191,195291660
2003-08-12,13.362509727478027,13.606740951538086,13.137929916381836,13.292328834533691,185416979
2003-08-13,13.390583038330078,13.539366722106934,13.140737533569336,13.460763931274414,197949225
2003-08-14,13.5590181350708,13.783597946166992,13.519716262817383,13.634814262390137,214047790
2003-08-15,13.634814262390137,13.634814262390137,13.634814262390137,13.634814262390137,0
2003-08-18,13.702187538146973,14.57243537902832,13.699379920959473,14.505061149597168,270612306
2003-08-19,14.65665340423584,14.923341751098633,13.935189247131348,14.095203399658203,234109076
2003-08-20,14.193455696105957,14.252408981323242,13.61516284942627,13.660079002380371,167985383
2003-08-21,13.74148941040039,14.131696701049805,13.643235206604004,13.853778839111328,126118007
2003-08-22,14.019407272338867,14.429265022277832,13.881852149963379,14.18222713470459,196144487
2003-08-25,14.316974639892578,14.423650741577148,13.222147941589355,13.528138160705566,196581498
2003-08-26,13.5590181350708,14.429265022277832,13.53094482421875,14.356277465820312,208142527
2003-08-27,14.513483047485352,14.687532424926758,14.126082420349121,14.243987083435059,182817816
2003-08-28,14.21030044555664,14.252408981323242,13.71903133392334,13.79763412475586,146467885
2003-08-29,13.966069221496582,14.4461088180542,13.606740951538086,14.224335670471191,240464032
2003-09-01,14.20468521118164,14.36189079284668,13.966069221496582,14.258023262023926,138091717
2003-09-02,14.342241287231445,14.429265022277832,13.98010540008545,14.199070930480957,116241349
2003-09-03,14.258023262023926,14.676302909851074,14.013792037963867,14.20187759399414,281833376
2003-09-04,14.26082992553711,14.91772747039795,14.179420471191406,14.457338333129883,298761757
2003-09-05,14.611737251281738,15.091776847839355,14.578049659729004,15.001944541931152,197277126
2003-09-08,15.209680557250977,15.212488174438477,14.864389419555664,14.934571266174316,156069434
2003-09-09,15.069318771362305,15.069318771362305,14.401192665100098,14.479796409606934,157219314
2003-09-10,16.8435001373291,16.8435001373291,14.120468139648438,14.586470603942871,194764952
2003-09-11,14.653844833374023,14.816665649414062,14.036250114440918,14.54716968536377,131698984
2003-09-12,14.56962776184082,14.64823055267334,14.036250114440918,14.145732879638672,161049361
2003-09-15,13.657272338867188,14.148539543151855,13.657272338867188,13.935189247131348,195598205
2003-09-16,13.952033042907715,14.847545623779297,13.646042823791504,14.760520935058594,213070837
2003-09-17,14.962642669677734,15.260211944580078,14.516289710998535,14.698760986328125,205654434
2003-09-18,14.608928680419922,14.637001991271973,13.954839706420898,14.053093910217285,193955886
2003-09-19,14.176612854003906,14.4854097366333,13.937996864318848,14.325396537780762,225279617
2003-09-22,14.092394828796387,14.336626052856445,13.763946533203125,13.853778839111328,212895381
2003-09-23,13.806056022644043,14.429265022277832,13.755524635314941,14.345047950744629,191825563
2003-09-24,14.46295166015625,14.693146705627441,14.38434886932373,14.603315353393555,200740604
2003-09-25,14.401192665100098,14.962642669677734,14.401192665100098,14.65665340423584,280219323
2003-09-26,14.73525619506836,14.985100746154785,14.693146705627441,14.920534133911133,177243909
2003-09-29,14.872811317443848,15.453911781311035,14.872811317443848,15.108619689941406,220183189
2003-09-30,15.111427307128906,15.316356658935547,14.892461776733398,15.234946250915527,170145807
2003-10-01,15.316356658935547,15.40618896484375,15.111427307128906,15.178800582885742,128651376
2003-10-02,15.178800582885742,15.178800582885742,15.178800582885742,15.178800582885742,0
2003-10-03,15.232138633728027,15.889036178588867,15.215295791625977,15.782360076904297,162349744
2003-10-06,15.889036178588867,16.44487190246582,15.866578102111816,16.366268157958984,155101173
2003-10-07,16.456100463867188,17.343191146850586,16.39995574951172,17.073694229125977,319755219
2003-10-08,17.06808090209961,17.303890228271484,16.8013916015625,17.056852340698242,184503986
2003-10-09,17.087730407714844,17.567771911621094,17.073694229125977,17.47513198852539,146439049
2003-10-10,17.621109008789062,17.966400146484375,17.517240524291992,17.904640197753906,130177567
2003-10-13,17.974821090698242,19.257736206054688,17.918676376342773,19.13421630859375,207971274
2003-10-14,19.285808563232422,19.420555114746094,18.24712562561035,18.348186492919922,263030136
2003-10-15,18.412752151489258,19.370025634765625,18.16290855407715,19.263349533081055,329363251
2003-10-16,19.538461685180664,20.405900955200195,19.409326553344727,20.223430633544922,305936625
2003-10-17,20.212200164794922,20.324491500854492,19.824800491333008,19.97639274597168,184391010
2003-10-20,20.099910736083984,20.156055450439453,19.263349533081055,19.375640869140625,152946592
2003-10-21,19.482315063476562,20.12236976623535,18.438018798828125,18.752431869506836,341288711
2003-10-22,18.892793655395508,19.6507511138916,18.842262268066406,19.13702392578125,305437596
2003-10-23,19.14544677734375,19.622678756713867,18.842262268066406,18.965782165527344,238183971
2003-10-24,19.355989456176758,19.355989456176758,18.47170639038086,19.165096282958984,289603115
2003-10-27,19.370025634765625,19.482315063476562,18.40152359008789,18.502586364746094,221375726
2003-10-28,18.555923461914062,18.83103370666504,18.134836196899414,18.40713882446289,327791054
2003-10-29,18.583995819091797,18.73278045654297,18.081497192382812,18.553115844726562,260363291
2003-10-30,18.640140533447266,19.76304054260254,18.443632125854492,19.54407501220703,520462659
2003-10-31,19.681631088256836,20.206586837768555,19.681631088256836,20.091489791870117,218890091
2003-11-03,20.324491500854492,21.335100173950195,20.212200164794922,21.220003128051758,226189761
2003-11-04,21.503536224365234,21.554065704345703,20.678203582763672,20.869096755981445,214709380
2003-11-05,20.930856704711914,21.020689010620117,20.414323806762695,20.683818817138672,168742726
2003-11-06,20.80172348022461,21.16666603088379,20.613637924194336,21.05998992919922,186918003
2003-11-07,21.132978439331055,21.234039306640625,20.43678092956543,20.58837127685547,153150243
2003-11-10,19.6507511138916,20.925241470336914,19.6507511138916,20.728734970092773,123500285
2003-11-11,20.686626434326172,20.919628143310547,20.408708572387695,20.529420852661133,132876988
2003-11-12,20.610830307006836,20.73434829711914,20.386249542236328,20.47888946533203,101145936
2003-11-13,20.515384674072266,20.737157821655273,19.889366149902344,20.054994583129883,136312307
2003-11-14,20.043766021728516,20.307647705078125,19.60302734375,19.734968185424805,185360999
2003-11-17,20.03253746032715,20.711891174316406,19.622678756713867,20.543455123901367,141636289
2003-11-18,20.59679412841797,20.605215072631836,19.833221435546875,19.951126098632812,139710240
2003-11-19,19.87533187866211,19.920246124267578,19.29703712463379,19.375640869140625,130263327
2003-11-20,19.594606399536133,20.5406494140625,18.786117553710938,18.901214599609375,149352452
2003-11-21,18.895601272583008,19.386869430541992,18.685056686401367,19.313880920410156,197281561
2003-11-24,19.51319694519043,19.81076431274414,19.23808479309082,19.55249786376953,158080869
2003-11-25,19.70689582824707,19.830415725708008,19.44582176208496,19.75742530822754,129447065
2003-11-26,138.25035095214844,138.25035095214844,138.25035095214844,138.25035095214844,0
2003-11-27,19.833221435546875,20.265539169311523,19.71531867980957,19.847257614135742,148687370
2003-11-28,20.212200164794922,20.5322265625,19.97639274597168,20.262731552124023,209180286
2003-12-01,20.43678092956543,20.829795837402344,20.425552368164062,20.753999710083008,116010180
2003-12-02,21.037532806396484,21.217195510864258,20.5350341796875,20.756807327270508,149040777
2003-12-03,20.885940551757812,20.930856704711914,20.4985408782959,20.627674102783203,93668851
2003-12-04,20.5911808013916,20.770843505859375,20.23465919494629,20.616445541381836,116512700
2003-12-05,20.773651123046875,20.978580474853516,19.847257614135742,19.939897537231445,127785831
2003-12-08,20.001657485961914,20.459238052368164,19.76865577697754,20.251501083374023,119525399
2003-12-09,20.549070358276367,20.59398651123047,20.304840087890625,20.450817108154297,72913006
2003-12-10,20.4929256439209,20.89716911315918,20.38063621520996,20.568721771240234,121808060
2003-12-11,20.874711990356445,20.874711990356445,20.394672393798828,20.551877975463867,93527057
2003-12-12,20.661361694335938,21.335100173950195,20.285188674926758,21.20877456665039,151635487
2003-12-15,21.447391510009766,22.059371948242188,21.391246795654297,22.003225326538086,176129687
2003-12-16,21.857248306274414,21.94146728515625,21.5091495513916,21.73934555053711,128742194
2003-12-17,21.67758560180664,21.820755004882812,21.4277400970459,21.556873321533203,92726380
2003-12-18,21.865671157836914,22.385013580322266,21.57652473449707,22.25026512145996,129102956
2003-12-19,22.297988891601562,22.530990600585938,22.067792892456055,22.222192764282227,114003429
2003-12-22,22.334482192993164,22.679773330688477,22.180082321166992,22.533796310424805,106993064
2003-12-23,22.637664794921875,22.637664794921875,22.084636688232422,22.20254135131836,81710476
2003-12-24,26.376922607421875,26.376922607421875,22.126745223999023,23.07840347290039,142426368
2003-12-25,161.48655700683594,161.48655700683594,161.48655700683594,161.48655700683594,0
2003-12-26,23.43492317199707,23.86162567138672,23.187885284423828,23.799867630004883,95568432
2003-12-29,24.136737823486328,24.875043869018555,23.889699935913086,24.69257164001465,82967756
2003-12-30,24.816091537475586,24.973297119140625,23.86162567138672,24.181652069091797,120531063
2003-12-31,21.961118698120117,25.009790420532227,21.961118698120117,24.889080047607422,152204389
2004-01-01,25.00136947631836,25.287708282470703,24.964874267578125,25.04347801208496,87720984
2004-01-02,25.15296173095703,25.652652740478516,25.15296173095703,25.30174446105957,87758832
2004-01-05,25.444915771484375,25.51228904724121,24.459569931030273,24.78521156311035,136359150
2004-01-06,24.978912353515625,25.1641902923584,24.030061721801758,24.2293758392334,119088014
2004-01-07,24.21253204345703,24.919958114624023,23.892505645751953,24.79644012451172,166619527
2004-01-08,25.065935134887695,25.2596378326416,24.94522476196289,25.082780838012695,77804091
2004-01-09,25.36350440979004,25.51509666442871,24.198495864868164,24.813283920288086,145871732
2004-01-12,24.647655487060547,25.085586547851562,24.254640579223633,24.928380966186523,116720287
2004-01-13,24.99575424194336,25.293323516845703,24.602739334106445,25.2147216796875,101321553
2004-01-14,25.377540588378906,25.93899154663086,25.377540588378906,25.62177276611328,113239069
2004-01-15,25.61054229736328,26.208486557006836,24.712223052978516,24.973297119140625,130658482
2004-01-16,27.351037979125977,27.519472122192383,24.279905319213867,24.512908935546875,142660405
2004-01-19,24.597126007080078,25.742483139038086,23.982337951660156,25.585277557373047,194511786
2004-01-20,25.658266067504883,26.014787673950195,24.260255813598633,24.771175384521484,208458121
2004-01-21,24.33885955810547,25.057514190673828,23.148584365844727,23.44334602355957,171911325
2004-01-22,23.943035125732422,24.277099609375,21.700042724609375,22.216577529907227,251973729
2004-01-23,22.519760131835938,24.122699737548828,22.51414680480957,23.90373420715332,166754321
2004-01-26,23.90373420715332,23.90373420715332,23.90373420715332,23.90373420715332,0
2004-01-27,24.086206436157227,25.00698471069336,23.917770385742188,24.90030860900879,124162713
2004-01-28,24.816091537475586,25.456144332885742,24.11708641052246,24.417461395263672,192119089
2004-01-29,24.84416389465332,24.984525680541992,23.923385620117188,24.198495864868164,185463216
2004-01-30,24.37254524230957,24.521329879760742,22.578712463378906,22.806100845336914,236257246
2004-02-02,22.806100845336914,22.806100845336914,22.806100845336914,22.806100845336914,0
2004-02-03,22.800485610961914,23.069982528686523,21.4698486328125,21.657934188842773,230418205
2004-02-04,21.846019744873047,23.40685272216797,21.789875030517578,23.328248977661133,254416066
2004-02-05,23.468610763549805,23.80548095703125,22.09586524963379,22.483266830444336,252926583
2004-02-06,22.842594146728516,23.3001766204834,22.536603927612305,23.204729080200195,182130524
2004-02-09,23.412466049194336,23.85881805419922,23.215959548950195,23.735300064086914,141252817
2004-02-10,23.87004852294922,23.917770385742188,22.963306427001953,23.314212799072266,154384030
2004-02-11,23.468610763549805,24.254640579223633,23.412466049194336,24.162002563476562,231936808
2004-02-12,24.350088119506836,24.380966186523438,23.611780166625977,23.954265594482422,146833492
2004-02-13,24.030061721801758,24.68695831298828,23.923385620117188,24.616775512695312,190609533
2004-02-16,24.428691864013672,25.287708282470703,24.428691864013672,24.919958114624023,165658765
2004-02-17,25.09681510925293,25.540361404418945,24.872236251831055,25.484216690063477,178220933
2004-02-18,25.602121353149414,25.67230224609375,25.15296173095703,25.2596378326416,119867406
2004-02-19,25.399999618530273,25.641422271728516,24.37535285949707,24.53817367553711,225781906
2004-02-20,24.47922134399414,25.054706573486328,24.22095489501953,24.664499282836914,198097341
2004-02-23,24.984525680541992,25.298938751220703,24.125507354736328,24.32762908935547,132937652
2004-02-24,24.198495864868164,24.984525680541992,23.934614181518555,24.89469337463379,200914315
2004-02-25,24.956453323364258,24.970489501953125,23.839168548583984,24.052518844604492,195090199
2004-02-26,24.027254104614258,24.62800407409668,23.617395401000977,23.76618003845215,172137596
2004-02-27,23.96268653869629,24.195688247680664,23.112089157104492,23.993566513061523,272483461
2004-03-01,24.406232833862305,24.555017471313477,23.614587783813477,24.487642288208008,176062326
2004-03-02,24.487642288208008,24.487642288208008,24.487642288208008,24.487642288208008,0
2004-03-03,24.68695831298828,25.11366081237793,24.507293701171875,24.731874465942383,195651674
2004-03-04,24.142351150512695,24.64204216003418,23.81109619140625,24.049711227416992,145134855
2004-03-05,24.190074920654297,24.922767639160156,23.90654182434082,24.849777221679688,187310148
2004-03-08,24.94241714477539,25.37192726135254,24.653270721435547,25.2484073638916,152193702
2004-03-09,25.2091064453125,25.2091064453125,24.557823181152344,24.84416389465332,168269255
2004-03-10,24.731874465942383,24.861007690429688,24.3164005279541,24.456762313842773,164354570
2004-03-11,24.260255813598633,24.33885955810547,23.2889461517334,23.60055160522461,148581680
2004-03-12,23.28333282470703,23.777408599853516,23.117704391479492,23.662311553955078,158990460
2004-03-15,24.030061721801758,24.030061721801758,21.42212677001953,21.99761199951172,236452170
2004-03-16,21.335100173950195,22.331674575805664,21.335100173950195,22.017263412475586,221661700
2004-03-17,22.126745223999023,22.51414680480957,21.87409210205078,22.230613708496094,154039280
2004-03-18,22.233421325683594,22.40185546875,21.453004837036133,21.57371711730957,146484307
2004-03-19,21.67197036743164,22.104286193847656,21.172279357910156,21.862863540649414,160451373
2004-03-22,21.952695846557617,21.952695846557617,20.285188674926758,20.526613235473633,139683470
2004-03-23,20.4929256439209,20.96735191345215,20.299226760864258,20.47888946533203,133677272
2004-03-24,20.549070358276367,20.549070358276367,19.76865577697754,19.97077751159668,156938933
2004-03-25,20.10552406311035,21.04876136779785,20.001657485961914,20.692241668701172,154693639
2004-03-26,21.085256576538086,21.351943969726562,20.810144424438477,21.10771369934082,114984300
2004-03-29,21.05437660217285,21.447391510009766,20.417129516601562,21.318256378173828,114356497
2004-03-30,21.391246795654297,21.77583885192871,21.085256576538086,21.450197219848633,151878910
2004-03-31,21.335100173950195,21.725309371948242,21.121749877929688,21.540029525756836,103455919
2004-04-01,21.503536224365234,22.121131896972656,21.453004837036133,22.056564331054688,98092147
2004-04-02,22.14920425415039,22.72188377380371,21.742151260375977,22.643280029296875,140977619
2004-04-05,22.82575035095215,23.210344314575195,22.637664794921875,22.800485610961914,109623485
2004-04-06,22.907161712646484,22.952077865600586,22.053756713867188,22.281143188476562,116286072
2004-04-07,23.620203018188477,23.620203018188477,21.73934555053711,22.059371948242188,142703151
2004-04-08,22.121131896972656,22.595556259155273,21.716886520385742,22.4467716217041,165768178
2004-04-09,22.4467716217041,22.4467716217041,22.4467716217041,22.4467716217041,0
2004-04-12,22.57029151916504,22.761184692382812,22.10148048400879,22.233421325683594,98303528
2004-04-13,22.289566040039062,22.72188377380371,21.868478775024414,22.646087646484375,91161913
2004-04-14,22.646087646484375,22.646087646484375,22.646087646484375,22.646087646484375,0
2004-04-15,22.682580947875977,22.963306427001953,21.98357582092285,22.109901428222656,187743294
2004-04-16,22.177276611328125,22.525375366210938,22.121131896972656,22.230613708496094,91849241
2004-04-19,22.233421325683594,22.370975494384766,21.789875030517578,21.97796058654785,85720592
2004-04-20,22.09305763244629,22.47484588623047,21.77864646911621,22.3681697845459,125831303
2004-04-21,22.40185546875,23.322633743286133,22.289566040039062,23.196308135986328,147390389
2004-04-22,23.331056594848633,23.40685272216797,22.912776947021484,23.022258758544922,149645265
2004-04-23,23.24403190612793,23.86162567138672,22.887510299682617,23.008222579956055,104218837
2004-04-26,160.9974365234375,160.9974365234375,160.9974365234375,160.9974365234375,0
2004-04-27,22.895931243896484,22.895931243896484,21.17508888244629,21.298606872558594,134759061
2004-04-28,22.45800018310547,22.45800018310547,21.026302337646484,21.57652473449707,159193523
2004-04-29,21.4305477142334,21.4305477142334,20.563106536865234,20.672590255737305,185292088
2004-04-30,20.605215072631836,20.784879684448242,19.931476593017578,20.097103118896484,154200238
2004-05-03,19.987621307373047,19.987621307373047,18.957359313964844,19.229663848876953,188261684
2004-05-04,19.24650764465332,20.03253746032715,19.24650764465332,19.6451358795166,147673585
2004-05-05,19.87533187866211,20.06622314453125,19.628292083740234,19.923053741455078,93545402
2004-05-06,20.268346786499023,20.69504737854004,20.161670684814453,20.571529388427734,103767078
2004-05-07,20.5322265625,20.5322265625,19.319494247436523,19.428977966308594,144064768
2004-05-10,19.370025634765625,19.370025634765625,18.30888557434082,18.654176712036133,183110113
2004-05-11,18.185365676879883,18.185365676879883,16.91087532043457,17.247745513916016,185716382
2004-05-12,17.174755096435547,17.952363967895508,17.073694229125977,17.727783203125,241520457
2004-05-13,16.882801055908203,18.29765510559082,16.29327964782715,17.865339279174805,272558588
2004-05-14,18.073076248168945,18.073076248168945,15.726215362548828,16.242748260498047,248827340
2004-05-17,16.28485870361328,16.28485870361328,13.025639533996582,14.760520935058594,138039139
2004-05-18,15.173187255859375,16.776126861572266,15.159151077270508,16.478557586669922,198299283
2004-05-19,16.8435001373291,17.826038360595703,16.731210708618164,17.6940975189209,213928402
2004-05-20,17.99447250366211,18.387487411499023,17.354419708251953,17.988859176635742,318956608
2004-05-21,18.77488899230957,18.77488899230957,17.769893646240234,18.452054977416992,238333833
2004-05-24,18.791732788085938,19.005083084106445,18.598031997680664,18.7187442779541,147577868
2004-05-25,18.583995819091797,18.864721298217773,18.235897064208984,18.687864303588867,138120642
2004-05-26,18.752431869506836,18.920866012573242,18.25835418701172,18.440826416015625,104292788
2004-05-27,18.24712562561035,18.286426544189453,17.814809799194336,17.890605926513672,150111522
2004-05-28,17.904640197753906,17.904640197753906,16.899646759033203,17.000707626342773,157253814
2004-05-31,16.812620162963867,16.992284774780273,16.197832107543945,16.632957458496094,186985346
2004-06-01,16.8435001373291,17.36845588684082,16.7648983001709,16.981056213378906,138409875
2004-06-02,17.06808090209961,17.67444610595703,16.986669540405273,17.486360549926758,139601736
2004-06-03,17.7418212890625,17.955171585083008,16.50663185119629,16.734018325805664,157944062
2004-06-04,16.526281356811523,17.848495483398438,16.450485229492188,17.710941314697266,212498551
2004-06-07,17.910255432128906,18.174137115478516,17.180370330810547,17.33196258544922,284994868
2004-06-08,17.06808090209961,17.096153259277344,16.590848922729492,16.714366912841797,135304114
2004-06-09,16.576812744140625,17.028778076171875,16.576812744140625,16.73963165283203,100969678
2004-06-10,16.675065994262695,17.01193618774414,16.618921279907227,16.7648983001709,80703387
2004-06-11,16.8406925201416,17.040008544921875,16.192218780517578,16.27924346923828,113992974
2004-06-14,16.27924346923828,16.27924346923828,15.13949966430664,15.324777603149414,152693729
2004-06-15,15.32758617401123,16.304508209228516,15.32758617401123,16.161338806152344,204464123
2004-06-16,16.02097511291504,16.248363494873047,15.703757286071777,15.900264739990234,132298058
2004-06-17,15.889036178588867,16.29889488220215,15.740250587463379,16.214677810668945,100186207
2004-06-18,16.164146423339844,16.225906372070312,15.616731643676758,15.729022026062012,115425800
2004-06-21,15.841312408447266,15.97044563293457,15.538128852844238,15.61111831665039,90179582
2004-06-22,15.597082138061523,15.877806663513184,15.445489883422852,15.698143005371094,94923904
2004-06-23,15.804818153381348,15.911494255065918,15.066511154174805,15.167572021484375,109263043
2004-06-24,15.4230318069458,15.524092674255371,15.052474975585938,15.417417526245117,141645818
2004-06-25,15.496021270751953,16.69752311706543,15.4286470413208,16.618921279907227,262408941
2004-06-28,16.675065994262695,17.06808090209961,16.632957458496094,17.01193618774414,146404193
2004-06-29,16.922103881835938,17.281431198120117,16.70875358581543,17.16352653503418,208026364
2004-06-30,17.124225616455078,17.421794891357422,16.832271575927734,16.89683723449707,159410301
2004-07-01,16.955791473388672,17.30950355529785,16.48978614807129,17.22247886657715,238806093
2004-07-02,17.056852340698242,17.47232437133789,16.90806770324707,17.082117080688477,225602994
2004-07-05,17.124225616455078,17.292661666870117,16.85753631591797,16.96982765197754,127746558
2004-07-06,16.871572494506836,17.62672233581543,16.815427780151367,17.587421417236328,247258528
2004-07-07,17.545312881469727,17.952363967895508,17.491975784301758,17.764278411865234,214756864
2004-07-08,17.764278411865234,17.957979202270508,16.39434051513672,16.630149841308594,236188478
2004-07-09,16.33819580078125,17.26458740234375,15.734637260437012,17.188791275024414,146596766
2004-07-12,17.281431198120117,17.767086029052734,16.955791473388672,17.660409927368164,107373685
2004-07-13,17.7418212890625,17.854110717773438,16.986669540405273,17.281431198120117,106801150
2004-07-14,17.343191146850586,17.79515838623047,17.185985565185547,17.618301391601562,160104753
2004-07-15,17.68567657470703,18.41556167602539,17.629531860351562,18.36783790588379,202414163
2004-07-16,18.41556167602539,19.108951568603516,18.317306518554688,19.03877067565918,255095289
2004-07-19,19.04157829284668,19.639522552490234,18.88437271118164,19.417749404907227,212009193
2004-07-20,19.353181838989258,19.566532135009766,19.12860107421875,19.322303771972656,179753999
2004-07-21,19.381254196166992,20.47608184814453,19.381254196166992,20.03253746032715,172250126
2004-07-22,20.43678092956543,20.880325317382812,20.27396011352539,20.408708572387695,317162771
2004-07-23,20.543455123901367,20.543455123901367,20.07464599609375,20.419937133789062,202253027
2004-07-26,20.419937133789062,21.071218490600586,20.186935424804688,20.987001419067383,163047330
2004-07-27,21.05437660217285,21.354751586914062,20.753999710083008,21.256498336791992,225865921
2004-07-28,21.250883102416992,21.447391510009766,21.05437660217285,21.21158218383789,159003141
2004-07-29,21.278955459594727,22.19692611694336,21.20315933227539,22.059371948242188,271753566
2004-07-30,22.121131896972656,22.25307273864746,21.744958877563477,22.00603485107422,219766571
2004-08-02,21.99761199951172,22.261493682861328,21.871286392211914,21.966732025146484,137435986
2004-08-03,22.04252815246582,22.556255340576172,21.820755004882812,22.236228942871094,243180231
2004-08-04,22.24184226989746,22.536603927612305,22.14920425415039,22.35132598876953,175233205
2004-08-05,22.480459213256836,22.963306427001953,22.40185546875,22.887510299682617,132332968
2004-08-06,22.794870376586914,23.019451141357422,22.421506881713867,22.67135238647461,180015251
2004-08-09,22.67696762084961,22.98295783996582,22.519760131835938,22.651700973510742,192923096
2004-08-10,22.738725662231445,22.92119789123535,22.654508590698242,22.81732940673828,165093977
2004-08-11,23.142969131469727,23.142969131469727,21.606000900268555,21.77864646911621,125662045
2004-08-12,21.72811508178711,22.081829071044922,21.4249324798584,21.719694137573242,140368227
2004-08-13,21.812332153320312,22.00182342529297,21.41230010986328,21.563892364501953,81576804
2004-08-16,21.593368530273438,22.549236297607422,21.231233596801758,22.41448974609375,187706354
2004-08-17,22.738725662231445,22.97453498840332,22.494495391845703,22.734514236450195,149295172
2004-08-18,22.24184226989746,22.72188377380371,21.94287109375,22.048141479492188,91087440
2004-08-19,22.069196701049805,22.51133918762207,22.069196701049805,22.40606689453125,76300941
2004-08-20,22.443965911865234,22.625032424926758,21.652320861816406,21.875497817993164,112496801
2004-08-23,21.9007625579834,21.9007625579834,20.519594192504883,20.64592170715332,137304838
2004-08-24,20.717506408691406,21.088062286376953,20.683818817138672,20.90278434753418,79978716
2004-08-25,21.138593673706055,21.21438980102539,20.79751205444336,20.923839569091797,39431754
2004-08-26,21.05437660217285,21.06700897216797,20.557493209838867,20.662765502929688,77684941
2004-08-27,20.717506408691406,20.885940551757812,20.325895309448242,20.464853286743164,60071572
2004-08-30,20.64171028137207,21.180702209472656,20.64171028137207,21.037532806396484,69702788
2004-08-31,21.00384521484375,21.277551651000977,20.650131225585938,21.21017837524414,76899427
2004-09-01,21.349136352539062,21.500728607177734,20.95331573486328,21.024900436401367,60978189
2004-09-02,21.05858612060547,21.21438980102539,20.780668258666992,20.90699577331543,53274648
2004-09-03,20.936471939086914,21.155437469482422,20.860675811767578,21.079641342163086,50631409
2004-09-06,21.138593673706055,21.462831497192383,21.138593673706055,21.285974502563477,45328426
2004-09-07,21.30702781677246,21.67337417602539,21.290185928344727,21.5175724029541,64051113
2004-09-08,21.67337417602539,21.867074966430664,21.614421844482422,21.774436950683594,74560080
2004-09-09,21.774436950683594,21.862863540649414,21.40808868408203,21.63547706604004,61296899
2004-09-10,21.72811508178711,22.30921745300293,21.52599334716797,22.187101364135742,62727160
2004-09-13,22.372379302978516,22.806100845336914,22.334482192993164,22.553447723388672,67960312
2004-09-14,22.654508590698242,22.688196182250977,22.115516662597656,22.20815658569336,55661111
2004-09-15,22.40185546875,22.629243850708008,22.157625198364258,22.372379302978516,67162853
2004-09-16,22.393434524536133,23.214555740356445,22.393434524536133,23.012432098388672,169687131
2004-09-17,23.07980728149414,23.64827537536621,23.012432098388672,23.53879165649414,109625592
2004-09-20,23.665119171142578,24.393600463867188,23.63564109802246,23.980934143066406,132851156
2004-09-21,23.917770385742188,24.591510772705078,23.74933624267578,24.460973739624023,104665484
2004-09-22,24.827320098876953,25.09681510925293,24.098838806152344,24.31780433654785,81685463
2004-09-23,24.17042350769043,24.658884048461914,23.892505645751953,24.22095489501953,106187257
2004-09-24,24.119892120361328,24.620986938476562,24.018831253051758,24.385177612304688,95462551
2004-09-27,24.33885955810547,24.53676986694336,24.132526397705078,24.31780433654785,66252472
2004-09-28,24.254640579223633,24.507293701171875,23.711437225341797,23.787233352661133,80202019
2004-09-29,23.917770385742188,24.498872756958008,23.39983367919922,24.418865203857422,116360119
2004-09-30,24.629409790039062,24.919958114624023,24.2293758392334,24.351491928100586,126619933
2004-10-01,24.380966186523438,24.675729751586914,23.623010635375977,24.587299346923828,180289238
2004-10-04,24.78942108154297,25.2147216796875,24.722047805786133,24.932592391967773,80680411
2004-10-05,25.05049705505371,25.21051025390625,24.63783073425293,24.755735397338867,108235169
2004-10-06,24.759946823120117,25.063129425048828,24.33043670654297,24.44413185119629,81930887
2004-10-07,24.507293701171875,25.36210060119629,24.47360610961914,25.286306381225586,114115490
2004-10-08,25.47158432006836,25.560012817382812,25.206298828125,25.442108154296875,74071227
2004-10-11,25.454740524291992,25.71160316467285,25.1641902923584,25.26525115966797,64496626
2004-10-12,25.349468231201172,25.50948143005371,24.599933624267578,24.80205535888672,64879551
2004-10-13,24.80205535888672,24.80205535888672,24.80205535888672,24.80205535888672,0
2004-10-14,24.456762313842773,24.456762313842773,23.64406394958496,23.972511291503906,81158411
2004-10-15,23.959880828857422,24.465185165405273,23.825132369995117,23.951457977294922,57689098
2004-10-18,24.17042350769043,24.33043670654297,23.85039710998535,23.947246551513672,36343120
2004-10-19,24.086206436157227,24.490449905395508,23.833553314208984,24.309383392333984,50258268
2004-10-20,24.599933624267578,24.599933624267578,23.930404663085938,24.01041030883789,64855649
2004-10-21,24.103050231933594,24.17042350769043,23.715648651123047,23.875661849975586,50887971
2004-10-22,23.875661849975586,23.875661849975586,23.875661849975586,23.875661849975586,0
2004-10-25,23.593534469604492,23.917770385742188,23.412466049194336,23.53879165649414,53729161
2004-10-26,23.454574584960938,24.418865203857422,23.454574584960938,24.359912872314453,71209126
2004-10-27,24.423076629638672,24.831531524658203,24.343069076538086,24.58308982849121,55002697
2004-10-28,24.759946823120117,25.181034088134766,24.63783073425293,24.78942108154297,88602149
2004-10-29,24.861007690429688,24.861007690429688,24.052518844604492,24.2377986907959,104313288
2004-11-01,24.515714645385742,24.827320098876953,23.989355087280273,24.70099449157715,70674688
2004-11-02,24.835742950439453,24.94522476196289,24.599933624267578,24.64625358581543,43878763
2004-11-03,24.759946823120117,25.231563568115234,24.63361930847168,25.16840171813965,52326793
2004-11-04,25.26525115966797,25.425264358520508,24.814687728881836,24.89469337463379,47893902
2004-11-05,24.970489501953125,25.349468231201172,24.911537170410156,25.122081756591797,38258162
2004-11-08,25.25682830810547,25.67791748046875,25.181034088134766,25.40842056274414,55050870
2004-11-09,25.433685302734375,25.63580894470215,25.231563568115234,25.332624435424805,38090560
2004-11-10,25.46316146850586,25.98110008239746,25.395788192749023,25.909515380859375,66263373
2004-11-11,26.052684783935547,26.0990047454834,25.77476692199707,25.863195419311523,44038338
2004-11-12,25.93899154663086,26.0990047454834,25.690549850463867,25.905303955078125,15383238
2004-11-15,25.905303955078125,25.905303955078125,25.905303955078125,25.905303955078125,0
2004-11-16,25.863195419311523,26.174800872802734,25.690549850463867,26.069528579711914,48301786
2004-11-17,26.19585418701172,26.477983474731445,26.031631469726562,26.14111328125,41438225
2004-11-18,26.115848541259766,26.381132125854492,26.065317153930664,26.23796272277832,42840499
2004-11-19,26.360078811645508,26.64641761779785,25.745290756225586,25.909515380859375,66017105
2004-11-22,25.762134552001953,26.233753204345703,25.454740524291992,26.128480911254883,39868255
2004-11-23,26.309547424316406,26.520092010498047,26.107425689697266,26.250595092773438,40232775
2004-11-24,26.275861740112305,26.461139678955078,26.132692337036133,26.326391220092773,30275083
2004-11-25,26.275861740112305,26.781166076660156,26.115848541259766,26.267440795898438,63139414
2004-11-26,26.267440795898438,26.267440795898438,26.267440795898438,26.267440795898438,0
2004-11-29,26.44429588317871,27.24436378479004,26.44429588317871,27.160144805908203,59385028
2004-11-30,27.513858795166016,27.513858795166016,26.798009872436523,27.24436378479004,48026665
2004-12-01,27.24436378479004,27.74124526977539,26.835908889770508,27.614919662475586,63699274
2004-12-02,27.875993728637695,28.078115463256836,27.518068313598633,27.918102264404297,75962627
2004-12-03,27.715980529785156,27.791776657104492,27.328580856323242,27.59807586669922,40811028
2004-12-06,27.74545669555664,28.036006927490234,27.737035751342773,27.833885192871094,47887502
2004-12-07,27.95600128173828,27.95600128173828,27.374900817871094,27.560178756713867,35307991
2004-12-08,27.374900817871094,27.682294845581055,26.726425170898438,26.831697463989258,53874286
2004-12-09,26.701160430908203,27.252784729003906,26.456928253173828,26.932758331298828,52353438
2004-12-10,26.953811645507812,27.265417098999023,26.536935806274414,26.789588928222656,65573053
2004-12-13,26.696949005126953,27.328580856323242,26.54114532470703,27.23594093322754,39986116
2004-12-14,27.463327407836914,27.619129180908203,27.303314208984375,27.551755905151367,26463773
2004-12-15,27.70755958557129,28.16233253479004,27.53912353515625,28.0023193359375,53783592
2004-12-16,27.918102264404297,28.027584075927734,27.728612899780273,27.85494041442871,28593971
2004-12-17,27.9602108001709,28.486570358276367,27.926523208618164,28.094959259033203,43382346
2004-12-20,28.06548309326172,28.617107391357422,28.06548309326172,28.553945541381836,30545300
2004-12-21,28.596054077148438,28.920291900634766,28.507625579833984,28.798175811767578,26595076
2004-12-22,28.928712844848633,29.130834579467773,28.52446937561035,28.67605972290039,44865648
2004-12-23,28.63395118713379,29.30769157409668,28.507625579833984,29.189786911010742,28864450
2004-12-24,29.30769157409668,30.44041633605957,29.299270629882812,30.225662231445312,66212326
2004-12-27,30.221450805664062,31.707889556884766,30.158287048339844,31.522611618041992,87315373
2004-12-28,31.43418312072754,33.383819580078125,31.43418312072754,32.983787536621094,124341369
2004-12-29,33.09748077392578,33.425926208496094,32.36057662963867,32.5837516784668,78160341
2004-12-30,32.6763916015625,33.110111236572266,32.31846618652344,32.42374038696289,59047308
2004-12-31,32.844825744628906,32.844825744628906,31.973175048828125,32.432159423828125,83745629
2005-01-03,33.26591491699219,33.26591491699219,32.3100471496582,32.61322784423828,50045402
2005-01-04,32.5921745300293,32.962730407714844,32.36478805541992,32.58796310424805,46787469
2005-01-05,32.42374038696289,32.491111755371094,30.423572540283203,31.07625961303711,95217448
2005-01-06,30.739389419555664,31.000463485717773,29.783519744873047,29.947744369506836,92509792
2005-01-07,30.107757568359375,30.684648513793945,29.93511199951172,30.431995391845703,63318130
2005-01-10,30.562532424926758,30.979408264160156,30.03196144104004,30.166709899902344,42122382
2005-01-11,30.25092887878418,30.360410690307617,29.265583038330078,29.44243812561035,70024906
2005-01-12,29.492969512939453,30.065649032592773,28.73501205444336,28.975032806396484,64340791
2005-01-13,29.476125717163086,30.309879302978516,29.13925552368164,30.074071884155273,62068924
2005-01-14,30.14144515991211,30.225662231445312,29.185575485229492,29.337167739868164,52895546
2005-01-17,33.6870002746582,33.6870002746582,28.284448623657227,29.04240608215332,76864850
2005-01-18,27.70755958557129,29.67824935913086,27.70755958557129,28.975032806396484,58641786
2005-01-19,29.059249877929688,29.850894927978516,29.04661750793457,29.34980010986328,66762093
2005-01-20,29.560344696044922,29.762466430664062,28.47393798828125,29.619295120239258,108474513
2005-01-24,29.897214889526367,30.54990005493164,29.644561767578125,30.35198974609375,68479895
2005-01-25,30.25092887878418,31.07625961303711,30.065649032592773,30.992042541503906,55472599
2005-01-27,31.2320613861084,31.733156204223633,31.17310905456543,31.299434661865234,83224027
2005-01-28,31.32891273498535,32.10371398925781,31.2657470703125,32.04896926879883,58637025
2005-01-31,32.25530242919922,32.73113250732422,32.171085357666016,32.54585647583008,46369195
2005-02-01,32.844825744628906,32.92904281616211,32.023704528808594,32.187931060791016,42560177
2005-02-02,32.32688903808594,32.7521858215332,32.21319580078125,32.33952331542969,39358503
2005-02-03,32.507957458496094,33.47645950317383,32.507957458496094,33.34170913696289,75058100
2005-02-04,33.61541748046875,33.897544860839844,32.979576110839844,33.434349060058594,87319529
2005-02-07,33.81332778930664,34.19230651855469,33.442771911621094,33.644893646240234,77358952
2005-02-08,33.67436981201172,33.93123245239258,33.01326370239258,33.320655822753906,68890427
2005-02-09,33.61962890625,34.040714263916016,33.45540237426758,33.74595260620117,60999526
2005-02-10,33.80911636352539,33.847015380859375,33.19853973388672,33.5269889831543,55012339
2005-02-11,33.6870002746582,33.851226806640625,33.47645950317383,33.602783203125,48832590
2005-02-14,33.771217346191406,34.360740661621094,33.75016403198242,34.09124755859375,51242885
2005-02-15,34.15019989013672,34.28494644165039,33.73753356933594,33.859649658203125,51743826
2005-02-16,33.94807434082031,34.722877502441406,33.94807434082031,34.251258850097656,94659405
2005-02-17,34.19651794433594,34.94605255126953,33.88491439819336,34.69340133666992,93029411
2005-02-18,35.034481048583984,35.295555114746094,34.65550231933594,34.85762405395508,98710285
2005-02-21,34.87025833129883,34.94184112548828,34.242835998535156,34.39442825317383,52759589
2005-02-22,34.529178619384766,34.94605255126953,34.12914276123047,34.74393081665039,47259283
2005-02-23,34.823936462402344,35.190284729003906,34.520755767822266,34.86604690551758,63184333
2005-02-24,34.992374420166016,35.15238571166992,34.61760330200195,34.69761276245117,70925931
2005-02-25,34.781829833984375,34.988162994384766,34.318634033203125,34.524967193603516,60985776
2005-02-28,34.61339569091797,35.86823654174805,34.108089447021484,35.56084060668945,89252465
2005-03-01,35.455570220947266,35.62400436401367,34.95026397705078,35.472412109375,62421950
2005-03-02,35.5818977355957,36.171417236328125,35.5818977355957,36.09562301635742,67031764
2005-03-03,36.04509353637695,36.440914154052734,36.04509353637695,36.26405715942383,50629485
2005-03-04,36.440914154052734,36.5082893371582,35.977718353271484,36.120887756347656,36386959
2005-03-07,36.29774475097656,36.87884521484375,36.27669143676758,36.62198257446289,44351515
2005-03-08,36.66408920288086,36.866214752197266,36.30616760253906,36.7819938659668,52799925
2005-03-09,36.88726806640625,37.064125061035156,36.243003845214844,36.394596099853516,37406534
2005-03-10,36.381961822509766,36.42828369140625,35.914554595947266,36.31879806518555,44137082
2005-03-11,36.46617889404297,37.308353424072266,36.46617889404297,37.15255355834961,61811032
2005-03-14,37.21571350097656,37.586273193359375,36.76094055175781,36.866214752197266,52188912
2005-03-15,36.96306228637695,37.45573425292969,36.51250076293945,37.29151153564453,62270806
2005-03-16,37.316776275634766,37.61574935913086,36.88726806640625,37.08938980102539,48049974
2005-03-17,36.97148513793945,37.055702209472656,35.960872650146484,36.28511047363281,51865060
2005-03-18,36.19668197631836,36.714622497558594,35.514522552490234,36.56303024291992,60335258
2005-03-21,36.71883010864258,36.7819938659668,36.0240364074707,36.28511047363281,37704750
2005-03-22,36.188262939453125,36.21352767944336,35.034481048583984,35.16923141479492,55399847
2005-03-23,35.37135314941406,35.75033187866211,34.120723724365234,34.39442825317383,96473588
2005-03-24,34.529178619384766,34.988162994384766,34.318634033203125,34.722877502441406,65108245
2005-03-28,34.971317291259766,35.61558151245117,34.95026397705078,35.22818374633789,51510086
2005-03-29,35.32924270629883,35.32924270629883,33.53961944580078,33.82175064086914,90249930
2005-03-30,33.6870002746582,34.18388366699219,32.93746566772461,33.35855484008789,83702372
2005-03-31,33.914390563964844,34.108089447021484,33.47645950317383,33.775428771972656,102508842
2005-04-01,33.96070861816406,34.61339569091797,33.644893646240234,34.46601486206055,58061740
2005-04-04,34.46601486206055,34.735511779785156,33.03010559082031,33.14801025390625,65126542
2005-04-05,33.181697845458984,33.35013198852539,32.044761657714844,32.2005615234375,78445875
2005-04-06,33.21538543701172,33.21538543701172,32.381629943847656,32.88272476196289,62322897
2005-04-07,33.181697845458984,33.181697845458984,32.42374038696289,32.495323181152344,40584661
2005-04-08,32.512168884277344,32.80271911621094,31.939489364624023,32.09107971191406,56961720
2005-04-11,32.246883392333984,32.56690979003906,31.602619171142578,32.11213302612305,48876358
2005-04-12,32.171085357666016,32.87009048461914,32.032127380371094,32.7521858215332,39440980
2005-04-13,33.181697845458984,33.181697845458984,31.926855087280273,32.08686828613281,46886166
2005-04-15,31.58156394958496,31.834217071533203,30.667804718017578,30.844661712646484,71971343
2005-04-18,29.947744369506836,30.562532424926758,29.644561767578125,29.8298397064209,57913363
2005-04-19,29.985641479492188,30.65517234802246,29.071882247924805,29.24031639099121,67518895
2005-04-20,29.04661750793457,30.65517234802246,29.04661750793457,30.579376220703125,84040793
2005-04-21,30.65096092224121,31.156265258789062,29.985641479492188,31.07625961303711,58054557
2005-04-22,31.303646087646484,31.32891273498535,30.3477783203125,30.461471557617188,47901442
2005-04-25,30.486736297607422,30.895191192626953,30.175132751464844,30.592008590698242,39956953
2005-04-26,30.718334197998047,30.819395065307617,30.099336624145508,30.208818435668945,36082830
2005-04-27,30.149866104125977,30.149866104125977,29.324535369873047,29.4466495513916,41008884
2005-04-28,29.644561767578125,29.686670303344727,28.768699645996094,28.916080474853516,74419860
2005-04-29,29.055038452148438,29.198209762573242,28.57921028137207,28.713958740234375,79817004
2005-05-02,29.055038452148438,29.198209762573242,28.558155059814453,29.063461303710938,63944318
2005-05-03,29.130834579467773,29.547710418701172,28.823440551757812,28.920291900634766,59848519
2005-05-04,29.097148895263672,29.888792037963867,29.012929916381836,29.82141876220703,57233932
2005-05-05,29.989852905273438,30.34356689453125,29.66982650756836,29.893003463745117,65062387
2005-05-06,29.964588165283203,30.057226181030273,29.316112518310547,29.842472076416016,57999058
2005-05-09,30.23408317565918,30.684648513793945,29.897214889526367,30.570953369140625,50563157
2005-05-10,30.621484756469727,30.785709381103516,30.08249282836914,30.196186065673828,45469050
2005-05-11,30.318302154541016,30.318302154541016,29.56876564025879,30.095125198364258,38478686
2005-05-12,30.149866104125977,30.524633407592773,29.994064331054688,30.149866104125977,35373002
2005-05-13,30.065649032592773,30.373043060302734,29.728778839111328,30.2888240814209,40299839
2005-05-16,30.318302154541016,30.722545623779297,30.23408317565918,30.583587646484375,25941114
2005-05-17,30.739389419555664,30.945722579956055,29.686670303344727,29.81720733642578,37681275
2005-05-18,29.812997817993164,30.40251922607422,29.56876564025879,30.053016662597656,64138874
2005-05-19,30.318302154541016,30.815185546875,29.888792037963867,30.04459571838379,91502472
2005-05-20,29.98143196105957,30.309879302978516,29.749832153320312,29.914058685302734,58579780
2005-05-23,30.04038429260254,30.124601364135742,29.417173385620117,29.581398010253906,45253358
2005-05-24,29.728778839111328,30.267770767211914,29.560344696044922,30.158287048339844,54316403
2005-05-25,30.196186065673828,30.29303550720215,29.82562828063965,29.91826820373535,39710318
2005-05-26,29.897214889526367,30.103546142578125,29.745622634887695,29.960376739501953,29569101
2005-05-27,30.318302154541016,31.07625961303711,29.989852905273438,30.537267684936523,51688457
2005-05-30,30.739389419555664,30.739389419555664,30.2972469329834,30.423572540283203,26595088
2005-05-31,30.39830780029297,30.823606491088867,30.360410690307617,30.59621810913086,27487004
2005-06-01,30.65517234802246,30.798341751098633,29.9224796295166,30.010908126831055,40324727
2005-06-02,29.985641479492188,29.985641479492188,29.30769157409668,29.396120071411133,43449102
2005-06-03,29.476125717163086,29.644561767578125,28.9792423248291,29.45086097717285,55402341
2005-06-06,29.850894927978516,30.002485275268555,29.332956314086914,29.434017181396484,39318701
2005-06-07,28.802385330200195,28.802385330200195,28.406564712524414,28.57078742980957,33424001
2005-06-08,28.709747314453125,28.78975486755371,28.200231552124023,28.57921028137207,45353979
2005-06-09,28.48236083984375,28.869760513305664,28.297080993652344,28.452884674072266,47237993
2005-06-10,28.629741668701172,28.77290916442871,28.07390594482422,28.16233253479004,58751633
2005-06-13,28.334978103637695,28.37287712097168,27.791776657104492,27.859149932861328,32790166
2005-06-14,27.9602108001709,28.339189529418945,27.875993728637695,28.16233253479004,34884801
2005-06-15,28.21286392211914,28.692903518676758,28.21286392211914,28.587631225585938,40725107
2005-06-16,28.63816261291504,29.04240608215332,28.53289031982422,28.587631225585938,43358800
2005-06-17,28.667638778686523,28.798175811767578,28.284448623657227,28.701324462890625,29829071
2005-06-20,28.98345375061035,29.50981330871582,28.558155059814453,29.35822105407715,49162700
2005-06-21,29.560344696044922,30.149866104125977,29.484548568725586,30.07828140258789,58980029
2005-06-22,30.23408317565918,31.152055740356445,29.964588165283203,30.659381866455078,144556715
2005-06-23,30.8488712310791,31.37944221496582,30.621484756469727,30.819395065307617,76249871
2005-06-24,30.570953369140625,30.895191192626953,30.360410690307617,30.570953369140625,44167064
2005-06-27,30.739389419555664,30.90361213684082,30.149866104125977,30.255138397216797,55298799
2005-06-28,30.25092887878418,30.322511672973633,28.591842651367188,28.77712059020996,50753794
2005-06-29,28.802385330200195,29.257160186767578,28.406564712524414,29.14767837524414,53393590
2005-06-30,29.223474502563477,29.30769157409668,28.42761993408203,28.612897872924805,65810248
2005-07-01,28.802385330200195,29.181364059448242,28.305503845214844,28.98345375061035,51128894
2005-07-04,29.055038452148438,29.421384811401367,28.88660430908203,29.135046005249023,30735688
2005-07-05,29.560344696044922,30.309879302978516,28.831863403320312,29.219263076782227,56298069
2005-07-06,29.30769157409668,29.724567413330078,29.055038452148438,29.492969512939453,43294632
2005-07-07,29.560344696044922,30.2972469329834,29.560344696044922,29.796152114868164,73882109
2005-07-08,30.14144515991211,30.722545623779297,30.14144515991211,30.51200294494629,63812006
2005-07-11,30.486736297607422,30.86571502685547,30.40251922607422,30.490947723388672,33064254
2005-07-12,30.570953369140625,30.739389419555664,29.897214889526367,30.3477783203125,32345792
2005-07-13,30.55411148071289,30.55411148071289,29.686670303344727,29.901424407958984,30812418
2005-07-14,29.97722053527832,30.074071884155273,29.476125717163086,29.526657104492188,20889267
2005-07-15,29.644561767578125,30.086702346801758,29.278215408325195,29.93511199951172,27613748
2005-07-18,29.98143196105957,30.735177993774414,29.842472076416016,30.533056259155273,39786644
2005-07-19,30.693069458007812,31.2825927734375,30.415151596069336,31.135211944580078,48560474
2005-07-20,31.2825927734375,31.57314109802246,31.084680557250977,31.299434661865234,39000157
2005-07-21,31.32891273498535,31.6994686126709,30.90782356262207,31.135211944580078,48673764
2005-07-22,31.16889762878418,32.00265121459961,31.000463485717773,31.897380828857422,42140074
2005-07-25,32.00265121459961,32.63007354736328,32.00265121459961,32.453216552734375,53313749
2005-07-26,32.705867767333984,32.98799514770508,32.171085357666016,32.844825744628906,51131400
2005-07-27,32.844825744628906,33.114322662353516,31.43839454650879,31.606828689575195,94322385
2005-07-28,31.606828689575195,31.606828689575195,31.606828689575195,31.606828689575195,0
2005-07-29,33.771217346191406,33.771217346191406,30.739389419555664,30.96256446838379,69534759
2005-08-01,30.945722579956055,30.97519874572754,30.318302154541016,30.722545623779297,43821376
2005-08-02,30.570953369140625,31.867904663085938,30.486736297607422,31.425762176513672,69355639
2005-08-03,31.665782928466797,32.12897872924805,30.81097412109375,31.080469131469727,52383206
2005-08-04,31.11836814880371,32.499534606933594,31.07625961303711,32.26372528076172,95015316
2005-08-05,32.33952331542969,33.06379318237305,32.14582061767578,32.693233489990234,63685880
2005-08-08,32.68060302734375,33.371185302734375,32.55427551269531,32.67218017578125,68417533
2005-08-09,32.57533264160156,33.573307037353516,32.3100471496582,32.68060302734375,68613573
2005-08-10,32.92904281616211,33.6870002746582,32.92904281616211,33.52277755737305,53500408
2005-08-11,33.6870002746582,34.42390441894531,33.6870002746582,34.044925689697266,77669576
2005-08-12,34.360740661621094,34.43653869628906,33.27433776855469,33.92702102661133,65315114
2005-08-16,34.19230651855469,34.61339569091797,34.108089447021484,34.49549102783203,49572781
2005-08-17,34.520755767822266,34.992374420166016,34.21335983276367,34.89552307128906,44879446
2005-08-18,34.90815734863281,35.11027908325195,34.268104553222656,34.43232727050781,56183663
2005-08-19,34.4449577331543,34.65550231933594,33.6870002746582,33.855438232421875,50561910
2005-08-22,33.855438232421875,34.18388366699219,32.87851333618164,33.09748077392578,28316310
2005-08-23,33.6870002746582,33.6870002746582,32.192142486572266,32.2847785949707,38796007
2005-08-24,32.35215377807617,32.53322219848633,31.33733367919922,31.665782928466797,52624391
2005-08-25,33.35013198852539,33.35013198852539,31.67841339111328,32.246883392333984,60655346
2005-08-26,33.26591491699219,33.5185661315918,32.27635955810547,32.7606086730957,32822843
2005-08-29,32.844825744628906,32.844825744628906,31.85106086730957,32.35215377807617,30189578
2005-08-30,32.33952331542969,33.06379318237305,32.33952331542969,32.94167709350586,24255871
2005-08-31,33.01326370239258,33.01326370239258,32.655338287353516,32.89114761352539,20134127
2005-09-01,33.07221221923828,33.42171859741211,33.01326370239258,33.114322662353516,23012887
2005-09-02,33.20275115966797,34.310211181640625,33.13958740234375,34.15861892700195,61201907
2005-09-05,34.251258850097656,34.59654998779297,33.94807434082031,34.103878021240234,43702754
2005-09-06,34.108089447021484,34.44074630737305,33.99018478393555,34.21757125854492,36575353
2005-09-08,34.356529235839844,34.61339569091797,34.28494644165039,34.48285675048828,26956450
2005-09-09,34.50391387939453,34.69761276245117,33.93123245239258,34.49127960205078,22088151
2005-09-12,34.69761276245117,34.9292106628418,34.59233856201172,34.68497848510742,21135973
2005-09-13,34.68918991088867,34.764984130859375,34.327056884765625,34.39021682739258,15120823
2005-09-14,34.360740661621094,34.773406982421875,33.72489929199219,34.108089447021484,31348791
2005-09-15,34.95026397705078,38.37370681762695,34.12914276123047,34.87025833129883,20180982
2005-09-16,34.95026397705078,35.74190902709961,34.86604690551758,35.52294158935547,45503710
2005-09-19,35.708221435546875,36.369327545166016,35.53136444091797,36.188262939453125,36851970
2005-09-20,36.188262939453125,36.73988723754883,35.79243850708008,36.05772399902344,46592771
2005-09-21,29.46770477294922,36.21352767944336,29.46770477294922,35.236602783203125,47725053
2005-09-22,34.6218147277832,35.666114807128906,33.56067657470703,33.842803955078125,69304914
2005-09-23,33.897544860839844,34.43653869628906,33.05537033081055,33.893333435058594,52999361
2005-09-26,33.93965530395508,35.236602783203125,33.93965530395508,35.042903900146484,35021293
2005-09-27,35.11869812011719,35.56926345825195,34.714454650878906,35.1144905090332,37952323
2005-09-28,34.529178619384766,35.32924270629883,34.529178619384766,35.15238571166992,27464361
2005-09-29,35.249237060546875,35.74190902709961,34.86604690551758,35.186073303222656,53200198
2005-09-30,35.455570220947266,36.07877731323242,35.0050048828125,35.666114807128906,80361962
2005-10-03,35.62400436401367,36.20510482788086,35.62400436401367,35.87665557861328,26679678
2005-10-04,35.918766021728516,36.72725296020508,35.918766021728516,36.47460174560547,43509528
2005-10-05,36.634613037109375,36.68093490600586,35.62400436401367,35.74190902709961,59163566
2005-10-06,35.62400436401367,35.62400436401367,33.788063049316406,34.00281524658203,78244171
2005-10-07,33.442771911621094,34.23020553588867,33.19011688232422,33.29539108276367,66310121
2005-10-10,33.434349060058594,33.48908996582031,32.56269836425781,32.693233489990234,44797099
2005-10-11,32.92904281616211,33.28275680541992,32.2174072265625,33.19853973388672,47489378
2005-10-13,32.92904281616211,33.01326370239258,31.552087783813477,31.69104766845703,64346408
2005-10-14,31.80052947998047,32.22161865234375,31.417339324951172,31.918434143066406,66678702
2005-10-17,32.00265121459961,32.53322219848633,31.547876358032227,32.36899948120117,54845675
2005-10-18,32.57954025268555,32.72270965576172,30.663593292236328,31.568931579589844,40467679
2005-10-19,31.295225143432617,31.459449768066406,29.644561767578125,30.44883918762207,54022818
2005-10-20,30.7646541595459,31.3162784576416,29.602453231811523,30.200397491455078,49065844
2005-10-21,30.3477783203125,31.034149169921875,30.120389938354492,30.941511154174805,51721859
2005-10-24,31.034149169921875,31.994230270385742,29.543500900268555,29.66982650756836,46238320
2005-10-25,29.897214889526367,30.107757568359375,29.30769157409668,29.518234252929688,54322102
2005-10-26,29.560344696044922,29.97300910949707,28.99608612060547,29.215051651000977,49825935
2005-10-27,29.274003982543945,29.379276275634766,28.22128677368164,28.43182945251465,60674487
2005-10-28,29.379276275634766,29.383487701416016,27.70755958557129,27.859149932861328,28432592
2005-10-31,28.21286392211914,28.67605972290039,27.892837524414062,28.58342170715332,24103860
2005-11-02,28.751855850219727,29.560344696044922,27.875993728637695,29.387697219848633,50503739
2005-11-04,29.387697219848633,29.387697219848633,29.387697219848633,29.387697219848633,0
2005-11-07,28.67605972290039,30.86571502685547,28.67605972290039,30.625694274902344,84856478
2005-11-08,30.815185546875,31.07204818725586,30.086702346801758,30.49515724182129,65026741
2005-11-09,30.663593292236328,31.059415817260742,30.318302154541016,30.54990005493164,70583496
2005-11-10,30.55411148071289,30.798341751098633,30.33935546875,30.60042953491211,33756877
2005-11-11,30.798341751098633,31.43839454650879,30.739389419555664,31.26995849609375,40923487
2005-11-14,31.522611618041992,31.531034469604492,30.335145950317383,30.789920806884766,39239775
2005-11-16,31.07625961303711,31.160476684570312,30.575164794921875,30.954143524169922,21952953
2005-11-17,31.152055740356445,31.497346878051758,30.23408317565918,30.91203498840332,48395318
2005-11-18,31.07625961303711,31.58156394958496,31.00888442993164,31.17732048034668,45136779
2005-11-21,31.286802291870117,31.32048988342285,30.24250602722168,30.38567543029785,31562760
2005-11-22,30.356199264526367,30.486736297607422,29.404542922973633,29.56876564025879,44311737
2005-11-23,29.476125717163086,29.56876564025879,28.57078742980957,28.857128143310547,69920415
2005-11-24,28.88660430908203,29.36664390563965,28.68448257446289,28.83607292175293,71580153
2005-11-25,28.9876651763916,29.30769157409668,28.46551513671875,28.823440551757812,57172127
2005-11-28,29.126623153686523,29.644561767578125,28.802385330200195,29.033985137939453,92568533
2005-11-29,28.928712844848633,29.61087417602539,28.78133201599121,29.299270629882812,53462079
2005-11-30,29.438228607177734,30.057226181030273,29.316112518310547,29.45086097717285,65851368
2005-12-01,30.057226181030273,30.057226181030273,29.160310745239258,29.501392364501953,43057022
2005-12-02,29.812997817993164,30.436206817626953,29.728778839111328,30.069860458374023,62416476
2005-12-05,30.149866104125977,30.318302154541016,29.695091247558594,29.82141876220703,33493630
2005-12-06,29.787731170654297,30.048805236816406,29.320323944091797,29.57297706604004,21215767
2005-12-07,29.57297706604004,29.741411209106445,29.324535369873047,29.45086097717285,23912629
2005-12-08,29.644561767578125,29.644561767578125,29.126623153686523,29.282426834106445,22871491
2005-12-09,29.375064849853516,30.065649032592773,29.30769157409668,29.985641479492188,35406189
2005-12-12,30.065649032592773,30.739389419555664,30.065649032592773,30.575164794921875,35212085
2005-12-13,30.65517234802246,31.354177474975586,30.49515724182129,31.12257957458496,43826375
2005-12-14,31.274169921875,32.08686828613281,31.206796646118164,31.84684944152832,71584843
2005-12-15,32.08686828613281,32.36899948120117,30.773075103759766,31.06362533569336,84512369
2005-12-16,31.26995849609375,31.3162784576416,30.75202178955078,30.983619689941406,42149538
2005-12-19,31.152055740356445,32.08686828613281,31.080469131469727,32.00686264038086,34396364
2005-12-20,32.08686828613281,32.175296783447266,31.312068939208984,31.535245895385742,43834307
2005-12-21,31.514190673828125,31.766843795776367,31.06362533569336,31.611040115356445,45201623
2005-12-22,31.68683624267578,32.25530242919922,31.623672485351562,32.12897872924805,43311114
2005-12-23,32.2174072265625,32.398475646972656,30.86992645263672,31.034149169921875,51212725
2005-12-26,31.07625961303711,31.286802291870117,30.70570182800293,31.042572021484375,44027010
2005-12-27,31.034149169921875,31.657360076904297,30.90782356262207,31.606828689575195,24190778
2005-12-28,31.665782928466797,31.910011291503906,31.084680557250977,31.248905181884766,31555007
2005-12-29,31.286802291870117,31.48471450805664,31.000463485717773,31.189952850341797,39991922
2005-12-30,31.18153190612793,32.13740158081055,31.18153190612793,31.998441696166992,47406082
2006-01-02,32.16687774658203,32.31425476074219,31.606828689575195,31.918434143066406,22888234
2006-01-03,32.08686828613281,32.62586212158203,31.918434143066406,32.52479934692383,24164536
2006-01-04,32.74797821044922,32.74797821044922,32.230037689208984,32.36057662963867,27038404
2006-01-05,32.41110610961914,32.491111755371094,31.939489364624023,32.036338806152344,16543852
2006-01-06,32.13740158081055,32.41531753540039,31.7836856842041,32.35636520385742,28601856
2006-01-09,32.45742416381836,32.710079193115234,31.84263801574707,32.00686264038086,28629795
2006-01-10,31.990018844604492,32.06581497192383,31.244693756103516,31.349966049194336,19181938
2006-01-12,31.160476684570312,31.53945541381836,30.75202178955078,31.101524353027344,28201167
2006-01-13,31.834217071533203,31.834217071533203,30.823606491088867,30.92045783996582,19063518
2006-01-16,30.90782356262207,30.90782356262207,29.8719482421875,30.002485275268555,31799493
2006-01-17,30.048805236816406,30.217241287231445,29.236106872558594,29.35822105407715,32962078
2006-01-18,33.6870002746582,33.6870002746582,28.9371337890625,29.57297706604004,27362244
2006-01-19,29.72035789489746,30.44462776184082,29.690881729125977,30.356199264526367,29787844
2006-01-20,30.570953369140625,31.055204391479492,30.360410690307617,30.49936866760254,52757083
2006-01-23,30.360410690307617,30.482526779174805,29.383487701416016,30.074071884155273,62681231
2006-01-24,30.158287048339844,30.882558822631836,29.82141876220703,30.693069458007812,34886974
2006-01-25,30.81097412109375,30.992042541503906,30.326723098754883,30.592008590698242,20412228
2006-01-27,30.739389419555664,33.92280960083008,30.730966567993164,33.29539108276367,108045161
2006-01-30,32.89114761352539,33.92280960083008,31.737367630004883,33.430137634277344,100850386
2006-01-31,33.24065017700195,34.318634033203125,33.24065017700195,34.061771392822266,81755995
2006-02-01,34.19230651855469,34.19230651855469,33.24065017700195,33.47645950317383,83407480
2006-02-02,33.602783203125,34.255470275878906,33.53961944580078,33.859649658203125,60306796
2006-02-03,33.7038459777832,34.02387237548828,33.35434341430664,33.75858688354492,35783130
2006-02-06,33.6870002746582,34.68076705932617,33.26591491699219,34.268104553222656,40932594
2006-02-07,34.268104553222656,34.88288879394531,34.20494079589844,34.42390441894531,28202865
2006-02-08,34.42390441894531,34.42390441894531,32.88693618774414,33.03431701660156,43767907
2006-02-10,33.26170349121094,33.585941314697266,32.59638595581055,32.78166580200195,41085234
2006-02-13,32.844825744628906,33.35855484008789,32.74376678466797,33.02589416503906,24289130
2006-02-14,33.03852844238281,33.13116455078125,32.10371398925781,32.29741287231445,20747159
2006-02-15,32.42374038696289,32.7774543762207,31.926855087280273,32.66375732421875,29355440
2006-02-16,32.861671447753906,33.181697845458984,32.449005126953125,32.99641799926758,27899460
2006-02-17,33.09748077392578,33.5101432800293,32.398475646972656,32.57533264160156,34011266
2006-02-20,32.52901077270508,33.434349060058594,32.42374038696289,33.27854537963867,33617986
2006-02-21,33.434349060058594,34.27652359008789,33.41750717163086,33.93544387817383,45161050
2006-02-22,34.108089447021484,34.773406982421875,33.93965530395508,34.65550231933594,38517253
2006-02-23,34.70182418823242,35.79243850708008,34.70182418823242,35.25765609741211,56139325
2006-02-24,35.37135314941406,36.125099182128906,35.21133804321289,35.649269104003906,53971534
2006-02-27,36.02824783325195,36.09562301635742,35.4808349609375,35.54821014404297,16705089
2006-02-28,35.74612045288086,36.8746337890625,34.69761276245117,36.29774475097656,63363690
2006-03-01,36.3230094909668,37.645225524902344,35.80928421020508,37.2494010925293,54617801
2006-03-02,37.645225524902344,38.65583419799805,37.61574935913086,37.8936653137207,53689229
2006-03-03,37.982093811035156,38.53371810913086,37.65785598754883,38.255802154541016,46334404
2006-03-06,38.34844207763672,40.00331497192383,38.34844207763672,39.860145568847656,44054498
2006-03-07,39.860145568847656,39.98646926879883,37.9105110168457,39.439056396484375,41793887
2006-03-08,39.245357513427734,39.40536880493164,37.18623733520508,37.371517181396484,45716291
2006-03-09,37.48099899291992,38.27264404296875,36.48723220825195,38.032623291015625,55951882
2006-03-10,38.23474884033203,39.14429473876953,38.23474884033203,38.37370681762695,28308330
2006-03-13,38.64320373535156,39.15271759033203,38.293697357177734,38.7611083984375,28834040
2006-03-14,38.90006637573242,39.447479248046875,38.3779182434082,38.64320373535156,36832579
2006-03-16,38.86216735839844,39.83488082885742,38.82426834106445,39.56959533691406,35609413
2006-03-17,39.62433624267578,39.868568420410156,38.8284797668457,38.93375015258789,21430449
2006-03-20,38.992706298828125,39.447479248046875,38.992706298828125,39.33799743652344,15518365
2006-03-21,39.447479248046875,40.171749114990234,39.173770904541016,39.43063735961914,35361460
2006-03-22,39.443267822265625,40.00331497192383,39.08534240722656,39.52327346801758,35097572
2006-03-23,39.59064865112305,41.1655158996582,38.82426834106445,40.87075424194336,62142555
2006-03-24,40.853912353515625,41.67082214355469,40.803382873535156,41.55291748046875,43588716
2006-03-27,41.67082214355469,43.82678985595703,41.67082214355469,43.61203384399414,56342288
2006-03-28,43.7931022644043,44.21419143676758,42.963558197021484,43.9783821105957,45176248
2006-03-29,44.062599182128906,44.28577423095703,43.4941291809082,43.98259353637695,29130962
2006-03-30,44.045753479003906,45.039520263671875,43.29621887207031,43.94048309326172,69888854
2006-03-31,44.121551513671875,45.68799591064453,43.898372650146484,45.18268966674805,46004888
2006-04-03,45.561668395996094,46.050132751464844,45.42692184448242,45.738525390625,24552876
2006-04-04,45.89854049682617,46.14277267456055,44.988990783691406,45.70484161376953,40426310
2006-04-05,45.85221862792969,46.05855178833008,45.40165710449219,45.6711540222168,18437853
2006-04-07,45.85221862792969,47.16180419921875,45.309017181396484,45.54061508178711,39487491
2006-04-10,46.74071502685547,52.046417236328125,45.35112762451172,48.74930191040039,64207102
2006-04-12,48.846153259277344,50.42523193359375,46.513328552246094,47.03547668457031,59553105
2006-04-13,47.07758331298828,48.40822219848633,44.72370529174805,47.56183624267578,62760122
2006-04-17,47.911338806152344,50.30732727050781,47.73869323730469,50.134681701660156,58049902
2006-04-18,50.30732727050781,50.63577651977539,49.183021545410156,49.654640197753906,36014911
2006-04-19,50.09678268432617,51.9158821105957,49.8609733581543,51.26740646362305,63910916
2006-04-20,51.861141204833984,54.438194274902344,51.372676849365234,54.2276496887207,78278844
2006-04-21,54.00447463989258,56.12254333496094,48.43348693847656,55.116146087646484,95657392
2006-04-24,55.1624641418457,56.33308792114258,54.0676383972168,55.03192901611328,48252295
2006-04-25,55.03614044189453,55.06982421875,52.046417236328125,52.467506408691406,58939978
2006-04-26,52.450660705566406,55.48249053955078,52.299072265625,55.19194030761719,54493575
2006-04-27,55.48249053955078,62.742042541503906,53.402320861816406,53.722347259521484,73849681
2006-04-28,51.91167068481445,53.84867477416992,50.61471939086914,53.406532287597656,65660208
2006-05-02,54.66558074951172,56.989986419677734,54.66558074951172,56.514156341552734,53437666
2006-05-03,56.82997131347656,57.26790237426758,55.381431579589844,56.038326263427734,47742211
2006-05-04,56.17307662963867,56.669960021972656,54.791908264160156,55.267738342285156,37079725
2006-05-05,55.75198745727539,56.50152587890625,53.16651153564453,53.93709945678711,53946824
2006-05-08,54.60662841796875,55.49933624267578,54.05079650878906,54.27818298339844,29122140
2006-05-09,54.74137878417969,55.987796783447266,53.33073425292969,55.579341888427734,54711784
2006-05-10,55.987796783447266,56.84681701660156,55.75619888305664,56.265716552734375,49490304
2006-05-11,56.84681701660156,56.8805046081543,53.410743713378906,53.81919860839844,54444927
2006-05-12,53.89078140258789,55.41511917114258,52.66962814331055,54.22344207763672,58665475
2006-05-15,54.2360725402832,54.48872756958008,48.20188903808594,49.40620040893555,111738289
2006-05-16,49.16617965698242,49.85676193237305,44.25629806518555,48.361900329589844,122470962
2006-05-17,49.68832778930664,52.08852767944336,49.09880447387695,51.532691955566406,82105601
2006-05-18,51.372676849365234,51.372676849365234,44.652122497558594,45.90275192260742,113204112
2006-05-19,48.00397872924805,48.00397872924805,41.68766403198242,42.47088623046875,103510617
2006-05-22,42.950927734375,43.119361877441406,36.21352767944336,39.658023834228516,59053197
2006-05-23,39.75066375732422,43.28779602050781,37.308353424072266,43.01409149169922,51468907
2006-05-24,43.7846794128418,44.382625579833984,40.129642486572266,40.75284957885742,53087110
2006-05-25,40.314918518066406,44.188926696777344,39.07692337036133,43.443599700927734,70596355
2006-05-26,43.45623016357422,46.909149169921875,42.950927734375,45.38902282714844,93173407
2006-05-29,45.89854049682617,48.00397872924805,45.39323425292969,47.34286880493164,70172869
2006-05-30,47.902915954589844,47.902915954589844,45.47745132446289,46.06697463989258,49082348
2006-05-31,45.309017181396484,45.309017181396484,41.48975372314453,43.55729293823242,78380165
2006-06-01,44.635276794433594,44.837398529052734,40.445457458496094,41.17815017700195,66368861
2006-06-02,41.266578674316406,43.9615364074707,40.50862121582031,43.60782241821289,66012154
2006-06-05,44.7279167175293,45.47745132446289,41.300262451171875,41.63713455200195,54458321
2006-06-06,40.428611755371094,42.23508071899414,39.77592849731445,40.45387649536133,62965008
2006-06-07,39.847511291503906,41.051822662353516,37.89787673950195,38.81584930419922,67008633
2006-06-08,38.74005126953125,38.74005126953125,35.21133804321289,35.784019470214844,61573184
2006-06-09,35.79243850708008,38.81584930419922,35.455570220947266,38.40739440917969,52312401
2006-06-12,37.72944259643555,38.74005126953125,35.497676849365234,35.9482421875,53949591
2006-06-13,35.497676849365234,35.497676849365234,32.42374038696289,32.684814453125,56994148
2006-06-14,33.434349060058594,34.529178619384766,31.636306762695312,32.35215377807617,59397496
2006-06-15,33.5185661315918,35.026058197021484,33.09748077392578,34.84920120239258,68616244
2006-06-16,35.39240646362305,39.919097900390625,35.39240646362305,38.765316009521484,97635021
2006-06-19,39.68328857421875,40.66442108154297,38.41160583496094,40.121219635009766,57199580
2006-06-20,39.58222579956055,39.82645797729492,38.23474884033203,39.232723236083984,58411157
2006-06-21,39.32957458496094,40.592838287353516,38.48740005493164,40.24754333496094,35407127
2006-06-22,41.266578674316406,42.1003303527832,40.60125732421875,41.22446823120117,33957298
2006-06-23,40.845489501953125,43.94890594482422,39.79277038574219,43.169891357421875,67437582
2006-06-26,45.89854049682617,45.982757568359375,41.266578674316406,41.835044860839844,99325181
2006-06-27,42.0245361328125,44.21419143676758,40.26438903808594,43.67098617553711,136113838
2006-06-28,39.58222579956055,43.74257278442383,39.58222579956055,43.31306457519531,63481172
2006-06-29,44.635276794433594,45.47745132446289,42.5593147277832,42.925662994384766,59514871
2006-06-30,43.9615364074707,45.473243713378906,43.7931022644043,44.94267272949219,59413300
2006-07-03,45.22480010986328,45.89011764526367,42.21402359008789,45.66694259643555,45436871
2006-07-04,45.89854049682617,46.235408782958984,45.106895446777344,45.29217529296875,59716016
2006-07-05,45.106895446777344,47.582889556884766,44.635276794433594,47.46919631958008,79296304
2006-07-06,46.31962966918945,47.67552947998047,45.47745132446289,46.09645080566406,74767472
2006-07-07,46.74071502685547,47.0649528503418,43.5193977355957,44.03733444213867,68012617
2006-07-10,44.08786392211914,44.67738723754883,43.06040954589844,44.4289436340332,68410800
2006-07-11,44.635276794433594,44.635276794433594,42.950927734375,43.32990646362305,54419980
2006-07-12,42.1087532043457,43.99522399902344,42.1087532043457,43.78889083862305,64118130
2006-07-13,43.9615364074707,44.534217834472656,43.0351448059082,43.73414993286133,50122702
2006-07-14,43.119361877441406,43.30885314941406,42.36140441894531,43.06462097167969,35354336
2006-07-17,43.119361877441406,43.119361877441406,41.44343566894531,41.6413459777832,38082889
2006-07-18,41.64555740356445,42.06664276123047,39.923309326171875,40.23491287231445,41066640
2006-07-19,41.098140716552734,41.34237289428711,38.449501037597656,38.75689697265625,42192617
2006-07-20,39.58222579956055,41.34237289428711,38.82426834106445,41.01813507080078,53892132
2006-07-21,41.01392364501953,41.039188385009766,39.253780364990234,40.68126678466797,85421230
2006-07-24,40.171749114990234,40.575992584228516,38.8369026184082,40.34018325805664,52593388
2006-07-25,40.853912353515625,41.89820861816406,40.845489501953125,41.73819351196289,53234276
2006-07-26,41.68766403198242,42.42035675048828,41.110774993896484,41.80978012084961,45203654
2006-07-27,42.0245361328125,42.27718734741211,40.98023986816406,41.91926193237305,48867963
2006-07-28,34.108089447021484,42.921451568603516,34.108089447021484,41.9150505065918,47250532
2006-07-31,42.1087532043457,42.8667106628418,41.53607177734375,41.788726806640625,38526277
2006-08-01,41.54449462890625,42.058223724365234,41.01392364501953,41.80556869506836,32653828
2006-08-02,41.771881103515625,43.28779602050781,41.527652740478516,43.03935623168945,41560231
2006-08-03,43.54045104980469,43.7931022644043,42.5761604309082,42.925662994384766,34108146
2006-08-04,42.950927734375,43.99522399902344,42.54668426513672,42.99303436279297,57454480
2006-08-07,42.94671630859375,43.16147232055664,42.28561019897461,42.43299102783203,32173417
2006-08-08,42.52983856201172,43.15726089477539,42.52983856201172,43.04777908325195,22134412
2006-08-09,43.54045104980469,44.113128662109375,42.656166076660156,43.53202819824219,38289058
2006-08-10,43.582557678222656,43.9615364074707,42.99724578857422,43.46886444091797,25261553
2006-08-11,43.62466812133789,44.55105972290039,43.21200180053711,44.24366760253906,42436011
2006-08-14,44.382625579833984,45.09005355834961,44.382625579833984,44.778446197509766,20066873
2006-08-16,45.22480010986328,45.713260650634766,44.60158920288086,44.841609954833984,27212109
2006-08-17,45.22480010986328,45.22480010986328,43.49834060668945,43.67940902709961,36697655
2006-08-18,43.56571578979492,43.708885192871094,42.79512405395508,43.20357894897461,30324443
2006-08-21,42.950927734375,43.11094284057617,42.36982727050781,42.78670120239258,38828803
2006-08-22,43.15304946899414,43.868896484375,43.09830856323242,43.409912109375,27584229
2006-08-23,43.28779602050781,43.864688873291016,42.41193389892578,42.57194900512695,28353630
2006-08-24,42.52983856201172,43.78889083862305,42.12559509277344,43.578346252441406,35312741
2006-08-25,43.8015251159668,44.845821380615234,43.7931022644043,44.27735137939453,43058233
2006-08-28,44.45000076293945,44.76160430908203,44.21840286254883,44.4289436340332,20936359
2006-08-29,44.635276794433594,45.13216018676758,43.3256950378418,43.56150436401367,33206706
2006-08-30,43.62466812133789,43.62466812133789,42.55089569091797,42.68564224243164,47509813
2006-08-31,42.79091262817383,43.09409713745117,41.68766403198242,41.792938232421875,53600281
2006-09-01,41.48554229736328,42.508785247802734,41.44343566894531,42.264556884765625,31043391
2006-09-04,42.52983856201172,42.950927734375,42.22244644165039,42.62247848510742,18105570
2006-09-05,42.69827651977539,43.36359405517578,42.319297790527344,43.27937698364258,34290115
2006-09-06,43.37201690673828,44.108917236328125,43.37201690673828,43.92784881591797,40764339
2006-09-07,43.8773193359375,44.19734573364258,43.237266540527344,43.9783821105957,29368312
2006-09-08,44.19734573364258,44.61843490600586,43.80994415283203,44.2520866394043,28587215
2006-09-11,44.374202728271484,44.46263122558594,41.43922424316406,41.830833435058594,33949117
2006-09-12,41.75503921508789,42.40351486206055,40.845489501953125,42.192970275878906,38182869
2006-09-13,42.8667106628418,43.02251052856445,42.07085418701172,42.27297592163086,23519777
2006-09-14,42.83302307128906,42.9593505859375,42.319297790527344,42.78670120239258,20999173
2006-09-15,42.61405563354492,42.782493591308594,41.89820861816406,42.47088623046875,24105035
2006-09-18,42.52983856201172,42.68564224243164,41.87294387817383,41.969791412353516,22470387
2006-09-19,42.23508071899414,42.656166076660156,40.845489501953125,41.123409271240234,35223911
2006-09-20,41.64555740356445,42.0245361328125,40.799171447753906,41.784515380859375,26276615
2006-09-21,42.36140441894531,42.59300231933594,42.1087532043457,42.35719299316406,24014247
2006-09-22,42.27718734741211,42.68985366821289,41.523441314697266,41.839256286621094,30100131
2006-09-25,42.0245361328125,43.245689392089844,41.39711380004883,42.75722885131836,58597472
2006-09-26,42.9425048828125,43.380435943603516,42.63932418823242,43.20779037475586,31103794
2006-09-27,43.45623016357422,43.99943542480469,43.25410842895508,43.48571014404297,30157281
2006-09-28,43.708885192871094,44.03733444213867,43.21200180053711,43.713096618652344,32912824
2006-09-29,44.21419143676758,45.254276275634766,44.045753479003906,45.111106872558594,56679854
2006-10-03,45.34270477294922,45.6711540222168,44.9047737121582,45.052154541015625,22448206
2006-10-04,45.14058303833008,45.36796951293945,43.9615364074707,44.108917236328125,24990493
2006-10-05,44.86687469482422,46.21014404296875,44.635276794433594,45.258487701416016,24988605
2006-10-06,45.64588928222656,46.10066223144531,44.90898513793945,45.19111251831055,44549609
2006-10-09,45.28375244140625,45.309017181396484,44.172080993652344,44.323673248291016,43069038
2006-10-10,44.631065368652344,44.97214889526367,43.45623016357422,43.61624526977539,68047693
2006-10-11,43.54045104980469,44.12997055053711,42.54668426513672,42.706695556640625,32257046
2006-10-12,42.74038314819336,43.582557678222656,42.52983856201172,43.47728729248047,26101806
2006-10-13,43.7931022644043,44.02891159057617,42.908817291259766,43.09409713745117,29223271
2006-10-16,43.37201690673828,43.76783752441406,43.00145721435547,43.09830856323242,21769001
2006-10-17,43.37201690673828,43.658355712890625,42.950927734375,43.4267578125,29278604
2006-10-18,43.7931022644043,43.9615364074707,42.58037185668945,42.8667106628418,75779494
2006-10-19,43.19515609741211,43.19515609741211,41.995059967041016,42.28982162475586,38741838
2006-10-20,42.8667106628418,43.868896484375,42.48773193359375,42.81617736816406,84467545
2006-10-23,43.37201690673828,43.68362045288086,42.702484130859375,42.8498649597168,19450576
2006-10-26,43.05619812011719,43.05619812011719,41.995059967041016,42.15507125854492,60754957
2006-10-27,42.512996673583984,42.80354690551758,41.87294387817383,42.15507125854492,45365876
2006-10-30,42.0919075012207,42.52983856201172,41.80135726928711,41.95294952392578,24931823
2006-10-31,42.445621490478516,42.504573822021484,41.03498077392578,41.304473876953125,38184590
2006-11-01,41.729774475097656,41.771881103515625,41.119197845458984,41.258155822753906,28931419
2006-11-02,41.27499771118164,41.725563049316406,40.891807556152344,40.9970817565918,24692395
2006-11-03,41.39290237426758,41.68766403198242,40.81601333618164,41.48975372314453,28096391
2006-11-06,41.67924118041992,42.8498649597168,41.40553665161133,42.647743225097656,36831368
2006-11-07,42.702484130859375,43.119361877441406,41.68766403198242,41.87294387817383,48040380
2006-11-08,41.85609817504883,42.26876449584961,41.14446258544922,41.61608123779297,41935782
2006-11-09,41.974002838134766,42.52562713623047,41.45185470581055,42.28561019897461,34550239
2006-11-10,42.52983856201172,42.56352615356445,41.89399719238281,42.302452087402344,24447245
2006-11-13,42.445621490478516,42.52983856201172,41.776092529296875,41.86452102661133,14243309
2006-11-14,41.94031524658203,42.192970275878906,41.27499771118164,41.40553665161133,21558819
2006-11-15,41.39290237426758,41.519229888916016,40.845489501953125,40.94655227661133,21764750
2006-11-16,41.1823616027832,41.63713455200195,40.424400329589844,40.61810302734375,53170240
2006-11-17,40.845489501953125,40.98023986816406,39.88541030883789,40.117008209228516,33268415
2006-11-20,40.00331497192383,40.117008209228516,38.61793518066406,38.93375015258789,42309623
2006-11-21,39.1106071472168,40.29807662963867,38.908485412597656,40.0622673034668,44342811
2006-11-22,40.428611755371094,40.428611755371094,39.31694030761719,39.83909225463867,25232877
2006-11-23,40.314918518066406,40.424400329589844,39.519065856933594,39.670654296875,28561294
2006-11-24,39.666446685791016,40.92549514770508,39.5948600769043,40.68547821044922,42481072
2006-11-27,40.92970657348633,41.241310119628906,40.46651077270508,40.622314453125,20448290
2006-11-28,40.42019271850586,40.42019271850586,38.93796157836914,40.08753204345703,18365860
2006-11-29,40.39913558959961,40.592838287353516,40.00331497192383,40.20543670654297,15030616
2006-11-30,40.39913558959961,40.50440979003906,39.253780364990234,39.40536880493164,53020639
2006-12-01,39.58222579956055,39.83488082885742,39.2874641418457,39.42642593383789,12018748
2006-12-04,39.72539520263672,39.855934143066406,39.33799743652344,39.460113525390625,9718680
2006-12-05,39.978050231933594,41.68766403198242,39.67486572265625,41.523441314697266,47350143
2006-12-06,41.68766403198242,42.27718734741211,40.7065315246582,41.35500717163086,49793305
2006-12-07,41.266578674316406,41.81399154663086,40.845489501953125,41.43922424316406,20687195
2006-12-08,41.519229888916016,41.519229888916016,40.25596618652344,40.82022476196289,27100921
2006-12-11,40.76127243041992,41.22867965698242,35.80086135864258,38.22211456298828,81555953
2006-12-12,38.13789749145508,39.051658630371094,36.55039596557617,37.173606872558594,63035362
2006-12-13,37.21571350097656,37.45994567871094,35.771385192871094,36.76515197753906,80575967
2006-12-14,37.4262580871582,37.4262580871582,36.445125579833984,36.701988220214844,47656137
2006-12-15,37.22413635253906,38.89164352416992,36.88726806640625,38.6684684753418,69145695
2006-12-18,34.616764068603516,34.9890022277832,33.87228012084961,34.850887298583984,36985077
2006-12-19,34.9140510559082,35.39072036743164,33.6187858581543,33.875648498535156,38789405
2006-12-20,34.24452209472656,35.286293029785156,33.57415008544922,34.62434387207031,48550060
2006-12-21,34.69087219238281,35.212181091308594,34.318634033203125,34.869415283203125,26124081
2006-12-22,34.9140510559082,35.73348617553711,34.70603561401367,35.629058837890625,23394827
2006-12-26,36.2396354675293,36.355010986328125,35.212181091308594,35.565895080566406,20186206
2006-12-27,35.695587158203125,36.061092376708984,35.50946807861328,35.81517791748047,23190131
2006-12-28,35.9490852355957,36.31374740600586,35.3048210144043,35.46904373168945,47745655
2006-12-29,35.58442306518555,36.142784118652344,35.53220748901367,35.900238037109375,20251490
2007-01-02,35.80759811401367,36.387855529785156,35.367984771728516,35.63663864135742,12280772
2007-01-03,35.65853500366211,35.863182067871094,34.99574279785156,35.0968017578125,17252707
2007-01-04,35.24586868286133,35.361244201660156,34.28915786743164,34.675716400146484,21332845
2007-01-05,34.69087219238281,35.13722610473633,34.0693473815918,34.887943267822266,36058821
2007-01-08,35.15659713745117,35.15659713745117,34.39274215698242,34.5384407043457,15821057
2007-01-09,34.9140510559082,34.9140510559082,33.76026916503906,33.86806869506836,18863500
2007-01-10,33.797325134277344,34.31105422973633,33.50761795043945,33.65247344970703,19714369
2007-01-11,33.74174118041992,34.53422927856445,33.581729888916016,34.400325775146484,11666873
2007-01-12,34.612552642822266,35.04121780395508,34.54180908203125,34.850887298583984,17976939
2007-01-15,34.9890022277832,36.31374740600586,34.86183547973633,36.179840087890625,28548969
2007-01-16,36.32890319824219,36.730621337890625,35.80759811401367,35.91539764404297,28098754
2007-01-17,36.07204055786133,36.62619400024414,35.818546295166016,36.03835678100586,20340355
2007-01-18,36.10572814941406,36.31374740600586,35.23407745361328,35.41682815551758,24541964
2007-01-19,35.73348617553711,35.73348617553711,34.47864532470703,34.82477951049805,27884535
2007-01-22,35.063114166259766,35.39409255981445,34.6538200378418,35.0892219543457,18040999
2007-01-23,35.15659713745117,35.15659713745117,34.4382209777832,34.58644485473633,13517581
2007-01-24,34.750667572021484,36.10572814941406,34.60918426513672,35.79243850708008,46824077
2007-01-25,36.10572814941406,38.15221405029297,36.04930114746094,37.97367477416992,110804694
2007-01-29,38.09326171875,38.777950286865234,37.609012603759766,38.654991149902344,79403028
2007-01-31,38.26422119140625,40.125431060791016,34.32621383666992,34.60918426513672,237129131
2007-02-01,34.98142623901367,35.13722610473633,33.6187858581543,34.050819396972656,140035173
2007-02-02,35.9566650390625,35.9566650390625,34.195674896240234,34.44158935546875,119076490
2007-02-05,34.46769714355469,35.17091369628906,33.905967712402344,34.9890022277832,50509724
2007-02-06,35.13722610473633,35.361244201660156,34.49717330932617,34.60918426513672,40985671
2007-02-07,34.72455978393555,34.9292106628418,34.355690002441406,34.58307647705078,31734387
2007-02-08,34.616764068603516,34.616764068603516,34.113983154296875,34.44158935546875,20939874
2007-02-09,34.46769714355469,34.57212829589844,33.59688949584961,33.745113372802734,24636481
2007-02-12,33.76026916503906,34.14767074584961,32.945045471191406,33.03852844238281,52533614
2007-02-13,33.0528450012207,33.350975036621094,32.01107406616211,32.18624496459961,50512728
2007-02-14,32.38331604003906,32.971153259277344,31.731470108032227,32.64775848388672,59004905
2007-02-15,33.1277961730957,33.27686309814453,32.76313781738281,32.92314910888672,23428205
2007-02-19,33.1277961730957,33.31391906738281,32.5837516784668,33.02336883544922,18484351
2007-02-20,33.27686309814453,33.67100143432617,32.97873306274414,33.07895278930664,28268528
2007-02-21,33.17243194580078,34.113983154296875,32.84819412231445,33.87228012084961,34792291
2007-02-22,34.1695671081543,34.50475311279297,33.581729888916016,33.84954071044922,72656438
2007-02-23,33.961551666259766,34.75824737548828,33.80490493774414,34.2630500793457,73767751
2007-02-26,34.41548156738281,35.361244201660156,34.1695671081543,34.9890022277832,72753282
2007-02-27,35.00332260131836,35.70317077636719,34.8214111328125,34.9140510559082,60271150
2007-02-28,32.82966613769531,34.60160446166992,32.695762634277344,32.94167709350586,67320350
2007-03-01,33.18001174926758,33.82764434814453,32.83724594116211,33.581729888916016,41768323
2007-03-02,33.87228012084961,34.66476821899414,32.75555419921875,33.012420654296875,68548788
2007-03-05,32.8524055480957,32.8524055480957,30.91287612915039,31.322174072265625,53580914
2007-03-06,31.56387710571289,31.936119079589844,30.094282150268555,31.21100616455078,53856665
2007-03-07,31.429973602294922,31.840112686157227,30.16081428527832,30.763811111450195,43019440
2007-03-08,31.043413162231445,31.936119079589844,29.714462280273438,31.843481063842773,49727487
2007-03-09,32.00686264038086,32.75555419921875,31.4156551361084,32.294044494628906,61951894
2007-03-12,32.5837516784668,32.82966613769531,32.03718185424805,32.42036819458008,26068535
2007-03-13,32.532379150390625,33.388031005859375,32.532379150390625,33.10926818847656,27296248
2007-03-14,32.16013717651367,32.36815643310547,31.638832092285156,32.00686264038086,29408327
2007-03-15,32.38331604003906,33.09074020385742,32.07086944580078,32.252777099609375,20493364
2007-03-16,32.38331604003906,32.75555419921875,31.456079483032227,32.05149841308594,19769547
2007-03-19,32.3083610534668,32.44984817504883,31.91085433959961,32.00349426269531,17111964
2007-03-20,32.16013717651367,32.44984817504883,31.385337829589844,31.523454666137695,25366471
2007-03-21,32.38331604003906,32.38331604003906,31.497346878051758,32.02202224731445,26429006
2007-03-22,32.38331604003906,33.01578903198242,32.26372528076172,32.907989501953125,28147793
2007-03-23,33.49245834350586,33.49245834350586,32.49448013305664,32.62923049926758,20203578
2007-03-26,32.62923049926758,33.23222732543945,32.62923049926758,32.889461517333984,30323707
2007-03-28,32.82966613769531,33.462982177734375,32.53574752807617,32.85577392578125,29790587
2007-03-29,32.82966613769531,33.17243194580078,32.271305084228516,32.751346588134766,32809615
2007-03-30,32.91135787963867,33.57415008544922,32.5770149230957,33.47393035888672,38192938
2007-04-02,32.82966613769531,33.18001174926758,31.359230041503906,31.557140350341797,31386194
2007-04-03,31.824953079223633,32.256988525390625,31.57145881652832,32.09697341918945,18170165
2007-04-04,32.38331604003906,32.88188171386719,32.16013717651367,32.60649108886719,20961746
2007-04-05,32.60649108886719,34.9890022277832,32.60649108886719,34.6538200378418,91891109
2007-04-09,34.850887298583984,36.92432403564453,34.77677536010742,36.734832763671875,84415240
2007-04-10,36.99843215942383,37.363094329833984,36.573978424072266,36.89484786987305,86859756
2007-04-11,37.196346282958984,38.66593933105469,37.196346282958984,38.078102111816406,92166609
2007-04-12,38.25327682495117,38.56235122680664,36.816524505615234,36.92769241333008,66192354
2007-04-13,37.22582244873047,38.36865234375,37.15507888793945,38.05620574951172,80822578
2007-04-16,38.68109893798828,39.97636413574219,38.41328811645508,39.790245056152344,101300874
2007-04-17,39.86098861694336,40.27449417114258,39.0196533203125,39.3026237487793,63358632
2007-04-18,37.96609115600586,38.66593933105469,35.15996551513672,38.078102111816406,154936552
2007-04-19,35.75201416015625,37.87345504760742,35.75201416015625,37.65364456176758,48411134
2007-04-20,34.54180908203125,39.939308166503906,34.54180908203125,39.704341888427734,82943658
2007-04-23,40.14059066772461,41.688507080078125,39.9468879699707,41.4729118347168,83385300
2007-04-24,41.46533203125,43.62045669555664,41.13014602661133,43.15894317626953,124347259
2007-04-25,43.549713134765625,43.549713134765625,41.95631790161133,42.518890380859375,56508287
2007-04-26,42.80522918701172,43.10335922241211,41.4729118347168,41.725563049316406,43434663
2007-04-27,41.688507080078125,41.688507080078125,39.827301025390625,39.99489212036133,37079998
2007-04-30,39.75318908691406,41.09309005737305,39.46263885498047,40.90359878540039,39558770
2007-05-03,41.31626510620117,41.67755889892578,40.21806716918945,41.4577522277832,50506459
2007-05-04,41.688507080078125,42.176124572753906,41.04845428466797,41.19751739501953,33238707
2007-05-07,41.331424713134766,42.06074905395508,40.98529052734375,41.12677764892578,22382959
2007-05-08,41.189937591552734,42.06074905395508,40.9810791015625,41.19330978393555,31788058
2007-05-09,41.056034088134766,42.05738067626953,41.018978118896484,41.863677978515625,29136567
2007-05-10,42.06074905395508,43.549713134765625,42.06074905395508,42.90966033935547,77074902
2007-05-11,42.656166076660156,42.857444763183594,41.86704635620117,42.40351486206055,30354579
2007-05-14,42.80944061279297,44.305145263671875,42.80944061279297,44.06344223022461,36132760
2007-05-15,44.368309020996094,44.50642395019531,43.7846794128418,44.08954620361328,36370775
2007-05-16,44.24956130981445,44.346412658691406,43.42338943481445,43.85457992553711,27224814
2007-05-17,44.29419708251953,45.298912048339844,43.92195510864258,44.5359001159668,80632523
2007-05-18,44.27566909790039,44.40620422363281,43.37117385864258,44.02638626098633,29545401
2007-05-21,44.182186126708984,46.632076263427734,44.15607833862305,46.360050201416016,58190051
2007-05-22,44.855926513671875,47.40603256225586,44.855926513671875,46.80640411376953,33251661
2007-05-23,46.89988708496094,49.40872573852539,46.53101348876953,49.10722732543945,91341104
2007-05-24,48.388851165771484,48.678558349609375,46.754188537597656,47.026214599609375,49236829
2007-05-25,46.71376419067383,46.862831115722656,46.00634002685547,46.382789611816406,48568999
2007-05-28,49.64284896850586,49.64284896850586,46.527645111083984,46.63544464111328,21252980
2007-05-29,46.75082015991211,47.19043731689453,46.252254486083984,46.95210266113281,19972201
2007-05-30,49.84413146972656,49.84413146972656,46.45269012451172,46.66155242919922,36790854
2007-05-31,48.68613815307617,48.68613815307617,46.609336853027344,47.059898376464844,30066824
2007-06-01,47.27970886230469,48.07219314575195,47.096954345703125,47.27970886230469,17940414
2007-06-04,47.42119216918945,48.00566101074219,47.20896530151367,47.50288391113281,17238185
2007-06-05,47.42119216918945,48.15809631347656,47.42119216918945,47.770694732666016,17960113
2007-06-06,47.94165802001953,47.97197341918945,45.85727310180664,46.029075622558594,15446800
2007-06-07,45.410919189453125,46.587440490722656,45.042049407958984,45.77979278564453,26807728
2007-06-08,44.81550216674805,44.81550216674805,43.40065002441406,43.59856033325195,21996507
2007-06-11,44.22008514404297,44.2529296875,42.92818832397461,43.18505096435547,15612181
2007-06-12,43.17747116088867,45.317440032958984,43.17747116088867,44.91572189331055,66044618
2007-06-13,44.91572189331055,45.634098052978516,44.186397552490234,44.43231201171875,52699886
2007-06-14,44.14934158325195,46.12592697143555,44.14934158325195,45.8387451171875,28381213
2007-06-15,45.79832077026367,46.15540313720703,44.36494064331055,44.70012664794922,18496605
2007-06-18,44.70012664794922,45.33259963989258,43.66172409057617,43.85879135131836,18013428
2007-06-19,43.77288818359375,45.932228088378906,43.549713134765625,45.5633544921875,23498903
2007-06-20,45.78316116333008,45.91706848144531,45.03867721557617,45.36628341674805,14578857
2007-06-21,45.38818359375,45.895172119140625,45.07573318481445,45.3957633972168,15656543
2007-06-22,44.766658782958984,45.709049224853516,44.10807418823242,44.67738723754883,12822179
2007-06-25,44.647911071777344,44.94519805908203,44.1602897644043,44.67738723754883,10943769
2007-06-26,44.59232711791992,45.474082946777344,44.49547576904297,44.97551727294922,12370967
2007-06-27,44.81550216674805,44.923301696777344,43.83268356323242,44.119022369384766,15469004
2007-06-28,44.07101821899414,44.62517166137695,43.78047180175781,44.182186126708984,17928232
2007-06-29,44.07101821899414,44.80034255981445,44.02217483520508,44.47273635864258,7683450
2007-07-02,44.47273635864258,45.31407165527344,44.086177825927734,44.17881774902344,12842104
2007-07-03,44.22008514404297,45.098472595214844,43.99606704711914,44.722023010253906,18787756
2007-07-04,44.88961410522461,46.066131591796875,44.59232711791992,45.88338088989258,27821911
2007-07-05,46.19667053222656,46.89988708496094,45.7461051940918,46.758399963378906,35786965
2007-07-06,46.79966735839844,47.309181213378906,46.229515075683594,46.40131759643555,19584419
2007-07-09,46.67670822143555,47.0489501953125,46.312049865722656,46.63544464111328,14110522
2007-07-10,46.82493209838867,47.495304107666016,46.46784973144531,47.201385498046875,22137190
2007-07-11,46.903255462646484,49.20744705200195,46.67670822143555,48.79814910888672,38612601
2007-07-12,49.2857666015625,50.175106048583984,49.13333511352539,50.026039123535156,21471355
2007-07-13,50.026039123535156,52.073368072509766,50.026039123535156,51.797977447509766,32727827
2007-07-16,52.08515930175781,53.00060272216797,51.06865310668945,51.7238655090332,27962808
2007-07-17,51.67164993286133,52.25948715209961,50.179317474365234,50.69977951049805,18222743
2007-07-18,50.77052307128906,51.440895080566406,49.15186309814453,50.830318450927734,20126100
2007-07-19,51.06865310668945,51.58237838745117,50.521240234375,50.80842208862305,12790927
2007-07-20,50.919586181640625,53.599388122558594,50.919586181640625,53.23893737792969,59841038
2007-07-23,53.003971099853516,54.09122085571289,52.85490417480469,53.677711486816406,44304185
2007-07-24,53.852882385253906,54.52241134643555,52.78079605102539,53.72992706298828,34406848
2007-07-25,53.63728713989258,54.02384567260742,52.2746467590332,52.810272216796875,23847536
2007-07-26,53.003971099853516,53.44358444213867,51.887245178222656,52.3824462890625,15800432
2007-07-27,51.7390251159668,51.90240478515625,48.10166931152344,48.507598876953125,31431351
2007-07-30,48.76109313964844,50.250057220458984,47.27212905883789,47.9012336730957,38206177
2007-07-31,48.15809631347656,49.1181755065918,47.815330505371094,48.85373306274414,22349260
2007-08-01,48.60865783691406,48.61202621459961,46.233726501464844,46.43416213989258,30498124
2007-08-02,47.119693756103516,48.009029388427734,46.38615798950195,47.614051818847656,16246064
2007-08-03,47.64436721801758,48.745933532714844,47.64436721801758,48.56318283081055,14634582
2007-08-06,45.86148452758789,48.75688171386719,45.86148452758789,48.34000778198242,17736443
2007-08-07,48.76109313964844,49.13333511352539,47.424560546875,47.62921142578125,19513247
2007-08-08,48.835205078125,48.835205078125,47.83049011230469,48.41832733154297,15893287
2007-08-09,48.98426818847656,50.250057220458984,48.090721130371094,48.56318283081055,31326028
2007-08-10,47.5247802734375,47.71847915649414,46.527645111083984,47.26791763305664,24362203
2007-08-13,47.71847915649414,48.39643096923828,47.64436721801758,47.86417770385742,11010430
2007-08-14,47.94165802001953,48.37369155883789,47.59215545654297,47.72269058227539,12439504
2007-08-16,44.78181457519531,46.333946228027344,42.600582122802734,42.83891677856445,72324500
2007-08-17,42.50794219970703,42.656166076660156,39.26893615722656,40.52714920043945,124284350
2007-08-20,41.09309005737305,42.7833366394043,41.09309005737305,42.380775451660156,30500262
2007-08-21,42.80522918701172,43.77288818359375,40.4302978515625,40.66863250732422,22727745
2007-08-22,40.94402313232422,42.73112106323242,40.20375061035156,42.380775451660156,27635204
2007-08-23,43.10335922241211,43.654144287109375,41.27920913696289,41.674190521240234,22238001
2007-08-24,41.83757019042969,43.74341583251953,41.688507080078125,43.393070220947266,20966994
2007-08-27,43.69878005981445,45.023521423339844,43.62382507324219,44.88203430175781,20511198
2007-08-28,45.06815719604492,45.738525390625,44.309356689453125,45.098472595214844,20294379
2007-08-29,44.5359001159668,49.42304229736328,43.92195510864258,49.12912368774414,80056550
2007-08-30,49.87781524658203,50.62229919433594,48.68613815307617,48.939632415771484,66701832
2007-08-31,49.13333511352539,51.574798583984375,49.13333511352539,51.34404373168945,66491698
2007-09-03,51.366783142089844,52.29654312133789,51.142765045166016,51.485530853271484,36644922
2007-09-04,51.7390251159668,52.1070556640625,50.662723541259766,50.905269622802734,31721207
2007-09-05,51.217716217041016,51.81313705444336,50.350276947021484,50.77473449707031,40521135
2007-09-06,50.99454116821289,51.7390251159668,50.327537536621094,51.56721878051758,22001838
2007-09-07,51.7390251159668,52.482666015625,51.001277923583984,51.2396125793457,32318482
2007-09-10,50.62229919433594,52.00262451171875,50.33511734008789,51.60427474975586,27476864
2007-09-11,51.779449462890625,52.97449493408203,51.74576187133789,52.76226806640625,48079576
2007-09-12,53.22714614868164,53.48064041137695,52.85490417480469,52.97028350830078,32005614
2007-09-13,53.15303421020508,53.43937683105469,52.34539031982422,52.59804153442383,19900019
2007-09-14,53.003971099853516,53.897518157958984,52.15590286254883,52.3900260925293,28513311
2007-09-17,52.482666015625,53.22040939331055,52.271278381347656,52.53150939941406,21093690
2007-09-18,52.63172912597656,53.07892608642578,52.25948715209961,52.88101577758789,15802450
2007-09-19,53.69623947143555,55.60966110229492,53.67434310913086,55.460594177246094,40694757
2007-09-20,55.460594177246094,55.97095489501953,54.75400924682617,55.055511474609375,21719415
2007-09-21,54.94013214111328,55.83283615112305,54.87612533569336,55.122039794921875,20034718
2007-09-24,55.60966110229492,56.31708908081055,54.92497253417969,55.79241180419922,17811961
2007-09-25,55.683773040771484,56.830814361572266,54.57462692260742,55.38648223876953,29396287
2007-09-26,55.9372673034668,56.80049514770508,55.46817398071289,55.97095489501953,22272329
2007-09-27,55.83283615112305,60.29973220825195,55.83283615112305,59.18301010131836,93713319
2007-09-28,60.00160217285156,64.65125274658203,59.55525207519531,63.314720153808594,104132708
2007-10-01,63.649906158447266,63.939613342285156,62.0977783203125,62.64434814453125,36866159
2007-10-03,63.176605224609375,64.23016357421875,59.927490234375,62.57023620605469,27068196
2007-10-04,62.60729217529297,65.23151397705078,61.79627990722656,64.3943862915039,40710775
2007-10-05,64.76242065429688,65.13887023925781,61.19327926635742,62.08598709106445,21979788
2007-10-08,62.37653732299805,63.184181213378906,57.69404220581055,58.77708053588867,31169944
2007-10-09,59.18301010131836,62.458229064941406,57.2476921081543,62.2055778503418,30833197
2007-10-10,70.94482421875,72.17440032958984,70.70901489257812,71.42486572265625,22092105
2007-10-11,63.270084381103516,64.2748031616211,62.533180236816406,63.32229995727539,19002189
2007-10-12,62.90542221069336,66.27412414550781,62.179466247558594,63.30377197265625,33709286
2007-10-15,63.87308120727539,68.41072082519531,63.72401809692383,67.89278411865234,43667061
2007-10-16,67.74372100830078,68.78633117675781,66.27412414550781,67.6064453125,28462158
2007-10-17,64.3943862915039,66.1360092163086,59.55525207519531,64.47608184814453,39356722
2007-10-18,65.21298217773438,67.4464340209961,60.373844146728516,62.17189025878906,25574421
2007-10-19,61.04421615600586,64.84074401855469,58.14460754394531,63.437679290771484,40375144
2007-10-22,60.373844146728516,64.6916732788086,60.373844146728516,62.34706115722656,22632681
2007-10-23,63.20270919799805,66.97734069824219,63.12860107421875,66.5865707397461,22943614
2007-10-24,67.37147521972656,69.00614166259766,66.64215087890625,68.20944213867188,33001891
2007-10-25,68.3323974609375,74.55186462402344,68.0418472290039,73.61788940429688,92931106
2007-10-26,74.24278259277344,78.01741027832031,71.93185424804688,73.53199005126953,66533720
2007-10-29,84.79356384277344,89.4048080444336,84.79356384277344,85.98448181152344,40572324
2007-10-30,86.22266387939453,87.12776184082031,85.04603576660156,85.92731475830078,22238391
2007-10-31,85.84156799316406,87.84231567382812,85.36520385742188,86.29888153076172,17736244
2007-11-01,88.12813568115234,88.49970245361328,83.17390441894531,84.37911987304688,22519329
2007-11-02,82.4117202758789,85.82251739501953,73.82756042480469,85.50334930419922,13972833
2007-11-05,85.26992797851562,85.74629974365234,83.37398529052734,83.75984191894531,13537518
2007-11-06,84.7840347290039,85.30803680419922,81.19221496582031,81.96869659423828,11100465
2007-11-07,81.96869659423828,83.831298828125,81.46851348876953,82.16876983642578,8505236
2007-11-08,81.92581939697266,82.03062438964844,80.02987670898438,80.79206848144531,8348435
2007-11-12,77.9338607788086,78.41022491455078,75.41387176513672,77.5479965209961,25876279
2007-11-13,77.5479965209961,80.79206848144531,77.17166900634766,79.4534683227539,16005619
2007-11-14,81.20174407958984,82.8833236694336,81.07788848876953,81.74956512451172,14288513
2007-11-15,87.7470474243164,89.08087158203125,81.27796173095703,81.92105865478516,19370358
2007-11-16,81.93534851074219,81.93534851074219,75.83783721923828,80.36333465576172,12506950
2007-11-19,82.38314056396484,82.38314056396484,80.61104583740234,82.20211791992188,11746268
2007-11-20,82.23546600341797,84.59825134277344,81.03977966308594,81.86865997314453,26507923
2007-11-21,82.12590026855469,83.65027618408203,77.45748901367188,78.60553741455078,17368566
2007-11-22,79.07714080810547,79.6487808227539,74.77076721191406,77.9386215209961,19587144
2007-11-23,83.8408203125,83.8408203125,76.7477035522461,77.9005126953125,9485433
2007-11-26,79.98223876953125,81.64952850341797,77.42414093017578,81.0254898071289,17829533
2007-11-27,81.16363525390625,82.17353820800781,80.41097259521484,80.87781524658203,16048464
2007-11-28,81.458984375,81.6257095336914,76.98111724853516,77.80047607421875,15116811
2007-11-29,80.74443054199219,80.74443054199219,75.38528442382812,76.05220031738281,25541832
2007-11-30,76.69529724121094,78.98186492919922,76.69529724121094,78.68651580810547,10842104
2007-12-03,79.07714080810547,80.5062484741211,78.8865966796875,80.2394790649414,9018336
2007-12-04,80.41097259521484,83.55500030517578,80.41097259521484,83.13579559326172,23741797
2007-12-05,83.36445617675781,84.11711883544922,81.6971664428711,82.45935821533203,22075880
2007-12-06,83.36445617675781,83.78366088867188,80.37286376953125,80.80635833740234,9746460
2007-12-07,81.55425262451172,82.31644439697266,78.71510314941406,79.27245330810547,14262514
2007-12-10,79.26768493652344,80.12515258789062,79.07714080810547,79.39154052734375,8852236
2007-12-11,79.87744140625,81.07788848876953,79.31532287597656,79.6773681640625,16201948
2007-12-12,79.59162139892578,82.60226440429688,78.64840698242188,82.39266204833984,45582355
2007-12-13,83.30728912353516,85.73677062988281,82.74040985107422,84.79832458496094,44064674
2007-12-14,85.2222900390625,86.59423065185547,83.17867279052734,83.55976867675781,34356073
2007-12-17,83.55500030517578,84.31719207763672,77.64803314208984,78.44357299804688,17165814
2007-12-18,80.49671936035156,80.49671936035156,77.49559783935547,77.85763549804688,26083210
2007-12-19,78.78179168701172,80.35380554199219,76.44282531738281,78.5340805053711,23943101
2007-12-20,79.07238006591797,79.63925170898438,78.21968078613281,78.5293197631836,17581154
2007-12-24,79.93460083007812,82.63561248779297,79.26768493652344,82.34979248046875,19243030
2007-12-26,83.4025650024414,85.54621887207031,82.73564910888672,85.0603256225586,14322982
2007-12-27,86.31793975830078,87.00867462158203,84.88883209228516,86.23219299316406,32505362
2007-12-28,82.95001220703125,89.22378540039062,82.95001220703125,88.73312377929688,22969002
2007-12-31,89.08087158203125,90.24797821044922,86.32746887207031,89.11898803710938,16068480
2008-01-01,89.46196746826172,91.17689514160156,88.49970245361328,88.8188705444336,14286067
2008-01-02,89.08087158203125,89.55724334716797,85.8082275390625,88.9427261352539,15938538
2008-01-03,89.46196746826172,89.46196746826172,87.42311096191406,88.23770141601562,15642150
2008-01-04,89.5286636352539,89.85735321044922,88.04238891601562,88.73312377929688,9810045
2008-01-07,86.98485565185547,90.41470336914062,86.98485565185547,88.20436096191406,9657369
2008-01-08,89.08087158203125,89.3333511352539,83.52165985107422,84.91741943359375,22797769
2008-01-09,84.31719207763672,86.45132446289062,83.45020294189453,85.15560150146484,13003782
2008-01-10,87.65177154541016,87.65177154541016,80.98261260986328,81.37799835205078,14609168
2008-01-11,81.37799835205078,82.4831771850586,79.22005462646484,81.2970199584961,14095280
2008-01-14,87.794677734375,87.794677734375,79.37725067138672,79.85838317871094,17026667
2008-01-15,81.84008026123047,82.30691528320312,79.6487808227539,81.18268585205078,18440604
2008-01-16,81.93534851074219,81.93534851074219,76.43329620361328,77.9338607788086,30965293
2008-01-17,79.02950286865234,79.02950286865234,76.69529724121094,77.24312591552734,34202389
2008-01-18,77.23359680175781,78.01007843017578,73.38453674316406,74.55164337158203,22146455
2008-01-21,74.02763366699219,74.3134536743164,59.64131164550781,68.74947357177734,39468325
2008-01-22,66.31047058105469,81.8972396850586,51.257232666015625,63.89528274536133,37703714
2008-01-23,67.64430236816406,68.9733657836914,65.26245880126953,66.55342102050781,23681916
2008-01-24,68.12066650390625,70.50251007080078,62.04220962524414,63.90481185913086,26668419
2008-01-25,66.69156646728516,68.50176239013672,64.30972290039062,68.12543487548828,15483155
2008-01-28,67.07266235351562,67.07266235351562,63.73808288574219,66.37715911865234,8652349
2008-01-29,68.02539825439453,68.73042297363281,66.42479705810547,68.13972473144531,9918302
2008-01-30,68.2159423828125,70.50251007080078,67.64906311035156,68.91143798828125,14175512
2008-01-31,69.1686782836914,71.0169906616211,66.01512145996094,70.36912536621094,25357458
2008-02-01,70.50251007080078,74.40872955322266,70.31672668457031,73.97523498535156,22898667
2008-02-04,74.02763366699219,77.83381652832031,74.02763366699219,76.42376708984375,22008474
2008-02-05,76.60002136230469,78.21968078613281,74.17054748535156,77.84334564208984,25143128
2008-02-06,75.26619720458984,77.9338607788086,74.90892028808594,76.10936737060547,17333761
2008-02-07,75.74256134033203,77.60992431640625,72.89388275146484,73.53221130371094,17682231
2008-02-08,74.5040054321289,74.5040054321289,70.65971374511719,71.58386993408203,11849360
2008-02-11,69.5593032836914,71.64579772949219,68.03491973876953,69.2353744506836,10998926
2008-02-12,69.74031829833984,71.35997772216797,66.88211059570312,67.67288208007812,11601002
2008-02-13,69.33064270019531,72.63664245605469,68.50176239013672,72.22696685791016,19050280
2008-02-14,74.21818542480469,75.3328857421875,73.26544952392578,74.16101837158203,14735950
2008-02-15,72.88435363769531,78.22920227050781,72.88435363769531,77.94815063476562,24120086
2008-02-18,78.54360961914062,80.60151672363281,77.00493621826172,78.23873138427734,24811798
2008-02-19,79.06761169433594,79.74405670166016,77.17166900634766,77.45272827148438,14381403
2008-02-20,72.89388275146484,77.83858489990234,72.89388275146484,73.5941390991211,17212217
2008-02-21,74.3134536743164,77.17166900634766,74.3134536743164,76.77151489257812,18400289
2008-02-22,75.52342987060547,77.88622283935547,75.52342987060547,76.66671752929688,22021111
2008-02-25,76.66671752929688,77.36221313476562,74.12767028808594,77.09068298339844,18194387
2008-02-26,77.17166900634766,78.19109344482422,76.43329620361328,77.13356018066406,20678232
2008-02-27,78.12440490722656,79.4487075805664,76.89537048339844,77.38603210449219,21921566
2008-02-28,77.97196960449219,78.98186492919922,76.88584899902344,78.5340805053711,20943783
2008-02-29,79.06761169433594,79.06761169433594,74.24200439453125,76.38565826416016,28879281
2008-03-03,74.79935455322266,76.57144165039062,72.78907775878906,73.63701629638672,18176932
2008-03-04,74.78506469726562,75.45674133300781,72.06976318359375,74.11814880371094,24290595
2008-03-05,74.68502807617188,76.57144165039062,74.1419677734375,76.14271545410156,19486759
2008-03-07,75.26619720458984,75.87594604492188,72.5270767211914,73.69894409179688,18626007
2008-03-10,72.88435363769531,78.02912902832031,70.90742492675781,77.40985107421875,26308435
2008-03-11,76.96206665039062,79.2486343383789,76.33325958251953,78.04341888427734,25925212
2008-03-12,78.60076904296875,79.07714080810547,72.50325775146484,73.24639129638672,27096134
2008-03-13,72.88435363769531,72.88435363769531,65.85315704345703,66.4009780883789,30995963
2008-03-14,67.16793060302734,69.4068603515625,66.69156646728516,68.13019561767578,28099265
2008-03-17,65.73883056640625,66.68679809570312,62.03268051147461,62.77581787109375,23822742
2008-03-18,61.937408447265625,64.21444702148438,60.02240753173828,60.88463592529297,22835544
2008-03-19,62.123191833496094,63.54753112792969,60.498775482177734,60.77030563354492,23715903
2008-03-24,61.927879333496094,61.927879333496094,54.63944625854492,56.316261291503906,23708734
2008-03-25,57.21183395385742,61.260963439941406,57.16419982910156,60.57975769042969,19160006
2008-03-26,60.97514343261719,63.68091583251953,59.507930755615234,62.6614875793457,26402784
2008-03-27,62.785343170166016,63.83335494995117,61.17998123168945,62.40424728393555,25889935
2008-03-28,62.871089935302734,69.06864166259766,62.871089935302734,68.22547149658203,39794218
2008-03-31,68.2159423828125,68.31121826171875,65.56256866455078,66.15326690673828,21891485
2008-04-01,66.5962905883789,66.88211059570312,62.771053314208984,63.966739654541016,13819768
2008-04-02,65.26245880126953,65.73883056640625,61.30860137939453,61.81831741333008,19226729
2008-04-03,61.927879333496094,63.64280700683594,60.836997985839844,62.8949089050293,20760784
2008-04-04,62.73770523071289,64.82420349121094,62.40901184082031,63.013999938964844,29107372
2008-04-07,63.4522590637207,65.26245880126953,61.46580505371094,64.83849334716797,18878207
2008-04-08,64.83372497558594,64.83372497558594,62.2803955078125,62.59955978393555,16380004
2008-04-09,63.071163177490234,65.16718292236328,62.23752212524414,64.67652893066406,21443354
2008-04-10,63.928627014160156,65.6435546875,63.83335494995117,65.243408203125,15946862
2008-04-11,65.62449645996094,66.95356750488281,64.05248260498047,66.04846954345703,21662911
2008-04-15,66.14373779296875,66.69156646728516,64.33354187011719,65.94366455078125,10038912
2008-04-16,66.6725082397461,67.59190368652344,65.4815902709961,65.848388671875,11239685
2008-04-17,66.69156646728516,68.78758239746094,66.21519470214844,68.38743591308594,20675419
2008-04-21,69.54977416992188,74.21818542480469,68.80187225341797,73.95618438720703,28948052
2008-04-22,74.02763366699219,75.07564544677734,72.89864349365234,74.5421142578125,17680982
2008-04-23,73.7894515991211,76.57144165039062,72.04594421386719,75.98074340820312,33926300
2008-04-24,76.21893310546875,76.21893310546875,73.40835571289062,73.96570587158203,19934648
2008-04-25,73.90377807617188,76.78104400634766,73.37977600097656,76.57621002197266,20604455
2008-04-28,77.49559783935547,77.49559783935547,68.611328125,74.16578674316406,20503063
2008-04-29,74.59928131103516,78.12440490722656,74.21818542480469,77.20977783203125,33489034
2008-04-30,77.04781341552734,78.46739196777344,76.22845458984375,77.95767211914062,20378863
2008-05-02,78.21968078613281,78.79132080078125,75.45674133300781,75.9664535522461,15486777
2008-05-05,76.60002136230469,77.49559783935547,74.90892028808594,76.59049987792969,16114253
2008-05-06,75.55201721191406,78.54360961914062,75.55201721191406,77.99102020263672,24122321
2008-05-07,78.19109344482422,79.93460083007812,77.26693725585938,78.42451477050781,40757979
2008-05-08,78.8865966796875,80.92545318603516,76.31420135498047,80.49671936035156,35096550
2008-05-09,80.98261260986328,81.72574615478516,79.36296081542969,80.43002319335938,30183650
2008-05-12,79.74405670166016,80.69679260253906,76.6762466430664,80.30140686035156,21307010
2008-05-13,80.58722686767578,82.69754028320312,80.41097259521484,81.11599731445312,21022220
2008-05-14,80.25376892089844,85.11749267578125,80.25376892089844,84.42198944091797,35245490
2008-05-15,83.93609619140625,85.93684387207031,76.74293518066406,84.00279235839844,29974694
2008-05-16,84.0313720703125,85.2603988647461,83.03099822998047,84.90312194824219,19705372
2008-05-20,84.88883209228516,86.67521667480469,84.31719207763672,85.2556381225586,18121943
2008-05-21,84.88883209228516,88.17577362060547,84.22191619873047,87.84231567382812,31678439
2008-05-22,87.11347198486328,87.62318420410156,85.86062622070312,86.61804962158203,23755148
2008-05-23,86.05593872070312,87.36595153808594,84.84119415283203,85.47000122070312,28650068
2008-05-26,85.26992797851562,85.26992797851562,82.43553924560547,83.32634735107422,22010941
2008-05-27,84.05995178222656,84.69828796386719,81.32559967041016,82.60226440429688,16581927
2008-05-28,82.50699615478516,86.6418685913086,81.59236145019531,86.06546020507812,19533477
2008-05-29,86.50848388671875,87.91853332519531,84.79356384277344,85.3747329711914,32781514
2008-05-30,86.26077270507812,88.12813568115234,85.17465209960938,86.0130615234375,21701086
2008-06-02,86.31793975830078,87.26591491699219,82.31644439697266,82.79281616210938,17101693
2008-06-03,81.93534851074219,82.86426544189453,80.41097259521484,82.0925521850586,20854493
2008-06-04,82.60226440429688,83.4359130859375,77.18119812011719,77.52894592285156,36366817
2008-06-05,78.12440490722656,80.88733673095703,76.31420135498047,80.19660949707031,31049482
2008-06-06,81.2684326171875,81.63047790527344,77.76712799072266,78.51979064941406,22054279
2008-06-09,78.0672378540039,79.36296081542969,75.26619720458984,78.42928314208984,26727260
2008-06-10,79.31532287597656,79.31532287597656,76.69529724121094,78.1434555053711,20182271
2008-06-11,78.83895874023438,80.79206848144531,78.62935638427734,79.7154769897461,16880236
2008-06-12,79.17241668701172,81.93534851074219,76.9525375366211,81.53996276855469,23182859
2008-06-13,81.93534851074219,82.30691528320312,79.65830993652344,80.12515258789062,23275288
2008-06-16,80.96356201171875,82.4117202758789,80.52053833007812,80.88257598876953,12743647
2008-06-17,80.69679260253906,81.54473114013672,79.60114288330078,81.03977966308594,19938542
2008-06-18,81.2684326171875,82.0210952758789,77.9433822631836,78.36735534667969,16588582
2008-06-19,77.64803314208984,79.26768493652344,76.83821105957031,77.81952667236328,20824065
2008-06-20,78.60076904296875,78.60076904296875,73.50839233398438,74.06574249267578,20658258
2008-06-23,70.59778594970703,75.74256134033203,69.58788299560547,71.05033111572266,18877031
2008-06-24,71.04557037353516,72.37940216064453,65.85791778564453,67.74909973144531,21536350
2008-06-25,66.58676147460938,71.06938934326172,64.78609466552734,70.7502212524414,26812330
2008-06-26,70.9788818359375,72.77954864501953,69.6355209350586,72.07929229736328,33033766
2008-06-27,71.66961669921875,74.76124572753906,67.75386810302734,69.2401351928711,80891945
2008-06-30,68.89714813232422,70.88360595703125,68.13019561767578,69.4402084350586,34884089
2008-07-01,68.83522033691406,70.9788818359375,65.8102798461914,66.4724349975586,30579027
2008-07-02,68.12066650390625,71.45524597167969,64.16680908203125,70.57872772216797,39450377
2008-07-03,70.59778594970703,70.64542388916016,62.023155212402344,62.6948356628418,42855368
2008-07-04,62.4995231628418,63.55706024169922,59.67942428588867,61.01325225830078,47358953
2008-07-07,61.40387725830078,63.4522590637207,61.40387725830078,62.10890197753906,30431410
2008-07-08,61.45151138305664,63.071163177490234,60.02240753173828,62.11366653442383,19160751
2008-07-09,62.871089935302734,64.77656555175781,62.871089935302734,64.55743408203125,21316152
2008-07-10,64.8908920288086,67.44422912597656,63.83335494995117,66.58676147460938,26816497
2008-07-11,67.20603942871094,67.31084442138672,62.70912551879883,63.45702362060547,24211213
2008-07-14,61.54678726196289,66.68203735351562,61.54678726196289,65.11002349853516,22225953
2008-07-15,63.28553009033203,64.64318084716797,61.21332931518555,61.727806091308594,17390167
2008-07-16,62.4995231628418,63.15690994262695,58.79814147949219,59.56985855102539,28858615
2008-07-17,61.45151138305664,63.39509582519531,56.87837600708008,57.869224548339844,46078200
2008-07-18,57.178489685058594,58.21220779418945,55.35399627685547,56.454410552978516,39280330
2008-07-21,58.59330368041992,58.59330368041992,55.401634216308594,57.07368850708008,20977413
2008-07-22,58.58377456665039,60.63216018676758,56.24004364013672,59.60320281982422,44337373
2008-07-23,61.15616226196289,64.40023040771484,60.99896240234375,63.59993362426758,58832585
2008-07-24,63.83335494995117,64.78609466552734,59.03156280517578,60.108154296875,51312732
2008-07-25,59.54603958129883,60.960853576660156,58.02165985107422,58.83625030517578,43090344
2008-07-28,58.5456657409668,59.450767517089844,57.36427307128906,57.55005645751953,23865692
2008-07-29,57.640567779541016,57.640567779541016,55.04912185668945,55.68269348144531,27921084
2008-07-30,56.68783187866211,60.45113754272461,56.68783187866211,60.03669738769531,42821214
2008-07-31,59.9271354675293,63.14738464355469,59.9271354675293,62.41377639770508,46567254
2008-08-01,62.15177536010742,65.15766143798828,61.456275939941406,64.77179718017578,44848164
2008-08-04,64.77179718017578,66.69156646728516,63.73808288574219,65.88650512695312,34284280
2008-08-05,66.21519470214844,66.50101470947266,62.41377639770508,64.39546966552734,69155921
2008-08-06,65.10525512695312,65.54827880859375,61.146636962890625,61.53725814819336,44574721
2008-08-07,61.542022705078125,63.44273376464844,60.60357666015625,61.40864181518555,42068897
2008-08-08,60.498775482177734,62.4995231628418,60.498775482177734,62.16130065917969,21504662
2008-08-11,62.4995231628418,63.42367935180664,61.17522048950195,61.432456970214844,21698157
2008-08-12,62.11842727661133,63.32840347290039,56.97841262817383,57.9168586730957,63628034
2008-08-13,57.631038665771484,59.52698516845703,57.16419982910156,58.15504455566406,33996141
2008-08-14,61.7087516784668,61.7087516784668,57.926387786865234,58.73621368408203,26012414
2008-08-18,58.783851623535156,59.169708251953125,57.06892395019531,57.435726165771484,22598742
2008-08-19,58.97439956665039,58.97439956665039,56.43059158325195,56.97365188598633,30050476
2008-08-20,57.45001983642578,58.688575744628906,57.35474395751953,57.70725631713867,25876857
2008-08-21,57.90733337402344,58.40275573730469,55.44927215576172,55.98756790161133,36044850
2008-08-22,56.68783187866211,56.91648483276367,55.106285095214844,56.5687370300293,61024912
2008-08-25,57.25947189331055,57.59292984008789,55.258724212646484,55.754146575927734,34092936
2008-08-26,55.63982009887695,55.63982009887695,54.334571838378906,55.04435729980469,32597675
2008-08-27,54.972904205322266,56.07807922363281,54.972904205322266,55.38734436035156,32203169
2008-08-28,56.116188049316406,56.116188049316406,54.03445816040039,54.49177169799805,34013009
2008-08-29,64.40499877929688,64.40499877929688,55.35399627685547,57.23088836669922,48879929
2008-09-01,56.97365188598633,56.97365188598633,54.972904205322266,55.65887451171875,22287260
2008-09-02,56.20669937133789,56.587791442871094,55.28254318237305,56.14000701904297,21666470
2008-09-04,55.73032760620117,56.30673599243164,55.06817626953125,55.52072525024414,12742818
2008-09-05,55.115814208984375,55.115814208984375,52.87688446044922,53.3865966796875,47500251
2008-09-08,54.75853729248047,55.201560974121094,54.03445816040039,54.21071243286133,20124784
2008-09-09,54.115440368652344,54.49177169799805,53.35325241088867,53.69623565673828,20445576
2008-09-10,53.40088653564453,53.90107345581055,50.49504089355469,50.98570251464844,46890240
2008-09-11,51.161956787109375,51.161956787109375,49.78049087524414,50.14729309082031,32861295
2008-09-12,51.447776794433594,51.447776794433594,49.589942932128906,49.890052795410156,27387064
2008-09-15,49.35175704956055,49.35175704956055,46.44114685058594,47.67970657348633,30329808
2008-09-16,46.49354934692383,46.58882141113281,45.35026550292969,46.35540008544922,30873705
2008-09-17,46.6840934753418,47.150936126708984,44.50232696533203,45.13589859008789,41979512
2008-09-18,44.21650695800781,44.53091049194336,41.79179382324219,43.802066802978516,67131636
2008-09-19,44.30225372314453,46.207725524902344,43.0875129699707,45.683719635009766,32323927
2008-09-22,46.6650390625,47.96076202392578,45.65037536621094,47.065189361572266,32079673
2008-09-23,45.931434631347656,46.70791244506836,44.64047622680664,44.80244064331055,25645932
2008-09-24,44.778621673583984,46.49354934692383,44.778621673583984,46.307762145996094,20790456
2008-09-25,47.63683319091797,47.63683319091797,44.87389373779297,46.17914581298828,35123389
2008-09-26,45.73135757446289,46.19820022583008,43.64010238647461,44.002140045166016,20989966
2008-09-29,44.01643371582031,44.488037109375,41.472625732421875,42.48728942871094,19430164
2008-09-30,41.92041015625,42.110958099365234,39.31467819213867,40.696144104003906,45286334
2008-10-01,40.967674255371094,42.57780075073242,40.50559616088867,41.76321029663086,26737577
2008-10-03,41.76321029663086,41.76321029663086,37.16149139404297,37.44255065917969,60855505
2008-10-06,36.65177917480469,36.65177917480469,32.34540939331055,33.34578323364258,85569691
2008-10-07,38.109466552734375,38.109466552734375,32.4454460144043,34.08415222167969,59410888
2008-10-08,33.059959411621094,33.25050735473633,30.11124038696289,32.2310791015625,56132101
2008-10-10,30.23986053466797,30.4589900970459,26.686153411865234,27.381650924682617,63258604
2008-10-13,27.634126663208008,29.99691390991211,27.634126663208008,28.963193893432617,41660841
2008-10-14,30.33989715576172,31.29739761352539,28.748828887939453,29.05370330810547,40919282
2008-10-15,28.39631462097168,28.39631462097168,25.723888397216797,25.981128692626953,53884051
2008-10-16,24.67111587524414,27.124412536621094,23.818416595458984,25.63814353942871,62836766
2008-10-17,25.733415603637695,26.58135223388672,23.165790557861328,23.589759826660156,64588572
2008-10-20,24.290019989013672,25.666725158691406,23.437320709228516,24.018489837646484,69347086
2008-10-21,24.285255432128906,26.843353271484375,24.247146606445312,26.490842819213867,64932980
2008-10-22,25.423776626586914,26.152620315551758,22.679895401000977,23.346811294555664,50692707
2008-10-23,21.91294288635254,22.389310836791992,19.53110122680664,19.81692123413086,101289302
2008-10-24,19.150005340576172,19.435827255249023,16.496633529663086,16.958711624145508,100667493
2008-10-27,16.682418823242188,17.339805603027344,14.291049003601074,16.034557342529297,82307897
2008-10-29,17.892393112182617,18.3878173828125,16.887256622314453,17.801883697509766,67834884
2008-10-31,18.306833267211914,20.47430992126465,18.306833267211914,19.98365020751953,83875161
2008-11-03,21.24602699279785,21.90341567993164,20.769657135009766,21.493738174438477,60252768
2008-11-04,21.38893699645996,23.389684677124023,20.541000366210938,22.83709716796875,81278473
2008-11-05,23.337284088134766,24.275728225708008,20.217071533203125,20.5648193359375,71997031
2008-11-06,19.912195205688477,19.912195205688477,17.468425750732422,17.725664138793945,124710077
2008-11-07,17.530353546142578,18.611709594726562,16.77292823791504,18.054359436035156,131315774
2008-11-10,18.30207061767578,20.617219924926758,18.30207061767578,20.417146682739258,108548360
2008-11-11,20.131324768066406,20.198015213012695,18.10199546813965,18.206796646118164,99419457
2008-11-12,18.10199546813965,18.43069076538086,17.15878677368164,17.630390167236328,105520272
2008-11-14,18.10199546813965,18.67363739013672,16.196521759033203,16.37754249572754,122997631
2008-11-17,16.539508819580078,16.853910446166992,14.986547470092773,15.844010353088379,136505571
2008-11-18,15.529606819152832,16.339433670043945,15.062766075134277,15.696335792541504,94770439
2008-11-19,16.0059757232666,16.472816467285156,15.243785858154297,15.424805641174316,95336293
2008-11-20,14.767416954040527,15.243785858154297,14.491124153137207,14.977019309997559,76601158
2008-11-21,14.862690925598145,15.672516822814941,14.410140991210938,15.215204238891602,95732184
2008-11-24,13.100128173828125,15.624879837036133,13.100128173828125,14.857927322387695,93891665
2008-11-25,15.529606819152832,15.529606819152832,14.248175621032715,14.357741355895996,68996002
2008-11-26,14.481595993041992,15.034184455871582,13.914717674255371,14.815053939819336,88081812
2008-11-27,14.815053939819336,14.815053939819336,14.815053939819336,14.815053939819336,0
2008-11-28,14.443487167358398,14.662615776062012,14.105264663696289,14.424431800842285,67321699
2008-12-01,14.74836254119873,15.129457473754883,14.438722610473633,14.61497974395752,79153857
2008-12-02,14.291049003601074,14.329158782958984,13.95759105682373,14.17672061920166,37170901
2008-12-03,14.291049003601074,15.834482192993164,14.291049003601074,15.691572189331055,186096338
2008-12-04,15.72015380859375,18.41163444519043,15.434332847595215,17.835229873657227,136184045
2008-12-05,17.625627517700195,17.954320907592773,16.901548385620117,17.38744354248047,119224101
2008-12-08,17.87333869934082,19.526336669921875,17.87333869934082,18.67363739013672,169876178
2008-12-10,18.864185333251953,21.24602699279785,18.768911361694336,20.755367279052734,164388891
2008-12-11,21.017370223999023,21.522319793701172,19.869321823120117,20.74107551574707,133685128
2008-12-12,20.38856315612793,21.141225814819336,19.459644317626953,20.85064125061035,97410486
2008-12-15,21.24602699279785,22.61796760559082,21.150753021240234,21.646175384521484,103585435
2008-12-16,21.493738174438477,21.893888473510742,20.7506046295166,21.43181037902832,84227777
2008-12-17,22.18923568725586,22.18923568725586,20.445728302001953,20.898277282714844,85956482
2008-12-18,20.526710510253906,21.71763038635254,19.55491828918457,21.193626403808594,123288498
2008-12-19,21.150753021240234,22.33214569091797,21.041187286376953,21.82719612121582,87816481
2008-12-22,21.60806655883789,22.556039810180664,21.160280227661133,21.3555908203125,65773674
2008-12-23,21.217443466186523,21.522319793701172,20.426673889160156,21.10311508178711,61130313
2008-12-24,20.960205078125,21.055479049682617,20.11227035522461,20.793476104736328,61293265
2008-12-26,20.864931106567383,21.522319793701172,20.007469177246094,20.198015213012695,61202799
2008-12-29,20.37903594970703,20.660093307495117,19.283388137817383,20.46478271484375,82714075
2008-12-30,20.579111099243164,21.017370223999023,20.15514373779297,20.493364334106445,57465324
2008-12-31,20.67438507080078,21.24602699279785,20.407617568969727,20.693439483642578,64973842
2009-01-02,21.87006950378418,22.45600128173828,21.627120971679688,21.874832153320312,55795156
2009-01-05,22.17970848083496,23.62786865234375,22.160654067993164,23.399211883544922,79015833
2009-01-06,23.3420467376709,24.294784545898438,22.694185256958008,23.537357330322266,78569351
2009-01-07,23.827943801879883,24.837844848632812,21.91294288635254,22.270217895507812,105218373
2009-01-09,21.91294288635254,22.48458480834961,19.835975646972656,20.483837127685547,88071820
2009-01-12,20.274234771728516,20.621984481811523,18.897531509399414,19.06902313232422,73657773
2009-01-13,18.683164596557617,19.81692123413086,18.197269439697266,19.29291534423828,88486541
2009-01-14,19.721647262573242,20.55052947998047,19.578737258911133,20.30281639099121,53422003
2009-01-15,19.626373291015625,19.626373291015625,18.611709594726562,18.835603713989258,79126084
2009-01-16,19.054731369018555,19.81692123413086,18.25443458557129,19.44059181213379,97538308
2009-01-19,19.435827255249023,20.140851974487305,19.254806518554688,19.869321823120117,54706219
2009-01-20,19.44059181213379,19.473936080932617,18.3878173828125,18.583127975463867,87087959
2009-01-21,18.306833267211914,18.473562240600586,17.911447525024414,17.997194290161133,65045635
2009-01-22,18.37828826904297,18.483089447021484,16.877729415893555,17.077804565429688,78021288
2009-01-23,17.053985595703125,17.149259567260742,15.724918365478516,15.844010353088379,77925584
2009-01-27,16.196521759033203,16.83009147644043,16.10124969482422,16.382305145263672,66901625
2009-01-28,16.67289161682129,17.215951919555664,15.915465354919434,16.882492065429688,165631469
2009-01-29,16.86343765258789,17.768537521362305,16.86343765258789,17.501771926879883,125771545
2009-01-30,17.616100311279297,17.944793701171875,16.768163681030273,17.5875186920166,90332959
2009-02-02,17.425552368164062,17.43507957458496,16.306087493896484,16.434707641601562,49887836
2009-02-03,16.76340103149414,16.901548385620117,15.967865943908691,16.26797866821289,60089690
2009-02-04,16.387069702148438,17.24453353881836,16.387069702148438,17.106386184692383,71578426
2009-02-05,17.206422805786133,17.94955825805664,17.163549423217773,17.320751190185547,85931490
2009-02-06,17.530353546142578,17.892393112182617,17.339805603027344,17.768537521362305,42675675
2009-02-09,17.892393112182617,19.13571548461914,17.887630462646484,19.021387100219727,85053651
2009-02-10,19.007095336914062,19.42153549194336,18.51167106628418,18.754619598388672,99907241
2009-02-11,18.297306060791016,18.449745178222656,17.825702667236328,18.116287231445312,74998469
2009-02-12,17.95908546447754,18.3878173828125,17.56369972229004,17.68279266357422,56738932
2009-02-13,17.81617546081543,18.67363739013672,17.81617546081543,18.49738121032715,64582096
2009-02-16,18.154396057128906,18.759384155273438,17.43507957458496,17.544645309448242,64356483
2009-02-17,17.339805603027344,17.37791633605957,16.215576171875,16.353723526000977,63045964
2009-02-18,16.282268524169922,16.668127059936523,16.010738372802734,16.26797866821289,65536096
2009-02-19,16.482343673706055,16.691944122314453,16.044084548950195,16.429943084716797,52569700
2009-02-20,16.19175910949707,16.358488082885742,15.820191383361816,16.0155029296875,43335291
2009-02-24,15.72015380859375,15.815427780151367,15.091347694396973,15.315240859985352,85780252
2009-02-25,16.0059757232666,16.0059757232666,15.215204238891602,15.472442626953125,52478626
2009-02-26,15.624879837036133,15.767790794372559,15.153276443481445,15.534370422363281,54880318
2009-02-27,15.57724380493164,16.701473236083984,14.876981735229492,16.463289260864258,152702125
2009-03-02,16.215576171875,16.26797866821289,14.96749210357666,15.153276443481445,92088848
2009-03-03,15.196148872375488,15.467679023742676,14.67690658569336,14.79123592376709,75762699
2009-03-04,15.115165710449219,15.520078659057617,14.67690658569336,14.9246187210083,128824005
2009-03-05,15.520078659057617,15.520078659057617,14.35297679901123,14.462541580200195,105728210
2009-03-06,14.291049003601074,15.22949504852295,14.167193412780762,14.9341459274292,72574704
2009-03-09,14.772180557250977,15.162802696228027,14.400613784790039,14.514942169189453,61177472
2009-03-12,15.134221076965332,15.134221076965332,14.672143936157227,14.853163719177246,57233266
2009-03-13,15.215204238891602,15.982156753540039,15.053237915039062,15.910700798034668,94777524
2009-03-16,16.091720581054688,16.33466911315918,15.472442626953125,16.07266616821289,69863892
2009-03-17,16.663362503051758,16.715763092041016,15.910700798034668,16.063138961791992,87231052
2009-03-18,16.6014347076416,17.182605743408203,16.263214111328125,16.8158016204834,90726960
2009-03-19,16.93965721130371,17.29216957092285,16.163177490234375,16.47757911682129,92811419
2009-03-20,16.196521759033203,17.044458389282227,16.10124969482422,16.791982650756836,89690315
2009-03-23,17.320751190185547,18.668874740600586,16.9968204498291,18.52120018005371,135696796
2009-03-24,18.864185333251953,19.373899459838867,17.725664138793945,17.849519729614258,152479314
2009-03-25,17.892393112182617,18.764148712158203,17.315988540649414,18.554546356201172,157250433
2009-03-26,18.864185333251953,19.71688461303711,18.768911361694336,19.573974609375,146203131
2009-03-27,19.659719467163086,21.655702590942383,19.626373291015625,21.26508140563965,197916656
2009-03-30,20.483837127685547,21.055479049682617,18.325889587402344,18.70698356628418,167604155
2009-03-31,18.95945930480957,20.198015213012695,18.640291213989258,19.616846084594727,172648466
2009-04-01,19.726411819458008,20.33139991760254,19.335790634155273,19.988414764404297,125074469
2009-04-02,20.483837127685547,21.946287155151367,20.436199188232422,21.44610023498535,143350642
2009-04-06,21.908178329467773,22.832332611083984,21.722394943237305,22.45123863220215,142021062
2009-04-08,21.44610023498535,23.389684677124023,21.06977081298828,23.15626335144043,127102249
2009-04-09,23.623104095458984,25.32373809814453,22.865678787231445,24.875953674316406,194817499
2009-04-13,25.542869567871094,27.576961517333984,25.34279441833496,26.976736068725586,185490367
2009-04-15,27.629362106323242,28.367733001708984,25.257047653198242,27.91518211364746,190335715
2009-04-16,28.486825942993164,28.486825942993164,25.247520446777344,25.63814353942871,199882939
2009-04-17,26.662334442138672,27.391178131103516,24.15663719177246,24.599660873413086,200752098
2009-04-20,25.152246475219727,25.59526824951172,24.399585723876953,25.02362632751465,124153816
2009-04-21,24.008962631225586,24.67111587524414,23.075281143188477,23.265827178955078,168868618
2009-04-22,22.68465805053711,24.556785583496094,22.603675842285156,22.951425552368164,119961524
2009-04-23,23.246774673461914,25.376140594482422,22.737058639526367,25.042682647705078,174487705
2009-04-24,25.171302795410156,25.91443634033203,24.451984405517578,24.88071632385254,160518860
2009-04-27,24.675878524780273,25.580978393554688,23.918453216552734,24.175691604614258,142565378
2009-04-28,24.313838958740234,24.523441314697266,22.103490829467773,22.327383041381836,125184961
2009-04-29,22.579858779907227,23.208663940429688,21.865304946899414,22.68465805053711,176959070
2009-04-30,22.68465805053711,22.68465805053711,22.68465805053711,22.68465805053711,0
2009-05-04,23.3420467376709,25.185592651367188,23.246774673461914,25.07602882385254,132248582
2009-05-05,25.428539276123047,27.51979637145996,25.19988441467285,27.262557983398438,175956222
2009-05-06,27.34354019165039,27.581724166870117,25.552396774291992,25.79058074951172,145856687
2009-05-07,26.20025634765625,28.391550064086914,25.91443634033203,28.04380226135254,218120749
2009-05-08,28.553516387939453,28.853628158569336,26.690916061401367,26.90528106689453,191309793
2009-05-11,27.172048568725586,27.515033721923828,25.457122802734375,25.785816192626953,178300773
2009-05-12,25.447595596313477,26.433677673339844,24.590131759643555,26.25265884399414,156712646
2009-05-13,26.438440322875977,26.467023849487305,24.99028205871582,25.185592651367188,159975426
2009-05-14,24.580604553222656,25.60479736328125,23.951799392700195,25.195119857788086,150575073
2009-05-15,25.438068389892578,26.238367080688477,25.361848831176758,25.91443634033203,106010512
2009-05-18,30.487571716308594,30.963939666748047,28.677371978759766,30.320842742919922,693276
2009-05-19,31.440309524536133,33.44105529785156,28.58209991455078,31.392671585083008,238501428
2009-05-20,30.963939666748047,36.10871887207031,30.963939666748047,35.3941650390625,261281165
2009-05-21,34.87015914916992,36.923309326171875,34.03175354003906,34.836814880371094,189956953
2009-05-22,34.39379119873047,35.63235092163086,33.550621032714844,34.64626693725586,128883444
2009-05-25,34.63197708129883,35.88958740234375,34.441429138183594,35.132164001464844,84118282
2009-05-26,35.89911651611328,35.98486328125,34.0269889831543,34.47477340698242,88463250
2009-05-27,35.53231430053711,36.089664459228516,34.88921356201172,35.584712982177734,90867178
2009-05-28,36.089664459228516,37.14720153808594,35.11310958862305,36.66130447387695,149211664
2009-05-29,37.14720153808594,39.31944274902344,36.68035888671875,38.619178771972656,127391468
2009-06-01,40.01493835449219,42.56827163696289,39.08125686645508,41.853721618652344,130073154
2009-06-02,42.38725280761719,46.09339904785156,41.5393180847168,45.20735168457031,184863615
2009-06-03,47.52250289916992,47.52250289916992,45.57415771484375,46.503074645996094,160582088
2009-06-04,46.39827346801758,46.39827346801758,44.08312225341797,44.84054946899414,118055625
2009-06-05,45.25498962402344,45.874267578125,43.84970474243164,44.197452545166016,107802834
2009-06-08,44.58807373046875,44.778621673583984,38.985984802246094,39.67671585083008,146202574
2009-06-09,37.91891860961914,42.73976516723633,37.91891860961914,41.74892044067383,131875509
2009-06-10,42.84933090209961,44.183162689208984,41.33448028564453,41.853721618652344,118838989
2009-06-11,42.39677810668945,43.71155548095703,41.682228088378906,43.111331939697266,100116995
2009-06-12,43.75442886352539,44.96916961669922,43.0875129699707,43.61151885986328,148940687
2009-06-15,42.96365737915039,43.349517822265625,40.977203369140625,41.329715728759766,84631278
2009-06-16,40.396034240722656,43.42573547363281,39.07649230957031,42.93983840942383,139920230
2009-06-17,42.649253845214844,43.054168701171875,39.1717643737793,39.72911834716797,130551229
2009-06-18,39.538570404052734,40.05304718017578,36.137298583984375,36.9947624206543,168880226
2009-06-19,37.44255065917969,39.53380584716797,37.361568450927734,39.30514907836914,150530245
2009-06-22,40.01493835449219,40.19595718383789,38.1428108215332,38.37146759033203,112301453
2009-06-23,37.1567268371582,38.58583450317383,36.53744888305664,38.14757537841797,130661029
2009-06-24,38.3762321472168,39.00503921508789,37.361568450927734,38.77638244628906,93116823
2009-06-25,38.96692657470703,39.443294525146484,37.49494934082031,38.09517288208008,142788283
2009-06-26,38.109466552734375,38.395286560058594,36.20875549316406,37.01858139038086,182921725
2009-06-29,37.34727478027344,38.52866744995117,36.442176818847656,37.89509963989258,95630026
2009-06-30,38.109466552734375,39.243221282958984,36.84708786010742,37.21865463256836,135837307
2009-07-01,37.34727478027344,37.957027435302734,36.30402755737305,37.72360610961914,91883408
2009-07-02,38.58583450317383,40.84381866455078,37.86651611328125,40.05304718017578,179841545
2009-07-03,38.58583450317383,42.206233978271484,38.20473861694336,41.725101470947266,190430442
2009-07-06,41.15822219848633,41.61077117919922,37.25200271606445,37.78076934814453,135862823
2009-07-07,38.13328552246094,38.58583450317383,36.68035888671875,37.77600860595703,112945797
2009-07-08,37.07098388671875,37.43778610229492,34.298519134521484,34.53670120239258,134609465
2009-07-09,34.47953796386719,35.25125503540039,33.58396530151367,34.68437576293945,116500116
2009-07-10,35.232200622558594,35.85624313354492,32.75508499145508,33.622074127197266,102860691
2009-07-13,32.82177734375,32.96468734741211,31.44983673095703,32.29777145385742,95361358
2009-07-14,32.96468734741211,34.298519134521484,32.8027229309082,34.08891677856445,75222686
2009-07-15,34.72724914550781,36.527923583984375,34.48906707763672,36.289737701416016,86945580
2009-07-16,38.099937438964844,38.47150421142578,36.10871887207031,36.60414123535156,178789491
2009-07-17,38.014190673828125,38.014190673828125,36.727996826171875,37.38062286376953,82103234
2009-07-20,37.9856071472168,38.209503173828125,36.870906829833984,37.27105712890625,101635631
2009-07-21,36.870906829833984,39.5290412902832,35.894351959228516,39.26704025268555,277294772
2009-07-22,39.3480224609375,40.43414306640625,37.5854606628418,38.04753875732422,206235639
2009-07-23,38.395286560058594,39.900611877441406,38.395286560058594,39.610023498535156,126612208
2009-07-24,40.01493835449219,42.39677810668945,39.92919158935547,42.15859603881836,155436154
2009-07-27,42.472999572753906,43.90686798095703,42.13001251220703,43.71155548095703,127033636
2009-07-28,44.06406784057617,45.23593521118164,42.744529724121094,44.892948150634766,152682917
2009-07-29,44.52138137817383,44.8643684387207,40.60563659667969,42.14430618286133,229121932
2009-07-30,41.44404220581055,43.54006576538086,40.14832305908203,43.07798767089844,203707311
2009-07-31,44.297489166259766,44.85483932495117,43.38286209106445,44.04977798461914,133889612
2009-08-03,44.31654357910156,46.39827346801758,44.30225372314453,46.22677993774414,116152591
2009-08-04,46.474491119384766,46.87464141845703,44.683349609375,45.28833770751953,134340891
2009-08-05,45.44553756713867,45.874267578125,44.087886810302734,45.09302520751953,115301600
2009-08-06,44.56901931762695,45.57891845703125,42.82551193237305,43.29235076904297,140166604
2009-08-07,42.57780075073242,44.15934371948242,42.406307220458984,43.492427825927734,178809130
2009-08-10,44.397525787353516,44.74051284790039,42.58732604980469,43.449554443359375,124030172
2009-08-11,43.44478988647461,44.492801666259766,42.83503723144531,44.12123489379883,100338021
2009-08-12,43.492427825927734,43.92115783691406,41.25349426269531,42.27292251586914,159618622
2009-08-13,42.87314987182617,44.96916961669922,42.854095458984375,44.80244064331055,109860307
2009-08-14,45.0644416809082,45.98383331298828,44.449928283691406,44.77385711669922,124994993
2009-08-17,42.968421936035156,44.17839813232422,41.54884338378906,41.725101470947266,98631401
2009-08-18,41.825138092041016,43.56864547729492,40.981964111328125,43.03511428833008,123551425
2009-08-19,43.063697814941406,43.44478988647461,40.967674255371094,41.324951171875,107391471
2009-08-20,41.44404220581055,42.815982818603516,41.44404220581055,42.11572265625,62774346
2009-08-21,42.110958099365234,42.65401840209961,41.35829544067383,42.39201736450195,74319121
2009-08-24,43.063697814941406,43.82588577270508,43.063697814941406,43.649627685546875,62972187
2009-08-25,43.063697814941406,44.340362548828125,42.896968841552734,43.62104797363281,81258520
2009-08-26,43.959266662597656,44.483272552490234,43.635337829589844,43.844940185546875,70099182
2009-08-27,43.54006576538086,43.635337829589844,40.49130630493164,41.51073455810547,178629552
2009-08-28,41.25349426269531,42.30150604248047,40.20548629760742,41.79179382324219,166185925
2009-08-31,40.967674255371094,41.7203369140625,39.88631820678711,40.41984939575195,146677375
2009-09-01,40.87240219116211,41.34877014160156,39.352787017822266,39.738643646240234,110844010
2009-09-02,39.252750396728516,40.11021041870117,38.82401657104492,39.548095703125,111166764
2009-09-03,40.71996307373047,40.71996307373047,39.733882904052734,40.076866149902344,77752168
2009-09-04,40.186431884765625,41.186805725097656,40.033992767333984,40.991493225097656,90385901
2009-09-07,41.42498779296875,42.23004913330078,41.40116882324219,42.10143280029297,69074817
2009-09-08,42.758819580078125,44.30225372314453,42.3300895690918,43.492427825927734,138641293
2009-09-09,43.349517822265625,44.283199310302734,43.17802429199219,43.887813568115234,92120882
2009-09-10,44.578548431396484,45.25498962402344,43.944976806640625,44.76909255981445,119288327
2009-09-11,45.540809631347656,47.54155731201172,43.97356033325195,44.683349609375,86753145
2009-09-14,44.37847137451172,45.79804992675781,44.34512710571289,45.621795654296875,96452530
2009-09-15,45.52175521850586,47.01755142211914,45.52175521850586,46.91751480102539,86866838
2009-09-16,47.63683319091797,50.866607666015625,47.308135986328125,50.50457000732422,201627818
2009-09-17,51.257232666015625,51.657379150390625,49.36128616333008,49.632816314697266,130655256
2009-09-18,49.08022689819336,50.85708236694336,49.06593704223633,49.337467193603516,116953306
2009-09-22,49.16120910644531,50.171112060546875,48.589569091796875,49.77096176147461,88161561
2009-09-23,49.828125,50.580787658691406,49.36128616333008,49.59946823120117,79045170
2009-09-24,48.603858947753906,49.28030014038086,47.97505187988281,48.842044830322266,102529939
2009-09-25,48.39902114868164,49.00400924682617,47.00326156616211,47.47962951660156,117061741
2009-09-29,48.589569091796875,48.589569091796875,47.83690643310547,48.02268981933594,66741833
2009-09-30,47.92265319824219,49.04688262939453,47.92265319824219,48.537166595458984,58490770
2009-10-01,48.44189453125,49.0564079284668,47.8321418762207,48.66578674316406,90876677
2009-10-05,47.93694305419922,48.379966735839844,47.10329818725586,47.351009368896484,73502053
2009-10-06,48.37520217895508,48.92302703857422,46.93180465698242,48.62767791748047,86324946
2009-10-07,49.26124954223633,50.171112060546875,48.74200439453125,49.24695587158203,90339267
2009-10-08,49.732852935791016,51.29534149169922,49.6471061706543,50.966644287109375,96543647
2009-10-09,51.41919708251953,51.95749282836914,50.3997688293457,50.73798751831055,104419706
2009-10-12,50.84755325317383,52.34334945678711,50.752281188964844,51.9813117980957,76935048
2009-10-13,51.9813117980957,51.9813117980957,51.9813117980957,51.9813117980957,0
2009-10-14,52.305240631103516,54.84904861450195,52.305240631103516,54.42984390258789,92509657
2009-10-15,55.15392303466797,55.77320098876953,54.325042724609375,54.7490119934082,86095828
2009-10-16,54.65850067138672,54.729957580566406,53.57238006591797,53.986820220947266,55716278
2009-10-20,54.14878463745117,55.32065200805664,53.87725830078125,54.79664611816406,62856793
2009-10-21,54.677555084228516,54.80141067504883,52.48149871826172,52.700626373291016,53793732
2009-10-22,52.591060638427734,52.9721565246582,51.38584899902344,51.67643356323242,66209514
2009-10-23,52.49578857421875,52.76255416870117,50.2378044128418,50.46169662475586,64032343
2009-10-26,50.3997688293457,52.71968078613281,50.171112060546875,51.43348693847656,72040663
2009-10-27,51.257232666015625,51.257232666015625,47.12711715698242,47.713050842285156,108533382
2009-10-28,47.63683319091797,47.98934555053711,45.469356536865234,45.8552131652832,132189793
2009-10-29,44.778621673583984,45.4550666809082,44.03548812866211,44.55472946166992,116818106
2009-10-30,45.73135757446289,46.96991729736328,44.30225372314453,44.92629623413086,72063041
2009-11-03,44.397525787353516,45.27880859375,41.925174713134766,42.42536163330078,70859644
2009-11-04,43.54006576538086,44.96916961669922,41.272552490234375,44.683349609375,129380328
2009-11-05,44.635711669921875,46.49354934692383,43.64486312866211,46.27918243408203,102552526
2009-11-06,47.008026123046875,48.30374526977539,46.6840934753418,47.61777877807617,87578892
2009-11-09,47.82737731933594,48.875389099121094,47.746395111083984,48.51334762573242,70098385
2009-11-10,49.0564079284668,49.227901458740234,47.63683319091797,48.07985305786133,80059532
2009-11-11,48.39902114868164,50.44740676879883,48.00363540649414,50.16634750366211,74691868
2009-11-12,49.92340087890625,49.92340087890625,48.33232879638672,48.78487777709961,96347065
2009-11-13,48.78011703491211,50.018672943115234,48.11320114135742,49.61376190185547,73574361
2009-11-16,50.13300323486328,51.84792709350586,50.13300323486328,51.119083404541016,76214020
2009-11-17,51.447776794433594,51.90509033203125,50.54267883300781,51.33345031738281,69367343
2009-11-18,51.63832473754883,52.46720504760742,50.0234375,52.152801513671875,101314398
2009-11-19,51.92414474487305,52.94357681274414,50.73322677612305,51.176246643066406,110954303
2009-11-20,50.68558883666992,52.87688446044922,49.92340087890625,52.68157196044922,96981302
2009-11-23,52.591060638427734,54.9681396484375,52.400516510009766,54.59657287597656,100148315
2009-11-24,55.06817626953125,55.158687591552734,52.95786666870117,53.22939682006836,112438102
2009-11-25,53.543800354003906,54.39649963378906,53.06742858886719,53.64860153198242,58016914
2009-11-26,53.734344482421875,54.10591125488281,50.33784103393555,51.800289154052734,188335403
2009-11-27,50.018672943115234,52.743499755859375,49.25648498535156,51.909854888916016,135729029
2009-11-30,52.400516510009766,55.44927215576172,50.652244567871094,55.1825065612793,149173154
2009-12-01,56.154296875,56.287681579589844,54.69184494018555,55.41592788696289,98519481
2009-12-02,55.83036804199219,56.344844818115234,54.51559066772461,54.763301849365234,90394822
2009-12-03,54.98242950439453,56.21146011352539,54.69660949707031,55.60171127319336,80145138
2009-12-04,54.877628326416016,55.63982009887695,54.46318817138672,54.872867584228516,76970326
2009-12-07,54.30598831176758,54.7728271484375,52.71491622924805,52.95786666870117,71442807
2009-12-08,52.400516510009766,54.3917350769043,52.400516510009766,54.13449478149414,82199389
2009-12-09,53.734344482421875,53.734344482421875,51.59545135498047,51.91461944580078,113748863
2009-12-10,52.400516510009766,53.02455520629883,51.56210708618164,52.30047607421875,93432430
2009-12-11,53.324668884277344,53.324668884277344,51.10955810546875,52.07181930541992,98245932
2009-12-14,52.07181930541992,52.686336517333984,51.37632369995117,51.87651062011719,68734367
2009-12-15,52.400516510009766,53.06742858886719,51.82887268066406,52.06705856323242,69577517
2009-12-16,52.11469268798828,53.3865966796875,51.700252532958984,53.129356384277344,95754709
2009-12-17,52.9721565246582,54.20118713378906,52.9721565246582,53.75340270996094,88746539
2009-12-18,53.543800354003906,54.54417037963867,53.24368667602539,53.66289138793945,85674683
2009-12-21,54.02016830444336,54.425079345703125,52.686336517333984,52.96262741088867,71318974
2009-12-22,54.115440368652344,55.29683303833008,53.21034240722656,54.99195861816406,79276566
2009-12-23,55.35399627685547,57.773948669433594,54.972904205322266,57.55005645751953,109031379
2009-12-24,57.9549674987793,58.912471771240234,56.97365188598633,58.65046691894531,102210270
2009-12-29,58.731449127197266,59.82233428955078,58.731449127197266,59.26498031616211,80183029
2009-12-30,59.069671630859375,59.708003997802734,58.364646911621094,58.574249267578125,76718630
2009-12-31,58.84577941894531,59.44123840332031,58.36941146850586,58.85054016113281,80477664
2010-01-04,59.26021957397461,60.641685485839844,58.774322509765625,60.37968444824219,58460615
2010-01-05,60.836997985839844,62.385196685791016,60.836997985839844,61.84213638305664,81889733
2010-01-06,62.880619049072266,62.880619049072266,60.68932342529297,61.17045593261719,77150753
2010-01-07,61.441986083984375,62.19464874267578,60.98467254638672,61.9088249206543,80144960
2010-01-08,62.023155212402344,63.023529052734375,61.060890197753906,61.780208587646484,86063510
2010-01-11,61.927879333496094,62.48999786376953,61.4705696105957,61.784969329833984,69701832
2010-01-12,61.1180534362793,61.80878829956055,59.43647384643555,59.59843826293945,71713280
2010-01-13,58.59330368041992,61.146636962890625,58.59330368041992,60.903690338134766,108267579
2010-01-14,61.42769241333008,62.04220962524414,61.12281799316406,61.7087516784668,69719623
2010-01-15,61.927879333496094,62.01839065551758,60.97514343261719,61.46580505371094,45054843
2010-01-18,61.16569137573242,61.16569137573242,60.09386444091797,60.736961364746094,62440445
2010-01-19,60.594051361083984,61.5086784362793,60.212955474853516,60.751251220703125,52644632
2010-01-20,60.78459548950195,62.63290786743164,60.78459548950195,62.2803955078125,83223827
2010-01-21,61.880245208740234,62.83298110961914,61.189510345458984,61.737335205078125,114584655
2010-01-22,61.0799446105957,61.0799446105957,58.783851623535156,59.50316619873047,92159151
2010-01-25,59.069671630859375,59.61273193359375,57.82158660888672,58.10740661621094,55929884
2010-01-27,57.15467071533203,57.70725631713867,52.71015548706055,53.31990432739258,114462197
2010-01-28,53.92489242553711,56.154296875,53.829620361328125,55.77320098876953,132070852
2010-01-29,55.06817626953125,55.35399627685547,52.56248092651367,54.22024154663086,121650868
2010-02-01,53.35325241088867,55.71603775024414,53.15793991088867,55.24443435668945,72603684
2010-02-02,55.73509216308594,56.64971923828125,54.367916107177734,54.620391845703125,96492646
2010-02-03,55.06817626953125,57.50718307495117,54.98242950439453,57.202308654785156,94742656
2010-02-04,56.783103942871094,56.783103942871094,54.68708419799805,55.03959655761719,73042031
2010-02-05,51.447776794433594,53.49616241455078,51.447776794433594,52.4195671081543,92254675
2010-02-08,52.400516510009766,53.915367126464844,50.314022064208984,50.86184310913086,149715255
2010-02-09,50.59031677246094,51.657379150390625,50.49504089355469,50.8332633972168,77117827
2010-02-10,51.06668472290039,51.895565032958984,49.47561264038086,49.775726318359375,72714050
2010-02-11,50.0043830871582,51.29057693481445,50.0043830871582,50.87137222290039,67435025
2010-02-15,51.2095947265625,51.87651062011719,50.55220413208008,51.43825149536133,76216833
2010-02-16,51.63832473754883,52.591060638427734,51.45254135131836,52.41004180908203,67436264
2010-02-17,51.93367385864258,55.85894775390625,51.93367385864258,55.67316436767578,100638356
2010-02-18,55.63982009887695,55.92564010620117,54.315513610839844,54.9871940612793,51247268
2010-02-19,54.115440368652344,54.534645080566406,53.02455520629883,53.424705505371094,79509359
2010-02-22,54.115440368652344,55.29683303833008,54.02016830444336,54.567989349365234,60442820
2010-02-23,54.029693603515625,55.29683303833008,53.83914566040039,54.829994201660156,59777684
2010-02-24,54.49653625488281,54.763301849365234,53.691471099853516,54.04874801635742,54013803
2010-02-25,54.21071243286133,54.68708419799805,53.35801315307617,54.23453140258789,45827281
2010-02-26,54.30598831176758,56.43059158325195,53.734344482421875,54.720428466796875,57457137
2010-03-02,55.368289947509766,58.18838882446289,55.368289947509766,58.01213455200195,70037812
2010-03-03,58.11693572998047,58.81243133544922,57.573875427246094,57.94544219970703,65223764
2010-03-04,58.11693572998047,59.126834869384766,57.45954513549805,58.83625030517578,76708795
2010-03-05,59.069671630859375,59.78422546386719,58.688575744628906,58.88865280151367,48593292
2010-03-08,59.41741943359375,59.83185958862305,58.760032653808594,59.23640060424805,45969692
2010-03-09,59.069671630859375,59.29356384277344,58.21220779418945,58.564720153808594,39470151
2010-03-10,58.69334030151367,59.04108810424805,57.402381896972656,58.3265380859375,37101522
2010-03-11,58.3074836730957,58.59330368041992,57.39285659790039,57.9549674987793,35099332
2010-03-12,58.11693572998047,58.488502502441406,57.51194763183594,57.883514404296875,42020594
2010-03-15,57.65962219238281,58.774322509765625,57.55958557128906,58.12169647216797,35664147
2010-03-16,58.20268249511719,60.11768341064453,57.9502067565918,59.75564193725586,46839187
2010-03-17,51.06668472290039,61.30860137939453,51.06668472290039,60.22248458862305,60062999
2010-03-18,60.498775482177734,61.132347106933594,60.03193664550781,60.89892578125,42724073
2010-03-19,61.02278137207031,61.499149322509766,60.62739562988281,61.38005828857422,36154030
2010-03-22,60.608341217041016,61.32765579223633,59.70323944091797,59.9318962097168,40374830
2010-03-23,60.212955474853516,60.99896240234375,59.8890266418457,60.77983474731445,39673429
2010-03-25,60.68932342529297,61.060890197753906,59.50316619873047,60.803653717041016,44968051
2010-03-26,60.97514343261719,61.927879333496094,60.62263107299805,61.36576843261719,38550348
2010-03-29,60.95608901977539,62.00886535644531,60.63216018676758,61.3133659362793,26806599
2010-03-30,61.45151138305664,61.927879333496094,60.22248458862305,60.47495651245117,31669916
2010-03-31,60.498775482177734,60.937034606933594,59.650840759277344,60.21772003173828,41394419
2010-04-01,60.594051361083984,62.30897521972656,60.51782989501953,62.137481689453125,44671662
2010-04-05,62.42330551147461,64.76703643798828,62.42330551147461,64.64318084716797,63183830
2010-04-06,64.92900085449219,66.2056655883789,64.11917877197266,65.51016998291016,61411294
2010-04-07,65.73883056640625,66.0055923461914,64.54790496826172,65.32438659667969,41024579
2010-04-08,64.78609466552734,70.40723419189453,63.661861419677734,63.95244598388672,40836594
2010-04-09,64.21444702148438,65.35773468017578,63.94768142700195,64.4240493774414,33147239
2010-04-12,64.59554290771484,65.58638763427734,63.8809928894043,65.19100189208984,43082241
2010-04-13,65.0195083618164,66.0722885131836,64.36212158203125,65.92461395263672,54701968
2010-04-15,66.30094146728516,66.81542205810547,64.60507202148438,65.36726379394531,55101659
2010-04-16,65.16718292236328,66.52960205078125,64.40499877929688,66.28189086914062,45323836
2010-04-19,65.04332733154297,65.54827880859375,63.114036560058594,63.814300537109375,66863514
2010-04-20,64.11917877197266,65.26245880126953,63.40462112426758,63.914337158203125,46050616
2010-04-21,64.12870025634766,64.76703643798828,63.42367935180664,63.72378921508789,32931293
2010-04-22,63.366512298583984,64.16204833984375,61.89929962158203,62.432830810546875,68764396
2010-04-23,62.4995231628418,63.137855529785156,61.26572799682617,61.77067947387695,67122977
2010-04-26,61.927879333496094,63.32840347290039,61.927879333496094,62.58050537109375,44468700
2010-04-27,62.41377639770508,62.6614875793457,61.58013153076172,61.689697265625,38305192
2010-04-28,61.356239318847656,61.356239318847656,59.29356384277344,59.48411178588867,53504292
2010-04-29,59.83185958862305,61.032310485839844,59.66989517211914,60.27488327026367,54895600
2010-04-30,61.02278137207031,61.356239318847656,58.59330368041992,58.960105895996094,78450945
2010-05-03,58.11693572998047,58.86483383178711,57.545291900634766,57.83587646484375,57489202
2010-05-04,57.83111572265625,60.00811767578125,54.510826110839844,55.05388641357422,91443465
2010-05-05,54.30598831176758,55.01101303100586,52.94357681274414,54.60133743286133,123134542
2010-05-06,54.5918083190918,55.24919509887695,53.46757888793945,54.86810302734375,84530421
2010-05-07,53.35325241088867,54.21071243286133,52.633934020996094,53.196048736572266,74479700
2010-05-10,57.05939865112305,57.73583984375,53.734344482421875,57.302345275878906,80316843
2010-05-11,57.640567779541016,58.00260543823242,55.1634521484375,55.454036712646484,95626856
2010-05-12,55.44927215576172,56.020912170410156,54.49653625488281,55.68269348144531,67048728
2010-05-13,55.73509216308594,56.55921173095703,54.45366287231445,54.79188537597656,58111504
2010-05-14,54.68708419799805,54.68708419799805,51.97178268432617,52.205204010009766,85005442
2010-05-17,50.73798751831055,51.52399826049805,49.828125,51.10002899169922,115249760
2010-05-18,51.33345031738281,51.571632385253906,50.256858825683594,50.523624420166016,98708788
2010-05-19,50.018672943115234,50.44740676879883,48.6229133605957,48.82775115966797,113781201
2010-05-20,49.06593704223633,49.732852935791016,48.01792526245117,48.41331100463867,92988383
2010-05-21,47.39864730834961,48.875389099121094,46.426856994628906,48.51811218261719,129421578
2010-05-24,49.16120910644531,49.92340087890625,47.16999053955078,47.73686981201172,70739548
2010-05-25,47.16046142578125,47.16046142578125,45.183536529541016,45.41218948364258,115377750
2010-05-26,45.540809631347656,47.460575103759766,45.4550666809082,46.15532684326172,134210488
2010-05-27,46.01717758178711,47.38911819458008,45.116844177246094,46.907989501953125,195005274
2010-05-28,47.63683319091797,48.446659088134766,46.68885803222656,47.33671951293945,153497329
2010-05-31,47.33671951293945,47.90835952758789,46.326820373535156,47.703521728515625,95833629
2010-06-01,47.63683319091797,48.379966735839844,45.44553756713867,45.73135757446289,120922640
2010-06-02,46.207725524902344,46.38874816894531,45.38837432861328,46.14103317260742,104347419
2010-06-03,46.69362258911133,47.13188171386719,46.04099655151367,46.2839469909668,99276332
2010-06-04,46.160091400146484,46.6840934753418,45.59321212768555,46.231544494628906,86411802
2010-06-07,44.87389373779297,44.87389373779297,43.58769989013672,44.030723571777344,87594426
2010-06-08,44.230796813964844,44.483272552490234,42.78740310668945,43.00653076171875,94488871
2010-06-09,43.15896987915039,44.426109313964844,42.9255485534668,44.11647033691406,116357076
2010-06-10,44.66429138183594,45.0977897644043,43.606754302978516,44.91676712036133,81094666
2010-06-11,45.25498962402344,45.57891845703125,44.84054946899414,45.12160873413086,72959721
2010-06-14,45.35979080200195,46.34111022949219,45.30738830566406,46.131507873535156,56467850
2010-06-15,46.131507873535156,47.0413703918457,45.79328536987305,46.865116119384766,63071931
2010-06-16,47.16999053955078,47.446285247802734,46.09339904785156,46.260128021240234,70320398
2010-06-17,46.303001403808594,46.39350891113281,45.39313888549805,45.821868896484375,80697148
2010-06-18,45.979068756103516,46.34111022949219,44.892948150634766,45.13589859008789,63044725
2010-06-21,45.74088668823242,48.251346588134766,45.74088668823242,48.094146728515625,108694748
2010-06-22,48.39902114868164,48.39902114868164,46.90322494506836,47.06995391845703,75718154
2010-06-23,46.77936935424805,47.80832290649414,46.63169479370117,47.40817642211914,84731474
2010-06-24,47.446285247802734,48.25611114501953,47.16046142578125,47.48439407348633,94390397
2010-06-25,47.446285247802734,47.81785202026367,46.52212905883789,46.68885803222656,62896877
2010-06-28,46.712677001953125,47.79403305053711,46.712677001953125,47.646358489990234,43474763
2010-06-29,47.61777877807617,47.63683319091797,45.73135757446289,45.88379669189453,71452505
2010-06-30,44.788150787353516,46.44114685058594,44.788150787353516,46.2696533203125,62437600
2010-07-01,46.08386993408203,46.303001403808594,44.99298858642578,45.25498962402344,52153300
2010-07-02,45.26451873779297,45.82663345336914,44.888187408447266,45.25022506713867,56401850
2010-07-05,45.35026550292969,45.35979080200195,44.778621673583984,44.945350646972656,26618720
2010-07-06,45.0644416809082,45.91714096069336,44.59760284423828,45.769466400146484,55621729
2010-07-07,46.11245346069336,46.11245346069336,45.11207962036133,45.24546432495117,79492807
2010-07-08,46.11245346069336,46.57929229736328,45.55033874511719,46.18390655517578,55717212
2010-07-09,46.56500244140625,47.4367561340332,46.35063552856445,47.250972747802734,66962502
2010-07-12,47.16046142578125,48.208473205566406,46.827003479003906,47.42246627807617,80987207
2010-07-13,47.17951965332031,48.81346130371094,47.16046142578125,48.47523880004883,81575544
2010-07-14,49.06593704223633,49.494667053222656,48.01792526245117,48.19894790649414,71352141
2010-07-15,48.30374526977539,49.25648498535156,48.21800231933594,48.85157012939453,78717209
2010-07-16,48.97066116333008,49.35175704956055,48.30374526977539,48.47047424316406,42836013
2010-07-19,47.82737731933594,48.98971939086914,47.82737731933594,48.71342468261719,42551024
2010-07-20,49.06593704223633,49.48514175415039,48.13701629638672,48.52764129638672,53786847
2010-07-21,49.35175704956055,50.71893310546875,48.699134826660156,50.57602310180664,116351397
2010-07-22,50.49504089355469,51.67643356323242,49.75667190551758,51.52876281738281,111839122
2010-07-23,51.543052673339844,52.29571533203125,50.82849884033203,51.0333366394043,70279683
2010-07-26,51.08573913574219,51.53828811645508,43.82588577270508,50.723697662353516,47804900
2010-07-27,51.447776794433594,51.63832473754883,50.13300323486328,50.480751037597656,55504058
2010-07-28,50.50457000732422,51.3906135559082,50.423587799072266,50.74275207519531,51186212
2010-07-29,50.59031677246094,51.11431884765625,50.24732971191406,50.79039001464844,42287110
2010-07-30,50.49504089355469,51.809818267822266,50.49504089355469,51.161956787109375,58903801
2010-08-02,42.87314987182617,52.28618621826172,42.87314987182617,52.138511657714844,40540867
2010-08-03,52.400516510009766,52.51960754394531,51.752655029296875,52.11469268798828,44176741
2010-08-04,52.11469268798828,52.390987396240234,51.171485900878906,51.500179290771484,26217140
2010-08-05,51.87174606323242,52.11469268798828,51.16672134399414,51.28104782104492,29274186
2010-08-06,51.247703552246094,51.89080047607422,50.44740676879883,50.6379508972168,34298775
2010-08-09,50.876136779785156,51.63832473754883,50.60460662841797,51.457305908203125,26467251
2010-08-10,51.543052673339844,52.71491622924805,50.84278869628906,51.10002899169922,76355770
2010-08-11,51.257232666015625,52.190914154052734,49.4136848449707,49.566123962402344,88011089
2010-08-12,49.35175704956055,50.59031677246094,48.351383209228516,49.537540435791016,127290034
2010-08-13,51.447776794433594,51.447776794433594,49.90434646606445,50.228275299072266,82309640
2010-08-16,50.31878662109375,51.147666931152344,49.06593704223633,49.33270263671875,79233197
2010-08-17,49.427974700927734,49.90434646606445,48.703895568847656,48.932552337646484,75989247
2010-08-18,49.06593704223633,49.823360443115234,49.00400924682617,49.71855926513672,58597190
2010-08-19,49.71855926513672,50.44264221191406,49.38986587524414,49.76143264770508,49049630
2010-08-20,49.54230499267578,49.818599700927734,49.26124954223633,49.437503814697266,46480693
2010-08-23,49.54230499267578,50.19016647338867,49.50896072387695,49.689979553222656,46916480
2010-08-24,49.689979553222656,50.10441970825195,48.62767791748047,48.946842193603516,45887129
2010-08-25,48.68484115600586,48.875389099121094,46.96991729736328,47.351009368896484,95974402
2010-08-26,47.63683319091797,48.094146728515625,47.351009368896484,47.813087463378906,62397768
2010-08-27,48.11320114135742,49.732852935791016,47.82737731933594,48.603858947753906,99182623
2010-08-30,49.637577056884766,50.4378776550293,49.55659484863281,50.29496765136719,80154280
2010-08-31,49.932926177978516,50.271148681640625,49.11833572387695,49.79954528808594,76185733
2010-09-01,50.113948822021484,51.35250473022461,50.085365295410156,51.25246810913086,79756741
2010-09-02,51.63832473754883,52.11469268798828,51.457305908203125,51.83363723754883,62561066
2010-09-03,51.92414474487305,52.0194206237793,51.10002899169922,51.53828811645508,37492092
2010-09-06,51.82887268066406,55.03483200073242,51.743125915527344,54.84904861450195,166248114
2010-09-07,54.610862731933594,55.68269348144531,54.32980728149414,54.91573715209961,92089488
2010-09-08,54.49653625488281,55.88276672363281,54.10591125488281,55.315887451171875,85601599
2010-09-09,55.5445442199707,56.84503173828125,54.7871208190918,56.55921173095703,89099134
2010-09-13,57.06892395019531,57.80253219604492,56.7259407043457,57.30710983276367,78745738
2010-09-14,57.58340072631836,58.674285888671875,56.697357177734375,56.86885070800781,82144925
2010-09-15,57.16419982910156,58.093116760253906,57.01176071166992,57.5167121887207,75721418
2010-09-16,57.82158660888672,58.183624267578125,56.411537170410156,56.72117614746094,73781176
2010-09-17,56.91172409057617,58.521846771240234,56.91172409057617,57.62151336669922,103258755
2010-09-20,57.826351165771484,59.25069046020508,57.697731018066406,58.87912368774414,87497369
2010-09-21,59.08872604370117,59.42694854736328,58.16456985473633,58.62664794921875,72225657
2010-09-22,58.97439956665039,59.860443115234375,58.44086456298828,58.960105895996094,80251369
2010-09-23,59.16494369506836,59.4984016418457,58.3074836730957,59.40312957763672,70755618
2010-09-24,59.54603958129883,60.39397430419922,59.450767517089844,60.017642974853516,61453824
2010-09-27,60.54641342163086,61.880245208740234,60.42255783081055,61.53725814819336,75373987
2010-09-28,61.45151138305664,62.48999786376953,61.16569137573242,62.0850830078125,71986965
2010-09-29,61.946937561035156,63.32840347290039,61.946937561035156,62.223228454589844,74615016
2010-09-30,62.21370315551758,62.69007110595703,61.17522048950195,62.1041374206543,79557546
2010-10-01,62.26133728027344,64.23826599121094,62.26133728027344,63.62375259399414,84295340
2010-10-04,64.0239028930664,64.84325408935547,63.4856071472168,63.804771423339844,55818783
2010-10-05,64.0239028930664,64.54790496826172,63.4713134765625,63.676151275634766,41875297
2010-10-06,64.20968627929688,65.26245880126953,63.93815612792969,64.6193618774414,58252929
2010-10-07,64.78609466552734,64.97663879394531,61.651588439941406,61.89929962158203,80930791
2010-10-08,62.39948654174805,62.78057861328125,59.00297927856445,59.69847869873047,164344849
2010-10-11,61.42769241333008,61.42769241333008,60.14149856567383,60.98467254638672,49075461
2010-10-12,61.07041931152344,61.16569137573242,59.54603958129883,60.341575622558594,48329945
2010-10-13,60.651214599609375,60.97514343261719,60.16531753540039,60.77030563354492,74212544
2010-10-14,61.037071228027344,62.823455810546875,61.037071228027344,62.16606521606445,83963769
2010-10-15,61.5086784362793,62.74723434448242,60.1272087097168,60.57975769042969,47962257
2010-10-18,62.20417404174805,62.20417404174805,59.54603958129883,61.551551818847656,48942171
2010-10-19,61.93264389038086,62.17082977294922,60.070045471191406,60.3225212097168,48909392
2010-10-20,59.54603958129883,59.974769592285156,58.5075569152832,58.65999221801758,73839691
2010-10-21,58.97916030883789,60.19390106201172,58.86483383178711,59.86996841430664,48854665
2010-10-22,60.212955474853516,60.3082275390625,58.688575744628906,58.831485748291016,60258730
2010-10-25,59.48887634277344,60.09862518310547,58.983924865722656,59.09349060058594,58328847
2010-10-26,59.222110748291016,59.54127502441406,57.430965423583984,57.70249557495117,84837904
2010-10-27,57.378562927246094,58.774322509765625,57.345218658447266,58.58377456665039,73358289
2010-10-28,58.831485748291016,59.012508392333984,57.26899719238281,57.531002044677734,82196607
2010-10-29,57.65009307861328,57.68343734741211,55.35399627685547,56.154296875,77094169
2010-11-01,57.18801498413086,57.445255279541016,56.26862716674805,56.39248275756836,57844589
2010-11-02,56.63542938232422,57.32616424560547,56.020912170410156,57.07368850708008,63507476
2010-11-03,57.46907424926758,58.44086456298828,57.3213996887207,58.078826904296875,52399454
2010-11-04,58.831485748291016,59.3173828125,58.60282897949219,59.212581634521484,44328357
2010-11-08,59.64131164550781,60.84652328491211,59.14588928222656,60.32728576660156,59861789
2010-11-09,60.53688430786133,61.43722152709961,60.298702239990234,61.0989990234375,58532187
2010-11-10,61.15616226196289,61.689697265625,60.594051361083984,60.72743225097656,35795474
2010-11-11,60.84176254272461,61.77544403076172,59.76993179321289,60.12244415283203,51387863
2010-11-12,59.8890266418457,60.09862518310547,57.497657775878906,57.826351165771484,72318232
2010-11-15,59.25069046020508,59.44123840332031,57.935916900634766,58.90770721435547,74383441
2010-11-16,59.155418395996094,59.44600296020508,56.63066482543945,57.731075286865234,93340295
2010-11-18,58.06453323364258,59.68894958496094,56.83550262451172,59.39836502075195,77964294
2010-11-19,59.44123840332031,59.48411178588867,57.28329086303711,57.740604400634766,62828159
2010-11-22,58.169334411621094,59.74135208129883,57.993080139160156,59.5317497253418,51501797
2010-11-23,58.688575744628906,59.3364372253418,57.435726165771484,58.321773529052734,61762408
2010-11-24,58.45039367675781,59.60320281982422,58.35511779785156,58.74574279785156,66846919
2010-11-25,59.10778045654297,59.412654876708984,57.17372512817383,57.42143630981445,61781963
2010-11-26,57.773948669433594,57.940677642822266,55.42068862915039,57.049869537353516,89759337
2010-11-29,57.18325424194336,57.640567779541016,55.81131362915039,56.387718200683594,60096177
2010-11-30,56.116188049316406,56.116188049316406,54.69660949707031,55.71603775024414,82175689
2010-12-01,56.01138687133789,58.574249267578125,55.92564010620117,58.45515441894531,65364369
2010-12-02,59.25069046020508,60.05099105834961,58.7409782409668,59.33167266845703,58160490
2010-12-03,59.40312957763672,59.52698516845703,57.773948669433594,58.55043029785156,47165678
2010-12-06,59.25069046020508,60.96561813354492,59.069671630859375,60.5035400390625,87730875
2010-12-07,60.9179801940918,61.389583587646484,60.31775665283203,60.91321563720703,72345385
2010-12-08,60.53688430786133,60.62263107299805,59.183998107910156,59.47458267211914,50830185
2010-12-09,59.87949752807617,60.02240753173828,57.17372512817383,57.597694396972656,62020643
2010-12-10,57.42620086669922,59.16494369506836,56.63542938232422,58.97439956665039,53324662
2010-12-13,59.069671630859375,60.40350341796875,58.76479721069336,60.11768341064453,54667940
2010-12-14,60.3082275390625,61.83260726928711,60.212955474853516,61.60395050048828,59805750
2010-12-15,61.43722152709961,62.180355072021484,60.665504455566406,61.23714828491211,61594891
2010-12-16,61.45151138305664,63.133094787597656,61.146636962890625,62.91872787475586,94510734
2010-12-20,62.318504333496094,64.00484466552734,62.24228286743164,63.4903678894043,68054084
2010-12-21,63.55706024169922,64.66699981689453,63.48084259033203,64.4240493774414,45445832
2010-12-22,64.52885437011719,65.04332733154297,63.528480529785156,64.10964965820312,65741073
2010-12-23,64.31448364257812,64.57649230957031,62.80916213989258,63.00923538208008,53807282
2010-12-24,62.86156463623047,64.37641143798828,62.40901184082031,64.1048812866211,41613388
2010-12-27,64.03819274902344,64.59554290771484,63.02829360961914,63.123565673828125,29346116
2010-12-28,63.35698699951172,63.80953598022461,63.137855529785156,63.35698699951172,22483600
2010-12-29,63.57135009765625,64.0239028930664,63.4522590637207,63.6475715637207,22932832
2010-12-30,63.89051818847656,64.462158203125,63.83335494995117,64.0953598022461,37228115
2010-12-31,64.32877349853516,65.19577026367188,64.0239028930664,64.82420349121094,41844165
2011-01-03,65.2815170288086,67.40612030029297,65.27198791503906,67.07742309570312,69842837
2011-01-04,67.51091766357422,68.015869140625,66.04846954345703,66.18661499023438,83358418
2011-01-05,66.35810852050781,66.37239837646484,64.52408599853516,64.87660217285156,51717481
2011-01-06,65.52445983886719,65.81980895996094,64.92900085449219,65.10049438476562,39851736
2011-01-07,65.2148208618164,65.54351806640625,62.51381301879883,62.99971008300781,61225072
2011-01-10,62.880619049072266,63.42367935180664,61.45151138305664,61.994571685791016,65583559
2011-01-11,61.83260726928711,62.91872787475586,61.046600341796875,61.599185943603516,61733208
2011-01-12,61.74686050415039,62.74723434448242,59.665130615234375,61.82307815551758,89637761
2011-01-13,62.09937286376953,62.4995231628418,60.498775482177734,60.741722106933594,71520950
2011-01-14,60.498775482177734,60.651214599609375,58.831485748291016,59.30309295654297,71101317
2011-01-17,58.79814147949219,59.83185958862305,58.421810150146484,59.607967376708984,53388877
2011-01-18,59.73658752441406,60.860816955566406,59.73658752441406,60.270118713378906,61502011
2011-01-19,60.39397430419922,61.40387725830078,60.312992095947266,60.937034606933594,60524280
2011-01-20,60.39397430419922,61.28478240966797,60.07957077026367,60.42255783081055,66863598
2011-01-21,60.046226501464844,60.498775482177734,59.73658752441406,59.97953414916992,38829691
2011-01-24,59.917606353759766,62.147010803222656,59.54603958129883,61.85642623901367,65492957
2011-01-25,61.96599197387695,63.309349060058594,61.95646286010742,62.43759536743164,62526586
2011-01-27,62.613853454589844,62.91872787475586,61.6706428527832,61.937408447265625,55390333
2011-01-28,61.642059326171875,62.35661315917969,60.04146194458008,60.73219680786133,49091667
2011-01-31,59.16494369506836,61.160926818847656,58.87912368774414,60.946563720703125,71870522
2011-02-01,60.73219680786133,61.241912841796875,59.74611282348633,60.18913650512695,66983778
2011-02-02,60.1272087097168,60.494014739990234,58.66952133178711,59.665130615234375,161644397
2011-02-03,59.61273193359375,61.060890197753906,59.61273193359375,60.794124603271484,57170205
2011-02-04,60.760780334472656,62.11842727661133,60.212955474853516,60.58452224731445,73568483
2011-02-07,60.946563720703125,61.499149322509766,60.413028717041016,61.01325225830078,54739177
2011-02-08,61.46104049682617,61.46104049682617,58.717159271240234,59.04108810424805,66087518
2011-02-09,58.96487045288086,59.1363639831543,56.70212173461914,57.083213806152344,86728122
2011-02-10,57.06892395019531,57.59292984008789,55.368289947509766,57.21659851074219,90243721
2011-02-11,57.35474395751953,57.44049072265625,54.79188537597656,56.71641159057617,92871740
2011-02-14,57.85969543457031,59.355491638183594,57.11656188964844,59.09349060058594,55967071
2011-02-15,59.450767517089844,59.73658752441406,58.3074836730957,58.74574279785156,61726365
2011-02-16,58.11693572998047,61.40387725830078,57.7167854309082,61.10852813720703,106958539
2011-02-17,61.356239318847656,62.59479522705078,61.12281799316406,62.41377639770508,65019762
2011-02-18,62.55668640136719,63.013999938964844,60.41779327392578,60.81794357299805,60134456
2011-02-21,61.10852813720703,61.10852813720703,59.29356384277344,60.73219680786133,54992972
2011-02-22,60.108154296875,60.11768341064453,59.09825134277344,59.48411178588867,52707220
2011-02-23,59.34596633911133,70.21669006347656,58.54090118408203,59.73658752441406,46232356
2011-02-24,59.450767517089844,59.63655090332031,56.697357177734375,57.41667175292969,80050967
2011-02-25,57.935916900634766,58.25031661987305,56.32579040527344,57.81682205200195,81304755
2011-02-28,58.49802780151367,58.74574279785156,57.09750747680664,57.84540557861328,67748302
2011-03-01,58.226497650146484,60.57499313354492,58.040714263916016,60.44637680053711,57340998
2011-03-03,60.02240753173828,60.25106430053711,58.88865280151367,59.48887634277344,54692879
2011-03-04,60.04146194458008,60.3225212097168,58.7076301574707,58.89817810058594,42240235
2011-03-07,58.44562911987305,58.464683532714844,56.697357177734375,57.42620086669922,47068306
2011-03-08,57.83111572265625,58.93628692626953,57.45954513549805,58.688575744628906,44832452
2011-03-09,58.87912368774414,59.1220703125,57.83111572265625,58.39799118041992,36670480
2011-03-10,58.21220779418945,58.21220779418945,56.70688247680664,56.83550262451172,65346001
2011-03-11,56.63542938232422,56.63542938232422,54.9871940612793,55.3825798034668,76674809
2011-03-14,55.458797454833984,57.430965423583984,55.458797454833984,57.26899719238281,55859088
2011-03-15,55.73509216308594,57.15467071533203,54.78235626220703,56.52586364746094,80503138
2011-03-16,56.83074188232422,57.87874984741211,56.83074188232422,57.1213264465332,55389199
2011-03-17,56.26386260986328,57.135616302490234,56.21146011352539,56.46870040893555,39407553
2011-03-18,57.07368850708008,57.49289321899414,56.50680923461914,56.892669677734375,44467629
2011-03-21,57.25947189331055,57.73583984375,56.83550262451172,57.302345275878906,36924852
2011-03-22,57.640567779541016,58.16456985473633,57.46430969238281,57.62151336669922,31133514
2011-03-23,57.62627410888672,58.28842544555664,57.5357666015625,58.15504455566406,29042852
2011-03-24,58.59330368041992,58.7266845703125,57.70249557495117,58.093116760253906,35588313
2011-03-25,58.774322509765625,58.774322509765625,57.9549674987793,58.63617706298828,41579412
2011-03-28,58.564720153808594,59.083961486816406,58.12169647216797,58.44086456298828,30080075
2011-03-29,58.35511779785156,58.9219970703125,57.96449661254883,58.393226623535156,50570123
2011-03-30,58.688575744628906,59.350730895996094,58.564720153808594,58.66952133178711,34915388
2011-03-31,58.80290603637695,59.72229766845703,58.49802780151367,59.28403854370117,51198419
2011-04-01,59.355491638183594,60.017642974853516,59.09349060058594,59.69847869873047,26314449
2011-04-04,59.74611282348633,60.42255783081055,59.61273193359375,60.13197326660156,23313661
2011-04-05,60.365394592285156,60.77507019042969,59.379310607910156,60.51782989501953,32982608
2011-04-06,60.594051361083984,61.02754592895508,60.13197326660156,60.441612243652344,26515102
2011-04-07,60.594051361083984,61.16569137573242,60.40350341796875,60.81794357299805,26255251
2011-04-08,60.83223342895508,61.15616226196289,59.61273193359375,60.00811767578125,23551524
2011-04-11,59.9271354675293,60.48925018310547,59.365020751953125,59.54127502441406,20522523
2011-04-13,59.21734619140625,60.97514343261719,59.012508392333984,60.63216018676758,21998062
2011-04-15,60.441612243652344,60.78459548950195,59.850914001464844,60.07957077026367,26136267
2011-04-18,60.203426361083984,60.62263107299805,58.069297790527344,58.31700897216797,35313998
2011-04-19,57.926387786865234,58.783851623535156,57.645328521728516,58.05976867675781,33385070
2011-04-20,58.688575744628906,59.68894958496094,58.66952133178711,59.4984016418457,28071975
2011-04-21,59.85567855834961,60.3082275390625,59.6937141418457,60.02717208862305,22928298
2011-04-25,59.99858856201172,60.47019577026367,59.579383850097656,59.708003997802734,23177548
2011-04-26,59.83185958862305,59.92237091064453,58.65046691894531,59.774696350097656,27935537
2011-04-27,60.02240753173828,60.298702239990234,58.97916030883789,59.07443618774414,23069008
2011-04-28,59.365020751953125,59.479347229003906,58.3074836730957,58.44562911987305,30562118
2011-04-29,58.5075569152832,59.012508392333984,58.16456985473633,58.73621368408203,19750925
2011-05-02,58.688575744628906,58.97439956665039,57.83587646484375,58.55995559692383,21650872
2011-05-03,58.364646911621094,58.574249267578125,57.16419982910156,57.473838806152344,25270257
2011-05-04,57.27376174926758,57.54052734375,56.03997039794922,56.18764114379883,40294661
2011-05-05,56.21146011352539,56.62590026855469,55.35399627685547,55.54930877685547,25341504
2011-05-06,55.706512451171875,56.83074188232422,55.5445442199707,56.640193939208984,25949500
2011-05-09,56.97365188598633,57.24041748046875,56.22098922729492,56.697357177734375,20398039
2011-05-10,56.59255599975586,56.849796295166016,55.5445442199707,56.059024810791016,29235214
2011-05-11,56.21146011352539,56.91648483276367,56.06855010986328,56.611610412597656,21083822
2011-05-12,56.402008056640625,56.49251937866211,55.554073333740234,55.706512451171875,26223983
2011-05-13,55.83989334106445,57.35474395751953,55.71603775024414,56.59255599975586,26341686
2011-05-16,56.49728012084961,56.49728012084961,54.91573715209961,55.04912185668945,28845946
2011-05-17,55.27777862548828,55.73509216308594,53.99158477783203,54.68231964111328,34886776
2011-05-18,54.877628326416016,55.15392303466797,53.94871139526367,54.467952728271484,26563678
2011-05-19,54.215476989746094,54.76806640625,53.41518020629883,53.61525344848633,31280176
2011-05-20,53.8010368347168,55.611236572265625,53.63907241821289,55.215850830078125,33421250
2011-05-23,54.73948287963867,54.73948287963867,53.11983108520508,53.296085357666016,24547948
2011-05-24,53.09124755859375,54.20118713378906,52.73873519897461,53.972530364990234,51265184
2011-05-25,54.08686065673828,54.32980728149414,53.1865234375,53.46757888793945,46353470
2011-05-26,54.78235626220703,55.24919509887695,53.92489242553711,54.70137405395508,65164366
2011-05-27,55.06817626953125,56.059024810791016,53.89631271362305,55.754146575927734,50946093
2011-05-30,55.916114807128906,55.916114807128906,54.98242950439453,55.19203186035156,25150822
2011-05-31,55.7779655456543,56.21146011352539,55.19203186035156,56.116188049316406,27971024
2011-06-01,56.402008056640625,56.92124938964844,55.268253326416016,55.47785568237305,48938067
2011-06-02,54.972904205322266,54.972904205322266,54.44889831542969,54.7728271484375,22400954
2011-06-03,55.001487731933594,55.57312774658203,54.40126037597656,54.61562728881836,25504645
2011-06-06,54.5918083190918,54.5918083190918,53.7629280090332,54.10591125488281,28930765
2011-06-07,54.02016830444336,55.258724212646484,53.92489242553711,55.06341552734375,22026821
2011-06-08,54.79188537597656,55.3825798034668,54.734718322753906,55.03959655761719,26249625
2011-06-09,54.972904205322266,55.42068862915039,54.72519302368164,54.97766876220703,24619983
2011-06-10,55.02054214477539,55.1443977355957,53.943946838378906,54.25358963012695,36858716
2011-06-13,54.115440368652344,54.115440368652344,53.4056510925293,53.634307861328125,50666205
2011-06-14,53.92489242553711,54.015403747558594,53.2055778503418,53.448524475097656,33993979
2011-06-15,53.543800354003906,53.9582405090332,53.377071380615234,53.48663330078125,30186316
2011-06-16,53.22939682006836,53.55332565307617,52.533897399902344,52.71015548706055,42485066
2011-06-17,53.734344482421875,54.81093978881836,53.63907241821289,54.59657287597656,44860571
2011-06-20,54.74424743652344,54.777591705322266,52.25760269165039,53.46281433105469,36025821
2011-06-21,53.915367126464844,54.16307830810547,53.04361343383789,53.181758880615234,28209894
2011-06-22,53.47234344482422,53.829620361328125,52.995975494384766,53.1722297668457,24929281
2011-06-23,53.324668884277344,53.534271240234375,52.71491622924805,53.02455520629883,21483880
2011-06-24,53.43899917602539,55.28254318237305,53.281795501708984,55.158687591552734,31907967
2011-06-27,54.91573715209961,56.54015350341797,54.763301849365234,56.149532318115234,42812712
2011-06-28,56.301971435546875,56.44964599609375,55.5445442199707,55.949459075927734,24359543
2011-06-29,56.18288040161133,57.42620086669922,56.116188049316406,57.31663513183594,29757006
2011-06-30,57.640567779541016,58.3503532409668,57.45001983642578,58.14075469970703,38847461
2011-07-01,58.75526809692383,58.75526809692383,56.749759674072266,57.38332748413086,26111140
2011-07-04,56.949832916259766,57.049869537353516,56.22098922729492,56.9260139465332,19662023
2011-07-05,57.15467071533203,57.82158660888672,56.611610412597656,56.91648483276367,31108334
2011-07-06,56.9260139465332,57.44049072265625,56.583030700683594,56.95935821533203,21858286
2011-07-07,57.06892395019531,57.926387786865234,57.02128601074219,57.80253219604492,30642476
2011-07-08,57.73583984375,57.73583984375,56.411537170410156,56.67830276489258,42517373
2011-07-11,56.73546600341797,56.7688102722168,55.83512878417969,56.00185775756836,19060188
2011-07-12,55.32065200805664,55.73509216308594,54.30598831176758,54.49653625488281,46518112
2011-07-13,54.972904205322266,55.19679641723633,54.32027816772461,54.78235626220703,42319302
2011-07-14,54.663265228271484,55.60171127319336,54.40126037597656,54.930030822753906,26549383
2011-07-15,55.06817626953125,55.3825798034668,54.215476989746094,54.58704376220703,22675237
2011-07-18,54.64421081542969,54.972904205322266,54.32980728149414,54.45842742919922,19976380
2011-07-19,54.49653625488281,55.09199523925781,54.1916618347168,54.91573715209961,26839851
2011-07-20,55.1634521484375,55.42068862915039,54.69184494018555,54.82522964477539,25420109
2011-07-21,54.82522964477539,55.09199523925781,54.477481842041016,54.62515640258789,12536318
2011-07-22,55.258724212646484,55.86847686767578,54.84428405761719,55.663639068603516,24242628
2011-07-25,55.258724212646484,56.68783187866211,55.1634521484375,56.33055114746094,26818596
2011-07-26,56.46870040893555,56.754520416259766,55.315887451171875,55.5778923034668,22599760
2011-07-27,55.5445442199707,56.28291702270508,54.92526626586914,55.24443435668945,26539863
2011-07-28,54.78235626220703,55.15392303466797,53.943946838378906,54.1773681640625,27964821
2011-07-29,54.30598831176758,54.49653625488281,53.5819091796875,53.734344482421875,23666004
2011-08-01,54.37744140625,54.872867584228516,53.620018005371094,54.66802978515625,25227926
2011-08-02,54.40126037597656,54.62991714477539,53.50092697143555,53.772457122802734,21414469
2011-08-03,53.34372329711914,53.87725830078125,52.9721565246582,53.67241668701172,24673618
2011-08-04,53.92489242553711,54.115440368652344,52.800662994384766,53.138885498046875,25777753
2011-08-05,52.06705856323242,52.06705856323242,50.20922088623047,50.776100158691406,51686067
2011-08-08,49.53277587890625,49.53277587890625,47.92265319824219,48.503822326660156,58005022
2011-08-09,47.16046142578125,48.098907470703125,45.51699447631836,46.22201919555664,92862356
2011-08-10,47.92741775512695,48.11320114135742,45.79328536987305,46.202964782714844,62699383
2011-08-11,45.874267578125,46.6840934753418,45.74088668823242,46.15056228637695,34025237
2011-08-12,46.67456817626953,46.67456817626953,44.87389373779297,45.25022506713867,72276542
2011-08-16,45.73135757446289,45.912376403808594,44.42134475708008,44.683349609375,44275761
2011-08-17,44.80244064331055,45.22640609741211,43.8782844543457,45.05491638183594,41751401
2011-08-18,45.031097412109375,45.031097412109375,43.692501068115234,44.0735969543457,31816546
2011-08-19,43.254241943359375,44.583309173583984,42.87314987182617,43.76872253417969,44750855
2011-08-22,43.95450210571289,45.00727844238281,43.45431900024414,44.77385711669922,27650652
2011-08-23,45.0644416809082,45.56462860107422,44.21650695800781,45.30262756347656,28137702
2011-08-24,45.15971755981445,45.721832275390625,43.07798767089844,43.3018798828125,57619606
2011-08-25,43.51148223876953,43.9163932800293,42.020450592041016,42.27292251586914,102319671
2011-08-26,42.10143280029297,42.377723693847656,39.85297393798828,40.23406982421875,51857846
2011-08-29,40.85810852050781,42.87314987182617,40.65327072143555,42.62543869018555,54489559
2011-08-30,43.349517822265625,45.05491638183594,43.349517822265625,44.64047622680664,79355759
2011-09-02,44.778621673583984,46.94133377075195,43.92115783691406,46.69362258911133,78362190
2011-09-05,46.303001403808594,47.250972747802734,45.75041198730469,47.13188171386719,64301116
2011-09-06,46.6840934753418,47.40817642211914,45.55033874511719,47.20333480834961,50338800
2011-09-07,47.16046142578125,47.97028732299805,47.150936126708984,47.493919372558594,33796202
2011-09-08,47.613014221191406,47.8321418762207,46.58882141113281,46.812713623046875,35187069
2011-09-09,46.6840934753418,46.76031494140625,45.26451873779297,45.43600845336914,48120569
2011-09-12,44.7071647644043,44.778621673583984,43.07798767089844,43.33522415161133,63890835
2011-09-13,43.86399459838867,44.56901931762695,42.94936752319336,43.57341003417969,44408820
2011-09-14,43.82588577270508,45.12160873413086,43.263771057128906,44.73098373413086,36271366
2011-09-15,45.25498962402344,45.44553756713867,43.835411071777344,44.36418151855469,58540563
2011-09-16,44.81673049926758,45.20735168457031,43.549591064453125,43.90686798095703,77131031
2011-09-19,43.7163200378418,43.7163200378418,43.02558517456055,43.23042678833008,26530605
2011-09-20,43.23042678833008,44.0735969543457,43.08274841308594,43.930686950683594,35881857
2011-09-21,44.054542541503906,44.054542541503906,43.363807678222656,43.68297576904297,24168903
2011-09-22,42.968421936035156,42.968421936035156,41.92041015625,42.14906692504883,46546105
2011-09-23,41.68699264526367,41.75368118286133,40.50083541870117,41.234439849853516,56415180
2011-09-26,41.15822219848633,41.89183044433594,40.033992767333984,41.486915588378906,40432338
2011-09-27,42.07284927368164,42.43489074707031,41.49168014526367,41.82037353515625,41373784
2011-09-28,42.110958099365234,42.30150604248047,40.54846954345703,40.71996307373047,36602885
2011-09-29,40.396034240722656,41.729862213134766,39.72911834716797,41.329715728759766,57060920
2011-09-30,41.024837493896484,41.234439849853516,39.45758819580078,39.57191467285156,54617244
2011-10-03,38.943111419677734,38.943111419677734,37.42825698852539,37.59975051879883,53011249
2011-10-04,37.52353286743164,38.62394332885742,37.18531036376953,37.87604522705078,49738666
2011-10-05,38.18568420410156,38.75732421875,37.91891860961914,38.166629791259766,44295126
2011-10-07,39.395660400390625,40.14832305908203,39.12413024902344,39.98635482788086,46120898
2011-10-10,39.98635482788086,41.57742691040039,39.695770263671875,41.43928146362305,55640139
2011-10-11,41.9013557434082,42.23481369018555,41.034366607666016,41.3058967590332,51411773
2011-10-12,41.44404220581055,42.39677810668945,41.320186614990234,42.31103515625,33613160
2011-10-13,42.45394515991211,43.57817459106445,42.07284927368164,43.197078704833984,49684947
2011-10-14,42.87314987182617,42.968421936035156,41.36782455444336,41.715572357177734,45961137
2011-10-17,42.01568603515625,42.24434280395508,41.29160690307617,41.925174713134766,29295461
2011-10-18,40.99625778198242,41.42498779296875,40.30552291870117,40.89622116088867,35440245
2011-10-19,41.129638671875,41.672698974609375,40.92003631591797,41.34877014160156,24879519
2011-10-20,40.9105110168457,42.2919807434082,40.34839630126953,42.07284927368164,59382601
2011-10-21,42.263397216796875,42.39677810668945,41.067710876464844,41.25349426269531,34943591
2011-10-24,41.83466339111328,42.2967414855957,41.42498779296875,41.59171676635742,26014093
2011-10-25,41.9013557434082,43.435264587402344,41.63459014892578,43.068458557128906,51806866
2011-10-28,44.58807373046875,46.8412971496582,44.50232696533203,46.08386993408203,57079320
2011-10-31,45.72659683227539,46.55547332763672,45.2597541809082,45.99812316894531,51688313
2011-11-01,45.44553756713867,45.778995513916016,44.36418151855469,44.96916961669922,31523286
2011-11-02,44.16410446166992,45.016807556152344,43.74013900756836,44.57378387451172,38998951
2011-11-03,44.330833435058594,44.75480270385742,43.37809753417969,43.987850189208984,40645377
2011-11-04,44.549964904785156,45.374080657958984,44.31178283691406,44.5070915222168,45328056
2011-11-08,44.81196594238281,44.96916961669922,44.20698165893555,44.53091049194336,22588676
2011-11-09,44.85483932495117,45.283573150634766,42.31103515625,42.644493103027344,62211735
2011-11-11,40.95814895629883,41.33448028564453,40.31504821777344,40.95338439941406,64010459
2011-11-14,41.44404220581055,41.725101470947266,39.01932907104492,39.300384521484375,53556458
2011-11-15,39.395660400390625,39.538570404052734,37.73789978027344,38.15233612060547,85149679
2011-11-16,38.11899185180664,39.76722717285156,37.504478454589844,38.67634201049805,82471038
2011-11-17,38.76685333251953,39.58620834350586,37.91891860961914,38.11899185180664,57891738
2011-11-18,37.9474983215332,37.9474983215332,36.685123443603516,37.29011154174805,63792329
2011-11-21,37.05192565917969,37.280582427978516,35.90388107299805,36.175411224365234,51412896
2011-11-22,36.442176818847656,38.057064056396484,36.26591873168945,37.318695068359375,65603617
2011-11-23,36.9566535949707,37.00429153442383,35.980098724365234,36.45646667480469,52574014
2011-11-24,36.29926681518555,37.06145477294922,34.96543502807617,36.73752212524414,74903175
2011-11-25,36.175411224365234,36.29926681518555,35.456092834472656,35.72285842895508,50875360
2011-11-28,36.089664459228516,37.07098388671875,36.01344680786133,36.86614227294922,49490822
2011-11-29,37.06145477294922,37.91891860961914,36.59461212158203,36.88520050048828,57130488
2011-11-30,36.585086822509766,37.013816833496094,36.346900939941406,36.69941329956055,36560386
2011-12-01,38.24284744262695,39.08125686645508,37.91891860961914,38.3619384765625,76267004
2011-12-02,38.109466552734375,40.286468505859375,37.83317184448242,39.92919158935547,73408040
2011-12-05,39.71006393432617,39.76722717285156,38.96692657470703,39.1717643737793,48231828
2011-12-07,39.32420349121094,40.11021041870117,38.96692657470703,39.781517028808594,49446025
2011-12-08,39.43376922607422,39.71482467651367,38.300010681152344,38.495323181152344,39519651
2011-12-09,37.63309860229492,38.52866744995117,37.25676727294922,37.87604522705078,49057302
2011-12-12,38.3762321472168,38.63346862792969,36.580322265625,36.72323226928711,38855239
2011-12-13,36.29450225830078,37.63309860229492,35.556129455566406,37.404441833496094,68703256
2011-12-14,37.34251022338867,37.39491271972656,35.679988861083984,35.79907989501953,57789947
2011-12-15,35.256019592285156,36.19446563720703,35.003543853759766,35.751441955566406,61269890
2011-12-16,36.01344680786133,36.375484466552734,34.53194046020508,34.77012252807617,53039116
2011-12-19,34.67961120605469,34.77012252807617,33.72687530517578,34.641502380371094,43601723
2011-12-20,34.803470611572266,34.92256164550781,32.45021057128906,32.65504837036133,68611048
2011-12-21,33.53632736206055,33.66971206665039,32.51213836669922,33.29338073730469,88327231
2011-12-22,33.059959411621094,34.0079345703125,32.55024719238281,33.717350006103516,75231220
2011-12-23,33.90789794921875,34.16513442993164,32.869415283203125,33.08854293823242,68795475
2011-12-26,33.29814529418945,34.269935607910156,33.16476058959961,34.074623107910156,47794089
2011-12-27,34.10797119140625,34.23659133911133,33.07425308227539,33.26479721069336,32604424
2011-12-28,33.12188720703125,33.412471771240234,32.67886734008789,33.04566955566406,33968736
2011-12-29,32.859886169433594,33.226688385009766,32.49784469604492,32.574066162109375,50911750
2011-12-30,32.826541900634766,33.05043411254883,31.82140350341797,31.950023651123047,43335417
2012-01-02,32.192970275878906,32.96468734741211,31.640382766723633,32.49784469604492,40366454
2012-01-03,32.869415283203125,34.66055679321289,32.79319381713867,34.47477340698242,61120216
2012-01-04,34.67961120605469,35.01306915283203,33.946006774902344,34.67485046386719,57216892
2012-01-05,34.77488708496094,35.3941650390625,34.241355895996094,34.54623031616211,43814647
2012-01-06,34.203243255615234,35.04165267944336,33.364837646484375,34.64626693725586,47790478
2012-01-09,34.53670120239258,34.851104736328125,33.77927780151367,34.465248107910156,40503994
2012-01-10,34.412845611572266,35.57518768310547,34.412845611572266,35.41798400878906,54776879
2012-01-11,35.599002838134766,36.62319564819336,35.3751106262207,36.48981475830078,59006033
2012-01-12,36.48981475830078,37.39491271972656,36.28021240234375,37.04716491699219,50840450
2012-01-13,37.34727478027344,40.48177719116211,37.33774948120117,39.605262756347656,127759440
2012-01-16,39.300384521484375,40.9105110168457,38.890708923339844,40.18166732788086,83431943
2012-01-17,40.34839630126953,42.72071075439453,40.30552291870117,42.18241500854492,86114532
2012-01-18,42.263397216796875,42.40154266357422,40.143558502197266,40.48177719116211,76374390
2012-01-19,40.967674255371094,42.10143280029297,40.967674255371094,41.5250244140625,68626572
2012-01-20,41.729862213134766,42.349143981933594,41.01531219482422,41.59171676635742,62047734
2012-01-23,41.44404220581055,41.725101470947266,40.31028747558594,40.638980865478516,47336879
2012-01-24,40.77712631225586,41.92041015625,40.176902770996094,41.191566467285156,60889502
2012-01-25,41.44404220581055,42.57780075073242,41.34877014160156,42.38248825073242,77401484
2012-01-27,42.87314987182617,44.0735969543457,42.63496398925781,43.70679473876953,60675886
2012-01-30,43.44478988647461,43.4828987121582,41.63459014892578,42.13954162597656,48811211
2012-01-31,42.377723693847656,43.20184326171875,41.16775131225586,42.94936752319336,69311452
2012-02-01,43.063697814941406,45.15971755981445,42.954132080078125,44.86913299560547,86156967
2012-02-02,45.35026550292969,45.80757522583008,44.23556137084961,45.340736389160156,83893036
2012-02-03,45.15971755981445,45.15971755981445,43.844940185546875,44.540435791015625,61778258
2012-02-06,45.22640609741211,45.540809631347656,44.11647033691406,44.51662063598633,54807937
2012-02-07,44.778621673583984,44.96916961669922,42.801692962646484,43.001766204833984,78653204
2012-02-08,43.254241943359375,43.997379302978516,42.14430618286133,42.93507766723633,100564034
2012-02-09,42.673072814941406,43.28759002685547,41.92041015625,43.07798767089844,97885885
2012-02-10,41.34877014160156,45.57891845703125,41.21538543701172,45.2597541809082,219661196
2012-02-13,45.35026550292969,46.57453155517578,44.44516372680664,46.22677993774414,68409083
2012-02-14,46.01717758178711,46.855587005615234,45.85997772216797,46.48878479003906,65026574
2012-02-15,46.77936935424805,47.32719039916992,46.39827346801758,47.17475509643555,67922516
2012-02-16,46.8412971496582,46.98897171020508,45.22164535522461,45.64561080932617,56593425
2012-02-17,46.11245346069336,46.58882141113281,44.82625961303711,45.540809631347656,60177196
2012-02-21,45.75041198730469,47.72734069824219,45.75041198730469,46.827003479003906,80347460
2012-02-22,46.93180465698242,47.33195495605469,44.58807373046875,44.82625961303711,47300762
2012-02-23,44.778621673583984,45.626556396484375,43.86399459838867,44.91200637817383,70342471
2012-02-24,45.0787353515625,45.81710433959961,44.43087387084961,45.30262756347656,62730462
2012-02-27,45.536048889160156,45.536048889160156,41.78702926635742,42.14906692504883,69732575
2012-02-28,42.558746337890625,44.01643371582031,42.5301628112793,43.80683135986328,54473637
2012-02-29,44.30225372314453,45.274044036865234,43.759193420410156,45.021568298339844,58134270
2012-03-01,44.95487976074219,44.95487976074219,43.501953125,44.0926513671875,52593190
2012-03-02,44.38800048828125,45.016807556152344,43.84970474243164,44.38800048828125,39576718
2012-03-05,44.30225372314453,44.30225372314453,42.73976516723633,42.93983840942383,36603378
2012-03-06,42.768348693847656,43.54006576538086,40.25312423706055,40.486541748046875,76826382
2012-03-07,40.21501159667969,40.9486198425293,39.62908172607422,40.37697982788086,79199179
2012-03-09,41.15822219848633,43.58293533325195,41.15822219848633,43.36857223510742,68592743
2012-03-12,43.835411071777344,44.140289306640625,42.81121826171875,43.4828987121582,48752139
2012-03-13,43.78301239013672,44.75956726074219,43.78301239013672,44.59760284423828,42574892
2012-03-14,45.25498962402344,45.331207275390625,43.697265625,43.90686798095703,60170311
2012-03-15,43.96879577636719,44.483272552490234,43.349517822265625,44.087886810302734,52057512
2012-03-16,44.1117057800293,45.145423889160156,42.858856201171875,43.311405181884766,58889705
2012-03-19,43.349517822265625,44.15934371948242,42.5111083984375,42.701656341552734,35216384
2012-03-20,42.77787399291992,43.54006576538086,42.41107177734375,43.33046340942383,46254912
2012-03-21,43.144676208496094,45.174007415771484,42.6873664855957,45.00727844238281,52355843
2012-03-22,44.73098373413086,45.32168197631836,42.58732604980469,42.86362075805664,71839086
2012-03-23,42.79216766357422,43.38762664794922,42.18241500854492,42.73023986816406,49505968
2012-03-26,42.6921272277832,43.02558517456055,41.729862213134766,41.9347038269043,46622411
2012-03-27,42.86362075805664,42.93507766723633,41.78702926635742,42.58732604980469,51260146
2012-03-28,42.38725280761719,43.62580871582031,42.053794860839844,43.35904312133789,53596605
2012-03-29,42.88267517089844,43.349517822265625,42.43489074707031,43.168495178222656,42849700
2012-03-30,43.22566223144531,45.22164535522461,43.17802429199219,44.945350646972656,52029761
2012-04-02,44.85960388183594,45.474117279052734,44.50232696533203,44.945350646972656,34405919
2012-04-03,45.30738830566406,45.94572448730469,45.174007415771484,45.55986785888672,44075454
2012-04-04,45.19782638549805,45.6551399230957,44.89771270751953,45.30738830566406,32777032
2012-04-09,45.00727844238281,45.00727844238281,43.42097091674805,43.802066802978516,28123669
2012-04-10,43.77348327636719,43.82112121582031,42.815982818603516,43.139915466308594,45858307
2012-04-11,42.711181640625,43.33046340942383,42.263397216796875,42.52539825439453,44102061
2012-04-12,42.93507766723633,43.4828987121582,42.6921272277832,43.18754959106445,32501080
2012-04-13,43.635337829589844,44.06406784057617,42.59209060668945,42.854095458984375,32601433
2012-04-16,42.615909576416016,43.53053665161133,42.39677810668945,43.363807678222656,27332705
2012-04-17,44.292724609375,44.292724609375,43.00653076171875,43.97356033325195,30274336
2012-04-18,44.24985122680664,44.921531677246094,44.0926513671875,44.32130813598633,42288244
2012-04-19,44.45945358276367,44.745277404785156,43.97356033325195,44.5070915222168,29199181
2012-04-20,44.35941696166992,45.20735168457031,44.21174240112305,44.80720520019531,40414956
2012-04-23,44.778621673583984,45.66466522216797,43.792537689208984,44.097415924072266,50229389
2012-04-24,44.20698165893555,45.0977897644043,43.835411071777344,44.80244064331055,24618891
2012-04-25,44.96916961669922,45.27880859375,43.759193420410156,44.349891662597656,32090693
2012-04-26,44.397525787353516,45.20258712768555,44.15934371948242,44.47374725341797,41107445
2012-04-27,44.46421813964844,44.65476608276367,43.28759002685547,43.93545150756836,26944077
2012-04-30,44.06406784057617,44.71192932128906,43.844940185546875,44.17363357543945,28311968
2012-05-02,44.297489166259766,44.721458435058594,43.835411071777344,44.002140045166016,17368535
2012-05-03,43.73060989379883,43.80683135986328,42.4920539855957,42.6921272277832,33198366
2012-05-04,42.31103515625,42.48728942871094,40.84381866455078,41.20586013793945,44138115
2012-05-07,40.22454071044922,42.2919807434082,40.1197395324707,42.07284927368164,41960861
2012-05-08,42.349143981933594,42.36819839477539,40.396034240722656,40.70090866088867,34951012
2012-05-09,40.16737747192383,41.19633102416992,39.46711349487305,39.77199172973633,43700848
2012-05-10,39.82439041137695,40.49130630493164,39.37660598754883,39.595733642578125,40466870
2012-05-11,39.252750396728516,40.005409240722656,38.96692657470703,39.252750396728516,36799434
2012-05-14,39.109840393066406,39.76722717285156,38.300010681152344,38.890708923339844,34122630
2012-05-15,38.619178771972656,40.01493835449219,38.519142150878906,39.838680267333984,40830811
2012-05-16,39.157474517822266,39.19082260131836,37.971317291259766,38.166629791259766,53639660
2012-05-17,38.43339538574219,39.043148040771484,38.300010681152344,38.66681671142578,41059300
2012-05-18,37.83317184448242,38.300010681152344,37.1567268371582,38.10470199584961,65056708
2012-05-21,37.5473518371582,38.714454650878906,37.03287124633789,38.37146759033203,100642912
2012-05-22,38.80972671508789,39.05267333984375,37.814117431640625,38.04277420043945,43633988
2012-05-23,37.82364273071289,38.24284744262695,37.571170806884766,37.75218963623047,36166983
2012-05-24,37.9856071472168,38.34764862060547,37.29011154174805,37.9808464050293,37976097
2012-05-25,37.88557052612305,39.109840393066406,37.728370666503906,38.92881774902344,41989966
2012-05-28,38.96692657470703,39.58620834350586,38.87165451049805,39.23845672607422,33404005
2012-05-29,39.35755157470703,39.9196662902832,39.109840393066406,39.61478805541992,33892818
2012-05-30,39.252750396728516,39.50046157836914,38.82878112792969,39.090782165527344,25407535
2012-05-31,38.64299774169922,38.85260009765625,38.023719787597656,38.45721435546875,44273011
2012-06-01,38.49055862426758,38.814491271972656,37.64262390136719,37.90938949584961,32242225
2012-06-04,37.43778610229492,38.70016098022461,37.07098388671875,38.49055862426758,33387726
2012-06-05,38.68110656738281,38.957401275634766,37.75218963623047,37.91891860961914,25081653
2012-06-06,38.300010681152344,39.20511245727539,38.300010681152344,39.06220245361328,30987723
2012-06-07,39.538570404052734,40.000648498535156,39.06220245361328,39.1670036315918,40270572
2012-06-08,39.243221282958984,39.65766143798828,38.63346862792969,39.100311279296875,36208505
2012-06-11,39.63384246826172,39.9196662902832,38.7525634765625,39.05267333984375,29086978
2012-06-12,38.7716178894043,39.481407165527344,38.61441421508789,39.33849334716797,31589327
2012-06-13,39.509986877441406,39.681480407714844,39.09554672241211,39.24798583984375,30734778
2012-06-14,39.252750396728516,39.705299377441406,38.68110656738281,38.7716178894043,30293019
2012-06-15,38.88118362426758,39.62431716918945,38.79543685913086,39.495697021484375,26602125
2012-06-18,39.9196662902832,40.51036071777344,39.40518569946289,39.991119384765625,56844796
2012-06-19,40.11021041870117,40.49130630493164,39.5671501159668,40.03875732421875,39621295
2012-06-20,40.386505126953125,40.9105110168457,40.1197395324707,40.66279983520508,40682407
2012-06-21,40.429378509521484,41.15345764160156,40.28170394897461,40.981964111328125,30497074
2012-06-22,40.48177719116211,40.672325134277344,39.681480407714844,39.881553649902344,41262347
2012-06-25,40.01493835449219,40.46272659301758,39.209877014160156,39.50522232055664,26393946
2012-06-26,39.252750396728516,39.300384521484375,38.63346862792969,39.109840393066406,44275971
2012-06-27,39.26227569580078,40.20548629760742,39.26227569580078,40.08163070678711,34349460
2012-06-28,40.1197395324707,41.05818557739258,40.02922821044922,40.877166748046875,51802678
2012-06-29,41.39164352416992,42.30150604248047,41.20586013793945,42.05855941772461,45864153
2012-07-02,42.30150604248047,43.3018798828125,42.077613830566406,42.58256530761719,42500118
2012-07-03,42.68260192871094,42.944602966308594,42.110958099365234,42.52539825439453,25598564
2012-07-04,42.68260192871094,43.406681060791016,42.59685516357422,43.044639587402344,32829450
2012-07-05,43.00653076171875,43.23518753051758,42.73023986816406,43.02558517456055,21931979
2012-07-06,42.968421936035156,42.98747634887695,42.25863265991211,42.7064208984375,19917991
2012-07-09,42.39677810668945,42.39677810668945,41.463096618652344,41.69175338745117,21869873
2012-07-10,41.63459014892578,42.09190368652344,41.21062469482422,41.80608367919922,39633156
2012-07-11,41.63935470581055,42.23957824707031,41.45357131958008,41.5393180847168,31976528
2012-07-12,41.42498779296875,41.586952209472656,40.68661880493164,40.824764251708984,36915689
2012-07-13,40.967674255371094,41.25349426269531,40.40555953979492,40.49130630493164,34817544
2012-07-16,39.77675247192383,39.891082763671875,38.70016098022461,38.86688995361328,42108163
2012-07-17,39.157474517822266,39.409950256347656,38.57154083251953,38.662052154541016,35627600
2012-07-18,38.58583450317383,39.41947937011719,38.519142150878906,39.21940231323242,35242635
2012-07-19,39.63384246826172,39.71958923339844,39.32420349121094,39.48617172241211,28262689
2012-07-20,39.20511245727539,39.81486511230469,39.20511245727539,39.62908172607422,24541860
2012-07-23,39.252750396728516,39.29085922241211,37.91891860961914,38.06182861328125,30737885
2012-07-24,38.04753875732422,38.34288787841797,37.528297424316406,37.80935287475586,34986111
2012-07-25,37.728370666503906,37.899864196777344,36.74705123901367,36.823272705078125,54008020
2012-07-26,36.9757080078125,37.24723815917969,36.39453887939453,36.585086822509766,78160298
2012-07-27,37.1567268371582,38.3762321472168,37.123382568359375,38.02848434448242,53599890
2012-07-30,38.49055862426758,39.21464157104492,38.32859420776367,39.09554672241211,36150934
2012-07-31,39.18129348754883,39.695770263671875,38.20473861694336,39.48617172241211,42452707
2012-08-01,39.538570404052734,39.71006393432617,38.86688995361328,39.01932907104492,31430595
2012-08-02,38.97645568847656,39.09554672241211,38.357177734375,38.67634201049805,32971944
2012-08-03,38.323829650878906,38.32859420776367,37.39491271972656,37.82364273071289,43126545
2012-08-06,38.49055862426758,38.947872161865234,38.22855758666992,38.519142150878906,31774940
2012-08-07,38.68110656738281,38.990745544433594,38.44768524169922,38.695396423339844,28438068
2012-08-08,38.862125396728516,39.51951599121094,38.7382698059082,38.87641906738281,47496430
2012-08-09,38.66681671142578,39.05267333984375,38.32859420776367,38.70969009399414,44352886
2012-08-10,38.595359802246094,38.76685333251953,37.97608184814453,38.11899185180664,31553997
2012-08-13,38.20473861694336,38.21902847290039,37.29964065551758,37.675968170166016,44154048
2012-08-14,37.1567268371582,38.76685333251953,37.023345947265625,38.690635681152344,69131780
2012-08-16,38.690635681152344,39.00503921508789,37.84269714355469,37.9427375793457,45463172
2012-08-17,38.03800964355469,38.28572082519531,37.34727478027344,37.61404037475586,47266944
2012-08-21,37.63309860229492,37.871280670166016,36.870906829833984,37.35680389404297,58991013
2012-08-22,37.35680389404297,37.77600860595703,37.080509185791016,37.39967727661133,39783313
2012-08-23,37.718841552734375,38.43339538574219,37.63309860229492,37.971317291259766,50580368
2012-08-24,37.728370666503906,37.73789978027344,36.7565803527832,36.94712448120117,56620589
2012-08-27,37.20436477661133,37.29011154174805,36.63272476196289,36.742286682128906,35111885
2012-08-28,37.09956359863281,37.09956359863281,35.54660415649414,36.03249740600586,48395094
2012-08-29,35.77526092529297,36.132537841796875,35.53707504272461,35.67045974731445,31291260
2012-08-30,35.56565856933594,35.6085319519043,34.72724914550781,34.860633850097656,58939593
2012-08-31,34.87015914916992,35.11787033081055,34.11750030517578,34.43190383911133,50214884
2012-09-03,34.693904876708984,34.93208694458008,33.84120559692383,34.10797119140625,38344846
2012-09-04,34.07938766479492,34.77012252807617,33.874549865722656,34.651031494140625,33158071
2012-09-05,34.355682373046875,34.46048355102539,33.20763397216797,33.33625411987305,59186775
2012-09-06,33.412471771240234,33.717350006103516,33.083778381347656,33.464874267578125,49384024
2012-09-07,34.31757354736328,35.441802978515625,34.31757354736328,35.33700180053711,74844397
2012-09-10,35.727622985839844,36.527923583984375,35.727622985839844,36.20875549316406,63948700
2012-09-11,36.03249740600586,36.12777328491211,35.65616989135742,35.91340637207031,25669811
2012-09-12,36.389774322509766,36.966182708740234,35.84195327758789,36.88520050048828,46093776
2012-09-13,36.966182708740234,37.19960021972656,36.418357849121094,36.92807388305664,39306192
2012-09-14,38.08088302612305,38.87165451049805,38.02848434448242,38.58583450317383,78768829
2012-09-17,39.06220245361328,39.552860260009766,38.495323181152344,39.057437896728516,67821239
2012-09-18,38.87165451049805,39.05267333984375,38.49055862426758,38.61441421508789,34561355
2012-09-20,38.20473861694336,38.28572082519531,37.34727478027344,37.45207595825195,39808146
2012-09-21,37.77600860595703,39.438533782958984,37.77600860595703,39.000274658203125,73918391
2012-09-24,39.014564514160156,39.5290412902832,38.5381965637207,38.747798919677734,45976493
2012-09-25,38.72874450683594,38.90976333618164,37.79029846191406,38.1428108215332,44299324
2012-09-26,37.928443908691406,38.58583450317383,37.5473518371582,37.7474250793457,48386487
2012-09-27,37.7474250793457,38.3381233215332,37.63309860229492,37.756954193115234,52899246
2012-09-28,38.20473861694336,39.02409362792969,37.99513626098633,38.19520950317383,55614781
2012-10-01,38.29048538208008,38.357177734375,37.44255065917969,38.00942611694336,39552640
2012-10-03,38.06182861328125,38.662052154541016,37.871280670166016,38.47150421142578,44567657
2012-10-04,38.75732421875,39.31944274902344,38.63346862792969,38.96692657470703,54499436
2012-10-05,39.309913635253906,39.44805908203125,32.29777145385742,39.114601135253906,61366255
2012-10-08,38.96692657470703,39.81486511230469,38.662052154541016,38.83831024169922,76627135
2012-10-09,39.19082260131836,39.62431716918945,38.88118362426758,39.257511138916016,37686133
2012-10-10,39.243221282958984,39.86726379394531,39.07172775268555,39.21464157104492,52550251
2012-10-11,39.481407165527344,40.19595718383789,39.08125686645508,40.03875732421875,62983312
2012-10-12,40.23406982421875,40.63421630859375,39.9577751159668,40.10544967651367,54970752
2012-10-15,40.01970291137695,40.25788497924805,39.63384246826172,39.91013717651367,32574416
2012-10-16,40.186431884765625,40.286468505859375,38.790672302246094,38.97645568847656,31392137
2012-10-17,39.5290412902832,39.5290412902832,38.50961685180664,38.79543685913086,33279679
2012-10-18,39.00503921508789,39.300384521484375,38.662052154541016,39.22893142700195,42712202
2012-10-19,39.06220245361328,39.33373260498047,38.604888916015625,38.81925582885742,32476508
2012-10-22,38.604888916015625,39.100311279296875,38.40481185913086,38.857364654541016,23557192
2012-10-23,38.49055862426758,39.05267333984375,38.45721435546875,38.52866744995117,17672606
2012-10-25,38.595359802246094,38.75732421875,37.90938949584961,37.99513626098633,46090313
2012-10-29,38.20473861694336,38.519142150878906,38.023719787597656,38.30477523803711,19720297
2012-10-30,38.30477523803711,38.461978912353516,37.39491271972656,37.44731140136719,22332477
2012-10-31,37.53782272338867,37.69502639770508,37.023345947265625,37.366329193115234,40172024
2012-11-01,37.44255065917969,38.099937438964844,37.34727478027344,37.86651611328125,26009957
2012-11-02,38.14757537841797,38.48579788208008,37.966556549072266,38.33335876464844,27035257
2012-11-05,38.023719787597656,38.08564758300781,37.68073272705078,37.88557052612305,17941726
2012-11-06,37.5473518371582,38.08088302612305,37.52353286743164,38.00942611694336,25496332
2012-11-07,37.7855339050293,38.5763053894043,37.7855339050293,38.295249938964844,25479402
2012-11-08,38.06182861328125,38.562015533447266,37.7855339050293,38.48579788208008,23801603
2012-11-09,38.50961685180664,38.943111419677734,36.727996826171875,37.209129333496094,60423749
2012-11-12,36.73752212524414,36.80421447753906,36.32308578491211,36.59461212158203,39749568
2012-11-15,36.670833587646484,36.670833587646484,35.641876220703125,35.76573181152344,35377237
2012-11-16,35.727622985839844,36.19446563720703,35.17027282714844,35.26078414916992,32750162
2012-11-19,35.25125503540039,35.599002838134766,34.498592376708984,34.63197708129883,38111665
2012-11-20,35.060707092285156,35.089290618896484,34.212772369384766,34.35091781616211,33792979
2012-11-21,34.555755615234375,34.92732620239258,34.30328369140625,34.751068115234375,24687556
2012-11-22,35.060707092285156,35.198856353759766,34.555755615234375,34.86539840698242,31030201
2012-11-23,34.94161605834961,35.09405517578125,34.41761016845703,34.760597229003906,23422936
2012-11-26,34.7987060546875,35.651405334472656,34.7987060546875,35.42750930786133,30278787
2012-11-27,35.727622985839844,36.09918975830078,35.5704231262207,35.81813430786133,33361307
2012-11-29,35.91817092895508,36.37071990966797,35.794315338134766,35.89911651611328,41588544
2012-11-30,35.89911651611328,36.94712448120117,35.89911651611328,36.7946891784668,50588754
2012-12-03,36.966182708740234,37.48542404174805,36.870906829833984,37.223419189453125,36295843
2012-12-04,37.25200271606445,37.38062286376953,36.842323303222656,37.1710205078125,25370337
2012-12-05,37.59498596191406,38.099937438964844,37.409202575683594,37.93797302246094,41523846
2012-12-06,38.07135772705078,38.48103332519531,37.375858306884766,38.09040832519531,27348680
2012-12-07,38.34764862060547,38.48579788208008,37.35680389404297,37.561641693115234,37004318
2012-12-10,37.63309860229492,38.19520950317383,37.59022521972656,38.13804626464844,27241547
2012-12-11,38.3619384765625,38.38575744628906,37.41396713256836,37.73789978027344,32269620
2012-12-12,37.814117431640625,38.13804626464844,37.575931549072266,37.675968170166016,32891576
2012-12-13,37.7855339050293,37.88557052612305,36.88996124267578,37.02811050415039,32126233
2012-12-14,37.06145477294922,38.114227294921875,36.870906829833984,37.82364273071289,27656509
2012-12-17,37.966556549072266,38.3381233215332,37.66644287109375,38.01895523071289,32740632
2012-12-18,38.21426773071289,39.64337158203125,37.73789978027344,39.47187805175781,87529802
2012-12-19,39.81486511230469,40.48177719116211,39.638607025146484,40.40555953979492,92730116
2012-12-20,40.300758361816406,41.31066131591797,39.605262756347656,41.120113372802734,80793250
2012-12-21,40.80570983886719,41.586952209472656,40.486541748046875,41.034366607666016,61059885
2012-12-24,40.977203369140625,41.529788970947266,40.672325134277344,40.834293365478516,52382849
2012-12-26,40.87240219116211,41.329715728759766,40.7485466003418,40.95814895629883,25553535
2012-12-27,41.25349426269531,41.62030029296875,40.967674255371094,41.03913116455078,44194017
2012-12-28,41.1439323425293,41.31066131591797,40.61516189575195,40.82952880859375,29737199
2012-12-31,40.739017486572266,41.134403228759766,40.68661880493164,40.824764251708984,19279787
2013-01-01,41.14869689941406,41.92041015625,41.09629440307617,41.74892044067383,32584167
2013-01-02,42.15859603881836,42.277687072753906,41.615535736083984,41.74415588378906,27256503
2013-01-03,41.92041015625,42.35866928100586,41.810848236083984,42.13954162597656,34469672
2013-01-04,42.01568603515625,42.01568603515625,40.967674255371094,41.30113220214844,38258536
2013-01-07,41.43451690673828,42.68260192871094,40.98672866821289,42.00615692138672,71920525
2013-01-08,41.9013557434082,41.925174713134766,40.977203369140625,41.286842346191406,39637260
2013-01-09,41.35353469848633,41.49644470214844,40.11021041870117,40.23406982421875,78406263
2013-01-10,40.486541748046875,40.667564392089844,39.848209381103516,40.06257629394531,50388489
2013-01-11,40.06257629394531,40.472251892089844,39.595733642578125,39.7577018737793,35178640
2013-01-14,39.833919525146484,40.443668365478516,39.381370544433594,40.37697982788086,29264162
2013-01-15,40.3531608581543,40.76283645629883,40.12450408935547,40.472251892089844,31316985
2013-01-16,40.1578483581543,40.36745071411133,39.40518569946289,39.53380584716797,24885754
2013-01-17,39.19082260131836,40.06257629394531,38.95263671875,39.891082763671875,44091817
2013-01-18,39.976829528808594,40.300758361816406,39.386131286621094,39.538570404052734,28410610
2013-01-21,39.538570404052734,39.9244270324707,39.20511245727539,39.452823638916016,26768709
2013-01-22,39.452823638916016,39.948246002197266,38.790672302246094,38.93834686279297,26833763
2013-01-23,39.100311279296875,39.409950256347656,38.357177734375,38.82878112792969,32465750
2013-01-24,38.92881774902344,39.243221282958984,38.37146759033203,38.5381965637207,32936331
2013-01-25,38.5572509765625,38.89547348022461,37.971317291259766,38.7525634765625,35586098
2013-01-28,38.84307098388672,39.100311279296875,38.552486419677734,38.647762298583984,29409082
2013-01-29,38.662052154541016,39.19558334350586,37.83317184448242,38.014190673828125,40497844
2013-01-30,38.199974060058594,38.91929244995117,38.07135772705078,38.704925537109375,36537515
2013-01-31,38.58583450317383,38.78590774536133,38.24761199951172,38.5763053894043,31212612
2013-02-01,38.7382698059082,39.22416687011719,38.066593170166016,38.19044876098633,34165055
2013-02-04,38.395286560058594,38.53343200683594,37.5521125793457,37.63785934448242,39897310
2013-02-05,37.34727478027344,37.90938949584961,37.309165954589844,37.60927963256836,30638298
2013-02-06,37.7664794921875,38.3762321472168,37.7664794921875,37.86651611328125,36478527
2013-02-07,37.871280670166016,37.91891860961914,37.11861801147461,37.19483947753906,28088003
2013-02-08,37.23771286010742,37.533058166503906,36.68035888671875,36.913780212402344,31369109
2013-02-11,37.16149139404297,37.19483947753906,36.58985137939453,36.66130447387695,27315082
2013-02-12,36.68988800048828,36.91854476928711,36.41359329223633,36.670833587646484,26218662
2013-02-13,36.68988800048828,36.937599182128906,35.737152099609375,35.822898864746094,42026209
2013-02-14,35.25125503540039,36.442176818847656,35.089290618896484,36.289737701416016,74946104
2013-02-15,36.01344680786133,36.42312240600586,35.42274856567383,35.83242416381836,37741835
2013-02-18,35.827659606933594,36.870906829833984,35.684749603271484,36.70417785644531,39504747
2013-02-19,36.775634765625,37.04240036010742,36.21352005004883,36.842323303222656,27707048
2013-02-20,36.9566535949707,37.04716491699219,36.022972106933594,36.132537841796875,43067893
2013-02-21,35.8086051940918,35.8086051940918,34.63197708129883,34.67008590698242,60877442
2013-02-22,34.69866943359375,35.05118179321289,34.365211486816406,34.72724914550781,51908048
2013-02-25,34.84634017944336,35.09881591796875,34.27470016479492,34.365211486816406,34057029
2013-02-26,34.298519134521484,34.31757354736328,33.2028694152832,33.29338073730469,47307858
2013-02-27,33.407711029052734,34.12702560424805,32.98850631713867,34.02222442626953,49489248
2013-02-28,34.2080078125,34.346153259277344,32.20249938964844,32.53595733642578,73683961
2013-03-01,32.564537048339844,33.11712646484375,32.39780807495117,32.49784469604492,33793473
2013-03-04,32.393043518066406,32.421627044677734,31.759475708007812,31.88809585571289,34189668
2013-03-05,31.935731887817383,32.92181396484375,31.773765563964844,32.788429260253906,49384938
2013-03-06,33.069488525390625,33.96506118774414,32.688392639160156,33.607784271240234,50724846
2013-03-07,33.622074127197266,33.622074127197266,32.826541900634766,33.3981819152832,31321635
2013-03-08,33.53632736206055,34.46048355102539,33.53632736206055,34.21753692626953,50346977
2013-03-11,34.16513442993164,34.57004928588867,33.77927780151367,34.23659133911133,38448337
2013-03-12,34.298519134521484,34.441429138183594,33.53632736206055,33.94124221801758,35755935
2013-03-13,33.82215118408203,34.003170013427734,33.412471771240234,33.54585647583008,25188104
2013-03-14,33.54585647583008,34.13179016113281,33.0218505859375,34.02222442626953,32243569
2013-03-15,34.09368133544922,34.565284729003906,33.650657653808594,33.76974868774414,29236159
2013-03-18,33.2362174987793,33.53632736206055,32.99327087402344,33.279090881347656,20968344
2013-03-19,33.44105529785156,33.51251220703125,32.24060821533203,32.364463806152344,29563972
2013-03-20,32.364463806152344,32.621700286865234,31.688020706176758,31.892858505249023,32234479
2013-03-21,32.05958557128906,32.48355484008789,30.963939666748047,31.235469818115234,35735016
2013-03-22,31.16401481628418,31.2497615814209,30.50662612915039,30.663827896118164,40015507
2013-03-25,31.2497615814209,31.278343200683594,29.830184936523438,29.954038619995117,49847815
2013-03-26,29.739673614501953,29.906402587890625,29.058467864990234,29.206140518188477,47792651
2013-03-28,29.106103897094727,30.23986053466797,28.64879035949707,29.806364059448242,138880635
2013-04-01,29.982622146606445,30.15411376953125,29.553890228271484,29.982622146606445,34235893
2013-04-02,29.925457000732422,30.62571907043457,29.839710235595703,30.4589900970459,35774219
2013-04-03,30.37324333190918,30.992521286010742,30.073131561279297,30.18745994567871,40219761
2013-04-04,30.02073097229004,30.058841705322266,28.872682571411133,28.996538162231445,50169939
2013-04-05,28.915557861328125,29.787311553955078,28.886974334716797,29.458616256713867,41835601
2013-04-08,29.58247184753418,29.773019790649414,29.029884338378906,29.14421272277832,34976759
2013-04-09,29.35381507873535,29.896875381469727,28.920320510864258,29.00130271911621,40568692
2013-04-10,29.282360076904297,29.425270080566406,28.58209991455078,29.082284927368164,59964944
2013-04-11,29.344287872314453,29.38239860534668,28.36296844482422,28.43918800354004,66694181
2013-04-12,28.29627799987793,28.896501541137695,28.11049461364746,28.534461975097656,52325834
2013-04-15,28.391550064086914,28.391550064086914,27.981874465942383,28.053329467773438,37592119
2013-04-16,28.053329467773438,28.64879035949707,27.86754608154297,28.424896240234375,63584287
2013-04-17,28.677371978759766,28.915557861328125,28.21053123474121,28.301040649414062,68517003
2013-04-18,28.315332412719727,28.820283889770508,27.99140167236328,28.56304359436035,57604113
2013-04-22,28.753591537475586,29.36334228515625,28.677371978759766,29.22043228149414,55733324
2013-04-23,29.258541107177734,29.744436264038086,29.163267135620117,29.44908905029297,52817114
2013-04-25,29.55865478515625,29.958803176879883,29.534835815429688,29.777782440185547,47737389
2013-04-26,29.8492374420166,30.16364288330078,28.982248306274414,29.063230514526367,37723866
2013-04-29,29.106103897094727,29.22043228149414,28.686899185180664,28.815519332885742,26517800
2013-04-30,29.048940658569336,29.287124633789062,28.36296844482422,28.844100952148438,43365635
2013-05-02,28.963193893432617,29.201377868652344,28.772645950317383,29.020357131958008,29722379
2013-05-03,28.915557861328125,29.954038619995117,28.68213653564453,29.6491641998291,56318386
2013-05-06,29.854001998901367,30.80197525024414,29.820655822753906,30.730520248413086,61835052
2013-05-07,30.887720108032227,31.097322463989258,30.487571716308594,30.93535804748535,52826865
2013-05-08,31.083032608032227,31.135433197021484,30.135059356689453,30.35895347595215,54284613
2013-05-09,30.4589900970459,30.66859245300293,29.992149353027344,30.116004943847656,32921952
2013-05-10,30.19698715209961,30.525680541992188,30.02073097229004,30.344661712646484,29697724
2013-05-13,30.382770538330078,30.606664657592773,29.058467864990234,29.115631103515625,42574021
2013-05-14,28.848865509033203,29.22043228149414,28.248640060424805,28.95366668701172,65199056
2013-05-15,29.058467864990234,29.51578140258789,29.058467864990234,29.37286949157715,39638120
2013-05-16,29.37286949157715,29.973094940185547,29.30617904663086,29.706327438354492,46417675
2013-05-17,29.79207420349121,29.863529205322266,29.391925811767578,29.711091995239258,33278451
2013-05-20,29.811128616333008,30.4589900970459,29.773019790649414,30.0445499420166,42932137
2013-05-21,30.01120376586914,30.15411376953125,29.22043228149414,29.401451110839844,31203733
2013-05-22,29.282360076904297,29.86829376220703,28.972721099853516,29.148977279663086,34817523
2013-05-23,29.058467864990234,29.58247184753418,28.139076232910156,28.539226531982422,89139009
2013-05-24,29.54912567138672,30.4399356842041,29.201377868652344,29.820655822753906,120873612
2013-05-27,29.830184936523438,30.35895347595215,29.611053466796875,30.216041564941406,38877942
2013-05-28,30.11124038696289,30.849611282348633,30.11124038696289,30.65906524658203,54824153
2013-05-29,30.6495361328125,30.763866424560547,29.773019790649414,29.96833038330078,37854794
2013-05-30,29.825420379638672,29.825420379638672,28.653554916381836,28.739299774169922,67307508
2013-05-31,28.939374923706055,28.939374923706055,27.63888931274414,27.796091079711914,71057705
2013-06-03,27.962820053100586,28.37249755859375,27.634126663208008,28.248640060424805,45763118
2013-06-04,28.315332412719727,28.81075668334961,28.305805206298828,28.4630069732666,40275253
2013-06-05,28.36296844482422,28.81075668334961,28.229585647583008,28.49635124206543,35038255
2013-06-06,28.29627799987793,28.29627799987793,27.939001083374023,28.134313583374023,36067396
2013-06-07,28.010456085205078,28.42966079711914,27.74845314025879,27.82467269897461,28921979
2013-06-10,27.86754608154297,28.191476821899414,27.49597930908203,27.686525344848633,27718499
2013-06-11,27.438814163208008,27.576961517333984,26.46225929260254,26.79095458984375,51578891
2013-06-12,26.690916061401367,26.795717239379883,25.99065589904785,26.081165313720703,55076836
2013-06-13,25.819162368774414,26.648042678833008,25.19988441467285,25.357084274291992,65208397
2013-06-14,25.666725158691406,26.338403701782227,25.633378982543945,26.119274139404297,42151438
2013-06-17,26.205020904541016,26.476551055908203,25.657197952270508,26.39556884765625,35967011
2013-06-18,26.271711349487305,27.467397689819336,26.076400756835938,27.162521362304688,59503872
2013-06-19,27.162521362304688,27.972347259521484,26.957683563232422,27.734163284301758,74733601
2013-06-20,27.22921371459961,27.233976364135742,25.800107955932617,25.96683692932129,76652725
2013-06-21,25.952545166015625,26.338403701782227,25.2999210357666,25.919200897216797,58373707
2013-06-24,25.742944717407227,26.238367080688477,25.304685592651367,25.404722213745117,57052723
2013-06-25,25.390430450439453,25.757234573364258,24.99028205871582,25.38566780090332,54589072
2013-06-26,25.62861442565918,25.676252365112305,25.018863677978516,25.20941162109375,44955319
2013-06-27,25.62861442565918,25.700069427490234,24.89977264404297,25.16653823852539,51764556
2013-06-28,25.438068389892578,26.114511489868164,25.438068389892578,26.081165313720703,64426912
2013-07-01,25.92396354675293,26.93386459350586,25.92396354675293,26.743316650390625,46058006
2013-07-02,26.838590621948242,27.2768497467041,26.676624298095703,26.862409591674805,43840131
2013-07-03,26.590879440307617,26.600406646728516,25.585742950439453,25.68101692199707,41510201
2013-07-04,26.00971031188965,26.047819137573242,25.095083236694336,25.228466033935547,48243583
2013-07-05,25.580978393554688,25.709598541259766,25.114137649536133,25.21893882751465,35367643
2013-07-08,25.04744529724121,25.04744529724121,24.580604553222656,24.761625289916992,40983550
2013-07-09,25.018863677978516,25.161773681640625,24.785442352294922,24.928354263305664,35587578
2013-07-10,25.05697250366211,25.061737060546875,24.318601608276367,24.40911293029785,51591917
2013-07-11,24.961698532104492,25.280866622924805,24.685405731201172,24.87118911743164,56890663
2013-07-12,24.9140625,25.152246475219727,24.62824249267578,25.02362632751465,38974306
2013-07-15,24.247146606445312,24.723514556884766,23.999435424804688,24.5282039642334,53080240
2013-07-16,24.142345428466797,24.399585723876953,23.885107040405273,23.970853805541992,33494219
2013-07-17,23.970853805541992,24.147109985351562,23.075281143188477,23.170555114746094,46462955
2013-07-18,23.184846878051758,23.399211883544922,22.832332611083984,23.313465118408203,39403806
2013-07-19,23.29917335510254,23.646923065185547,22.865678787231445,22.960952758789062,47065451
2013-07-22,22.956188201904297,22.960952758789062,22.213054656982422,22.274982452392578,49151242
2013-07-23,22.86091423034668,22.86091423034668,22.208290100097656,22.351200103759766,44985810
2013-07-24,22.26545524597168,22.479820251464844,21.779558181762695,21.874832153320312,42192226
2013-07-25,21.703340530395508,21.955814361572266,21.150753021240234,21.231735229492188,53266829
2013-07-26,21.293663024902344,21.57472038269043,20.64103889465332,20.855405807495117,37666033
2013-07-29,20.788713455200195,21.36511993408203,20.407617568969727,20.521947860717773,63042804
2013-07-30,20.521947860717773,20.702966690063477,19.769285202026367,19.950305938720703,43940295
2013-07-31,19.826448440551758,20.74107551574707,19.27862548828125,20.55052947998047,65774010
2013-08-01,20.69820213317871,20.922096252441406,19.735939025878906,20.021760940551758,48381344
2013-08-02,20.040815353393555,20.217071533203125,19.1690616607666,19.27862548828125,47563983
2013-08-05,19.27862548828125,19.950305938720703,18.88323974609375,19.80739402770996,48205252
2013-08-06,19.626373291015625,19.626373291015625,18.74985694885254,18.888002395629883,53800271
2013-08-07,18.816547393798828,19.902667999267578,18.60694694519043,19.812158584594727,59052719
2013-08-08,19.821685791015625,21.060243606567383,19.697830200195312,20.845876693725586,73023086
2013-08-12,21.03642463684082,22.813278198242188,21.022132873535156,22.536985397338867,128553374
2013-08-13,22.284509658813477,23.19913673400879,22.070144653320312,22.999061584472656,98751434
2013-08-14,25.05697250366211,25.05697250366211,23.456375122070312,23.827943801879883,209532373
2013-08-16,23.723142623901367,23.751724243164062,22.074907302856445,22.42265510559082,84934793
2013-08-19,21.91294288635254,23.7183780670166,21.307954788208008,23.51830291748047,140640240
2013-08-20,23.22295570373535,24.656824111938477,22.83709716796875,24.48533058166504,113546887
2013-08-21,24.77115249633789,25.04744529724121,23.270591735839844,23.64215850830078,123601544
2013-08-22,23.62786865234375,26.28600311279297,23.399211883544922,26.114511489868164,159502777
2013-08-23,26.281240463256836,27.057720184326172,25.733415603637695,26.895755767822266,153086628
2013-08-26,27.062484741210938,27.191102981567383,26.06687355041504,26.405094146728516,108611021
2013-08-27,26.20025634765625,26.652807235717773,25.828689575195312,25.943017959594727,74050442
2013-08-28,25.7143611907959,26.986265182495117,25.257047653198242,26.58135223388672,102297052
2013-08-29,26.910045623779297,27.105356216430664,26.295530319213867,26.519424438476562,86079769
2013-08-30,26.676624298095703,27.59125328063965,25.723888397216797,26.104982376098633,127985148
2013-09-02,26.205020904541016,27.72463607788086,26.152620315551758,27.57219886779785,89532947
2013-09-03,27.896127700805664,28.139076232910156,26.63851547241211,26.80048179626465,110472449
2013-09-04,26.910045623779297,27.796091079711914,26.624225616455078,27.619834899902344,65716880
2013-09-05,28.09143829345703,28.234350204467773,27.15299415588379,27.500743865966797,67939740
2013-09-06,27.64841651916504,28.096202850341797,27.010082244873047,27.834199905395508,63322336
2013-09-10,28.229585647583008,28.772645950317383,27.948528289794922,28.639263153076172,64587764
2013-09-11,28.772645950317383,30.37324333190918,28.43918800354004,30.07789421081543,95300974
2013-09-12,29.906402587890625,30.249387741088867,28.710718154907227,28.844100952148438,69624927
2013-09-13,28.829809188842773,29.134685516357422,28.23911476135254,28.420133590698242,76520957
2013-09-16,29.01082992553711,29.234722137451172,27.576961517333984,27.78179931640625,58291817
2013-09-17,27.63888931274414,27.862783432006836,27.14346694946289,27.457868576049805,77234229
2013-09-18,27.619834899902344,27.805618286132812,27.21015739440918,27.64841651916504,36175264
2013-09-19,28.591625213623047,29.86829376220703,28.391550064086914,29.591999053955078,77990985
2013-09-20,29.534835815429688,29.563417434692383,28.115257263183594,28.58209991455078,86423494
2013-09-23,28.38202476501465,28.94413948059082,27.705581665039062,27.962820053100586,47097369
2013-09-24,27.77227210998535,28.315332412719727,27.63888931274414,27.872310638427734,41904896
2013-09-25,28.010456085205078,28.124784469604492,27.272085189819336,27.734163284301758,39325400
2013-09-26,27.700817108154297,28.72500991821289,27.643653869628906,28.57257080078125,68765739
2013-09-27,28.57257080078125,28.867919921875,27.248266220092773,27.381650924682617,55808392
2013-09-30,27.0958309173584,27.0958309173584,25.357084274291992,25.871562957763672,108973241
2013-10-01,26.128801345825195,26.533714294433594,25.61432456970215,26.271711349487305,64389735
2013-10-03,26.338403701782227,27.576961517333984,26.338403701782227,27.233976364135742,68632796
2013-10-04,27.052955627441406,28.029510498046875,26.8814640045166,27.481687545776367,66615261
2013-10-07,27.438814163208008,28.753591537475586,27.286376953125,28.620208740234375,75543929
2013-10-08,28.996538162231445,29.12039566040039,28.16765785217285,28.277223587036133,55973107
2013-10-09,27.819908142089844,29.05370330810547,27.819908142089844,28.891738891601562,58811719
2013-10-10,29.125158309936523,29.630109786987305,29.058467864990234,29.401451110839844,62395563
2013-10-11,29.696800231933594,29.84447479248047,28.963193893432617,29.334760665893555,51372801
2013-10-14,29.344287872314453,29.43956184387207,28.64879035949707,28.73453712463379,41135386
2013-10-15,28.867919921875,29.84447479248047,28.653554916381836,29.58247184753418,82550567
2013-10-17,29.630109786987305,30.149349212646484,29.425270080566406,29.544363021850586,64457182
2013-10-18,29.80160140991211,31.440309524536133,29.611053466796875,31.335508346557617,137828613
2013-10-21,31.345035552978516,32.2501335144043,31.345035552978516,32.02147674560547,75401309
2013-10-22,32.10722351074219,32.716976165771484,31.86903953552246,32.388282775878906,61165286
2013-10-23,32.45973587036133,32.76461410522461,31.54511070251465,31.935731887817383,70423543
2013-10-24,31.72612953186035,32.478790283203125,31.411727905273438,31.6451473236084,52441144
2013-10-25,31.454599380493164,31.51652717590332,30.59237289428711,30.663827896118164,57798301
2013-10-28,30.963939666748047,31.192596435546875,29.663454055786133,29.753965377807617,72387685
2013-10-29,29.630109786987305,31.178306579589844,29.410980224609375,31.044923782348633,81784752
2013-10-30,31.2497615814209,31.4307804107666,30.597137451171875,31.116378784179688,51901730
2013-10-31,31.02110481262207,32.2310791015625,30.882957458496094,31.907150268554688,65695132
2013-11-01,31.916677474975586,32.564537048339844,31.683256149291992,32.026241302490234,47639513
2013-11-05,32.335880279541016,32.85512161254883,31.597509384155273,32.293006896972656,46777743
2013-11-06,32.421627044677734,32.55501174926758,31.668964385986328,31.754711151123047,45522485
2013-11-07,31.654674530029297,33.33625411987305,31.654674530029297,32.94563293457031,102722542
2013-11-08,32.95515823364258,33.99840545654297,32.92181396484375,33.89360427856445,82459713
2013-11-11,33.89836883544922,34.82728576660156,33.56014633178711,34.37473678588867,79422609
2013-11-12,34.48906707763672,34.63197708129883,33.355308532714844,33.579200744628906,79432601
2013-11-13,33.37436294555664,34.67008590698242,33.37436294555664,34.08415222167969,85701532
2013-11-14,35.060707092285156,35.90388107299805,34.212772369384766,35.76096725463867,176187051
2013-11-18,36.10871887207031,36.96141815185547,36.046791076660156,36.85185241699219,77526786
2013-11-19,36.9757080078125,37.30440139770508,36.223045349121094,36.51362991333008,100230794
2013-11-20,36.47075653076172,37.04716491699219,36.146827697753906,36.68035888671875,75917957
2013-11-21,36.485050201416016,36.670833587646484,35.91817092895508,36.45170211791992,66459142
2013-11-22,36.575557708740234,37.68073272705078,36.54697799682617,37.3901481628418,79927155
2013-11-25,37.5473518371582,38.014190673828125,37.475894927978516,37.914154052734375,49985607
2013-11-26,37.7474250793457,37.914154052734375,37.109092712402344,37.323455810546875,51448488
2013-11-27,37.34727478027344,37.72360610961914,36.95188903808594,37.60927963256836,43076678
2013-11-28,37.718841552734375,38.461978912353516,37.68073272705078,38.19520950317383,48652825
2013-11-29,38.300010681152344,38.62394332885742,37.97608184814453,38.166629791259766,37258543
2013-12-02,38.11899185180664,39.05267333984375,37.728370666503906,38.900238037109375,62151393
2013-12-03,38.77638244628906,39.22416687011719,38.595359802246094,39.043148040771484,60552021
2013-12-04,38.96692657470703,39.605262756347656,38.87165451049805,39.438533782958984,44197439
2013-12-05,39.933956146240234,40.23406982421875,39.66242599487305,40.14832305908203,58430228
2013-12-06,40.11021041870117,40.396034240722656,39.82439041137695,40.272178649902344,43622821
2013-12-09,40.967674255371094,41.15345764160156,40.01017379760742,40.10544967651367,52664753
2013-12-10,40.01493835449219,40.48177719116211,39.781517028808594,40.329341888427734,50035957
2013-12-11,40.200721740722656,40.47701644897461,39.63384246826172,39.848209381103516,70370464
2013-12-12,39.5290412902832,39.75293731689453,39.20511245727539,39.32420349121094,61483150
2013-12-13,39.05267333984375,39.695770263671875,38.97645568847656,39.552860260009766,64458694
2013-12-16,39.552860260009766,40.033992767333984,38.80019760131836,38.957401275634766,48785076
2013-12-17,39.000274658203125,39.36231231689453,38.68110656738281,38.93834686279297,36867218
2013-12-18,38.947872161865234,39.67671585083008,38.857364654541016,39.5290412902832,31658265
2013-12-19,39.82439041137695,39.938720703125,38.985984802246094,39.13842010498047,36798847
2013-12-20,39.13842010498047,39.905372619628906,39.09554672241211,39.81962585449219,28381116
2013-12-23,39.82439041137695,40.66279983520508,39.748172760009766,40.31504821777344,28389492
2013-12-24,40.396034240722656,40.524654388427734,39.695770263671875,39.86249923706055,24235438
2013-12-26,39.833919525146484,40.681854248046875,39.66242599487305,40.524654388427734,42023501
2013-12-27,40.524654388427734,40.78665542602539,40.300758361816406,40.496070861816406,25983633
2013-12-30,40.49130630493164,40.834293365478516,40.19595718383789,40.54370880126953,22294503
2013-12-31,40.62945556640625,40.66279983520508,40.25788497924805,40.41508865356445,12709535
2014-01-01,40.49130630493164,40.66279983520508,40.36268615722656,40.57705307006836,12526105
2014-01-02,40.586578369140625,41.49168014526367,39.72911834716797,39.938720703125,41987111
2014-01-03,39.681480407714844,39.9577751159668,38.96692657470703,39.300384521484375,33417104
2014-01-06,39.152713775634766,39.605262756347656,38.547725677490234,38.900238037109375,28387844
2014-01-07,39.05267333984375,39.243221282958984,37.39967727661133,37.604515075683594,40939015
2014-01-08,37.59975051879883,37.84746170043945,37.11861801147461,37.38538360595703,47662793
2014-01-09,37.571170806884766,38.04277420043945,36.92807388305664,37.232948303222656,41860749
2014-01-10,37.42349624633789,37.461605072021484,36.53744888305664,36.63272476196289,34276187
2014-01-13,36.70417785644531,37.080509185791016,36.37071990966797,36.770870208740234,28845421
2014-01-14,36.68035888671875,37.06145477294922,35.56565856933594,35.66569519042969,38266377
2014-01-15,35.822898864746094,36.2039909362793,35.498966217041016,35.727622985839844,34720329
2014-01-16,35.87053298950195,36.63272476196289,35.8086051940918,36.30879211425781,38249237
2014-01-17,36.29926681518555,36.74705123901367,35.74191665649414,35.980098724365234,36068382
2014-01-20,35.9658088684082,36.132537841796875,35.26078414916992,35.684749603271484,34481533
2014-01-21,35.822898864746094,36.775634765625,35.822898864746094,36.54697799682617,42955270
2014-01-22,36.613670349121094,37.53782272338867,36.613670349121094,37.46636962890625,48629766
2014-01-23,37.42825698852539,37.44255065917969,36.880435943603516,37.08527374267578,26209110
2014-01-24,36.68988800048828,36.775634765625,35.67522430419922,35.822898864746094,31292530
2014-01-27,35.194091796875,35.21791076660156,33.53632736206055,33.68400192260742,46321352
2014-01-28,33.72687530517578,35.146453857421875,33.58396530151367,34.93208694458008,50911634
2014-01-29,35.10834503173828,35.189327239990234,33.94124221801758,34.10797119140625,47641329
2014-01-30,33.6316032409668,33.72687530517578,32.50737380981445,33.01708984375,58965717
2014-01-31,33.19334411621094,34.098445892333984,33.112361907958984,33.92218780517578,54543855
2014-02-03,33.8126220703125,33.8126220703125,32.588356018066406,32.688392639160156,37355958
2014-02-04,32.20726013183594,33.04566955566406,32.0167121887207,32.674102783203125,76322424
2014-02-05,32.85512161254883,34.3842658996582,32.77890396118164,34.241355895996094,49936223
2014-02-06,34.47953796386719,34.98448944091797,33.94124221801758,34.41761016845703,67917037
2014-02-07,34.54623031616211,36.870906829833984,34.54623031616211,36.627960205078125,123025214
2014-02-10,36.86138153076172,37.461605072021484,36.25639343261719,36.442176818847656,65533430
2014-02-11,36.870906829833984,37.44255065917969,36.70894241333008,37.132911682128906,44855890
2014-02-12,36.73276138305664,36.86138153076172,35.51325988769531,35.66569519042969,98448864
2014-02-13,35.822898864746094,36.089664459228516,34.793941497802734,35.00830841064453,61432349
2014-02-14,35.146453857421875,35.47991180419922,34.246116638183594,35.32747268676758,63369957
2014-02-17,35.389400482177734,35.76573181152344,34.91779708862305,35.637115478515625,36015860
2014-02-18,35.627586364746094,36.385013580322266,35.45132827758789,36.17064666748047,37853335
2014-02-19,36.189701080322266,36.19446563720703,35.36082077026367,35.61805725097656,33242397
2014-02-20,35.17027282714844,35.232200622558594,34.67961120605469,34.94161605834961,44916431
2014-02-21,34.94161605834961,35.79907989501953,34.94161605834961,35.67045974731445,33401958
2014-02-24,35.61329650878906,35.61329650878906,34.89874267578125,35.1750373840332,34362035
2014-02-25,35.2131462097168,35.44656753540039,34.26041030883789,34.35091781616211,46040540
2014-02-26,34.398555755615234,34.57004928588867,33.19334411621094,33.279090881347656,105937722
2014-02-28,33.44105529785156,33.78404235839844,32.45973587036133,32.75508499145508,103850944
2014-03-03,32.774139404296875,33.29814529418945,32.45973587036133,32.89799499511719,59775805
2014-03-04,33.012325286865234,33.58396530151367,32.90275955200195,33.51251220703125,59885027
2014-03-05,33.803096771240234,34.27946472167969,33.51251220703125,33.91265869140625,69713861
2014-03-06,34.10797119140625,34.81299591064453,33.917423248291016,34.69866943359375,59836945
2014-03-07,35.07976150512695,35.57518768310547,34.73201370239258,35.356056213378906,66310559
2014-03-10,35.08452606201172,35.32747268676758,34.53194046020508,34.693904876708984,52041663
2014-03-11,34.693904876708984,34.71772384643555,32.616939544677734,32.75032043457031,96014665
2014-03-12,32.488319396972656,33.2171630859375,32.14057159423828,32.35493469238281,91702529
2014-03-13,32.58359146118164,33.14570617675781,31.84522247314453,32.092933654785156,58457203
2014-03-14,31.82140350341797,32.659812927246094,31.630855560302734,32.55501174926758,64654729
2014-03-18,32.96468734741211,33.155235290527344,32.30730056762695,32.45973587036133,43599005
2014-03-19,32.716976165771484,34.23659133911133,32.41210174560547,33.974586486816406,100490173
2014-03-20,34.03175354003906,34.28422927856445,33.12188720703125,33.34101867675781,53214632
2014-03-21,33.46010971069336,34.77488708496094,33.46010971069336,34.57004928588867,85578843
2014-03-24,34.75583267211914,34.96543502807617,33.93171310424805,34.593868255615234,58579199
2014-03-25,34.508121490478516,35.4084587097168,34.44619369506836,34.97496032714844,55408197
2014-03-26,35.384639739990234,35.822898864746094,35.27983856201172,35.70856857299805,58642344
2014-03-27,35.727622985839844,36.15159225463867,35.56089401245117,35.76573181152344,60261228
2014-03-28,36.089664459228516,36.5612678527832,35.822898864746094,36.346900939941406,39446682
2014-03-31,36.64701461791992,37.761714935302734,36.48981475830078,37.533058166503906,73888761
2014-04-01,37.728370666503906,38.42863082885742,36.823272705078125,38.21902847290039,87861268
2014-04-02,38.34288787841797,38.58583450317383,38.01895523071289,38.43815994262695,56289574
2014-04-03,38.43339538574219,39.252750396728516,37.51400375366211,37.88557052612305,73980769
2014-04-04,38.099937438964844,38.5572509765625,37.671207427978516,38.300010681152344,48148436
2014-04-07,38.352413177490234,38.82401657104492,37.93797302246094,38.74303436279297,38762611
2014-04-09,39.06220245361328,39.991119384765625,38.87165451049805,39.89584732055664,52431036
2014-04-10,39.91013717651367,40.472251892089844,39.17652893066406,39.805335998535156,61890786
2014-04-11,39.58620834350586,40.34839630126953,39.157474517822266,40.000648498535156,55071346
2014-04-15,39.97206497192383,40.443668365478516,38.84307098388672,38.98122024536133,48916277
2014-04-16,39.109840393066406,39.705299377441406,38.562015533447266,39.41471481323242,42785464
2014-04-17,39.257511138916016,40.005409240722656,39.186058044433594,39.91013717651367,34439863
2014-04-21,39.96730041503906,40.538944244384766,39.781517028808594,40.34839630126953,39727736
2014-04-22,40.386505126953125,40.386505126953125,39.833919525146484,40.09592056274414,34292509
2014-04-23,40.11021041870117,40.90098190307617,40.033992767333984,40.638980865478516,53364484
2014-04-24,40.638980865478516,40.638980865478516,40.638980865478516,40.638980865478516,0
2014-04-25,40.638980865478516,41.24396896362305,40.23883056640625,40.672325134277344,50287107
2014-04-28,40.49130630493164,41.14869689941406,40.40555953979492,40.567527770996094,35267206
2014-04-29,40.49130630493164,40.61039733886719,38.49055862426758,38.63346862792969,72007916
2014-04-30,38.77638244628906,38.82401657104492,37.46636962890625,38.17139434814453,74568907
2014-05-02,38.395286560058594,38.7382698059082,36.9757080078125,37.16149139404297,61469032
2014-05-05,37.19483947753906,38.47150421142578,37.04716491699219,37.87604522705078,55043574
2014-05-06,38.05229949951172,38.5381965637207,37.9808464050293,38.27619552612305,38688089
2014-05-07,38.21902847290039,38.43815994262695,37.74266052246094,38.099937438964844,27633817
2014-05-08,38.223793029785156,38.704925537109375,37.957027435302734,38.300010681152344,34659567
2014-05-09,38.109466552734375,40.086395263671875,38.023719787597656,39.70053482055664,68012352
2014-05-12,39.7243537902832,40.672325134277344,39.64337158203125,40.01970291137695,55078641
2014-05-13,40.41032409667969,42.06332015991211,40.134029388427734,40.69137954711914,93712938
2014-05-14,40.96290969848633,43.3209342956543,40.95814895629883,43.097042083740234,113984909
2014-05-15,43.53053665161133,44.58807373046875,42.944602966308594,43.88304901123047,149795855
2014-05-16,45.0644416809082,46.2887077331543,40.70090866088867,42.00615692138672,204874412
2014-05-19,42.39677810668945,43.84970474243164,41.5012092590332,42.944602966308594,115128667
2014-05-20,43.206607818603516,45.19306182861328,43.206607818603516,44.5070915222168,95506487
2014-05-21,44.583309173583984,44.81196594238281,43.559120178222656,44.06883239746094,57589188
2014-05-22,44.30225372314453,45.52175521850586,44.297489166259766,44.8643684387207,61048654
2014-05-23,44.96916961669922,46.01717758178711,44.71669387817383,45.55986785888672,59767964
2014-05-26,45.931434631347656,47.16046142578125,43.1208610534668,44.55472946166992,81445749
2014-05-27,44.43087387084961,45.63132095336914,43.97356033325195,45.50270080566406,49862520
2014-05-28,45.75041198730469,46.064815521240234,44.492801666259766,44.7071647644043,40047457
2014-05-29,44.87389373779297,45.20735168457031,44.14981460571289,44.39276123046875,44862544
2014-05-30,44.492801666259766,45.44553756713867,44.1117057800293,45.26451873779297,54549702
2014-06-02,45.331207275390625,47.217628479003906,44.91676712036133,46.96038818359375,58327314
2014-06-03,47.39864730834961,50.33784103393555,47.2557373046875,50.19016647338867,131324234
2014-06-04,50.23303985595703,51.77170944213867,50.028202056884766,51.20006561279297,112743737
2014-06-05,51.4287223815918,53.424705505371094,51.261993408203125,53.06266784667969,95953893
2014-06-06,53.781982421875,54.18689727783203,52.61964416503906,53.41518020629883,79419093
2014-06-09,53.829620361328125,55.24919509887695,53.35325241088867,54.806175231933594,61911778
2014-06-10,54.78235626220703,54.78235626220703,52.633934020996094,53.22939682006836,58680046
2014-06-11,53.34372329711914,53.90583801269531,51.93367385864258,52.348114013671875,54271493
2014-06-12,52.305240631103516,53.15793991088867,51.79076385498047,52.36716842651367,39031930
2014-06-13,52.262367248535156,52.71015548706055,49.918636322021484,50.071075439453125,45478800
2014-06-16,49.990089416503906,50.428348541259766,48.78011703491211,49.98056411743164,73210588
2014-06-17,50.018672943115234,50.89519119262695,48.875389099121094,50.71417236328125,69984975
2014-06-18,51.076210021972656,51.43348693847656,49.35175704956055,49.723323822021484,58938963
2014-06-19,50.018672943115234,50.15205764770508,49.06593704223633,49.48990249633789,42843854
2014-06-20,49.44702911376953,50.92377471923828,49.33270263671875,49.53277587890625,57392712
2014-06-23,49.6280517578125,50.361656188964844,49.589942932128906,50.19969177246094,35729317
2014-06-24,50.256858825683594,51.05715560913086,50.25209426879883,50.71417236328125,31716813
2014-06-25,50.79039001464844,51.257232666015625,50.50457000732422,50.58555221557617,24138863
2014-06-26,50.68558883666992,51.11431884765625,49.90434646606445,50.09489059448242,34468832
2014-06-27,50.371185302734375,50.59031677246094,49.25648498535156,49.437503814697266,33641962
2014-06-30,49.675689697265625,50.55220413208008,49.51848602294922,50.34260559082031,39570127
2014-07-01,50.49504089355469,51.952728271484375,50.49504089355469,51.50970458984375,55762230
2014-07-02,52.11469268798828,52.390987396240234,51.68596267700195,51.78123474121094,34141628
2014-07-03,52.13374710083008,52.35287857055664,51.18577575683594,51.357269287109375,35661995
2014-07-04,51.92414474487305,51.92414474487305,50.609371185302734,51.12384796142578,38182461
2014-07-07,51.171485900878906,51.72407150268555,50.83802795410156,51.07144546508789,26703287
2014-07-08,51.257232666015625,51.41919708251953,48.589569091796875,48.927791595458984,38018722
2014-07-09,49.16120910644531,50.185401916503906,48.699134826660156,49.385101318359375,54450577
2014-07-10,49.54230499267578,51.24293899536133,48.59433364868164,49.675689697265625,71702868
2014-07-11,49.54230499267578,49.94721984863281,47.56537628173828,47.81785202026367,63967971
2014-07-14,47.33195495605469,49.294593811035156,46.898460388183594,48.91349792480469,80394819
2014-07-15,49.427974700927734,50.49504089355469,49.00877380371094,50.2235107421875,46695537
2014-07-16,50.6379508972168,52.0194206237793,50.06631088256836,51.70501708984375,46273396
2014-07-17,51.73360061645508,53.35325241088867,51.471595764160156,53.238922119140625,73750937
2014-07-18,52.9721565246582,54.16307830810547,52.32429504394531,53.63907241821289,76572419
2014-07-21,53.734344482421875,54.48700714111328,53.3675422668457,53.61048889160156,46076321
2014-07-22,54.02016830444336,54.23453140258789,52.91499328613281,53.5628547668457,42242187
2014-07-23,53.87725830078125,53.92013168334961,52.45291519165039,52.83401107788086,44291652
2014-07-24,53.06742858886719,54.439369201660156,52.700626373291016,54.124969482421875,67054521
2014-07-25,54.30598831176758,54.720428466796875,52.591060638427734,53.124595642089844,61935762
2014-07-28,53.36277770996094,53.772457122802734,51.852691650390625,52.25760269165039,52961592
2014-07-30,52.49578857421875,52.586299896240234,51.20006561279297,52.02894592285156,65024044
2014-07-31,52.06705856323242,53.5676155090332,51.73836135864258,52.72444534301758,59632187
2014-08-01,52.20996856689453,53.915367126464844,51.87651062011719,52.28142166137695,68700454
2014-08-04,52.52913284301758,53.06742858886719,51.81458282470703,52.5767707824707,58007635
2014-08-05,52.7911376953125,53.92489242553711,51.92414474487305,53.5628547668457,57714742
2014-08-06,53.55332565307617,54.1916618347168,52.30047607421875,52.448150634765625,47052436
2014-08-07,52.51007843017578,53.5819091796875,52.49578857421875,52.953102111816406,67721883
2014-08-08,52.6101188659668,52.6101188659668,51.009517669677734,51.2286491394043,59210140
2014-08-11,51.866981506347656,52.005130767822266,50.4188232421875,50.94758987426758,50650702
2014-08-12,51.161956787109375,52.11469268798828,50.79039001464844,51.643089294433594,61196943
2014-08-13,51.62879943847656,51.63832473754883,50.371185302734375,50.92377471923828,54648417
2014-08-14,50.83802795410156,52.009891510009766,50.028202056884766,51.6097412109375,89783279
2014-08-18,51.261993408203125,52.29571533203125,51.2095947265625,52.062294006347656,49019789
2014-08-19,52.31000518798828,52.78160858154297,51.657379150390625,51.838401794433594,46702937
2014-08-20,51.809818267822266,52.586299896240234,51.600215911865234,51.97654724121094,46731843
2014-08-21,51.447776794433594,51.62879943847656,50.809444427490234,51.12384796142578,45989099
2014-08-22,51.32868576049805,51.67167282104492,50.919010162353516,51.23341369628906,30610326
2014-08-25,51.2286491394043,51.447776794433594,48.56575012207031,48.78011703491211,59643743
2014-08-26,48.91826248168945,50.34736633300781,48.789642333984375,50.01390838623047,71715873
2014-08-27,50.30449295043945,50.67605972290039,49.50896072387695,49.8471794128418,32439163
2014-08-28,49.80430603027344,50.20922088623047,48.80869674682617,48.889678955078125,44715179
2014-09-01,49.242191314697266,50.161582946777344,48.78487777709961,49.932926177978516,56107572
2014-09-02,49.932926177978516,50.19969177246094,49.337467193603516,49.466087341308594,38674664
2014-09-03,49.6471061706543,50.56173324584961,49.61376190185547,50.113948822021484,56738040
2014-09-04,49.985328674316406,50.34736633300781,48.084617614746094,48.49905776977539,58646437
2014-09-05,48.546695709228516,49.16120910644531,48.21800231933594,48.91349792480469,46089630
2014-09-08,49.075462341308594,49.537540435791016,48.646732330322266,49.29935836791992,39708412
2014-09-09,48.875389099121094,49.589942932128906,48.603858947753906,49.4136848449707,33348145
2014-09-10,49.06593704223633,49.823360443115234,48.92302703857422,49.466087341308594,40263109
2014-09-11,49.637577056884766,49.99961853027344,49.06593704223633,49.31364822387695,44686787
2014-09-12,49.31364822387695,49.67092514038086,49.02306365966797,49.15644454956055,46184714
2014-09-15,48.875389099121094,48.97066116333008,48.07985305786133,48.37043762207031,40920384
2014-09-16,48.37520217895508,48.47523880004883,46.35540008544922,46.698387145996094,57159426
2014-09-17,46.96991729736328,47.73210525512695,46.2696533203125,47.48439407348633,55046345
2014-09-18,47.265262603759766,48.54193115234375,47.265262603759766,48.15607452392578,51120706
2014-09-19,48.51334762573242,48.86586380004883,48.12749099731445,48.68484115600586,52173736
2014-09-22,48.11320114135742,48.237056732177734,47.47962951660156,47.72257614135742,35283244
2014-09-23,47.63683319091797,47.80832290649414,46.079105377197266,46.264892578125,41833522
2014-09-24,46.11245346069336,46.34587478637695,44.650001525878906,44.988224029541016,73281006
2014-09-25,45.0644416809082,45.469356536865234,43.03034973144531,43.86399459838867,64537320
2014-09-26,43.82588577270508,45.44553756713867,43.6782112121582,45.183536529541016,42046866
2014-09-29,45.19306182861328,45.75994110107422,44.2689094543457,44.43563461303711,32770829
2014-09-30,44.45469284057617,45.05967712402344,43.45431900024414,43.735374450683594,47778387
2014-10-01,43.397151947021484,43.57817459106445,42.44441604614258,42.758819580078125,50070468
2014-10-07,42.56351089477539,43.15896987915039,41.7393913269043,41.9347038269043,81132840
2014-10-08,41.682228088378906,43.61628341674805,41.5012092590332,43.45907974243164,70388486
2014-10-09,43.835411071777344,44.726219177246094,43.55435562133789,44.54520034790039,52206851
2014-10-10,43.82112121582031,43.82588577270508,42.506343841552734,42.6873664855957,51809994
2014-10-13,42.28245162963867,43.80683135986328,41.9347038269043,43.61151885986328,39178948
2014-10-14,43.64486312866211,44.01643371582031,42.00139236450195,43.449554443359375,61125412
2014-10-15,43.449554443359375,43.449554443359375,43.449554443359375,43.449554443359375,0
2014-10-16,43.902103424072266,44.549964904785156,41.5393180847168,41.83466339111328,86765068
2014-10-17,42.263397216796875,43.24471664428711,41.59171676635742,42.63972854614258,70420803
2014-10-20,43.354278564453125,43.57341003417969,42.52539825439453,42.8874397277832,45769573
2014-10-21,43.254241943359375,44.03548812866211,43.0875129699707,43.41620635986328,55778373
2014-10-22,43.92115783691406,44.097415924072266,43.2828254699707,43.55435562133789,42216619
2014-10-27,43.8735237121582,43.997379302978516,42.78263854980469,42.92078399658203,39244685
2014-10-28,42.88267517089844,43.22089767456055,42.549217224121094,42.98747634887695,42040809
2014-10-29,43.263771057128906,45.05491638183594,43.23042678833008,44.94058609008789,72083918
2014-10-30,44.96916961669922,45.48841094970703,44.626182556152344,45.20735168457031,48444699
2014-10-31,45.540809631347656,47.01755142211914,45.216880798339844,46.6840934753418,61385158
2014-11-03,46.87464141845703,47.150936126708984,46.2505989074707,46.603111267089844,39405748
2014-11-05,46.77936935424805,46.912750244140625,45.44553756713867,45.55033874511719,36021643
2014-11-07,45.636085510253906,46.37921905517578,44.835784912109375,44.91200637817383,40654886
2014-11-10,45.22164535522461,45.35026550292969,44.06406784057617,44.85960388183594,46832438
2014-11-11,45.08349609375,45.874267578125,44.92629623413086,45.75994110107422,47991982
2014-11-12,45.73135757446289,45.98859786987305,44.36418151855469,44.621421813964844,66635402
2014-11-13,44.31178283691406,45.30262756347656,44.030723571777344,44.89771270751953,62175030
2014-11-14,44.492801666259766,45.979068756103516,44.492801666259766,45.55510330200195,72311588
2014-11-17,45.36455535888672,46.01241683959961,45.26451873779297,45.74088668823242,24966679
2014-11-18,45.73135757446289,46.60787582397461,45.42171859741211,46.34111022949219,41841930
2014-11-19,46.31252670288086,46.94609832763672,44.71192932128906,44.87389373779297,46973096
2014-11-20,44.96440505981445,45.045387268066406,44.02119445800781,44.45469284057617,40637137
2014-11-21,44.492801666259766,45.016807556152344,43.835411071777344,44.10218048095703,41875832
2014-11-24,45.0644416809082,45.712303161621094,44.82625961303711,45.40742874145508,45579405
2014-11-25,45.2597541809082,45.35026550292969,43.68297576904297,44.24985122680664,45827533
2014-11-26,44.30225372314453,44.67382049560547,43.86875915527344,44.42134475708008,37148167
2014-11-27,44.30225372314453,44.683349609375,43.74013900756836,43.844940185546875,43853871
2014-11-28,43.96879577636719,45.27880859375,43.96879577636719,45.0977897644043,50664672
2014-12-01,45.25498962402344,45.25498962402344,43.744903564453125,43.93545150756836,32277324
2014-12-02,43.92115783691406,44.535675048828125,43.844940185546875,44.32130813598633,32508039
2014-12-03,44.53091049194336,44.745277404785156,44.01643371582031,44.183162689208984,29462223
2014-12-04,44.22127151489258,44.535675048828125,43.51148223876953,44.002140045166016,34863212
2014-12-05,44.15934371948242,44.65476608276367,43.77824783325195,43.93545150756836,32198173
2014-12-08,44.20698165893555,44.397525787353516,42.916019439697266,43.04940414428711,32074655
2014-12-09,43.00653076171875,43.00653076171875,41.44880676269531,41.56789779663086,42687106
2014-12-10,41.19633102416992,42.206233978271484,40.739017486572266,41.20586013793945,49691507
2014-12-11,41.062950134277344,41.44404220581055,39.7243537902832,39.89584732055664,55331754
2014-12-12,40.01493835449219,40.29123306274414,38.114227294921875,38.366703033447266,68469047
2014-12-15,38.014190673828125,38.904998779296875,37.728370666503906,38.199974060058594,50356108
2014-12-16,37.82364273071289,38.3762321472168,36.870906829833984,37.123382568359375,60581620
2014-12-17,37.53782272338867,38.5763053894043,36.87567138671875,37.48542404174805,84141835
2014-12-18,38.209503173828125,38.67158126831055,38.06182861328125,38.26190185546875,46289812
2014-12-19,38.64299774169922,39.1670036315918,38.395286560058594,38.62870788574219,48600408
2014-12-22,38.72397994995117,39.02409362792969,37.9856071472168,38.495323181152344,34157414
2014-12-23,38.595359802246094,38.7382698059082,37.41396713256836,37.61404037475586,39717964
2014-12-24,37.275821685791016,38.08088302612305,37.261531829833984,37.65691375732422,77162079
2014-12-26,37.73313522338867,38.08088302612305,37.166255950927734,37.9427375793457,31705928
2014-12-29,38.03324508666992,39.114601135253906,38.014190673828125,38.50008773803711,42796779
2014-12-30,38.52866744995117,38.67158126831055,37.65691375732422,37.756954193115234,30428912
2014-12-31,37.82364273071289,38.27619552612305,37.68549728393555,38.05229949951172,23647573
2015-01-01,37.83317184448242,38.68110656738281,37.83317184448242,38.53343200683594,26570816
2015-01-02,38.68110656738281,39.3480224609375,38.68110656738281,39.1336555480957,36043328
2015-01-05,39.3480224609375,40.15308380126953,39.3480224609375,39.70053482055664,54638866
2015-01-06,39.443294525146484,39.443294525146484,37.571170806884766,37.77600860595703,64767961
2015-01-07,37.899864196777344,37.899864196777344,36.54697799682617,37.05192565917969,49846923
2015-01-08,37.53782272338867,37.79506301879883,37.21389389038086,37.628334045410156,33271702
2015-01-09,38.300010681152344,38.5763053894043,37.64262390136719,38.07611846923828,53120660
2015-01-12,38.06182861328125,38.06182861328125,37.44255065917969,37.799827575683594,28244762
2015-01-13,37.82364273071289,37.999900817871094,37.17578125,37.29964065551758,31517083
2015-01-14,37.29487609863281,37.29487609863281,35.77526092529297,35.90388107299805,74832453
2015-01-15,36.089664459228516,37.03287124633789,35.45132827758789,36.65654373168945,73591596
2015-01-16,36.39453887939453,36.727996826171875,35.851478576660156,36.527923583984375,47636637
2015-01-19,36.642250061035156,36.86138153076172,36.25639343261719,36.65654373168945,29282226
2015-01-20,36.73752212524414,38.452449798583984,36.73752212524414,38.300010681152344,63164170
2015-01-21,38.58583450317383,38.68110656738281,37.49018478393555,37.83317184448242,40910854
2015-01-22,37.91891860961914,38.5572509765625,37.728370666503906,38.43339538574219,47523195
2015-01-23,39.06220245361328,39.252750396728516,38.014190673828125,38.40481185913086,47511356
2015-01-27,38.3762321472168,38.49055862426758,37.68073272705078,37.957027435302734,41693694
2015-01-28,37.82364273071289,37.82364273071289,37.05192565917969,37.266292572021484,41936541
2015-01-29,37.18531036376953,37.38538360595703,36.55650329589844,37.19483947753906,54190694
2015-01-30,37.39491271972656,37.63309860229492,36.823272705078125,37.19960021972656,37794421
2015-02-02,37.14720153808594,37.61404037475586,36.41359329223633,36.57079315185547,33367248
2015-02-03,36.870906829833984,36.913780212402344,36.022972106933594,36.30879211425781,36144668
2015-02-04,36.575557708740234,37.48065948486328,36.48981475830078,37.080509185791016,46397942
2015-02-05,37.318695068359375,37.42349624633789,36.01820755004883,36.132537841796875,32560341
2015-02-06,36.2039909362793,36.27068328857422,34.96543502807617,35.12263488769531,47436351
2015-02-09,34.012699127197266,34.441429138183594,32.983741760253906,33.10283279418945,79096076
2015-02-10,32.869415283203125,34.298519134521484,32.869415283203125,34.08415222167969,55432170
2015-02-11,34.298519134521484,35.12739944458008,33.6316032409668,34.77488708496094,41529388
2015-02-12,34.88921356201172,35.003543853759766,33.917423248291016,34.803470611572266,35851376
2015-02-13,35.12739944458008,35.42274856567383,34.7987060546875,34.92256164550781,39218246
2015-02-16,35.132164001464844,35.67522430419922,35.09405517578125,35.232200622558594,31397658
2015-02-18,35.43703842163086,35.43703842163086,34.74630355834961,35.01306915283203,33930341
2015-02-19,35.060707092285156,36.1849365234375,35.060707092285156,35.751441955566406,81372182
2015-02-20,36.01344680786133,36.3802490234375,35.53707504272461,35.699039459228516,36131716
2015-02-23,35.87053298950195,35.90864181518555,34.77488708496094,34.998779296875,32382306
2015-02-24,35.07023620605469,35.25125503540039,34.03175354003906,34.212772369384766,34512444
2015-02-25,34.565284729003906,34.75583267211914,33.355308532714844,33.43152618408203,41274249
2015-02-26,33.564910888671875,33.8126220703125,32.79795837402344,32.88846969604492,84644220
2015-02-27,33.10283279418945,33.7935676574707,32.94563293457031,33.407711029052734,52634461
2015-03-02,34.05080795288086,34.2223014831543,33.25050735473633,33.58872985839844,45976126
2015-03-03,33.6316032409668,34.09368133544922,33.29814529418945,33.64589309692383,53751517
2015-03-04,33.917423248291016,34.0269889831543,32.926578521728516,33.169525146484375,49051635
2015-03-05,33.2028694152832,33.269561767578125,32.51213836669922,32.70268630981445,50067718
2015-03-09,32.70268630981445,32.74555969238281,31.916677474975586,32.040531158447266,45854906
2015-03-10,32.21678924560547,32.29777145385742,31.445072174072266,31.59274673461914,42948363
2015-03-11,31.72612953186035,31.916677474975586,30.892484664916992,30.992521286010742,49145480
2015-03-12,31.22117805480957,32.0500602722168,31.19736099243164,31.74518394470215,45390518
2015-03-13,32.0119514465332,32.05482482910156,30.963939666748047,31.10685157775879,34423720
2015-03-16,31.33074378967285,31.33074378967285,30.782920837402344,31.07826805114746,29148663
2015-03-17,31.440309524536133,32.05482482910156,31.16401481628418,31.683256149291992,45438233
2015-03-18,31.983369827270508,31.983369827270508,31.378381729125977,31.607038497924805,32534625
2015-03-19,31.84522247314453,32.85036087036133,31.788057327270508,32.069114685058594,64537645
2015-03-20,32.069114685058594,32.52642822265625,31.15448760986328,31.31645393371582,60626733
2015-03-23,31.483182907104492,31.916677474975586,31.306926727294922,31.573692321777344,37579430
2015-03-24,31.44983673095703,31.81187629699707,30.892484664916992,31.168779373168945,46746811
2015-03-25,31.2497615814209,31.34027099609375,30.678119659423828,30.787683486938477,37206304
2015-03-26,30.773393630981445,30.959177017211914,29.915929794311523,30.068368911743164,68402890
2015-03-27,30.23986053466797,30.425643920898438,29.6491641998291,30.02073097229004,42185886
2015-03-30,30.297025680541992,30.95441246032715,30.025495529174805,30.716228485107422,31389356
2015-03-31,31.08779525756836,31.097322463989258,30.030258178710938,30.177932739257812,41301004
2015-04-01,30.201751708984375,30.95441246032715,30.106477737426758,30.8353214263916,32391543
2015-04-06,30.906776428222656,31.02110481262207,30.16364288330078,30.30655288696289,38517191
2015-04-07,30.51615333557129,31.935731887817383,30.201751708984375,31.773765563964844,76555500
2015-04-08,32.02147674560547,32.28824234008789,31.306926727294922,32.02147674560547,65964997
2015-04-09,32.15486145019531,33.09806823730469,32.10722351074219,32.969451904296875,64566720
2015-04-10,32.93610382080078,33.25050735473633,32.51213836669922,32.65028381347656,50551514
2015-04-13,32.79795837402344,33.179054260253906,32.49784469604492,32.88846969604492,36136932
2015-04-15,32.869415283203125,32.88846969604492,32.031005859375,32.169151306152344,33587067
2015-04-16,32.24060821533203,32.71221160888672,31.77853012084961,32.17391586303711,39577978
2015-04-17,32.083404541015625,33.55538558959961,31.930967330932617,32.96468734741211,73270741
2015-04-20,33.2028694152832,33.75545883178711,32.31206130981445,32.817012786865234,65778471
2015-04-21,33.012325286865234,33.53632736206055,32.731266021728516,33.179054260253906,52428633
2015-04-22,33.34101867675781,33.774513244628906,32.51213836669922,33.47439956665039,50216626
2015-04-23,33.82215118408203,35.341766357421875,33.75545883178711,35.198856353759766,127971125
2015-04-24,35.42274856567383,35.70856857299805,34.54623031616211,35.298892974853516,88782331
2015-04-27,35.16550827026367,35.51802062988281,34.441429138183594,35.146453857421875,52444209
2015-04-28,35.25125503540039,35.637115478515625,34.87968826293945,35.37034606933594,43662643
2015-04-29,35.432273864746094,36.137298583984375,35.060707092285156,35.246490478515625,57228679
2015-04-30,35.060707092285156,35.146453857421875,34.212772369384766,34.33186340332031,64867495
2015-05-04,34.44619369506836,34.946380615234375,34.03175354003906,34.455718994140625,34305965
2015-05-05,34.71772384643555,36.29926681518555,34.57004928588867,36.21352005004883,80454027
2015-05-06,36.29926681518555,36.63272476196289,34.87015914916992,35.02736282348633,62965679
2015-05-07,34.85586929321289,35.31318283081055,34.346153259277344,34.994014739990234,43462461
2015-05-08,35.26078414916992,35.727622985839844,34.68914031982422,34.936851501464844,36242093
2015-05-11,35.45132827758789,36.33737564086914,35.298892974853516,35.927696228027344,46997300
2015-05-12,35.76096725463867,35.822898864746094,33.58872985839844,33.68876647949219,57462038
2015-05-13,33.94124221801758,34.441429138183594,33.50298309326172,34.25088119506836,56637676
2015-05-14,34.298519134521484,35.04165267944336,34.046043395996094,34.90827178955078,39403302
2015-05-15,34.298519134521484,34.860633850097656,33.8316764831543,34.68914031982422,54257774
2015-05-18,34.77488708496094,34.96543502807617,34.39379119873047,34.693904876708984,25123291
2015-05-19,34.67961120605469,35.246490478515625,34.508121490478516,35.09405517578125,30854654
2015-05-20,35.003543853759766,35.003543853759766,33.874549865722656,34.4223747253418,67599887
2015-05-21,33.34578323364258,33.44105529785156,32.50260925292969,32.6074104309082,107641918
2015-05-22,32.67886734008789,33.112361907958984,32.435916900634766,32.51689910888672,41177591
2015-05-25,32.34064483642578,32.378753662109375,31.535581588745117,31.630855560302734,40876637
2015-05-26,32.05958557128906,32.05958557128906,31.37361717224121,31.71183967590332,30429951
2015-05-27,31.71183967590332,31.84522247314453,31.16401481628418,31.26405143737793,30334342
2015-05-28,31.421253204345703,31.52605438232422,30.69240951538086,30.93535804748535,48743889
2015-05-29,30.963939666748047,31.6451473236084,30.963939666748047,31.29739761352539,39061529
2015-06-01,31.435544967651367,31.73565673828125,31.187833786010742,31.406963348388672,20760333
2015-06-02,31.440309524536133,31.52605438232422,30.530445098876953,30.654300689697266,24299054
2015-06-03,30.68288230895996,30.76862907409668,29.93498420715332,30.13029670715332,30796443
2015-06-04,30.216041564941406,30.368480682373047,29.015594482421875,29.34905242919922,49858195
2015-06-05,29.43956184387207,30.220806121826172,28.796464920043945,29.63963508605957,52756814
2015-06-08,29.725383758544922,30.006439208984375,28.72500991821289,28.796464920043945,39584443
2015-06-09,28.201004028320312,29.282360076904297,27.91518211364746,29.034648895263672,72881861
2015-06-10,29.058467864990234,29.325233459472656,28.744064331054688,29.15374183654785,30657842
2015-06-11,29.163267135620117,29.239486694335938,28.315332412719727,28.458242416381836,41871487
2015-06-12,28.391550064086914,28.667844772338867,28.024747848510742,28.348678588867188,28533582
2015-06-15,28.391550064086914,28.844100952148438,28.205768585205078,28.29627799987793,28286211
2015-06-16,28.277223587036133,28.343915939331055,27.72463607788086,28.053329467773438,32206224
2015-06-17,28.93461036682129,29.62534523010254,28.41537094116211,29.063230514526367,87363880
2015-06-18,28.991775512695312,29.201377868652344,28.667844772338867,28.93461036682129,40722250
2015-06-19,29.10133934020996,29.511016845703125,28.972721099853516,29.05370330810547,34527411
2015-06-22,29.43956184387207,29.80160140991211,29.249013900756836,29.596763610839844,37444356
2015-06-23,29.63963508605957,30.173168182373047,29.611053466796875,29.825420379638672,31626168
2015-06-24,29.915929794311523,29.954038619995117,28.8583927154541,29.015594482421875,29723093
2015-06-25,28.94413948059082,29.039411544799805,28.696426391601562,28.839338302612305,48369200
2015-06-26,28.820283889770508,28.8774471282959,28.29627799987793,28.453479766845703,35483646
2015-06-29,28.010456085205078,28.367733001708984,27.381650924682617,28.229585647583008,37067693
2015-06-30,28.229585647583008,29.201377868652344,28.129549026489258,29.020357131958008,32142345
2015-07-01,29.058467864990234,29.43956184387207,28.906028747558594,29.244251251220703,32998153
2015-07-02,29.2728328704834,29.577709197998047,28.886974334716797,28.996538162231445,40306122
2015-07-03,29.18708610534668,29.334760665893555,28.539226531982422,28.696426391601562,28785562
2015-07-06,28.105730056762695,28.55828094482422,27.819908142089844,28.486825942993164,38921374
2015-07-07,28.744064331054688,28.872682571411133,28.21053123474121,28.410606384277344,34623754
2015-07-08,28.010456085205078,28.010456085205078,26.84811782836914,26.976736068725586,85458422
2015-07-09,27.010082244873047,27.381650924682617,26.63851547241211,26.724262237548828,65230261
2015-07-10,26.952919006347656,27.105356216430664,26.557533264160156,26.762371063232422,42208904
2015-07-13,27.010082244873047,27.219684600830078,26.58135223388672,27.10059356689453,36073547
2015-07-14,27.129175186157227,27.314958572387695,26.724262237548828,26.786190032958984,36009290
2015-07-15,26.93386459350586,27.133939743041992,26.590879440307617,26.71473503112793,38623359
2015-07-16,27.162521362304688,27.2959041595459,26.686153411865234,26.752843856811523,66265783
2015-07-17,26.867172241210938,27.281612396240234,26.676624298095703,27.062484741210938,67699558
2015-07-20,27.15299415588379,27.410232543945312,26.962446212768555,27.014846801757812,39189455
2015-07-21,27.06724739074707,27.06724739074707,26.0906925201416,26.171674728393555,53479458
2015-07-22,25.842981338500977,26.77189826965332,25.600032806396484,26.71473503112793,62040733
2015-07-23,26.104982376098633,26.147857666015625,25.657197952270508,25.7143611907959,73065511
2015-07-24,25.6953067779541,25.88109016418457,25.171302795410156,25.252283096313477,39993003
2015-07-27,25.05697250366211,25.07602882385254,23.823179244995117,23.88987159729004,80278879
2015-07-28,23.91368865966797,24.051836013793945,23.47542953491211,23.746959686279297,58132539
2015-07-29,23.91368865966797,24.261438369750977,23.76125144958496,23.87081527709961,42021014
2015-07-30,24.094709396362305,24.104236602783203,23.58499526977539,23.64215850830078,54255108
2015-07-31,23.818416595458984,24.075653076171875,23.3420467376709,23.523067474365234,92870764
2015-08-03,23.523067474365234,23.894634246826172,23.370628356933594,23.623104095458984,37326285
2015-08-04,23.789833068847656,24.747333526611328,23.44208526611328,24.41864013671875,102056723
2015-08-05,24.77115249633789,25.580978393554688,24.766387939453125,24.99028205871582,83749009
2015-08-06,24.995044708251953,25.285629272460938,24.413875579833984,24.866426467895508,66930773
2015-08-07,24.866426467895508,25.204647064208984,24.785442352294922,24.966463088989258,39797335
2015-08-10,25.04744529724121,25.247520446777344,24.77115249633789,24.88071632385254,35698595
2015-08-11,24.766387939453125,24.77115249633789,23.40873908996582,23.513540267944336,92651501
2015-08-12,24.237619400024414,24.571077346801758,23.446847915649414,23.7279052734375,159253705
2015-08-13,24.137582778930664,24.189983367919922,22.13207244873047,22.25592613220215,144473922
2015-08-14,22.317855834960938,22.789459228515625,21.817668914794922,22.637022018432617,95150418
2015-08-17,22.722768783569336,23.675504684448242,22.313091278076172,23.50877571105957,89473330
2015-08-18,23.63739585876465,24.285255432128906,23.49448585510254,24.042308807373047,102914736
2015-08-19,23.827943801879883,24.137582778930664,23.50877571105957,23.799360275268555,45176020
2015-08-20,23.599285125732422,23.665977478027344,22.91331672668457,23.01335334777832,48558371
2015-08-21,22.722768783569336,22.722768783569336,22.05585289001465,22.603675842285156,55073372
2015-08-24,21.846250534057617,21.846250534057617,19.307207107543945,19.635902404785156,122924725
2015-08-25,20.007469177246094,20.7601318359375,19.064260482788086,20.336162567138672,149117094
2015-08-26,20.293289184570312,20.931623458862305,19.907432556152344,20.545764923095703,87502491
2015-08-27,20.960205078125,21.893888473510742,20.493364334106445,21.569957733154297,149329084
2015-08-28,22.160654067993164,22.351200103759766,21.26508140563965,21.812904357910156,98529305
2015-08-31,21.46515655517578,21.789085388183594,21.307954788208008,21.47468376159668,60691871
2015-09-01,21.150753021240234,21.555665969848633,20.298053741455078,20.60769271850586,67964731
2015-09-02,20.855405807495117,21.522319793701172,20.03605079650879,20.912569046020508,93517658
2015-09-03,21.284135818481445,22.170181274414062,21.160280227661133,21.889123916625977,74343734
2015-09-04,21.808141708374023,21.808141708374023,20.67438507080078,20.855405807495117,75885083
2015-09-07,21.07929801940918,21.341299057006836,20.49812889099121,20.5648193359375,51786367
2015-09-08,20.82682228088379,22.198762893676758,20.702966690063477,21.79384994506836,86455360
2015-09-09,22.48458480834961,23.03717041015625,22.1368350982666,22.818042755126953,92617483
2015-09-10,22.517929077148438,23.151500701904297,22.065380096435547,22.884733200073242,76121455
2015-09-11,23.184846878051758,23.19913673400879,21.998689651489258,22.194000244140625,62026952
2015-09-14,22.294036865234375,23.175317764282227,22.294036865234375,23.03717041015625,75142895
2015-09-15,23.032407760620117,23.23248291015625,21.77003288269043,21.779558181762695,96020858
2015-09-16,22.103490829467773,22.23210906982422,21.636648178100586,21.96057891845703,75483671
2015-09-18,22.294036865234375,22.427419662475586,21.665231704711914,21.731922149658203,80082004
2015-09-21,21.5604305267334,21.846250534057617,21.25555419921875,21.57472038269043,56410300
2015-09-22,21.722394943237305,21.808141708374023,20.883987426757812,20.9697322845459,53514064
2015-09-23,20.426673889160156,21.3460636138916,20.38856315612793,21.055479049682617,75514887
2015-09-24,20.960205078125,21.031660079956055,20.417146682739258,20.49812889099121,59139281
2015-09-28,20.74107551574707,20.812530517578125,19.86455726623535,19.93601417541504,60148920
2015-09-29,19.53110122680664,19.693065643310547,19.02614974975586,19.188114166259766,126852012
2015-09-30,19.712120056152344,20.426673889160156,19.578737258911133,20.25518035888672,97528315
2015-10-01,20.483837127685547,20.53147315979004,20.031286239624023,20.221834182739258,51146998
2015-10-05,20.47430992126465,21.512792587280273,20.407617568969727,21.436574935913086,85242255
2015-10-06,21.69381332397461,21.817668914794922,21.260318756103516,21.674758911132812,77249270
2015-10-07,21.436574935913086,22.646549224853516,21.303190231323242,22.560802459716797,103265777
2015-10-08,22.665603637695312,23.12291717529297,22.503639221191406,22.941898345947266,93577822
2015-10-09,23.094335556030273,24.104236602783203,23.075281143188477,23.9232177734375,110419244
2015-10-12,24.304311752319336,24.95693588256836,23.799360275268555,23.899398803710938,110944352
2015-10-13,23.62786865234375,23.689796447753906,23.175317764282227,23.3420467376709,61100778
2015-10-14,23.246774673461914,24.104236602783203,23.203899383544922,23.66121482849121,66022253
2015-10-15,23.7374324798584,24.50438690185547,23.632631301879883,24.318601608276367,73557042
2015-10-16,24.380529403686523,24.456748962402344,23.665977478027344,24.104236602783203,55908272
2015-10-19,24.1137638092041,24.20903778076172,23.50877571105957,23.665977478027344,47005203
2015-10-20,23.537357330322266,23.713613510131836,22.865678787231445,22.941898345947266,55088770
2015-10-21,23.02764320373535,23.480194091796875,22.698949813842773,23.284883499145508,84411606
2015-10-23,23.570703506469727,23.970853805541992,23.261064529418945,23.437320709228516,52541287
2015-10-26,23.565940856933594,23.966089248657227,23.461139678955078,23.785070419311523,43957918
2015-10-27,23.708850860595703,23.84699821472168,23.251537322998047,23.43255615234375,35725035
2015-10-28,23.294410705566406,23.675504684448242,23.246774673461914,23.546886444091797,36074754
2015-10-29,23.46590232849121,23.956562042236328,23.313465118408203,23.589759826660156,48166846
2015-10-30,23.665977478027344,24.275728225708008,23.356338500976562,23.49448585510254,64795030
2015-11-02,23.48495864868164,23.49448585510254,22.513166427612305,22.76087760925293,51531512
2015-11-03,23.02764320373535,23.151500701904297,22.379783630371094,22.45600128173828,47156462
2015-11-04,22.784696578979492,22.865678787231445,22.27974510192871,22.427419662475586,51025097
2015-11-05,22.48458480834961,22.48458480834961,21.369882583618164,21.47468376159668,92382707
2015-11-06,20.855405807495117,21.13646125793457,20.493364334106445,20.984024047851562,103978010
2015-11-09,20.483837127685547,21.379409790039062,20.259944915771484,21.174570083618164,65838110
2015-11-10,21.03642463684082,21.174570083618164,20.688676834106445,20.77442169189453,47614522
2015-11-13,20.836349487304688,21.303190231323242,20.636274337768555,21.21268081665039,46465883
2015-11-16,21.231735229492188,22.093961715698242,20.979259490966797,21.97010612487793,72667794
2015-11-17,22.093961715698242,22.460765838623047,21.998689651489258,22.346437454223633,55009409
2015-11-18,22.303564071655273,22.389310836791992,21.455629348754883,21.51755714416504,55457172
2015-11-19,21.674758911132812,21.88435935974121,21.493738174438477,21.79384994506836,38427408
2015-11-20,21.731922149658203,22.174945831298828,21.731922149658203,21.91294288635254,40508623
2015-11-23,21.993925094604492,21.993925094604492,21.25555419921875,21.384172439575195,43058887
2015-11-24,21.27937126159668,21.569957733154297,21.198389053344727,21.374645233154297,43863254
2015-11-26,21.484210968017578,21.91294288635254,21.360355377197266,21.712867736816406,48156781
2015-11-27,21.712867736816406,22.389310836791992,21.679521560668945,22.032033920288086,56606272
2015-11-30,22.141599655151367,22.33214569091797,21.798614501953125,21.817668914794922,47828495
2015-12-01,21.989160537719727,22.722768783569336,21.941524505615234,22.63225746154785,69133459
2015-12-02,22.86091423034668,23.427793502807617,22.68465805053711,23.23248291015625,92978328
2015-12-03,22.87997055053711,23.19913673400879,22.560802459716797,22.87997055053711,74604740
2015-12-04,22.679895401000977,23.270591735839844,22.589384078979492,22.889497756958008,58128529
2015-12-07,23.3229923248291,23.580230712890625,23.099098205566406,23.203899383544922,51813122
2015-12-08,23.060989379882812,23.15626335144043,22.246400833129883,22.36549186706543,47714350
2015-12-09,22.294036865234375,22.470293045043945,21.427047729492188,21.612829208374023,49622044
2015-12-10,21.65093994140625,22.36549186706543,21.579484939575195,22.198762893676758,50431953
2015-12-11,22.39883804321289,23.237245559692383,22.39883804321289,22.951425552368164,125138831
2015-12-14,22.770404815673828,23.713613510131836,22.71800422668457,23.3420467376709,118757592
2015-12-15,23.532594680786133,23.556413650512695,22.984771728515625,23.280118942260742,54777068
2015-12-16,23.489721298217773,23.68503189086914,23.065753936767578,23.313465118408203,60456339
2015-12-17,23.523067474365234,24.575841903686523,23.44208526611328,24.49485969543457,127131596
2015-12-18,24.437694549560547,24.575841903686523,24.19951057434082,24.356712341308594,72886973
2015-12-21,24.34242057800293,24.9045352935791,24.261438369750977,24.623477935791016,65025703
2015-12-22,24.675878524780273,24.942644119262695,24.44245719909668,24.523441314697266,47696874
2015-12-23,24.985517501831055,25.380903244018555,24.985517501831055,25.195119857788086,80850265
2015-12-24,25.34279441833496,25.34279441833496,24.82831573486328,25.09031867980957,40344790
2015-12-28,25.147483825683594,25.180828094482422,24.104236602783203,24.20903778076172,55814133
2015-12-29,24.371002197265625,24.499622344970703,24.137582778930664,24.323366165161133,39890593
2015-12-30,24.42816734313965,24.942644119262695,24.304311752319336,24.647296905517578,71506938
2015-12-31,24.77115249633789,24.847370147705078,24.480567932128906,24.75209617614746,46672813
2016-01-01,24.675878524780273,24.761625289916992,24.142345428466797,24.523441314697266,33079099
2016-01-04,24.294784545898438,25.07602882385254,24.1137638092041,24.47580337524414,73277332
2016-01-05,24.537731170654297,26.33363914489746,24.537731170654297,26.13356590270996,157534835
2016-01-06,25.99065589904785,26.162147521972656,25.34279441833496,25.60479736328125,78245389
2016-01-07,25.05697250366211,25.085554122924805,23.646923065185547,23.808887481689453,99751805
2016-01-08,24.008962631225586,24.41864013671875,23.7279052734375,24.161401748657227,66119688
2016-01-11,23.532594680786133,24.137582778930664,23.270591735839844,23.975616455078125,63872456
2016-01-12,24.108999252319336,24.323366165161133,23.165790557861328,23.413501739501953,56944928
2016-01-13,23.675504684448242,23.98990821838379,22.579858779907227,23.49448585510254,78536687
2016-01-14,22.389310836791992,23.108627319335938,22.05585289001465,22.7465877532959,93255592
2016-01-15,23.103862762451172,23.151500701904297,21.731922149658203,21.88435935974121,62888785
2016-01-18,21.893888473510742,23.246774673461914,21.455629348754883,22.47505760192871,88349924
2016-01-19,22.63225746154785,22.956188201904297,22.032033920288086,22.675132751464844,66168358
2016-01-20,22.17970848083496,22.294036865234375,21.579484939575195,22.103490829467773,57590017
2016-01-21,22.360727310180664,22.80375099182129,22.032033920288086,22.446474075317383,65551336
2016-01-22,22.70371437072754,23.894634246826172,22.641786575317383,23.60881233215332,68337468
2016-01-25,23.723142623901367,24.42816734313965,23.704086303710938,24.285255432128906,58531841
2016-01-27,24.294784545898438,24.761625289916992,24.142345428466797,24.542495727539062,65450038
2016-01-28,24.48533058166504,24.623477935791016,24.04707145690918,24.218564987182617,63151806
2016-01-29,24.261438369750977,24.656824111938477,23.575468063354492,23.789833068847656,70827180
2016-02-01,23.713613510131836,24.290019989013672,23.48495864868164,23.751724243164062,46400199
2016-02-02,23.842233657836914,23.91368865966797,21.922470092773438,22.051088333129883,88046083
2016-02-03,21.712867736816406,22.284509658813477,21.098352432250977,21.341299057006836,81780438
2016-02-04,21.379409790039062,21.779558181762695,20.864931106567383,21.527084350585938,122903030
2016-02-05,20.579111099243164,22.70371437072754,20.579111099243164,22.27974510192871,270834540
2016-02-08,22.732295989990234,23.24201011657715,22.108253479003906,22.303564071655273,108450127
2016-02-09,21.998689651489258,22.608440399169922,21.922470092773438,22.436946868896484,79380289
2016-02-10,22.375019073486328,22.65131378173828,21.636648178100586,22.45600128173828,79938449
2016-02-11,22.479820251464844,22.608440399169922,21.041187286376953,21.38893699645996,64568420
2016-02-12,21.531848907470703,21.85101318359375,20.117034912109375,20.722021102905273,98387640
2016-02-15,21.150753021240234,23.62786865234375,21.150753021240234,23.504011154174805,142771164
2016-02-16,23.780305862426758,23.970853805541992,23.165790557861328,23.327756881713867,96005869
2016-02-17,23.3420467376709,24.094709396362305,22.675132751464844,23.93750762939453,87069402
2016-02-18,24.294784545898438,24.437694549560547,23.170555114746094,23.899398803710938,99285873
2016-02-19,23.675504684448242,24.242382049560547,23.51830291748047,24.128055572509766,71064948
2016-02-22,24.161401748657227,24.532968521118164,23.98038101196289,24.318601608276367,50489660
2016-02-23,24.371002197265625,24.9235897064209,24.018489837646484,24.15663719177246,88716625
2016-02-24,23.875579833984375,24.175691604614258,23.527830123901367,23.61834144592285,49791545
2016-02-25,23.54212188720703,23.80412483215332,23.303937911987305,23.64215850830078,58653858
2016-02-26,23.77077865600586,23.98038101196289,23.165790557861328,23.670740127563477,56015868
2016-02-29,23.523067474365234,25.118900299072266,23.35157585144043,23.732669830322266,103390953
2016-03-01,23.818416595458984,24.59489631652832,23.489721298217773,24.490095138549805,74639996
2016-03-02,24.77115249633789,25.676252365112305,24.723514556884766,25.490467071533203,80249039
2016-03-03,26.00971031188965,27.534088134765625,25.92396354675293,27.348304748535156,184028578
2016-03-04,27.534088134765625,27.743690490722656,27.105356216430664,27.491214752197266,96250795
2016-03-08,27.41975975036621,28.267696380615234,27.34354019165039,27.80085563659668,97420395
2016-03-09,27.010082244873047,28.248640060424805,26.80048179626465,28.143840789794922,106623704
2016-03-10,28.229585647583008,28.701190948486328,27.94376564025879,28.267696380615234,89814620
2016-03-11,28.201004028320312,28.410606384277344,27.662708282470703,28.015220642089844,80123590
2016-03-14,28.196239471435547,28.60591697692871,28.129549026489258,28.267696380615234,46658402
2016-03-15,28.29627799987793,28.772645950317383,28.019983291625977,28.624971389770508,73242181
2016-03-16,28.58209991455078,28.844100952148438,28.029510498046875,28.534461975097656,73885811
2016-03-17,29.01082992553711,29.12039566040039,28.096202850341797,28.191476821899414,84026641
2016-03-18,28.553516387939453,28.844100952148438,28.291513442993164,28.79170036315918,76773451
2016-03-21,28.772645950317383,29.148977279663086,28.644027709960938,28.920320510864258,59320800
2016-03-22,28.8774471282959,29.706327438354492,28.710718154907227,29.51578140258789,69054434
2016-03-23,29.706327438354492,30.28749656677246,29.587236404418945,30.220806121826172,66941605
2016-03-28,30.335134506225586,30.335134506225586,28.334386825561523,28.501115798950195,95197157
2016-03-29,28.58209991455078,29.320470809936523,28.58209991455078,28.948902130126953,62316927
2016-03-30,29.48243522644043,31.035396575927734,29.08704948425293,30.897249221801758,130559679
2016-03-31,30.95441246032715,30.95441246032715,29.954038619995117,30.4589900970459,140121880
2016-04-01,30.26367950439453,30.473281860351562,29.854001998901367,30.27320671081543,58463365
2016-04-04,30.08742332458496,30.782920837402344,29.982622146606445,30.520917892456055,54242901
2016-04-05,30.19698715209961,30.430408477783203,29.37286949157715,29.753965377807617,60071721
2016-04-06,30.01120376586914,31.630855560302734,29.873056411743164,31.302162170410156,153148901
2016-04-07,31.4307804107666,31.70231056213379,30.687646865844727,30.840084075927734,90365517
2016-04-08,30.778156280517578,30.94488525390625,30.397062301635742,30.687646865844727,63826169
2016-04-11,30.678119659423828,31.754711151123047,30.49233627319336,31.54987335205078,94620376
2016-04-12,30.85913848876953,31.52605438232422,30.297025680541992,30.916303634643555,116614440
2016-04-13,31.202123641967773,32.031005859375,31.059213638305664,31.71183967590332,107946042
2016-04-18,31.621328353881836,32.13104248046875,31.216415405273438,31.96907615661621,75498166
2016-04-20,32.19773483276367,34.23182678222656,32.17391586303711,34.055572509765625,192940999
2016-04-21,34.18418884277344,34.68437576293945,33.64112854003906,33.77927780151367,108641218
2016-04-22,34.10797119140625,34.65579605102539,33.564910888671875,33.69353103637695,126959229
2016-04-25,33.58396530151367,33.69829559326172,32.826541900634766,33.10283279418945,64651895
2016-04-26,33.07425308227539,34.355682373046875,33.069488525390625,34.16513442993164,87592957
2016-04-27,34.19371795654297,34.52717590332031,33.74116897583008,33.9888801574707,63265542
2016-04-28,34.012699127197266,34.48906707763672,32.97897720336914,33.11712646484375,105791816
2016-04-29,33.126651763916016,33.717350006103516,32.65028381347656,33.450584411621094,81917191
2016-05-02,33.25050735473633,33.44105529785156,32.81224822998047,33.055198669433594,43887322
2016-05-03,33.226688385009766,33.88407897949219,33.059959411621094,33.24098205566406,66909161
2016-05-04,32.96468734741211,33.083778381347656,31.192596435546875,31.321216583251953,83523154
2016-05-05,31.345035552978516,31.897621154785156,30.882957458496094,31.611801147460938,87494787
2016-05-06,31.440309524536133,31.583219528198242,30.973468780517578,31.37361717224121,56288545
2016-05-09,31.440309524536133,31.91191291809082,31.173542022705078,31.31645393371582,48894886
2016-05-10,31.52605438232422,32.13104248046875,30.97823143005371,31.25452423095703,112833794
2016-05-11,30.478044509887695,31.630855560302734,30.40658950805664,31.421253204345703,59698606
2016-05-12,31.55940055847168,31.649911880493164,31.116378784179688,31.497472763061523,49401206
2016-05-13,31.15448760986328,31.378381729125977,30.601900100708008,30.740047454833984,58804886
2016-05-16,30.778156280517578,31.178306579589844,30.430408477783203,31.097322463989258,41258064
2016-05-17,31.325979232788086,31.54987335205078,30.906776428222656,31.168779373168945,51218361
2016-05-18,31.03063201904297,31.45936393737793,30.787683486938477,31.34979820251465,39460317
2016-05-19,31.10685157775879,32.14533233642578,30.963939666748047,31.083032608032227,68337111
2016-05-20,31.07826805114746,31.16401481628418,30.59237289428711,30.740047454833984,48398390
2016-05-23,30.93535804748535,31.035396575927734,29.773019790649414,29.873056411743164,67145522
2016-05-24,29.863529205322266,30.33989715576172,29.653926849365234,30.268442153930664,52720592
2016-05-25,30.487571716308594,31.10685157775879,30.311315536499023,30.925830841064453,57979149
2016-05-26,30.487571716308594,31.378381729125977,30.487571716308594,30.982994079589844,135319934
2016-05-27,31.059213638305664,31.630855560302734,30.921066284179688,31.402198791503906,46229763
2016-05-30,31.6356201171875,31.87856674194336,30.62571907043457,30.71146583557129,69464096
2016-05-31,30.916303634643555,32.15486145019531,30.511390686035156,31.85474967956543,105401750
2016-06-01,32.00242233276367,32.35493469238281,31.38314437866211,31.6451473236084,68046412
2016-06-02,31.630855560302734,32.574066162109375,31.47365379333496,32.45497131347656,58494475
2016-06-03,32.774139404296875,33.18381881713867,32.0500602722168,32.25489807128906,92705451
2016-06-06,31.916677474975586,32.45973587036133,31.6451473236084,32.18820571899414,52163250
2016-06-07,32.35017013549805,32.759849548339844,32.11198806762695,32.6407585144043,40920227
2016-06-08,32.70268630981445,33.00756072998047,32.2501335144043,32.53595733642578,46882315
2016-06-09,32.393043518066406,33.03137969970703,32.393043518066406,32.588356018066406,62303786
2016-06-10,32.58359146118164,32.82177734375,31.773765563964844,31.859512329101562,57795887
2016-06-13,31.278343200683594,31.435544967651367,30.58284568786621,30.782920837402344,69029422
2016-06-14,30.963939666748047,31.19736099243164,30.611427307128906,30.959177017211914,42074229
2016-06-15,31.068740844726562,31.583219528198242,30.849611282348633,31.464126586914062,43392725
2016-06-16,31.392671585083008,31.773765563964844,30.87819480895996,31.487945556640625,68129058
2016-06-17,31.72612953186035,31.773765563964844,30.849611282348633,31.006813049316406,59857895
2016-06-20,30.906776428222656,32.10246276855469,30.754337310791016,32.035770416259766,65083484
2016-06-21,32.0119514465332,32.17391586303711,31.70231056213379,31.8261661529541,36641311
2016-06-22,31.82140350341797,31.82140350341797,31.159250259399414,31.673728942871094,48566317
2016-06-23,31.583219528198242,32.00718688964844,31.211652755737305,31.816640853881836,49168823
2016-06-24,29.258541107177734,30.14458656311035,28.229585647583008,29.787311553955078,151255965
2016-06-27,29.511016845703125,29.777782440185547,29.29665184020996,29.58247184753418,69054539
2016-06-28,29.67298126220703,29.954038619995117,29.249013900756836,29.677745819091797,83192832
2016-06-29,29.915929794311523,30.201751708984375,29.782546997070312,29.87782096862793,58946111
2016-06-30,30.07789421081543,30.892484664916992,30.030258178710938,30.673355102539062,67093399
2016-07-01,31.10685157775879,31.52605438232422,31.097322463989258,31.259288787841797,52420058
2016-07-04,31.31645393371582,31.81187629699707,31.244998931884766,31.55940055847168,33931685
2016-07-05,31.67849349975586,32.14533233642578,31.464126586914062,31.788057327270508,41390136
2016-07-07,31.840457916259766,32.13104248046875,30.135059356689453,30.268442153930664,106291493
2016-07-08,30.006439208984375,30.430408477783203,29.734909057617188,30.33036994934082,81496592
2016-07-11,30.963939666748047,31.411727905273438,30.454225540161133,31.15448760986328,80740665
2016-07-12,31.435544967651367,32.759849548339844,31.345035552978516,32.61217498779297,103770397
2016-07-13,32.8408317565918,34.169898986816406,32.8027229309082,34.08415222167969,140078815
2016-07-14,34.18418884277344,34.42713928222656,33.664947509765625,34.23182678222656,83662941
2016-07-15,34.23182678222656,35.67045974731445,33.9888801574707,35.527549743652344,140974624
2016-07-18,35.57994842529297,36.146827697753906,34.63197708129883,34.836814880371094,80792694
2016-07-19,35.05594253540039,35.4084587097168,34.52241134643555,35.27507400512695,86551179
2016-07-20,35.46085739135742,35.53707504272461,34.90827178955078,35.103580474853516,62002622
2016-07-21,35.25125503540039,35.25125503540039,34.4033203125,34.51764678955078,56084323
2016-07-22,34.51764678955078,35.146453857421875,33.960296630859375,34.8177604675293,77386653
2016-07-25,34.77488708496094,35.04165267944336,34.50335693359375,34.64626693725586,59580315
2016-07-26,34.67008590698242,35.727622985839844,34.58910369873047,35.04165267944336,81856440
2016-07-27,35.146453857421875,35.298892974853516,33.73640441894531,34.58910369873047,108728903
2016-07-28,34.10797119140625,34.2223014831543,33.2171630859375,33.33148956298828,110489179
2016-07-29,33.44581985473633,34.203243255615234,33.44581985473633,33.8269157409668,87634154
2016-08-01,33.93171310424805,34.92732620239258,33.750694274902344,34.760597229003906,105824994
2016-08-02,34.91303253173828,35.31794738769531,34.30804443359375,34.47477340698242,85102300
2016-08-03,34.74154281616211,34.91303253173828,33.8126220703125,34.112735748291016,60318473
2016-08-04,34.33662796020508,35.71809768676758,34.05080795288086,35.61329650878906,101175577
2016-08-05,36.01344680786133,36.48981475830078,35.87053298950195,36.3659553527832,95702102
2016-08-08,36.432647705078125,36.63272476196289,35.846717834472656,36.16111755371094,69929209
2016-08-09,36.10871887207031,36.43741226196289,35.59423828125,35.76096725463867,58972708
2016-08-10,36.0039176940918,36.146827697753906,35.07500076293945,35.27983856201172,48219085
2016-08-11,35.27983856201172,35.59423828125,34.441429138183594,35.09405517578125,46387719
2016-08-12,35.25125503540039,36.046791076660156,35.189327239990234,35.70380401611328,46298408
2016-08-16,35.727622985839844,36.29926681518555,35.541839599609375,36.123008728027344,64069405
2016-08-17,36.19922637939453,37.43778610229492,36.19922637939453,37.332984924316406,98171211
2016-08-18,37.39491271972656,37.528297424316406,36.68988800048828,36.88996124267578,62140971
2016-08-19,37.07574462890625,37.59975051879883,36.53744888305664,37.361568450927734,93910673
2016-08-22,37.29964065551758,37.29964065551758,36.63272476196289,36.980472564697266,58394206
2016-08-23,36.96141815185547,37.25200271606445,36.02773666381836,36.69465255737305,70542421
2016-08-24,36.73752212524414,36.89949035644531,36.08489990234375,36.19922637939453,44732907
2016-08-25,36.3659553527832,36.42312240600586,35.298892974853516,35.47038650512695,50105042
2016-08-26,35.727622985839844,35.81813430786133,34.994014739990234,35.198856353759766,45256882
2016-08-29,35.146453857421875,35.7704963684082,35.036888122558594,35.6085319519043,39026944
2016-08-30,35.76096725463867,36.15635681152344,35.727622985839844,35.989627838134766,39931664
2016-08-31,36.01344680786133,36.332611083984375,35.13692855834961,35.26078414916992,47551031
2016-09-01,35.3751106262207,35.98486328125,35.203617095947266,35.68951416015625,46743337
2016-09-02,35.81813430786133,35.84195327758789,35.289363861083984,35.651405334472656,29644047
2016-09-06,35.727622985839844,36.84708786010742,35.67045974731445,36.75181579589844,61176475
2016-09-07,36.880435943603516,37.5521125793457,36.83279800415039,37.1519660949707,73105470
2016-09-08,37.180545806884766,38.92881774902344,37.180545806884766,38.395286560058594,117920771
2016-09-09,38.5763053894043,38.76685333251953,37.46636962890625,37.59498596191406,62586561
2016-09-12,36.68035888671875,36.76610565185547,35.30841827392578,35.56565856933594,70506000
2016-09-14,35.25125503540039,36.01344680786133,34.5986328125,35.62282180786133,116562841
2016-09-15,35.63235092163086,35.737152099609375,34.65579605102539,34.90827178955078,51168809
2016-09-16,35.203617095947266,35.432273864746094,34.069862365722656,34.1889533996582,63771558
2016-09-19,34.298519134521484,34.67485046386719,33.850730895996094,34.455718994140625,53756838
2016-09-20,34.708194732666016,35.25125503540039,34.2270622253418,34.83205032348633,59804669
2016-09-21,34.803470611572266,35.489437103271484,34.803470611572266,35.232200622558594,72097227
2016-09-22,35.98486328125,36.1849365234375,35.51802062988281,35.94198989868164,70002702
2016-09-23,35.951515197753906,36.05155563354492,35.346527099609375,35.441802978515625,46832154
2016-09-26,35.37987518310547,35.87529754638672,35.09881591796875,35.22743606567383,45675140
2016-09-27,35.498966217041016,35.68951416015625,34.92732620239258,35.05594253540039,46224494
2016-09-28,35.08452606201172,36.41359329223633,35.08452606201172,36.23733901977539,66534315
2016-09-29,36.52315902709961,36.57079315185547,34.77488708496094,35.13692855834961,140239027
2016-09-30,35.046417236328125,35.96104431152344,34.61292266845703,35.65616989135742,57793064
2016-10-03,35.90864181518555,36.66130447387695,35.851478576660156,36.475521087646484,47030940
2016-10-04,36.775634765625,37.44255065917969,36.432647705078125,37.266292572021484,89462624
2016-10-05,37.65215301513672,37.77600860595703,37.06145477294922,37.223419189453125,54105738
2016-10-06,37.42349624633789,37.714080810546875,36.828033447265625,37.14243698120117,81139232
2016-10-07,37.433021545410156,38.83354568481445,37.17578125,38.7335090637207,121863519
2016-10-10,39.05267333984375,40.08163070678711,38.96692657470703,39.86249923706055,122199278
2016-10-13,39.443294525146484,40.05304718017578,38.947872161865234,39.42424011230469,116570010
2016-10-14,39.63384246826172,39.77675247192383,39.014564514160156,39.28133010864258,55370915
2016-10-17,39.27180480957031,39.61478805541992,38.83354568481445,39.13842010498047,70459502
2016-10-18,39.481407165527344,40.63421630859375,39.26227569580078,40.486541748046875,79611549
2016-10-19,40.586578369140625,40.7533073425293,40.129268646240234,40.586578369140625,52204584
2016-10-20,40.7533073425293,41.14869689941406,40.5151252746582,40.82952880859375,53137937
2016-10-21,40.681854248046875,40.81999969482422,40.176902770996094,40.70090866088867,43292971
2016-10-24,40.724727630615234,41.10105895996094,40.49130630493164,40.59134292602539,30249576
2016-10-25,39.06220245361328,39.938720703125,38.904998779296875,39.5623893737793,91284365
2016-10-26,39.47664260864258,39.900611877441406,37.24247360229492,37.97608184814453,87143462
2016-10-27,36.966182708740234,38.109466552734375,36.52315902709961,37.83793640136719,143898433
2016-10-28,37.99037170410156,38.72874450683594,37.856990814208984,38.62870788574219,71249133
2016-11-01,38.57154083251953,40.39126968383789,38.21426773071289,39.79581069946289,99437101
2016-11-02,38.68110656738281,39.67195129394531,38.68110656738281,39.381370544433594,77777548
2016-11-03,39.157474517822266,39.98635482788086,37.9808464050293,38.423866271972656,89155330
2016-11-04,38.48103332519531,38.83354568481445,37.9427375793457,38.40481185913086,53491224
2016-11-07,38.70969009399414,39.57191467285156,38.70969009399414,39.309913635253906,47403698
2016-11-08,39.443294525146484,39.57667922973633,38.63346862792969,38.9335823059082,34148125
2016-11-09,36.2039909362793,38.48103332519531,35.91817092895508,38.04753875732422,62055448
2016-11-10,38.86688995361328,41.853721618652344,38.86688995361328,41.63459014892578,114386636
2016-11-11,41.20586013793945,42.06332015991211,40.396034240722656,40.63421630859375,91664460
2016-11-15,39.20511245727539,39.82439041137695,37.25200271606445,37.44731140136719,97125654
2016-11-16,37.82364273071289,38.24284744262695,36.28497314453125,37.418731689453125,86390274
2016-11-17,37.49018478393555,37.97608184814453,36.870906829833984,37.418731689453125,45781413
2016-11-18,37.16149139404297,39.29085922241211,36.32308578491211,36.68988800048828,48913275
2016-11-21,36.72323226928711,37.11861801147461,34.89874267578125,35.389400482177734,68920105
2016-11-22,35.88958740234375,36.175411224365234,35.51802062988281,36.01820755004883,43489856
2016-11-23,36.29926681518555,37.61404037475586,36.20875549316406,37.41396713256836,53784202
2016-11-24,36.87567138671875,38.1761589050293,36.73752212524414,37.93320846557617,74701409
2016-11-25,38.014190673828125,39.395660400390625,37.871280670166016,38.943111419677734,74422360
2016-11-28,38.862125396728516,39.22416687011719,38.34288787841797,38.7382698059082,49113352
2016-11-29,39.538570404052734,39.78628158569336,38.85260009765625,38.96216583251953,63137227
2016-11-30,39.03361892700195,39.63384246826172,38.519142150878906,39.5433349609375,56452274
2016-12-01,39.7624626159668,39.87202835083008,38.847835540771484,39.02409362792969,32263469
2016-12-02,38.66681671142578,39.243221282958984,38.52866744995117,38.719215393066406,38028756
2016-12-05,38.83354568481445,39.50046157836914,38.54296112060547,39.395660400390625,36737455
2016-12-06,39.443294525146484,40.08163070678711,39.252750396728516,39.86726379394531,40761211
2016-12-07,39.948246002197266,40.14832305908203,38.93834686279297,39.243221282958984,49335312
2016-12-08,39.79581069946289,41.229679107666016,39.72911834716797,41.091529846191406,99142770
2016-12-09,41.22491455078125,41.47739028930664,40.81523513793945,41.020076751708984,42976535
2016-12-12,40.86287307739258,41.01054763793945,40.31504821777344,40.41508865356445,26152011
2016-12-13,40.867637634277344,40.867637634277344,39.77675247192383,40.1197395324707,33536633
2016-12-14,40.20548629760742,40.60563659667969,39.705299377441406,39.80057144165039,34083595
2016-12-15,39.595733642578125,40.71996307373047,39.33373260498047,39.948246002197266,46751450
2016-12-16,40.28170394897461,40.28170394897461,39.300384521484375,39.44805908203125,37238926
2016-12-19,39.157474517822266,39.66242599487305,38.97645568847656,39.09554672241211,24638319
2016-12-20,39.23369216918945,39.443294525146484,38.21426773071289,38.44292449951172,37167458
2016-12-21,38.58583450317383,38.900238037109375,38.24284744262695,38.5381965637207,28835901
2016-12-22,38.5381965637207,38.66681671142578,37.180545806884766,37.366329193115234,42870755
2016-12-23,37.49018478393555,37.68549728393555,36.87567138671875,37.23771286010742,41901726
2016-12-26,37.013816833496094,37.11861801147461,36.06108093261719,36.21352005004883,33924569
2016-12-27,36.39453887939453,37.604515075683594,35.951515197753906,37.38538360595703,40872165
2016-12-28,37.475894927978516,37.51400375366211,36.823272705078125,37.00905227661133,41356496
2016-12-29,37.013816833496094,37.528297424316406,36.89472579956055,37.38062286376953,35917764
2016-12-30,37.44255065917969,37.671207427978516,36.9757080078125,37.275821685791016,32065755
2017-01-02,37.48542404174805,38.904998779296875,37.05192565917969,38.7525634765625,58548488
2017-01-03,38.78114318847656,38.957401275634766,38.22855758666992,38.423866271972656,35044374
2017-01-04,38.50008773803711,38.96692657470703,38.24284744262695,38.62870788574219,35099342
2017-01-05,38.97645568847656,40.25312423706055,38.804962158203125,39.948246002197266,75532720
2017-01-06,40.06257629394531,40.529415130615234,39.595733642578125,39.97206497192383,43433597
2017-01-09,40.36745071411133,40.41508865356445,39.95301055908203,40.20548629760742,32776833
2017-01-10,40.272178649902344,41.20586013793945,40.26264953613281,41.14869689941406,53724867
2017-01-11,41.472625732421875,42.96365737915039,41.41069793701172,42.7064208984375,119983314
2017-01-12,42.77787399291992,42.98271179199219,42.23004913330078,42.63972854614258,56274460
2017-01-13,42.87314987182617,42.911258697509766,42.03474044799805,42.52539825439453,44420995
2017-01-16,42.32532501220703,43.77824783325195,42.23004913330078,43.6782112121582,70071305
2017-01-17,43.735374450683594,43.787776947021484,42.95889663696289,43.27806091308594,35085425
2017-01-18,43.32569885253906,44.778621673583984,43.27806091308594,44.621421813964844,95692047
2017-01-19,44.65476608276367,44.66429138183594,44.04977798461914,44.5070915222168,36159719
2017-01-20,44.397525787353516,44.56901931762695,43.1208610534668,43.3018798828125,51717555
2017-01-23,42.95889663696289,44.20698165893555,42.93031311035156,43.997379302978516,45657685
2017-01-24,44.01643371582031,44.44516372680664,43.68773651123047,44.230796813964844,39169155
2017-01-25,44.492801666259766,45.42171859741211,44.40705490112305,44.73098373413086,66204769
2017-01-27,44.76433181762695,45.140663146972656,44.14505386352539,44.71192932128906,52243335
2017-01-30,44.635711669921875,44.635711669921875,43.84017562866211,44.02119445800781,34875839
2017-01-31,43.844940185546875,44.91200637817383,43.835411071777344,44.11647033691406,47691783
2017-02-01,44.21174240112305,45.340736389160156,43.55435562133789,45.216880798339844,58490623
2017-02-02,45.11207962036133,45.81710433959961,44.42134475708008,45.440773010253906,62851755
2017-02-03,45.43600845336914,45.73135757446289,44.60236358642578,45.045387268066406,55469232
2017-02-06,45.19782638549805,45.50270080566406,44.69763946533203,45.1025505065918,50453281
2017-02-07,45.26451873779297,45.712303161621094,44.78338623046875,45.045387268066406,50765665
2017-02-08,46.207725524902344,46.24583435058594,44.535675048828125,44.84054946899414,118473925
2017-02-09,44.745277404785156,45.1025505065918,43.492427825927734,43.81159210205078,68075108
2017-02-10,44.492801666259766,44.95011520385742,43.8782844543457,44.60712814331055,83045940
2017-02-13,45.0787353515625,45.44553756713867,44.788150787353516,45.02633285522461,51417986
2017-02-14,45.15018844604492,45.240699768066406,44.40705490112305,45.00727844238281,34130103
2017-02-15,45.03586196899414,45.231170654296875,43.563880920410156,43.835411071777344,44384867
2017-02-16,44.2736701965332,44.921531677246094,43.41144561767578,44.77385711669922,50594978
2017-02-17,44.99774932861328,45.240699768066406,44.45945358276367,44.60712814331055,41166906
2017-02-20,44.58807373046875,46.58882141113281,44.27843475341797,46.403038024902344,88599048
2017-02-21,46.58405685424805,47.24620819091797,46.207725524902344,46.77460479736328,84637408
2017-02-22,46.726966857910156,46.822242736816406,45.78852081298828,46.117218017578125,52590986
2017-02-23,46.217254638671875,46.4840202331543,45.55510330200195,46.27918243408203,50491014
2017-02-27,46.22677993774414,46.50783920288086,45.683719635009766,45.78852081298828,28663608
2017-02-28,45.874267578125,46.27918243408203,45.77423095703125,45.98859786987305,35716963
2017-03-01,46.207725524902344,47.87501525878906,46.05529022216797,47.6701774597168,80993746
2017-03-02,47.82737731933594,48.17036437988281,46.898460388183594,47.12711715698242,60064342
2017-03-03,47.117591857910156,47.42246627807617,46.64122009277344,47.16999053955078,35244808
2017-03-06,47.16999053955078,47.73210525512695,46.70791244506836,46.94133377075195,43594723
2017-03-07,47.01755142211914,47.065189361572266,45.79328536987305,45.921905517578125,53773443
2017-03-08,46.19820022583008,46.34111022949219,44.788150787353516,45.01204299926758,62297509
2017-03-09,44.95964050292969,45.28833770751953,44.55949020385742,44.726219177246094,47188140
2017-03-10,44.635711669921875,45.19782638549805,44.03548812866211,44.56425476074219,47480193
2017-03-14,45.636085510253906,45.636085510253906,44.821495056152344,45.021568298339844,58416709
2017-03-15,45.15495300292969,45.73135757446289,44.81673049926758,45.640846252441406,58377790
2017-03-16,46.19343566894531,47.73210525512695,45.91714096069336,47.603485107421875,109072712
2017-03-17,48.00363540649414,48.47047424316406,47.455810546875,47.846435546875,71376618
2017-03-20,47.87501525878906,47.89406967163086,46.87464141845703,47.317665100097656,41937507
2017-03-21,47.34148406982422,47.76068878173828,46.907989501953125,47.293846130371094,52141219
2017-03-22,46.6840934753418,47.04613494873047,46.34111022949219,46.503074645996094,48831437
2017-03-23,46.4459114074707,47.31290054321289,46.4459114074707,47.208099365234375,43316671
2017-03-24,47.260501861572266,47.62730407714844,46.78889465332031,46.98897171020508,32350073
2017-03-27,46.94609832763672,46.94609832763672,45.22164535522461,45.39789962768555,64970273
2017-03-28,45.4979362487793,45.98383331298828,45.44553756713867,45.75041198730469,46146477
2017-03-29,45.921905517578125,46.19820022583008,45.75517654418945,46.15056228637695,34262479
2017-03-30,46.15056228637695,46.33634567260742,45.331207275390625,45.4931755065918,48727568
2017-03-31,45.79328536987305,46.29347229003906,45.640846252441406,45.98859786987305,33748119
2017-04-03,46.303001403808594,46.67456817626953,45.99812316894531,46.2887077331543,32960346
2017-04-05,46.49354934692383,47.46533966064453,46.36492919921875,46.998497009277344,51637081
2017-04-06,47.03660583496094,48.05603790283203,46.107688903808594,47.79403305053711,53098461
2017-04-07,47.72257614135742,48.241817474365234,46.74602127075195,46.98897171020508,56468564
2017-04-10,47.351009368896484,47.52250289916992,46.72220230102539,47.193809509277344,31410883
2017-04-11,47.208099365234375,47.2557373046875,46.331581115722656,46.503074645996094,42873212
2017-04-12,46.72220230102539,46.92704391479492,45.35026550292969,45.483646392822266,52561471
2017-04-13,45.19782638549805,45.6551399230957,44.03548812866211,44.16410446166992,62005435
2017-04-17,43.835411071777344,44.578548431396484,43.802066802978516,44.054542541503906,39758080
2017-04-18,44.50232696533203,45.15971755981445,42.68260192871094,42.86362075805664,76697239
2017-04-19,42.68260192871094,43.397151947021484,42.11572265625,42.944602966308594,98947847
2017-04-20,42.944602966308594,43.42573547363281,42.7064208984375,43.29235076904297,42222213
2017-04-21,43.82588577270508,43.892578125,42.78740310668945,42.954132080078125,48743564
2017-04-24,43.063697814941406,43.311405181884766,42.59685516357422,42.93983840942383,52020178
2017-04-25,43.197078704833984,43.62580871582031,42.997005462646484,43.31616973876953,44610082
2017-04-26,43.53053665161133,44.140289306640625,42.94936752319336,43.23518753051758,49063275
2017-04-27,43.254241943359375,43.33522415161133,42.30150604248047,42.47776412963867,64969927
2017-04-28,42.68260192871094,43.702030181884766,42.47776412963867,42.801692962646484,65664757
2017-05-02,42.968421936035156,43.254241943359375,42.24434280395508,42.40154266357422,49217735
2017-05-03,42.615909576416016,42.868385314941406,41.68699264526367,41.99663162231445,52572996
2017-05-04,42.58732604980469,42.68260192871094,41.54884338378906,42.153831481933594,68599439
2017-05-05,42.06332015991211,42.06332015991211,40.77712631225586,41.31066131591797,59847399
2017-05-08,41.34877014160156,41.57742691040039,40.78665542602539,41.14869689941406,57892409
2017-05-09,41.15822219848633,41.92041015625,41.08676528930664,41.30113220214844,49739988
2017-05-10,41.46786117553711,41.782264709472656,41.263023376464844,41.67746353149414,37155377
2017-05-11,41.98710250854492,42.43489074707031,41.89183044433594,42.02997589111328,58075629
2017-05-12,42.14906692504883,42.2919807434082,41.21538543701172,41.60601043701172,60840632
2017-05-15,41.729862213134766,43.53053665161133,41.710811614990234,43.449554443359375,102387066
2017-05-16,44.11647033691406,44.20698165893555,43.38286209106445,43.4971923828125,108098645
2017-05-17,44.778621673583984,47.54155731201172,44.37847137451172,47.055660247802734,518583508
2017-05-18,46.50783920288086,47.317665100097656,46.074344635009766,46.326820373535156,140336515
2017-05-19,46.6840934753418,47.2557373046875,45.75517654418945,46.63645935058594,95252188
2017-05-22,46.955623626708984,47.346248626708984,46.14579772949219,46.34111022949219,65312372
2017-05-23,46.59358596801758,47.33671951293945,45.50270080566406,46.72220230102539,102647904
2017-05-24,46.922279357910156,47.16046142578125,45.874267578125,46.0505256652832,75995954
2017-05-25,46.207725524902344,46.403038024902344,45.416954040527344,46.17914581298828,67817838
2017-05-26,46.38874816894531,49.05164337158203,46.2696533203125,48.75629806518555,170458469
2017-05-29,48.789642333984375,49.60423278808594,48.2227668762207,48.37043762207031,71083536
2017-05-30,48.437129974365234,48.97066116333008,48.041744232177734,48.76582336425781,42846530
2017-05-31,48.603858947753906,49.06593704223633,47.87501525878906,48.084617614746094,45818800
2017-06-01,48.084617614746094,48.394256591796875,47.065189361572266,47.36530303955078,40791839
2017-06-02,47.82261657714844,47.941707611083984,46.49831008911133,46.86988067626953,59630340
2017-06-05,46.96991729736328,47.62730407714844,46.39827346801758,46.807952880859375,49779538
2017-06-06,47.055660247802734,47.303375244140625,46.53642272949219,46.712677001953125,43281152
2017-06-07,46.85082244873047,47.098533630371094,46.39827346801758,46.765079498291016,34502787
2017-06-08,47.92265319824219,48.72294998168945,47.40817642211914,47.54155731201172,125201083
2017-06-09,47.48439407348633,48.43236541748047,47.24144744873047,48.308509826660156,66471034
2017-06-12,48.37043762207031,48.98971939086914,48.16083526611328,48.437129974365234,55453719
2017-06-13,48.494293212890625,48.86586380004883,48.16083526611328,48.45618438720703,62615257
2017-06-14,48.39902114868164,48.56575012207031,47.746395111083984,47.889305114746094,49290966
2017-06-15,47.713050842285156,48.25611114501953,47.56537628173828,47.87977981567383,42803287
2017-06-16,48.01792526245117,48.37043762207031,47.746395111083984,47.82261657714844,35948181
2017-06-19,48.61814880371094,49.59946823120117,48.351383209228516,49.49943161010742,100698698
2017-06-20,49.92340087890625,50.08060073852539,49.589942932128906,49.766197204589844,62050673
2017-06-21,49.666160583496094,49.890052795410156,49.13262939453125,49.31841278076172,44722568
2017-06-22,49.637577056884766,49.766197204589844,48.78011703491211,49.06593704223633,40020828
2017-06-23,48.96113586425781,48.96113586425781,47.89406967163086,48.32756423950195,41937853
2017-06-27,48.589569091796875,48.95160675048828,47.998870849609375,48.675315856933594,47716145
2017-06-28,48.78011703491211,49.81383514404297,48.532405853271484,49.59946823120117,72381912
2017-06-29,50.00914764404297,51.12384796142578,49.73761749267578,50.976173400878906,101307681
2017-06-30,50.919010162353516,52.200439453125,50.49980545043945,51.995601654052734,88894303
2017-07-03,51.97178268432617,52.71968078613281,51.643089294433594,52.457679748535156,67677306
2017-07-04,52.50531768798828,52.83401107788086,51.866981506347656,52.16709518432617,52898301
2017-07-05,51.866981506347656,52.63869857788086,51.82887268066406,52.395751953125,49602847
2017-07-06,52.400516510009766,53.11506652832031,52.305240631103516,52.843536376953125,68293710
2017-07-07,52.686336517333984,52.86735534667969,52.48625946044922,52.71968078613281,43034358
2017-07-10,52.6101188659668,53.50568771362305,52.32429504394531,53.291324615478516,11320169
2017-07-11,53.391361236572266,53.53903579711914,52.895938873291016,53.053138732910156,51564816
2017-07-12,53.35325241088867,53.46757888793945,52.87688446044922,53.26750564575195,42624612
2017-07-13,53.829620361328125,53.92489242553711,53.37230682373047,53.729583740234375,44634265
2017-07-14,53.820091247558594,53.820091247558594,53.04361343383789,53.20081329345703,49097544
2017-07-17,53.55332565307617,53.71052932739258,53.07695770263672,53.334197998046875,25825143
2017-07-18,53.11983108520508,54.21071243286133,53.06742858886719,53.66765213012695,36130614
2017-07-19,53.734344482421875,54.52988052368164,53.67241668701172,54.42031478881836,34489657
2017-07-20,53.57238006591797,53.71052932739258,52.995975494384766,53.08648681640625,34222531
2017-07-21,53.16270446777344,53.1674690246582,51.795528411865234,52.71015548706055,34584667
2017-07-24,52.81971740722656,52.81971740722656,52.148040771484375,52.25760269165039,22676245
2017-07-25,52.29571533203125,52.786373138427734,52.28142166137695,52.68157196044922,29810704
2017-07-26,52.87688446044922,54.11067581176758,52.7911376953125,53.90107345581055,74390074
2017-07-27,54.015403747558594,54.167842864990234,53.1722297668457,53.47234344482422,42185823
2017-07-28,53.42947006225586,53.42947006225586,52.25284194946289,52.58153533935547,25313280
2017-07-31,52.71015548706055,54.439369201660156,52.71015548706055,54.029693603515625,59036776
2017-08-01,54.27740478515625,54.806175231933594,54.172603607177734,54.534645080566406,53437033
2017-08-02,54.5918083190918,54.66802978515625,53.87725830078125,54.23453140258789,31358550
2017-08-03,54.02016830444336,54.14878463745117,53.11983108520508,53.28656005859375,34494894
2017-08-04,53.296085357666016,55.33494567871094,53.28656005859375,54.863338470458984,35301371
2017-08-07,55.73509216308594,57.3213996887207,55.63982009887695,57.16896057128906,115592594
2017-08-08,58.14075469970703,59.59367752075195,57.73583984375,58.731449127197266,210405668
2017-08-09,58.688575744628906,59.10778045654297,57.402381896972656,57.645328521728516,54607021
2017-08-10,57.62151336669922,58.564720153808594,56.97841262817383,57.578636169433594,80652309
2017-08-11,57.16419982910156,57.731075286865234,56.33055114746094,56.85456085205078,90049019
2017-08-14,57.869224548339844,59.60320281982422,57.640567779541016,59.42694854736328,89803620
2017-08-16,59.54603958129883,60.27488327026367,59.112545013427734,60.13673782348633,76939845
2017-08-17,60.03193664550781,60.68932342529297,59.46029281616211,59.58414840698242,48456307
2017-08-18,59.30309295654297,59.903316497802734,59.079200744628906,59.607967376708984,35541878
2017-08-21,60.298702239990234,60.84652328491211,58.983924865722656,59.21734619140625,43827924
2017-08-22,60.017642974853516,60.017642974853516,58.53614044189453,59.03156280517578,38737966
2017-08-23,59.450767517089844,60.636924743652344,58.73621368408203,60.46066665649414,41132489
2017-08-24,60.594051361083984,61.02754592895508,60.07957077026367,60.8798713684082,51528531
2017-08-28,60.989437103271484,61.25143814086914,60.19390106201172,60.57975769042969,37426701
2017-08-29,60.54641342163086,61.01801681518555,59.82709884643555,60.04146194458008,36140921
2017-08-30,60.498775482177734,61.10852813720703,60.413028717041016,60.84652328491211,36989980
2017-08-31,60.6845588684082,61.260963439941406,60.23200988769531,60.78936004638672,68373774
2017-09-01,60.97038269042969,62.189884185791016,60.88463592529297,62.04220962524414,64575820
2017-09-04,62.023155212402344,62.089847564697266,61.1180534362793,61.599185943603516,25309449
2017-09-05,61.70398712158203,62.35184860229492,61.66587829589844,62.12795639038086,33260503
2017-09-06,61.651588439941406,62.50904846191406,61.499149322509766,62.21370315551758,28617289
2017-09-07,62.59479522705078,62.59479522705078,61.95646286010742,62.19464874267578,26286330
2017-09-08,62.318504333496094,63.233131408691406,62.1041374206543,62.442359924316406,49460121
2017-09-11,62.59479522705078,63.24742126464844,62.175594329833984,63.12833023071289,33680335
2017-09-12,64.30972290039062,66.02465057373047,64.2620849609375,65.06238555908203,108238379
2017-09-13,64.95281982421875,65.14813232421875,64.37165069580078,64.75274658203125,24700131
2017-09-14,64.73845672607422,65.13384246826172,64.03343200683594,64.56696319580078,20005664
2017-09-15,64.40499877929688,64.91947174072266,63.98102951049805,64.68605041503906,34026916
2017-09-18,64.40499877929688,65.07191467285156,63.93815612792969,64.10964965820312,24070103
2017-09-19,64.18586730957031,64.91471099853516,64.11917877197266,64.44310760498047,38928081
2017-09-20,64.4240493774414,65.91031646728516,64.25732421875,65.51493835449219,92165763
2017-09-21,66.10086822509766,66.33428955078125,64.90042114257812,65.46253204345703,64366580
2017-09-22,65.16718292236328,65.16718292236328,62.023155212402344,62.30897521972656,46381421
2017-09-25,62.40424728393555,62.42330551147461,59.365020751953125,60.951324462890625,74144046
2017-09-26,61.21332931518555,62.59479522705078,60.86558151245117,62.318504333496094,41446259
2017-09-27,62.880619049072266,62.880619049072266,61.26572799682617,61.86595153808594,52058583
2017-09-28,62.20417404174805,62.54716110229492,61.22761917114258,61.89929962158203,69053825
2017-09-29,62.385196685791016,62.59479522705078,61.93264389038086,62.17082977294922,29796912
2017-10-03,62.54716110229492,63.44273376464844,62.54716110229492,62.95683670043945,29913418
2017-10-04,62.91872787475586,63.123565673828125,62.35184860229492,62.785343170166016,29226912
2017-10-05,62.69007110595703,63.39033126831055,62.63766860961914,62.97589111328125,16296360
2017-10-06,63.38080596923828,66.10086822509766,63.361751556396484,65.8769760131836,99343423
2017-10-09,66.02465057373047,67.11077117919922,65.89126586914062,66.4295654296875,58978544
2017-10-10,66.78207397460938,67.08695220947266,65.27198791503906,65.81504821777344,44061515
2017-10-11,66.16755676269531,66.57723236083984,64.14775848388672,65.00521850585938,43999504
2017-10-12,65.54827880859375,66.10086822509766,64.91947174072266,65.89126586914062,47487845
2017-10-13,66.45814514160156,68.35408782958984,66.21519470214844,67.72528076171875,101064329
2017-10-16,67.94918060302734,68.54940032958984,67.80150604248047,68.11590576171875,44220488
2017-10-17,68.11590576171875,68.42554473876953,67.49662780761719,67.88248443603516,29402091
2017-10-18,68.20165252685547,68.38743591308594,67.36800384521484,67.60619354248047,35701544
2017-10-19,67.53473663330078,67.73957824707031,66.96785736083984,67.21556854248047,4307990
2017-10-23,67.32037353515625,68.0587387084961,67.23462677001953,67.83484649658203,28548854
2017-10-24,68.28263854980469,69.38780975341797,68.03015899658203,68.53034973144531,47809675
2017-10-25,68.79235076904297,69.2353744506836,67.59666442871094,68.36837768554688,33219096
2017-10-26,68.3779067993164,69.81654357910156,68.19689178466797,69.47355651855469,59475816
2017-10-27,69.82606506347656,70.00232696533203,68.8447494506836,69.2448959350586,29148327
2017-10-30,69.54024505615234,70.0261459350586,67.94441223144531,68.43030548095703,52971878
2017-10-31,68.97813415527344,69.53072357177734,66.42479705810547,67.05360412597656,142174315
2017-11-01,67.9825210571289,68.31121826171875,67.03455352783203,67.3870620727539,57294888
2017-11-02,67.54426574707031,67.54426574707031,66.45337677001953,67.27273559570312,33414711
2017-11-03,67.45375061035156,67.93488311767578,67.03931427001953,67.53949737548828,34506786
2017-11-06,67.16316986083984,68.211181640625,66.62487030029297,67.33942413330078,41384185
2017-11-07,67.63477325439453,67.94441223144531,65.39108276367188,66.043701171875,46784135
2017-11-08,66.2342529296875,66.73920440673828,65.17195129394531,66.0389404296875,37686385
2017-11-09,66.5962905883789,67.17269897460938,66.0722885131836,67.01549530029297,26681686
2017-11-10,66.74872589111328,67.52044677734375,66.28189086914062,66.90592956542969,30366996
2017-11-13,67.0250244140625,67.11553192138672,65.46253204345703,65.8388671875,33991271
2017-11-14,65.69119262695312,66.22472381591797,64.94805908203125,65.31009674072266,38746541
2017-11-15,64.6908187866211,64.92900085449219,63.761898040771484,64.57172393798828,45112424
2017-11-16,65.06238555908203,65.69119262695312,64.4240493774414,65.39108276367188,25878074
2017-11-17,66.11991882324219,67.57760620117188,66.11991882324219,66.80589294433594,42330659
2017-11-20,66.49149322509766,67.44422912597656,65.75312042236328,66.89640045166016,34524451
2017-11-21,67.0631332397461,68.4541244506836,66.88211059570312,67.77291870117188,38387418
2017-11-22,67.97299194335938,68.31121826171875,67.29178619384766,67.74433898925781,23847964
2017-11-23,67.96823120117188,68.26358032226562,67.37277221679688,67.90154266357422,38658332
2017-11-24,67.83961486816406,67.91106414794922,67.00120544433594,67.49662780761719,20206969
2017-11-27,67.54902648925781,67.54902648925781,66.6010513305664,66.93450927734375,19579324
2017-11-28,66.8630599975586,67.92059326171875,66.42003631591797,67.05836486816406,26703906
2017-11-29,66.90116882324219,67.73957824707031,66.90116882324219,67.57760620117188,32084900
2017-11-30,67.16793060302734,67.35848236083984,65.73883056640625,66.13421630859375,41880828
2017-12-01,66.2056655883789,66.49149322509766,64.5002670288086,64.87183380126953,41374256
2017-12-04,65.27198791503906,66.01512145996094,64.83372497558594,65.52922821044922,24375802
2017-12-05,65.26245880126953,65.31485748291016,63.928627014160156,64.37641143798828,34943035
2017-12-06,63.54753112792969,63.971500396728516,62.94730758666992,63.604698181152344,44777053
2017-12-07,63.83335494995117,65.73883056640625,63.83335494995117,65.54827880859375,42212179
2017-12-08,65.65308380126953,68.0111083984375,65.27674865722656,66.48196411132812,78807287
2017-12-11,66.57247161865234,67.31560516357422,66.18184661865234,66.64868927001953,23169687
2017-12-12,66.57723236083984,67.4632797241211,65.36726379394531,65.72454071044922,41775280
2017-12-13,65.91984558105469,66.0389404296875,64.39070129394531,64.86707305908203,38435395
2017-12-14,65.26245880126953,65.61973571777344,63.93815612792969,65.33391571044922,32998436
2017-12-15,66.31047058105469,66.77254486083984,65.8388671875,66.18661499023438,33150073
2017-12-18,65.65308380126953,68.10161590576172,64.21444702148438,67.13935089111328,53465226
2017-12-19,67.54902648925781,67.83484649658203,67.1869888305664,67.6633529663086,21360971
2017-12-20,68.30168914794922,68.30168914794922,65.92461395263672,66.95832824707031,77547988
2017-12-21,66.95832824707031,68.33503723144531,66.78683471679688,68.08255767822266,50398659
2017-12-22,68.29216003417969,68.29216003417969,67.36800384521484,67.75862884521484,34876783
2017-12-26,68.02539825439453,69.07340240478516,67.83484649658203,68.75424194335938,63096450
2017-12-27,68.76376342773438,69.51166534423828,68.39696502685547,68.92573547363281,37906729
2017-12-28,69.07817077636719,70.45487213134766,69.03529357910156,70.14523315429688,121467439
2017-12-29,70.31196594238281,70.96458435058594,69.54977416992188,69.77843475341797,29562261
2018-01-01,69.78795623779297,70.06425476074219,68.54940032958984,68.806640625,19249201
2018-01-02,68.97813415527344,69.66886901855469,68.14448547363281,69.48308563232422,25896915
2018-01-03,69.74031829833984,70.26432800292969,69.66886901855469,70.02137756347656,27654851
2018-01-04,70.16905212402344,72.73667907714844,69.74031829833984,72.43180084228516,84839667
2018-01-05,72.78907775878906,74.01811218261719,72.64617156982422,73.42741394042969,74902157
2018-01-08,74.09909057617188,74.1086196899414,72.88435363769531,73.24163055419922,27125386
2018-01-09,73.3607177734375,74.39443969726562,73.07489776611328,73.57984924316406,33564228
2018-01-10,73.47981262207031,74.02763366699219,72.68428039550781,73.63224792480469,31392536
2018-01-11,73.63224792480469,74.1133804321289,73.20352172851562,73.45123291015625,20307574
2018-01-12,73.47505187988281,74.00858306884766,72.41275024414062,73.38453674316406,22775863
2018-01-15,73.55126953125,75.55201721191406,73.45599365234375,74.64691162109375,43786108
2018-01-16,74.5754623413086,74.5754623413086,72.41751098632812,72.955810546875,29298001
2018-01-17,73.17017364501953,74.11814880371094,72.12216186523438,73.74181365966797,31364071
2018-01-18,73.83708953857422,74.29916381835938,71.09320831298828,71.62197875976562,48458449
2018-01-19,71.69343566894531,72.5985336303711,70.74069213867188,71.7410659790039,33776091
2018-01-22,71.64579772949219,72.06500244140625,71.20277404785156,71.66484832763672,37845999
2018-01-23,71.64579772949219,74.98989868164062,71.64579772949219,74.28964233398438,84355326
2018-01-24,74.36109161376953,74.37062072753906,72.1364517211914,72.60806274414062,51799508
2018-01-25,72.88435363769531,73.65606689453125,72.24125671386719,73.27973937988281,88142731
2018-01-29,73.45599365234375,75.43769073486328,73.37501525878906,74.61357116699219,68308614
2018-01-30,74.37062072753906,74.68502807617188,73.47981262207031,73.91807556152344,63179831
2018-01-31,73.55000305175781,74.79000091552734,70.16999816894531,70.50499725341797,129589020
2018-02-01,70.80000305175781,71.2750015258789,68.16000366210938,69.67500305175781,74039310
2018-02-02,69.19999694824219,69.30000305175781,66.6050033569336,67.04499816894531,65009260
2018-02-05,66.0999984741211,67.44999694824219,65.05000305175781,66.40499877929688,46987220
2018-02-06,64.0999984741211,67.9000015258789,63.255001068115234,66.44999694824219,67045570
2018-02-07,66.80000305175781,68.22000122070312,65.69999694824219,66.18000030517578,67895210
2018-02-08,66.00499725341797,67.69999694824219,65.4000015258789,67.1449966430664,58455900
2018-02-09,66.37000274658203,69.0,66.01499938964844,68.52999877929688,91402880
2018-02-12,71.5999984741211,71.69000244140625,69.73999786376953,71.30999755859375,120363070
2018-02-14,71.93000030517578,72.05000305175781,70.45500183105469,70.80000305175781,48859510
2018-02-15,71.13500213623047,71.91500091552734,69.7249984741211,70.05500030517578,51312450
2018-02-16,70.80000305175781,70.94999694824219,68.36000061035156,68.9749984741211,50127600
2018-02-19,69.33999633789062,69.33999633789062,63.900001525878906,64.88500213623047,176587080
2018-02-20,65.4800033569336,66.1500015258789,64.81500244140625,65.12999725341797,102144780
2018-02-21,65.48999786376953,65.55500030517578,63.29999923706055,64.09500122070312,103075390
2018-02-22,64.03500366210938,64.77999877929688,63.28499984741211,63.755001068115234,89506310
2018-02-23,64.08499908447266,68.63999938964844,63.900001525878906,67.7750015258789,218662140
2018-02-26,68.0,69.26499938964844,67.31999969482422,68.0199966430664,91997750
2018-02-27,68.13999938964844,68.69000244140625,66.91999816894531,67.17500305175781,68053760
2018-02-28,66.38500213623047,67.5,66.0,67.16000366210938,71126500
2018-03-01,67.13500213623047,68.5,67.00499725341797,67.50499725341797,71283990
2018-03-05,66.92500305175781,66.93000030517578,65.18000030517578,65.58999633789062,97854660
2018-03-06,66.48500061035156,67.4000015258789,65.65499877929688,65.9749984741211,84149600
2018-03-07,65.69999694824219,66.13999938964844,64.46499633789062,64.7699966430664,51305770
2018-03-08,65.69000244140625,66.09500122070312,63.27000045776367,63.59000015258789,71261050
2018-03-09,64.00499725341797,64.67500305175781,60.150001525878906,60.67499923706055,180963670
2018-03-12,61.44499969482422,62.63999938964844,60.63999938964844,62.290000915527344,121935810
2018-03-13,62.29999923706055,63.31999969482422,61.435001373291016,62.8849983215332,104904050
2018-03-14,62.400001525878906,63.09000015258789,61.86000061035156,62.05500030517578,86551810
2018-03-15,62.0,62.2599983215332,60.959999084472656,61.17499923706055,75109510
2018-03-16,61.17499923706055,61.38999938964844,59.439998626708984,60.02000045776367,117395820
2018-03-19,60.0,60.189998626708984,57.28499984741211,57.494998931884766,125423170
2018-03-20,57.099998474121094,60.09000015258789,56.845001220703125,59.29999923706055,176450350
2018-03-21,59.89500045776367,60.16999816894531,58.04999923706055,58.224998474121094,119394510
2018-03-22,58.27000045776367,58.744998931884766,57.20000076293945,58.09000015258789,114862450
2018-03-23,56.005001068115234,56.880001068115234,55.349998474121094,56.650001525878906,141335500
2018-03-26,56.88999938964844,58.834999084472656,56.08000183105469,58.154998779296875,109299980
2018-03-27,59.04499816894531,59.900001525878906,58.755001068115234,59.0,100381680
2018-03-28,58.10499954223633,58.29999923706055,56.529998779296875,57.10499954223633,186550570
2018-04-02,57.310001373291016,58.029998779296875,56.810001373291016,57.880001068115234,68893450
2018-04-03,57.02000045776367,58.54499816894531,56.834999084472656,57.970001220703125,105083170
2018-04-04,58.310001373291016,59.04999923706055,55.755001068115234,56.05500030517578,139098930
2018-04-05,57.3849983215332,58.36000061035156,56.95000076293945,58.04499816894531,132621680
2018-04-06,57.48500061035156,58.9900016784668,57.29999923706055,58.720001220703125,85202010
2018-04-09,58.95000076293945,59.57500076293945,58.34000015258789,58.6150016784668,94892210
2018-04-10,59.29999923706055,60.459999084472656,59.22999954223633,60.189998626708984,108507100
2018-04-11,60.79999923706055,61.09000015258789,60.03499984741211,60.80500030517578,87247160
2018-04-12,60.689998626708984,60.875,59.66999816894531,59.84000015258789,66284990
2018-04-13,60.0,60.470001220703125,59.040000915527344,59.404998779296875,67161460
2018-04-16,59.099998474121094,59.68000030517578,58.51499938964844,59.15999984741211,51458130
2018-04-17,59.5,60.459999084472656,59.19499969482422,59.60499954223633,64003780
2018-04-18,60.095001220703125,60.4900016784668,59.459999084472656,60.15999984741211,42591350
2018-04-19,60.60499954223633,62.45000076293945,60.60499954223633,62.19499969482422,108170080
2018-04-20,61.89500045776367,61.89500045776367,60.2599983215332,60.619998931884766,63462740
2018-04-23,60.83000183105469,61.099998474121094,60.0099983215332,60.65999984741211,45911610
2018-04-24,59.44499969482422,60.18000030517578,58.939998626708984,59.755001068115234,59530460
2018-04-25,59.79999923706055,59.849998474121094,58.43000030517578,58.619998931884766,41224430
2018-04-26,58.79999923706055,59.154998779296875,57.66999816894531,57.81999969482422,74630620
2018-04-27,58.29499816894531,59.474998474121094,58.125,58.97999954223633,47174050
2018-04-30,59.165000915527344,59.9900016784668,58.599998474121094,59.494998931884766,36587540
2018-05-02,59.709999084472656,59.7400016784668,57.29499816894531,57.45000076293945,42410680
2018-05-03,57.400001525878906,58.7400016784668,56.810001373291016,58.54499816894531,67789040
2018-05-04,58.66999816894531,58.97999954223633,57.92499923706055,58.07500076293945,38816320
2018-05-07,58.595001220703125,59.79499816894531,58.099998474121094,59.64500045776367,45535090
2018-05-08,60.0,60.41999816894531,59.04999923706055,59.6349983215332,41259580
2018-05-09,59.34000015258789,60.8849983215332,59.255001068115234,60.314998626708984,62382110
2018-05-10,60.38999938964844,60.68000030517578,59.1150016784668,59.415000915527344,40012690
2018-05-11,59.70000076293945,61.05500030517578,59.119998931884766,60.724998474121094,61555370
2018-05-14,60.81999969482422,61.494998931884766,60.22999954223633,61.03499984741211,51731390
2018-05-15,60.900001525878906,63.68000030517578,60.54999923706055,62.595001220703125,128184360
2018-05-16,62.599998474121094,63.25,61.69499969482422,62.125,84263010
2018-05-17,62.994998931884766,63.08000183105469,60.21500015258789,61.029998779296875,160373410
2018-05-18,61.5,61.66999816894531,59.03499984741211,59.13999938964844,82166290
2018-05-21,59.25,60.07500076293945,57.474998474121094,57.70000076293945,71622330
2018-05-22,57.810001373291016,58.349998474121094,56.95000076293945,57.68000030517578,60966460
2018-05-23,57.599998474121094,57.599998474121094,53.7400016784668,54.005001068115234,171483860
2018-05-24,54.38999938964844,55.38999938964844,53.654998779296875,54.81999969482422,87008220
2018-05-25,55.400001525878906,57.08000183105469,55.20000076293945,56.82500076293945,88956190
2018-05-28,57.099998474121094,57.94499969482422,56.5099983215332,57.665000915527344,52356670
2018-05-29,57.494998931884766,58.79999923706055,56.935001373291016,57.53499984741211,64779110
2018-05-30,56.80500030517578,58.150001525878906,56.755001068115234,57.790000915527344,62018880
2018-05-31,58.400001525878906,58.72999954223633,57.20500183105469,57.564998626708984,66525100
2018-06-01,57.0,57.959999084472656,55.630001068115234,56.064998626708984,92496660
2018-06-04,56.404998779296875,57.25,56.029998779296875,56.6150016784668,87425270
2018-06-05,56.68000030517578,57.4900016784668,56.060001373291016,57.209999084472656,46882040
2018-06-06,57.44499969482422,58.16999816894531,56.91999816894531,57.974998474121094,44453050
2018-06-07,58.209999084472656,60.38999938964844,58.189998626708984,60.209999084472656,92793530
2018-06-08,59.900001525878906,60.81999969482422,59.20000076293945,60.04999923706055,83860780
2018-06-11,60.10499954223633,60.54999923706055,58.625,58.8650016784668,51511010
2018-06-12,58.69499969482422,58.875,57.720001220703125,58.0,85889350
2018-06-13,57.959999084472656,58.380001068115234,56.599998474121094,56.7599983215332,90600320
2018-06-14,56.70000076293945,57.47999954223633,56.099998474121094,56.95500183105469,74825140
2018-06-15,57.119998931884766,57.47999954223633,56.20000076293945,56.599998474121094,62087640
2018-06-18,56.29999923706055,56.345001220703125,54.72999954223633,55.849998474121094,105669650
2018-06-19,55.79999923706055,56.560001373291016,54.94499969482422,55.5,94521900
2018-06-20,55.625,56.59000015258789,55.33000183105469,56.32500076293945,66107030
2018-06-21,56.89500045776367,56.89500045776367,55.61000061035156,55.775001525878906,84651980
2018-06-22,56.040000915527344,56.459999084472656,55.61000061035156,56.185001373291016,62478450
2018-06-25,55.97999954223633,56.47999954223633,55.6349983215332,55.86000061035156,38992610
2018-06-26,55.834999084472656,55.9900016784668,53.82500076293945,54.95000076293945,102075820
2018-06-27,55.16999816894531,55.25,53.90999984741211,54.31999969482422,56541500
2018-06-28,54.5,55.650001525878906,54.400001525878906,54.845001220703125,86559780
2018-06-29,55.19499969482422,56.97999954223633,55.10499954223633,56.775001525878906,94773840
2018-07-02,57.595001220703125,58.650001525878906,55.625,56.04999923706055,157630480
2018-07-03,56.19499969482422,57.2400016784668,55.345001220703125,56.599998474121094,112361770
2018-07-04,56.7400016784668,57.34000015258789,55.95500183105469,57.11000061035156,68629470
2018-07-05,56.5,56.5,55.20000076293945,55.33000183105469,60136530
2018-07-06,55.0,56.42499923706055,54.6349983215332,55.349998474121094,66147830
2018-07-09,56.369998931884766,56.57500076293945,55.474998474121094,55.560001373291016,74437510
2018-07-10,55.900001525878906,57.099998474121094,55.689998626708984,56.8650016784668,100049050
2018-07-11,56.56999969482422,56.56999969482422,55.415000915527344,55.56999969482422,61112450
2018-07-12,56.0,56.790000915527344,55.314998626708984,55.52000045776367,84439880
2018-07-13,55.935001373291016,56.20000076293945,55.29999923706055,55.86000061035156,55791290
2018-07-16,55.970001220703125,55.9900016784668,51.70500183105469,51.92499923706055,111598850
2018-07-17,52.20000076293945,53.56999969482422,51.29999923706055,53.23500061035156,107927060
2018-07-18,53.599998474121094,53.69499969482422,50.099998474121094,50.42499923706055,164512090
2018-07-19,50.79999923706055,51.34000015258789,49.29999923706055,49.8650016784668,168086510
2018-07-20,49.900001525878906,50.57500076293945,49.5,50.31999969482422,72614090
2018-07-23,50.599998474121094,51.95000076293945,49.83000183105469,51.689998626708984,68781340
2018-07-24,51.599998474121094,52.959999084472656,51.599998474121094,52.7400016784668,83983690
2018-07-25,53.099998474121094,53.79999923706055,52.900001525878906,53.599998474121094,67826380
2018-07-26,53.69499969482422,53.994998931884766,53.1349983215332,53.48500061035156,74811910
2018-07-27,53.79999923706055,55.35499954223633,53.630001068115234,55.02000045776367,64628850
2018-07-30,54.94499969482422,55.849998474121094,54.73500061035156,55.29999923706055,47877070
2018-07-31,55.19499969482422,56.4900016784668,54.35499954223633,56.30500030517578,63739660
2018-08-01,56.28499984741211,56.7599983215332,55.130001068115234,55.58000183105469,60679920
2018-08-02,55.27000045776367,56.09000015258789,54.060001373291016,55.43000030517578,94930990
2018-08-03,55.63999938964844,56.0,55.064998626708984,55.44499969482422,55706900
2018-08-06,55.900001525878906,56.4900016784668,55.125,55.32500076293945,55438810
2018-08-07,55.73500061035156,57.66999816894531,55.3650016784668,57.314998626708984,92858540
2018-08-08,57.82500076293945,58.375,57.35499954223633,57.75,90084310
2018-08-09,58.0,58.77000045776367,57.58000183105469,58.595001220703125,57576870
2018-08-10,58.595001220703125,58.599998474121094,57.27000045776367,57.66999816894531,57254930
2018-08-13,57.494998931884766,58.21500015258789,56.599998474121094,56.880001068115234,78568310
2018-08-14,58.70000076293945,58.70000076293945,56.255001068115234,57.89500045776367,240305600
2018-08-16,57.0,57.66999816894531,56.32500076293945,56.755001068115234,79071710
2018-08-17,57.19499969482422,58.52000045776367,57.18000030517578,58.01499938964844,87432140
2018-08-20,58.29999923706055,60.18000030517578,58.290000915527344,59.939998626708984,116623180
2018-08-21,60.224998474121094,60.244998931884766,58.05500030517578,58.21500015258789,108737070
2018-08-23,58.4900016784668,58.4900016784668,57.01499938964844,57.165000915527344,66768300
2018-08-24,57.03499984741211,57.935001373291016,56.82500076293945,57.560001373291016,60602690
2018-08-27,58.189998626708984,58.70000076293945,57.900001525878906,58.119998931884766,53919460
2018-08-28,58.25,59.38999938964844,57.810001373291016,59.03499984741211,90212970
2018-08-29,59.029998779296875,60.185001373291016,58.55500030517578,59.41999816894531,98855320
2018-08-30,59.22999954223633,61.0,59.10499954223633,60.834999084472656,102836570
2018-08-31,60.81999969482422,61.45000076293945,59.90999984741211,60.04999923706055,86333540
2018-09-03,60.29999923706055,60.994998931884766,59.79999923706055,60.07500076293945,54791330
2018-09-04,60.09000015258789,60.45000076293945,59.060001373291016,59.30500030517578,60995720
2018-09-05,59.0,59.70000076293945,58.119998931884766,59.439998626708984,57911570
2018-09-06,59.79999923706055,60.779998779296875,59.45000076293945,60.029998779296875,66897160
2018-09-07,60.22999954223633,62.20000076293945,59.70500183105469,61.915000915527344,94458360
2018-09-10,61.994998931884766,62.5,61.125,61.3650016784668,62842580
2018-09-11,61.53499984741211,61.70000076293945,58.834999084472656,59.209999084472656,81111720
2018-09-12,59.25,60.720001220703125,58.310001373291016,60.55500030517578,85663840
2018-09-14,61.15999984741211,62.04999923706055,61.0,61.5,79755590
2018-09-17,61.0,62.439998626708984,60.55500030517578,61.63999938964844,71838910
2018-09-18,61.79999923706055,62.45500183105469,60.93000030517578,61.275001525878906,78280630
2018-09-19,61.79999923706055,63.08000183105469,61.7400016784668,62.119998931884766,101346270
2018-09-21,63.0,64.76000213623047,58.43000030517578,62.51499938964844,229773790
2018-09-24,61.88999938964844,62.625,59.564998626708984,60.77000045776367,112429140
2018-09-25,60.900001525878906,60.900001525878906,57.5,60.099998474121094,109856240
2018-09-26,60.5,61.415000915527344,59.79999923706055,60.88999938964844,86477200
2018-09-27,61.119998931884766,62.07500076293945,60.7400016784668,61.154998779296875,82395420
2018-09-28,61.20000076293945,61.20000076293945,57.5,58.125,130270070
2018-10-01,58.0,58.58000183105469,55.75,58.31999969482422,69729490
2018-10-03,58.400001525878906,59.439998626708984,57.619998931884766,57.959999084472656,72170630
2018-10-04,57.67499923706055,58.775001525878906,57.0,58.22999954223633,76298400
2018-10-05,58.0,58.599998474121094,56.22999954223633,56.79999923706055,78689670
2018-10-08,56.70000076293945,56.994998931884766,54.400001525878906,55.97999954223633,91710480
2018-10-09,56.0,58.38999938964844,55.45500183105469,57.25,77344340
2018-10-10,57.314998626708984,58.779998779296875,57.314998626708984,58.3650016784668,71533140
2018-10-11,55.70000076293945,56.400001525878906,54.904998779296875,55.51499938964844,104016430
2018-10-12,56.08000183105469,57.880001068115234,55.810001373291016,57.650001525878906,57334070
2018-10-15,57.82500076293945,57.94499969482422,56.650001525878906,57.0,41001830
2018-10-16,57.11000061035156,58.400001525878906,56.959999084472656,57.279998779296875,56605680
2018-10-17,57.80500030517578,57.95000076293945,55.209999084472656,55.46500015258789,50205760
2018-10-19,55.29999923706055,56.2599983215332,54.5,55.494998931884766,77181960
2018-10-22,55.900001525878906,56.119998931884766,54.154998779296875,54.474998474121094,51019510
2018-10-23,54.0,55.0,53.51499938964844,54.560001373291016,46346880
2018-10-24,55.20000076293945,55.459999084472656,54.13999938964844,55.005001068115234,42196170
2018-10-25,54.470001220703125,55.060001373291016,54.0,54.57500076293945,44678590
2018-10-26,54.7599983215332,56.15999984741211,54.11000061035156,55.154998779296875,60994130
2018-10-29,55.650001525878906,57.54999923706055,55.22999954223633,57.369998931884766,57383130
2018-10-30,57.125,57.20000076293945,56.310001373291016,56.45000076293945,40153190
2018-10-31,55.494998931884766,55.779998779296875,52.935001373291016,55.3849983215332,140703330
2018-11-01,55.58000183105469,56.38999938964844,55.400001525878906,55.65999984741211,54690570
2018-11-02,56.099998474121094,58.2400016784668,56.064998626708984,57.404998779296875,79794570
2018-11-05,57.400001525878906,58.36000061035156,56.75,57.744998931884766,45358560
2018-11-06,57.959999084472656,58.439998626708984,57.0,57.57500076293945,39102740
2018-11-07,58.099998474121094,58.224998474121094,57.900001525878906,58.025001525878906,4138710
2018-11-09,57.935001373291016,57.935001373291016,56.845001220703125,57.220001220703125,43487160
2018-11-12,57.35499954223633,58.970001220703125,57.21500015258789,58.28499984741211,81209960
2018-11-13,58.29999923706055,59.150001525878906,57.90999984741211,58.91999816894531,76264870
2018-11-14,60.5,61.060001373291016,58.43000030517578,58.90999984741211,216492890
2018-11-15,59.029998779296875,59.689998626708984,58.14500045776367,58.935001373291016,63895210
2018-11-16,59.0,59.099998474121094,56.95500183105469,57.40999984741211,74569270
2018-11-19,57.744998931884766,58.380001068115234,57.400001525878906,58.2400016784668,48892870
2018-11-20,57.70000076293945,57.79999923706055,56.20000076293945,56.33000183105469,76363680
2018-11-21,56.20000076293945,56.20000076293945,55.0,55.13999938964844,112428980
2018-11-22,55.20000076293945,55.36000061035156,53.814998626708984,53.96500015258789,85416120
2018-11-26,54.400001525878906,54.400001525878906,52.165000915527344,53.06999969482422,100037870
2018-11-27,52.970001220703125,52.9900016784668,51.25,52.22999954223633,157909070
2018-11-28,52.22999954223633,52.88999938964844,51.8650016784668,52.39500045776367,113524660
2018-11-29,53.20000076293945,53.8849983215332,52.915000915527344,53.35499954223633,139293320
2018-11-30,53.5,53.68000030517578,52.54999923706055,52.95000076293945,78540710
2018-12-03,54.119998931884766,55.27000045776367,53.57500076293945,53.810001373291016,120923650
2018-12-04,53.27000045776367,54.04999923706055,53.21500015258789,53.81999969482422,61538100
2018-12-05,53.29999923706055,53.29999923706055,51.5,51.77000045776367,70780820
2018-12-06,51.32500076293945,52.16999816894531,50.099998474121094,51.02000045776367,129667140
2018-12-07,51.06999969482422,51.4900016784668,50.31999969482422,50.93000030517578,82529270
2018-12-10,49.939998626708984,50.95000076293945,49.70000076293945,50.28499984741211,54147050
2018-12-11,49.560001373291016,50.369998931884766,48.6150016784668,50.07500076293945,112425720
2018-12-12,50.599998474121094,52.25,50.54999923706055,52.025001525878906,81419830
2018-12-13,52.80500030517578,52.80500030517578,50.79999923706055,51.224998474121094,68100950
2018-12-14,51.099998474121094,51.779998779296875,50.650001525878906,51.35499954223633,51559800
2018-12-17,51.79999923706055,52.525001525878906,51.63999938964844,52.400001525878906,48048540
2018-12-18,52.29999923706055,52.84000015258789,51.959999084472656,52.70000076293945,56735270
2018-12-19,52.790000915527344,53.244998931884766,52.459999084472656,52.7400016784668,49280430
2018-12-20,52.0,52.70000076293945,52.0,52.334999084472656,35173350
2018-12-21,52.415000915527344,53.20000076293945,51.83000183105469,52.02000045776367,59696700
2018-12-24,51.79999923706055,52.06999969482422,51.20000076293945,51.369998931884766,43294400
2018-12-26,50.900001525878906,51.72999954223633,50.439998626708984,51.345001220703125,49537410
2018-12-27,51.79999923706055,51.97999954223633,50.494998931884766,50.650001525878906,50169310
2018-12-28,50.81999969482422,51.64500045776367,50.80500030517578,51.28499984741211,63074080
2018-12-31,52.0,52.5,51.619998931884766,52.10499954223633,79658120
2019-01-01,52.400001525878906,52.45000076293945,51.35499954223633,51.57500076293945,41281730
2019-01-02,50.599998474121094,50.68000030517578,49.20000076293945,49.3650016784668,117473500
2019-01-03,49.29999923706055,49.314998626708984,48.025001525878906,48.125,135329440
2019-01-04,48.099998474121094,49.28499984741211,47.95500183105469,48.76499938964844,104800720
2019-01-07,49.540000915527344,50.099998474121094,48.38999938964844,48.54999923706055,84067870
2019-01-08,48.564998626708984,49.334999084472656,48.380001068115234,49.1349983215332,62697060
2019-01-09,48.89500045776367,49.72999954223633,47.525001525878906,47.91999816894531,126966600
2019-01-10,48.0,48.415000915527344,47.75,48.040000915527344,70810000
2019-01-11,48.39500045776367,48.42499923706055,47.20000076293945,47.41999816894531,75408240
2019-01-14,47.41999816894531,47.439998626708984,46.68000030517578,47.084999084472656,58899170
2019-01-15,47.29999923706055,47.650001525878906,46.900001525878906,47.505001068115234,76031810
2019-01-16,47.61000061035156,47.9900016784668,47.27000045776367,47.45500183105469,52802930
2019-01-17,47.630001068115234,47.82500076293945,47.04999923706055,47.314998626708984,42819350
2019-01-18,47.35499954223633,47.77000045776367,46.79999923706055,47.064998626708984,49148490
2019-01-21,47.29999923706055,47.75,47.0099983215332,47.16999816894531,46136900
2019-01-22,47.06999969482422,47.06999969482422,45.5,45.654998779296875,89577660
2019-01-23,45.70000076293945,46.78499984741211,45.70000076293945,46.459999084472656,72593860
2019-01-24,46.45000076293945,46.45000076293945,45.720001220703125,46.07500076293945,47908460
2019-01-25,46.220001220703125,46.58000183105469,45.119998931884766,45.290000915527344,41579670
2019-01-28,45.290000915527344,45.39500045776367,44.33000183105469,44.56999969482422,43351470
2019-01-29,44.400001525878906,45.21500015258789,44.1349983215332,44.380001068115234,52257240
2019-01-30,44.66999816894531,47.13999938964844,44.66999816894531,46.744998931884766,108579250
2019-01-31,47.20500183105469,47.88999938964844,46.76499938964844,47.66999816894531,92437290
2019-02-01,47.70000076293945,48.20000076293945,47.0,47.470001220703125,50159940
2019-02-04,47.4900016784668,47.86000061035156,45.20000076293945,47.60499954223633,109720290
2019-02-05,47.70000076293945,47.70000076293945,45.94499969482422,46.470001220703125,72819270
2019-02-06,46.599998474121094,48.66999816894531,46.380001068115234,48.5099983215332,109992650
2019-02-07,48.345001220703125,49.13999938964844,47.810001373291016,48.904998779296875,78573380
2019-02-08,48.29999923706055,48.775001525878906,46.595001220703125,46.875,84145140
2019-02-11,47.5,48.70000076293945,46.029998779296875,48.06999969482422,232623140
2019-02-12,47.84000015258789,49.720001220703125,47.66999816894531,48.7400016784668,188361110
2019-02-14,48.20000076293945,48.6349983215332,47.540000915527344,48.255001068115234,61850420
2019-02-15,48.29999923706055,48.34000015258789,46.26499938964844,46.75,74992400
2019-02-18,46.88999938964844,47.70000076293945,46.439998626708984,46.55500030517578,62535140
2019-02-19,46.540000915527344,48.060001373291016,46.540000915527344,47.095001220703125,82245450
2019-02-20,47.25,49.3849983215332,47.25,49.1150016784668,154872510
2019-02-21,49.255001068115234,50.290000915527344,49.03499984741211,49.8849983215332,117827140
2019-02-22,49.70000076293945,50.400001525878906,49.209999084472656,50.22999954223633,100057230
2019-02-25,50.400001525878906,50.95000076293945,49.82500076293945,50.5099983215332,103576040
2019-02-26,49.79999923706055,50.86000061035156,49.16999816894531,50.36000061035156,98562990
2019-02-27,50.70000076293945,51.22999954223633,49.79499816894531,50.709999084472656,94443460
2019-02-28,50.65999984741211,51.099998474121094,49.83000183105469,50.04499816894531,74854180
2019-03-01,50.349998474121094,50.970001220703125,50.20000076293945,50.7599983215332,66725690
2019-03-05,50.84000015258789,52.290000915527344,50.52000045776367,52.17499923706055,91180370
2019-03-06,52.290000915527344,52.53499984741211,51.54499816894531,52.084999084472656,63112270
2019-03-07,51.98500061035156,52.31999969482422,51.35499954223633,52.1150016784668,61536310
2019-03-08,51.68000030517578,51.86000061035156,50.630001068115234,50.78499984741211,65048470
2019-03-11,51.0,52.2400016784668,50.95000076293945,52.064998626708984,59082750
2019-03-12,52.439998626708984,53.04999923706055,52.099998474121094,52.51499938964844,82982750
2019-03-13,52.5,52.5,51.2599983215332,51.375,64091530
2019-03-14,51.39500045776367,52.18000030517578,51.349998474121094,51.76499938964844,44966420
2019-03-15,51.79999923706055,52.095001220703125,51.244998931884766,51.54499816894531,42339380
2019-03-18,51.95000076293945,52.67499923706055,51.525001525878906,52.52000045776367,63176050
2019-03-19,52.779998779296875,53.189998626708984,52.064998626708984,52.75,63298400
2019-03-20,52.60499954223633,52.625,51.10499954223633,51.36000061035156,87023070
2019-03-22,51.70000076293945,52.400001525878906,51.560001373291016,51.84000015258789,52334460
2019-03-25,51.279998779296875,51.77000045776367,50.70500183105469,51.51499938964844,50368870
2019-03-26,51.599998474121094,52.095001220703125,51.415000915527344,51.935001373291016,33298250
2019-03-27,52.0,52.29999923706055,51.30500030517578,51.58000183105469,52391580
2019-03-28,51.439998626708984,51.64500045776367,50.47999954223633,50.630001068115234,89650930
2019-04-01,53.0,54.400001525878906,52.810001373291016,53.51499938964844,135235540
2019-04-02,53.79999923706055,53.79999923706055,52.60499954223633,53.064998626708984,50868180
2019-04-03,53.689998626708984,54.7599983215332,53.345001220703125,53.54499816894531,114896800
2019-04-04,53.275001525878906,53.7400016784668,52.650001525878906,53.064998626708984,52599170
2019-04-05,53.119998931884766,55.099998474121094,53.119998931884766,54.93000030517578,100377130
2019-04-08,55.31999969482422,55.70000076293945,54.58000183105469,54.904998779296875,106009010
2019-04-09,55.099998474121094,55.5,54.025001525878906,55.30500030517578,66189360
2019-04-10,55.165000915527344,55.939998626708984,54.16999816894531,54.439998626708984,78891530
2019-04-11,54.099998474121094,54.63999938964844,53.349998474121094,53.56999969482422,60823980
2019-04-12,53.70000076293945,54.27000045776367,53.220001220703125,53.3650016784668,62740160
2019-04-15,53.689998626708984,55.5,53.60499954223633,55.314998626708984,103903170
2019-04-16,55.35499954223633,55.689998626708984,54.915000915527344,55.32500076293945,63236540
2019-04-18,55.349998474121094,55.45000076293945,53.66999816894531,54.310001373291016,66605220
2019-04-22,54.0,54.57500076293945,53.310001373291016,53.41999816894531,36976860
2019-04-23,53.494998931884766,53.849998474121094,52.150001525878906,52.334999084472656,51193760
2019-04-24,52.689998626708984,52.78499984741211,51.27000045776367,52.525001525878906,83768350
2019-04-25,52.20000076293945,52.93000030517578,50.900001525878906,51.07500076293945,83594180
2019-04-26,52.084999084472656,54.775001525878906,51.55500030517578,54.525001525878906,381810110
2019-04-30,54.30500030517578,56.08000183105469,53.56999969482422,55.720001220703125,142581610
2019-05-02,55.40999984741211,56.165000915527344,54.94499969482422,55.494998931884766,90100300
2019-05-03,55.400001525878906,55.599998474121094,54.65999984741211,54.779998779296875,58796360
2019-05-06,53.42499923706055,54.349998474121094,52.744998931884766,53.595001220703125,99648390
2019-05-07,54.494998931884766,54.494998931884766,52.900001525878906,53.060001373291016,65414980
2019-05-08,53.125,53.2400016784668,52.15999984741211,52.26499938964844,64784320
2019-05-09,52.255001068115234,52.63999938964844,51.6349983215332,51.915000915527344,51055970
2019-05-10,52.20000076293945,52.57500076293945,47.904998779296875,48.68000030517578,372409210
2019-05-13,48.0099983215332,48.79999923706055,46.34000015258789,47.22999954223633,159569200
2019-05-14,46.69499969482422,47.7599983215332,45.630001068115234,46.95500183105469,211286060
2019-05-15,47.30500030517578,48.095001220703125,46.064998626708984,46.29499816894531,126650570
2019-05-16,46.39500045776367,47.130001068115234,45.51499938964844,46.92499923706055,112547310
2019-05-17,46.505001068115234,47.150001525878906,46.099998474121094,46.94499969482422,70884860
2019-05-20,47.79999923706055,49.474998474121094,47.665000915527344,48.380001068115234,84575830
2019-05-21,48.48500061035156,48.4900016784668,46.875,47.255001068115234,63370580
2019-05-22,47.20000076293945,48.05500030517578,46.7400016784668,47.29999923706055,83642240
2019-05-23,47.7599983215332,48.650001525878906,46.20500183105469,46.470001220703125,93403760
2019-05-24,46.5,48.630001068115234,45.84000015258789,48.415000915527344,108824810
2019-05-27,48.45000076293945,51.43000030517578,48.35499954223633,51.255001068115234,182077050
2019-05-28,51.40999984741211,51.86000061035156,50.52000045776367,50.70500183105469,99606130
2019-05-29,50.56999969482422,51.17499923706055,49.185001373291016,49.33000183105469,85236870
2019-05-30,49.29999923706055,49.64500045776367,48.599998474121094,48.79499816894531,72043630
2019-05-31,49.08000183105469,49.474998474121094,48.10499954223633,48.83000183105469,102769910
2019-06-03,48.89500045776367,50.185001373291016,48.5099983215332,49.76499938964844,85053920
2019-06-04,49.599998474121094,50.275001525878906,49.189998626708984,49.76499938964844,62125660
2019-06-06,49.76499938964844,50.255001068115234,48.29999923706055,48.459999084472656,72227990
2019-06-07,48.29999923706055,48.9900016784668,47.58000183105469,48.209999084472656,68111040
2019-06-10,48.900001525878906,49.47999954223633,48.310001373291016,48.60499954223633,68509170
2019-06-11,48.9900016784668,49.415000915527344,48.70000076293945,49.25,65345480
2019-06-12,49.275001525878906,50.79999923706055,49.005001068115234,50.584999084472656,127555250
2019-06-13,50.400001525878906,50.584999084472656,49.654998779296875,50.255001068115234,72248570
2019-06-14,49.904998779296875,50.849998474121094,49.70500183105469,50.18000030517578,66058960
2019-06-17,50.0099983215332,50.084999084472656,47.20500183105469,47.310001373291016,119382860
2019-06-18,47.32500076293945,47.849998474121094,46.3650016784668,47.22999954223633,106394540
2019-06-19,48.209999084472656,49.84000015258789,48.209999084472656,49.40999984741211,188375230
2019-06-20,49.40999984741211,50.279998779296875,48.98500061035156,50.099998474121094,78263560
2019-06-21,50.0,50.09000015258789,49.44499969482422,49.76499938964844,61262460
2019-06-24,49.720001220703125,49.97999954223633,48.185001373291016,48.625,72620000
2019-06-25,47.400001525878906,49.97999954223633,47.39500045776367,49.79999923706055,136491190
2019-06-26,49.5,51.22999954223633,49.029998779296875,51.060001373291016,129600840
2019-06-27,51.150001525878906,51.64500045776367,50.665000915527344,51.06999969482422,119467140
2019-06-28,51.150001525878906,51.564998626708984,49.90999984741211,50.439998626708984,87600340
2019-07-01,50.98500061035156,51.48500061035156,50.314998626708984,50.69499969482422,85443750
2019-07-02,50.85499954223633,51.09000015258789,50.209999084472656,50.880001068115234,57240040
2019-07-03,50.790000915527344,51.47999954223633,50.459999084472656,51.029998779296875,69464090
2019-07-04,50.0,50.26499938964844,49.375,49.529998779296875,72630590
2019-07-05,49.650001525878906,49.849998474121094,47.529998779296875,47.834999084472656,76163480
2019-07-08,47.5,47.95000076293945,46.52000045776367,46.80500030517578,80825910
2019-07-09,46.900001525878906,47.20000076293945,46.255001068115234,46.845001220703125,68585800
2019-07-10,46.95000076293945,47.435001373291016,44.80500030517578,45.47999954223633,134813440
2019-07-11,46.130001068115234,46.650001525878906,45.369998931884766,46.20000076293945,99870380
2019-07-12,46.43000030517578,47.94499969482422,46.025001525878906,47.290000915527344,132441180
2019-07-15,47.79999923706055,47.82500076293945,46.334999084472656,46.83000183105469,78060790
2019-07-16,46.5099983215332,47.86000061035156,46.40999984741211,47.66999816894531,64352100
2019-07-17,47.599998474121094,47.97999954223633,46.849998474121094,47.56999969482422,54793220
2019-07-18,47.29999923706055,47.53499984741211,46.3849983215332,46.65999984741211,52331730
2019-07-19,47.0,47.29999923706055,45.32500076293945,45.80500030517578,72848850
2019-07-22,45.80500030517578,46.72999954223633,45.119998931884766,46.55500030517578,69544520
2019-07-23,46.619998931884766,46.790000915527344,45.67499923706055,45.98500061035156,55292840
2019-07-24,46.095001220703125,46.29999923706055,44.310001373291016,44.599998474121094,83420010
2019-07-25,44.79999923706055,45.19499969482422,43.83000183105469,44.03499984741211,75280910
2019-07-26,43.900001525878906,44.81999969482422,43.564998626708984,44.54999923706055,65857860
2019-07-29,44.55500030517578,44.59000015258789,43.099998474121094,43.345001220703125,78727230
2019-07-30,43.4900016784668,44.189998626708984,40.619998931884766,41.505001068115234,94629210
2019-07-31,41.29999923706055,43.36000061035156,40.95000076293945,43.20500183105469,115418000
2019-08-01,42.75,43.189998626708984,41.47999954223633,42.0,94219850
2019-08-02,41.38999938964844,41.71500015258789,40.459999084472656,40.90999984741211,134859520
2019-08-05,40.39500045776367,40.39500045776367,38.970001220703125,39.92499923706055,112888540
2019-08-06,39.3650016784668,40.79999923706055,39.3650016784668,40.15999984741211,101975850
2019-08-07,39.5,39.650001525878906,37.584999084472656,38.189998626708984,133016090
2019-08-08,37.900001525878906,37.95000076293945,36.060001373291016,36.7400016784668,228263940
2019-08-09,37.04999923706055,37.3650016784668,36.084999084472656,36.23500061035156,133527610
2019-08-13,36.16999816894531,36.7599983215332,34.53499984741211,34.869998931884766,147820510
2019-08-14,35.36000061035156,37.07500076293945,35.34000015258789,36.46500015258789,187387690
2019-08-16,36.0,36.689998626708984,35.54499816894531,36.30500030517578,119202110
2019-08-19,36.59000015258789,36.69499969482422,35.71500015258789,35.95500183105469,98849660
2019-08-20,35.970001220703125,36.185001373291016,35.314998626708984,35.82500076293945,93637340
2019-08-21,35.70000076293945,35.81999969482422,34.185001373291016,34.29999923706055,114233780
2019-08-22,33.9900016784668,34.69499969482422,33.040000915527344,33.369998931884766,154598000
2019-08-23,33.29999923706055,34.89500045776367,33.03499984741211,34.525001525878906,112101340
2019-08-26,34.63999938964844,34.7599983215332,32.220001220703125,33.80500030517578,237649990
2019-08-27,34.095001220703125,35.470001220703125,34.01499938964844,35.09000015258789,173752960
2019-08-28,35.09000015258789,35.09000015258789,33.34000015258789,33.69499969482422,126417160
2019-08-29,33.400001525878906,34.26499938964844,32.86000061035156,33.55500030517578,134813100
2019-08-30,34.20000076293945,34.75,33.720001220703125,34.4900016784668,179722070
2019-09-03,34.099998474121094,34.1150016784668,32.900001525878906,33.13999938964844,92206530
2019-09-04,33.13999938964844,34.095001220703125,32.72999954223633,33.92499923706055,129047100
2019-09-05,34.599998474121094,35.20000076293945,34.224998474121094,34.51499938964844,142508850
2019-09-06,34.70000076293945,35.78499984741211,34.28499984741211,35.540000915527344,115554870
2019-09-09,35.540000915527344,36.060001373291016,34.814998626708984,35.380001068115234,143296190
2019-09-11,35.529998779296875,36.869998931884766,35.52000045776367,36.70500183105469,136500270
2019-09-12,36.880001068115234,37.95000076293945,36.29999923706055,36.505001068115234,188468200
2019-09-13,36.70000076293945,36.915000915527344,35.775001525878906,36.73500061035156,116222490
2019-09-16,36.20000076293945,36.63999938964844,35.86000061035156,36.11000061035156,80643190
2019-09-17,36.119998931884766,36.599998474121094,34.20500183105469,34.494998931884766,131984000
2019-09-18,34.79999923706055,36.130001068115234,34.53499984741211,35.82500076293945,162531840
2019-09-19,35.599998474121094,35.599998474121094,34.005001068115234,34.46500015258789,136564950
2019-09-20,34.790000915527344,38.099998474121094,34.40999984741211,36.85499954223633,267647140
2019-09-23,37.7599983215332,38.8849983215332,36.900001525878906,37.73500061035156,163931640
2019-09-24,37.79999923706055,37.93000030517578,36.81999969482422,37.08000183105469,95789890
2019-09-25,36.75,36.79499816894531,35.755001068115234,36.20500183105469,91169850
2019-09-26,36.5,37.935001373291016,36.334999084472656,37.57500076293945,140661520
2019-09-27,37.29999923706055,37.349998474121094,35.79999923706055,35.96500015258789,105687770
2019-09-30,35.5,36.369998931884766,34.560001373291016,36.04999923706055,147196960
2019-10-01,36.20000076293945,36.470001220703125,34.40999984741211,35.154998779296875,125641890
2019-10-03,34.650001525878906,34.88999938964844,33.845001220703125,33.959999084472656,121309560
2019-10-04,34.474998474121094,34.47999954223633,33.11000061035156,33.310001373291016,114452160
2019-10-07,33.48500061035156,33.82500076293945,32.349998474121094,32.47999954223633,124157800
2019-10-09,32.334999084472656,33.79999923706055,32.03499984741211,33.64500045776367,147767410
2019-10-10,33.290000915527344,33.45500183105469,32.79999923706055,32.994998931884766,115074980
2019-10-11,33.5,34.244998931884766,33.20000076293945,33.900001525878906,171588490
2019-10-14,34.57500076293945,35.275001525878906,34.29499816894531,34.48500061035156,167239630
2019-10-15,34.505001068115234,35.834999084472656,33.869998931884766,34.91999816894531,179722070
2019-10-16,35.380001068115234,35.380001068115234,34.525001525878906,34.7400016784668,128143020
2019-10-17,34.599998474121094,36.1349983215332,34.03499984741211,35.61000061035156,166951580
2019-10-18,35.595001220703125,36.279998779296875,35.17499923706055,35.959999084472656,165680360
2019-10-22,35.75,36.380001068115234,35.29999923706055,35.45000076293945,119442830
2019-10-23,35.20000076293945,35.875,34.92499923706055,35.619998931884766,93184500
2019-10-24,35.60499954223633,36.20000076293945,35.380001068115234,35.9900016784668,109734020
2019-10-25,35.630001068115234,36.89500045776367,35.60499954223633,36.224998474121094,149966920
2019-10-27,36.380001068115234,36.55500030517578,36.310001373291016,36.5,10820130
2019-10-29,36.55500030517578,39.970001220703125,36.55500030517578,39.02000045776367,251553140
2019-10-30,38.9900016784668,39.369998931884766,38.43000030517578,38.79999923706055,143714420
2019-10-31,38.88999938964844,39.0099983215332,37.619998931884766,38.05500030517578,217560230
2019-11-01,38.005001068115234,40.290000915527344,37.79999923706055,39.95000076293945,241111950
2019-11-04,40.29999923706055,42.16999816894531,40.29999923706055,40.915000915527344,289344340
2019-11-05,41.400001525878906,41.790000915527344,40.15999984741211,40.39500045776367,208744340
2019-11-06,40.20000076293945,40.88999938964844,39.869998931884766,40.44499969482422,179351470
2019-11-07,40.400001525878906,40.8849983215332,38.880001068115234,40.310001373291016,407007600
2019-11-08,40.150001525878906,40.619998931884766,39.5099983215332,39.79499816894531,214235200
2019-11-11,39.54999923706055,40.375,39.400001525878906,40.14500045776367,135739740
2019-11-13,40.09000015258789,40.8849983215332,39.27000045776367,39.790000915527344,175114690
2019-11-14,39.61000061035156,39.869998931884766,38.939998626708984,39.19499969482422,108694250
2019-11-15,39.20000076293945,40.29999923706055,39.060001373291016,39.45000076293945,118132590
2019-11-18,39.63999938964844,41.2599983215332,39.599998474121094,41.005001068115234,189065280
2019-11-19,41.400001525878906,41.48500061035156,40.0,40.17499923706055,142650830
2019-11-20,40.099998474121094,40.849998474121094,39.72999954223633,39.869998931884766,122556020
2019-11-21,39.900001525878906,39.915000915527344,38.32500076293945,38.5099983215332,102085540
2019-11-22,38.599998474121094,40.279998779296875,38.310001373291016,40.0,172719490
2019-11-25,40.525001525878906,42.099998474121094,40.29999923706055,41.95000076293945,276124580
2019-11-26,42.5,42.93000030517578,41.67499923706055,42.415000915527344,282763120
2019-11-27,42.529998779296875,42.70000076293945,41.91999816894531,42.1349983215332,109846790
2019-11-28,42.220001220703125,43.43000030517578,42.21500015258789,43.209999084472656,157660730
2019-11-29,42.744998931884766,42.95000076293945,42.11000061035156,42.75,126319560
2019-12-02,42.494998931884766,42.69499969482422,41.900001525878906,42.084999084472656,83371710
2019-12-03,41.79999923706055,41.85499954223633,39.63999938964844,39.96500015258789,168706560
2019-12-04,39.279998779296875,41.14500045776367,38.900001525878906,40.93000030517578,261132490
2019-12-05,41.10499954223633,41.185001373291016,39.709999084472656,39.97999954223633,111108840
2019-12-06,40.14500045776367,40.75,39.3849983215332,40.32500076293945,169310820
2019-12-09,40.29999923706055,41.18000030517578,40.19499969482422,40.66999816894531,123184520
2019-12-10,40.5,40.959999084472656,40.02000045776367,40.20500183105469,93495850
2019-12-11,40.2400016784668,40.81999969482422,40.03499984741211,40.55500030517578,82278630
2019-12-12,40.83000183105469,42.09000015258789,40.68000030517578,41.869998931884766,149846710
2019-12-13,43.025001525878906,43.459999084472656,42.345001220703125,42.84000015258789,216281830
2019-12-16,43.20000076293945,43.20000076293945,42.01499938964844,42.099998474121094,95658310
2019-12-17,42.36000061035156,44.189998626708984,42.30500030517578,43.939998626708984,307577380
2019-12-18,43.939998626708984,45.47999954223633,43.60499954223633,44.474998474121094,400283980
2019-12-19,44.0,44.939998626708984,43.79999923706055,44.67499923706055,205472860
2019-12-20,44.599998474121094,46.34000015258789,44.310001373291016,46.099998474121094,269312620
2019-12-23,46.099998474121094,46.75,45.70500183105469,46.21500015258789,186311430
2019-12-24,46.220001220703125,46.470001220703125,45.939998626708984,46.29999923706055,112355050
2019-12-26,46.29999923706055,47.20000076293945,46.29999923706055,46.790000915527344,182556030
2019-12-27,46.92499923706055,47.18000030517578,46.31999969482422,46.95000076293945,111443330
2019-12-30,47.0099983215332,47.630001068115234,46.5099983215332,47.474998474121094,114620740
2019-12-31,47.26499938964844,47.529998779296875,46.95000076293945,47.20500183105469,96441450
2020-01-01,47.29999923706055,47.650001525878906,46.47999954223633,46.775001525878906,121005300
2020-01-02,47.20000076293945,48.779998779296875,47.20000076293945,48.48500061035156,216749610
2020-01-03,48.29999923706055,48.619998931884766,47.94499969482422,48.369998931884766,129568630
2020-01-06,48.0,48.0,47.05500030517578,47.32500076293945,96016080
2020-01-07,47.54999923706055,48.459999084472656,47.35499954223633,47.61000061035156,131957880
2020-01-08,47.165000915527344,47.814998626708984,46.70000076293945,47.525001525878906,133048410
2020-01-09,48.5,48.599998474121094,47.90999984741211,48.314998626708984,101311520
2020-01-10,48.54999923706055,49.3849983215332,48.0,48.619998931884766,159276340
2020-01-13,49.11000061035156,49.70000076293945,48.775001525878906,49.57500076293945,109427500
2020-01-14,49.64500045776367,50.599998474121094,49.57500076293945,49.86000061035156,156608220
2020-01-15,49.189998626708984,50.35499954223633,48.915000915527344,50.209999084472656,121179480
2020-01-16,50.20000076293945,50.404998779296875,49.209999084472656,49.439998626708984,104383690
2020-01-17,49.33000183105469,49.88999938964844,49.189998626708984,49.525001525878906,56824600
2020-01-20,49.70000076293945,49.97999954223633,48.915000915527344,49.064998626708984,72918780
2020-01-21,48.779998779296875,48.779998779296875,47.349998474121094,47.6150016784668,113158030
2020-01-22,47.8650016784668,47.98500061035156,47.31999969482422,47.505001068115234,76621710
2020-01-23,47.59000015258789,48.185001373291016,47.314998626708984,48.025001525878906,72000200
2020-01-24,48.029998779296875,48.5099983215332,47.64500045776367,48.34000015258789,74811300
2020-01-27,47.775001525878906,47.775001525878906,46.0099983215332,46.244998931884766,129631190
2020-01-28,46.0,46.20000076293945,44.20000076293945,44.625,180152830
2020-01-29,45.279998779296875,45.970001220703125,44.959999084472656,45.220001220703125,110818340
2020-01-30,45.189998626708984,45.44499969482422,44.13999938964844,44.85499954223633,146520160
2020-01-31,45.29999923706055,45.42499923706055,43.64500045776367,43.869998931884766,107387270
2020-02-03,41.79999923706055,43.900001525878906,41.65999984741211,43.60499954223633,162371260
2020-02-04,44.20000076293945,45.34000015258789,43.345001220703125,45.189998626708984,133362630
2020-02-05,45.224998474121094,47.970001220703125,44.79999923706055,47.505001068115234,160567650
2020-02-06,47.79999923706055,48.724998474121094,47.15999984741211,47.7599983215332,166660740
2020-02-07,47.56999969482422,47.970001220703125,46.8849983215332,47.099998474121094,116499090
2020-02-10,46.025001525878906,46.32500076293945,44.0,44.380001068115234,267960480
2020-02-11,44.834999084472656,45.77000045776367,44.27000045776367,44.40999984741211,168243710
2020-02-12,45.0,45.45000076293945,44.255001068115234,44.79499816894531,117858580
2020-02-13,44.875,45.16999816894531,43.935001373291016,44.125,99652210
2020-02-14,44.099998474121094,44.55500030517578,43.334999084472656,43.45500183105469,94848170
2020-02-17,43.54999923706055,44.09000015258789,43.29999923706055,43.685001373291016,97247650
2020-02-18,43.400001525878906,43.51499938964844,42.130001068115234,43.13999938964844,115024230
2020-02-19,43.64500045776367,43.849998474121094,42.814998626708984,43.31999969482422,84651090
2020-02-20,42.900001525878906,44.77000045776367,42.79999923706055,44.35499954223633,129802370
2020-02-24,43.48500061035156,43.48500061035156,41.334999084472656,41.54499816894531,175231420
2020-02-25,41.900001525878906,42.55500030517578,41.439998626708984,42.130001068115234,145581760
2020-02-26,41.130001068115234,41.939998626708984,41.130001068115234,41.630001068115234,142707060
2020-02-27,41.4900016784668,41.59000015258789,40.70500183105469,41.279998779296875,102263790
2020-02-28,39.869998931884766,39.89500045776367,37.5,38.17499923706055,245328330
2020-03-02,39.369998931884766,39.400001525878906,35.79999923706055,36.404998779296875,202207720
2020-03-03,37.349998474121094,39.099998474121094,37.0099983215332,38.755001068115234,186489330
2020-03-04,38.80500030517578,38.9900016784668,36.5099983215332,37.71500015258789,229371480
2020-03-05,38.39500045776367,38.779998779296875,37.43000030517578,37.57500076293945,146284680
2020-03-06,35.69499969482422,35.83000183105469,34.665000915527344,35.150001525878906,148481880
2020-03-09,33.75,33.77000045776367,31.975000381469727,32.22999954223633,204221360
2020-03-11,32.400001525878906,32.60499954223633,29.610000610351562,29.975000381469727,286928700
2020-03-12,27.5,29.18000030517578,26.719999313354492,28.7450008392334,437671340
2020-03-13,27.0,33.209999084472656,25.53499984741211,32.66999816894531,338414370
2020-03-16,30.399999618530273,31.764999389648438,28.709999084472656,28.959999084472656,236054820
2020-03-17,30.0,30.764999389648438,28.049999237060547,28.274999618530273,206539390
2020-03-18,29.0,29.315000534057617,27.56999969482422,28.084999084472656,187721700
2020-03-19,26.895000457763672,28.450000762939453,26.049999237060547,27.184999465942383,187219810
2020-03-20,27.969999313354492,30.5,27.415000915527344,29.774999618530273,173077660
2020-03-23,26.799999237060547,27.799999237060547,25.354999542236328,27.114999771118164,121004020
2020-03-24,27.704999923706055,28.565000534057617,25.860000610351562,27.190000534057617,129288020
2020-03-25,26.704999923706055,29.5,26.704999923706055,28.68000030517578,94428290
2020-03-26,29.0,29.549999237060547,28.010000228881836,28.44499969482422,114938330
2020-03-27,29.100000381469727,29.524999618530273,27.420000076293945,27.725000381469727,111835940
2020-03-30,26.700000762939453,27.075000762939453,25.084999084472656,25.405000686645508,158537210
2020-03-31,26.225000381469727,27.2450008392334,25.969999313354492,26.959999084472656,157868130
2020-04-01,26.600000381469727,26.795000076293945,25.809999465942383,26.635000228881836,119647990
2020-04-03,26.770000457763672,26.889999389648438,25.100000381469727,25.375,125266950
2020-04-07,26.604999542236328,27.770000457763672,26.1200008392334,27.6200008392334,159566590
2020-04-08,27.100000381469727,29.290000915527344,26.665000915527344,27.475000381469727,204349980
2020-04-09,28.049999237060547,28.959999084472656,27.764999389648438,28.485000610351562,138556280
2020-04-13,28.5,29.200000762939453,27.385000228881836,28.2549991607666,155103280
2020-04-15,28.739999771118164,29.565000534057617,28.190000534057617,28.514999389648438,209917430
2020-04-16,27.600000381469727,29.190000534057617,27.600000381469727,28.889999389648438,172487980
2020-04-17,29.75,29.969999313354492,28.549999237060547,29.334999084472656,174923730
2020-04-20,29.479999542236328,29.5,28.510000228881836,28.639999389648438,119607480
2020-04-21,28.0049991607666,28.100000381469727,26.325000762939453,26.594999313354492,169249100
2020-04-22,26.610000610351562,26.989999771118164,25.920000076293945,26.834999084472656,147898560
2020-04-23,27.0,27.899999618530273,26.899999618530273,27.030000686645508,154678570
2020-04-24,26.6299991607666,27.385000228881836,26.44499969482422,26.7549991607666,123808460
2020-04-27,27.399999618530273,27.690000534057617,27.049999237060547,27.165000915527344,124106120
2020-04-28,27.389999389648438,27.540000915527344,26.954999923706055,27.354999542236328,85471050
2020-04-29,27.299999237060547,28.614999771118164,27.125,28.264999389648438,198765690
2020-04-30,28.9950008392334,30.450000762939453,28.8700008392334,29.829999923706055,236333720
2020-05-04,28.5,28.614999771118164,27.010000228881836,27.360000610351562,128914590
2020-05-05,27.899999618530273,28.239999771118164,27.100000381469727,27.264999389648438,121823300
2020-05-06,27.40999984741211,28.045000076293945,27.204999923706055,27.774999618530273,95077310
2020-05-07,27.545000076293945,28.28499984741211,27.46500015258789,27.584999084472656,89583760
2020-05-08,28.280000686645508,28.399999618530273,27.200000762939453,27.290000915527344,98777550
2020-05-11,27.55500030517578,28.299999237060547,27.5,27.6200008392334,109074080
2020-05-12,27.329999923706055,27.68000030517578,26.450000762939453,27.395000457763672,150402970
2020-05-13,28.75,28.799999237060547,27.350000381469727,27.655000686645508,147231160
2020-05-14,27.200000762939453,27.520000457763672,26.729999542236328,26.854999542236328,107969020
2020-05-15,27.0,27.68000030517578,26.8799991607666,27.344999313354492,149896650
2020-05-18,27.40999984741211,27.6200008392334,26.2450008392334,26.65999984741211,116153670
2020-05-19,27.19499969482422,28.040000915527344,26.75,27.200000762939453,168970940
2020-05-20,27.200000762939453,28.399999618530273,27.010000228881836,28.31999969482422,144218120
2020-05-21,28.389999389648438,28.625,27.850000381469727,28.3700008392334,130358110
2020-05-22,27.899999618530273,28.024999618530273,27.329999923706055,27.44499969482422,106567390
2020-05-26,27.75,28.440000534057617,27.700000762939453,28.045000076293945,121075590
2020-05-27,28.219999313354492,29.040000915527344,27.905000686645508,28.795000076293945,140074620
2020-05-28,29.190000534057617,29.860000610351562,28.940000534057617,29.549999237060547,166019580
2020-05-29,29.209999084472656,29.690000534057617,28.78499984741211,29.520000457763672,131279850
2020-06-01,30.200000762939453,31.780000686645508,30.200000762939453,31.520000457763672,243843600
2020-06-02,31.799999237060547,32.345001220703125,31.454999923706055,31.940000534057617,165626630
2020-06-03,32.54499816894531,32.630001068115234,31.5049991607666,31.739999771118164,103869540
2020-06-04,31.690000534057617,32.2599983215332,31.459999084472656,31.9950008392334,112512660
2020-06-05,32.58000183105469,34.3650016784668,32.505001068115234,33.89500045776367,309184760
2020-06-08,34.77000045776367,35.08000183105469,32.73500061035156,33.36000061035156,164816490
2020-06-09,33.599998474121094,34.400001525878906,32.8849983215332,33.220001220703125,149268320
2020-06-10,33.11000061035156,33.150001525878906,32.20000076293945,32.400001525878906,172188830
2020-06-11,32.20000076293945,32.349998474121094,31.100000381469727,31.315000534057617,139066840
2020-06-12,30.0,32.04499816894531,30.0,31.760000228881836,175578850
2020-06-15,31.375,31.5,30.260000228881836,30.6200008392334,185810020
2020-06-16,31.510000228881836,32.255001068115234,30.1299991607666,30.895000457763672,234418060
2020-06-17,30.719999313354492,31.479999542236328,30.5049991607666,30.81999969482422,114470230
2020-06-18,30.81999969482422,31.920000076293945,30.709999084472656,31.809999465942383,113692780
2020-06-19,32.099998474121094,32.584999084472656,31.729999542236328,32.05500030517578,151342880
2020-06-22,31.975000381469727,32.79999923706055,31.834999084472656,32.56999969482422,110312750
2020-06-23,32.77000045776367,33.349998474121094,32.6150016784668,33.20000076293945,125450560
2020-06-24,33.65999984741211,33.814998626708984,32.474998474121094,32.60499954223633,207826420
2020-06-25,32.20000076293945,32.7400016784668,32.099998474121094,32.310001373291016,113456530
2020-06-26,32.58000183105469,32.994998931884766,32.255001068115234,32.3849983215332,97063330
2020-06-29,32.29999923706055,32.599998474121094,31.209999084472656,32.084999084472656,119611330
2020-06-30,32.310001373291016,33.76499938964844,32.310001373291016,32.66999816894531,365236470
2020-07-01,32.900001525878906,32.959999084472656,32.029998779296875,32.369998931884766,104894330
2020-07-02,32.70500183105469,33.75,32.45500183105469,33.4900016784668,119713930
2020-07-03,33.70000076293945,33.70000076293945,32.73500061035156,32.9900016784668,106126140
2020-07-06,33.314998626708984,34.16999816894531,33.029998779296875,33.88999938964844,141439660
2020-07-07,33.880001068115234,33.8849983215332,32.80500030517578,33.029998779296875,108393710
2020-07-08,33.279998779296875,34.63999938964844,33.20000076293945,33.41999816894531,215601630
2020-07-09,33.70000076293945,34.849998474121094,33.650001525878906,34.45000076293945,244037810
2020-07-10,34.19499969482422,34.43000030517578,33.52000045776367,33.869998931884766,125261130
2020-07-13,34.33000183105469,34.70000076293945,33.849998474121094,34.209999084472656,121150000
2020-07-14,33.900001525878906,33.900001525878906,33.2599983215332,33.665000915527344,83070350
2020-07-15,34.064998626708984,34.650001525878906,33.79999923706055,33.93000030517578,96874130
2020-07-16,33.79999923706055,34.650001525878906,33.154998779296875,34.165000915527344,105860440
2020-07-17,34.599998474121094,35.68000030517578,34.51499938964844,35.095001220703125,244153950
2020-07-20,35.11000061035156,35.470001220703125,34.65999984741211,35.2400016784668,95320490
2020-07-21,35.599998474121094,36.060001373291016,34.95000076293945,35.915000915527344,113681040
2020-07-22,36.04999923706055,36.290000915527344,34.65999984741211,35.005001068115234,178429190
2020-07-23,35.0099983215332,35.63999938964844,34.76499938964844,35.189998626708984,96250490
2020-07-24,34.70000076293945,34.97999954223633,34.255001068115234,34.61000061035156,89188290
2020-07-27,35.099998474121094,35.38999938964844,34.42499923706055,35.28499984741211,118356070
2020-07-28,35.36000061035156,36.0,35.275001525878906,35.849998474121094,106392570
2020-07-29,35.900001525878906,37.845001220703125,35.6150016784668,37.375,301158810
2020-07-30,37.70000076293945,37.779998779296875,36.40999984741211,36.65999984741211,103982570
2020-07-31,36.560001373291016,37.040000915527344,36.040000915527344,36.630001068115234,90249550
2020-08-03,36.474998474121094,37.685001373291016,36.20500183105469,37.349998474121094,111369710
2020-08-04,37.45000076293945,37.79999923706055,36.76499938964844,37.224998474121094,111842600
2020-08-05,37.30500030517578,39.790000915527344,37.30500030517578,39.58000183105469,305597410
2020-08-06,38.974998474121094,40.279998779296875,38.54999923706055,40.04499816894531,221228070
2020-08-07,39.59000015258789,40.66999816894531,39.310001373291016,40.404998779296875,151763170
2020-08-10,40.57500076293945,41.154998779296875,39.959999084472656,41.02000045776367,120182110
2020-08-11,41.310001373291016,42.7599983215332,41.25,41.64500045776367,258851910
2020-08-12,41.369998931884766,41.73500061035156,40.755001068115234,41.45000076293945,115744020
2020-08-13,41.81999969482422,42.16999816894531,40.8849983215332,41.310001373291016,124220440
2020-08-14,41.0,43.095001220703125,40.90999984741211,41.849998474121094,477423650
2020-08-17,41.79999923706055,42.915000915527344,41.42499923706055,42.505001068115234,181455010
2020-08-18,42.165000915527344,43.68000030517578,41.970001220703125,43.45000076293945,173400200
2020-08-19,43.45000076293945,43.55500030517578,42.8849983215332,43.16999816894531,118436810
2020-08-20,42.5,43.83000183105469,42.30500030517578,43.2599983215332,158466000
2020-08-21,43.57500076293945,44.20000076293945,42.654998779296875,42.8849983215332,134818760
2020-08-24,43.36000061035156,43.775001525878906,42.810001373291016,42.95000076293945,90928540
2020-08-25,43.20000076293945,43.26499938964844,42.14500045776367,42.400001525878906,105529000
2020-08-26,42.5,42.775001525878906,42.220001220703125,42.5,79571570
2020-08-27,42.54999923706055,43.02000045776367,42.29999923706055,42.685001373291016,95491160
2020-08-28,42.96500015258789,43.79999923706055,42.30500030517578,42.41999816894531,152112670
2020-08-31,42.650001525878906,43.01499938964844,41.0,41.29999923706055,157459100
2020-09-01,41.38999938964844,43.27000045776367,41.19499969482422,42.8650016784668,140728230
2020-09-02,43.005001068115234,44.16999816894531,42.709999084472656,43.8650016784668,117392780
2020-09-03,44.25,44.3650016784668,43.59000015258789,43.810001373291016,102142880
2020-09-04,42.810001373291016,43.39500045776367,41.900001525878906,42.130001068115234,105290810
2020-09-07,42.369998931884766,42.84000015258789,41.845001220703125,42.25,96263460
2020-09-08,42.57500076293945,42.57500076293945,40.2599983215332,40.5099983215332,116372720
2020-09-09,39.880001068115234,42.01499938964844,38.650001525878906,41.7400016784668,319997830
2020-09-10,42.400001525878906,42.59000015258789,40.11000061035156,40.79999923706055,229205440
2020-09-11,40.875,41.26499938964844,40.25,40.75,136871250
2020-09-14,41.0,41.40999984741211,40.21500015258789,40.46500015258789,123310520
2020-09-15,40.70000076293945,41.05500030517578,40.35499954223633,40.525001525878906,91323090
2020-09-16,40.64500045776367,41.0,40.27000045776367,40.459999084472656,99873490
2020-09-17,40.19499969482422,40.75,39.31999969482422,39.869998931884766,148080220
2020-09-18,40.209999084472656,40.564998626708984,39.34000015258789,39.54999923706055,168417030
2020-09-21,39.599998474121094,39.91999816894531,37.099998474121094,37.34000015258789,141383050
2020-09-22,37.400001525878906,37.849998474121094,35.81999969482422,37.415000915527344,220130270
2020-09-23,37.70000076293945,37.79999923706055,35.64500045776367,36.130001068115234,169844110
2020-09-24,35.68000030517578,35.724998474121094,34.275001525878906,34.38999938964844,124957470
2020-09-25,34.79999923706055,35.560001373291016,34.41999816894531,35.209999084472656,122425760
2020-09-28,35.994998931884766,36.494998931884766,35.564998626708984,36.099998474121094,122701960
2020-09-29,36.5,37.18000030517578,36.16999816894531,37.005001068115234,178916090
2020-09-30,37.10499954223633,37.150001525878906,35.79999923706055,35.974998474121094,129636870
2020-10-01,36.43000030517578,37.029998779296875,36.314998626708984,36.494998931884766,95540970
2020-10-05,37.0099983215332,38.54999923706055,36.95000076293945,38.22999954223633,195905330
2020-10-06,38.68000030517578,38.724998474121094,37.310001373291016,37.7400016784668,142863360
2020-10-07,37.599998474121094,37.93000030517578,37.0,37.11000061035156,96937190
2020-10-08,37.44499969482422,38.29999923706055,37.16999816894531,37.3650016784668,141111310
2020-10-09,37.60499954223633,38.69499969482422,36.70500183105469,36.95000076293945,220065830
2020-10-12,37.349998474121094,37.71500015258789,36.25,37.11000061035156,157568610
2020-10-13,37.20000076293945,37.625,36.665000915527344,36.834999084472656,119024640
2020-10-14,37.040000915527344,37.724998474121094,36.95500183105469,37.55500030517578,148921160
2020-10-15,38.099998474121094,38.86000061035156,37.150001525878906,37.38999938964844,316506980
2020-10-16,37.709999084472656,39.59000015258789,37.52000045776367,39.3849983215332,288554790
2020-10-19,39.7599983215332,40.0,39.18000030517578,39.54999923706055,147289680
2020-10-20,39.20000076293945,39.73500061035156,38.959999084472656,39.2400016784668,109496320
2020-10-21,39.630001068115234,40.79999923706055,39.435001373291016,40.404998779296875,263519520
2020-10-22,40.189998626708984,41.35499954223633,40.0099983215332,40.96500015258789,208883010
2020-10-23,41.29999923706055,42.599998474121094,41.220001220703125,42.345001220703125,285885950
2020-10-26,42.334999084472656,42.334999084472656,40.415000915527344,40.84000015258789,166073190
2020-10-27,40.869998931884766,41.685001373291016,40.34000015258789,41.099998474121094,160621710
2020-10-28,41.14500045776367,41.81999969482422,40.04499816894531,40.22999954223633,169657540
2020-10-29,39.94499969482422,40.5,39.529998779296875,40.13999938964844,138603960
2020-10-30,40.27000045776367,41.290000915527344,39.52000045776367,41.05500030517578,180209980
2020-11-02,41.0,41.25,39.869998931884766,40.28499984741211,131431090
2020-11-03,40.75,41.220001220703125,40.44499969482422,40.689998626708984,122580340
2020-11-04,40.88999938964844,41.505001068115234,40.13999938964844,40.38999938964844,136143660
2020-11-05,41.20000076293945,42.82500076293945,40.915000915527344,42.54999923706055,265177560
2020-11-06,42.45000076293945,43.290000915527344,42.26499938964844,42.650001525878906,173981930
2020-11-09,43.29999923706055,43.9900016784668,42.7400016784668,43.83000183105469,158308620
2020-11-10,44.0,45.32500076293945,43.55500030517578,44.189998626708984,262002400
2020-11-11,44.189998626708984,47.73500061035156,43.959999084472656,47.39500045776367,368618330
2020-11-12,47.20000076293945,47.9900016784668,46.630001068115234,47.314998626708984,234936850
2020-11-13,47.084999084472656,48.84000015258789,46.5,48.654998779296875,234181870
2020-11-14,49.654998779296875,49.95000076293945,48.70000076293945,49.220001220703125,78374000
2020-11-17,50.599998474121094,53.095001220703125,50.16999816894531,52.27000045776367,642845990
2020-11-18,51.79999923706055,52.380001068115234,51.064998626708984,51.720001220703125,174815130
2020-11-19,51.185001373291016,53.56999969482422,51.0,52.36000061035156,201379980
2020-11-20,52.599998474121094,54.16999816894531,52.099998474121094,53.290000915527344,266860000
2020-11-23,53.79999923706055,54.599998474121094,53.6349983215332,54.310001373291016,170254250
2020-11-24,54.79499816894531,55.04499816894531,54.13999938964844,54.83000183105469,130291260
2020-11-25,55.099998474121094,55.8650016784668,53.95000076293945,54.125,176809890
2020-11-26,54.599998474121094,57.11000061035156,54.125,56.84000015258789,225701850
2020-11-27,57.0,58.23500061035156,56.30500030517578,57.73500061035156,462912480
2020-12-01,59.20000076293945,59.20000076293945,57.69499969482422,58.58000183105469,147391090
2020-12-02,58.56999969482422,60.7599983215332,58.404998779296875,60.435001373291016,249970850
2020-12-03,60.900001525878906,62.474998474121094,60.79999923706055,62.09000015258789,247756520
2020-12-04,62.400001525878906,63.25,61.459999084472656,62.27000045776367,201535520
2020-12-07,62.36000061035156,62.900001525878906,60.94499969482422,61.45500183105469,155883210
2020-12-08,61.599998474121094,62.14500045776367,60.244998931884766,61.345001220703125,170158530
2020-12-09,61.79999923706055,62.06999969482422,60.709999084472656,60.935001373291016,127307310
2020-12-10,60.599998474121094,61.400001525878906,59.349998474121094,61.0099983215332,198293280
2020-12-11,61.4900016784668,62.54499816894531,61.42499923706055,62.16999816894531,163956980
2020-12-14,62.67499923706055,63.88999938964844,62.529998779296875,62.67499923706055,177227150
2020-12-15,62.345001220703125,63.709999084472656,61.73500061035156,63.53499984741211,132263120
2020-12-16,64.12000274658203,64.94499969482422,63.81999969482422,64.33999633789062,160402560
2020-12-17,64.33999633789062,64.5999984741211,63.14500045776367,63.529998779296875,79651860
2020-12-18,63.82500076293945,64.08499908447266,62.79999923706055,63.125,253515060
2020-12-21,62.400001525878906,62.77000045776367,58.560001373291016,59.584999084472656,190766540
2020-12-22,59.599998474121094,61.04499816894531,58.5,60.1349983215332,188468790
2020-12-23,59.900001525878906,62.41999816894531,59.630001068115234,62.13999938964844,122383430
2020-12-24,62.529998779296875,63.69499969482422,61.92499923706055,62.22999954223633,120907400
2020-12-28,62.82500076293945,63.53499984741211,62.65999984741211,63.26499938964844,104805170
2020-12-29,63.78499984741211,63.96500015258789,62.10499954223633,63.220001220703125,104163260
2020-12-30,63.29499816894531,64.3949966430664,62.404998779296875,64.04499816894531,115144280
2020-12-31,63.654998779296875,65.3499984741211,63.654998779296875,64.36499786376953,177130120
2021-01-01,64.5,64.97000122070312,64.0,64.30999755859375,84113960
2021-01-04,64.9000015258789,69.98999786376953,64.6449966430664,69.30000305175781,381849550
2021-01-05,68.69999694824219,69.38500213623047,67.51000213623047,68.05500030517578,215452540
2021-01-06,68.4000015258789,69.66500091552734,67.5,68.37999725341797,196105220
2021-01-07,69.30000305175781,73.1500015258789,69.16999816894531,72.27999877929688,382321940
2021-01-08,72.69999694824219,72.7249984741211,70.30999755859375,71.31500244140625,193293130
2021-01-11,71.19999694824219,71.19999694824219,68.81999969482422,69.56500244140625,170245090
2021-01-12,69.5,72.44999694824219,69.11000061035156,69.48999786376953,245254840
2021-01-13,70.1449966430664,71.45500183105469,69.30000305175781,70.91500091552734,193538710
2021-01-14,71.0,71.44499969482422,69.70999908447266,70.63500213623047,115408580
2021-01-15,71.19999694824219,72.1500015258789,69.76499938964844,70.58999633789062,206884370
2021-01-18,70.80000305175781,70.875,65.94999694824219,66.66999816894531,250452260
2021-01-19,67.19999694824219,68.3949966430664,64.69999694824219,68.11000061035156,312451180
2021-01-20,69.01499938964844,69.94999694824219,68.26000213623047,69.01499938964844,233131500
2021-01-21,69.0999984741211,69.4749984741211,66.16000366210938,66.66999816894531,161178670
2021-01-22,67.0,67.58000183105469,63.3650016784668,64.69999694824219,237156650
2021-01-25,65.0999984741211,66.18499755859375,63.099998474121094,65.19499969482422,163484730
2021-01-27,65.08999633789062,65.11499786376953,62.380001068115234,62.599998474121094,149180840
2021-01-28,61.79999923706055,63.060001373291016,61.2599983215332,62.369998931884766,170917520
2021-01-29,63.005001068115234,63.380001068115234,59.599998474121094,60.099998474121094,268265750
2021-02-01,60.4900016784668,64.0,59.744998931884766,63.61000061035156,210846940
2021-02-02,64.30000305175781,64.80000305175781,62.40999984741211,64.16500091552734,180489570
2021-02-03,64.48999786376953,66.43000030517578,63.724998474121094,65.31500244140625,148463810
2021-02-04,65.4000015258789,66.3499984741211,63.86000061035156,65.59500122070312,147649950
2021-02-05,65.69000244140625,69.05999755859375,65.13999938964844,68.50499725341797,291008880
2021-02-08,69.4000015258789,70.48999786376953,68.2699966430664,70.29499816894531,214621690
2021-02-09,70.6500015258789,71.6449966430664,69.16000366210938,69.91999816894531,293370280
2021-02-10,71.0,72.44999694824219,68.00499725341797,69.0250015258789,573979190
2021-02-11,68.76000213623047,70.45999908447266,68.28500366210938,69.47000122070312,163407050
2021-02-12,69.5,69.79000091552734,67.8499984741211,68.05000305175781,147054790
2021-02-15,68.70999908447266,68.80000305175781,67.0,67.21499633789062,131716720
2021-02-16,67.21499633789062,70.86000061035156,66.83000183105469,69.91999816894531,336618380
2021-02-17,69.76499938964844,70.3499984741211,68.75,69.68000030517578,159574830
2021-02-18,70.0,71.0999984741211,69.4000015258789,69.7750015258789,148561470
2021-02-19,69.5999984741211,69.5999984741211,65.59500122070312,67.06999969482422,223923860
2021-02-22,67.29000091552734,69.79000091552734,67.08499908447266,68.45500183105469,281491090
2021-02-23,68.95999908447266,73.5999984741211,68.22000122070312,72.93000030517578,389070710
2021-02-24,73.5,74.5,72.0,72.7699966430664,216767890
2021-02-25,73.5199966430664,75.30000305175781,73.19499969482422,74.29000091552734,219015960
2021-02-26,72.5,74.16000366210938,71.11000061035156,71.51499938964844,235515910
2021-03-01,72.4000015258789,73.82499694824219,71.13500213623047,73.04000091552734,140586460
2021-03-02,73.04499816894531,73.9749984741211,72.31500244140625,73.55000305175781,111133990
2021-03-03,74.0999984741211,78.25,74.0999984741211,77.71499633789062,288428350
2021-03-04,75.0999984741211,76.69000244140625,74.36499786376953,75.79499816894531,228738220
2021-03-05,74.8499984741211,75.5999984741211,72.69999694824219,73.33000183105469,168819600
2021-03-08,74.3949966430664,75.12000274658203,73.50499725341797,73.7249984741211,106145960
2021-03-09,74.5,75.09500122070312,70.2249984741211,70.67500305175781,195564380
2021-03-10,71.48999786376953,72.99500274658203,70.30500030517578,72.44999694824219,196858600
2021-03-12,74.0,74.5,71.4000015258789,71.99500274658203,161214090
2021-03-15,72.19999694824219,73.9000015258789,71.50499725341797,73.63999938964844,155429990
2021-03-16,74.01000213623047,74.01000213623047,71.91999816894531,72.40499877929688,125699980
2021-03-17,72.49500274658203,72.5999984741211,70.06500244140625,70.44000244140625,105409590
2021-03-18,71.625,72.29000091552734,69.83000183105469,70.48500061035156,143206510
2021-03-19,70.2750015258789,73.67500305175781,68.125,73.30000305175781,246378140
2021-03-22,73.11000061035156,74.56500244140625,72.5,74.3499984741211,137603700
2021-03-23,74.5999984741211,74.94499969482422,73.33000183105469,74.11499786376953,118738960
2021-03-24,73.0999984741211,73.30000305175781,69.8949966430664,70.27999877929688,210302830
2021-03-25,71.01000213623047,73.06999969482422,68.83499908447266,72.31500244140625,367224000
2021-03-26,73.04000091552734,77.48999786376953,72.5199966430664,76.68499755859375,429122470
2021-03-30,78.0,81.0,77.79000091552734,80.0,284794680
2021-03-31,79.4000015258789,82.3499984741211,79.01000213623047,81.18499755859375,280445850
2021-04-01,82.0999984741211,86.88999938964844,81.9000015258789,86.30500030517578,368420980
2021-04-05,86.19999694824219,87.78500366210938,83.71499633789062,86.7750015258789,305759860
2021-04-06,87.55000305175781,88.25,85.81500244140625,86.28500366210938,207789200
2021-04-07,86.94999694824219,88.5,86.46499633789062,87.48500061035156,171132080
2021-04-08,88.4000015258789,95.36499786376953,88.2699966430664,91.83999633789062,530630560
2021-04-09,92.0999984741211,93.0,88.56999969482422,89.94999694824219,321790690
2021-04-12,87.65499877929688,89.31999969482422,84.33499908447266,85.15499877929688,221355040
2021-04-13,86.19999694824219,88.16000366210938,84.9000015258789,87.9000015258789,204285020
2021-04-15,89.19999694824219,91.1500015258789,87.94999694824219,89.81999969482422,218563570
2021-04-16,90.37999725341797,91.44000244140625,88.625,89.0250015258789,173985980
2021-04-19,86.9800033569336,89.9000015258789,86.0,88.80500030517578,191469960
2021-04-20,90.0,90.57499694824219,88.19999694824219,89.4000015258789,169152930
2021-04-22,89.99500274658203,93.86499786376953,89.70500183105469,92.13999938964844,319028150
2021-04-23,92.9800033569336,94.5,91.07499694824219,92.55999755859375,247523860
2021-04-26,93.5,95.5999984741211,93.00499725341797,94.07499694824219,212348580
2021-04-27,94.83000183105469,98.30000305175781,94.43000030517578,97.7750015258789,249045150
2021-04-28,98.5,98.5999984741211,96.19999694824219,97.13999938964844,204479680
2021-04-29,98.30000305175781,103.69499969482422,98.30000305175781,103.13500213623047,447186470
2021-04-30,102.4000015258789,105.26000213623047,101.11000061035156,103.4000015258789,281297380
2021-05-03,103.19499969482422,106.9000015258789,101.8499984741211,106.4749984741211,264841000
2021-05-04,107.44499969482422,108.66500091552734,105.75499725341797,106.38500213623047,249616280
2021-05-05,108.4000015258789,108.83499908447266,104.69999694824219,107.01499938964844,192498390
2021-05-06,105.5,112.9000015258789,104.25,110.08999633789062,464345370
2021-05-07,113.5,119.19999694824219,113.01000213623047,118.23500061035156,540754330
2021-05-10,121.0,122.9000015258789,120.0,121.63500213623047,280808840
2021-05-11,119.0,124.5999984741211,117.69000244140625,123.38999938964844,411083810
2021-05-12,123.19499969482422,124.68499755859375,116.32499694824219,117.91500091552734,308891920
2021-05-14,118.5,118.5,111.5199966430664,113.20999908447266,376480320
2021-05-17,113.80000305175781,115.81999969482422,110.3499984741211,115.08499908447266,287534300
2021-05-18,117.5,119.6449966430664,115.70500183105469,118.0,245738800
2021-05-19,117.30000305175781,118.95500183105469,115.80000305175781,116.42500305175781,174350260
2021-05-20,113.11000061035156,113.55000305175781,109.80500030517578,110.50499725341797,284462530
2021-05-21,111.4000015258789,112.38999938964844,110.58499908447266,111.30999755859375,141049260
2021-05-24,110.80000305175781,110.8949966430664,108.20999908447266,109.19999694824219,189238420
2021-05-25,110.19499969482422,112.59500122070312,110.0,110.5199966430664,181137520
2021-05-26,109.05000305175781,109.4000015258789,107.25,108.21499633789062,154327030
2021-05-27,108.21499633789062,110.9749984741211,107.5,109.66500091552734,227910320
2021-05-28,113.0999984741211,114.36000061035156,109.74500274658203,110.3499984741211,192085810
2021-05-31,111.19999694824219,112.96499633789062,109.9000015258789,112.56500244140625,154286470
2021-06-01,112.0,112.30000305175781,108.55000305175781,110.08999633789062,176909250
2021-06-02,110.5,112.9800033569336,110.4000015258789,112.40499877929688,128625910
2021-06-03,112.95500183105469,113.9749984741211,111.30000305175781,112.19999694824219,121094770
2021-06-04,111.5999984741211,112.87999725341797,110.69999694824219,112.06999969482422,97133470
2021-06-07,113.0,115.0,112.55500030517578,112.87000274658203,122185920
2021-06-08,113.2699966430664,113.2699966430664,110.00499725341797,111.11000061035156,108343730
2021-06-09,111.69999694824219,112.80000305175781,109.3949966430664,110.0999984741211,111143380
2021-06-10,110.93000030517578,112.58000183105469,110.29000091552734,111.44499969482422,77767640
2021-06-11,112.77999877929688,116.45999908447266,111.30999755859375,115.83499908447266,174458560
2021-06-14,116.80000305175781,117.86499786376953,114.0,116.4800033569336,160312640
2021-06-15,117.0,118.68000030517578,116.01000213623047,117.43000030517578,97681020
2021-06-16,116.9000015258789,118.4749984741211,113.16500091552734,114.21499633789062,175211070
2021-06-17,111.8949966430664,113.37999725341797,109.56500244140625,110.375,162076870
2021-06-18,110.5,110.98999786376953,105.0250015258789,109.2300033569336,403470770
2021-06-21,107.0,110.9000015258789,106.36499786376953,110.61499786376953,130014320
2021-06-22,111.41999816894531,113.0999984741211,110.6500015258789,111.2300033569336,90246340
2021-06-23,112.05000305175781,112.75499725341797,109.78500366210938,110.01000213623047,78063360
2021-06-24,110.5,112.05000305175781,109.84500122070312,111.31500244140625,72394700
2021-06-25,113.5,117.0,113.0,116.5250015258789,180227700
2021-06-28,117.4000015258789,118.9000015258789,116.30000305175781,118.4000015258789,116603350
2021-06-29,118.44999694824219,119.19999694824219,116.55500030517578,117.25499725341797,78037590
2021-06-30,118.1050033569336,119.0999984741211,116.27999877929688,116.66000366210938,80432670
2021-07-01,117.19000244140625,117.68000030517578,115.6449966430664,116.3550033569336,56149280
2021-07-02,116.5999984741211,116.68000030517578,113.0199966430664,113.5999984741211,75734070
2021-07-05,114.5999984741211,116.18000030517578,113.5999984741211,115.68499755859375,76799000
2021-07-06,115.86499786376953,117.80000305175781,115.0250015258789,116.7249984741211,91468350
2021-07-07,116.79499816894531,122.5,115.8499984741211,121.86499786376953,167456260
2021-07-08,122.5,123.0,118.12000274658203,118.9749984741211,124105850
2021-07-09,119.19999694824219,124.41000366210938,118.80000305175781,123.93499755859375,178593560
2021-07-12,125.0999984741211,125.8499984741211,121.83499908447266,122.69499969482422,166477750
2021-07-13,123.80000305175781,124.34500122070312,122.30999755859375,122.875,79155280
2021-07-14,123.19499969482422,124.7699966430664,121.9000015258789,124.47000122070312,83413880
2021-07-15,124.61000061035156,126.58000183105469,123.7699966430664,125.59500122070312,96555510
2021-07-16,126.47000122070312,128.1300048828125,125.90499877929688,127.84500122070312,84969250
2021-07-19,125.9000015258789,129.08999633789062,125.37000274658203,126.63999938964844,89046290
2021-07-20,127.19999694824219,127.2300033569336,122.5,123.33499908447266,85799400
2021-07-22,124.9000015258789,127.79499816894531,124.80000305175781,127.30000305175781,78940240
2021-07-23,127.93499755859375,129.5500030517578,127.4000015258789,128.13999938964844,86418650
2021-07-26,128.89999389648438,130.8249969482422,127.80500030517578,129.7949981689453,86784330
2021-07-27,131.5,133.4499969482422,130.80499267578125,133.06500244140625,103413820
2021-07-28,133.1999969482422,136.9949951171875,130.6199951171875,136.5,128351250
2021-07-29,137.5,148.17999267578125,136.8000030517578,145.86000061035156,300610410
2021-07-30,145.56500244140625,147.27000427246094,142.77999877929688,143.42999267578125,140492650
2021-08-02,144.60000610351562,144.6999969482422,140.5500030517578,141.0050048828125,97689200
2021-08-03,141.39999389648438,142.0850067138672,139.03500366210938,140.72000122070312,86405600
2021-08-04,142.0,144.8000030517578,140.50999450683594,141.6199951171875,112894350
2021-08-05,141.52999877929688,145.0,138.75,144.66000366210938,162217990
2021-08-06,144.89999389648438,145.6999969482422,142.60000610351562,142.88499450683594,96740250
2021-08-09,143.39999389648438,144.3249969482422,140.5399932861328,141.22000122070312,78594930
2021-08-10,141.1999969482422,141.8000030517578,136.72000122070312,137.36000061035156,84516230
2021-08-11,139.0,142.97000122070312,138.4199981689453,142.6199951171875,145353570
2021-08-12,143.60000610351562,144.47000122070312,141.65499877929688,143.53500366210938,109431080
2021-08-13,140.5,147.66000366210938,139.06500244140625,146.1649932861328,289698720
2021-08-16,148.39999389648438,153.4499969482422,147.22000122070312,151.94000244140625,271144880
2021-08-17,151.94000244140625,153.39999389648438,149.1750030517578,150.3699951171875,189709230
2021-08-18,150.94500732421875,151.88999938964844,148.82000732421875,150.0449981689453,123317450
2021-08-20,144.5050048828125,144.6999969482422,136.27999877929688,137.55999755859375,273400690
2021-08-23,140.1999969482422,140.97999572753906,131.0749969482422,135.86500549316406,229257290
2021-08-24,138.1999969482422,142.0,137.6999969482422,140.46499633789062,176075790
2021-08-25,141.8000030517578,142.60000610351562,138.0749969482422,139.02000427246094,125650100
2021-08-26,139.0399932861328,139.47500610351562,136.5,137.5050048828125,91578980
2021-08-27,137.89999389648438,139.44500732421875,137.5850067138672,138.4149932861328,73940810
2021-08-30,139.89999389648438,144.5,139.8000030517578,144.05999755859375,134443870
2021-08-31,144.5,145.89999389648438,143.1999969482422,145.02499389648438,247521080
2021-09-01,145.125,145.5500030517578,140.6999969482422,141.1199951171875,88128970
2021-09-02,141.10000610351562,143.1999969482422,141.0,142.50999450683594,61480460
2021-09-03,142.8000030517578,145.2949981689453,141.64500427246094,144.36500549316406,84523820
2021-09-06,144.6999969482422,145.19500732421875,142.31500244140625,143.6999969482422,69586760
2021-09-07,144.39999389648438,145.89999389648438,142.06500244140625,142.8699951171875,63527170
2021-09-08,142.60000610351562,144.26499938964844,141.86000061035156,142.98500061035156,46762240
2021-09-09,142.0,145.19500732421875,142.0,144.6999969482422,53130300
2021-09-13,144.6999969482422,147.1999969482422,143.64999389648438,146.34500122070312,56702080
2021-09-14,147.60000610351562,147.60000610351562,144.89999389648438,145.22999572753906,55037670
2021-09-15,145.22999572753906,146.3699951171875,144.44000244140625,145.50999450683594,44174640
2021-09-16,146.0,147.19000244140625,143.125,143.6750030517578,56067970
2021-09-17,143.6999969482422,144.02999877929688,136.0,138.58999633789062,195720300
2021-09-20,135.0,135.19000244140625,124.73500061035156,125.30999755859375,282384120
2021-09-21,125.80000305175781,129.69000244140625,123.29000091552734,129.22000122070312,255935400
2021-09-22,129.94000244140625,131.8000030517578,128.30999755859375,130.5800018310547,111242470
2021-09-23,133.0,133.94500732421875,130.60499572753906,131.8699951171875,99462510
2021-09-24,132.0,132.39999389648438,125.84500122070312,127.20999908447266,132866160
2021-09-27,127.19999694824219,128.8699951171875,126.1050033569336,127.05000305175781,86688770
2021-09-28,127.34500122070312,129.67999267578125,126.30000305175781,128.09500122070312,81007360
2021-09-29,127.0,130.97999572753906,126.72000122070312,129.55499267578125,94945770
2021-09-30,130.3000030517578,131.63999938964844,128.38499450683594,128.88999938964844,75145680
2021-10-01,127.5,131.10000610351562,126.5,129.78500366210938,90374700
2021-10-04,129.78500366210938,132.77499389648438,128.0399932861328,132.4149932861328,96902370
2021-10-05,131.39999389648438,133.27000427246094,131.01499938964844,131.68499755859375,57952160
2021-10-06,131.99000549316406,132.86000061035156,127.31500244140625,127.98999786376953,86316930
2021-10-07,129.5,130.67999267578125,128.35499572753906,128.9199981689453,46033670
2021-10-08,130.1999969482422,134.40499877929688,129.63499450683594,130.11500549316406,107220150
2021-10-11,130.5,132.73500061035156,129.8000030517578,131.32000732421875,63496580
2021-10-12,131.32000732421875,133.5,130.5,132.91000366210938,60970190
2021-10-13,132.5500030517578,137.65499877929688,131.80499267578125,135.42999267578125,132857180
2021-10-14,137.39999389648438,139.05999755859375,135.39999389648438,137.5050048828125,82273710
2021-10-18,141.8000030517578,142.47500610351562,139.11000061035156,141.10499572753906,109232300
2021-10-19,142.10000610351562,142.65499877929688,135.7550048828125,136.69000244140625,87569240
2021-10-20,137.1999969482422,137.60000610351562,132.6649932861328,134.3300018310547,69757740
2021-10-21,135.6699981689453,135.78500366210938,128.97000122070312,131.47000122070312,83575730
2021-10-22,132.0,132.46499633789062,127.0999984741211,129.625,80712890
2021-10-25,130.1999969482422,131.60000610351562,126.7249984741211,129.3300018310547,64185010
2021-10-26,130.3000030517578,135.10000610351562,130.14500427246094,134.36500549316406,77228750
2021-10-27,134.60000610351562,135.1699981689453,132.125,132.61500549316406,72418040
2021-10-28,131.49000549316406,131.59500122070312,129.11000061035156,129.9600067138672,93076820
2021-10-29,129.02499389648438,133.3699951171875,129.0,131.59500122070312,79147600
2021-11-01,134.0,137.2899932861328,133.0,136.49000549316406,96875330
2021-11-02,137.0,137.0,131.0800018310547,131.36500549316406,72161370
2021-11-03,132.47999572753906,133.1999969482422,131.1999969482422,132.60499572753906,57302440
2021-11-04,133.10000610351562,133.5,132.41000366210938,132.58999633789062,6744340
2021-11-08,134.08999633789062,134.76499938964844,130.61000061035156,134.3249969482422,54936670
2021-11-09,134.28500366210938,136.02999877929688,132.88499450683594,133.59500122070312,47565160
2021-11-10,132.8000030517578,132.89999389648438,128.7100067138672,129.85499572753906,118804170
2021-11-11,130.49000549316406,132.4499969482422,128.8350067138672,129.9600067138672,136638600
2021-11-12,134.0,134.0,127.11000061035156,128.72500610351562,232395580
2021-11-15,129.5,129.89999389648438,124.1500015258789,124.54499816894531,121082150
2021-11-16,124.54499816894531,126.1050033569336,122.37000274658203,122.87999725341797,123148800
2021-11-17,122.5,123.73999786376953,121.51000213623047,122.00499725341797,87802040
2021-11-18,122.36000061035156,122.83000183105469,118.19999694824219,118.66000366210938,101083510
2021-11-22,118.80999755859375,119.68000030517578,114.5999984741211,116.50499725341797,96210010
2021-11-23,116.80500030517578,120.9000015258789,116.51499938964844,119.20500183105469,93829630
2021-11-24,120.04000091552734,120.29499816894531,117.11499786376953,117.8499984741211,67671010
2021-11-25,118.0,118.66000366210938,116.5999984741211,117.36499786376953,47502860
2021-11-26,115.79000091552734,115.94999694824219,110.625,111.2300033569336,106455260
2021-11-29,111.2300033569336,113.69999694824219,107.50499725341797,111.4749984741211,93929910
2021-11-30,111.09500122070312,112.79000091552734,106.30000305175781,107.12000274658203,133559840
2021-12-01,109.19999694824219,109.69999694824219,106.6500015258789,108.25499725341797,93791140
2021-12-02,108.30000305175781,111.5999984741211,107.4000015258789,111.23999786376953,91286810
2021-12-03,111.5,113.41999816894531,110.2249984741211,111.80000305175781,100737840
2021-12-06,111.4000015258789,114.0999984741211,110.22000122070312,110.87999725341797,82159400
2021-12-07,112.11000061035156,115.55500030517578,112.0999984741211,114.87999725341797,85053900
2021-12-08,115.9000015258789,117.69999694824219,114.9000015258789,117.30000305175781,74485010
2021-12-09,118.19999694824219,118.19999694824219,115.9000015258789,117.68499755859375,52123940
2021-12-10,117.34500122070312,118.88999938964844,116.76000213623047,118.0,48121300
2021-12-13,118.80000305175781,119.9000015258789,116.16500091552734,116.52999877929688,53537780
2021-12-14,115.8949966430664,117.79000091552734,114.69999694824219,116.72000122070312,53522640
2021-12-15,117.00499725341797,117.55999755859375,114.9000015258789,115.40499877929688,44308330
2021-12-16,116.4000015258789,116.87999725341797,114.3550033569336,115.31999969482422,42460080
2021-12-17,115.4000015258789,115.88500213623047,112.5,113.20999908447266,47435020
2021-12-20,111.69999694824219,111.72000122070312,106.6050033569336,107.29499816894531,73526500
2021-12-21,109.0,112.42500305175781,108.5,110.51000213623047,70268490
2021-12-22,111.5,113.0999984741211,111.0,112.88500213623047,43669170
2021-12-23,113.80000305175781,114.68000030517578,112.0199966430664,112.76499938964844,46214780
2021-12-24,113.00499725341797,113.34500122070312,110.38500213623047,111.54499816894531,40936300
2021-12-27,111.1050033569336,112.47000122070312,110.23500061035156,112.18000030517578,27588510
2021-12-28,112.69999694824219,113.1500015258789,112.19999694824219,112.74500274658203,28807810
2021-12-29,112.0,112.66500091552734,110.80000305175781,111.625,41935200
2021-12-30,111.79000091552734,112.69999694824219,109.9000015258789,110.0999984741211,41140930
2021-12-31,110.5,112.3499984741211,110.26499938964844,111.1449966430664,36870210
2022-01-03,111.5,115.0999984741211,111.5,114.24500274658203,38658030
2022-01-04,115.30000305175781,115.97000122070312,113.6500015258789,114.87999725341797,59757310
2022-01-05,114.69999694824219,118.08000183105469,114.125,117.76000213623047,61861760
2022-01-06,117.19999694824219,118.30000305175781,115.55500030517578,116.32499694824219,53354000
2022-01-07,116.5199966430664,117.4000015258789,114.78500366210938,116.03500366210938,39738570
2022-01-10,116.5,117.33999633789062,115.38500213623047,116.90499877929688,38225000
2022-01-11,115.86499786376953,116.2699966430664,111.30000305175781,113.0250015258789,96978850
2022-01-12,113.98500061035156,115.08000183105469,113.23999786376953,114.72000122070312,50358430
2022-01-13,115.4000015258789,122.55000305175781,115.21499633789062,122.11499786376953,157231160
2022-01-14,121.30000305175781,122.62999725341797,120.61000061035156,121.36000061035156,52679070
2022-01-17,121.5,124.5,119.03500366210938,122.9749984741211,89696070
2022-01-18,123.0,123.375,119.0,119.48500061035156,58408970
2022-01-19,119.5999984741211,122.08999633789062,118.30000305175781,120.95999908447266,73043210
2022-01-20,121.01000213623047,122.4000015258789,119.69999694824219,120.66999816894531,59205970
2022-01-21,120.0,120.43000030517578,115.63500213623047,116.97000122070312,71662670
2022-01-24,116.0,116.36499786376953,109.0,109.91999816894531,83920760
2022-01-25,109.47000122070312,112.0999984741211,108.70500183105469,110.91000366210938,57330630
2022-01-27,109.0,110.34500122070312,106.12999725341797,108.83499908447266,90566560
2022-01-28,110.58499908447266,112.57499694824219,108.09500122070312,108.46499633789062,78648930
2022-01-31,110.98999786376953,111.45999908447266,108.05000305175781,108.55500030517578,55709390
2022-02-01,110.48999786376953,117.44499969482422,108.63999938964844,116.73500061035156,170752680
2022-02-02,117.98999786376953,117.98999786376953,115.83000183105469,116.75,75247340
2022-02-03,115.30000305175781,118.16999816894531,114.62999725341797,116.66000366210938,65140900
2022-02-04,117.37999725341797,119.7750015258789,117.0250015258789,117.62999725341797,93174180
2022-02-07,116.83000183105469,121.45999908447266,116.0999984741211,118.30000305175781,145105250
2022-02-08,119.5,122.23999786376953,117.1500015258789,121.95999908447266,140839840
2022-02-09,123.0999984741211,123.4000015258789,120.81500244140625,122.23500061035156,73520600
2022-02-10,123.0,125.42500305175781,122.5999984741211,124.83499908447266,93920570
2022-02-11,123.9000015258789,126.49500274658203,123.30999755859375,125.44499969482422,96762260
2022-02-14,122.01000213623047,122.7750015258789,118.01000213623047,118.68499755859375,80216130
2022-02-15,119.68499755859375,121.19999694824219,115.15499877929688,120.7750015258789,101889210
2022-02-16,121.5,121.79000091552734,118.6500015258789,119.18000030517578,66092140
2022-02-17,120.11000061035156,120.94999694824219,118.61499786376953,119.09500122070312,56557920
2022-02-18,118.69999694824219,120.5,118.30000305175781,119.08000183105469,47251200
2022-02-21,118.80000305175781,120.19999694824219,117.44000244140625,118.18499755859375,49787320
2022-02-22,115.80000305175781,116.66500091552734,111.92500305175781,113.87000274658203,93858570
2022-02-23,114.80000305175781,115.26000213623047,113.4000015258789,113.9000015258789,49608380
2022-02-24,109.4000015258789,111.99500274658203,106.70999908447266,107.4000015258789,121268670
2022-02-25,109.7699966430664,115.06999969482422,109.55999755859375,114.53500366210938,92128860
2022-02-28,113.4000015258789,122.5,112.91999816894531,122.07499694824219,176054460
2022-03-02,122.07499694824219,129.9600067138672,121.8550033569336,128.93499755859375,248475320
2022-03-03,130.60000610351562,132.86500549316406,129.36500549316406,130.3300018310547,174503380
2022-03-04,130.24000549316406,131.98500061035156,127.30000305175781,127.70999908447266,162829230
2022-03-07,127.58999633789062,130.17999267578125,126.4000015258789,129.19000244140625,110400010
2022-03-08,129.3000030517578,129.39999389648438,124.4000015258789,126.94999694824219,91078220
2022-03-09,127.38999938964844,127.68000030517578,124.86000061035156,125.53500366210938,69348880
2022-03-10,125.78500366210938,131.3800048828125,124.0999984741211,130.8699951171875,136740620
2022-03-11,131.5,133.99000549316406,129.6199951171875,130.1699981689453,118822990
2022-03-14,130.5,131.1699981689453,127.7699966430664,129.6999969482422,52780820
2022-03-15,129.17999267578125,129.3000030517578,122.80000305175781,123.375,96143130
2022-03-16,124.5,127.12000274658203,124.0199966430664,126.5250015258789,63024510
2022-03-17,127.5,131.77999877929688,127.11000061035156,130.34500122070312,106239760
2022-03-21,130.8000030517578,133.39999389648438,129.4499969482422,130.2949981689453,84227630
2022-03-22,132.0,133.0,128.80499267578125,130.1999969482422,81795880
2022-03-23,132.39999389648438,134.77999877929688,129.23500061035156,133.10000610351562,130552380
2022-03-24,133.09500122070312,135.9499969482422,132.59500122070312,135.05499267578125,94605270
2022-03-25,135.49000549316406,136.60000610351562,133.35499572753906,133.89500427246094,69457440
2022-03-28,134.0,135.5,132.75999450683594,133.89500427246094,46554910
2022-03-29,134.39999389648438,134.61500549316406,132.6999969482422,133.46499633789062,43202370
2022-03-30,133.5,133.55499267578125,130.0,130.80499267578125,58483160
2022-03-31,130.8000030517578,132.0449981689453,130.00999450683594,130.72000122070312,40067950
2022-04-01,131.0,134.08999633789062,130.5449981689453,131.7100067138672,55321590
2022-04-04,131.7100067138672,135.39999389648438,131.44500732421875,134.19000244140625,69670320
2022-04-05,134.84500122070312,135.8000030517578,132.9250030517578,134.49000549316406,63296420
2022-04-06,135.0,138.6699981689453,134.67999267578125,137.0749969482422,114097540
2022-04-07,137.6999969482422,138.10000610351562,134.10000610351562,134.9499969482422,55650640
2022-04-08,136.09500122070312,137.9949951171875,135.625,137.0749969482422,52287710
2022-04-11,137.07000732421875,138.39999389648438,135.3000030517578,135.7899932861328,44778820
2022-04-12,135.3000030517578,135.9949951171875,129.61000061035156,132.02499389648438,69191680
2022-04-13,133.4949951171875,134.60000610351562,131.5,131.9499969482422,44937800
2022-04-18,133.19000244140625,135.80499267578125,132.88499450683594,133.91000366210938,80700420
2022-04-19,135.25999450683594,136.6649932861328,130.89999389648438,132.66000366210938,64772190
2022-04-20,132.97000122070312,133.64500427246094,130.30499267578125,131.4250030517578,54100210
2022-04-21,131.60000610351562,132.27499389648438,128.5850067138672,130.21499633789062,66690280
2022-04-22,130.16000366210938,131.15499877929688,127.375,127.75499725341797,55848230
2022-04-25,125.0,126.29499816894531,121.27999877929688,122.03500366210938,72310460
2022-04-26,123.5,124.16999816894531,122.5,123.36000061035156,44812710
2022-04-27,122.69999694824219,125.5,121.04000091552734,124.66999816894531,71209740
2022-04-28,125.94999694824219,126.86499786376953,124.30000305175781,126.08499908447266,51295830
2022-04-29,126.80000305175781,129.1699981689453,126.56500244140625,127.1050033569336,57173520
2022-05-02,125.69999694824219,130.27499389648438,124.875,129.52000427246094,54426170
2022-05-04,132.72999572753906,133.0,125.44999694824219,126.13500213623047,138374020
2022-05-05,128.0,131.64999389648438,127.80000305175781,128.4250030517578,87338160
2022-05-06,126.80000305175781,129.0,124.30000305175781,128.3699951171875,69256760
2022-05-09,126.0,127.41999816894531,124.4000015258789,125.2249984741211,50552970
2022-05-10,125.0999984741211,125.46499633789062,115.8550033569336,116.48999786376953,145537420
2022-05-11,117.5,119.08999633789062,112.33999633789062,116.56999969482422,107063150
2022-05-12,115.69000244140625,116.23999786376953,110.30000305175781,111.7699966430664,94191610
2022-05-13,113.5,115.18000030517578,109.19999694824219,109.69999694824219,82924410
2022-05-16,111.9000015258789,113.4800033569336,109.4000015258789,110.3499984741211,62665270
2022-05-17,112.4000015258789,119.72000122070312,111.53500366210938,118.87000274658203,112876010
2022-05-18,119.69999694824219,120.9000015258789,117.5,118.0250015258789,81575800
2022-05-19,115.0999984741211,115.48999786376953,111.5199966430664,112.21499633789062,66545630
2022-05-20,116.23500061035156,117.83999633789062,114.12000274658203,117.05999755859375,65527500
2022-05-23,109.69999694824219,109.69999694824219,100.15499877929688,102.29499816894531,273883460
2022-05-24,103.0999984741211,103.98999786376953,100.19999694824219,100.63500213623047,123116660
2022-05-25,100.63500213623047,101.83499908447266,99.18000030517578,99.91000366210938,99343400
2022-05-26,100.69999694824219,106.75499725341797,99.5250015258789,105.19999694824219,150536730
2022-05-27,106.25,106.76499938964844,103.19999694824219,104.3499984741211,74772200
2022-05-30,105.9000015258789,106.37999725341797,104.3499984741211,104.74500274658203,72701590
2022-05-31,104.5,107.19000244140625,103.69999694824219,105.56500244140625,121248850
2022-06-01,106.55000305175781,107.9000015258789,105.33000183105469,106.3550033569336,94055290
2022-06-02,106.7750015258789,108.4749984741211,105.91000366210938,108.15499877929688,79177040
2022-06-03,109.19999694824219,109.27999877929688,106.5,106.7300033569336,53954860
2022-06-06,106.5,108.29000091552734,104.91999816894531,107.80999755859375,57262490
2022-06-07,106.69999694824219,108.1500015258789,106.3550033569336,106.8499984741211,43341570
2022-06-08,108.0999984741211,108.88999938964844,107.40499877929688,108.67500305175781,64734340
2022-06-09,107.49500274658203,108.7249984741211,104.12000274658203,104.48500061035156,98547810
2022-06-10,103.0,103.13999938964844,101.06500244140625,102.37000274658203,95225630
2022-06-13,100.43000030517578,101.19999694824219,99.0,99.19499969482422,82235750
2022-06-14,98.82499694824219,101.37000274658203,98.55500030517578,99.61499786376953,77202600
2022-06-15,95.3949966430664,97.42500305175781,95.06500244140625,95.95500183105469,92443330
2022-06-16,97.5,97.5,89.81999969482422,90.16999816894531,122741050
2022-06-17,89.80000305175781,92.73999786376953,89.55000305175781,90.66999816894531,121290260
2022-06-20,90.5,90.5,84.26499938964844,86.13999938964844,139866890
2022-06-21,87.5,89.55000305175781,86.4000015258789,88.4800033569336,124526970
2022-06-22,87.29499816894531,87.38500213623047,83.56999969482422,83.80999755859375,109877390
2022-06-23,84.0,85.59500122070312,82.69999694824219,84.12999725341797,111515840
2022-06-24,85.0,86.4749984741211,84.46499633789062,85.28500366210938,85433810
2022-06-27,87.05000305175781,87.88500213623047,86.30500030517578,86.78500366210938,72814730
2022-06-28,86.5999984741211,88.44000244140625,86.04000091552734,87.88999938964844,84647330
2022-06-29,87.0,88.87999725341797,86.8499984741211,88.16000366210938,72318470
2022-06-30,88.1500015258789,89.44999694824219,86.33000183105469,86.70500183105469,84672090
2022-07-01,86.69499969482422,87.5,85.91000366210938,87.28500366210938,54761890
2022-07-04,86.8499984741211,87.12000274658203,84.33000183105469,85.45500183105469,77554410
2022-07-05,86.19999694824219,87.91999816894531,85.77999877929688,86.01499938964844,79058290
2022-07-06,85.84500122070312,86.11000061035156,83.80500030517578,85.81500244140625,81439710
2022-07-07,86.69999694824219,90.65499877929688,85.8499984741211,90.0,111007940
2022-07-08,91.79000091552734,91.79000091552734,88.05000305175781,88.58999633789062,112000630
2022-07-11,88.5199966430664,92.9000015258789,87.50499725341797,91.2750015258789,150193340
2022-07-12,90.48999786376953,91.59500122070312,89.36000061035156,90.20999908447266,100175050
2022-07-13,90.59500122070312,91.41999816894531,90.06500244140625,90.48500061035156,70135110
2022-07-14,91.0,91.0999984741211,89.5,90.80000305175781,74498580
2022-07-15,90.5,91.02999877929688,87.75,88.37999725341797,81253510
2022-07-18,89.69999694824219,90.80000305175781,89.2249984741211,90.43000030517578,73060810
2022-07-19,90.0999984741211,92.19000244140625,90.0999984741211,91.94499969482422,85341580
2022-07-20,93.59500122070312,93.80000305175781,92.5199966430664,92.84500122070312,77088650
2022-07-21,93.0,93.88500213623047,92.44999694824219,93.43000030517578,50877140
2022-07-22,94.25,94.4000015258789,93.19999694824219,93.6050033569336,48608940
2022-07-25,93.5,96.48500061035156,93.36000061035156,96.06999969482422,99635630
2022-07-26,97.19999694824219,97.66999816894531,94.6050033569336,94.94999694824219,126264690
2022-07-27,95.0999984741211,96.15499877929688,94.36000061035156,95.94000244140625,52559020
2022-07-28,98.0999984741211,102.0,97.1500015258789,100.3499984741211,137156107
2022-07-29,103.0,109.30000305175781,102.1500015258789,107.5999984741211,166959934
2022-08-01,110.5,111.44999694824219,106.1500015258789,108.25,125365761
2022-08-02,108.0,108.0,105.3499984741211,107.0,64935371
2022-08-03,107.0,108.44999694824219,106.0,107.05000305175781,61428846
2022-08-04,107.5,109.5,106.05000305175781,107.69999694824219,79526154
2022-08-05,107.6500015258789,109.25,107.0999984741211,107.3499984741211,54469112
2022-08-08,107.8499984741211,108.1500015258789,106.69999694824219,107.19999694824219,41384943
2022-08-10,107.9000015258789,109.9000015258789,106.5,109.19999694824219,73880698
2022-08-11,110.30000305175781,110.6500015258789,108.5999984741211,109.0999984741211,75321498
2022-08-12,109.3499984741211,112.9000015258789,108.80000305175781,112.6500015258789,95942333
2022-08-16,113.69999694824219,113.69999694824219,111.0999984741211,113.0,69207437
2022-08-17,113.5,113.5,112.25,112.5,54008422
2022-08-18,112.5,113.0,111.4000015258789,112.55000305175781,49396425
2022-08-19,112.55000305175781,112.9000015258789,109.55000305175781,110.05000305175781,57134813
2022-08-22,109.5,109.5999984741211,104.69999694824219,105.05000305175781,74037526
2022-08-23,104.19999694824219,108.25,103.5,107.5999984741211,70531639
2022-08-24,107.55000305175781,108.1500015258789,105.75,106.55000305175781,55686404
2022-08-25,107.05000305175781,107.9000015258789,105.75,106.25,42186335
2022-08-26,107.25,109.19999694824219,107.0999984741211,107.3499984741211,71257092
2022-08-29,104.05000305175781,105.6500015258789,103.25,104.8499984741211,59895805
2022-08-30,106.5,108.5,106.05000305175781,108.30000305175781,67401780
2022-09-01,107.0,107.75,105.9000015258789,106.4000015258789,52454732
2022-09-02,107.0,107.0,105.0,105.5,45601352
2022-09-05,106.05000305175781,107.30000305175781,105.80000305175781,106.9000015258789,40352735
2022-09-06,107.4000015258789,108.80000305175781,106.05000305175781,108.5999984741211,59505849
2022-09-07,107.55000305175781,108.9000015258789,107.0999984741211,107.5999984741211,43945660
2022-09-08,108.4000015258789,108.4000015258789,105.3499984741211,105.8499984741211,71228405
2022-09-09,107.0,107.3499984741211,105.5,105.69999694824219,63647166
2022-09-12,106.80000305175781,107.94999694824219,106.5,107.75,40838533
2022-09-13,108.0,108.69999694824219,107.55000305175781,107.75,44179394
2022-09-14,106.30000305175781,110.4000015258789,105.80000305175781,109.1500015258789,86379872
2022-09-15,108.6500015258789,109.0,106.5,107.0,62926791
2022-09-16,106.19999694824219,107.5,105.0,105.69999694824219,107967267
2022-09-19,106.19999694824219,106.19999694824219,103.0,103.0999984741211,51146568
2022-09-20,104.19999694824219,106.3499984741211,104.0,105.80000305175781,52140254
2022-09-21,105.80000305175781,107.19999694824219,104.30000305175781,104.44999694824219,46142823
2022-09-22,104.44999694824219,105.30000305175781,103.5,103.5999984741211,61380323
2022-09-23,106.19999694824219,107.9000015258789,103.75,104.30000305175781,109765520
2022-09-26,104.4000015258789,104.44999694824219,98.5,99.8499984741211,101291962
2022-09-27,101.3499984741211,101.3499984741211,96.5,97.6500015258789,104949032
2022-09-28,96.55000305175781,97.8499984741211,95.0,95.19999694824219,71724106
2022-09-29,97.0,98.25,96.4000015258789,96.8499984741211,60884592
2022-09-30,96.8499984741211,100.4000015258789,95.69999694824219,99.30000305175781,66436616
2022-10-03,99.5999984741211,99.6500015258789,98.0,98.3499984741211,37282313
2022-10-04,100.30000305175781,101.5,100.0,101.1500015258789,40186702
2022-10-06,102.0,103.80000305175781,101.75,103.55000305175781,48169310
2022-10-07,103.30000305175781,103.5,101.9000015258789,103.30000305175781,36080875
2022-10-10,102.0,103.5,101.1500015258789,103.19999694824219,36641275
2022-10-11,103.55000305175781,103.6500015258789,99.80000305175781,100.3499984741211,41083734
2022-10-12,100.3499984741211,101.19999694824219,99.0,100.55000305175781,41357469
2022-10-13,101.0999984741211,101.80000305175781,98.80000305175781,100.0999984741211,34668093
2022-10-14,101.8499984741211,102.80000305175781,99.9000015258789,100.0999984741211,32456805
2022-10-17,99.75,100.4000015258789,98.0999984741211,99.55000305175781,37568783
2022-10-18,100.30000305175781,101.0,99.80000305175781,100.6500015258789,30722156
2022-10-19,100.5999984741211,101.25,99.69999694824219,100.05000305175781,38764542
2022-10-20,99.5,101.19999694824219,98.80000305175781,100.9000015258789,38091315
2022-10-21,100.8499984741211,101.44999694824219,99.3499984741211,100.19999694824219,30973997
2022-10-24,102.0,102.0999984741211,101.0,101.19999694824219,7480281
2022-10-25,101.1500015258789,102.5,100.69999694824219,101.19999694824219,37163180
2022-10-27,102.25,104.6500015258789,102.05000305175781,104.19999694824219,74349009
2022-10-28,104.0999984741211,104.5999984741211,100.80000305175781,101.5999984741211,51006232
2022-10-31,101.9000015258789,102.1500015258789,100.30000305175781,101.55000305175781,38715841
2022-11-01,98.55000305175781,101.44999694824219,98.55000305175781,101.19999694824219,69031178
2022-11-02,101.0,103.0,100.80000305175781,101.25,42336049
2022-11-03,100.75,102.44999694824219,100.0,102.0,39110676
2022-11-04,102.5,105.0,102.19999694824219,104.75,70299020
2022-11-07,105.9000015258789,107.44999694824219,104.5999984741211,106.69999694824219,74426059
2022-11-09,107.25,107.55000305175781,105.55000305175781,106.0999984741211,38295904
2022-11-10,105.19999694824219,106.0,104.44999694824219,104.69999694824219,27864285
2022-11-11,106.25,108.19999694824219,106.25,107.55000305175781,77933417
2022-11-14,108.5,110.0,108.25,108.69999694824219,55474425
2022-11-15,109.0,109.3499984741211,107.19999694824219,108.55000305175781,35007427
2022-11-16,108.44999694824219,108.80000305175781,105.19999694824219,106.55000305175781,40404167
2022-11-17,105.9000015258789,106.80000305175781,104.5,105.8499984741211,32894825
2022-11-18,105.8499984741211,106.30000305175781,104.69999694824219,105.5,28992538
2022-11-21,107.69999694824219,107.69999694824219,103.8499984741211,104.25,58404309
2022-11-22,104.4000015258789,105.4000015258789,103.55000305175781,105.19999694824219,27846186
2022-11-23,105.69999694824219,106.0,104.94999694824219,105.44999694824219,22809651
2022-11-24,105.8499984741211,105.94999694824219,104.5999984741211,105.5,23737867
2022-11-25,105.5999984741211,106.5,105.0999984741211,106.19999694824219,27361785
2022-11-28,106.0,106.4000015258789,104.5,104.9000015258789,33516118
2022-11-29,105.0,107.6500015258789,104.94999694824219,106.0999984741211,40661568
2022-11-30,106.0999984741211,107.94999694824219,105.9000015258789,107.6500015258789,61142050
2022-12-01,108.69999694824219,111.30000305175781,108.0,110.75,91702642
2022-12-02,110.80000305175781,112.5,110.1500015258789,112.0,70541914
2022-12-05,113.30000305175781,116.0999984741211,112.6500015258789,115.8499984741211,96441799
2022-12-06,115.3499984741211,115.3499984741211,112.25,112.94999694824219,50581245
2022-12-07,113.4000015258789,113.5,110.8499984741211,111.19999694824219,39494279
2022-12-08,111.75,113.0,110.80000305175781,111.8499984741211,32416724
2022-12-09,112.80000305175781,113.75,109.69999694824219,110.44999694824219,35665257
2022-12-12,110.19999694824219,112.0999984741211,108.69999694824219,111.69999694824219,37082389
2022-12-13,112.55000305175781,112.8499984741211,110.80000305175781,111.19999694824219,32264080
2022-12-14,111.5999984741211,113.19999694824219,111.0999984741211,113.05000305175781,38606984
2022-12-15,112.6500015258789,113.44999694824219,110.69999694824219,110.94999694824219,34361613
2022-12-16,110.3499984741211,112.0999984741211,109.44999694824219,111.05000305175781,34736665
2022-12-19,111.05000305175781,112.0999984741211,110.80000305175781,111.80000305175781,17297590
2022-12-20,111.1500015258789,111.5,109.0,110.94999694824219,34836506
2022-12-21,111.80000305175781,112.0,108.69999694824219,109.4000015258789,32303565
2022-12-22,110.0,110.5999984741211,106.3499984741211,107.6500015258789,39639329
2022-12-23,106.0,106.75,101.94999694824219,102.25,46756489
2022-12-26,102.80000305175781,105.55000305175781,101.6500015258789,105.0,33995681
2022-12-27,106.6500015258789,111.55000305175781,105.8499984741211,111.1500015258789,76033410
2022-12-28,111.05000305175781,112.30000305175781,109.69999694824219,110.0,50660601
2022-12-29,109.0,112.0,108.8499984741211,111.75,51751642
2022-12-30,112.9000015258789,114.75,112.0999984741211,112.6500015258789,56048485
2023-01-02,114.4000015258789,119.69999694824219,113.75,119.25,143444095
2023-01-03,119.80000305175781,120.5,117.75,118.44999694824219,74419090
2023-01-04,118.75,119.05000305175781,115.3499984741211,115.75,55634568
2023-01-05,116.5,117.0,114.5,116.55000305175781,58806907
2023-01-06,117.0,117.8499984741211,115.25,115.6500015258789,58551863
2023-01-09,116.9000015258789,118.0999984741211,116.55000305175781,117.55000305175781,37763131
2023-01-10,117.6500015258789,119.75,117.55000305175781,118.8499984741211,56750710
2023-01-11,119.44999694824219,120.3499984741211,118.0,118.8499984741211,49321252
2023-01-12,118.94999694824219,119.25,117.5999984741211,118.0999984741211,33740024
2023-01-13,118.55000305175781,121.5999984741211,118.1500015258789,120.44999694824219,68884010
2023-01-16,121.44999694824219,121.44999694824219,118.80000305175781,119.94999694824219,44362359
2023-01-17,119.75,119.9000015258789,118.0,119.3499984741211,27880531
2023-01-18,120.0,123.0,120.0,122.44999694824219,64749065
2023-01-19,121.80000305175781,124.30000305175781,121.1500015258789,123.55000305175781,53564076
2023-01-20,123.4000015258789,124.19999694824219,122.0,122.94999694824219,37784498
2023-01-23,123.4000015258789,123.8499984741211,121.5,122.0,28601260
2023-01-24,122.5,122.55000305175781,120.0999984741211,120.4000015258789,27707765
2023-01-25,120.3499984741211,122.25,120.0999984741211,121.0,46522102
2023-01-27,121.9000015258789,123.25,119.0999984741211,120.6500015258789,58771746
2023-01-30,120.44999694824219,121.0999984741211,116.9000015258789,118.75,46551837
2023-01-31,118.75,120.44999694824219,117.75,119.69999694824219,43986769
2023-02-01,120.0999984741211,124.1500015258789,119.30000305175781,122.05000305175781,72919626
2023-02-02,121.94999694824219,122.5,118.4000015258789,119.94999694824219,38768010
2023-02-03,120.05000305175781,121.0,117.19999694824219,120.3499984741211,46977350
2023-02-06,120.0,120.0,117.0,117.44999694824219,49546361
2023-02-07,112.5999984741211,115.3499984741211,110.55000305175781,111.44999694824219,110953246
2023-02-08,111.44999694824219,112.75,110.0999984741211,111.44999694824219,66523699
2023-02-09,112.1500015258789,112.94999694824219,109.94999694824219,111.25,64710455
2023-02-10,111.0,111.25,108.30000305175781,108.80000305175781,60810058
2023-02-13,108.80000305175781,110.5999984741211,108.4000015258789,108.75,56186469
2023-02-14,109.55000305175781,109.9000015258789,108.25,109.25,31163587
2023-02-15,109.0,110.5999984741211,108.80000305175781,110.30000305175781,35544190
2023-02-16,111.0,112.19999694824219,110.6500015258789,112.0,30956191
2023-02-17,111.55000305175781,113.0999984741211,111.30000305175781,112.25,34107244
2023-02-20,112.30000305175781,112.69999694824219,111.05000305175781,112.3499984741211,19896764
2023-02-21,112.9000015258789,114.19999694824219,112.75,113.1500015258789,29830864
2023-02-22,113.25,113.69999694824219,110.6500015258789,111.1500015258789,24391211
2023-02-23,111.55000305175781,113.6500015258789,111.3499984741211,112.05000305175781,30845778
2023-02-24,112.5,112.9000015258789,109.55000305175781,109.75,34326940
2023-02-27,109.80000305175781,110.05000305175781,105.1500015258789,106.0999984741211,56217189
2023-02-28,106.8499984741211,107.05000305175781,103.55000305175781,103.94999694824219,76540448
2023-03-01,104.69999694824219,107.0999984741211,104.5,105.5,76175319
2023-03-02,106.05000305175781,106.9000015258789,104.3499984741211,104.6500015258789,55276248
2023-03-03,106.0,107.44999694824219,105.0,107.0,117175295
2023-03-06,107.5,107.5999984741211,105.0,105.6500015258789,106868143
2023-03-08,105.30000305175781,106.9000015258789,104.0,106.5,43939583
2023-03-09,107.8499984741211,108.94999694824219,107.5,108.19999694824219,51967449
2023-03-10,107.0,108.3499984741211,106.5999984741211,108.0999984741211,47699832
2023-03-13,108.25,109.0,106.3499984741211,106.80000305175781,34552596
2023-03-14,107.0,108.55000305175781,106.19999694824219,106.4000015258789,48584984
2023-03-15,107.5,109.1500015258789,107.4000015258789,108.6500015258789,38930902
2023-03-16,107.25,107.25,103.69999694824219,105.05000305175781,81088340
2023-03-17,106.44999694824219,107.3499984741211,105.0,107.0,48962238
2023-03-20,106.0999984741211,106.44999694824219,103.8499984741211,104.5,41569640
2023-03-21,105.0999984741211,105.4000015258789,104.30000305175781,104.75,26434897
2023-03-22,104.75,105.94999694824219,104.4000015258789,104.80000305175781,25891259
2023-03-23,104.4000015258789,105.5,104.3499984741211,104.9000015258789,20913844
2023-03-24,105.0,105.05000305175781,101.55000305175781,102.0999984741211,39014278
2023-03-27,102.55000305175781,103.4000015258789,102.0999984741211,102.30000305175781,24753289
2023-03-28,102.8499984741211,103.0999984741211,102.3499984741211,102.5,18703734
2023-03-29,102.5,104.5,101.6500015258789,103.5999984741211,37221124
2023-03-31,105.0,105.5,104.0999984741211,104.5,34579415
2023-04-03,105.0999984741211,105.25,103.80000305175781,104.0999984741211,21840428
2023-04-05,104.0999984741211,105.0,103.19999694824219,104.8499984741211,25194802
2023-04-06,104.8499984741211,105.0999984741211,104.19999694824219,104.3499984741211,21053782
2023-04-10,104.5,105.75,104.5,104.94999694824219,19992257
2023-04-11,105.55000305175781,107.8499984741211,105.0999984741211,107.55000305175781,49304956
2023-04-12,108.19999694824219,108.4000015258789,106.94999694824219,107.5999984741211,27349538
2023-04-13,107.5,108.1500015258789,105.9000015258789,107.5,34880922
2023-04-17,107.5999984741211,108.30000305175781,106.75,107.1500015258789,24642162
2023-04-18,107.19999694824219,107.9000015258789,106.8499984741211,107.5999984741211,25476339
2023-04-19,107.8499984741211,110.4000015258789,107.75,108.0999984741211,62100775
2023-04-20,108.19999694824219,108.69999694824219,107.4000015258789,108.0,18337948
2023-04-21,108.0,108.0999984741211,105.3499984741211,106.1500015258789,37638506
2023-04-24,106.4000015258789,106.69999694824219,105.3499984741211,106.5,23475012
2023-04-25,106.69999694824219,107.5999984741211,106.25,107.05000305175781,23333425
2023-04-26,106.5,107.05000305175781,105.8499984741211,106.8499984741211,23590297
2023-04-27,106.30000305175781,107.8499984741211,106.30000305175781,107.6500015258789,22364308
2023-04-28,107.80000305175781,108.5,107.30000305175781,107.94999694824219,30072920
2023-05-02,108.0,110.8499984741211,108.0,110.30000305175781,52822162
2023-05-03,109.80000305175781,111.0,108.75,109.69999694824219,51272624
2023-05-04,110.0,111.9000015258789,109.5,111.05000305175781,38636907
2023-05-05,110.8499984741211,110.8499984741211,108.4000015258789,108.6500015258789,32958346
2023-05-08,109.25,109.8499984741211,108.25,109.55000305175781,23130472
2023-05-09,109.5999984741211,111.19999694824219,109.1500015258789,109.55000305175781,27999202
2023-05-10,109.5999984741211,110.0,108.5999984741211,109.25,19213215
2023-05-11,109.19999694824219,109.5,108.25,108.55000305175781,19817637
2023-05-12,108.3499984741211,108.4000015258789,106.55000305175781,106.75,36794838
2023-05-15,107.05000305175781,108.19999694824219,105.6500015258789,107.69999694824219,22148028
2023-05-16,108.19999694824219,108.6500015258789,107.19999694824219,107.4000015258789,18587658
2023-05-17,107.4000015258789,107.5,105.55000305175781,106.0,28895465
2023-05-18,106.5,107.1500015258789,105.0999984741211,105.19999694824219,24208481
2023-05-19,105.5999984741211,105.69999694824219,104.05000305175781,104.6500015258789,29848841
2023-05-22,105.0,105.25,104.30000305175781,105.0,21588716
2023-05-23,105.0999984741211,106.05000305175781,105.0,105.5999984741211,21304034
2023-05-24,105.0999984741211,105.80000305175781,104.9000015258789,105.19999694824219,28454367
2023-05-25,105.0,105.19999694824219,104.30000305175781,104.8499984741211,25885062
2023-05-26,105.0,106.75,104.94999694824219,106.4000015258789,28362042
2023-05-29,107.0,108.8499984741211,106.30000305175781,108.44999694824219,41062311
2023-05-30,108.94999694824219,108.94999694824219,106.9000015258789,107.05000305175781,33475211
2023-05-31,106.4000015258789,106.94999694824219,105.5999984741211,105.80000305175781,41249944
2023-06-01,105.9000015258789,106.69999694824219,105.80000305175781,105.94999694824219,21211538
2023-06-02,106.5,108.30000305175781,106.5,108.0,46686933
2023-06-05,108.6500015258789,109.9000015258789,107.80000305175781,109.4000015258789,39642539
2023-06-06,109.75,109.8499984741211,108.30000305175781,109.0,26751372
2023-06-07,109.5,111.75,108.9000015258789,111.5,45157197
2023-06-08,111.5,113.0,110.94999694824219,111.1500015258789,46380294
2023-06-09,111.25,111.6500015258789,108.6500015258789,108.9000015258789,36392617
2023-06-12,109.1500015258789,110.5999984741211,109.1500015258789,109.5,23472313
2023-06-13,110.0,111.8499984741211,109.6500015258789,111.1500015258789,30018212
2023-06-14,111.5,114.0,111.4000015258789,113.80000305175781,66696433
2023-06-15,113.9000015258789,114.19999694824219,113.25,113.75,39430138
2023-06-16,114.4000015258789,114.80000305175781,113.8499984741211,114.25,31715807
2023-06-19,115.44999694824219,115.5999984741211,113.05000305175781,114.0999984741211,33502185
2023-06-20,114.0999984741211,115.25,113.5,114.25,30371599
2023-06-21,114.9000015258789,114.9000015258789,112.8499984741211,113.9000015258789,35627983
2023-06-22,110.5999984741211,112.19999694824219,110.55000305175781,111.0999984741211,34769987
2023-06-23,110.5,110.75,109.19999694824219,109.5999984741211,22190233
2023-06-26,109.5999984741211,110.19999694824219,108.0999984741211,109.8499984741211,25332751
2023-06-27,110.5999984741211,111.5,110.1500015258789,110.75,24129403
2023-06-28,111.5,112.05000305175781,110.9000015258789,111.55000305175781,23895274
2023-06-30,111.5999984741211,112.19999694824219,110.4000015258789,112.0,26741918
2023-07-03,112.25,114.25,112.05000305175781,113.0999984741211,30979256
2023-07-04,113.19999694824219,113.4000015258789,112.0999984741211,112.4000015258789,25080307
2023-07-05,112.55000305175781,113.55000305175781,112.19999694824219,112.94999694824219,27877180
2023-07-06,112.0,112.8499984741211,111.5,112.6500015258789,34320086
2023-07-07,112.0,113.30000305175781,111.25,111.5999984741211,30034274
2023-07-10,112.25,115.69999694824219,111.6500015258789,115.30000305175781,60652690
2023-07-11,115.5999984741211,116.0999984741211,114.80000305175781,115.1500015258789,37999385
2023-07-12,115.1500015258789,116.05000305175781,114.0,114.69999694824219,32771204
2023-07-13,116.0,116.94999694824219,114.5,114.8499984741211,44847814
2023-07-14,115.69999694824219,117.9000015258789,114.80000305175781,117.1500015258789,34521821
2023-07-17,117.94999694824219,119.3499984741211,117.0999984741211,117.75,49115369
2023-07-18,118.0,118.1500015258789,116.4000015258789,116.5999984741211,23433431
2023-07-19,116.69999694824219,117.19999694824219,116.0999984741211,116.69999694824219,17222355
2023-07-20,116.69999694824219,117.25,116.3499984741211,116.94999694824219,22303831
2023-07-21,116.5999984741211,117.94999694824219,115.5,116.5999984741211,31546136
2023-07-24,116.5,116.5,114.3499984741211,115.5,38113555
2023-07-25,115.0,119.9000015258789,114.3499984741211,119.25,88035259
2023-07-26,119.80000305175781,120.5999984741211,118.8499984741211,119.94999694824219,29716336
2023-07-27,120.25,121.44999694824219,119.1500015258789,119.80000305175781,39664251
2023-07-28,120.19999694824219,121.0999984741211,118.69999694824219,120.5999984741211,33996691
2023-07-31,120.5999984741211,123.8499984741211,120.5999984741211,123.1500015258789,52330311
2023-08-01,123.55000305175781,124.1500015258789,122.55000305175781,123.19999694824219,27863562
2023-08-02,122.9000015258789,122.9000015258789,118.25,118.94999694824219,54951586
2023-08-03,118.69999694824219,119.6500015258789,117.5,118.19999694824219,34624188
2023-08-04,119.4000015258789,119.75,118.0,119.0,22303966
2023-08-07,119.5999984741211,119.5999984741211,118.0,118.8499984741211,20711952
2023-08-08,119.0,119.5,117.94999694824219,118.1500015258789,21275054
2023-08-09,118.3499984741211,120.5,116.9000015258789,120.19999694824219,34154214
2023-08-10,120.0,120.6500015258789,119.25,120.0,24439101
2023-08-11,120.30000305175781,121.4000015258789,119.1500015258789,120.30000305175781,26337436
2023-08-14,120.30000305175781,120.4000015258789,117.3499984741211,118.1500015258789,33095516
2023-08-16,117.94999694824219,117.94999694824219,115.4000015258789,115.94999694824219,31252473
2023-08-17,115.9000015258789,116.80000305175781,114.69999694824219,116.05000305175781,28461865
2023-08-18,116.30000305175781,116.4000015258789,114.75,115.80000305175781,30381609
2023-08-21,116.75,117.0999984741211,115.8499984741211,116.9000015258789,22629651
2023-08-22,117.1500015258789,117.75,116.5,117.55000305175781,17343131
2023-08-23,117.8499984741211,119.25,117.6500015258789,118.94999694824219,43744909
2023-08-24,119.5,120.0999984741211,118.05000305175781,118.25,27103446
2023-08-25,118.0,118.1500015258789,116.69999694824219,116.9000015258789,23692527
2023-08-28,117.0,118.25,117.0,117.5999984741211,19218821
2023-08-29,118.5,120.1500015258789,117.75,119.55000305175781,36038317
2023-08-30,120.5,122.69999694824219,120.25,122.0999984741211,51467177
2023-08-31,122.8499984741211,123.5999984741211,122.1500015258789,122.9000015258789,60626985
2023-09-01,123.5,128.6999969482422,123.4000015258789,127.05000305175781,76460408
2023-09-04,129.1999969482422,132.89999389648438,128.85000610351562,131.75,68525900
2023-09-05,131.75,132.4499969482422,128.85000610351562,131.6999969482422,36466807
2023-09-06,132.39999389648438,132.39999389648438,128.1999969482422,129.60000610351562,36058850
2023-09-07,129.5,130.8000030517578,128.60000610351562,130.14999389648438,30268235
2023-09-08,131.39999389648438,131.64999389648438,129.1999969482422,129.5,34313523
2023-09-11,129.5,131.85000610351562,129.1999969482422,131.14999389648438,33377857
2023-09-12,132.8000030517578,133.14999389648438,128.64999389648438,129.0,38065283
2023-09-13,129.60000610351562,130.5,127.69999694824219,129.5500030517578,23371459
2023-09-14,131.0,134.1999969482422,130.8000030517578,131.6999969482422,58800620
2023-09-15,132.60000610351562,133.3000030517578,129.85000610351562,131.9499969482422,85058495
2023-09-18,135.0,135.0,130.0500030517578,130.4499969482422,62420823
2023-09-20,130.4499969482422,131.8000030517578,128.0,128.3000030517578,43627379
2023-09-21,128.3000030517578,129.25,127.19999694824219,127.80000305175781,29826091
2023-09-22,127.1500015258789,128.6999969482422,125.5,126.75,34059194
2023-09-25,127.30000305175781,128.3000030517578,126.0999984741211,127.4000015258789,23466981
2023-09-26,129.0,130.5500030517578,128.39999389648438,128.89999389648438,48936598
2023-09-27,128.75,128.75,126.69999694824219,128.14999389648438,33277329
2023-09-28,128.35000610351562,129.3000030517578,126.30000305175781,126.80000305175781,29982233
2023-09-29,128.1999969482422,129.5500030517578,127.55000305175781,128.89999389648438,28406435
2023-10-03,129.0,129.10000610351562,127.25,128.0,18613557
2023-10-04,127.0,127.0999984741211,124.5,125.30000305175781,33272725
2023-10-05,125.9000015258789,126.1500015258789,124.55000305175781,125.25,27063441
2023-10-06,126.5,127.0,125.0999984741211,125.9000015258789,21928671
2023-10-09,124.80000305175781,124.9000015258789,122.5999984741211,123.8499984741211,21457836
2023-10-10,124.69999694824219,125.9000015258789,123.75,125.30000305175781,28745957
2023-10-11,126.0,126.30000305175781,124.69999694824219,124.94999694824219,24455932
2023-10-12,125.3499984741211,126.9000015258789,125.0999984741211,125.9000015258789,19361688
2023-10-13,125.0,125.75,124.0,125.05000305175781,26912800
2023-10-16,125.0999984741211,127.25,124.94999694824219,127.0,23868700
2023-10-17,127.9000015258789,128.5500030517578,127.0,127.4000015258789,24241710
2023-10-18,127.8499984741211,128.6999969482422,126.5999984741211,127.0999984741211,20926079
2023-10-19,125.5,126.5,124.3499984741211,126.0,30941319
2023-10-20,125.0,125.75,122.69999694824219,123.0999984741211,30746140
2023-10-23,123.3499984741211,123.4000015258789,119.69999694824219,120.0,30699479
2023-10-25,121.19999694824219,122.80000305175781,120.75,121.3499984741211,27346103
2023-10-26,120.8499984741211,120.9000015258789,118.9000015258789,119.9000015258789,36298907
2023-10-27,120.5,121.80000305175781,119.5,119.9000015258789,28424007
2023-10-30,121.05000305175781,121.25,118.94999694824219,119.1500015258789,18753217
2023-10-31,120.0,120.1500015258789,118.4000015258789,118.75,22319950
2023-11-01,119.0,119.0999984741211,116.0,116.5999984741211,24717941
2023-11-02,114.5999984741211,118.55000305175781,114.5999984741211,118.0999984741211,72538804
2023-11-03,118.19999694824219,118.5999984741211,117.0999984741211,117.30000305175781,31747230
2023-11-06,118.5,119.6500015258789,117.5,119.4000015258789,27883152
2023-11-07,119.30000305175781,120.19999694824219,118.4000015258789,119.6500015258789,25818033
2023-11-08,119.75,120.5,118.55000305175781,119.05000305175781,22552386
2023-11-09,119.19999694824219,120.5,118.8499984741211,119.6500015258789,22979112
2023-11-10,119.5,120.44999694824219,118.80000305175781,120.05000305175781,23584510
2023-11-13,120.8499984741211,121.25,119.9000015258789,121.0,17951775
2023-11-15,121.69999694824219,124.4000015258789,121.5,124.05000305175781,38344393
2023-11-16,124.0,125.25,123.0,124.69999694824219,30836413
2023-11-17,124.69999694824219,125.75,124.30000305175781,125.19999694824219,23319439
2023-11-20,125.05000305175781,125.6500015258789,124.05000305175781,124.3499984741211,18780290
2023-11-21,125.05000305175781,126.4000015258789,124.94999694824219,126.25,29643312
2023-11-22,126.4000015258789,126.9000015258789,125.5,126.0999984741211,19588063
2023-11-23,126.3499984741211,127.4000015258789,125.9000015258789,126.69999694824219,30736851
2023-11-24,126.69999694824219,127.0,125.55000305175781,125.94999694824219,14719450
2023-11-28,127.0,127.0,126.0,126.8499984741211,18377843
2023-11-29,127.1500015258789,128.14999389648438,126.69999694824219,127.75,23092165
2023-11-30,127.80000305175781,128.85000610351562,126.5,127.9000015258789,40165104
2023-12-01,128.89999389648438,130.3000030517578,128.0500030517578,130.0,31192397
2023-12-04,132.1999969482422,132.35000610351562,130.39999389648438,131.0,41230928
2023-12-05,131.0,132.4499969482422,130.0,131.60000610351562,35192149
2023-12-06,132.5,133.39999389648438,130.8000030517578,131.85000610351562,40753593
2023-12-07,131.6999969482422,132.1999969482422,129.8000030517578,130.0,34686333
2023-12-08,130.14999389648438,131.39999389648438,127.94999694824219,129.1999969482422,34393711
2023-12-11,129.85000610351562,130.5,128.75,130.0500030517578,24038059
2023-12-12,130.0500030517578,132.14999389648438,129.6999969482422,130.10000610351562,30696410
2023-12-13,130.5500030517578,131.5,129.14999389648438,131.39999389648438,22767972
2023-12-14,132.3000030517578,133.25,131.5,132.0,43372143
2023-12-15,133.39999389648438,136.75,133.0,136.4499969482422,77377446
2023-12-18,136.85000610351562,137.60000610351562,135.10000610351562,136.60000610351562,38461877
2023-12-19,136.64999389648438,137.60000610351562,134.8000030517578,135.39999389648438,27726431
2023-12-20,135.89999389648438,136.14999389648438,128.75,129.75,39495961
2023-12-21,128.6999969482422,131.4499969482422,127.8499984741211,131.0,34914399
2023-12-22,132.39999389648438,134.75,131.75,133.5500030517578,37357334
2023-12-26,134.6999969482422,136.10000610351562,134.4499969482422,135.1999969482422,25936447
2023-12-27,135.85000610351562,138.89999389648438,135.5,137.1999969482422,48101400
2023-12-28,138.14999389648438,138.75,136.85000610351562,138.14999389648438,34661176
2023-12-29,138.60000610351562,141.25,137.14999389648438,139.60000610351562,49202910
2024-01-01,140.0,140.9499969482422,139.0500030517578,139.85000610351562,21186105
2024-01-02,140.5,140.60000610351562,137.0500030517578,139.60000610351562,27764060
2024-01-03,139.5,139.60000610351562,134.35000610351562,135.35000610351562,45176618
2024-01-04,136.0,136.35000610351562,134.0,134.25,43913498
2024-01-05,135.0,135.9499969482422,132.85000610351562,133.64999389648438,71330190
2024-01-08,135.3000030517578,135.9499969482422,131.75,132.0,39559717
2024-01-09,133.5,134.8000030517578,132.5,133.64999389648438,30736868
2024-01-10,133.8000030517578,134.6999969482422,132.10000610351562,134.10000610351562,27213624
2024-01-11,134.85000610351562,135.64999389648438,134.1999969482422,134.89999389648438,23113349
2024-01-12,135.8000030517578,136.25,134.64999389648438,135.3000030517578,32883921
2024-01-15,136.0,136.25,133.9499969482422,134.89999389648438,34158775
2024-01-16,134.6999969482422,138.5,134.0,137.25,56361287
2024-01-17,135.4499969482422,135.75,131.39999389648438,131.64999389648438,58982971
2024-01-18,131.64999389648438,132.25,128.1999969482422,131.0,45273496
2024-01-19,132.60000610351562,134.6999969482422,131.60000610351562,134.25,32653013
2024-01-23,134.8000030517578,135.1999969482422,129.3000030517578,130.10000610351562,35373970
2024-01-24,130.1999969482422,135.5500030517578,130.10000610351562,135.14999389648438,39340119
2024-01-25,136.5,136.5,132.0,133.75,61358839
2024-01-29,134.6999969482422,135.39999389648438,133.5,135.0,29745400
2024-01-30,135.60000610351562,137.6999969482422,134.5,134.6999969482422,35704185
2024-01-31,135.0,136.6999969482422,134.5,135.9499969482422,36079354
2024-02-01,136.39999389648438,136.75,134.5,134.8000030517578,31701793
2024-02-02,135.3000030517578,139.60000610351562,134.8000030517578,138.6999969482422,69296192
2024-02-05,140.0,143.35000610351562,139.35000610351562,141.5500030517578,80737626
2024-02-06,143.0,145.10000610351562,140.4499969482422,144.64999389648438,53192936
2024-02-07,146.85000610351562,147.39999389648438,144.0500030517578,144.39999389648438,61517064
2024-02-08,145.3000030517578,145.64999389648438,143.0500030517578,143.64999389648438,38997666
2024-02-09,144.1999969482422,144.4499969482422,139.14999389648438,141.3000030517578,35961925
2024-02-12,142.0,142.9499969482422,136.64999389648438,137.39999389648438,36477544
2024-02-13,137.75,138.25,134.10000610351562,137.85000610351562,39155909
2024-02-14,137.0,141.5,135.75,141.1999969482422,29141690
2024-02-15,141.5,143.4499969482422,141.0,141.1999969482422,31587387
2024-02-16,142.0500030517578,143.4499969482422,141.5,142.3000030517578,22316127
2024-02-19,142.9499969482422,143.35000610351562,141.35000610351562,141.9499969482422,16973568
2024-02-20,141.9499969482422,142.25,140.0500030517578,141.0500030517578,24291123
2024-02-21,141.5500030517578,146.1999969482422,141.4499969482422,143.89999389648438,88000833
2024-02-22,145.0,146.14999389648438,143.5,145.89999389648438,46728176
2024-02-23,146.39999389648438,147.10000610351562,145.0,145.4499969482422,28414697
2024-02-26,145.85000610351562,145.9499969482422,142.25,142.64999389648438,22570277
2024-02-27,142.64999389648438,144.5,142.0,144.1999969482422,24119469
2024-02-28,144.0500030517578,144.9499969482422,140.0500030517578,140.75,20721926
2024-02-29,140.8000030517578,141.85000610351562,139.39999389648438,140.85000610351562,32248156
2024-03-01,143.0,150.64999389648438,143.0,149.9499969482422,123709943
2024-03-04,154.89999389648438,154.89999389648438,151.0500030517578,153.10000610351562,67577785
2024-03-05,153.1999969482422,154.0,150.75,151.85000610351562,37165490
2024-03-06,151.8000030517578,152.64999389648438,147.89999389648438,151.60000610351562,51782444
2024-03-07,152.39999389648438,159.14999389648438,152.25,157.25,124847699
2024-03-11,158.89999389648438,158.89999389648438,153.0,153.4499969482422,54155385
2024-03-12,154.1999969482422,154.5500030517578,150.89999389648438,152.5,34947937
2024-03-13,152.8000030517578,152.89999389648438,142.5,143.64999389648438,70937597
2024-03-14,143.60000610351562,143.9499969482422,138.35000610351562,142.4499969482422,91956952
2024-03-15,142.89999389648438,143.6999969482422,139.85000610351562,141.6999969482422,68482621
2024-03-18,142.5500030517578,150.25,142.1999969482422,149.6999969482422,166913078
2024-03-19,149.0,152.4499969482422,147.60000610351562,148.75,105004268
2024-03-20,149.60000610351562,150.64999389648438,143.85000610351562,145.64999389648438,77550319
2024-03-21,148.0,151.1999969482422,147.8000030517578,150.10000610351562,84225737
2024-03-22,149.0,152.75,148.35000610351562,151.8000030517578,68241556
2024-03-26,151.14999389648438,153.39999389648438,150.5,152.39999389648438,52965508
2024-03-27,152.4499969482422,154.10000610351562,152.0,152.6999969482422,35328794
2024-03-28,152.6999969482422,157.0,152.6999969482422,155.85000610351562,62575327
2024-04-01,156.8000030517578,163.89999389648438,156.5,163.14999389648438,84583929
2024-04-02,162.9499969482422,165.5,161.8000030517578,164.64999389648438,69533405
2024-04-03,164.64999389648438,166.25,163.10000610351562,163.64999389648438,50938559
2024-04-04,165.5500030517578,165.9499969482422,161.0,163.39999389648438,61094750
2024-04-05,163.89999389648438,164.14999389648438,160.8000030517578,163.35000610351562,44668121
2024-04-08,166.9499969482422,166.9499969482422,164.1999969482422,165.1999969482422,48255703
2024-04-09,166.0,169.8000030517578,165.1999969482422,166.0,63884687
2024-04-10,167.3000030517578,169.1999969482422,164.5,165.0500030517578,64134758
2024-04-12,166.0,166.0,163.0,163.5,55317636
2024-04-15,161.8000030517578,164.6999969482422,158.60000610351562,160.85000610351562,66426404
2024-04-16,160.85000610351562,162.4499969482422,159.0,160.0500030517578,41391261
2024-04-18,160.89999389648438,164.0,159.14999389648438,160.0500030517578,68093672
2024-04-19,160.0,162.5,157.3000030517578,162.10000610351562,60078229
2024-04-22,163.8000030517578,164.6999969482422,161.5,161.85000610351562,39304790
2024-04-23,163.5,163.5,160.8000030517578,161.14999389648438,30295177
2024-04-24,162.4499969482422,166.89999389648438,161.4499969482422,165.5500030517578,59894921
2024-04-25,165.39999389648438,168.0,164.14999389648438,167.6999969482422,50128523
2024-04-26,168.0,170.6999969482422,165.25,165.8000030517578,65355111
2024-04-29,168.1999969482422,169.60000610351562,166.89999389648438,167.39999389648438,44906151
2024-04-30,168.39999389648438,168.39999389648438,164.5,165.0,55043389
2024-05-02,165.0,168.89999389648438,165.0,167.35000610351562,69320283
2024-05-03,168.9499969482422,170.75,165.14999389648438,166.5,62573586
2024-05-06,167.9499969482422,168.64999389648438,164.6999969482422,167.60000610351562,37621296
2024-05-07,167.9499969482422,167.9499969482422,162.3000030517578,164.25,43611824
2024-05-08,164.1999969482422,167.10000610351562,163.5,166.0500030517578,30128705
2024-05-09,165.9499969482422,166.6999969482422,161.5,161.89999389648438,30223088
2024-05-10,163.1999969482422,164.35000610351562,161.85000610351562,162.25,31472419
2024-05-13,162.4499969482422,164.5,158.0500030517578,163.85000610351562,36561003
2024-05-14,164.10000610351562,166.5500030517578,163.5,164.9499969482422,46261468
2024-05-15,164.9499969482422,167.5500030517578,164.9499969482422,165.60000610351562,29601304
2024-05-16,167.25,168.0,162.3000030517578,165.89999389648438,41126570
2024-05-17,166.60000610351562,168.4499969482422,165.4499969482422,167.35000610351562,39181277
2024-05-21,168.5,175.1999969482422,167.9499969482422,174.35000610351562,84833644
2024-05-22,175.4499969482422,175.5,171.5,173.3000030517578,42919832
2024-05-23,173.0500030517578,175.8000030517578,170.5,175.5,49377680
2024-05-24,174.9499969482422,177.5500030517578,174.14999389648438,174.85000610351562,38674485
2024-05-27,177.6999969482422,177.6999969482422,174.85000610351562,175.5,30410585
2024-05-28,175.89999389648438,177.5,173.4499969482422,174.89999389648438,39208456
2024-05-29,174.75,176.0,173.5,174.25,36575550
2024-05-30,172.0,172.0,163.35000610351562,164.14999389648438,108813875
2024-05-31,166.0500030517578,167.9499969482422,164.0,167.1999969482422,83713848
2024-06-03,173.25,175.0,168.85000610351562,174.25,86397540
2024-06-04,174.5,174.64999389648438,148.14999389648438,158.9499969482422,125042158
2024-06-05,162.14999389648438,169.60000610351562,159.0,169.1999969482422,60098501
2024-06-06,170.0,174.6999969482422,169.39999389648438,172.0500030517578,57920819
2024-06-07,172.0,179.64999389648438,170.8000030517578,178.89999389648438,84319867
2024-06-10,180.2100067138672,182.10000610351562,177.36000061035156,180.2899932861328,74286848
2024-06-11,180.5,183.75,180.5,181.3300018310547,55555544
2024-06-12,182.25,183.8699951171875,181.5,182.22999572753906,33304643
2024-06-13,183.39999389648438,184.10000610351562,180.50999450683594,182.55999755859375,36669164
2024-06-14,182.9499969482422,183.5,181.39999389648438,183.14999389648438,28509237
2024-06-18,183.8000030517578,184.60000610351562,180.60000610351562,181.1199951171875,35032118
2024-06-19,182.4499969482422,182.49000549316406,179.30999755859375,180.02000427246094,27476795
2024-06-20,181.60000610351562,182.9499969482422,179.3699951171875,182.27999877929688,38837494
2024-06-21,179.39999389648438,180.89999389648438,178.17999267578125,179.94000244140625,65494855
2024-06-24,177.44000244140625,178.9499969482422,175.10000610351562,177.9600067138672,47597307
2024-06-25,177.99000549316406,179.0,175.25,175.67999267578125,30599989
2024-06-26,175.67999267578125,176.0,171.83999633789062,172.55999755859375,44006436
2024-06-27,172.55999755859375,174.9499969482422,171.8000030517578,174.16000366210938,49767976
2024-06-28,174.1699981689453,177.10000610351562,173.57000732421875,174.00999450683594,37521949
2024-07-01,174.5,175.99000549316406,173.50999450683594,174.07000732421875,27807688
2024-07-02,174.47000122070312,175.75,173.60000610351562,174.5399932861328,33359495
2024-07-03,174.5399932861328,176.8800048828125,174.39999389648438,176.3699951171875,29090492
2024-07-04,177.0,178.19000244140625,175.82000732421875,176.2899932861328,29504744
2024-07-05,176.1999969482422,176.1999969482422,173.39999389648438,174.7100067138672,38123217
2024-07-08,174.60000610351562,175.47000122070312,172.08999633789062,172.27999877929688,31479861
2024-07-09,173.60000610351562,173.6999969482422,171.50999450683594,171.8000030517578,25127904
2024-07-10,172.5,172.88999938964844,167.02000427246094,167.97999572753906,41525591
2024-07-11,170.0,170.9499969482422,168.6699981689453,168.9199981689453,33987236
2024-07-12,170.1999969482422,170.38999938964844,168.00999450683594,168.69000244140625,33311402
2024-07-15,168.69000244140625,168.99000549316406,165.8000030517578,166.75999450683594,32635187
2024-07-16,167.8000030517578,169.82000732421875,166.6999969482422,167.07000732421875,26505901
2024-07-18,167.61000061035156,167.61000061035156,164.44000244140625,166.36000061035156,36568852
2024-07-19,166.0,166.08999633789062,157.1999969482422,157.77000427246094,77987514
2024-07-22,158.39999389648438,160.6999969482422,156.41000366210938,160.32000732421875,40353690
2024-07-23,161.60000610351562,161.97000122070312,155.0,160.02000427246094,37077411
2024-07-24,160.02000427246094,162.02000427246094,159.19000244140625,160.30999755859375,28086566
2024-07-25,158.5,158.5,156.89999389648438,157.38999938964844,45155876
2024-07-26,158.75,162.9499969482422,158.2100067138672,162.5500030517578,45642032
2024-07-29,164.6999969482422,164.6999969482422,162.3300018310547,162.8699951171875,31754833
2024-07-30,162.89999389648438,165.3000030517578,161.30999755859375,164.07000732421875,42824600
2024-07-31,166.2899932861328,166.5,163.5500030517578,165.3300018310547,52769925
2024-08-01,168.1999969482422,168.9499969482422,160.89999389648438,163.05999755859375,118341338
2024-08-02,161.0,161.19000244140625,154.72000122070312,158.22000122070312,72427529
2024-08-05,153.66000366210938,154.0,149.0,149.82000732421875,102883971
2024-08-06,151.2100067138672,153.8000030517578,149.61000061035156,150.32000732421875,53507102
2024-08-07,153.6999969482422,154.3000030517578,151.89999389648438,153.86000061035156,32029697
2024-08-08,153.39999389648438,153.44000244140625,150.0,150.27999877929688,51858615
2024-08-09,153.0,153.0,151.25,151.80999755859375,23290101
2024-08-12,151.0,153.39999389648438,149.8800048828125,152.05999755859375,30550334
2024-08-13,152.10000610351562,152.9499969482422,148.5,148.8800048828125,29396493
2024-08-14,149.89999389648438,149.89999389648438,142.35000610351562,146.1699981689453,97911180
2024-08-16,148.0,150.0,146.4600067138672,149.52000427246094,54131721
2024-08-19,150.85000610351562,154.3000030517578,150.38999938964844,153.9600067138672,62889770
2024-08-20,155.6999969482422,155.6999969482422,152.8000030517578,153.92999267578125,37559016
2024-08-21,153.0,154.17999267578125,151.77000427246094,151.9199981689453,49749381
2024-08-22,152.50999450683594,154.35000610351562,152.50999450683594,154.13999938964844,36719176
2024-08-23,154.0,154.38999938964844,152.5500030517578,154.1999969482422,31490857
2024-08-26,154.61000061035156,156.39999389648438,153.6999969482422,155.6999969482422,32497603
2024-08-27,155.8000030517578,156.5,154.60000610351562,154.6999969482422,24523684
2024-08-28,154.6999969482422,155.0,153.0500030517578,153.6999969482422,25195197
2024-08-29,153.2100067138672,153.55999755859375,151.1999969482422,152.97000122070312,44452983
2024-08-30,153.0,155.25,152.47000122070312,152.75999450683594,55134023
2024-09-02,153.89999389648438,153.89999389648438,152.13999938964844,152.8800048828125,19200143
2024-09-03,152.83999633789062,153.4499969482422,152.00999450683594,152.14999389648438,19780066
2024-09-04,149.5,152.17999267578125,149.16000366210938,151.17999267578125,39613696
2024-09-05,151.0,152.7899932861328,151.0,151.72000122070312,28347324
2024-09-06,151.94000244140625,152.89999389648438,149.64999389648438,151.22000122070312,30709532
2024-09-09,150.89999389648438,150.89999389648438,148.0500030517578,149.47000122070312,32624586
2024-09-10,150.5,151.58999633789062,148.80999755859375,149.4199981689453,41607844
2024-09-11,149.89999389648438,150.1999969482422,147.6199951171875,148.1699981689453,24633287
2024-09-12,152.0,152.44000244140625,148.75,151.74000549316406,73191476
2024-09-13,152.77999877929688,155.39999389648438,152.5,153.49000549316406,54894255
2024-09-16,155.0,155.66000366210938,153.5,154.2100067138672,32575460
2024-09-17,154.0,154.24000549316406,152.27000427246094,152.82000732421875,18275113
2024-09-18,152.39999389648438,152.97999572753906,149.61000061035156,150.60000610351562,24856345
2024-09-19,151.88999938964844,152.19000244140625,147.7899932861328,149.5399932861328,36913781
2024-09-20,151.0,153.33999633789062,150.64999389648438,152.02000427246094,53873369
2024-09-23,154.3800048828125,154.38999938964844,152.8000030517578,153.99000549316406,33281905
2024-09-24,155.14999389648438,161.5,154.85000610351562,160.52999877929688,137414352
2024-09-25,161.5,162.69000244140625,159.52000427246094,161.66000366210938,58044967
2024-09-26,162.0,165.89999389648438,160.47999572753906,165.61000061035156,88661662
2024-09-27,167.0,169.00999450683594,165.88999938964844,166.5500030517578,72795668
2024-09-30,167.5,170.17999267578125,167.25999450683594,168.5500030517578,92381529
2024-10-01,169.49000549316406,169.49000549316406,165.10000610351562,167.02999877929688,50761579
2024-10-03,165.5,169.99000549316406,164.52000427246094,166.97999572753906,75959797
2024-10-04,167.0,169.10000610351562,164.0,166.75,53880875
2024-10-07,167.10000610351562,167.9499969482422,162.3300018310547,164.36000061035156,48775098
2024-10-08,163.0,163.58999633789062,156.6999969482422,159.52000427246094,74956764
2024-10-09,159.52000427246094,162.1999969482422,158.11000061035156,159.05999755859375,42766218
2024-10-10,158.3000030517578,161.17999267578125,156.60000610351562,159.72000122070312,46507936
2024-10-11,159.3000030517578,163.77999877929688,159.1999969482422,160.66000366210938,53263433
2024-10-14,161.8800048828125,163.3800048828125,158.0399932861328,158.32000732421875,35566857
2024-10-15,159.5,159.52999877929688,155.0500030517578,155.6300048828125,38964393
2024-10-16,155.19000244140625,156.5500030517578,154.02000427246094,155.24000549316406,28518262
2024-10-17,155.64999389648438,156.3000030517578,152.10000610351562,152.39999389648438,28404223
2024-10-18,152.39999389648438,156.1999969482422,151.10000610351562,155.38999938964844,34750795
2024-10-21,156.10000610351562,157.92999267578125,154.58999633789062,155.02999877929688,25799090
2024-10-22,154.89999389648438,154.89999389648438,150.10000610351562,150.38999938964844,39079846
2024-10-23,150.3000030517578,151.9499969482422,148.0500030517578,148.77999877929688,42107893
2024-10-24,149.49000549316406,149.8300018310547,148.00999450683594,148.97999572753906,22115070
2024-10-25,149.0,149.5,144.42999267578125,145.86000061035156,39730802
2024-10-28,146.0,149.72999572753906,144.72999572753906,149.3800048828125,28386897
2024-10-29,149.85000610351562,150.4499969482422,146.5500030517578,150.05999755859375,32258407
2024-10-30,148.10000610351562,150.9499969482422,148.10000610351562,148.97000122070312,21362130
2024-10-31,149.0800018310547,149.9499969482422,148.1999969482422,148.55999755859375,26383702
2024-11-01,149.66000366210938,150.25,149.0,149.75,5106804
2024-11-04,150.0,150.0,145.10000610351562,146.9499969482422,25571021
2024-11-05,147.0,152.5500030517578,146.9499969482422,152.2899932861328,42772283
2024-11-06,154.0,154.9499969482422,149.58999633789062,153.6199951171875,48928986
2024-11-07,156.11000061035156,156.9199981689453,150.1999969482422,150.9499969482422,88254789
2024-11-08,152.0,152.0,146.94000244140625,147.57000732421875,61980989
2024-11-11,147.57000732421875,147.69000244140625,144.10000610351562,145.00999450683594,47497863
2024-11-12,145.64999389648438,147.1300048828125,143.60000610351562,144.1699981689453,28861672
2024-11-13,143.60000610351562,143.60000610351562,138.60000610351562,139.1699981689453,57609083
2024-11-14,139.7100067138672,140.72999572753906,137.5,137.97999572753906,36345184
2024-11-18,139.49000549316406,143.25,138.0,141.2100067138672,40233848
2024-11-19,142.0,142.49000549316406,139.05999755859375,139.4600067138672,37611903
2024-11-21,139.5,141.60000610351562,137.25,140.22000122070312,58398744
2024-11-22,140.14999389648438,143.19000244140625,139.64999389648438,142.77999877929688,43710169
2024-11-25,144.94000244140625,146.14999389648438,142.83999633789062,143.6699981689453,53883890
2024-11-26,144.22000122070312,145.8000030517578,143.5800018310547,144.47000122070312,25608469
2024-11-27,144.30999755859375,144.89999389648438,142.89999389648438,144.52999877929688,24895631
2024-11-28,144.0,145.25,143.08999633789062,143.38999938964844,30947861
2024-11-29,143.89999389648438,145.49000549316406,143.0500030517578,144.5399932861328,29742979
2024-12-02,144.11000061035156,146.8300018310547,143.13999938964844,146.41000366210938,23840351
2024-12-03,146.75,148.1999969482422,146.33999633789062,146.5399932861328,35527228
2024-12-04,147.0,147.0500030517578,144.0,145.85000610351562,38537808
2024-12-05,146.5,147.8800048828125,144.8000030517578,147.07000732421875,36328245
2024-12-06,147.5,148.67999267578125,146.60000610351562,148.2899932861328,30604899
2024-12-09,148.2899932861328,150.6699981689453,146.6300048828125,149.8800048828125,39059139
2024-12-10,150.19000244140625,152.5,149.30999755859375,150.32000732421875,36278104
2024-12-11,150.58999633789062,152.11000061035156,150.05999755859375,150.60000610351562,20499709
2024-12-12,150.8699951171875,151.6300048828125,148.6999969482422,150.77999877929688,25761723
2024-12-13,150.0,150.0500030517578,145.5500030517578,148.9499969482422,39701388
2024-12-16,148.94000244140625,149.8000030517578,147.10000610351562,147.7899932861328,22634773
2024-12-17,147.7899932861328,148.5,145.3300018310547,145.67999267578125,27110781
2024-12-18,146.0,146.89999389648438,143.3000030517578,144.4600067138672,19850229
2024-12-19,141.5500030517578,143.8000030517578,141.10000610351562,143.25999450683594,27104579
2024-12-20,142.88999938964844,144.39999389648438,140.0,140.67999267578125,46503449
2024-12-23,142.4499969482422,143.8000030517578,140.61000061035156,141.7100067138672,27514178
2024-12-24,141.1999969482422,141.5,139.25,140.3800048828125,25882917
2024-12-26,140.9499969482422,141.14999389648438,139.50999450683594,140.36000061035156,23939932
2024-12-27,140.6999969482422,141.75,138.61000061035156,138.91000366210938,19562177
2024-12-30,138.91000366210938,139.25,136.08999633789062,136.8800048828125,32555723
2024-12-31,136.8699951171875,138.67999267578125,136.55999755859375,138.0500030517578,20080291
2025-01-01,138.10000610351562,138.4499969482422,136.5800018310547,136.74000549316406,18169498
2025-01-02,137.0,138.4499969482422,136.39999389648438,138.17999267578125,23388424
2025-01-03,138.17999267578125,139.72999572753906,137.83999633789062,138.36000061035156,23351832
2025-01-06,138.36000061035156,138.38999938964844,131.35000610351562,132.17999267578125,44620509
2025-01-07,132.77999877929688,133.8800048828125,132.00999450683594,133.3800048828125,24239451
2025-01-08,133.92999267578125,134.24000549316406,131.77000427246094,132.63999938964844,31570331
2025-01-09,132.0,132.39999389648438,129.6999969482422,129.92999267578125,31903107
2025-01-10,129.92999267578125,130.38999938964844,126.69999694824219,127.43000030517578,34855510
2025-01-13,126.0,126.5,122.62000274658203,122.93000030517578,38968332
2025-01-14,122.94000244140625,127.63999938964844,122.94000244140625,126.93000030517578,36877365
2025-01-15,128.0,128.30999755859375,125.77999877929688,126.52999877929688,18773125
2025-01-16,128.0,128.47000122070312,126.55999755859375,127.80999755859375,22164393
2025-01-17,127.9000015258789,131.16000366210938,127.63999938964844,130.27999877929688,27421959
2025-01-20,130.99000549316406,132.10000610351562,128.91000366210938,131.66000366210938,20571916
2025-01-21,132.05999755859375,132.39999389648438,129.25,129.6999969482422,32238213
2025-01-22,130.25,130.35000610351562,127.12000274658203,128.9199981689453,27505569
2025-01-23,127.8499984741211,130.75,127.69999694824219,130.3699951171875,20722538
2025-01-24,130.5,133.1999969482422,129.30999755859375,129.74000549316406,37092106
2025-01-27,129.02000427246094,129.4499969482422,125.73999786376953,126.37000274658203,24650571
2025-01-28,126.37000274658203,130.49000549316406,124.73999786376953,128.6199951171875,40373804
2025-01-29,129.0,131.33999633789062,128.5500030517578,130.8000030517578,16674706
2025-01-30,130.8000030517578,132.14999389648438,130.10000610351562,131.1199951171875,25256096
2025-01-31,131.1199951171875,135.0,129.92999267578125,134.6199951171875,26689228
2025-02-01,135.0,135.5,130.25,132.97000122070312,21173846
2025-02-03,131.2899932861328,132.50999450683594,127.80999755859375,131.82000732421875,27765357
2025-02-04,132.8000030517578,134.33999633789062,131.8699951171875,133.4199981689453,25032519
2025-02-05,133.14999389648438,135.38999938964844,133.0800018310547,134.39999389648438,16958362
2025-02-06,134.5,134.8699951171875,132.02000427246094,132.5399932861328,22408168
2025-02-07,133.3000030517578,138.75,132.55999755859375,138.30999755859375,52950146
2025-02-10,138.10000610351562,138.10000610351562,133.0,134.0399932861328,26120805
2025-02-11,133.0,134.33999633789062,129.6999969482422,130.11000061035156,23635428
2025-02-12,129.35000610351562,133.2899932861328,128.30999755859375,132.27999877929688,37927696
2025-02-13,132.27999877929688,137.69000244140625,131.86000061035156,136.25,52036196
2025-02-14,136.25,139.25,133.3300018310547,134.47000122070312,41469242
2025-02-17,132.91000366210938,134.8000030517578,130.72999572753906,134.2899932861328,21189637
2025-02-18,134.2899932861328,134.89999389648438,131.75,134.5399932861328,23957576
2025-02-19,134.5,136.8800048828125,133.02999877929688,135.75999450683594,18447487
2025-02-20,135.27000427246094,138.36000061035156,135.0,138.0399932861328,24139808
2025-02-21,137.91000366210938,141.60000610351562,137.14999389648438,140.75999450683594,41987785
2025-02-24,138.80999755859375,140.66000366210938,136.66000366210938,137.64999389648438,25193205
2025-02-25,138.49000549316406,139.35000610351562,136.6999969482422,137.07000732421875,23575603
2025-02-27,137.2100067138672,138.99000549316406,135.8800048828125,138.69000244140625,30747044
2025-02-28,137.8000030517578,137.8000030517578,134.05999755859375,137.1999969482422,45540594
2025-03-03,137.0,139.0500030517578,134.30999755859375,138.57000732421875,31154401
2025-03-04,136.14999389648438,140.94000244140625,135.80999755859375,139.33999633789062,28634645
2025-03-05,139.0,146.49000549316406,139.0,146.10000610351562,62109377
2025-03-06,146.7899932861328,152.1999969482422,146.1999969482422,150.44000244140625,79121467
2025-03-07,149.74000549316406,152.4499969482422,149.27000427246094,151.55999755859375,81821791
2025-03-10,151.55999755859375,154.24000549316406,150.41000366210938,151.0500030517578,54450331
2025-03-11,148.10000610351562,151.6999969482422,148.0,150.75,35916900
2025-03-12,151.0,152.27999877929688,147.6999969482422,150.3000030517578,26377549
2025-03-13,152.0,153.55999755859375,150.02000427246094,150.8800048828125,48286431
2025-03-17,151.99000549316406,152.63999938964844,150.89999389648438,151.80999755859375,35879780
2025-03-18,151.80999755859375,151.80999755859375,151.80999755859375,151.80999755859375,0
2025-03-19,156.8000030517578,159.1999969482422,156.5,158.60000610351562,66161413
2025-03-20,160.0,160.10000610351562,156.64999389648438,159.0399932861328,39889517
2025-03-21,159.02999877929688,159.75,156.82000732421875,157.27999877929688,49184821
2025-03-24,158.0,159.0,157.11000061035156,158.4199981689453,30905773
2025-03-25,159.0,159.0,156.0500030517578,156.72999572753906,28467187
2025-03-26,156.1999969482422,157.5399932861328,155.00999450683594,155.80999755859375,23182869
2025-03-27,154.8000030517578,156.10000610351562,154.1999969482422,155.4199981689453,25909068
2025-03-28,155.3800048828125,156.91000366210938,153.3699951171875,154.24000549316406,24589315
2025-04-01,152.07000732421875,155.33999633789062,152.07000732421875,153.1199951171875,29142122
2025-04-02,154.0,156.25,152.27000427246094,154.69000244140625,24977582
2025-04-03,153.0,155.97000122070312,152.60000610351562,153.6199951171875,15117526
2025-04-04,152.6199951171875,152.99000549316406,140.0,140.38999938964844,80846143
2025-04-07,128.0,130.35000610351562,125.33000183105469,129.47999572753906,121806340
2025-04-08,134.88999938964844,136.1999969482422,128.02000427246094,130.27999877929688,68999181
2025-04-09,130.0,130.0,125.30000305175781,127.18000030517578,73399980
2025-04-11,134.6699981689453,134.6999969482422,130.49000549316406,133.4199981689453,73706472
2025-04-15,135.60000610351562,137.0,134.83999633789062,136.41000366210938,38967608
2025-04-16,136.41000366210938,137.60000610351562,134.6199951171875,136.97000122070312,42684087
2025-04-17,134.39999389648438,137.9600067138672,133.6999969482422,137.13999938964844,62282856
2025-04-21,137.64999389648438,140.3000030517578,137.0500030517578,139.17999267578125,26503486
2025-04-22,142.0,142.83999633789062,137.6999969482422,138.16000366210938,58429662
2025-04-23,139.38999938964844,141.5,137.32000732421875,141.16000366210938,37851304
2025-04-24,140.6999969482422,141.8800048828125,140.27999877929688,141.52000427246094,23061444
2025-04-25,142.0,143.4499969482422,138.02000427246094,138.85000610351562,37764696
2025-04-28,138.5399932861328,142.60000610351562,138.3800048828125,142.07000732421875,26971589
2025-04-29,142.07000732421875,143.3000030517578,140.9199981689453,141.5,25758449
2025-04-30,141.4499969482422,141.55999755859375,138.0,140.0800018310547,29205042
2025-05-02,140.0,143.10000610351562,139.4499969482422,141.39999389648438,29588258
2025-05-05,141.57000732421875,142.6999969482422,141.1999969482422,142.0800018310547,17213477
2025-05-06,142.0800018310547,145.39999389648438,141.5399932861328,144.44000244140625,42658262
2025-05-07,142.1999969482422,146.9499969482422,142.1999969482422,146.0,34674594
2025-05-08,146.0,146.66000366210938,142.85000610351562,143.6699981689453,29687927
2025-05-09,140.99000549316406,143.27000427246094,140.50999450683594,142.77999877929688,21875453
2025-05-12,145.61000061035156,151.9499969482422,144.5,151.6300048828125,47087413
2025-05-13,152.0,152.99000549316406,149.00999450683594,149.42999267578125,54389876
2025-05-14,151.0,157.14999389648438,151.0,155.30999755859375,60002060
2025-05-15,155.5,157.83999633789062,154.3000030517578,157.35000610351562,57066105
2025-05-16,157.35000610351562,158.14999389648438,157.0,157.5500030517578,22884754
2025-05-19,158.0,158.13999938964844,156.1300048828125,157.57000732421875,21839582
2025-05-20,158.35000610351562,162.10000610351562,158.0,158.69000244140625,58061639
2025-05-21,159.4499969482422,161.85000610351562,158.52999877929688,161.63999938964844,36044599
2025-05-22,160.97999572753906,163.60000610351562,160.36000061035156,161.2899932861328,60715453
2025-05-23,161.60000610351562,163.52999877929688,161.5,162.97000122070312,29483665
2025-05-26,163.10000610351562,165.5500030517578,162.0500030517578,162.50999450683594,25581584
2025-05-27,162.50999450683594,163.89999389648438,160.6199951171875,161.66000366210938,23296776
2025-05-28,162.39999389648438,162.69000244140625,160.64999389648438,161.24000549316406,13044476
2025-05-29,162.19000244140625,163.9499969482422,161.5,163.1199951171875,26455081
2025-05-30,163.11000061035156,163.88999938964844,160.50999450683594,161.02000427246094,32739340
2025-06-02,159.0,160.1199951171875,157.3000030517578,159.0399932861328,31365564
2025-06-03,159.0399932861328,160.64999389648438,157.1699981689453,157.35000610351562,28398746
2025-06-04,157.5,158.97999572753906,156.80999755859375,158.17999267578125,16660138
2025-06-05,158.86000061035156,159.08999633789062,157.0500030517578,157.97000122070312,23708504
2025-06-06,155.6999969482422,157.8800048828125,154.25,157.49000549316406,25804151
2025-06-09,157.69000244140625,158.1999969482422,156.82000732421875,157.32000732421875,15315437
2025-06-10,158.0,159.3000030517578,155.5,155.67999267578125,22764080
2025-06-11,156.4499969482422,157.52999877929688,155.30999755859375,156.41000366210938,17605668
2025-06-12,156.0,156.25999450683594,151.85000610351562,152.88999938964844,27846151
2025-06-13,149.8000030517578,152.5,149.8000030517578,152.1300048828125,24277592
2025-06-16,152.00999450683594,154.5,150.83999633789062,154.1699981689453,16188193
2025-06-17,153.80999755859375,154.88999938964844,152.35000610351562,152.60000610351562,16740382
2025-06-18,152.1999969482422,153.1999969482422,150.8000030517578,152.11000061035156,14860746
2025-06-19,152.0,152.4499969482422,150.5,151.0,20145922
2025-06-20,150.75,153.1699981689453,150.6300048828125,151.97000122070312,29944714
2025-06-23,150.5,153.3000030517578,150.47999572753906,152.42999267578125,17096676
2025-06-24,153.8000030517578,156.97000122070312,153.63999938964844,154.7899932861328,25403324
2025-06-25,155.89999389648438,156.89999389648438,155.50999450683594,156.38999938964844,18240433
2025-06-26,156.8699951171875,161.10000610351562,156.4499969482422,160.5399932861328,40650557
2025-06-27,161.0,163.3000030517578,160.6999969482422,161.4499969482422,31989509
2025-06-30,160.99000549316406,162.1999969482422,159.5,159.75999450683594,15842285
2025-07-01,160.00999450683594,160.44000244140625,157.72999572753906,160.05999755859375,17823415
2025-07-02,160.05999755859375,166.14999389648438,159.8300018310547,165.8800048828125,63315210
2025-07-03,166.0,168.77999877929688,165.2100067138672,165.91000366210938,60571824
2025-07-04,165.91000366210938,166.49000549316406,162.0,163.00999450683594,22938753
2025-07-07,163.0,163.35000610351562,160.0500030517578,162.39999389648438,17469909
2025-07-08,162.4499969482422,162.89999389648438,161.60000610351562,161.97000122070312,11398248
2025-07-09,161.9499969482422,161.9499969482422,157.50999450683594,159.0,29839077
2025-07-10,160.0,161.5500030517578,159.27999877929688,160.66000366210938,17566887
2025-07-11,160.63999938964844,161.6199951171875,159.32000732421875,159.83999633789062,20689511
2025-07-14,159.83999633789062,161.1199951171875,159.3000030517578,160.44000244140625,15152964
2025-07-15,160.25999450683594,160.85000610351562,157.9499969482422,159.0,17993051
2025-07-16,159.0,159.27000427246094,157.0,157.3300018310547,14591157
2025-07-17,157.5,160.6999969482422,157.1199951171875,159.89999389648438,21733241
2025-07-18,160.10000610351562,162.75,160.10000610351562,162.3699951171875,30728478
2025-07-21,162.5,165.60000610351562,162.49000549316406,163.02000427246094,29812899
2025-07-22,163.3000030517578,164.41000366210938,162.72999572753906,163.0399932861328,13615524
2025-07-23,163.25,164.13999938964844,161.8800048828125,162.77000427246094,14287149
2025-07-24,163.0,164.75,162.80999755859375,163.47999572753906,14377270
2025-07-25,163.5,163.58999633789062,161.0500030517578,161.42999267578125,12443495
2025-07-28,161.22999572753906,162.2899932861328,159.08999633789062,159.67999267578125,19296285
2025-07-29,158.1999969482422,162.4499969482422,158.1999969482422,161.69000244140625,15262937
2025-07-30,161.69000244140625,162.7899932861328,161.0500030517578,161.36000061035156,16083106
2025-07-31,161.0,162.1300048828125,156.55999755859375,157.94000244140625,26213891
2025-08-01,157.92999267578125,157.92999267578125,152.50999450683594,153.00999450683594,23927359
2025-08-04,153.5,159.9199981689453,153.5,159.55999755859375,30064719
2025-08-05,159.55999755859375,160.13999938964844,158.27999877929688,159.6199951171875,14441034
2025-08-06,159.6199951171875,159.8000030517578,157.8000030517578,158.66000366210938,13438851
2025-08-07,157.14999389648438,160.0,156.25999450683594,159.6699981689453,23159540
2025-08-08,159.5,159.9499969482422,157.00999450683594,157.9499969482422,11951173
2025-08-11,157.9499969482422,160.0,157.14999389648438,158.52000427246094,14325736
2025-08-12,158.52000427246094,161.64999389648438,158.5,160.16000366210938,20056598
2025-08-13,160.9600067138672,162.39999389648438,159.89999389648438,160.17999267578125,18079396
2025-08-14,160.02000427246094,160.60000610351562,154.8300018310547,155.3000030517578,47256126
2025-08-18,158.0,159.0,156.0,157.9600067138672,61022494
2025-08-19,158.5,159.4600067138672,156.75999450683594,159.22999572753906,21224239
2025-08-20,158.1999969482422,162.75999450683594,158.02999877929688,161.9199981689453,28520245
2025-08-21,161.9199981689453,162.5399932861328,161.19000244140625,161.50999450683594,17282594
2025-08-22,161.25,161.27999877929688,158.10000610351562,158.5500030517578,16063984
2025-08-25,159.1999969482422,160.3300018310547,158.63999938964844,159.6300048828125,16376542
2025-08-26,159.16000366210938,159.16000366210938,154.63999938964844,155.02999877929688,19621100
2025-08-28,155.77999877929688,155.8699951171875,153.16000366210938,153.6300048828125,22269875
2025-08-29,154.5,155.10000610351562,153.0500030517578,154.47999572753906,16971859
2025-09-01,154.47999572753906,156.36000061035156,153.6999969482422,156.1699981689453,10798622
2025-09-02,156.1699981689453,159.07000732421875,155.5,158.38999938964844,21202113
2025-09-03,158.39999389648438,168.0,158.39999389648438,167.85000610351562,82352014
2025-09-04,169.0,169.3000030517578,166.6199951171875,166.80999755859375,26316842
2025-09-05,167.0,168.0,165.94000244140625,167.67999267578125,16798170
2025-09-08,170.0,172.5,168.4600067138672,168.82000732421875,36402317
2025-09-09,169.3000030517578,169.72000122070312,167.99000549316406,169.14999389648438,14028910
2025-09-10,169.19000244140625,170.72999572753906,168.75,169.42999267578125,13128306
2025-09-11,169.35000610351562,170.89999389648438,168.4600067138672,169.41000366210938,13829526
2025-09-12,169.60000610351562,171.0,168.6300048828125,169.77999877929688,12119036
2025-09-15,169.77000427246094,170.1999969482422,168.6300048828125,169.22999572753906,10611401
2025-09-16,169.38999938964844,172.27000427246094,169.02000427246094,172.02000427246094,26629438
2025-09-17,172.5,172.89999389648438,169.35000610351562,171.36000061035156,21381306
2025-09-18,171.4600067138672,172.1999969482422,169.80999755859375,172.02999877929688,16413388
2025-09-19,172.10000610351562,172.6699981689453,170.60000610351562,171.47999572753906,25406461
2025-09-22,170.8000030517578,172.2100067138672,170.50999450683594,171.38999938964844,20970704
2025-09-23,171.4499969482422,173.80999755859375,171.1999969482422,173.2899932861328,24533561
2025-09-24,173.16000366210938,174.44000244140625,172.3800048828125,172.66000366210938,20168891
2025-09-25,172.89999389648438,173.85000610351562,171.86000061035156,172.3800048828125,17026549
2025-09-26,172.22000122070312,173.3699951171875,167.1999969482422,167.39999389648438,20157657
2025-09-29,167.60000610351562,170.27999877929688,167.55999755859375,168.97999572753906,16832342
2025-09-30,169.5,170.14999389648438,168.41000366210938,168.77000427246094,24553596
2025-10-01,169.0,169.74000549316406,166.1300048828125,167.50999450683594,17542776
2025-10-03,168.1199951171875,174.74000549316406,168.1199951171875,173.2100067138672,55172705
2025-10-06,173.3000030517578,173.47999572753906,169.3000030517578,170.05999755859375,21474004
2025-10-07,170.39999389648438,172.1999969482422,170.39999389648438,171.42999267578125,19189843
2025-10-08,172.0,173.6300048828125,170.05999755859375,171.94000244140625,22662699
2025-10-09,172.7899932861328,177.82000732421875,172.77999877929688,176.4199981689453,68504717
2025-10-10,176.0,176.13999938964844,172.89999389648438,173.86000061035156,18085975
2025-10-13,173.0,173.8000030517578,170.91000366210938,173.02999877929688,19386219
2025-10-14,174.91000366210938,176.4499969482422,169.25,170.50999450683594,22082970
2025-10-15,170.8300018310547,174.0,170.11000061035156,173.24000549316406,15031989
2025-10-16,173.0,174.49000549316406,172.22000122070312,174.0,12205250
2025-10-17,173.60000610351562,174.30999755859375,170.99000549316406,172.22000122070312,21659007
2025-10-20,173.3000030517578,173.3000030517578,170.82000732421875,171.9499969482422,18049579
2025-10-21,172.39999389648438,173.25,172.10000610351562,172.77999877929688,2471987
2025-10-23,173.89999389648438,176.0800018310547,173.63999938964844,174.16000366210938,31472510
2025-10-24,174.60000610351562,177.35000610351562,173.72000122070312,174.44000244140625,25226376
2025-10-27,175.88999938964844,177.89999389648438,175.52999877929688,176.66000366210938,23832477
2025-10-28,177.35000610351562,182.05999755859375,177.02000427246094,181.80999755859375,59511794
2025-10-29,183.6699981689453,186.94000244140625,182.0500030517578,185.19000244140625,51610530
2025-10-30,184.39999389648438,185.19000244140625,182.63999938964844,184.35000610351562,24270977
2025-10-31,184.0,184.3000030517578,182.1199951171875,182.83999633789062,16041321
2025-11-03,182.39999389648438,184.10000610351562,181.8000030517578,182.6699981689453,16652212
2025-11-04,183.0,183.08999633789062,178.89999389648438,179.2899932861328,18746387
2025-11-06,179.2899932861328,180.6699981689453,176.52000427246094,177.27000427246094,23664538
2025-11-07,177.0,182.25,175.00999450683594,181.3699951171875,19165876
2025-11-10,182.02999877929688,182.50999450683594,180.1999969482422,181.47999572753906,18376132
2025-11-11,182.89999389648438,182.89999389648438,179.02000427246094,181.0399932861328,14109340
2025-11-12,181.44000244140625,182.14999389648438,178.0,178.61000061035156,19037263
2025-11-13,184.0,184.0,175.10000610351562,176.64999389648438,82083661
2025-11-14,177.52000427246094,177.6999969482422,172.1199951171875,174.25999450683594,38345500
2025-11-17,175.1300048828125,175.25,172.6199951171875,173.1699981689453,28204282
2025-11-18,172.39999389648438,173.1199951171875,170.5500030517578,172.4499969482422,34278387
2025-11-19,172.4499969482422,173.89999389648438,172.05999755859375,173.2100067138672,19621610
2025-11-20,174.10000610351562,174.36000061035156,172.25999450683594,172.4600067138672,15968891
2025-11-21,171.8000030517578,171.89999389648438,167.6999969482422,168.0,28412865
2025-11-24,168.0,168.3800048828125,165.17999267578125,165.36000061035156,31202769
2025-11-25,166.0,167.27000427246094,165.0800018310547,166.3300018310547,19983310
2025-11-26,167.0,169.9499969482422,166.89999389648438,169.6699981689453,15044796
2025-11-27,170.4499969482422,171.0,167.17999267578125,168.1300048828125,17546627
2025-11-28,168.1300048828125,169.0,167.2899932861328,167.9600067138672,11975539
2025-12-01,169.0,169.64999389648438,167.6999969482422,168.6300048828125,11758473
2025-12-02,168.42999267578125,168.85000610351562,167.0,167.77999877929688,15355023
2025-12-03,167.77999877929688,167.99000549316406,165.0,166.9199981689453,18873943
2025-12-04,167.8000030517578,167.97000122070312,166.1999969482422,166.77000427246094,11419966
2025-12-05,167.0,167.64999389648438,165.0,167.11000061035156,33500436
2025-12-08,167.08999633789062,168.1999969482422,163.0,163.47000122070312,15772400
2025-12-09,163.38999938964844,163.38999938964844,160.05999755859375,160.6699981689453,25766371
2025-12-10,161.0,163.67999267578125,160.80999755859375,162.22999572753906,22537548
2025-12-11,163.5,166.66000366210938,163.1699981689453,166.3800048828125,32603566
2025-12-12,167.60000610351562,172.5,167.39999389648438,171.88999938964844,41130927
2025-12-15,170.9499969482422,173.1699981689453,170.5,172.8699951171875,23254201
2025-12-16,172.6999969482422,172.6999969482422,169.25,169.8300018310547,22981935
2025-12-17,170.08999633789062,171.3000030517578,169.66000366210938,170.33999633789062,11624504
2025-12-18,169.9199981689453,170.4499969482422,167.55999755859375,168.1199951171875,13152378
2025-12-19,169.14999389648438,169.6199951171875,167.8300018310547,168.69000244140625,28448892
2025-12-22,169.0399932861328,171.4600067138672,169.0,169.22000122070312,23729300
2025-12-23,169.35000610351562,171.35000610351562,169.25,170.89999389648438,17348078
2025-12-24,171.35000610351562,171.64999389648438,169.6699981689453,170.07000732421875,17430406
2025-12-26,169.88999938964844,169.89999389648438,167.82000732421875,169.1199951171875,16904834
2025-12-29,169.50999450683594,174.1300048828125,169.2899932861328,172.3000030517578,48001907
2025-12-30,172.77999877929688,176.35000610351562,170.8000030517578,175.8000030517578,33741158
2025-12-31,180.0,181.39999389648438,178.5,180.0800018310547,50897201
2026-01-01,180.60000610351562,182.1999969482422,180.1999969482422,181.88999938964844,21507757
2026-01-02,182.0,183.85000610351562,181.60000610351562,182.8800048828125,23006840
2026-01-05,182.8800048828125,186.88999938964844,182.8699951171875,185.72000122070312,30646009
2026-01-06,186.0,187.85000610351562,184.47000122070312,186.1999969482422,28514282
2026-01-07,186.1999969482422,186.64999389648438,182.89999389648438,183.8000030517578,18231588
2026-01-08,185.4499969482422,185.8699951171875,179.5500030517578,180.1199951171875,38454951
2026-01-09,179.0500030517578,181.5,177.3300018310547,178.39999389648438,25318701
2026-01-12,178.39999389648438,183.64999389648438,177.63999938964844,183.24000549316406,25782267
2026-01-13,183.5,184.38999938964844,181.10000610351562,182.57000732421875,19155081
2026-01-14,182.57000732421875,190.64999389648438,181.66000366210938,189.25,55907778
2026-01-15,189.25,189.25,189.25,189.25,0
2026-01-16,190.0500030517578,191.0,187.30999755859375,188.2100067138672,26028519
2026-01-19,187.10000610351562,189.44000244140625,186.8000030517578,188.27000427246094,19709364
2026-01-20,188.27000427246094,190.0,183.02999877929688,183.55999755859375,20094927
2026-01-21,183.55999755859375,185.7100067138672,180.8800048828125,184.41000366210938,35037961
2026-01-22,185.88999938964844,189.99000549316406,185.7899932861328,189.10000610351562,35681682
2026-01-23,190.5,192.39999389648438,187.27000427246094,187.61000061035156,28492706
2026-01-27,189.6699981689453,193.13999938964844,187.72000122070312,192.27999877929688,42314287
2026-01-28,193.49000549316406,195.1999969482422,192.10000610351562,193.85000610351562,33310718
2026-01-29,194.4499969482422,202.99000549316406,194.11000061035156,202.32000732421875,60610904
2026-01-30,198.5500030517578,199.0,190.6300048828125,193.1300048828125,52262849
2026-02-02,185.3800048828125,189.0,182.5500030517578,188.50999450683594,25601945
2026-02-03,193.5800018310547,199.0,191.50999450683594,192.92999267578125,28467895
2026-02-04,193.99000549316406,196.13999938964844,193.4499969482422,195.39999389648438,13859145
2026-02-05,193.0,198.41000366210938,191.52000427246094,197.75999450683594,31293689
2026-02-06,197.60000610351562,197.60000610351562,194.3699951171875,197.05999755859375,18446912
2026-02-09,202.0,206.33999633789062,197.5500030517578,202.0,68967709
2026-02-10,202.99000549316406,211.10000610351562,201.0800018310547,208.00999450683594,82443790
2026-02-11,209.39999389648438,210.25,205.3000030517578,207.58999633789062,40897457
2026-02-12,208.0,210.38999938964844,206.1999969482422,208.11000061035156,24109860
2026-02-13,206.58999633789062,206.85000610351562,202.55999755859375,203.17999267578125,25870923
2026-02-16,201.0,206.1199951171875,200.5500030517578,205.80999755859375,17932490
2026-02-17,205.5,205.8000030517578,201.66000366210938,203.0800018310547,18506676
2026-02-18,203.5500030517578,209.6999969482422,203.5500030517578,209.02999877929688,48357001
2026-02-19,211.0,211.38999938964844,204.25,205.41000366210938,27749813
2026-02-20,206.41000366210938,209.3000030517578,204.72999572753906,208.36000061035156,26605844
2026-02-23,210.0,210.10000610351562,205.5,208.13999938964844,23377191
2026-02-24,207.2100067138672,209.5399932861328,206.75,209.1300048828125,23413086
2026-02-25,210.10000610351562,216.4499969482422,209.39999389648438,214.63999938964844,48873839
2026-02-26,215.9499969482422,215.9499969482422,213.00999450683594,215.52000427246094,25522669
2026-02-27,215.5,215.89999389648438,211.66000366210938,212.3300018310547,25598534
2026-03-02,205.0,214.33999633789062,204.5,211.00999450683594,30523310
2026-03-04,207.0,207.0,194.42999267578125,196.72999572753906,72096617
2026-03-05,198.5,203.0399932861328,197.6300048828125,200.57000732421875,41033397
2026-03-06,199.5,202.1999969482422,197.10000610351562,198.4600067138672,28551376
2026-03-09,193.4499969482422,193.6999969482422,187.02999877929688,191.00999450683594,43019965
2026-03-10,194.00999450683594,196.63999938964844,192.0,195.0,25783308
2026-03-11,197.13999938964844,198.8800048828125,194.0,194.74000549316406,34207226
2026-03-12,193.99000549316406,194.66000366210938,190.10000610351562,193.47000122070312,24413736
2026-03-13,191.9499969482422,192.5,182.25999450683594,183.50999450683594,42683952
2026-03-16,183.0,187.64999389648438,181.25,186.94000244140625,44789516
2026-03-17,187.8000030517578,196.30999755859375,186.85000610351562,195.42999267578125,45672442
2026-03-18,196.39999389648438,196.42999267578125,193.1699981689453,195.41000366210938,26353743
2026-03-19,190.8000030517578,194.22000122070312,189.3699951171875,190.50999450683594,24146344
2026-03-20,193.39999389648438,199.44000244140625,193.33999633789062,196.77000427246094,46881257
2026-03-23,193.0,193.9499969482422,186.50999450683594,187.1699981689453,44393392
2026-03-24,192.0,192.19000244140625,187.77999877929688,190.7899932861328,34321983
2026-03-25,193.02999877929688,197.14999389648438,192.32000732421875,196.64999389648438,34767360
2026-03-27,194.32000732421875,195.5,192.63999938964844,193.22000122070312,36938046
2026-03-30,192.0,194.4199981689453,188.3000030517578,191.86000061035156,45914996
2026-04-01,200.0,200.1999969482422,194.0,194.60000610351562,35813622
2026-04-02,192.91000366210938,194.85000610351562,187.9499969482422,194.13999938964844,27633959
2026-04-06,193.02000427246094,196.64999389648438,190.25,196.10000610351562,28115748
2026-04-07,195.60000610351562,198.4199981689453,193.27999877929688,198.1300048828125,32090982
2026-04-08,202.00999450683594,206.39999389648438,202.0,204.17999267578125,37018381
2026-04-09,204.50999450683594,208.19000244140625,204.05999755859375,205.1999969482422,36853400
2026-04-10,207.97999572753906,209.0,204.8000030517578,206.61000061035156,28385501
2026-04-13,203.6999969482422,207.0,201.5,206.38999938964844,25848544
2026-04-15,209.0,211.14999389648438,207.60000610351562,208.72000122070312,30858355
2026-04-16,209.75,212.9199981689453,209.00999450683594,210.69000244140625,26751249
2026-04-17,210.69000244140625,212.4600067138672,208.5,212.1199951171875,22837792
2026-04-20,212.0,213.39999389648438,209.8000030517578,211.72000122070312,24992602
2026-04-21,211.72000122070312,214.49000549316406,211.0800018310547,212.00999450683594,17427021
2026-04-22,211.0,213.77999877929688,210.50999450683594,213.02999877929688,20795714
2026-04-23,213.0399932861328,213.10000610351562,210.16000366210938,210.91000366210938,19304122
2026-04-24,211.0,212.0,208.60000610351562,210.07000732421875,22379072
2026-04-27,211.0,215.0,210.92999267578125,213.27000427246094,33068230
2026-04-28,213.1999969482422,218.24000549316406,212.1999969482422,215.0500030517578,34950491
2026-04-29,216.10000610351562,217.0,211.36000061035156,215.8800048828125,32800573
2026-04-30,215.77999877929688,215.77999877929688,210.0,211.36000061035156,24894783
2026-05-01,211.36000061035156,211.36000061035156,211.36000061035156,211.36000061035156,0
2026-05-04,212.5500030517578,214.5,211.39999389648438,212.24000549316406,23140911
2026-05-05,212.1999969482422,212.33999633789062,209.4499969482422,211.32000732421875,20733709
2026-05-06,214.0,216.72999572753906,212.4199981689453,215.47000122070312,24082651
2026-05-07,216.6999969482422,219.1999969482422,215.75,217.08999633789062,21243369
2026-05-08,217.0,217.39999389648438,214.25,214.49000549316406,17760366
2026-05-11,213.5,215.0,211.52000427246094,212.0800018310547,16301350
2026-05-12,212.0,216.3300018310547,211.5,212.0,28371348
2026-05-13,213.24000549316406,220.91000366210938,213.07000732421875,219.6199951171875,46231533
2026-05-14,222.3000030517578,222.89999389648438,219.02000427246094,221.1300048828125,34985006
2026-05-15,223.0,224.39999389648438,216.0,216.83999633789062,33231023
2026-05-18,211.0,211.82000732421875,205.0500030517578,209.7100067138672,73796001
2026-05-19,210.58999633789062,212.3300018310547,208.89999389648438,209.2899932861328,32573663
2026-05-20,207.5,207.5,203.0399932861328,207.00999450683594,56670462
2026-05-21,209.75,210.07000732421875,207.66000366210938,208.5800018310547,24385712
2026-05-22,209.60000610351562,210.8800048828125,208.25999450683594,209.19000244140625,22023114
2026-05-25,211.3000030517578,211.75,209.44000244140625,210.22000122070312,23090495
2026-05-26,209.89999389648438,211.13999938964844,209.50999450683594,210.47000122070312,17801824
2026-05-27,210.6999969482422,218.9600067138672,210.6999969482422,214.6999969482422,39110042
2026-05-28,214.6999969482422,214.6999969482422,214.6999969482422,214.6999969482422,0
2026-05-29,215.69000244140625,215.6999969482422,206.6999969482422,208.02000427246094,67467374
2026-06-01,210.0,211.39999389648438,206.5,210.57000732421875,23733470
2026-06-02,209.00999450683594,213.4600067138672,208.57000732421875,210.60000610351562,29358964
2026-06-03,210.7100067138672,212.49000549316406,207.60000610351562,211.88999938964844,23198930
2026-06-04,210.4199981689453,212.24000549316406,209.30999755859375,210.57000732421875,18939468
2026-06-05,209.39999389648438,210.5,203.89999389648438,206.77000427246094,35802398
2026-06-08,203.44000244140625,205.2100067138672,201.60000610351562,202.72000122070312,31036948
2026-06-09,203.0,204.0,200.33999633789062,203.17999267578125,42111455
2026-06-10,203.0,203.39999389648438,198.0,199.30999755859375,34008938
2026-06-11,197.44000244140625,199.35000610351562,196.0500030517578,197.9600067138672,38292223
2026-06-12,200.0,200.82000732421875,195.8000030517578,197.86000061035156,27622963
2026-06-15,199.9600067138672,200.9499969482422,196.82000732421875,197.27999877929688,27071539
2026-06-16,197.50999450683594,197.60000610351562,193.30999755859375,196.0,29255187
2026-06-17,196.7899932861328,199.5,195.60000610351562,199.00999450683594,22491220
2026-06-18,199.00999450683594,200.6999969482422,198.14999389648438,200.52000427246094,22111931
2026-06-19,199.25,199.36000061035156,196.5,198.9600067138672,31571461
2026-06-22,199.3000030517578,200.66000366210938,198.6999969482422,198.97000122070312,19238506
2026-06-23,197.75,197.97999572753906,192.72999572753906,193.55999755859375,34634510
2026-06-24,192.8000030517578,193.3800048828125,189.58999633789062,190.16000366210938,51305789
2026-06-25,190.0,190.86000061035156,187.61000061035156,188.7100067138672,34151735
2026-06-26,188.7100067138672,188.7100067138672,188.7100067138672,188.7100067138672,0
2026-06-29,188.72999572753906,191.27000427246094,188.60000610351562,189.57000732421875,62549132
2026-06-30,189.5,190.39999389648438,187.0500030517578,188.05999755859375,33686235
2026-07-01,188.5,188.7100067138672,184.6999969482422,185.1699981689453,20614036
2026-07-02,186.0,188.60000610351562,185.13999938964844,187.6699981689453,29139217
2026-07-03,190.60000610351562,192.97999572753906,189.11000061035156,189.8000030517578,28474469
2026-07-06,190.38999938964844,191.4499969482422,189.19000244140625,190.8699951171875,14466645
2026-07-07,191.0,191.3000030517578,189.0,189.7899932861328,22805982
2026-07-08,187.66000366210938,189.7899932861328,186.52000427246094,188.1999969482422,17816943
2026-07-09,189.5,189.8699951171875,186.6199951171875,187.91000366210938,21203724
2026-07-10,189.67999267578125,193.3000030517578,188.74000549316406,191.19000244140625,23145573
2026-07-13,189.0,189.27000427246094,185.39999389648438,187.11000061035156,47597415
2026-07-14,186.6999969482422,190.35000610351562,186.6999969482422,188.27000427246094,24096425
2026-07-15,188.74000549316406,189.3300018310547,184.80999755859375,185.25999450683594,24924570
2026-07-16,186.5,186.75,184.91000366210938,185.49000549316406,13166990
2026-07-17,185.1999969482422,186.58999633789062,183.41000366210938,185.88999938964844,20132684
2026-07-20,186.67999267578125,187.19000244140625,185.75999450683594,186.41000366210938,11188887
2026-07-21,186.75,188.10000610351562,184.6999969482422,187.24000549316406,21618426
2026-07-22,187.99000549316406,187.99000549316406,184.91000366210938,186.52999877929688,16643117
2026-07-23,186.0,186.0,183.5,184.22999572753906,20581098
2026-07-24,183.41000366210938,183.52000427246094,181.1999969482422,182.6699981689453,16117953
2026-07-27,183.60000610351562,184.88999938964844,183.3300018310547,184.25,11857396
2026-07-28,184.30999755859375,185.13999938964844,182.00999450683594,182.6300048828125,19135253
2026-07-29,183.5,188.6699981689453,183.0399932861328,187.27000427246094,24872418
2026-07-30,188.00999450683594,188.99000549316406,186.10000610351562,186.9199981689453,13769746
2026-07-31,188.25,191.83999633789062,186.30999755859375,189.69000244140625,34249584
2026-08-03,192.94000244140625,193.5,188.49000549316406,191.0,27563681
2026-08-04,190.6999969482422,192.60000610351562,189.0,190.9499969482422,22165429
2026-08-05,192.25,192.99000549316406,189.83999633789062,192.99000549316406,22780522
2026-08-06,193.4499969482422,193.64999389648438,188.99000549316406,189.3000030517578,18802510
2026-08-07,189.41000366210938,189.69000244140625,186.75,187.5500030517578,9924021
